fold_donor,state,gene,fold_change
OA1,EC,CCDC160,58.2143689358198
OA1,EC,ANKRD1,29.7710205275235
OA1,EC,SPINK1,24.1202531668978
OA1,EC,KRT16P3,18.1689198806065
OA1,EC,C4orf26,9.89046172305424
OA1,EC,FAM170B,8.50192186546933
OA1,EC,TMEM156,7.73533575061614
OA1,EC,CLDN4,7.64610933836182
OA1,EC,SUV39H1,7.49245460626738
OA1,EC,BLM,7.2525015101933
OA1,EC,KRT16P1,6.91643974786972
OA1,EC,ODF3L1,6.63410021550725
OA1,EC,ALOX12P2,6.59567792195051
OA1,EC,MTBP,6.39683290614455
OA1,EC,DSC2,6.3881783562986
OA1,EC,LAMC2,6.348598027559
OA1,EC,TNFAIP8L3,6.08232898298631
OA1,EC,ADPRHL1,5.44265744591676
OA1,EC,CDC42EP2,5.43965360283522
OA1,EC,CCL7,5.3785829058202
OA1,EC,SPOCK3,5.34820975854391
OA1,EC,FRY-AS1,5.29833774280482
OA1,EC,RSPO3,5.20672708839147
OA1,EC,UBE2V1,5.03658747111539
OA1,EC,SPINK2,4.90678371224488
OA1,EC,RARA-AS1,4.62408991789962
OA1,EC,LINC01384,4.43109654466568
OA1,EC,FST,4.39103457435281
OA1,EC,NUP62CL,4.37670808072314
OA1,EC,FGD6,4.24226351714781
OA1,EC,WDR63,4.15714631471309
OA1,EC,FABP3,4.11810277820374
OA1,EC,BCYRN1,4.10377755389465
OA1,EC,ZNF563,4.03766128530568
OA1,EC,FOXA2,3.99807170060919
OA1,EC,ZBED9,3.99336438252483
OA1,EC,SLC14A2,3.98816386524514
OA1,EC,C5orf49,3.96579118714405
OA1,EC,PINX1,3.87530831151967
OA1,EC,ULBP1,3.85092965806268
OA1,EC,TMEM132C,3.79841376697811
OA1,EC,CHRDL2,3.77127762414212
OA1,EC,RCAN3,3.69525782157656
OA1,EC,TMPRSS4,3.68956281011222
OA1,EC,ZNF527,3.64658293353681
OA1,EC,CFAP58-AS1,3.60062427436404
OA1,EC,KIAA1211,3.45828413002794
OA1,EC,SERPINA6,3.4523942025508
OA1,EC,GBP1,3.45143487360148
OA1,EC,STARD13-AS,3.42298699462895
OA1,EC,P2RY2,3.40585545323424
OA1,EC,MB21D2,3.37929727869864
OA1,EC,FOXA3,3.3461863884241
OA1,EC,TRIB3,3.34135153617245
OA1,EC,NKILA,3.32709397635812
OA1,EC,CISH,3.32351811089894
OA1,EC,CAMTA2,3.29551686447364
OA1,EC,ITPKC,3.28416483096329
OA1,EC,RIBC1,3.27316776282231
OA1,EC,GIPR,3.26769614721209
OA1,EC,VIM-AS1,3.25951452870411
OA1,EC,ARC,3.25913857377245
OA1,EC,ITGA2,3.25881266260621
OA1,EC,GAS6-AS1,3.24866281608394
OA1,EC,FERMT1,3.24739613071263
OA1,EC,OXT,3.20927596528426
OA1,EC,WNT3,3.20886514358676
OA1,EC,C11orf91,3.2024767496689
OA1,EC,FADD,3.19160329276029
OA1,EC,AGR2,3.15758327284324
OA1,EC,DIRAS3,3.13850756522798
OA1,EC,TCEAL5,3.10383247207293
OA1,EC,TPM4,3.08106147706234
OA1,EC,CSDC2,3.05907096500565
OA1,EC,LINC00884,3.04804088133368
OA1,EC,NXPE4,3.03514678772499
OA1,EC,RELT,3.03062123048272
OA1,EC,GAL,3.03024734134421
OA1,EC,NDRG4,3.03023836405064
OA1,EC,FAM110C,3.01892674519692
OA1,EC,DNAJC22,3.01857792395715
OA1,EC,FICD,3.0085056703214
OA1,EC,FLJ41200,3.00335993655285
OA1,EC,LOC101928841,2.96592360476572
OA1,EC,MALL,2.94910554792194
OA1,EC,SFTPD,2.93642217419368
OA1,EC,CPAMD8,2.93561160330623
OA1,EC,KIAA0226L,2.92670164073327
OA1,EC,MLLT11,2.88189368025633
OA1,EC,CFAP126,2.88081498091643
OA1,EC,FRZB,2.87850503043418
OA1,EC,SDHA,2.87668601970384
OA1,EC,DHX57,2.85632272461541
OA1,EC,GZF1,2.85380222525012
OA1,EC,IPO5P1,2.85209494741205
OA1,EC,AGPAT9,2.84444613718519
OA1,EC,ZNF365,2.83733443045742
OA1,EC,ZNF670,2.83558154088969
OA1,EC,RHOD,2.83100324258156
OA1,EC,PEG3,2.82846407059724
OA1,FC,GIMAP4,206594.924186786
OA1,FC,ROBO4,181400.531303469
OA1,FC,LINC01197,115236.181157483
OA1,FC,TEK,90316.5181600346
OA1,FC,EBF2,84212.4341180862
OA1,FC,NR2F2-AS1,79126.0259597946
OA1,FC,CRYBB1,67924.389911175
OA1,FC,CRIP3,66264.0643655312
OA1,FC,ADAD2,61312.1387011235
OA1,FC,ARHGEF15,58369.2570071093
OA1,FC,HOXB8,58369.2570071093
OA1,FC,LOC284661,52258.1504439939
OA1,FC,LOC401463,50605.7549352287
OA1,FC,FHL5,19148.5843568706
OA1,FC,ACKR1,12237.7930351433
OA1,FC,EGFL6,11800.2654468412
OA1,FC,GIMAP7,3921.6903481345
OA1,FC,CD34,3540.14061560577
OA1,FC,GIMAP6,3114.22969383345
OA1,FC,FCN3,2636.76753232487
OA1,FC,PODN,2565.50540984762
OA1,FC,BMX,2404.04254310825
OA1,FC,LRRC10B,1677.42406262388
OA1,FC,LOC389033,1450.60223187198
OA1,FC,SOX18,1088.64170715223
OA1,FC,NES,1015.60426194258
OA1,FC,ACE,1001.74208206983
OA1,FC,EDN1,967.185839714472
OA1,FC,OAS3,952.381626898198
OA1,FC,SELE,901.321477096426
OA1,FC,CLEC1A,805.939515034839
OA1,FC,CRYGN,778.894521885053
OA1,FC,LHX6,533.61403018224
OA1,FC,SHANK3,486.417766586573
OA1,FC,PECAM1,476.079828612351
OA1,FC,MFAP5,418.446215609407
OA1,FC,PGM5,414.454397806301
OA1,FC,PEAR1,380.476461024046
OA1,FC,LGALS2,373.713265071853
OA1,FC,OR7E2P,348.222419875453
OA1,FC,SFRP2,345.809137599837
OA1,FC,CCL23,328.848385915713
OA1,FC,GIMAP8,317.646684188676
OA1,FC,LRRC4C,294.337434088125
OA1,FC,AIF1L,291.904503306507
OA1,FC,ADGRF5,290.749609772361
OA1,FC,CLEC14A,285.491756822464
OA1,FC,GGT5,267.766817557993
OA1,FC,CASP5,263.356491900222
OA1,FC,ADRA1D,249.103243261273
OA1,FC,LGALS3BP,247.268188714864
OA1,FC,LDB2,244.056980768867
OA1,FC,IFI44L,229.025179174414
OA1,FC,CPXM1,223.381785881115
OA1,FC,CYYR1,215.974743390736
OA1,FC,WISP2,212.498474789158
OA1,FC,OAS1,209.582640807121
OA1,FC,LINC00310,207.222238652831
OA1,FC,CXCL12,205.094809738887
OA1,FC,EPHX3,201.066102100746
OA1,FC,C1orf233,200.917076465108
OA1,FC,SFTA1P,185.633971416659
OA1,FC,RTN4RL2,181.676113969403
OA1,FC,MCF2L,181.408201905893
OA1,FC,CLDN11,180.342476548014
OA1,FC,CPB1,170.68661839358
OA1,FC,COL22A1,169.868071867693
OA1,FC,NEURL1B,163.279863734752
OA1,FC,CLDN5,162.516109331862
OA1,FC,KCNMB1,161.572628898162
OA1,FC,PRSS36,158.09641426913
OA1,FC,MEOX1,152.840056636302
OA1,FC,SECTM1,151.588374982008
OA1,FC,CFD,148.266419221962
OA1,FC,COL5A3,147.025091777892
OA1,FC,LIMS2,145.74298387042
OA1,FC,CXorf36,143.176854188825
OA1,FC,IFITM5,140.491770783226
OA1,FC,LOC643733,140.195234192936
OA1,FC,AFAP1L1,136.940097764694
OA1,FC,CHN1,134.849739218415
OA1,FC,SPARCL1,129.066330663747
OA1,FC,SLIT3,127.707582366956
OA1,FC,NELL1,127.60342580724
OA1,FC,JCHAIN,126.177723294976
OA1,FC,COL14A1,124.271841588707
OA1,FC,ADAMTS9-AS1,122.733708126377
OA1,FC,TMEM92,119.822609692271
OA1,FC,SCARA5,114.480137480787
OA1,FC,SFRP1,113.109103988253
OA1,FC,APLNR,111.091710459537
OA1,FC,GUCY1A2,110.327230436406
OA1,FC,IL23R,109.970417329706
OA1,FC,CDCA3,108.855023731828
OA1,FC,LINC01142,108.055417828792
OA1,FC,AVPR1A,107.755291583757
OA1,FC,NPNT,107.304351065872
OA1,FC,ANKRD22,105.898651681212
OA1,FC,LINC00900,104.269159396993
OA1,FC,SERPINF1,104.236791892353
OA1,HTC,OR10G2,51544.1217686428
OA1,HTC,UMODL1-AS1,4056.69227740238
OA1,HTC,GPR33,633.134675059078
OA1,HTC,UCMA,232.701368483143
OA1,HTC,PLA2G10,145.278773399902
OA1,HTC,ROPN1,141.519985568375
OA1,HTC,HIST1H2AH,132.865975381794
OA1,HTC,HIST1H2BE,120.701264931633
OA1,HTC,ORM1,110.59487163268
OA1,HTC,LOC646471,99.7783767912571
OA1,HTC,FBXO15,92.2738439931543
OA1,HTC,DRAXIN,74.2378742796266
OA1,HTC,RAPGEF4-AS1,65.9001341720327
OA1,HTC,HSPA7,61.8267059264426
OA1,HTC,MATN4,59.69722564441
OA1,HTC,COL10A1,48.9589018264725
OA1,HTC,HES7,46.4951824653028
OA1,HTC,LOC648987,46.2571211923377
OA1,HTC,CAPN6,34.3132387150794
OA1,HTC,LYPLAL1-AS1,31.9638911178598
OA1,HTC,MEPE,29.0248312653525
OA1,HTC,PRKG2,28.9349501482899
OA1,HTC,SERPINI2,28.4306984528
OA1,HTC,SHF,27.691090694279
OA1,HTC,LOC100996349,26.5748153244559
OA1,HTC,SNORA80E,26.3968944801801
OA1,HTC,HIST1H4B,25.5111283207915
OA1,HTC,EHMT1-IT1,25.2301188380371
OA1,HTC,TMCC1-AS1,23.3979278203824
OA1,HTC,CA12,22.6922298897822
OA1,HTC,PENK,21.1282441580253
OA1,HTC,TSPAN8,21.0956882808241
OA1,HTC,RNVU1-19,20.0766031605953
OA1,HTC,PPP1R3G,19.5101785327388
OA1,HTC,SMPX,18.8765893708322
OA1,HTC,LPIN3,18.6604291480593
OA1,HTC,LOC101928441,17.7474831915167
OA1,HTC,DNASE1,17.2870552001629
OA1,HTC,MYOZ3,17.2856914875829
OA1,HTC,MMP13,17.0230807697782
OA1,HTC,LINC01599,15.0374679987413
OA1,HTC,LINC00261,14.0898754324346
OA1,HTC,RNU6ATAC,13.9984030785253
OA1,HTC,LOC100506551,13.9297683222577
OA1,HTC,WNK4,13.4533802474894
OA1,HTC,SNX22,13.2359968566779
OA1,HTC,JPH1,13.090599920027
OA1,HTC,VTRNA1-3,12.7030082291058
OA1,HTC,HSPA6,12.6079274110502
OA1,HTC,SLC38A4,12.3452732935975
OA1,HTC,NAALAD2,12.2795080605484
OA1,HTC,ZNF385C,12.0879202329378
OA1,HTC,ZBTB20-AS4,11.860301204661
OA1,HTC,VTRNA1-1,11.699999476728
OA1,HTC,CEP72,11.0469042997749
OA1,HTC,ITGA9-AS1,10.9876017393615
OA1,HTC,EVI5L,10.9623987157685
OA1,HTC,RMRP,10.9045933840854
OA1,HTC,KLF15,10.6693202261768
OA1,HTC,LOC389705,10.6089189237922
OA1,HTC,ALPL,10.6024220010776
OA1,HTC,LOC643770,10.5533172416852
OA1,HTC,BHLHE41,10.3942484406709
OA1,HTC,IL17B,9.89386811930878
OA1,HTC,FLJ36777,9.77369859717313
OA1,HTC,PRSS50,9.69902694945415
OA1,HTC,FGF14-IT1,9.58181871641571
OA1,HTC,MBLAC2,9.37703863080849
OA1,HTC,COL9A1,9.35947784993388
OA1,HTC,NRG2,9.20070653804845
OA1,HTC,RNU6-2,9.17930205495373
OA1,HTC,WNT1,9.14613883109136
OA1,HTC,LOC100507053,9.05578159112955
OA1,HTC,IHH,8.9829518551575
OA1,HTC,RELN,8.93058395426639
OA1,HTC,TRMT61B,8.76970681609578
OA1,HTC,SLC28A2,8.72472216803214
OA1,HTC,RANBP3L,8.7115548469362
OA1,HTC,LINC00847,8.69887064691251
OA1,HTC,DLX6-AS1,8.66669994391537
OA1,HTC,PANX3,8.59884807441537
OA1,HTC,ACVRL1,8.53149327422365
OA1,HTC,COX6A2,8.52701657492694
OA1,HTC,GPD1,8.45230485739094
OA1,HTC,TNFSF11,8.32165009666344
OA1,HTC,DPH3P1,8.18756487711959
OA1,HTC,RPSAP52,8.17797101917539
OA1,HTC,SCUBE3,8.13128350310674
OA1,HTC,PTK6,8.11465721764858
OA1,HTC,VEGFC,8.05394364081109
OA1,HTC,PARD6B,8.039392270535
OA1,HTC,ANGEL1,8.01094866519027
OA1,HTC,ZNF883,7.97340837847422
OA1,HTC,KLF3-AS1,7.95339714720027
OA1,HTC,DPY19L2,7.93158573124851
OA1,HTC,SMIM5,7.89949605261199
OA1,HTC,CAMKK1,7.89689154633875
OA1,HTC,TUBA8,7.87659426949927
OA1,HTC,PRMT5-AS1,7.86807840315345
OA1,HTC,LINC00324,7.73618200749505
OA1,HomC,CCL18,1893.79268328983
OA1,HomC,LCK,312.349831748997
OA1,HomC,RDH10-AS1,278.406451959178
OA1,HomC,DMP1,127.960941760816
OA1,HomC,GPR26,121.230824637884
OA1,HomC,BNC1,120.205668077264
OA1,HomC,SLA2,72.5761672883318
OA1,HomC,BACH1-IT2,58.5447143883896
OA1,HomC,ZNF547,29.2969803714626
OA1,HomC,CATIP,26.5773721485948
OA1,HomC,AURKA,24.0604817031129
OA1,HomC,LINC01132,23.61855214077
OA1,HomC,HIST2H2BF,21.2979622387834
OA1,HomC,TRIM69,19.6966028440792
OA1,HomC,LACE1,18.6799992527273
OA1,HomC,GDF15,18.3292974323417
OA1,HomC,SAXO1,17.8667796726964
OA1,HomC,PLEKHG2,15.6988526187303
OA1,HomC,LOC101927391,15.4112781865132
OA1,HomC,ADM5,15.0527653161157
OA1,HomC,ZFP30,14.7878371563775
OA1,HomC,GAST,14.5102712730787
OA1,HomC,SP6,14.4887873663092
OA1,HomC,ATP8A1,14.1624268426389
OA1,HomC,JUN,12.5119750214668
OA1,HomC,CCNE1,12.0743692558758
OA1,HomC,KLF2,11.2449790226487
OA1,HomC,HOXC6,11.1242895291405
OA1,HomC,DNAJC28,11.0347607751535
OA1,HomC,RASD1,10.5867579745573
OA1,HomC,LINC01137,10.2049119846915
OA1,HomC,C5orf45,10.0362181930969
OA1,HomC,FBXO48,9.99526544576645
OA1,HomC,SNHG12,9.91498887176286
OA1,HomC,OR7E47P,9.9032055844851
OA1,HomC,LOC653712,9.85873796258479
OA1,HomC,PDCL3P4,9.74972588595016
OA1,HomC,KIF4A,9.71702221170202
OA1,HomC,ATXN7L1,9.63858508472021
OA1,HomC,ELOVL3,9.44450225892604
OA1,HomC,LOC643072,9.39128056409656
OA1,HomC,CCDC173,9.26876008271242
OA1,HomC,FOS,9.23919183614449
OA1,HomC,RPL13P5,9.20449776954645
OA1,HomC,SMCR5,8.91187532667373
OA1,HomC,LINC00672,8.87052718524183
OA1,HomC,KCNJ14,8.8472912242542
OA1,HomC,AKAP5,8.67250565968363
OA1,HomC,CDC20,8.5668898908208
OA1,HomC,LOC100287846,8.53645998840837
OA1,HomC,GATA2,8.44606213848662
OA1,HomC,LOC102723704,8.23867050717
OA1,HomC,STIL,8.20859323426782
OA1,HomC,TMEM164,8.20662292009876
OA1,HomC,ANKRD30B,8.11064282405602
OA1,HomC,HHEX,8.05390375939818
OA1,HomC,CATSPERG,8.00101386928097
OA1,HomC,HIST2H2BA,7.99862916684315
OA1,HomC,MYLIP,7.97914726411099
OA1,HomC,PAQR8,7.94852776693267
OA1,HomC,EFNA2,7.80281465109999
OA1,HomC,NUP210L,7.77359329134551
OA1,HomC,S100A14,7.72432353889631
OA1,HomC,RGS16,7.69241908402
OA1,HomC,GOLGA6C,7.65310482189445
OA1,HomC,EGR1,7.58157485104067
OA1,HomC,DDX26B,7.57170319380759
OA1,HomC,NR4A1,7.55918319605046
OA1,HomC,FOSB,7.50067321466931
OA1,HomC,GRAMD2,7.40779535464707
OA1,HomC,ANKRD31,7.32382606314266
OA1,HomC,STAB2,7.30196621249639
OA1,HomC,LOC105747689,7.29188407867909
OA1,HomC,OVGP1,7.16905629208771
OA1,HomC,DDX43,7.14472026739851
OA1,HomC,LCP2,7.14306396394785
OA1,HomC,C12orf79,7.13913041832018
OA1,HomC,FAM46C,7.12170974039602
OA1,HomC,PARD6G-AS1,7.11647404576783
OA1,HomC,HILPDA,7.06963625802668
OA1,HomC,SNAI1,7.04492597669158
OA1,HomC,TNF,7.01980296499486
OA1,HomC,POU2F2,6.99845834644696
OA1,HomC,RHEBL1,6.97707080021285
OA1,HomC,PTPRN,6.96541085775536
OA1,HomC,LOC101928402,6.87370615861449
OA1,HomC,RPPH1,6.87136946206606
OA1,HomC,LOC100128288,6.7947123204307
OA1,HomC,GRIN2A,6.7646721876605
OA1,HomC,PHF24,6.66545598767998
OA1,HomC,RRAD,6.65801582044643
OA1,HomC,RSRP1,6.6443647791453
OA1,HomC,ATF3,6.6373650606816
OA1,HomC,PPP1R10,6.62776582506249
OA1,HomC,MST1,6.54835360604165
OA1,HomC,KIR3DX1,6.47167564952953
OA1,HomC,PRX,6.43794345046462
OA1,HomC,PTOV1-AS1,6.37574896926608
OA1,HomC,NEURL1,6.34420906842863
OA1,HomC,ZNF510,6.32094963384492
OA1,ProC,MMP1,12.1399462859614
OA1,ProC,LRRC38,9.82347009216481
OA1,ProC,S100A2,9.76129365309935
OA1,ProC,WNT16,9.10182725669037
OA1,ProC,KRTAP2-3,8.96243669527628
OA1,ProC,GCSAM,8.51201647163053
OA1,ProC,TAC1,8.29237140672617
OA1,ProC,HAO1,7.5252573391028
OA1,ProC,TMEM132C,7.40511169730157
OA1,ProC,ASB5,6.44336764268021
OA1,ProC,SLC22A23,6.30822855096176
OA1,ProC,SLC9C1,6.21904259107427
OA1,ProC,CITED4,5.95828258411688
OA1,ProC,CTB-178M22.2,5.9389385306982
OA1,ProC,FLJ46906,5.72880121628718
OA1,ProC,PAQR9-AS1,5.67415935602269
OA1,ProC,FGF1,5.46836006827884
OA1,ProC,LINC00601,5.4525876750543
OA1,ProC,LINC01013,5.38137210230541
OA1,ProC,RIPK4,5.36980259327164
OA1,ProC,P3H2,5.35486832919919
OA1,ProC,FAM110C,5.16123053065675
OA1,ProC,CLDN1,5.00593524808198
OA1,ProC,BCAS4,4.96989442679648
OA1,ProC,LIF,4.84600653904342
OA1,ProC,BMP6,4.83635227811491
OA1,ProC,BMP2,4.82764584993653
OA1,ProC,DHX37,4.82555733003598
OA1,ProC,GAS6-AS2,4.79749182884664
OA1,ProC,INHBA-AS1,4.7969511350294
OA1,ProC,C2CD4B,4.78222963845973
OA1,ProC,KRT16,4.78214188601483
OA1,ProC,CRYGS,4.71535083796925
OA1,ProC,TMEM100,4.66056282866925
OA1,ProC,KIRREL,4.63348373170246
OA1,ProC,C17orf97,4.61642396022915
OA1,ProC,LRRC8C,4.61027436966274
OA1,ProC,PSAT1,4.56728059886488
OA1,ProC,IL11,4.52433098571874
OA1,ProC,C3orf52,4.51787108337892
OA1,ProC,FERMT1,4.4971850995684
OA1,ProC,B3GNT5,4.41663638867295
OA1,ProC,RASGRP3,4.39712123266361
OA1,ProC,SYNJ2,4.315187844381
OA1,ProC,TIMM8A,4.29450941135589
OA1,ProC,GPR183,4.29020399088777
OA1,ProC,ZNF365,4.27879039758107
OA1,ProC,ERCC1,4.26820454649474
OA1,ProC,SLC30A8,4.24537324674275
OA1,ProC,PITPNM2,4.21891057594144
OA1,ProC,GIPR,4.1584953663864
OA1,ProC,ZNF121,4.15556775338156
OA1,ProC,NGF,4.13954500761159
OA1,ProC,UBE2QL1,4.13076801608978
OA1,ProC,FAM101B,4.10414406769958
OA1,ProC,COBL,4.09794554627339
OA1,ProC,TFPI2,4.07577484680517
OA1,ProC,KRT17,4.07438268240034
OA1,ProC,MREG,4.06297763261475
OA1,ProC,SNHG20,4.01166122621708
OA1,ProC,PUS1,4.00866287895578
OA1,ProC,ASNS,4.00628898358381
OA1,ProC,ATP13A3,3.99395760975668
OA1,ProC,SMOX,3.91906908274577
OA1,ProC,POLR1A,3.89413397350759
OA1,ProC,GPT2,3.86774155732098
OA1,ProC,KANK1,3.84637221944618
OA1,ProC,LOC101928841,3.83392796542444
OA1,ProC,ANGPTL4,3.82017659932565
OA1,ProC,JHDM1D-AS1,3.81188194054917
OA1,ProC,INHBA,3.81160454127119
OA1,ProC,ITGA2,3.808756187471
OA1,ProC,HAS2,3.78738418192205
OA1,ProC,NPR2,3.7677853968511
OA1,ProC,AGPAT4-IT1,3.76621273698501
OA1,ProC,FGF2,3.76244297398463
OA1,ProC,GLIS3,3.75941709568174
OA1,ProC,CLMP,3.74564049302514
OA1,ProC,SPSB4,3.73754461765408
OA1,ProC,S100P,3.73653585608374
OA1,ProC,CEMIP,3.69639426250748
OA1,ProC,BYSL,3.68822864451641
OA1,ProC,PAPPA,3.68572770608627
OA1,ProC,USP31,3.67195829967682
OA1,ProC,PCDH1,3.63595825380819
OA1,ProC,WDR3,3.62446286573733
OA1,ProC,TXNRD1,3.61795210271233
OA1,ProC,SLC4A7,3.61596835244672
OA1,ProC,ST8SIA1,3.60665992605824
OA1,ProC,CARD8-AS1,3.60151392634252
OA1,ProC,PLXNA4,3.59074995532823
OA1,ProC,ARC,3.58295063032787
OA1,ProC,GAN,3.54885521692535
OA1,ProC,GPRC5A,3.5146799947016
OA1,ProC,RRP12,3.5006187673902
OA1,ProC,ACTC1,3.48993165044021
OA1,ProC,ST3GAL1,3.47828068760601
OA1,ProC,ZNF583,3.47816235542876
OA1,ProC,LINC00884,3.471544998266
OA1,ProC,C11orf96,3.47102178490756
OA1,RegC,TCN1,58707.648503482
OA1,RegC,RETN,12901.8780177151
OA1,RegC,SEMA6B,1308.79711526356
OA1,RegC,PGLYRP1,1292.6196794847
OA1,RegC,PADI4,1282.09929989592
OA1,RegC,ADGRG3,837.738191991706
OA1,RegC,MS4A3,550.822195819144
OA1,RegC,CST7,548.991231886888
OA1,RegC,MNDA,545.478618611558
OA1,RegC,SPI1,472.295844808973
OA1,RegC,RNF126P1,456.690310770819
OA1,RegC,RNASE6,419.903947287897
OA1,RegC,CCR1,329.327813196398
OA1,RegC,TMCC3,323.801993091717
OA1,RegC,S100A8,272.380365186484
OA1,RegC,CAMP,269.890184017018
OA1,RegC,IL2RA,244.554887363992
OA1,RegC,ADAP1,231.523586663912
OA1,RegC,CD86,199.178546053732
OA1,RegC,CEBPE,197.966468450757
OA1,RegC,OLFM4,182.785377046049
OA1,RegC,LTF,168.285397470102
OA1,RegC,IL1A,157.001830246361
OA1,RegC,CD38,153.832249339817
OA1,RegC,SERPINB2,149.675171921365
OA1,RegC,IL1B,135.76699352067
OA1,RegC,TFEC,132.500122233576
OA1,RegC,SLAMF1,131.115543198566
OA1,RegC,CD163,130.442649187992
OA1,RegC,AQP9,125.738949790831
OA1,RegC,CLEC4D,123.938855952146
OA1,RegC,NBEAL2,121.637257084304
OA1,RegC,CHIT1,120.388316732212
OA1,RegC,CYTIP,113.930403210335
OA1,RegC,CLEC4E,111.984221223598
OA1,RegC,MZB1,105.16895076813
OA1,RegC,HLA-DQA1,101.035711332789
OA1,RegC,SLCO2B1,93.2426189311321
OA1,RegC,ZFR2,92.853517384234
OA1,RegC,OLR1,91.6596075741269
OA1,RegC,SIGLEC1,90.5375632388402
OA1,RegC,SAMSN1,87.4174155807535
OA1,RegC,FOLR2,80.1956850149106
OA1,RegC,TYROBP,77.6853467060681
OA1,RegC,EREG,69.9396123297408
OA1,RegC,C1QB,69.3003479508704
OA1,RegC,CYBB,67.099420205768
OA1,RegC,CCL22,67.0577310209925
OA1,RegC,MYO1G,66.3362202430246
OA1,RegC,S100A9,61.2340560486002
OA1,RegC,MS4A4A,61.1439235602833
OA1,RegC,RGS1,58.5469390052874
OA1,RegC,SLAMF7,54.3551647997739
OA1,RegC,MS4A6A,49.178167971532
OA1,RegC,PLA2G7,48.1393773465703
OA1,RegC,SEL1L3,47.5994304921
OA1,RegC,CD53,47.2985447266593
OA1,RegC,CXCL8,45.0743719553228
OA1,RegC,L3MBTL4-AS1,44.7303289928707
OA1,RegC,ARHGAP30,43.5806757171986
OA1,RegC,LOC731424,43.2020118289258
OA1,RegC,CXCL3,42.7815943131575
OA1,RegC,LYZ,41.2174988563923
OA1,RegC,CLEC5A,40.373655497407
OA1,RegC,LAIR1,40.0521404661104
OA1,RegC,MMP9,39.1407920537403
OA1,RegC,MS4A7,38.523890161209
OA1,RegC,FCER1G,38.3239054023021
OA1,RegC,ALDH8A1,38.2262000116648
OA1,RegC,C1QC,36.7562511653604
OA1,RegC,TBXAS1,34.6183709039385
OA1,RegC,C3,34.4886699944549
OA1,RegC,PIK3R5,33.5538298073046
OA1,RegC,ADAM8,30.4977888286344
OA1,RegC,CXCR4,29.9237330207884
OA1,RegC,CD84,28.8027040757048
OA1,RegC,GPRIN3,27.9625461743175
OA1,RegC,DOCK2,27.4462186945679
OA1,RegC,PLAC8,27.1220200496248
OA1,RegC,PLEK,26.4435460556846
OA1,RegC,FERMT3,25.8152017009694
OA1,RegC,CXCL2,25.6279923503906
OA1,RegC,IL1RN,23.8698760371537
OA1,RegC,MMP12,22.8223011996624
OA1,RegC,TMEM52B,22.1480866087251
OA1,RegC,LCP1,22.1339473002036
OA1,RegC,SLCO4A1,21.9351999344337
OA1,RegC,IGLL5,21.4975767423728
OA1,RegC,C1QA,19.6619675894119
OA1,RegC,FGR,19.4662944523221
OA1,RegC,LOC101927087,19.3550489176483
OA1,RegC,AIF1,19.0651202314803
OA1,RegC,TNFRSF1B,18.7082001495011
OA1,RegC,HAVCR2,18.4817308255688
OA1,RegC,GPR160,18.0390025377598
OA1,RegC,CCL3,16.881680500973
OA1,RegC,LAPTM5,15.956308101546
OA1,RegC,ARHGAP11A,15.7669542965175
OA1,RegC,ALOX5AP,15.2866422053147
OA1,RegC,IQGAP3,14.5580114674629
OA1,preHTC,MLLT10P1,109.829047010046
OA1,preHTC,CLDN10,35.3207678551991
OA1,preHTC,LY6D,15.3398346604598
OA1,preHTC,TNFAIP6,13.2982252608385
OA1,preHTC,FAM159B,10.3495325955312
OA1,preHTC,PRG4,10.2559202493417
OA1,preHTC,F5,10.0369111958764
OA1,preHTC,SOX11,9.99185790014891
OA1,preHTC,DNAJC12,8.04137642861754
OA1,preHTC,DEFB1,7.56328797654655
OA1,preHTC,AMTN,7.18122959869703
OA1,preHTC,ASPRV1,6.98084449111012
OA1,preHTC,ISM2,6.87940754882069
OA1,preHTC,TREM1,6.27562623661194
OA1,preHTC,TNP1,6.22822603123804
OA1,preHTC,NTF3,5.99992049610186
OA1,preHTC,UPK1B,5.85841724713107
OA1,preHTC,TMEM108,5.63542184014613
OA1,preHTC,GFRA2,5.44220960498584
OA1,preHTC,UCP2,5.39132644283439
OA1,preHTC,DUSP4,5.38653361309067
OA1,preHTC,NOS2,5.23562438244141
OA1,preHTC,NDP,5.18565218488724
OA1,preHTC,NPR3,5.17357224158229
OA1,preHTC,EPYC,5.16426263640621
OA1,preHTC,CCL20,5.14875718168752
OA1,preHTC,SLC7A2,5.10970581068261
OA1,preHTC,ABCA8,5.02529744411049
OA1,preHTC,AKR1C2,5.01606948572773
OA1,preHTC,TNFRSF21,4.9488237369354
OA1,preHTC,ASPN,4.93702758095516
OA1,preHTC,VCAM1,4.92533837379765
OA1,preHTC,C15orf48,4.91464565463112
OA1,preHTC,ST6GALNAC5,4.91303483479345
OA1,preHTC,ADAMTS5,4.90734271288853
OA1,preHTC,GALNT16,4.57262396081371
OA1,preHTC,MCPH1-AS1,4.523384352976
OA1,preHTC,FAP,4.4919855001537
OA1,preHTC,ACKR2,4.48620369740551
OA1,preHTC,TNFSF10,4.48618385979656
OA1,preHTC,HTRA1,4.44231386851126
OA1,preHTC,SEMA3C,4.43530966158684
OA1,preHTC,FAM132B,4.3833921263751
OA1,preHTC,KRT17,4.24617139454053
OA1,preHTC,TMEM59L,4.20657294435236
OA1,preHTC,MAP3K7CL,4.19866014346763
OA1,preHTC,RIPPLY2,4.17671846034298
OA1,preHTC,MAMDC2,3.95976363193922
OA1,preHTC,GOLGA7B,3.95245690478909
OA1,preHTC,PDZK1IP1,3.90460269738228
OA1,preHTC,HHIP,3.89707312633779
OA1,preHTC,SLC1A1,3.87858769987918
OA1,preHTC,GRIA2,3.83945978370937
OA1,preHTC,TNC,3.81495669342321
OA1,preHTC,CRLF1,3.8133380433653
OA1,preHTC,GAREM,3.77464444679813
OA1,preHTC,BMPR1B,3.75842968009223
OA1,preHTC,WFDC21P,3.6389381236561
OA1,preHTC,ABI3BP,3.62579557082092
OA1,preHTC,TGFBI,3.62447425160596
OA1,preHTC,DENND3,3.57477346473043
OA1,preHTC,EFNB2,3.57348645695452
OA1,preHTC,TNFSF15,3.55725906614897
OA1,preHTC,LINC00346,3.53292783460338
OA1,preHTC,PTGES,3.53108128555119
OA1,preHTC,AKR1C1,3.48114266591442
OA1,preHTC,OGN,3.46738853473873
OA1,preHTC,DPT,3.43014472183032
OA1,preHTC,IL11,3.40543360838712
OA1,preHTC,MPPE1,3.37878691166406
OA1,preHTC,CRTAC1,3.34678582761876
OA1,preHTC,ANK3,3.30795529397252
OA1,preHTC,TRIM29,3.29392382438218
OA1,preHTC,TNFAIP8,3.28422432301739
OA1,preHTC,RAB38,3.27623103151282
OA1,preHTC,NNAT,3.24847116981767
OA1,preHTC,CAPS,3.24022678298793
OA1,preHTC,BTBD16,3.2211713234998
OA1,preHTC,BAALC,3.18192564090623
OA1,preHTC,UROC1,3.1814444531764
OA1,preHTC,APCDD1L-AS1,3.15554233426905
OA1,preHTC,NOVA1,3.14790460328032
OA1,preHTC,ANOS1,3.13307824629304
OA1,preHTC,DNER,3.12153669926837
OA1,preHTC,P4HA3,3.11497259541102
OA1,preHTC,STEAP1,3.10316047043048
OA1,preHTC,ATRNL1,3.09853899768264
OA1,preHTC,SPINT1,3.08909172879001
OA1,preHTC,ZNF341-AS1,3.05973851493705
OA1,preHTC,SFN,3.05093252072642
OA1,preHTC,AOC2,3.01682281296858
OA1,preHTC,PREX2,3.01672335710007
OA1,preHTC,THBS3,3.00090243925431
OA1,preHTC,WBSCR17,2.98689244605508
OA1,preHTC,SLC27A4,2.97778235476045
OA1,preHTC,CAV1,2.97177388049838
OA1,preHTC,NGF,2.96401113601105
OA1,preHTC,SRPX2,2.96147994973934
OA1,preHTC,CLIC6,2.9609075515294
OA1,preHTC,RAD51AP2,2.9553250767781
OA10,EC,ANKRD1,87.6161554812062
OA10,EC,CCDC160,66.1283851042324
OA10,EC,KRT16P3,23.6083711914452
OA10,EC,SPINK1,17.4874815497326
OA10,EC,KSR2,11.5032605405753
OA10,EC,ALOX12P2,9.66105464312521
OA10,EC,FAM170B,9.0321476028429
OA10,EC,KRT16P1,8.48100794199822
OA10,EC,CLDN4,7.74338635000781
OA10,EC,TMEM132C,7.58993679480595
OA10,EC,MTBP,7.18111095196751
OA10,EC,ZBED9,7.13971981838044
OA10,EC,LAMC2,7.05208428753634
OA10,EC,SUV39H1,6.70635679146945
OA10,EC,BLM,6.70517477167988
OA10,EC,DSC2,6.59463917088053
OA10,EC,ODF3L1,6.54590639168209
OA10,EC,CDC42EP2,6.34549932789804
OA10,EC,EML2-AS1,6.27967742342587
OA10,EC,RCAN3AS,6.2368793297125
OA10,EC,TNFAIP8L3,5.96462026655274
OA10,EC,SPOCK3,5.82920702331915
OA10,EC,RSPO3,5.71373707905197
OA10,EC,LINC01384,5.10780966691424
OA10,EC,C4orf26,4.91914865252905
OA10,EC,GAL,4.88499936270761
OA10,EC,UBE2V1,4.88267252598156
OA10,EC,RIBC1,4.85609823911586
OA10,EC,SPINK2,4.57005498849159
OA10,EC,FGD6,4.56173410025924
OA10,EC,NUP62CL,4.55824675084412
OA10,EC,FABP3,4.4481997293886
OA10,EC,TMPRSS4,4.43726347637849
OA10,EC,FST,4.43366017865203
OA10,EC,ZNF527,4.39689345168179
OA10,EC,P2RY2,4.38017486122186
OA10,EC,SLC14A2,4.28651904315203
OA10,EC,CALCA,4.25556367689932
OA10,EC,ULBP1,4.22976959009991
OA10,EC,FOXA2,4.21868334659901
OA10,EC,RCAN3,4.1698160570969
OA10,EC,WDR63,4.1219030511769
OA10,EC,CHRDL2,4.10086782599416
OA10,EC,RARA-AS1,3.98192547578258
OA10,EC,SERPINA6,3.97042072770369
OA10,EC,CCL7,3.93600565561387
OA10,EC,CFAP58-AS1,3.89868021840134
OA10,EC,FRY-AS1,3.86692273997682
OA10,EC,PINX1,3.86073166198863
OA10,EC,S100P,3.79722908195226
OA10,EC,CISH,3.79532854371269
OA10,EC,GIPR,3.79327795110923
OA10,EC,FERMT1,3.74828794558914
OA10,EC,C11orf91,3.70976305925266
OA10,EC,RAB39B,3.70328822009428
OA10,EC,C22orf23,3.68034857116753
OA10,EC,LINC00884,3.65811091968429
OA10,EC,C5orf49,3.65376065304076
OA10,EC,FLJ41200,3.60412518246883
OA10,EC,NXPE4,3.5493950816965
OA10,EC,CYTL1,3.37776067408241
OA10,EC,DTNA,3.35180520601604
OA10,EC,CCL2,3.30499134799318
OA10,EC,FADD,3.25644437061277
OA10,EC,LOC102723505,3.22607521599159
OA10,EC,NKILA,3.22190374569974
OA10,EC,DIRAS3,3.21924679209875
OA10,EC,ZNF365,3.21149863558828
OA10,EC,PEG3,3.20537763341239
OA10,EC,ITGA2,3.19590446366881
OA10,EC,SDHA,3.19589440990069
OA10,EC,TCEAL5,3.18855428548268
OA10,EC,ZNF670,3.15482760775178
OA10,EC,DKK1,3.14729262960729
OA10,EC,ZNF563,3.14392910122248
OA10,EC,OXT,3.1336250540156
OA10,EC,CAMTA2,3.13170024957309
OA10,EC,FOXA3,3.12056057575248
OA10,EC,MB21D2,3.11292655068723
OA10,EC,ARC,3.10288746755655
OA10,EC,RHOD,3.09984540995444
OA10,EC,CSDC2,3.0987511745847
OA10,EC,FRZB,3.09383512496771
OA10,EC,HSF2BP,3.08120680897148
OA10,EC,RELT,3.0745334924457
OA10,EC,TRIB3,3.06792118497037
OA10,EC,ZNF674-AS1,3.06329309158397
OA10,EC,ITPKC,3.05407935256291
OA10,EC,STARD13-AS,3.05090201439954
OA10,EC,BCYRN1,3.04148037402359
OA10,EC,LYSMD4,3.03987465648172
OA10,EC,NDRG4,3.037486532528
OA10,EC,SFTPD,3.03486456246071
OA10,EC,MAGEL2,3.02900604334318
OA10,EC,VIM-AS1,3.02531417682685
OA10,EC,FICD,3.00358477285934
OA10,EC,DPH7,2.99755913893168
OA10,EC,WNT3,2.99487764308022
OA10,EC,HIST2H2BC,2.99303544138935
OA10,EC,PLK3,2.98910528864812
OA10,FC,ROBO4,177912.078778403
OA10,FC,LINC01197,113020.119981377
OA10,FC,TEK,88579.6812723417
OA10,FC,EBF2,82592.9834619691
OA10,FC,NR2F2-AS1,77604.3908451832
OA10,FC,CRYBB1,66618.1708744216
OA10,FC,CRIP3,64989.774666194
OA10,FC,LRRC4C,63951.5223752494
OA10,FC,ADAD2,60133.0783414865
OA10,FC,ARHGEF15,57246.7905262033
OA10,FC,CASP5,53078.5098190539
OA10,FC,LOC284661,51253.2052431479
OA10,FC,FHL5,18455.1995447355
OA10,FC,ACKR1,11067.6539094324
OA10,FC,EGFL6,10472.2447357507
OA10,FC,GIMAP7,3825.70108445781
OA10,FC,CD34,3684.87031454048
OA10,FC,FCN3,2794.22576802598
OA10,FC,PODN,2519.76409796715
OA10,FC,BMX,2009.78393380066
OA10,FC,LRRC10B,1684.2408354111
OA10,FC,LOC389033,1426.04512426198
OA10,FC,GIMAP6,1321.51562808254
OA10,FC,ACE,1061.56264629814
OA10,FC,SOX18,1054.26824799594
OA10,FC,OAS3,1009.299440032
OA10,FC,EDN1,932.602230782921
OA10,FC,SELE,874.070636480879
OA10,FC,NES,846.366240130684
OA10,FC,CRYGN,825.698006557562
OA10,FC,GIMAP4,644.422918051781
OA10,FC,LINC00310,606.546038512368
OA10,FC,SHANK3,476.75473568748
OA10,FC,LHX6,448.255641411538
OA10,FC,MFAP5,406.298989087334
OA10,FC,PECAM1,396.937809101029
OA10,FC,LGALS2,389.497241006849
OA10,FC,PGM5,377.449430919519
OA10,FC,PEAR1,365.175321961292
OA10,FC,OR7E2P,346.20598532803
OA10,FC,SFRP2,341.066025331206
OA10,FC,CCL23,322.204149594621
OA10,FC,GIMAP8,304.8755052317
OA10,FC,CLEC14A,298.834774602065
OA10,FC,ADGRF5,289.059042134933
OA10,FC,CABP5,289.03768176074
OA10,FC,GGT5,269.281340737601
OA10,FC,HOXB8,255.971618748834
OA10,FC,WISP2,252.236719410041
OA10,FC,LGALS3BP,252.192096226603
OA10,FC,MCF2L,247.050028144512
OA10,FC,ADRA1D,244.881526557789
OA10,FC,LDB2,231.311234487149
OA10,FC,IFI44L,219.662337235393
OA10,FC,OAS1,217.943625757201
OA10,FC,CYYR1,209.088781034164
OA10,FC,CXCL12,208.597985472115
OA10,FC,EPHX3,201.210468529722
OA10,FC,CPXM1,201.188324654281
OA10,FC,AVPR1A,192.144415237038
OA10,FC,RTN4RL2,186.631267362618
OA10,FC,COL22A1,186.447139959935
OA10,FC,SFTA1P,178.356475864017
OA10,FC,C1orf233,173.3687675279
OA10,FC,CPB1,164.270774474596
OA10,FC,SECTM1,159.665924225091
OA10,FC,KCNMB1,159.009534685231
OA10,FC,IFITM5,145.460865291856
OA10,FC,CFD,145.364376878336
OA10,FC,LOC643733,145.090707706191
OA10,FC,CLDN5,139.435328698668
OA10,FC,CXorf36,138.795509053826
OA10,FC,LINC01142,138.12221186516
OA10,FC,APLNR,133.740054044688
OA10,FC,CLDN11,133.2164037147
OA10,FC,PRSS36,132.528019454674
OA10,FC,LIMS2,131.989727851676
OA10,FC,CHN1,130.583461358435
OA10,FC,SPARCL1,127.380785000687
OA10,FC,JCHAIN,123.227031376674
OA10,FC,NELL1,119.849347655371
OA10,FC,COL5A3,116.940109896782
OA10,FC,NPNT,115.989056387967
OA10,FC,ADAMTS9-AS1,114.913516886618
OA10,FC,SCARA5,113.562923996759
OA10,FC,IL23R,112.949698738192
OA10,FC,COL14A1,112.621800921468
OA10,FC,GUCY1A2,110.434565878352
OA10,FC,LINC00900,108.669144759547
OA10,FC,CARD10,107.516410777946
OA10,FC,SFRP1,106.364309347677
OA10,FC,GPR1,104.908675858138
OA10,FC,SERPINF1,102.669657271181
OA10,FC,SLIT3,101.591107234853
OA10,FC,PCDH18,101.271620292914
OA10,FC,ARHGAP15,101.12072716022
OA10,FC,TMEM92,100.302865858848
OA10,FC,OLFML2A,97.7827401879877
OA10,FC,ANKRD22,97.5109134563901
OA10,FC,SLCO1C1,97.3461050208835
OA10,HTC,UMODL1-AS1,4662.64641535537
OA10,HTC,GPR33,626.582121259666
OA10,HTC,PLA2G10,140.100504697063
OA10,HTC,ROPN1,135.638603287619
OA10,HTC,HIST1H2AH,124.264501262589
OA10,HTC,LOC646471,104.644263394356
OA10,HTC,HIST1H2BE,100.321334022044
OA10,HTC,DRAXIN,73.6783598937647
OA10,HTC,RAPGEF4-AS1,70.9538827480722
OA10,HTC,HSPA7,67.8254715966375
OA10,HTC,MEPE,65.5236333485274
OA10,HTC,MATN4,60.6723154534259
OA10,HTC,COL10A1,51.4539022147596
OA10,HTC,HOXB3,50.367690667511
OA10,HTC,UCMA,47.4182083924072
OA10,HTC,LOC648987,42.6158131024699
OA10,HTC,FBXO15,40.2871379955124
OA10,HTC,ORM1,39.0353950347686
OA10,HTC,ZBTB37,38.580965405538
OA10,HTC,HES7,36.7312009500868
OA10,HTC,CAPN6,32.2145170698644
OA10,HTC,SHF,31.7039158607666
OA10,HTC,SERPINI2,29.668358560174
OA10,HTC,SNORA80E,27.9870994578258
OA10,HTC,LOC100996349,27.463114487334
OA10,HTC,EHMT1-IT1,25.6760173704712
OA10,HTC,CA12,22.7119721176266
OA10,HTC,TSPAN8,20.5370080249868
OA10,HTC,RNVU1-19,19.6134358327176
OA10,HTC,LPIN3,19.4187041051293
OA10,HTC,LOC101928441,18.8449440273844
OA10,HTC,PPP1R3G,18.0974307560534
OA10,HTC,MMP13,17.5758820809361
OA10,HTC,MYOZ3,17.5400166280099
OA10,HTC,DNASE1,17.2931727924592
OA10,HTC,PENK,16.486414426085
OA10,HTC,SMPX,16.2857414781663
OA10,HTC,LOC100506551,16.1496414601164
OA10,HTC,WNK4,14.7109649943105
OA10,HTC,CEP72,14.4171559143567
OA10,HTC,PRKG2,14.2722007708076
OA10,HTC,RNU6ATAC,13.4782731209221
OA10,HTC,VTRNA1-3,13.2492887750507
OA10,HTC,LINC00261,13.1423282409243
OA10,HTC,JPH1,13.1114644049085
OA10,HTC,HSPA6,13.0993744520346
OA10,HTC,LOC389705,12.7461977629745
OA10,HTC,ALPL,12.447805263932
OA10,HTC,ZBTB20-AS4,12.3792960881885
OA10,HTC,LOC101928002,11.907693112208
OA10,HTC,VTRNA1-1,11.8298246776635
OA10,HTC,SNX22,11.4322980289079
OA10,HTC,EVI5L,10.8920213511843
OA10,HTC,WNT1,10.8109258431564
OA10,HTC,NAALAD2,10.7318111478089
OA10,HTC,RANBP3L,10.6976454942977
OA10,HTC,IL17B,10.4843905757199
OA10,HTC,FLJ36777,10.4187350067667
OA10,HTC,LINC00847,10.2128163726057
OA10,HTC,BHLHE41,10.1965235215664
OA10,HTC,KLF15,10.0736996133869
OA10,HTC,DLX6-AS1,10.0641458929976
OA10,HTC,ITGA9-AS1,10.0340909839411
OA10,HTC,MBLAC2,9.75919522341798
OA10,HTC,ZNF214,9.47720731318437
OA10,HTC,DPH3P1,9.44357547565899
OA10,HTC,ZNF385C,9.43557371674417
OA10,HTC,RMRP,9.3933643942016
OA10,HTC,LOC643770,9.35243035532956
OA10,HTC,COL9A1,9.34078634355301
OA10,HTC,RPSAP52,9.23236875227275
OA10,HTC,RELN,9.04737394258318
OA10,HTC,LOC100507053,8.93233298649569
OA10,HTC,GPD1,8.91956260025265
OA10,HTC,IBSP,8.89416027281308
OA10,HTC,SLC28A2,8.87590925889456
OA10,HTC,LRRIQ1,8.84733947318286
OA10,HTC,COX6A2,8.67949829694136
OA10,HTC,RNU6-2,8.66305658886435
OA10,HTC,NPFF,8.4775821387897
OA10,HTC,ZDHHC1,8.43156377342188
OA10,HTC,PRMT5-AS1,8.27264004442949
OA10,HTC,TRMT61B,8.23422302339548
OA10,HTC,PANX3,8.18276202342923
OA10,HTC,NRG2,7.99082375943948
OA10,HTC,NCAPG2,7.96914512764622
OA10,HTC,GNB3,7.91086539632671
OA10,HTC,ACVRL1,7.79896858719451
OA10,HTC,SMIM5,7.7370535953367
OA10,HTC,LINC00693,7.68121524690649
OA10,HTC,LINC00324,7.61685693308359
OA10,HTC,PTK6,7.58901722930634
OA10,HTC,TUBA8,7.58416953798681
OA10,HTC,SCUBE3,7.4978338061487
OA10,HTC,PRSS50,7.46655857738902
OA10,HTC,WNT10B,7.27430993590334
OA10,HTC,RMI1,7.24532184685661
OA10,HTC,ZNF385B,7.24447803734711
OA10,HTC,FAM21EP,7.08483075103403
OA10,HTC,MLIP,7.00219989416399
OA10,HomC,ACTG1P4,67722.7120519915
OA10,HomC,DHH,9901.65349876855
OA10,HomC,CCL18,1543.44518372545
OA10,HomC,RDH10-AS1,419.088683091726
OA10,HomC,LCK,194.406459357095
OA10,HomC,BNC1,191.605676906986
OA10,HomC,HBA2,156.163031873076
OA10,HomC,HBA1,137.691478451466
OA10,HomC,DMP1,115.319089934337
OA10,HomC,GPR26,108.066382347542
OA10,HomC,SLA2,63.4299931738225
OA10,HomC,BACH1-IT2,51.3758651155603
OA10,HomC,HBG2,39.4134225133852
OA10,HomC,HBG1,32.3343811103995
OA10,HomC,ADM5,26.3089170209105
OA10,HomC,CATIP,24.4410410185048
OA10,HomC,ZNF547,23.473314227309
OA10,HomC,LINC01132,22.2755160984997
OA10,HomC,HIST2H2BF,21.2451580635017
OA10,HomC,AURKA,20.7385690104721
OA10,HomC,CIRBP-AS1,18.314717116476
OA10,HomC,TRIM69,18.2909461613536
OA10,HomC,PLEKHG2,16.93350824821
OA10,HomC,DNAJC18,16.8491608001395
OA10,HomC,SAXO1,16.7427085735962
OA10,HomC,LOC100129534,16.5317115873712
OA10,HomC,LACE1,16.0299559769679
OA10,HomC,ZFP30,15.9987379035126
OA10,HomC,CATSPERG,15.7028677797297
OA10,HomC,CCNE1,15.156222515902
OA10,HomC,C3orf67,14.6362752638896
OA10,HomC,SP6,14.5767536875323
OA10,HomC,MAGEE1,14.0623485703791
OA10,HomC,MCF2,13.858910142716
OA10,HomC,ACER2,13.8586961100666
OA10,HomC,LOC653712,13.7654613700928
OA10,HomC,UNC80,13.6045803512447
OA10,HomC,POU2F2,12.7965689765322
OA10,HomC,NPHS1,12.719336592761
OA10,HomC,LOC101927391,12.5604620630393
OA10,HomC,NMNAT3,12.3280077755429
OA10,HomC,GOLGA6C,12.1707938591446
OA10,HomC,JUN,11.4465365262223
OA10,HomC,CCDC173,11.153666757399
OA10,HomC,KLF2,11.1042086149356
OA10,HomC,MMP25,10.6473817965301
OA10,HomC,SPDYA,10.3630375475998
OA10,HomC,SNHG12,10.1339390583276
OA10,HomC,RPL13P5,9.88838400818859
OA10,HomC,C5orf45,9.85235094062488
OA10,HomC,FBXO48,9.71954979281107
OA10,HomC,EFNA2,9.66136903313068
OA10,HomC,OR7E47P,9.41913457549206
OA10,HomC,GRAMD2,9.2505439565587
OA10,HomC,EGR1,9.1543210388936
OA10,HomC,FOS,9.08457315117926
OA10,HomC,LINC01137,8.98366228478819
OA10,HomC,LINC00173,8.87447420755689
OA10,HomC,MYLIP,8.74548575454927
OA10,HomC,ATXN7L1,8.71551631683941
OA10,HomC,AKAP5,8.60613175349607
OA10,HomC,PRKCQ,8.56744365244832
OA10,HomC,CCNE2,8.50498901320145
OA10,HomC,DDX43,8.44136919938329
OA10,HomC,ZNF844,8.34858515782395
OA10,HomC,LOC643072,8.30632319086202
OA10,HomC,S100A14,8.29561309452346
OA10,HomC,STAB2,8.2745895315515
OA10,HomC,ELOVL3,8.22529901615627
OA10,HomC,LOC100287846,8.12542106271802
OA10,HomC,HIST2H2BA,8.10863285272164
OA10,HomC,RASD1,8.1084774901324
OA10,HomC,FOSB,8.05203583701662
OA10,HomC,PARD6G-AS1,8.01292298105602
OA10,HomC,NR4A1,7.99092688172638
OA10,HomC,LOC105747689,7.90313718953186
OA10,HomC,MYBL1,7.87159437921484
OA10,HomC,STIL,7.80217369482727
OA10,HomC,GATA2,7.65412975104996
OA10,HomC,DDX26B,7.53269391321267
OA10,HomC,RGS16,7.51960004645801
OA10,HomC,CCDC61,7.50931124192349
OA10,HomC,KCNJ14,7.46251116260978
OA10,HomC,FAM46C,7.39844357648101
OA10,HomC,MST1,7.39304102487815
OA10,HomC,RPPH1,7.38796276641029
OA10,HomC,ATP8A1,7.2937303877082
OA10,HomC,SNAI1,7.29246777619423
OA10,HomC,HHEX,7.2501249725082
OA10,HomC,PPP1R10,7.15158601400629
OA10,HomC,THAP9,7.13840016265115
OA10,HomC,PAQR8,7.13068024643852
OA10,HomC,CDC20,7.02427635274915
OA10,HomC,LOC100128288,7.01083478399939
OA10,HomC,HES1,6.98070514574244
OA10,HomC,ANKRD30B,6.95718962903219
OA10,HomC,ZC2HC1C,6.92639358090539
OA10,HomC,LOC257396,6.91038405158121
OA10,HomC,FBXL19-AS1,6.90469562586826
OA10,HomC,KIR3DX1,6.86731823262178
OA10,ProC,LCE1E,268.563521597231
OA10,ProC,GDNF,19.3403664354065
OA10,ProC,MMP1,12.1482635088427
OA10,ProC,S100A2,10.0561824253758
OA10,ProC,ADPRHL1,9.68160611632767
OA10,ProC,KRTAP2-3,8.48523740382552
OA10,ProC,DCLK1,8.30965181834045
OA10,ProC,WNT16,8.18953132721612
OA10,ProC,GAS6-AS2,8.01012106966186
OA10,ProC,GCSAM,7.29591154257528
OA10,ProC,ABCG2,7.22276270905608
OA10,ProC,ASB5,7.06825709974288
OA10,ProC,CLDN1,6.1938550515688
OA10,ProC,PAQR9-AS1,6.17606687522277
OA10,ProC,HAO1,6.05318018553648
OA10,ProC,FAM110C,5.95088092252075
OA10,ProC,DHX37,5.74943586207716
OA10,ProC,LOC100507156,5.68653805791351
OA10,ProC,POLR1A,5.68551335047409
OA10,ProC,GAS6-AS1,5.67962860402693
OA10,ProC,P3H2,5.5413615312296
OA10,ProC,BMP2,5.53061433341243
OA10,ProC,KCNG1,5.49742369633457
OA10,ProC,CITED4,5.47014396516293
OA10,ProC,C17orf97,5.28831006716167
OA10,ProC,PITPNM2,5.26323665538027
OA10,ProC,SLC9C1,5.23310689452259
OA10,ProC,CTB-178M22.2,5.17400612324879
OA10,ProC,SLC22A23,5.17383360555126
OA10,ProC,SYNJ2,5.11670499227748
OA10,ProC,FOXC2,5.05114458477672
OA10,ProC,LINC00601,5.03410007422332
OA10,ProC,FAM101B,5.01860934012519
OA10,ProC,RIPK4,4.79045174141334
OA10,ProC,FGF1,4.7472626809772
OA10,ProC,LIF,4.74683556567691
OA10,ProC,LRRC8C,4.70314985141959
OA10,ProC,PUS1,4.69706445837653
OA10,ProC,MREG,4.64644992556207
OA10,ProC,BMP6,4.5614890515147
OA10,ProC,CLMP,4.55831454613863
OA10,ProC,C3orf52,4.54038689328719
OA10,ProC,KIRREL,4.45291369092363
OA10,ProC,ACTC1,4.42865866105273
OA10,ProC,WDR12,4.41330795616614
OA10,ProC,SNHG20,4.38957145321107
OA10,ProC,RASGRP3,4.37903304519883
OA10,ProC,TET3,4.36545773401711
OA10,ProC,WDR3,4.34659650461175
OA10,ProC,B3GNT5,4.26387181058031
OA10,ProC,JHDM1D-AS1,4.26258792516592
OA10,ProC,TIMM8A,4.26056695181721
OA10,ProC,TMEM100,4.25468703312247
OA10,ProC,FERMT1,4.22768095071331
OA10,ProC,ITGA2,4.19464274316659
OA10,ProC,GPT2,4.19040723809831
OA10,ProC,INHBA-AS1,4.18767873716812
OA10,ProC,HTRA3,4.1475004047709
OA10,ProC,LOC101928841,4.14277680578572
OA10,ProC,POMT2,4.13891425684138
OA10,ProC,PTGS2,4.13803013626185
OA10,ProC,FLJ46906,4.12082022417461
OA10,ProC,BCAS4,4.10742485977975
OA10,ProC,PSAT1,4.08642388728858
OA10,ProC,FGF2,4.08198813886853
OA10,ProC,PCDH1,4.07075150964714
OA10,ProC,TFPI2,4.05082613395276
OA10,ProC,ATP13A3,4.03108374455859
OA10,ProC,USP31,4.02258791401433
OA10,ProC,ASNS,4.02151316526399
OA10,ProC,KANK1,4.01059983858138
OA10,ProC,INHBA,4.00081007080549
OA10,ProC,PAPPA,3.96766484227523
OA10,ProC,ST3GAL1,3.96401417518009
OA10,ProC,GLIS3,3.95525710543997
OA10,ProC,PDE4B,3.9535772644785
OA10,ProC,BYSL,3.93621425898548
OA10,ProC,TXNRD1,3.92778579776552
OA10,ProC,NPR2,3.90715932701432
OA10,ProC,EML6,3.90702124954583
OA10,ProC,PDCD11,3.89597996683914
OA10,ProC,COBL,3.87456998252286
OA10,ProC,ERCC1,3.83771823951721
OA10,ProC,TGFB1,3.81918575185671
OA10,ProC,ST8SIA1,3.8082078396189
OA10,ProC,SMOX,3.77857906873751
OA10,ProC,ZNF365,3.76905888264493
OA10,ProC,ARC,3.76803004969708
OA10,ProC,SLC4A7,3.76298127314977
OA10,ProC,RRP12,3.72523129475258
OA10,ProC,GPR183,3.72269124401957
OA10,ProC,RAB39B,3.65653986795234
OA10,ProC,SPSB4,3.6447109576268
OA10,ProC,RASSF8,3.62434783335582
OA10,ProC,TTLL4,3.61303368504156
OA10,ProC,METRNL,3.60610522429988
OA10,ProC,LOC100130992,3.58997451812697
OA10,ProC,URB1,3.58564118077943
OA10,ProC,UTP15,3.57156445310599
OA10,ProC,RRS1,3.57075555304053
OA10,RegC,TCN1,59465.1536454624
OA10,RegC,RETN,13377.6912052112
OA10,RegC,PGLYRP1,1398.34634755774
OA10,RegC,PADI4,1268.63754712836
OA10,RegC,SEMA6B,1261.36808131478
OA10,RegC,CST7,834.895530590177
OA10,RegC,ADGRG3,822.944533564768
OA10,RegC,MS4A3,583.741040485565
OA10,RegC,MNDA,549.042763019466
OA10,RegC,RNF126P1,432.986090493849
OA10,RegC,RNASE6,400.602224074516
OA10,RegC,SPI1,373.237605555192
OA10,RegC,CCR1,305.866417261074
OA10,RegC,TMCC3,298.045547287431
OA10,RegC,S100A8,277.716879858902
OA10,RegC,CAMP,271.660622902657
OA10,RegC,ADAP1,242.676306971732
OA10,RegC,LTF,217.64022385497
OA10,RegC,CD86,211.964039915112
OA10,RegC,CEBPE,211.555795302722
OA10,RegC,IL2RA,206.496867695004
OA10,RegC,OLFM4,188.288047098083
OA10,RegC,IL1A,150.875775818193
OA10,RegC,CHIT1,149.240024012625
OA10,RegC,SERPINB2,149.097721206787
OA10,RegC,CD38,146.908173559988
OA10,RegC,TFEC,136.066323284977
OA10,RegC,AQP9,135.027842802715
OA10,RegC,IL1B,132.540141411648
OA10,RegC,ARHGAP30,130.316872295806
OA10,RegC,CLEC4D,128.570332256908
OA10,RegC,CD163,128.100003424819
OA10,RegC,SLAMF1,124.065208620694
OA10,RegC,CYTIP,117.649673008398
OA10,RegC,MZB1,108.290551230796
OA10,RegC,ZFR2,101.189284481675
OA10,RegC,HLA-DQA1,99.8845770254163
OA10,RegC,OLR1,93.1957575362222
OA10,RegC,SIGLEC1,91.1399112733423
OA10,RegC,SLCO2B1,88.9222907723679
OA10,RegC,PLA2G7,88.3212559065444
OA10,RegC,SAMSN1,85.9277429977435
OA10,RegC,TYROBP,79.6344920198091
OA10,RegC,FOLR2,78.5251429511178
OA10,RegC,C1QB,69.804825399077
OA10,RegC,MYO1G,66.8813609233186
OA10,RegC,S100A9,65.6699207816033
OA10,RegC,MS4A4A,64.0121149745891
OA10,RegC,CYBB,61.6743137076178
OA10,RegC,SLAMF7,59.9092908812699
OA10,RegC,CCL22,59.3819470061655
OA10,RegC,RGS1,56.034527554562
OA10,RegC,MS4A6A,53.035862164389
OA10,RegC,CD53,50.1766500886896
OA10,RegC,LYZ,49.2090494164225
OA10,RegC,SEL1L3,48.6574415396482
OA10,RegC,ALDH8A1,48.1722057114058
OA10,RegC,CXCL8,45.2241393266594
OA10,RegC,CXCL3,44.6813329339589
OA10,RegC,CLEC5A,43.8526900102322
OA10,RegC,LOC731424,42.7945712302317
OA10,RegC,LAIR1,41.600994649072
OA10,RegC,MS4A7,41.0455583917838
OA10,RegC,MMP9,39.9854334467535
OA10,RegC,FCER1G,39.2295794465756
OA10,RegC,PIK3R5,38.1348638904551
OA10,RegC,CLEC4E,37.1544561872386
OA10,RegC,C1QC,36.7509305226228
OA10,RegC,TBXAS1,34.0106217807534
OA10,RegC,EREG,33.8190037164202
OA10,RegC,L3MBTL4-AS1,31.4745433542491
OA10,RegC,CD84,31.2718097276514
OA10,RegC,CXCR4,31.1536476075213
OA10,RegC,PLEK,28.3967211578364
OA10,RegC,GPRIN3,28.0312946162875
OA10,RegC,DOCK2,27.8150488992927
OA10,RegC,C3,27.1642733950426
OA10,RegC,IL1RN,25.6466787790081
OA10,RegC,PLAC8,24.7126857264846
OA10,RegC,MMP12,24.3580609508691
OA10,RegC,CXCL2,23.9911572620459
OA10,RegC,TMEM52B,22.9894034350451
OA10,RegC,SLCO4A1,22.4394363015279
OA10,RegC,IGLL5,21.9712903729674
OA10,RegC,LCP1,21.3749171879976
OA10,RegC,C1QA,20.7544460688394
OA10,RegC,FGR,20.3752926174825
OA10,RegC,LOC101927087,20.1229910046731
OA10,RegC,AIF1,19.9278085692107
OA10,RegC,TNFRSF1B,19.7204803927627
OA10,RegC,ADAM8,18.938616765943
OA10,RegC,FERMT3,18.5272660674171
OA10,RegC,CCL3,18.2723547094709
OA10,RegC,NR6A1,17.9796547613492
OA10,RegC,HAVCR2,17.8407303911255
OA10,RegC,LST1,17.3056440580654
OA10,RegC,ALOX5AP,16.330964702606
OA10,RegC,GPR160,15.8660677250673
OA10,RegC,LAPTM5,15.576171904837
OA10,RegC,POLQ,15.5123910462081
OA10,preHTC,MLLT10P1,124.867168813712
OA10,preHTC,TNFAIP6,15.4025732684644
OA10,preHTC,FAM159B,12.6009233483888
OA10,preHTC,PRG4,9.74332947477039
OA10,preHTC,F5,8.81848366972785
OA10,preHTC,SOX11,8.76801480188622
OA10,preHTC,DNAJC12,8.14350792376699
OA10,preHTC,TNP1,8.02438927556653
OA10,preHTC,DEFB1,7.06080587752284
OA10,preHTC,KRT17,6.61690278738908
OA10,preHTC,NTF3,6.38586631744672
OA10,preHTC,TREM1,6.20875380761286
OA10,preHTC,AMTN,6.11870620352316
OA10,preHTC,ST6GALNAC5,6.0138408311876
OA10,preHTC,TMEM108,5.94144652506545
OA10,preHTC,GFRA2,5.7020447238232
OA10,preHTC,CCL20,5.42561545547783
OA10,preHTC,NOS2,5.40653898619812
OA10,preHTC,AKR1C2,5.33369076076013
OA10,preHTC,DUSP4,5.21363925106167
OA10,preHTC,TMEM59L,5.1190810688002
OA10,preHTC,UCP2,5.06194304193179
OA10,preHTC,NDP,5.03506592408595
OA10,preHTC,TNFRSF21,5.01511957508199
OA10,preHTC,IL11,4.86784103356306
OA10,preHTC,EPYC,4.85469179498995
OA10,preHTC,SLC7A2,4.8471499303465
OA10,preHTC,C15orf48,4.82595560025967
OA10,preHTC,MCPH1-AS1,4.82155428406686
OA10,preHTC,TNFSF10,4.79088159136503
OA10,preHTC,SEMA3C,4.74896376443213
OA10,preHTC,ISM2,4.74680906986362
OA10,preHTC,ACKR2,4.68254801922781
OA10,preHTC,HHIP,4.57186019473409
OA10,preHTC,MPPE1,4.52745458495819
OA10,preHTC,ASPN,4.45232274467463
OA10,preHTC,ADAMTS5,4.44923661133438
OA10,preHTC,FAM132B,4.34274034900362
OA10,preHTC,FAP,4.30067420978797
OA10,preHTC,PDZK1IP1,4.29248355027074
OA10,preHTC,RIPPLY2,4.27431825622672
OA10,preHTC,HTRA1,3.99493220903638
OA10,preHTC,MAP3K7CL,3.95707878745161
OA10,preHTC,GALNT16,3.93746470426193
OA10,preHTC,CRLF1,3.93221877447623
OA10,preHTC,SFN,3.88928178715418
OA10,preHTC,NNAT,3.87794256101207
OA10,preHTC,GRIA2,3.81177289007628
OA10,preHTC,DENND3,3.77153934619869
OA10,preHTC,SLC1A1,3.75649852582806
OA10,preHTC,WFDC21P,3.72711706163065
OA10,preHTC,ABCA8,3.72546796340465
OA10,preHTC,VCAM1,3.64560188171941
OA10,preHTC,ABI3BP,3.61273907763504
OA10,preHTC,LINC00346,3.51557898539965
OA10,preHTC,TNC,3.48283903184323
OA10,preHTC,BTBD16,3.39776547129241
OA10,preHTC,BMPR1B,3.33705926777826
OA10,preHTC,OGN,3.32642950008221
OA10,preHTC,ANKRD44,3.32436553724685
OA10,preHTC,UROC1,3.28748868800588
OA10,preHTC,TGFBI,3.27741151285151
OA10,preHTC,GOLGA7B,3.2741680162854
OA10,preHTC,GAREM,3.26562897564634
OA10,preHTC,SPINT1,3.22715592642954
OA10,preHTC,BDKRB1,3.2195264038324
OA10,preHTC,NGF,3.21395492036115
OA10,preHTC,DPT,3.20714163787895
OA10,preHTC,PTGES,3.19040365364654
OA10,preHTC,WBSCR17,3.17236977401683
OA10,preHTC,DNER,3.1259569894666
OA10,preHTC,NPR3,3.0607580230642
OA10,preHTC,CAPS,3.0263348891319
OA10,preHTC,P4HA3,3.01738118980795
OA10,preHTC,AOC2,2.99000778764586
OA10,preHTC,PREX2,2.97979077261734
OA10,preHTC,TNFAIP8,2.97905589936511
OA10,preHTC,YJEFN3,2.97694770847709
OA10,preHTC,ANK3,2.97331149012234
OA10,preHTC,GAS1,2.96953604932502
OA10,preHTC,SRPX2,2.96602793117869
OA10,preHTC,RAD51AP2,2.96403365320855
OA10,preHTC,CAV1,2.922978364235
OA10,preHTC,NT5E,2.91369853286227
OA10,preHTC,TRIM29,2.90457271963635
OA10,preHTC,MAMDC2,2.88988534456476
OA10,preHTC,SLC27A4,2.8874427107797
OA10,preHTC,TMEM255B,2.87766627463924
OA10,preHTC,THBS3,2.86929122089147
OA10,preHTC,APCDD1L,2.85883274425906
OA10,preHTC,AKR1C1,2.85312664147399
OA10,preHTC,TIMP1,2.84518035678045
OA10,preHTC,ENOX1,2.82653555805074
OA10,preHTC,STEAP1,2.80323804872444
OA10,preHTC,RAB38,2.77262544917215
OA10,preHTC,CD8B,2.76987110549791
OA10,preHTC,COL15A1,2.76496128500999
OA10,preHTC,NOVA1,2.76194928527236
OA10,preHTC,SLC20A2,2.73010213493942
OA10,preHTC,APCDD1L-AS1,2.70837810822972
OA2,EC,CCDC160,58.7282111580419
OA2,EC,ANKRD1,28.9961775265177
OA2,EC,SPINK1,22.7456330319577
OA2,EC,KRT16P3,19.658726188006
OA2,EC,CLDN4,10.3408910118898
OA2,EC,FAM170B,8.6548327575155
OA2,EC,KRT16P1,7.93632722742202
OA2,EC,TMEM156,7.80307641171052
OA2,EC,CCL7,6.55279058232539
OA2,EC,ALOX12P2,6.51797419390814
OA2,EC,TNFAIP8L3,6.30293763740398
OA2,EC,MTBP,6.05606174796627
OA2,EC,BLM,5.7574539923688
OA2,EC,LAMC2,5.7056125915358
OA2,EC,ODF3L1,5.69581324312209
OA2,EC,DSC2,5.68576557858994
OA2,EC,RSPO3,5.59013262894156
OA2,EC,SUV39H1,5.3857876220831
OA2,EC,UBE2V1,5.38473241049994
OA2,EC,SPOCK3,5.26308846033724
OA2,EC,CDC42EP2,4.8839223880238
OA2,EC,GAL,4.78847837762875
OA2,EC,C4orf26,4.61005620304033
OA2,EC,FST,4.47956929793896
OA2,EC,FRY-AS1,4.45420874074239
OA2,EC,NUP62CL,4.41855795826718
OA2,EC,LINC01384,4.3128900404794
OA2,EC,FGD6,4.2375699478058
OA2,EC,WDR63,4.1836107512421
OA2,EC,RARA-AS1,4.11685221105983
OA2,EC,FABP3,3.9717833533235
OA2,EC,DTNA,3.94462242532761
OA2,EC,PINX1,3.94057231911805
OA2,EC,ULBP1,3.916713443387
OA2,EC,ZBED9,3.90195773069015
OA2,EC,RCAN3,3.89675774604785
OA2,EC,C5orf49,3.76591343597541
OA2,EC,CHRDL2,3.74675224380953
OA2,EC,SPINK2,3.73250210345839
OA2,EC,TMEM132C,3.70707222830472
OA2,EC,CFAP58-AS1,3.59656100797561
OA2,EC,FOXA2,3.59072054845158
OA2,EC,TCEAL5,3.58212376759447
OA2,EC,SLC14A2,3.51148045067878
OA2,EC,GBP1,3.48252880204018
OA2,EC,ZNF527,3.46292064144104
OA2,EC,P2RY2,3.45598771900076
OA2,EC,BCYRN1,3.44803446315594
OA2,EC,STARD13-AS,3.43757105985387
OA2,EC,TMPRSS4,3.36600748528297
OA2,EC,SERPINA6,3.35732812960904
OA2,EC,NDRG4,3.34822944241943
OA2,EC,NKILA,3.33591483449858
OA2,EC,CISH,3.29920841542858
OA2,EC,FAM110C,3.27402690173703
OA2,EC,RIBC1,3.26061517408591
OA2,EC,PACERR,3.23026173653897
OA2,EC,FADD,3.2224807594775
OA2,EC,GIPR,3.2074260618689
OA2,EC,PAQR9,3.18897792385332
OA2,EC,ADPRHL1,3.1860217484422
OA2,EC,CAMTA2,3.15997017643598
OA2,EC,DNAJC22,3.14293266199035
OA2,EC,C11orf91,3.13894592687462
OA2,EC,TRIB3,3.11608511586443
OA2,EC,LINC00884,3.11325892353195
OA2,EC,VIM-AS1,3.08023762878289
OA2,EC,AGR2,3.07377898025029
OA2,EC,ITPKC,3.07337674287027
OA2,EC,RELT,3.06669835397119
OA2,EC,HIST2H2BC,3.02234968992438
OA2,EC,ARC,3.02213710938801
OA2,EC,MLLT11,3.0212732100738
OA2,EC,WNT3,3.01919469111661
OA2,EC,TPM4,3.00567048483109
OA2,EC,ANKRD42,2.98625084655468
OA2,EC,ITGA2,2.9834316436591
OA2,EC,NXPE4,2.97308245406322
OA2,EC,IPO5P1,2.97052892089583
OA2,EC,ZNF670,2.93821558866813
OA2,EC,ZNF563,2.92460521092298
OA2,EC,PPT2,2.92448897254954
OA2,EC,ZNF674-AS1,2.92251396572358
OA2,EC,S100P,2.90432474136639
OA2,EC,KIAA0226L,2.89843723317563
OA2,EC,FOXA3,2.88357703301462
OA2,EC,LOC554223,2.85683166858171
OA2,EC,FRZB,2.85134170725646
OA2,EC,SDHA,2.84211566554997
OA2,EC,KIF9,2.82872604531524
OA2,EC,DIRAS3,2.81400978282509
OA2,EC,HSD17B14,2.81005709821643
OA2,EC,FERMT1,2.80209571621915
OA2,EC,PHOSPHO2,2.80161727502951
OA2,EC,ACTB,2.77919629258252
OA2,EC,PLEKHB1,2.77546508220505
OA2,EC,ZNF365,2.77339159486705
OA2,EC,HYLS1,2.75651514470042
OA2,EC,MB21D2,2.75531509857336
OA2,EC,MTMR1,2.7538240528798
OA2,FC,FCN3,230809.797991744
OA2,FC,ROBO4,177912.078778403
OA2,FC,LINC01197,113020.119981377
OA2,FC,OR7E2P,112695.092029208
OA2,FC,TEK,88579.6812723417
OA2,FC,SOX18,87928.1611397119
OA2,FC,ACE,87687.6388269624
OA2,FC,EBF2,82592.9834619691
OA2,FC,NR2F2-AS1,77604.3908451832
OA2,FC,CRYBB1,66618.1708744216
OA2,FC,CRIP3,64989.774666194
OA2,FC,ADAD2,60133.0783414865
OA2,FC,ARHGEF15,57246.7905262033
OA2,FC,LOC284661,51253.2052431479
OA2,FC,CD34,18850.8231758014
OA2,FC,FHL5,18618.1203733735
OA2,FC,ACKR1,11834.2706433514
OA2,FC,EGFL6,11330.6265807833
OA2,FC,GIMAP7,8930.92031979702
OA2,FC,PODN,2503.06416708082
OA2,FC,BMX,2314.49994823747
OA2,FC,SECTM1,1746.13070211189
OA2,FC,LRRC10B,1645.16625106796
OA2,FC,CRYGN,1541.85794647369
OA2,FC,LOC389033,1391.81724752421
OA2,FC,GIMAP6,1296.98682228712
OA2,FC,PGM5,980.887504504406
OA2,FC,NES,977.391086557035
OA2,FC,EDN1,907.74754666902
OA2,FC,OAS3,886.123412786664
OA2,FC,COL22A1,881.891734643228
OA2,FC,SELE,872.228416791897
OA2,FC,NKAIN3,811.275510417604
OA2,FC,SHANK3,733.71458253194
OA2,FC,CCL23,588.148952567842
OA2,FC,GIMAP4,565.195133914458
OA2,FC,HIC1,553.917677736708
OA2,FC,LHX6,513.276928295805
OA2,FC,PECAM1,461.177337195969
OA2,FC,LINC00900,410.35433539029
OA2,FC,MFAP5,392.314973362744
OA2,FC,SFRP2,375.122963300185
OA2,FC,PEAR1,369.167735339318
OA2,FC,LGALS2,349.995935822677
OA2,FC,TM4SF18,326.266183981248
OA2,FC,GIMAP8,308.20705643037
OA2,FC,LRRC4C,279.30169229504
OA2,FC,IFI44L,272.186085094841
OA2,FC,ADGRF5,271.419144518891
OA2,FC,CLEC14A,265.974438108716
OA2,FC,GGT5,252.948707899739
OA2,FC,CASP5,251.224834242719
OA2,FC,HOXB8,241.171365396163
OA2,FC,ADRA1D,238.896172836988
OA2,FC,LGALS3BP,234.402854066823
OA2,FC,LDB2,234.294186829669
OA2,FC,OLFML1,230.076555062893
OA2,FC,CPXM1,200.349681432665
OA2,FC,WISP2,200.15243394134
OA2,FC,OAS1,197.82740299628
OA2,FC,CYYR1,197.233175374211
OA2,FC,LINC00310,194.667338603347
OA2,FC,IL23R,193.922286191307
OA2,FC,C1orf233,193.710106931711
OA2,FC,CXCL12,192.939888575326
OA2,FC,EPHX3,192.011358956994
OA2,FC,TMEM92,184.059246949915
OA2,FC,MCF2L,180.463831545838
OA2,FC,SFTA1P,179.832382028668
OA2,FC,RTN4RL2,172.793972602205
OA2,FC,CPB1,165.382399692209
OA2,FC,CFD,159.295877739025
OA2,FC,KCNMB1,157.567624955343
OA2,FC,CLDN5,156.663910086148
OA2,FC,ADAMTS12,150.361556654219
OA2,FC,PRSS36,150.049265894354
OA2,FC,GUCY1A2,144.244011734236
OA2,FC,RNF165,143.988095812373
OA2,FC,LIMS2,140.342848491316
OA2,FC,LOC643733,137.729725992762
OA2,FC,AKR1B10,134.39390496089
OA2,FC,CXorf36,132.717117265633
OA2,FC,IFITM5,130.013107515175
OA2,FC,ST3GAL4-AS1,126.563855548369
OA2,FC,CHN1,125.959229036798
OA2,FC,JCHAIN,121.853119550516
OA2,FC,SPARCL1,121.11553508755
OA2,FC,SYNE3,120.837296214468
OA2,FC,CLDN11,120.090606714792
OA2,FC,NELL1,119.287317960377
OA2,FC,COL14A1,114.604768441114
OA2,FC,COL5A3,113.338236549704
OA2,FC,GPR1,112.925458528109
OA2,FC,ADAMTS9-AS1,110.455495477735
OA2,FC,SCARA5,108.742776145538
OA2,FC,SFRP1,107.573921928118
OA2,FC,CHP2,106.355751368632
OA2,FC,NPNT,104.95377564102
OA2,FC,APLNR,104.626034458172
OA2,FC,AVPR1A,104.180563705788
OA2,HTC,OR10G2,51544.1217686428
OA2,HTC,UMODL1-AS1,5465.2144217273
OA2,HTC,PLA2G10,184.371395178864
OA2,HTC,HIST1H2AH,129.604327098439
OA2,HTC,ROPN1,125.560845847602
OA2,HTC,LOC646471,108.282391318891
OA2,HTC,HIST1H2BE,107.380820263874
OA2,HTC,DRAXIN,75.014889565515
OA2,HTC,HSPA7,65.2541630893786
OA2,HTC,HES7,64.2702303749814
OA2,HTC,RAPGEF4-AS1,63.4405475318498
OA2,HTC,MATN4,54.7934866266876
OA2,HTC,UCMA,49.7809336500799
OA2,HTC,HOXB3,48.7770032788786
OA2,HTC,ZBTB37,45.4402409693039
OA2,HTC,COL10A1,44.5941418865754
OA2,HTC,LOC648987,44.3475606823188
OA2,HTC,FBXO15,40.1887377503589
OA2,HTC,LOC101928002,40.0929203925466
OA2,HTC,ORM1,36.4185762784954
OA2,HTC,CAPN6,32.9284239225209
OA2,HTC,SHF,30.8566841495424
OA2,HTC,LYPLAL1-AS1,29.5684460535995
OA2,HTC,SNORA80E,27.7548745753758
OA2,HTC,SERPINI2,27.1961807454329
OA2,HTC,MEPE,26.1486350673933
OA2,HTC,MYOZ3,25.7031333406548
OA2,HTC,LOC100996349,25.5861320974671
OA2,HTC,RNVU1-19,24.7610215439937
OA2,HTC,HIST1H4B,23.9214192203418
OA2,HTC,TMCC1-AS1,23.2284394949636
OA2,HTC,CA12,21.9793671695628
OA2,HTC,TSPAN8,20.9882319027203
OA2,HTC,LPIN3,19.2866765652263
OA2,HTC,WNK4,18.7544950940454
OA2,HTC,PPP1R3G,18.5380706581285
OA2,HTC,LOC101928441,18.3431267169646
OA2,HTC,SMPX,17.9596527590307
OA2,HTC,MMP13,16.7984282580813
OA2,HTC,DNASE1,16.4297771694369
OA2,HTC,PRKG2,15.8521469649121
OA2,HTC,NAALAD2,15.6236457685866
OA2,HTC,PENK,14.8746224789726
OA2,HTC,RNU6ATAC,14.6737291338833
OA2,HTC,VTRNA1-3,14.0058561012242
OA2,HTC,LINC00261,13.6196914713584
OA2,HTC,HSPA6,13.4277075448238
OA2,HTC,SNX22,13.2903298156094
OA2,HTC,ITGA9-AS1,13.0105410295223
OA2,HTC,LOC100506551,12.8482452697349
OA2,HTC,KLF15,12.5627761003839
OA2,HTC,MBLAC2,12.0287538752999
OA2,HTC,VTRNA1-1,11.9627649427845
OA2,HTC,RMRP,11.5925930933699
OA2,HTC,PRMT5-AS1,11.4742336845705
OA2,HTC,NRG2,11.3389425754534
OA2,HTC,DLX6-AS1,11.2370837508006
OA2,HTC,JPH1,10.8050616995074
OA2,HTC,COL9A1,10.5491572584852
OA2,HTC,ALPL,10.4404720015861
OA2,HTC,GNB3,10.1357775869178
OA2,HTC,LINC01599,10.0697519385455
OA2,HTC,GPD1,10.0465800168845
OA2,HTC,ZNF385C,9.90579677286237
OA2,HTC,LOC643770,9.80686322735529
OA2,HTC,RELN,9.57498992052894
OA2,HTC,BHLHE41,9.53007561434799
OA2,HTC,FALEC,9.38758644977526
OA2,HTC,RANBP3L,9.38652531321895
OA2,HTC,IL17B,9.37260405501809
OA2,HTC,FGF14-IT1,9.35917102650738
OA2,HTC,ACVRL1,9.32221161348807
OA2,HTC,LOC100507053,9.21015125173487
OA2,HTC,COX6A2,9.1421651872732
OA2,HTC,TRMT61B,9.01230364545238
OA2,HTC,NCAPG2,8.8791584256715
OA2,HTC,RNU6-2,8.87483318749552
OA2,HTC,WNT1,8.8337704253752
OA2,HTC,PARD6B,8.82078672871409
OA2,HTC,DCAF13P3,8.65049158518145
OA2,HTC,IHH,8.5632648996872
OA2,HTC,SLC28A2,8.52436480718008
OA2,HTC,ZBTB20-AS4,8.43429330375385
OA2,HTC,PANX3,8.36524420366369
OA2,HTC,JADE2,8.31020437391825
OA2,HTC,LINC01152,8.22435797069368
OA2,HTC,ALX4,8.17968950676438
OA2,HTC,TUBA8,8.09886594805198
OA2,HTC,DPH3P1,8.04722065850794
OA2,HTC,LINC00324,8.03408287664716
OA2,HTC,PTK6,7.96027187016092
OA2,HTC,SCUBE3,7.70695792929834
OA2,HTC,RPSAP52,7.70456613580159
OA2,HTC,ZNF385B,7.63768769514617
OA2,HTC,GRIN2C,7.59019492968832
OA2,HTC,DPY19L2,7.50002249724936
OA2,HTC,TFR2,7.43370602242275
OA2,HTC,LOC101927021,7.42348040504874
OA2,HTC,SDHAP3,7.35202989164561
OA2,HTC,LINC00693,7.26675935751669
OA2,HomC,ACTG1P4,77246.0778093027
OA2,HomC,DHH,10879.9428049997
OA2,HomC,CCL18,1964.55439958251
OA2,HomC,DMP1,386.282434893394
OA2,HomC,HBA2,184.583361078427
OA2,HomC,LCK,178.62588945761
OA2,HomC,HBA1,167.322631612979
OA2,HomC,BNC1,125.418382747034
OA2,HomC,LOC101929897,65.0340614450288
OA2,HomC,SLA2,63.0370691178757
OA2,HomC,HBG2,51.3541686196904
OA2,HomC,HBG1,30.4072257825731
OA2,HomC,AMIGO1,23.6710983901896
OA2,HomC,NHLH1,23.0316517172592
OA2,HomC,CIRBP-AS1,22.0892447159814
OA2,HomC,CHRNA3,21.3041578802226
OA2,HomC,AURKA,20.7117350651954
OA2,HomC,DOK7,20.426512221328
OA2,HomC,GDF15,18.8367895766451
OA2,HomC,HIST2H2BF,18.6179429618899
OA2,HomC,LOC101927391,17.5309332899155
OA2,HomC,ZFP30,17.2691195343005
OA2,HomC,CCNE1,16.7655756561837
OA2,HomC,MAGEE1,16.3904525705425
OA2,HomC,PLEKHG2,15.8134689251777
OA2,HomC,ADM5,15.04810448823
OA2,HomC,DNAJC18,14.1673579792046
OA2,HomC,NPHS1,14.0803276421258
OA2,HomC,LINC01132,14.0094085882623
OA2,HomC,C3orf67,13.8847039503457
OA2,HomC,POU2F2,13.8809536476209
OA2,HomC,MYBL1,12.7336665582489
OA2,HomC,ACER2,12.0737093279648
OA2,HomC,EFNA2,11.9606154707557
OA2,HomC,GAST,11.6788624166707
OA2,HomC,DNAJC28,11.4266285232526
OA2,HomC,JUN,11.3963338552446
OA2,HomC,CCNE2,11.1636939315466
OA2,HomC,CCDC173,10.8674884830373
OA2,HomC,LOC653712,10.8104360880075
OA2,HomC,RASD1,10.0094005054603
OA2,HomC,MCF2,9.83439058109509
OA2,HomC,ATXN7L1,9.67940146020122
OA2,HomC,KLF2,9.59911299693536
OA2,HomC,ATP8A1,9.11745247896409
OA2,HomC,OVGP1,9.11649738287421
OA2,HomC,ZC2HC1C,9.06677330097635
OA2,HomC,UCKL1-AS1,9.05870542725408
OA2,HomC,SPDYA,8.88269562977411
OA2,HomC,FBXL19-AS1,8.78160789426814
OA2,HomC,FOS,8.77389593130977
OA2,HomC,HIST2H2BA,8.64352505127638
OA2,HomC,PIK3AP1,8.62804921364083
OA2,HomC,SNHG12,8.5726561510679
OA2,HomC,PRKCQ,8.5428788318155
OA2,HomC,GOLGA6C,8.52110528102259
OA2,HomC,DBF4B,8.4314247150254
OA2,HomC,RPL13P5,8.34541103788872
OA2,HomC,KIF4A,8.32109952687279
OA2,HomC,HOXA5,8.269509343068
OA2,HomC,EGR1,8.21596311720906
OA2,HomC,GDF6,8.05954048430773
OA2,HomC,PLEKHG3,7.91986748132604
OA2,HomC,OR7E47P,7.91373869131699
OA2,HomC,RRAD,7.88889467342699
OA2,HomC,ZNF18,7.82601624740526
OA2,HomC,CDC20,7.76621260822042
OA2,HomC,RGS16,7.65527729624099
OA2,HomC,SMCR5,7.58737396716856
OA2,HomC,ZNF844,7.56129351468675
OA2,HomC,LOC101928402,7.4313383301091
OA2,HomC,PARD6G-AS1,7.42612739330492
OA2,HomC,FOSB,7.29670158676929
OA2,HomC,S100A14,7.29098339258126
OA2,HomC,NR4A1,7.28534094047628
OA2,HomC,CATSPERG,7.20502983044277
OA2,HomC,LCP2,7.14472107197715
OA2,HomC,DDX26B,7.00491879200271
OA2,HomC,MYLIP,6.98884727712906
OA2,HomC,LOC257396,6.98691074890053
OA2,HomC,RSPH4A,6.98638726576775
OA2,HomC,FNDC5,6.92707703029137
OA2,HomC,TNF,6.90986135792639
OA2,HomC,PHF10,6.90078712595515
OA2,HomC,LOC100506603,6.76792470748339
OA2,HomC,NR4A2,6.72760407713813
OA2,HomC,RSRP1,6.61135000871993
OA2,HomC,ZNF70,6.59391772415917
OA2,HomC,ANKDD1A,6.57225268306709
OA2,HomC,FBXO48,6.54641515056742
OA2,HomC,HES1,6.47066060683624
OA2,HomC,LINC00933,6.45467346466889
OA2,HomC,RHEBL1,6.43499372712268
OA2,HomC,HHEX,6.39267525530395
OA2,HomC,FAM46C,6.34202260006489
OA2,HomC,NEMP1,6.33925639533662
OA2,HomC,ELOVL3,6.32328603952962
OA2,HomC,CD83,6.28735974726371
OA2,HomC,IFIT2,6.26831175894583
OA2,HomC,ZMYM3,6.24090641601639
OA2,ProC,LCE1E,345.05267461469
OA2,ProC,GDNF,14.6727655093083
OA2,ProC,C2CD4B,14.1638739773457
OA2,ProC,GAS6-AS1,13.5592773171237
OA2,ProC,S100A2,10.5491829969279
OA2,ProC,LRRC38,9.18504861172749
OA2,ProC,TAC1,9.01566077269197
OA2,ProC,KRTAP2-3,8.77720998526993
OA2,ProC,WNT16,8.63273447792072
OA2,ProC,DCLK1,8.32323247940027
OA2,ProC,SPTBN5,7.74689713245567
OA2,ProC,TMEM132C,7.57314393198943
OA2,ProC,GAS6-AS2,7.06930165820392
OA2,ProC,CTB-178M22.2,6.45844245948763
OA2,ProC,GCSAM,6.44787372682146
OA2,ProC,FGF1,6.21258360018575
OA2,ProC,CITED4,6.16890700638338
OA2,ProC,SLC22A23,6.14453555390228
OA2,ProC,ASB5,5.95807507142188
OA2,ProC,SLC9C1,5.95308405784012
OA2,ProC,LOC100507156,5.85759375765016
OA2,ProC,P3H2,5.65348827114161
OA2,ProC,RIPK4,5.60280724548473
OA2,ProC,FLJ46906,5.34620152171241
OA2,ProC,POLR1A,5.29828051058778
OA2,ProC,FERMT1,5.26469169714175
OA2,ProC,PITPNM2,5.2505996136559
OA2,ProC,BMP2,5.09434200309642
OA2,ProC,RASGRP3,5.09186316878208
OA2,ProC,LRRC8C,5.03170561566298
OA2,ProC,PAQR9-AS1,4.96138690340407
OA2,ProC,LIF,4.93862790350048
OA2,ProC,PSAT1,4.92352747036055
OA2,ProC,INHBA-AS1,4.87273139494608
OA2,ProC,FAM101B,4.8046992344448
OA2,ProC,BMP6,4.79419229319891
OA2,ProC,KRT16,4.7710755240698
OA2,ProC,B3GNT5,4.734479025211
OA2,ProC,NPR2,4.72615677136416
OA2,ProC,FAM110C,4.69916083967636
OA2,ProC,MREG,4.68590492469816
OA2,ProC,TIMM8A,4.61382278032385
OA2,ProC,IL11,4.59747674645878
OA2,ProC,RRS1,4.59741697632284
OA2,ProC,KIRREL,4.58115791834752
OA2,ProC,C3orf52,4.56594482681765
OA2,ProC,ACTC1,4.56261142555436
OA2,ProC,ADPRHL1,4.5294471173158
OA2,ProC,SNHG20,4.49905253557913
OA2,ProC,SYNJ2,4.45986090334382
OA2,ProC,CLMP,4.452874143275
OA2,ProC,KRT17,4.41884024392487
OA2,ProC,TET3,4.41718381156382
OA2,ProC,WDR3,4.4157420523689
OA2,ProC,ITGA2,4.36355472161423
OA2,ProC,ZNF365,4.35829210561608
OA2,ProC,GIPR,4.3444470459348
OA2,ProC,GPR19,4.33932814166416
OA2,ProC,EML6,4.32667422844233
OA2,ProC,ERCC1,4.31291124754221
OA2,ProC,ARC,4.25884440394488
OA2,ProC,JHDM1D-AS1,4.181835286633
OA2,ProC,DHX37,4.17260260765896
OA2,ProC,BCAS4,4.13083148720896
OA2,ProC,GLIS3,4.11952219411693
OA2,ProC,HTRA3,4.09433269046104
OA2,ProC,KANK1,4.09405378652755
OA2,ProC,INHBA,4.08961688347434
OA2,ProC,LOC101928841,4.07063859529122
OA2,ProC,FGF2,4.0690838617401
OA2,ProC,LOC100130992,4.06623473760919
OA2,ProC,PUS1,4.04879335342096
OA2,ProC,NGF,4.04509737970054
OA2,ProC,ST8SIA1,4.02736908259692
OA2,ProC,ASNS,3.97935962859635
OA2,ProC,SMOX,3.9706401596918
OA2,ProC,GPR183,3.96505788338491
OA2,ProC,GPT2,3.94614368548268
OA2,ProC,WDR12,3.90967444727346
OA2,ProC,UBE2QL1,3.89863142764672
OA2,ProC,TFPI2,3.86463843891467
OA2,ProC,C9orf91,3.83582177830675
OA2,ProC,TMEM100,3.83287403213322
OA2,ProC,SPSB4,3.80587683303001
OA2,ProC,LINC01013,3.79327845267189
OA2,ProC,TXNRD1,3.78768343386862
OA2,ProC,ANGPTL4,3.74821360797701
OA2,ProC,MRS2P2,3.74564610863455
OA2,ProC,ATP13A3,3.74114482475778
OA2,ProC,PDCD11,3.72256191555192
OA2,ProC,UTP15,3.71018192678928
OA2,ProC,CEMIP,3.70289530759711
OA2,ProC,ST3GAL1,3.69469735705254
OA2,ProC,FGD6,3.67916040212859
OA2,ProC,METRNL,3.63591869465504
OA2,ProC,PCDH1,3.63166709806631
OA2,ProC,USP31,3.609403941655
OA2,ProC,FBXL18,3.60537369986069
OA2,ProC,GOT1,3.58854679011855
OA2,ProC,DIP2B,3.57204821377193
OA2,RegC,TCN1,63130.7521578539
OA2,RegC,BIN2,51274.7213174644
OA2,RegC,RETN,13873.9357299639
OA2,RegC,SEMA6B,1390.45272236925
OA2,RegC,PGLYRP1,1324.88169966732
OA2,RegC,PADI4,1324.87875390238
OA2,RegC,MS4A3,1201.50461412265
OA2,RegC,ADGRG3,896.189447674736
OA2,RegC,MNDA,582.987434657218
OA2,RegC,CST7,579.264079411262
OA2,RegC,RNF126P1,481.942779569494
OA2,RegC,RNASE6,450.350063425831
OA2,RegC,SPI1,412.002862720428
OA2,RegC,CCR1,381.750147186179
OA2,RegC,CD86,379.488165795289
OA2,RegC,S100A8,357.700243066479
OA2,RegC,MPEG1,311.535649799304
OA2,RegC,TMCC3,304.454559711629
OA2,RegC,CAMP,287.800026123622
OA2,RegC,AQP9,255.772240921486
OA2,RegC,ADAP1,248.773564835437
OA2,RegC,CEBPE,205.015978123215
OA2,RegC,IL2RA,200.053339783109
OA2,RegC,CYBB,188.449004435644
OA2,RegC,OLFM4,187.966458779258
OA2,RegC,LTF,178.493768154501
OA2,RegC,CD38,166.550522962049
OA2,RegC,IL1A,166.359291093968
OA2,RegC,SERPINB2,158.847405887862
OA2,RegC,MMP12,146.728099592909
OA2,RegC,IL1B,146.442568241329
OA2,RegC,TFEC,139.61594734263
OA2,RegC,SLAMF1,139.21321375013
OA2,RegC,CD163,138.437944985219
OA2,RegC,CLEC4D,133.276595669025
OA2,RegC,CYTIP,130.863495901817
OA2,RegC,CHIT1,128.689437452955
OA2,RegC,MZB1,114.906793510892
OA2,RegC,HLA-DQA1,105.60042118783
OA2,RegC,SLCO2B1,98.231093027059
OA2,RegC,OLR1,97.6480204454888
OA2,RegC,SIGLEC1,93.3803896487233
OA2,RegC,ZFR2,93.1984654506536
OA2,RegC,SAMSN1,90.9427675158602
OA2,RegC,FOLR2,84.7448586676954
OA2,RegC,TYROBP,83.9192649414073
OA2,RegC,MYO1G,83.3984016179124
OA2,RegC,S100A9,82.0642651591195
OA2,RegC,ALDH8A1,78.4764837586685
OA2,RegC,C1QB,73.288927331301
OA2,RegC,CCL22,64.249506886925
OA2,RegC,MS4A4A,62.9957801226394
OA2,RegC,RGS1,61.3555090550733
OA2,RegC,SLAMF7,58.9174955089805
OA2,RegC,GPR160,57.92634394917
OA2,RegC,PLA2G7,51.5310891828181
OA2,RegC,CXCL8,51.3987869913905
OA2,RegC,SEL1L3,51.0106472897565
OA2,RegC,MS4A6A,50.5590971287051
OA2,RegC,CD53,48.999447221318
OA2,RegC,LOC731424,47.510595272224
OA2,RegC,ARHGAP30,46.0993232369401
OA2,RegC,CXCL3,44.4664398106344
OA2,RegC,LYZ,42.5243475714999
OA2,RegC,CLEC5A,41.867869868805
OA2,RegC,LAIR1,41.8159788435935
OA2,RegC,MMP9,41.6107630149
OA2,RegC,PIK3R5,41.1005594595254
OA2,RegC,C1QC,41.0613259301707
OA2,RegC,EREG,40.3636496273026
OA2,RegC,FCER1G,40.339038105715
OA2,RegC,MS4A7,38.9155461078872
OA2,RegC,CLEC4E,38.0240286923387
OA2,RegC,TBXAS1,35.1452456089672
OA2,RegC,DOCK2,33.238357446399
OA2,RegC,L3MBTL4-AS1,32.2024089663861
OA2,RegC,CXCR4,31.5402470921254
OA2,RegC,CD84,31.1927867967502
OA2,RegC,GPRIN3,29.0103097415932
OA2,RegC,PLAC8,27.9287595296702
OA2,RegC,CXCL2,27.8464967713596
OA2,RegC,C3,27.5612810887871
OA2,RegC,PLEK,27.2689835771317
OA2,RegC,SV2B,27.2261638413935
OA2,RegC,IL1RN,24.5462754428729
OA2,RegC,ADAM8,23.8317405732871
OA2,RegC,TMEM52B,23.6658267149773
OA2,RegC,SLCO4A1,23.5977789192681
OA2,RegC,LOC100134368,23.4485783229478
OA2,RegC,LCP1,23.3841123420571
OA2,RegC,IGLL5,22.4952801154061
OA2,RegC,FGR,21.2086876294997
OA2,RegC,LOC101927087,20.7614611981038
OA2,RegC,C1QA,20.4053478714458
OA2,RegC,FERMT3,20.4026065218578
OA2,RegC,HAVCR2,20.077153253549
OA2,RegC,SAA1,19.907005560666
OA2,RegC,AIF1,19.304086473554
OA2,RegC,SLC22A1,19.2759800852803
OA2,RegC,CCL8,18.9146225449599
OA2,preHTC,MLLT10P1,121.462038220566
OA2,preHTC,CLDN10,26.0499010770908
OA2,preHTC,LY6D,16.7143654805459
OA2,preHTC,GRIK3,14.3886892548372
OA2,preHTC,F5,13.8691063573798
OA2,preHTC,TNFAIP6,13.2275717944631
OA2,preHTC,FAM159B,11.7399654121464
OA2,preHTC,PRG4,9.95760484470506
OA2,preHTC,DEFB1,9.80179938275729
OA2,preHTC,SOX11,8.88864032194159
OA2,preHTC,UPK1B,7.56306446187204
OA2,preHTC,DNAJC12,7.28827455454198
OA2,preHTC,VCAM1,7.25460239264563
OA2,preHTC,AMTN,7.10619403926131
OA2,preHTC,GFRA2,6.88560839626999
OA2,preHTC,ASPRV1,6.78901767429012
OA2,preHTC,ST6GALNAC5,6.56608404135689
OA2,preHTC,CCL20,6.44737206901398
OA2,preHTC,ISM2,6.44253988350941
OA2,preHTC,NTF3,6.20050749341393
OA2,preHTC,NOS2,6.04419642128306
OA2,preHTC,TNFRSF21,6.02167204786736
OA2,preHTC,TNP1,5.94721585844015
OA2,preHTC,TREM1,5.81553612075907
OA2,preHTC,FAM132B,5.21076091812712
OA2,preHTC,UCP2,5.11095381832832
OA2,preHTC,DCDC2B,5.04233811364831
OA2,preHTC,DUSP4,5.00092723700396
OA2,preHTC,AKR1C2,4.94855154927732
OA2,preHTC,RIPPLY2,4.82699452077064
OA2,preHTC,EPYC,4.80797358867625
OA2,preHTC,FAP,4.72343352651393
OA2,preHTC,ASPN,4.7165401227857
OA2,preHTC,SLC7A2,4.68990581740302
OA2,preHTC,TNFSF10,4.6622293493917
OA2,preHTC,NDP,4.65947908280974
OA2,preHTC,ACKR2,4.65947767951511
OA2,preHTC,ADAMTS5,4.6551031418611
OA2,preHTC,GALNT16,4.63369506799368
OA2,preHTC,HHIP,4.58594179619125
OA2,preHTC,SEMA3C,4.57576849526167
OA2,preHTC,HTRA1,4.24619574491379
OA2,preHTC,ABCA8,4.2443304020164
OA2,preHTC,MCPH1-AS1,4.13805395059408
OA2,preHTC,APCDD1L-AS1,4.03126637296091
OA2,preHTC,TMEM59L,3.98829264431681
OA2,preHTC,KRT17,3.8897929758198
OA2,preHTC,BDKRB1,3.87290309702089
OA2,preHTC,CRLF1,3.85699005223952
OA2,preHTC,TNFAIP8,3.75298348142387
OA2,preHTC,GRIA2,3.73279310750054
OA2,preHTC,GOLGA7B,3.68099318811678
OA2,preHTC,MAP3K7CL,3.6617392472458
OA2,preHTC,TNC,3.65062517643535
OA2,preHTC,AKR1C1,3.6366533869297
OA2,preHTC,WFDC21P,3.63574009610345
OA2,preHTC,ABI3BP,3.62383488832556
OA2,preHTC,UROC1,3.61327519546417
OA2,preHTC,GAREM,3.61127836903169
OA2,preHTC,NNAT,3.58904639368138
OA2,preHTC,ANK3,3.55237397540392
OA2,preHTC,SFN,3.53723820815228
OA2,preHTC,DPT,3.53084028282615
OA2,preHTC,SPINT1,3.49451696231092
OA2,preHTC,DENND3,3.48967706534271
OA2,preHTC,OGN,3.45723897226242
OA2,preHTC,IL11,3.4357273059799
OA2,preHTC,GJB2,3.4069288966178
OA2,preHTC,APCDD1L,3.40237676319491
OA2,preHTC,MPPE1,3.39988238037098
OA2,preHTC,RAD51AP2,3.39980847001269
OA2,preHTC,P4HA3,3.3183463068209
OA2,preHTC,LINC00346,3.30026814626254
OA2,preHTC,TGFBI,3.29058614287896
OA2,preHTC,GAS1,3.28058398770161
OA2,preHTC,CAPS,3.20358313794122
OA2,preHTC,BMPR1B,3.20213811859345
OA2,preHTC,KLRD1,3.19132752495945
OA2,preHTC,SLC27A4,3.1410650580492
OA2,preHTC,WBSCR17,3.13831769591619
OA2,preHTC,C15orf48,3.12839635092852
OA2,preHTC,DNER,3.11043684013832
OA2,preHTC,TRIM29,3.0951192804219
OA2,preHTC,SLC1A1,3.09024860283357
OA2,preHTC,PTGES,3.02445989962309
OA2,preHTC,PART1,3.01621078780275
OA2,preHTC,SRPX2,3.00820153439109
OA2,preHTC,NGF,3.00141357520917
OA2,preHTC,SLC2A5,2.99032602236889
OA2,preHTC,TMEM255B,2.98579182325833
OA2,preHTC,THBS3,2.96822842753049
OA2,preHTC,CRTAC1,2.95783870424082
OA2,preHTC,AOC2,2.95702216149143
OA2,preHTC,COL15A1,2.95606221278712
OA2,preHTC,STEAP1,2.94712283607835
OA2,preHTC,BTBD16,2.93079221743821
OA2,preHTC,C10orf105,2.92941295778845
OA2,preHTC,MAMDC2,2.92583032218883
OA2,preHTC,NT5E,2.91303360571245
OA2,preHTC,NPR3,2.88719304867303
OA3,EC,CCDC160,62.9315917885175
OA3,EC,ANKRD1,40.3546509389543
OA3,EC,EML2-AS1,31.3142138982611
OA3,EC,SPINK1,30.1504548500001
OA3,EC,TMEM156,24.6878152347633
OA3,EC,KRT16P3,22.7040423465896
OA3,EC,KSR2,12.9764165911549
OA3,EC,LYPD5,9.1909359889686
OA3,EC,FAM170B,8.42911978631993
OA3,EC,KRT16P1,8.3808913837622
OA3,EC,CLDN4,7.46512082645397
OA3,EC,CDC42EP2,7.46143751257877
OA3,EC,LAMC2,7.36025580210157
OA3,EC,RSPO3,7.20919893788637
OA3,EC,BLM,7.07773567761219
OA3,EC,RCAN3AS,6.98938836969385
OA3,EC,TNFAIP8L3,6.95377817257647
OA3,EC,ALOX12P2,6.90563571430301
OA3,EC,TAGLN,6.77076492377079
OA3,EC,SUV39H1,6.5147758369302
OA3,EC,SPOCK3,6.39092236406858
OA3,EC,ODF3L1,6.36556591177893
OA3,EC,NAP1L2,6.22746015947062
OA3,EC,PPP1R1B,5.89670895812557
OA3,EC,RAB36,5.89373180007995
OA3,EC,DSC2,5.7387713604607
OA3,EC,C4orf26,5.67153113053858
OA3,EC,FST,5.52870398010648
OA3,EC,UBE2V1,5.4561949010965
OA3,EC,TMEM132C,5.42155953779804
OA3,EC,LINC01384,5.35638286288232
OA3,EC,SLC14A2,5.29135502505717
OA3,EC,FGD6,4.99464573138226
OA3,EC,HAO1,4.88962953868704
OA3,EC,CHRDL2,4.75317763329056
OA3,EC,FRY-AS1,4.71329087384166
OA3,EC,ZBED9,4.64043464846876
OA3,EC,TOX,4.62976875404247
OA3,EC,RCAN3,4.44227594117295
OA3,EC,CCL7,4.44202690130177
OA3,EC,DOCK3,4.41458086112229
OA3,EC,KLHL25,4.34833606946856
OA3,EC,CALCA,4.32513946356547
OA3,EC,RIBC1,4.31359529666432
OA3,EC,WDR63,4.30552441790818
OA3,EC,HIST2H2BC,4.25521803985577
OA3,EC,FABP3,4.15930717822454
OA3,EC,LYSMD4,4.1577284751949
OA3,EC,STARD13-AS,4.11480652454211
OA3,EC,ULBP1,4.10992664097465
OA3,EC,ZNF682,4.10148158165228
OA3,EC,TMPRSS4,4.08469232272143
OA3,EC,CISH,4.04310438122339
OA3,EC,AGR2,4.01813047714581
OA3,EC,ABCB4,4.00092728561561
OA3,EC,FOXA2,3.99638534665531
OA3,EC,MZF1-AS1,3.98882628164392
OA3,EC,BCYRN1,3.97229612109066
OA3,EC,MAGEL2,3.95188026248774
OA3,EC,CFAP58-AS1,3.89917746906913
OA3,EC,ITGA2,3.89654619272906
OA3,EC,GAL,3.83197378553753
OA3,EC,CAMTA2,3.78634339741417
OA3,EC,C11orf91,3.778576773082
OA3,EC,PINX1,3.76015371587024
OA3,EC,ABLIM3,3.74993291465488
OA3,EC,GBP1,3.69586275779873
OA3,EC,HYLS1,3.6799916995403
OA3,EC,ZNF527,3.66583770757319
OA3,EC,P2RY2,3.64192104092755
OA3,EC,COA7,3.62881866166047
OA3,EC,ADPRHL1,3.61021831495571
OA3,EC,SDHA,3.60265664397949
OA3,EC,LINC00884,3.57543366600777
OA3,EC,THAP10,3.56796464343829
OA3,EC,NKILA,3.56782822072339
OA3,EC,GIPR,3.55902406008644
OA3,EC,RGS5,3.54030890561058
OA3,EC,FICD,3.52558995224347
OA3,EC,ZBTB20-AS1,3.52478125504934
OA3,EC,DIRAS3,3.52421414218278
OA3,EC,ZNF670,3.51570436133402
OA3,EC,RARA-AS1,3.51521170632614
OA3,EC,TRIB3,3.42058566453512
OA3,EC,RASGRP3,3.40455486635766
OA3,EC,WNT3,3.38938079970847
OA3,EC,ARC,3.38242505595499
OA3,EC,C5orf49,3.37727037353342
OA3,EC,NXPE4,3.36773728749884
OA3,EC,FLJ41200,3.28814637649789
OA3,EC,TCEAL5,3.25854924257227
OA3,EC,FOXA3,3.25521773108359
OA3,EC,ITPKC,3.22605761594528
OA3,EC,S100P,3.21341130600026
OA3,EC,ZNF365,3.20927959768597
OA3,EC,ANKRD36BP1,3.20653578104611
OA3,EC,KIAA0226L,3.1794774733231
OA3,EC,ST8SIA1,3.16550779261063
OA3,EC,ABHD15,3.1503951304787
OA3,EC,RAB39B,3.14097370134383
OA3,FC,LOC284661,115456.075136371
OA3,FC,LOC100289656,72683.5026039297
OA3,FC,PSCA,56657.1275579574
OA3,FC,CLDN5,7341.78350369556
OA3,FC,LOC389033,3878.15488200551
OA3,FC,FAM69C,2044.33237654772
OA3,FC,NOX3,1297.44473702707
OA3,FC,PODN,1268.06620202726
OA3,FC,PCDHB8,1199.34607052149
OA3,FC,LTK,1141.8728178
OA3,FC,PDE9A,1030.972145347
OA3,FC,LGALS2,937.824054107968
OA3,FC,CHN2,882.381256881355
OA3,FC,ACE,874.525828890371
OA3,FC,TULP1,808.492941606667
OA3,FC,C10orf55,744.663445843656
OA3,FC,ITGA4,659.320676677281
OA3,FC,LOC101928767,585.718745950706
OA3,FC,C1orf233,579.465958689873
OA3,FC,OR7E2P,514.789542733092
OA3,FC,COL22A1,437.168564493069
OA3,FC,ZSCAN10,386.13111506548
OA3,FC,CASP5,376.511936778693
OA3,FC,IFITM5,330.07667112425
OA3,FC,RTN4RL2,306.443308279768
OA3,FC,SCARA5,274.793940240515
OA3,FC,STK32C,237.312093035662
OA3,FC,ATP11A-AS1,218.079378651271
OA3,FC,TAX1BP3,209.960874457201
OA3,FC,SERPINF1,188.416527724521
OA3,FC,NPNT,176.569794492973
OA3,FC,HIST1H4D,171.023056605279
OA3,FC,PCDH18,170.912234575683
OA3,FC,COL5A3,167.840376802256
OA3,FC,FABP5P3,161.563095484032
OA3,FC,BGLAP,161.4688535455
OA3,FC,WISP2,154.74113690922
OA3,FC,TNFRSF25,151.904742477709
OA3,FC,CHN1,146.073812600937
OA3,FC,TPI1P3,144.550661591563
OA3,FC,HIST1H2AL,142.646521155454
OA3,FC,TENM4,132.729919494362
OA3,FC,ATP2A1-AS1,127.884381612069
OA3,FC,LGALS3BP,124.187695891433
OA3,FC,ADAMTS7,123.665695499445
OA3,FC,C1QL1,114.476914331636
OA3,FC,RASGRP2,104.235406244275
OA3,FC,COL1A1,103.659366538586
OA3,FC,TMEM119,103.041855099769
OA3,FC,CAPSL,102.557898168737
OA3,FC,LOC200772,93.0856893531606
OA3,FC,LINC00640,91.9425574184098
OA3,FC,GPR1,91.2830867433039
OA3,FC,VGLL3,89.2641353310145
OA3,FC,LINC01142,87.293570387237
OA3,FC,SLC6A7,85.5471916127648
OA3,FC,LOC101928304,83.0093977113491
OA3,FC,TSPAN15,82.018049002978
OA3,FC,ADAM23,81.9201158394062
OA3,FC,LOC101928100,79.4243531779938
OA3,FC,KLRC3,76.1094655656434
OA3,FC,SEMA5A,75.2075421676704
OA3,FC,TNN,75.0321822063253
OA3,FC,CARD16,73.3760952718601
OA3,FC,SFTA1P,73.0503474531796
OA3,FC,FHOD3,70.7752907727232
OA3,FC,ADGRB2,70.709768767777
OA3,FC,TK1,70.5704228428624
OA3,FC,FBLN2,69.1999439796397
OA3,FC,ST3GAL4-AS1,68.0110134051732
OA3,FC,PTPRZ1,67.8083367156386
OA3,FC,CDH15,67.0216606310196
OA3,FC,NKAIN3,66.9041594825766
OA3,FC,SLIT3,64.5245875763027
OA3,FC,PRL,63.0168473596481
OA3,FC,RASSF9,61.0754379678429
OA3,FC,SRPX,58.4597367409558
OA3,FC,SBSN,57.3445472888873
OA3,FC,SLURP1,56.5379540515729
OA3,FC,LOC643733,56.115632792522
OA3,FC,CDH2,55.693199577133
OA3,FC,HOXC4,54.5366943476145
OA3,FC,CKM,53.2805349497466
OA3,FC,PAQR5,53.2004142771374
OA3,FC,RAC3,53.0674272844254
OA3,FC,FAM83D,53.0348252340757
OA3,FC,KCNK2,52.2820956273698
OA3,FC,SLC44A5,51.6096081470645
OA3,FC,LOC100996249,50.7798479340985
OA3,FC,CD37,50.550181004188
OA3,FC,TMTC4,49.9807554080662
OA3,FC,LOC101927211,49.3878319745583
OA3,FC,LIMS2,47.5942037499034
OA3,FC,FOXS1,47.1937015631358
OA3,FC,NBAT1,47.128762551059
OA3,FC,SRGAP2-AS1,45.9011052928232
OA3,FC,LAMB1,45.229042907948
OA3,FC,HECW2,43.73174601681
OA3,FC,UCHL1,43.1778730748533
OA3,FC,OASL,41.6329774928578
OA3,HTC,OR10G2,50725.9769786643
OA3,HTC,UMODL1-AS1,4420.73392266662
OA3,HTC,DRAXIN,774.163129811748
OA3,HTC,GPR33,741.431292209121
OA3,HTC,PLA2G10,357.606751206507
OA3,HTC,TSPAN8,285.341032366164
OA3,HTC,LOC646471,194.954293239945
OA3,HTC,PANX3,167.218101727414
OA3,HTC,ROPN1,133.492985577545
OA3,HTC,HIST1H2AH,98.7523112501805
OA3,HTC,HIST1H2BE,89.9980345877042
OA3,HTC,RAPGEF4-AS1,69.4230356114239
OA3,HTC,MATN4,67.8065819995802
OA3,HTC,HSPA7,57.7060397976988
OA3,HTC,HOXB3,53.7185724211563
OA3,HTC,CAPN6,50.3396127587822
OA3,HTC,LOC648987,48.8526420542871
OA3,HTC,UCMA,47.306770928278
OA3,HTC,CA12,45.4515840380474
OA3,HTC,SHF,45.0206893082185
OA3,HTC,ZBTB37,44.1385997907334
OA3,HTC,ORM1,38.156051556408
OA3,HTC,COL10A1,37.0193282550306
OA3,HTC,HES7,35.1353537522697
OA3,HTC,FBXO15,33.7127347896774
OA3,HTC,EHMT1-IT1,29.6649094345603
OA3,HTC,SNORA80E,27.312699517596
OA3,HTC,LOC100996349,26.8398258068863
OA3,HTC,SERPINI2,25.9917095087274
OA3,HTC,MEPE,24.8763011967641
OA3,HTC,SMPX,23.1282831984118
OA3,HTC,RNVU1-19,20.8856489946438
OA3,HTC,SYNDIG1,20.0382556719299
OA3,HTC,MYOZ3,19.4887145282009
OA3,HTC,PPP1R3G,17.6245802119443
OA3,HTC,LPIN3,17.5734716582006
OA3,HTC,LOC101928441,16.5909565264174
OA3,HTC,LOC100507053,16.2420728859815
OA3,HTC,DLX6-AS1,15.2451530989829
OA3,HTC,PENK,14.7397038537426
OA3,HTC,ZBTB20-AS4,14.593623578992
OA3,HTC,PRKG2,14.0668908832303
OA3,HTC,TACC3,13.5538114571107
OA3,HTC,EVI5L,13.3240276992239
OA3,HTC,LOC389705,13.2788600627581
OA3,HTC,LOC100506551,13.277351524386
OA3,HTC,MBLAC2,12.8963761747699
OA3,HTC,VTRNA1-3,12.8956918301665
OA3,HTC,WNK4,12.7679874935135
OA3,HTC,TMCC1-AS1,12.4879525222515
OA3,HTC,ZNF385C,12.3370537223703
OA3,HTC,LINC00261,12.30322155698
OA3,HTC,LINC00847,12.2601699121082
OA3,HTC,PARD6B,12.2096627313466
OA3,HTC,ZDHHC1,12.0769639648638
OA3,HTC,SNX22,11.8459905168807
OA3,HTC,LOC101928002,11.6726438021873
OA3,HTC,HSPA6,11.4550029968819
OA3,HTC,ACVRL1,11.43926849751
OA3,HTC,FGF14-IT1,11.4179941478643
OA3,HTC,NAALAD2,11.3450827852434
OA3,HTC,ITGA9-AS1,11.2895773531681
OA3,HTC,ARHGAP18,11.2500274703711
OA3,HTC,DNASE1,11.0443072748919
OA3,HTC,ZNF214,10.9194145094361
OA3,HTC,CEP72,10.7569811143151
OA3,HTC,FALEC,10.5993919012947
OA3,HTC,KLF15,10.4786680512467
OA3,HTC,RELN,10.3538692131444
OA3,HTC,NRG2,9.98913888779516
OA3,HTC,NPFF,9.95412279780051
OA3,HTC,COL9A1,9.87683657205061
OA3,HTC,IL17B,9.84332605699576
OA3,HTC,TRMT61B,9.60774972964111
OA3,HTC,WNT1,9.60445871223882
OA3,HTC,BHLHE41,9.55170105293716
OA3,HTC,POPDC2,9.50676196332925
OA3,HTC,VTRNA1-1,9.46842956130069
OA3,HTC,SCUBE3,9.43957545477737
OA3,HTC,PRMT5-AS1,9.42881440079124
OA3,HTC,LINC00693,9.34220332935274
OA3,HTC,RNU6ATAC,9.22247333336732
OA3,HTC,ALPL,9.09132935723461
OA3,HTC,IHH,8.96932332952236
OA3,HTC,RNF208,8.89631697828831
OA3,HTC,SLC28A2,8.84682722653925
OA3,HTC,JPH1,8.70165306534822
OA3,HTC,FAM21EP,8.58365386929347
OA3,HTC,GSN-AS1,8.54757558864243
OA3,HTC,TUBA8,8.44106900342139
OA3,HTC,RPSAP52,8.39203816828337
OA3,HTC,ENPP5,8.35465192972881
OA3,HTC,COX6A2,8.29008720336638
OA3,HTC,ANGEL1,8.21171443374132
OA3,HTC,DPH3P1,8.15159063285088
OA3,HTC,MMP13,7.99870929685924
OA3,HTC,RANBP3L,7.83829311781097
OA3,HTC,PTK6,7.83786151692043
OA3,HTC,DFFB,7.79250395729246
OA3,HTC,ZNF385B,7.78460545763738
OA3,HomC,ACTG1P4,69630.3659126109
OA3,HomC,DHH,11762.8673998361
OA3,HomC,CCL18,1500.505088216
OA3,HomC,HBA1,245.654805287595
OA3,HomC,RDH10-AS1,242.409915520377
OA3,HomC,LCK,200.157258165918
OA3,HomC,HBA2,168.529052203844
OA3,HomC,SP6,141.308312578634
OA3,HomC,DMP1,133.226732830501
OA3,HomC,GPR26,111.02947753223
OA3,HomC,BNC1,108.554835242175
OA3,HomC,SLA2,73.9476144145084
OA3,HomC,BACH1-IT2,52.2708053877342
OA3,HomC,HBG2,41.6364138594212
OA3,HomC,HES4,30.1776545990442
OA3,HomC,CATIP,26.7832157006442
OA3,HomC,DOK7,26.4363071489311
OA3,HomC,ZNF547,26.4026536442818
OA3,HomC,MAGEE1,25.8857435687705
OA3,HomC,HBG1,25.3924550765383
OA3,HomC,CIRBP-AS1,23.765855985629
OA3,HomC,LINC01132,22.3472773287648
OA3,HomC,AURKA,21.2679119003131
OA3,HomC,PLEKHG2,19.4660521658214
OA3,HomC,HIST2H2BF,18.7006602210179
OA3,HomC,PTP4A3,18.6756793035746
OA3,HomC,SAXO1,18.1168490166685
OA3,HomC,TRIM69,17.8412454558669
OA3,HomC,ITGA7,16.6732966544892
OA3,HomC,APOE,16.5371763838227
OA3,HomC,LOC100129534,15.6289440347503
OA3,HomC,ACER2,15.1945605346747
OA3,HomC,DNAJC18,14.8649748462036
OA3,HomC,GAST,14.8278823932028
OA3,HomC,MCF2,14.80165830058
OA3,HomC,GDF15,14.4550146432601
OA3,HomC,JUN,13.9483039557518
OA3,HomC,LACE1,13.8482079649298
OA3,HomC,ADM5,13.8345510978508
OA3,HomC,LOC101927391,13.8189635122581
OA3,HomC,C3orf67,13.7929870374319
OA3,HomC,ZFP30,13.6585224252718
OA3,HomC,KCNJ8,13.329563651068
OA3,HomC,NMNAT3,13.3132942333074
OA3,HomC,CCNE2,12.6297021854863
OA3,HomC,KLF2,12.2026329445366
OA3,HomC,SPDYA,11.9842725351703
OA3,HomC,STIL,11.94916598793
OA3,HomC,CCDC173,11.9477747724026
OA3,HomC,POU2F2,11.8493955222033
OA3,HomC,LOC100287846,11.8377961523604
OA3,HomC,EFNA2,11.7502273676373
OA3,HomC,DDX43,11.6779169074417
OA3,HomC,RPL13P5,11.5751506884357
OA3,HomC,IQCC,11.2816727007935
OA3,HomC,NPHS1,11.1498362729315
OA3,HomC,ATXN7L1,10.6916439660581
OA3,HomC,MMP25,10.5834416783089
OA3,HomC,CCNE1,10.5248241406066
OA3,HomC,CATSPERG,10.4910319564491
OA3,HomC,UNC80,10.4535948274258
OA3,HomC,DNAJC28,10.2499861256281
OA3,HomC,EGR1,10.2454889867217
OA3,HomC,FOS,10.1235619014858
OA3,HomC,LOC653712,9.79570976281905
OA3,HomC,CDC20,9.65427954001473
OA3,HomC,FOXP2,9.58529719968753
OA3,HomC,KIAA0754,9.4420125858317
OA3,HomC,LINC00933,9.40609306986853
OA3,HomC,FNDC5,9.36691419430601
OA3,HomC,KIF4A,9.06757668596888
OA3,HomC,FOSB,9.06405291546925
OA3,HomC,LOC100128288,8.98607519499404
OA3,HomC,FBXL19-AS1,8.91060064539453
OA3,HomC,GHET1,8.75226958546382
OA3,HomC,SNHG12,8.66356270738425
OA3,HomC,HRCT1,8.64347281943858
OA3,HomC,ZNF844,8.5593731497109
OA3,HomC,GRAMD2,8.53411557763549
OA3,HomC,SDPR,8.52598378202705
OA3,HomC,RASD1,8.50586334684683
OA3,HomC,C5orf45,8.47955259301066
OA3,HomC,LOC643072,8.44696975397875
OA3,HomC,DDX26B,8.36397127494092
OA3,HomC,HIST2H2BA,8.32350159013069
OA3,HomC,ELOVL3,8.23025475339035
OA3,HomC,MYBL1,8.20684491328965
OA3,HomC,CYP4F24P,8.18565551703528
OA3,HomC,RGS16,8.14265026281232
OA3,HomC,NR4A1,8.11972586618687
OA3,HomC,TRAF5,8.06823484960665
OA3,HomC,HES1,8.0173213690048
OA3,HomC,SMCR5,7.94957838710125
OA3,HomC,GOLGA6C,7.89571635734121
OA3,HomC,STAB2,7.84256012081041
OA3,HomC,HHEX,7.78562106358492
OA3,HomC,PTPRN,7.71461696128719
OA3,HomC,LCP2,7.69398760387919
OA3,HomC,OR7E47P,7.67275882634207
OA3,HomC,MYLIP,7.63498956784075
OA3,ProC,LCE1E,223.36638348206
OA3,ProC,GDNF,14.5865452126486
OA3,ProC,MMP1,10.4902075154822
OA3,ProC,DCLK1,9.43709008270492
OA3,ProC,S100A2,8.95390738747025
OA3,ProC,LRRC38,8.26985730114932
OA3,ProC,WNT16,7.54512994033219
OA3,ProC,KRTAP2-3,7.51523927848843
OA3,ProC,TAC1,7.33225159595202
OA3,ProC,FAM110C,7.14182621730143
OA3,ProC,ASB5,7.03930578177356
OA3,ProC,CTB-178M22.2,7.02981400710706
OA3,ProC,GCSAM,6.37470012760386
OA3,ProC,HAO1,6.33308698001077
OA3,ProC,CITED4,6.14693463997169
OA3,ProC,DHX37,6.13583414161263
OA3,ProC,PLXNA4,6.00540893587652
OA3,ProC,LOC100507156,5.93526090938848
OA3,ProC,GAS6-AS1,5.85356910698781
OA3,ProC,GAS6-AS2,5.80161024896722
OA3,ProC,LMO2,5.72331762960784
OA3,ProC,SLC22A23,5.48046402865942
OA3,ProC,FGF1,5.18575516738683
OA3,ProC,RIPK4,5.18525895238974
OA3,ProC,TMEM132C,5.17744044242833
OA3,ProC,P3H2,5.06113498125588
OA3,ProC,TXLNGY,5.04791043329772
OA3,ProC,FERMT1,5.03632014888389
OA3,ProC,C17orf97,5.01818124460595
OA3,ProC,PAQR9-AS1,5.01701753565968
OA3,ProC,PUS1,4.9912138898141
OA3,ProC,SLC9C1,4.97780942204025
OA3,ProC,BMP2,4.92611920436279
OA3,ProC,LRRC8C,4.77657328075568
OA3,ProC,PITPNM2,4.64480080591983
OA3,ProC,POLR1A,4.6200462945866
OA3,ProC,LINC00601,4.55748171918652
OA3,ProC,INHBA-AS1,4.50639904847858
OA3,ProC,LOC101928841,4.49867887899755
OA3,ProC,C3orf52,4.42564717597352
OA3,ProC,PRKY,4.39184663457878
OA3,ProC,ITGA2,4.38343719856199
OA3,ProC,B3GNT5,4.36717055762401
OA3,ProC,LIF,4.33590559111718
OA3,ProC,FLJ46906,4.26987209265342
OA3,ProC,BCAS4,4.26788334982578
OA3,ProC,SYNJ2,4.25612956163831
OA3,ProC,BMP6,4.24561207105414
OA3,ProC,WDR3,4.22373023445767
OA3,ProC,MREG,4.21829801098787
OA3,ProC,KRT16,4.20047570349086
OA3,ProC,GPR183,4.16619143080957
OA3,ProC,TMEM100,4.15343872347028
OA3,ProC,FAM101B,4.14253864885322
OA3,ProC,RASGRP3,4.11413317660746
OA3,ProC,CLDN1,4.08560861549513
OA3,ProC,CCL2,4.01326489127912
OA3,ProC,SNHG20,4.00306608319038
OA3,ProC,JHDM1D-AS1,3.99498925504444
OA3,ProC,TIMM8A,3.97703991487705
OA3,ProC,WDR12,3.97108693980015
OA3,ProC,C2CD4B,3.96736649625386
OA3,ProC,ERCC1,3.96263082734014
OA3,ProC,PSAT1,3.94742656125713
OA3,ProC,TET3,3.92051121449113
OA3,ProC,KIRREL,3.91815255532201
OA3,ProC,ZNF365,3.90900236010081
OA3,ProC,GRIP1,3.86116454559116
OA3,ProC,IL11,3.81511921711038
OA3,ProC,CLMP,3.78148829988389
OA3,ProC,GIPR,3.77922807095555
OA3,ProC,NGF,3.73539357515767
OA3,ProC,URB1,3.73463386046068
OA3,ProC,INHBA,3.72368020182652
OA3,ProC,GPT2,3.68418815423974
OA3,ProC,ST8SIA1,3.6681472007537
OA3,ProC,NPM3,3.66509651542665
OA3,ProC,NPR2,3.64799565748361
OA3,ProC,METRNL,3.64233249863503
OA3,ProC,FGF2,3.62606168858893
OA3,ProC,ATP13A3,3.62263674607986
OA3,ProC,SLC4A7,3.61934801753645
OA3,ProC,RRS1,3.61819657515569
OA3,ProC,SPSB4,3.61713135562766
OA3,ProC,PTGS2,3.61308204265004
OA3,ProC,GLIS3,3.59803148241015
OA3,ProC,ARC,3.58053380790035
OA3,ProC,KANK1,3.57033273491242
OA3,ProC,HTRA3,3.57029547166032
OA3,ProC,ACTC1,3.55463860216663
OA3,ProC,ST3GAL1,3.55236699220777
OA3,ProC,PDCD11,3.54940696406866
OA3,ProC,KRT17,3.53982909605849
OA3,ProC,UTP15,3.52626374007616
OA3,ProC,PCDH1,3.51980948055222
OA3,ProC,SMOX,3.51794408376047
OA3,ProC,PDE4B,3.51014664320878
OA3,ProC,EML6,3.49569785274431
OA3,ProC,TXNRD1,3.47455416983632
OA3,ProC,BYSL,3.46943693142215
OA3,RegC,TCN1,58707.648503482
OA3,RegC,RETN,13105.5106758551
OA3,RegC,MZB1,1490.73017011916
OA3,RegC,PGLYRP1,1383.8695665217
OA3,RegC,SEMA6B,1200.42139801882
OA3,RegC,PADI4,1197.85508381462
OA3,RegC,ADGRG3,1045.34660853423
OA3,RegC,MS4A3,572.394444878075
OA3,RegC,MNDA,540.748174105853
OA3,RegC,CST7,437.051156294072
OA3,RegC,RNF126P1,429.162512337012
OA3,RegC,SPI1,404.236029321951
OA3,RegC,S100A8,293.134698514355
OA3,RegC,CCR1,286.376195729035
OA3,RegC,ADAP1,263.855594655638
OA3,RegC,TMEM52B,247.57987409489
OA3,RegC,RNASE6,241.232480471731
OA3,RegC,TMCC3,222.970319515818
OA3,RegC,CD86,205.171136328904
OA3,RegC,CAMP,204.070718540261
OA3,RegC,CEBPE,203.94824084142
OA3,RegC,CD38,197.856918322349
OA3,RegC,OLFM4,180.396461330612
OA3,RegC,IL2RA,179.013048189086
OA3,RegC,LTF,171.875504366528
OA3,RegC,IL1A,146.497654357024
OA3,RegC,SERPINB2,143.321775346413
OA3,RegC,SIGLEC1,133.261483633354
OA3,RegC,AQP9,129.21355212297
OA3,RegC,CLEC4D,125.934653658351
OA3,RegC,CHIT1,123.612191459875
OA3,RegC,IL1B,119.196357043563
OA3,RegC,IL6,111.734180424687
OA3,RegC,CYTIP,110.71090825188
OA3,RegC,TFEC,108.615774513448
OA3,RegC,SEL1L3,98.7018611773947
OA3,RegC,SLAMF1,98.3649307677704
OA3,RegC,OLR1,97.1369086621697
OA3,RegC,CD163,90.9200012980537
OA3,RegC,HLA-DQA1,88.5192568204087
OA3,RegC,ZFR2,83.783354614322
OA3,RegC,SAMSN1,76.8448836861289
OA3,RegC,SLCO2B1,76.3996506266501
OA3,RegC,TYROBP,71.613552303608
OA3,RegC,MYO1G,69.6440573556031
OA3,RegC,FOLR2,68.7598756822618
OA3,RegC,RNASE1,68.4370256162557
OA3,RegC,C1QB,67.0530991463377
OA3,RegC,TNFSF14,66.7739705882125
OA3,RegC,SLAMF7,65.1998531488659
OA3,RegC,MS4A4A,61.1429776221805
OA3,RegC,CCL22,59.3077436026072
OA3,RegC,CYBB,59.0759305232657
OA3,RegC,S100A9,58.6470160472368
OA3,RegC,DOCK2,56.8221709162277
OA3,RegC,FGR,54.0788607238221
OA3,RegC,GPRIN3,52.080385476356
OA3,RegC,MS4A6A,51.0028784222325
OA3,RegC,CD53,45.070881871065
OA3,RegC,SLCO4A1,42.7292077464996
OA3,RegC,PLN,42.6391510035053
OA3,RegC,CXCL3,42.2703646784532
OA3,RegC,CLEC5A,41.5038500443866
OA3,RegC,CD84,41.3510825352092
OA3,RegC,COX4I2,41.1714405646957
OA3,RegC,ALDH8A1,40.5480023099023
OA3,RegC,CXCL8,39.8130506598601
OA3,RegC,PLA2G7,39.7785143444711
OA3,RegC,ZNF366,39.2757153516709
OA3,RegC,LYZ,39.138387544291
OA3,RegC,C10orf128,38.4407954996742
OA3,RegC,MS4A7,38.0122120562897
OA3,RegC,RASSF2,37.2769520311937
OA3,RegC,LAIR1,36.7492187293704
OA3,RegC,PIK3R5,36.705172309126
OA3,RegC,ARHGAP30,36.6835554087718
OA3,RegC,FCER1G,36.4887610176837
OA3,RegC,EREG,35.9186493464563
OA3,RegC,PDE1A,35.6631134204602
OA3,RegC,LOC731424,35.5770701376239
OA3,RegC,MMP9,35.5075560365848
OA3,RegC,CLEC4E,35.268473459005
OA3,RegC,CSTA,35.2487812210717
OA3,RegC,TBXAS1,34.8885192400307
OA3,RegC,C1QC,34.7430277224153
OA3,RegC,L3MBTL4-AS1,34.710663583269
OA3,RegC,RGS1,33.6804353181504
OA3,RegC,C3,30.0345653210276
OA3,RegC,FGL2,29.3647403526975
OA3,RegC,PLEK,27.27431482538
OA3,RegC,CXCL2,25.5861441020148
OA3,RegC,CXCR4,25.031603775309
OA3,RegC,PLAC8,23.668416067585
OA3,RegC,IL1RN,23.4793691398635
OA3,RegC,MMP12,23.2965219604739
OA3,RegC,IGLL5,21.834369735897
OA3,RegC,LCP1,20.4406742754591
OA3,RegC,LOC101927087,19.7134125472595
OA3,RegC,C1QA,19.6185469048073
OA3,RegC,HLA-DRA,19.5187596412326
OA3,preHTC,MLLT10P1,93.6119243486085
OA3,preHTC,LY6D,42.9188600464778
OA3,preHTC,CLDN10,38.6270311666993
OA3,preHTC,CCDC13,20.0667194289589
OA3,preHTC,TNFAIP6,12.5021649971984
OA3,preHTC,FAM159B,11.5041848546336
OA3,preHTC,SOX11,11.4014509665983
OA3,preHTC,PRG4,11.3739646247932
OA3,preHTC,DNAJC12,8.49128176643137
OA3,preHTC,F5,8.24574650977437
OA3,preHTC,DEFB1,7.88697012451747
OA3,preHTC,AMTN,7.55073465153824
OA3,preHTC,UPK1B,6.59734159467429
OA3,preHTC,TNP1,6.44585641107207
OA3,preHTC,ISM2,6.37671021151553
OA3,preHTC,GFRA2,6.32486640907496
OA3,preHTC,MSLN,6.30502179058282
OA3,preHTC,TNFSF10,6.22175202280329
OA3,preHTC,NTF3,5.91064975853072
OA3,preHTC,ABI3BP,5.82888528967753
OA3,preHTC,AKR1C2,5.79445327362978
OA3,preHTC,NOS2,5.7760356678902
OA3,preHTC,ST6GALNAC5,5.75592961099643
OA3,preHTC,DUSP4,5.72292129298279
OA3,preHTC,SEMA3C,5.54677001971606
OA3,preHTC,NDP,5.47758677310293
OA3,preHTC,TNFRSF21,5.43707680648955
OA3,preHTC,CCL20,5.37818814598293
OA3,preHTC,ACKR2,5.20869136137622
OA3,preHTC,SLC7A2,5.08675829631035
OA3,preHTC,AKR1C1,5.0164058740225
OA3,preHTC,C15orf48,4.98317185301078
OA3,preHTC,UCP2,4.97648126175922
OA3,preHTC,IGFBP5,4.91630253061005
OA3,preHTC,ABCA8,4.67610302733499
OA3,preHTC,GALNT16,4.64956926421219
OA3,preHTC,ADAMTS5,4.5843764640143
OA3,preHTC,KRT17,4.53554207395464
OA3,preHTC,RIPPLY2,4.45170496331495
OA3,preHTC,DCDC2B,4.44813411931713
OA3,preHTC,TMEM59L,4.39202013861543
OA3,preHTC,SQRDL,4.16534666909143
OA3,preHTC,PDZK1IP1,4.1608858388742
OA3,preHTC,MCPH1-AS1,4.14735889878465
OA3,preHTC,BMPR1B,4.14175849398406
OA3,preHTC,VCAM1,4.09724641780488
OA3,preHTC,ASPN,4.0342040706405
OA3,preHTC,MAP3K7CL,3.97521352556949
OA3,preHTC,SLC27A4,3.93476842255216
OA3,preHTC,IL11,3.9257172071242
OA3,preHTC,FAM132B,3.88398987585107
OA3,preHTC,CAV1,3.87195418328449
OA3,preHTC,SPINT1,3.83750974483945
OA3,preHTC,ANGPTL1,3.72384779482392
OA3,preHTC,DENND3,3.72192934886737
OA3,preHTC,SFN,3.71011471132306
OA3,preHTC,HTRA1,3.70576198289101
OA3,preHTC,NNAT,3.62834751516841
OA3,preHTC,SPARCL1,3.62808171155064
OA3,preHTC,SSC5D,3.61010593030711
OA3,preHTC,CYFIP2,3.6014400965755
OA3,preHTC,BDKRB1,3.58928049796157
OA3,preHTC,F2,3.54183014654866
OA3,preHTC,TNFAIP8,3.53643768162811
OA3,preHTC,PTGER2,3.52263579122226
OA3,preHTC,LINC00346,3.52128379150833
OA3,preHTC,FZD10,3.4819432322579
OA3,preHTC,GAREM,3.4542354304006
OA3,preHTC,UROC1,3.44500954063322
OA3,preHTC,SLC1A1,3.32196477221079
OA3,preHTC,NGF,3.3026647229112
OA3,preHTC,LPAR6,3.29602403334621
OA3,preHTC,TNC,3.29378334379241
OA3,preHTC,BTBD16,3.28704648274488
OA3,preHTC,TREM1,3.28516102292461
OA3,preHTC,EPYC,3.27450741421633
OA3,preHTC,COCH,3.24279874052244
OA3,preHTC,TRIM29,3.19815686832399
OA3,preHTC,MSC,3.19413165311566
OA3,preHTC,TMEM255B,3.18408573592751
OA3,preHTC,VCAN,3.18329491642248
OA3,preHTC,OGN,3.14060161008768
OA3,preHTC,NPR3,3.0586887454354
OA3,preHTC,CAPS,3.01196843726639
OA3,preHTC,DPT,3.00868397904567
OA3,preHTC,SPTLC3,3.00765919409169
OA3,preHTC,GOLGA7B,3.00109792757543
OA3,preHTC,PTGES,2.99675047719736
OA3,preHTC,APCDD1L,2.99162689083433
OA3,preHTC,TMEM108,2.97826602073615
OA3,preHTC,MPPE1,2.9531402259061
OA3,preHTC,C17orf58,2.92844262703563
OA3,preHTC,YJEFN3,2.91753500392643
OA3,preHTC,ANK3,2.91167642580274
OA3,preHTC,GJB2,2.91122904329719
OA3,preHTC,NOVA1,2.90844972894023
OA3,preHTC,WNT16,2.87287550258845
OA3,preHTC,NT5E,2.86739557563414
OA3,preHTC,SNTB1,2.85822795663714
OA3,preHTC,GAS1,2.83978506174097
OA4,EC,CCDC160,61.7366916282502
OA4,EC,ANKRD1,37.2840334057469
OA4,EC,SPINK1,28.1514895274531
OA4,EC,KRT16P3,13.5532640365964
OA4,EC,TMEM156,8.69166143229848
OA4,EC,FAM170B,8.57577551896998
OA4,EC,MTBP,8.26628721537154
OA4,EC,ALOX12P2,7.11721455279022
OA4,EC,CCL7,6.96728515835433
OA4,EC,SUV39H1,6.65348707902954
OA4,EC,ODF3L1,6.58136368032132
OA4,EC,CLDN4,6.52276007455794
OA4,EC,KCNK17,6.33742939451451
OA4,EC,SPOCK3,6.20280549542979
OA4,EC,BLM,6.16290233314939
OA4,EC,CDC42EP2,6.07496650678656
OA4,EC,EML2-AS1,5.65268204606406
OA4,EC,LAMC2,5.61929223381832
OA4,EC,SPINK2,5.57848184077663
OA4,EC,NUP62CL,5.41541683285703
OA4,EC,TNFAIP8L3,5.31718483600565
OA4,EC,DSC2,5.24092862511271
OA4,EC,UBE2V1,5.21458630846519
OA4,EC,C4orf26,5.15645443471951
OA4,EC,LINC01384,4.74083322993778
OA4,EC,WDR63,4.66512191793694
OA4,EC,RARA-AS1,4.65174151067827
OA4,EC,BCYRN1,4.41614592581391
OA4,EC,ZBTB20-AS1,4.22865489701771
OA4,EC,FGD6,4.16161880135647
OA4,EC,ZBED9,4.14233586657428
OA4,EC,FABP3,4.1017890801683
OA4,EC,RSPO3,4.04616435632854
OA4,EC,ULBP1,4.03486983436129
OA4,EC,ADPRHL1,4.00403976488363
OA4,EC,AGR2,3.97736765527327
OA4,EC,CFAP58-AS1,3.96501144388282
OA4,EC,NXPE4,3.94272686825453
OA4,EC,FST,3.91711695850105
OA4,EC,SERPINA6,3.9118214095365
OA4,EC,FOXA2,3.733871540961
OA4,EC,ZNF527,3.69969821553992
OA4,EC,ZNF682,3.69566443542072
OA4,EC,DNAJC22,3.56871425129369
OA4,EC,P2RY2,3.53838462033616
OA4,EC,GIPR,3.51004747424388
OA4,EC,STARD13-AS,3.50812199366601
OA4,EC,RCAN3,3.45665787481767
OA4,EC,TRIB3,3.45471541240498
OA4,EC,SFTPD,3.39325835631398
OA4,EC,NDRG4,3.38489128991446
OA4,EC,SDHA,3.36824827377944
OA4,EC,ARC,3.36158538901024
OA4,EC,HLA-J,3.35603988165374
OA4,EC,DIRAS3,3.31633745249807
OA4,EC,HSD17B14,3.29301630438606
OA4,EC,GBP1,3.26291019276234
OA4,EC,TCEAL5,3.23835666069325
OA4,EC,CHRDL2,3.21993309214463
OA4,EC,CSDC2,3.20149295339034
OA4,EC,MB21D2,3.19258867851793
OA4,EC,ITPKC,3.18416418311172
OA4,EC,FICD,3.16604548495215
OA4,EC,ZNF563,3.16370031082505
OA4,EC,PINX1,3.14912828738245
OA4,EC,WNT3,3.14885655335442
OA4,EC,C5orf49,3.13786817384448
OA4,EC,FRZB,3.10716622065468
OA4,EC,CISH,3.10135522712338
OA4,EC,LINC00884,3.08070591498091
OA4,EC,LOC102723505,3.07458365203833
OA4,EC,TPM4,3.05410455643311
OA4,EC,IPO5P1,3.02735546789718
OA4,EC,KIF1A,3.02596922831475
OA4,EC,ZNF670,3.02045060641573
OA4,EC,CYTL1,3.01129945075353
OA4,EC,FLJ41200,3.00885627975474
OA4,EC,ZNF365,3.00467701732651
OA4,EC,ERICH2,2.97415509628995
OA4,EC,MLLT11,2.97193828003509
OA4,EC,ZNF674-AS1,2.96949763740651
OA4,EC,FOXA3,2.95125096694636
OA4,EC,TMEM132C,2.94763124208918
OA4,EC,ENHO,2.94669892674355
OA4,EC,RELT,2.93199122529688
OA4,EC,ABHD15,2.92835242178223
OA4,EC,MALL,2.92786487107172
OA4,EC,C11orf91,2.91377413351757
OA4,EC,S100P,2.90033548296648
OA4,EC,CTH,2.88813034855168
OA4,EC,ACOX3,2.86874817518683
OA4,EC,GOT1,2.86814823217206
OA4,EC,SH3TC2,2.8589281810491
OA4,EC,ZNF300P1,2.85547204461732
OA4,EC,TRAF3IP2,2.84105979544031
OA4,EC,ANKRD36BP1,2.83591776091628
OA4,EC,ACTB,2.83259186428691
OA4,EC,RAB39B,2.82988896309989
OA4,EC,RARRES2,2.82475149028205
OA4,EC,PCDH1,2.80676592678032
OA4,FC,PODN,278415.534865774
OA4,FC,SELE,193750.891765842
OA4,FC,ROBO4,192738.002009936
OA4,FC,LINC01197,122438.379979825
OA4,FC,FHL5,102560.706161514
OA4,FC,TEK,95961.2380450368
OA4,FC,EBF2,89475.6487504666
OA4,FC,NR2F2-AS1,84071.3400822818
OA4,FC,FMO3,80441.7820288441
OA4,FC,CRYBB1,72169.6017806234
OA4,FC,CRIP3,70405.5058883769
OA4,FC,ADAD2,65144.0848699438
OA4,FC,ARHGEF15,62017.2730700536
OA4,FC,LOC284661,55524.2223467435
OA4,FC,LOC401463,53768.5521186805
OA4,FC,C1QTNF3-AMACR,52058.3046809928
OA4,FC,KRT24,50107.6269020476
OA4,FC,ACKR1,14148.8355412105
OA4,FC,EGFL6,11668.7208204305
OA4,FC,CD34,4345.9438177953
OA4,FC,GIMAP7,4255.72769924816
OA4,FC,FCN3,3211.2810499353
OA4,FC,GIMAP6,2635.6520004118
OA4,FC,HEYL,2554.35672518686
OA4,FC,BMX,2185.15727902634
OA4,FC,SLC35F4,2130.17156122015
OA4,FC,LRRC10B,1824.59271453267
OA4,FC,LOC389033,1561.82683740493
OA4,FC,EDN1,1269.61977286854
OA4,FC,ACE,1220.00669882185
OA4,FC,SLCO1C1,1200.60856708526
OA4,FC,OAS3,1159.9850594875
OA4,FC,SOX18,1127.56031208922
OA4,FC,GGT5,1054.15700007124
OA4,FC,PEAR1,967.562788336019
OA4,FC,CRYGN,949.211154407734
OA4,FC,CLEC1A,945.914460409203
OA4,FC,NES,920.280937525251
OA4,FC,CCL23,772.54333856437
OA4,FC,GIMAP4,741.014360351825
OA4,FC,C1QL1,572.885385884842
OA4,FC,CXCL12,542.702357377405
OA4,FC,SHANK3,521.784487840227
OA4,FC,SFRP2,500.665987436214
OA4,FC,LHX6,489.112198785848
OA4,FC,LINC01142,475.651931909745
OA4,FC,PGM5,453.824349452172
OA4,FC,MFAP5,450.387900215935
OA4,FC,PECAM1,436.905730740825
OA4,FC,LGALS2,431.41375507278
OA4,FC,OR7E2P,409.268333702958
OA4,FC,CLEC14A,367.624418700729
OA4,FC,LRRC4C,317.911067571619
OA4,FC,CASP5,309.464117744993
OA4,FC,ADGRF5,307.69974971654
OA4,FC,LGALS3BP,298.464683201657
OA4,FC,GIMAP8,289.346670866753
OA4,FC,HOXB8,273.739914728274
OA4,FC,CD248,268.852888748423
OA4,FC,ADRA1D,268.138326798019
OA4,FC,CPXM1,264.868179647445
OA4,FC,LDB2,258.567180185888
OA4,FC,OAS1,255.740953041743
OA4,FC,LINC00310,252.564795135781
OA4,FC,LIMS2,249.149743521014
OA4,FC,WISP2,247.448198901901
OA4,FC,IFI44L,247.31380636515
OA4,FC,RTN4RL2,226.343714268576
OA4,FC,EPHX3,224.506200904389
OA4,FC,MEOX1,223.608111629755
OA4,FC,CYYR1,223.020069074836
OA4,FC,ANKRD22,219.790946693766
OA4,FC,MCF2L,211.55155733002
OA4,FC,COL22A1,203.365796061136
OA4,FC,PCDH18,197.087936199633
OA4,FC,CFD,190.787449684711
OA4,FC,C1orf233,182.502681828351
OA4,FC,SECTM1,181.237348520808
OA4,FC,SFTA1P,179.661692284614
OA4,FC,TRIM22,175.159886418015
OA4,FC,CHN1,171.149931254681
OA4,FC,LOC643733,168.550316414845
OA4,FC,PRSS36,166.007340033772
OA4,FC,IFITM5,165.296501635872
OA4,FC,KCNMB1,162.435890306076
OA4,FC,CPB1,158.275459453717
OA4,FC,CLDN11,152.153483951302
OA4,FC,CLDN5,149.86634819903
OA4,FC,CXorf36,146.830245925004
OA4,FC,CH25H,138.765036837261
OA4,FC,SPARCL1,137.54324348548
OA4,FC,JCHAIN,137.339926102742
OA4,FC,APLNR,136.039041457435
OA4,FC,COL14A1,135.094590477675
OA4,FC,ADAMTS9-AS1,134.639548441076
OA4,FC,FABP5P3,130.831148229716
OA4,FC,NELL1,130.108039328973
OA4,FC,LINC00900,126.451279280858
OA4,FC,AFAP1L1,125.403048851913
OA4,FC,QRFPR,124.716898847603
OA4,HTC,OR10G2,50326.5677111158
OA4,HTC,UMODL1-AS1,4678.84929890026
OA4,HTC,GPR33,683.237218635136
OA4,HTC,HIST1H2AH,227.753981840863
OA4,HTC,ROPN1,137.9521105744
OA4,HTC,PLA2G10,135.746764912358
OA4,HTC,LOC646471,97.1579725026887
OA4,HTC,HIST1H2BE,94.2085937413565
OA4,HTC,DRAXIN,68.4426485411217
OA4,HTC,RAPGEF4-AS1,62.1238671578591
OA4,HTC,HSPA7,58.8506940337943
OA4,HTC,EHMT1-IT1,53.2826965715457
OA4,HTC,UCMA,51.3692858837961
OA4,HTC,MATN4,51.1926101705018
OA4,HTC,LOC648987,49.4530985706182
OA4,HTC,HOXB3,49.3715726909201
OA4,HTC,FBXO15,48.4221936103864
OA4,HTC,ZBTB37,40.2043559893012
OA4,HTC,COL10A1,39.6705205160567
OA4,HTC,ORM1,39.2261307706998
OA4,HTC,HES7,37.7436296884376
OA4,HTC,CAPN6,35.7471733351527
OA4,HTC,SHF,30.2173072415021
OA4,HTC,RNVU1-19,30.2041663666033
OA4,HTC,SERPINI2,28.6473369939094
OA4,HTC,LOC100996349,26.7201255842204
OA4,HTC,SMPX,24.9641865127253
OA4,HTC,MEPE,24.780703624726
OA4,HTC,SNORA80E,24.3148178280464
OA4,HTC,TMCC1-AS1,23.8040007966897
OA4,HTC,CA12,20.5801273301637
OA4,HTC,WNT5A,19.6369283085064
OA4,HTC,PPP1R3G,19.5616560091291
OA4,HTC,TSPAN8,18.9690287530375
OA4,HTC,MYOZ3,18.566582017006
OA4,HTC,LPIN3,18.5307956160889
OA4,HTC,LOC101928441,16.6814592937141
OA4,HTC,PENK,16.0246785221074
OA4,HTC,DNASE1,15.9334289505925
OA4,HTC,PRKG2,15.6850447825459
OA4,HTC,MMP13,15.2954864732581
OA4,HTC,WNK4,13.7789609482229
OA4,HTC,VTRNA1-3,13.5004427472583
OA4,HTC,RNU6ATAC,12.8409939087576
OA4,HTC,ZBTB20-AS4,12.3250850503394
OA4,HTC,DLX6-AS1,12.3182327694322
OA4,HTC,LINC00261,12.2594289853142
OA4,HTC,VTRNA1-1,12.242912205819
OA4,HTC,LOC101928002,12.0548553104533
OA4,HTC,SNX22,12.0271834299378
OA4,HTC,HSPA6,12.0267588365059
OA4,HTC,LOC100506551,11.9671515826356
OA4,HTC,CEP72,11.5527894193608
OA4,HTC,WNT1,11.4149209212611
OA4,HTC,IL17B,10.8910919231905
OA4,HTC,NAALAD2,10.7815717830316
OA4,HTC,JPH1,10.5920069823499
OA4,HTC,EVI5L,10.4920212986196
OA4,HTC,DPH3P1,10.4578494700738
OA4,HTC,ALPL,10.3704099421303
OA4,HTC,ITGA9-AS1,10.3200623158352
OA4,HTC,BHLHE41,10.1321929284276
OA4,HTC,LOC389705,9.86841008264779
OA4,HTC,RPSAP52,9.75587478089317
OA4,HTC,MBLAC2,9.70142367319287
OA4,HTC,IHH,9.65540888295095
OA4,HTC,ZNF385C,9.55539250496673
OA4,HTC,FLJ36777,9.33791687429757
OA4,HTC,KLF15,9.31544164097477
OA4,HTC,NRG2,9.24603079034015
OA4,HTC,RMRP,9.23348786484384
OA4,HTC,COL9A1,9.20501241087422
OA4,HTC,GNB3,9.17274278512013
OA4,HTC,LOC643770,9.14982566857318
OA4,HTC,NPFF,9.03288266450659
OA4,HTC,RELN,8.95667419005375
OA4,HTC,LEF1,8.83434868909482
OA4,HTC,TUBA8,8.75219082395759
OA4,HTC,PRSS50,8.74849088830322
OA4,HTC,RANBP3L,8.67358788081965
OA4,HTC,LINC00847,8.55478173449172
OA4,HTC,SLC28A2,8.54761692971692
OA4,HTC,PRMT5-AS1,8.36421871376987
OA4,HTC,COX6A2,8.26336450719563
OA4,HTC,RNU6-2,8.26219337515803
OA4,HTC,LOC100507053,8.24220764693045
OA4,HTC,DPY19L2,8.14330001122733
OA4,HTC,GPD1,7.88041702223191
OA4,HTC,NCAPG2,7.85994948856598
OA4,HTC,PARD6B,7.67686903725866
OA4,HTC,PANX3,7.59953466730519
OA4,HTC,GJB2,7.5798070203769
OA4,HTC,LINC00324,7.57947442540562
OA4,HTC,PTK6,7.48268948212261
OA4,HTC,ACVRL1,7.4013846901429
OA4,HTC,SMIM5,7.33441374490853
OA4,HTC,SDHAP3,7.22795948074009
OA4,HTC,ZNF385B,7.2057104961286
OA4,HTC,ZNF214,7.12428679394021
OA4,HTC,ALX4,7.11231598295148
OA4,HomC,ACTG1P4,63790.4836102629
OA4,HomC,DHH,10085.8648770255
OA4,HomC,CCL18,1411.79487616848
OA4,HomC,RDH10-AS1,219.078560048262
OA4,HomC,LCK,171.782864892299
OA4,HomC,HBA2,161.566634094662
OA4,HomC,HBA1,121.587619696692
OA4,HomC,DMP1,115.032888953849
OA4,HomC,SAXO1,91.9687347649737
OA4,HomC,BACH1-IT2,44.6774467443082
OA4,HomC,HBG2,41.5322320138155
OA4,HomC,CATIP,26.8888011511734
OA4,HomC,ZNF547,23.3376694188275
OA4,HomC,HBG1,22.9494289002932
OA4,HomC,DNAJC18,22.41807636008
OA4,HomC,LINC01132,20.6515755345288
OA4,HomC,LACE1,20.4408790010433
OA4,HomC,AURKA,20.4176315152277
OA4,HomC,OR7E47P,19.1733727371162
OA4,HomC,HIST2H2BF,18.3031376375046
OA4,HomC,CIRBP-AS1,17.389165263127
OA4,HomC,CCNE1,17.0274534294403
OA4,HomC,ACER2,16.8252796413879
OA4,HomC,MAGEE1,16.4098366287144
OA4,HomC,DOK7,16.3867239327752
OA4,HomC,NPHS1,15.9071515198882
OA4,HomC,TRIM69,15.8121825689053
OA4,HomC,PLEKHG2,15.178145229924
OA4,HomC,GDF15,14.7346533020311
OA4,HomC,NMNAT3,14.6330795515278
OA4,HomC,ADM5,14.4311219585857
OA4,HomC,ZFP30,13.5157607841825
OA4,HomC,MCF2,13.0963268728469
OA4,HomC,POU2F2,11.989034101836
OA4,HomC,C3orf67,11.9158441171121
OA4,HomC,JUN,11.8247035824188
OA4,HomC,SP6,11.818916381196
OA4,HomC,GAST,11.5333281639864
OA4,HomC,UNC80,11.3408289395502
OA4,HomC,KLF2,11.3082234775927
OA4,HomC,GOLGA6C,10.6531275547468
OA4,HomC,RASD1,10.5838446663544
OA4,HomC,EFNA2,10.4138723395409
OA4,HomC,RPL13P5,10.2592008194486
OA4,HomC,SNHG12,10.2014437230145
OA4,HomC,FBXO48,9.8174285696113
OA4,HomC,CCDC173,9.80532465291232
OA4,HomC,CATSPERG,9.74933342038548
OA4,HomC,LOC101927391,9.68216550328522
OA4,HomC,SPDYA,9.55787087194693
OA4,HomC,MMP25,9.35279855924188
OA4,HomC,DNAJC28,9.28131169104898
OA4,HomC,HIST2H2BA,9.25149142149064
OA4,HomC,C5orf45,9.20861623639868
OA4,HomC,AKAP5,9.1867296968142
OA4,HomC,FOS,9.05370867420664
OA4,HomC,EGR1,8.71290223048636
OA4,HomC,ELOVL3,8.62739340546426
OA4,HomC,MYLIP,8.59281929036369
OA4,HomC,STIL,8.56288153544118
OA4,HomC,LOC653712,8.40841012276314
OA4,HomC,LINC01137,8.29963243668496
OA4,HomC,ATP8A1,8.19147383735469
OA4,HomC,DDX43,8.15174697692222
OA4,HomC,RGS16,7.97546181821021
OA4,HomC,GRAMD2,7.94500545931024
OA4,HomC,FOSB,7.90584469886412
OA4,HomC,PRKCQ,7.84499072858163
OA4,HomC,PARD6G-AS1,7.81565308056976
OA4,HomC,ZNF844,7.81036591193953
OA4,HomC,PAQR8,7.77779696478516
OA4,HomC,CCNE2,7.73010588321686
OA4,HomC,SMCR5,7.71907995018316
OA4,HomC,KIF4A,7.62471831260936
OA4,HomC,STAB2,7.46141255043432
OA4,HomC,RPPH1,7.39641216623777
OA4,HomC,THAP9,7.29124598354722
OA4,HomC,FAM46C,7.25697871590075
OA4,HomC,NR4A1,7.22821489204282
OA4,HomC,LOC100287846,7.19168932769557
OA4,HomC,LOC643072,7.09463012662294
OA4,HomC,NUP210L,7.06156319978972
OA4,HomC,HHEX,7.04498819061104
OA4,HomC,DDX26B,6.96872576787779
OA4,HomC,MST1,6.93725718020271
OA4,HomC,SNAI1,6.87995756432637
OA4,HomC,GATA2,6.85452969645411
OA4,HomC,PDCL3P4,6.8446590171216
OA4,HomC,FNDC5,6.81725297190133
OA4,HomC,PPP1R10,6.74999067000246
OA4,HomC,RSPH4A,6.74765860760561
OA4,HomC,RSRP1,6.7205320473439
OA4,HomC,HOXA5,6.70139622390396
OA4,HomC,ANKRD31,6.66461917876886
OA4,HomC,SOCS1,6.59264731661743
OA4,HomC,LOC105747689,6.49983453441816
OA4,HomC,LOC102723704,6.49930976126404
OA4,HomC,NR4A2,6.4723030127671
OA4,HomC,ADM,6.44487526512608
OA4,HomC,OVGP1,6.43512290094751
OA4,ProC,LCE1E,254.114808420561
OA4,ProC,GDNF,14.1266989145221
OA4,ProC,MMP1,11.0765595655504
OA4,ProC,TMEM132C,9.35383949689603
OA4,ProC,KRTAP2-3,9.07419803317751
OA4,ProC,S100A2,8.69095864936521
OA4,ProC,HAO1,8.25864775051225
OA4,ProC,SPTBN5,8.23047533859321
OA4,ProC,WNT16,8.13726192651346
OA4,ProC,TAC1,7.80266195801747
OA4,ProC,GAS6-AS2,7.76805644260619
OA4,ProC,FERMT1,6.942418089985
OA4,ProC,DCLK1,6.74276984543443
OA4,ProC,ASB5,6.69469741376223
OA4,ProC,GCSAM,6.62555745831147
OA4,ProC,CITED4,6.6079898134643
OA4,ProC,GAS6-AS1,6.48682632976705
OA4,ProC,LOC100507156,6.46819935655662
OA4,ProC,PAQR9-AS1,6.06146823598971
OA4,ProC,KCNG1,6.02628804659199
OA4,ProC,FAM110C,5.86231737397147
OA4,ProC,RIPK4,5.80240304622824
OA4,ProC,CTB-178M22.2,5.77612845084366
OA4,ProC,FGF1,5.76346995390995
OA4,ProC,P3H2,5.75225669164546
OA4,ProC,BMP2,5.5824509968786
OA4,ProC,DHX37,5.34893812047069
OA4,ProC,SLC9C1,5.3217996306487
OA4,ProC,TFPI2,5.30122410484551
OA4,ProC,POLR1A,5.2579815407575
OA4,ProC,PITPNM2,5.20432332661855
OA4,ProC,LIF,5.07701721507459
OA4,ProC,SYNJ2,5.06303143400775
OA4,ProC,INHBA-AS1,5.03283103451514
OA4,ProC,IL11,4.94311407958485
OA4,ProC,MREG,4.85886956708666
OA4,ProC,FAM101B,4.75799711612564
OA4,ProC,BMP6,4.74662253700191
OA4,ProC,LRRC8C,4.74318447826586
OA4,ProC,KIRREL,4.73605461895655
OA4,ProC,LOC101928841,4.73507696723699
OA4,ProC,WDR12,4.71208566134998
OA4,ProC,FLJ46906,4.68375010832404
OA4,ProC,LINC00601,4.64825254940688
OA4,ProC,EML6,4.62650398797702
OA4,ProC,C3orf52,4.61897107795977
OA4,ProC,B3GNT5,4.60611227912063
OA4,ProC,GPR183,4.57158195401077
OA4,ProC,BCAS4,4.54424790603554
OA4,ProC,PSAT1,4.52253939912705
OA4,ProC,CLMP,4.45126690679791
OA4,ProC,TIMM8A,4.44819390966497
OA4,ProC,WDR3,4.38935365051761
OA4,ProC,HTRA3,4.34478106930037
OA4,ProC,NPR2,4.32273409978462
OA4,ProC,ITGA2,4.3071577153394
OA4,ProC,LINC01013,4.28066032101774
OA4,ProC,CLDN1,4.24064073390364
OA4,ProC,JHDM1D-AS1,4.2279292611299
OA4,ProC,FOXC2,4.17462997852059
OA4,ProC,ADPRHL1,4.14505293476066
OA4,ProC,PUS1,4.13596131672562
OA4,ProC,PTGS2,4.11850131527652
OA4,ProC,ZNF365,4.10395075027178
OA4,ProC,GLIS3,4.10334952711473
OA4,ProC,KRT16,4.1027540682325
OA4,ProC,C2CD4B,4.05183291682385
OA4,ProC,ERCC1,4.03413601681947
OA4,ProC,INHBA,4.01909506419049
OA4,ProC,ATP13A3,3.99148175188859
OA4,ProC,SLC22A23,3.98218100646479
OA4,ProC,ST8SIA1,3.98071711373708
OA4,ProC,FGF2,3.9735030472105
OA4,ProC,TET3,3.96916085267155
OA4,ProC,TMEM100,3.94926225822907
OA4,ProC,GIPR,3.93296314976519
OA4,ProC,SPSB4,3.91986305023224
OA4,ProC,TGFB1,3.90935774885472
OA4,ProC,RASGRP3,3.90643433024327
OA4,ProC,URB1,3.87975133463506
OA4,ProC,KRT17,3.86822070365014
OA4,ProC,RRS1,3.86062301236308
OA4,ProC,GPT2,3.85921221862611
OA4,ProC,SMOX,3.85613438758247
OA4,ProC,NGF,3.85082700495988
OA4,ProC,METRNL,3.84674244743827
OA4,ProC,SDR42E1,3.81470530630297
OA4,ProC,PDCD11,3.81020260066846
OA4,ProC,ZNF583,3.80663560830699
OA4,ProC,TRMT44,3.79570171532311
OA4,ProC,SLC4A7,3.79317700514255
OA4,ProC,ARC,3.76959208292188
OA4,ProC,SNHG20,3.76890023980594
OA4,ProC,BYSL,3.76770030252052
OA4,ProC,ACTC1,3.76324012333857
OA4,ProC,RRP12,3.75643344125183
OA4,ProC,ASNS,3.72541559288795
OA4,ProC,COBL,3.72190677312154
OA4,ProC,TTLL4,3.71072218365217
OA4,ProC,TXNRD1,3.66531076644666
OA4,RegC,TCN1,60242.4628434423
OA4,RegC,RETN,13552.562703196
OA4,RegC,SEMA6B,5449.77369357595
OA4,RegC,PGLYRP1,1508.46494123889
OA4,RegC,PADI4,1329.67497698345
OA4,RegC,ADGRG3,834.656192004603
OA4,RegC,SPI1,657.286987013797
OA4,RegC,MS4A3,605.906141162169
OA4,RegC,MNDA,555.038138340135
OA4,RegC,CST7,480.338241582372
OA4,RegC,RNF126P1,429.457130660851
OA4,RegC,RNASE6,396.474992603676
OA4,RegC,S100A8,330.419272936476
OA4,RegC,CCR1,310.833860739796
OA4,RegC,TMCC3,295.111059557784
OA4,RegC,ADAP1,259.629913618275
OA4,RegC,CAMP,249.019263983147
OA4,RegC,CD86,226.905324107069
OA4,RegC,CEBPE,223.066216935047
OA4,RegC,OLFM4,199.717578423707
OA4,RegC,IL2RA,198.372873697813
OA4,RegC,LTF,181.235254668222
OA4,RegC,CD163,162.146286197084
OA4,RegC,CD38,153.483654321836
OA4,RegC,IL1A,152.683053621226
OA4,RegC,SERPINB2,152.491961585855
OA4,RegC,AQP9,144.452043206225
OA4,RegC,TFEC,139.321447601511
OA4,RegC,IL1B,133.799609450092
OA4,RegC,CLEC4D,130.25096899764
OA4,RegC,SLAMF1,123.915584939165
OA4,RegC,CHIT1,123.893352834004
OA4,RegC,CYTIP,119.532733045162
OA4,RegC,HLA-DQA1,103.459424167966
OA4,RegC,MZB1,102.057358870516
OA4,RegC,SIGLEC1,95.5379038604985
OA4,RegC,OLR1,95.2761879622133
OA4,RegC,SLCO2B1,91.3993834466847
OA4,RegC,SAMSN1,85.0798477621933
OA4,RegC,ZFR2,82.2963371770351
OA4,RegC,TYROBP,77.0987225207646
OA4,RegC,FOLR2,72.6523615491008
OA4,RegC,S100A9,71.2712256653767
OA4,RegC,CCL22,66.3105833713482
OA4,RegC,CYBB,66.0863820383344
OA4,RegC,C1QB,66.0083074952759
OA4,RegC,MS4A4A,65.9193647656774
OA4,RegC,MYO1G,63.3069475100871
OA4,RegC,PLA2G7,57.4609475836196
OA4,RegC,LOC731424,57.3841355724023
OA4,RegC,MS4A6A,56.4149190172407
OA4,RegC,RGS1,55.1328735693246
OA4,RegC,SLAMF7,54.668902740625
OA4,RegC,CD53,52.3795329452215
OA4,RegC,L3MBTL4-AS1,47.9714053255982
OA4,RegC,SEL1L3,47.0519276583616
OA4,RegC,CXCL3,46.6816438056176
OA4,RegC,CLEC5A,43.6921557036379
OA4,RegC,CXCL8,43.3520533186971
OA4,RegC,PIK3R5,42.9810911915653
OA4,RegC,ALDH8A1,42.8675752038167
OA4,RegC,MMP9,40.6711395191492
OA4,RegC,EREG,40.3749084708539
OA4,RegC,MS4A7,40.2386654245266
OA4,RegC,LYZ,39.3227335327665
OA4,RegC,CLEC4E,39.0735530511098
OA4,RegC,FCER1G,38.8906791964503
OA4,RegC,ARHGAP30,38.2058162906224
OA4,RegC,LAIR1,37.9522531505033
OA4,RegC,C1QC,37.4518894462707
OA4,RegC,TBXAS1,36.9508455237104
OA4,RegC,PLEK,29.9067637970282
OA4,RegC,C3,28.9138017332965
OA4,RegC,CXCR4,28.869075427209
OA4,RegC,MMP12,28.4771790247247
OA4,RegC,CD84,28.2794494250023
OA4,RegC,GPRIN3,28.0122503806729
OA4,RegC,IL1RN,27.3226697461001
OA4,RegC,DOCK2,27.1568321818433
OA4,RegC,CXCL2,26.4991608725537
OA4,RegC,PLAC8,25.1721058894647
OA4,RegC,IGLL5,22.4211320050174
OA4,RegC,LCP1,22.3999125430247
OA4,RegC,LOC101927087,21.254076286157
OA4,RegC,C1QA,21.1074690982736
OA4,RegC,SLCO4A1,21.0951545886787
OA4,RegC,TMEM52B,21.0204150384855
OA4,RegC,AIF1,20.0348460119635
OA4,RegC,FGR,20.0175810390937
OA4,RegC,SLC22A1,19.8288460154597
OA4,RegC,ADAM8,19.7653229852353
OA4,RegC,CCL3,19.4982364837659
OA4,RegC,HAVCR2,19.4290605823487
OA4,RegC,CCL8,18.6609476461067
OA4,RegC,TNFRSF1B,18.4006909419342
OA4,RegC,FERMT3,18.047418934321
OA4,RegC,GPR160,16.9061549489541
OA4,RegC,LIX1,15.8091748582286
OA4,RegC,LAPTM5,15.6094226635712
OA4,RegC,ALOX5AP,15.4133494813434
OA4,preHTC,CLDN10,29.0089264871917
OA4,preHTC,LY6D,19.5565683350434
OA4,preHTC,TREM1,18.4738061233727
OA4,preHTC,TNFAIP6,14.2258384936641
OA4,preHTC,SOX11,12.2018475363573
OA4,preHTC,F5,11.5706173641238
OA4,preHTC,HHIP,10.8310088836193
OA4,preHTC,FAM159B,10.1247829249372
OA4,preHTC,PRG4,9.05114057042897
OA4,preHTC,DEFB1,8.55704231606385
OA4,preHTC,CALCB,8.43989109496284
OA4,preHTC,AMTN,8.26050365479896
OA4,preHTC,ASPRV1,8.00412974023665
OA4,preHTC,TNP1,7.97041330916401
OA4,preHTC,MSLN,6.72622648554978
OA4,preHTC,UPK1B,6.52649495096698
OA4,preHTC,TMEM108,5.96470261595868
OA4,preHTC,C15orf48,5.92414051158075
OA4,preHTC,GFRA2,5.91551383700019
OA4,preHTC,NOS2,5.9121925841871
OA4,preHTC,ST6GALNAC5,5.86550874625529
OA4,preHTC,UCP2,5.81807940697689
OA4,preHTC,EPYC,5.76146732896008
OA4,preHTC,SLC7A2,5.63273695470142
OA4,preHTC,VCAM1,5.61707983097272
OA4,preHTC,CRLF1,5.47167745361733
OA4,preHTC,WFDC21P,5.40163667270297
OA4,preHTC,NDP,5.3194397743524
OA4,preHTC,DCDC2B,5.30166335595374
OA4,preHTC,DNAJC12,5.18007525790987
OA4,preHTC,C10orf105,5.17750792522113
OA4,preHTC,TNFSF10,5.14844426936384
OA4,preHTC,ASPN,5.11968116235842
OA4,preHTC,ISM2,5.10553406641545
OA4,preHTC,AKR1C2,5.08274589388748
OA4,preHTC,SEMA3C,5.02958812017585
OA4,preHTC,ACKR2,5.00181973592225
OA4,preHTC,RIPPLY2,4.94918983907429
OA4,preHTC,MCPH1-AS1,4.93241746806337
OA4,preHTC,GALNT16,4.90418919010806
OA4,preHTC,FAM132B,4.74880754723958
OA4,preHTC,HTRA1,4.72852662223303
OA4,preHTC,SFN,4.66078470588699
OA4,preHTC,ADAMTS5,4.6165614339459
OA4,preHTC,FAP,4.5717689622666
OA4,preHTC,CCL20,4.50461947224827
OA4,preHTC,GOLGA7B,4.4248084102206
OA4,preHTC,TMEM59L,4.39339921461656
OA4,preHTC,DUSP4,4.37560407566134
OA4,preHTC,GRIA2,4.26522139119787
OA4,preHTC,SLC27A4,4.16380470206821
OA4,preHTC,PDZK1IP1,4.15070124603901
OA4,preHTC,KRT17,4.11748340635282
OA4,preHTC,MAP3K7CL,4.05627039443704
OA4,preHTC,LINC00346,4.01569791068784
OA4,preHTC,PTGES,3.92557934474183
OA4,preHTC,TNC,3.91413478365777
OA4,preHTC,GJB2,3.91341528192657
OA4,preHTC,PCDH19,3.90428847838441
OA4,preHTC,SLC1A1,3.88230710679826
OA4,preHTC,DPT,3.88193146546684
OA4,preHTC,ABI3BP,3.8133898750936
OA4,preHTC,DENND3,3.76808907226797
OA4,preHTC,CXCL14,3.72453692249842
OA4,preHTC,ABCA8,3.69506794717991
OA4,preHTC,CLDN1,3.66613527013143
OA4,preHTC,BDKRB1,3.64020391224242
OA4,preHTC,P4HA3,3.61362687381539
OA4,preHTC,TRIM29,3.58474199445085
OA4,preHTC,GAREM,3.56586483656432
OA4,preHTC,BTBD16,3.54583899343787
OA4,preHTC,OGN,3.47802698140627
OA4,preHTC,TMEM255B,3.43163939240566
OA4,preHTC,CAPS,3.33097156541941
OA4,preHTC,UROC1,3.30032199300115
OA4,preHTC,NNAT,3.28978727320023
OA4,preHTC,NGF,3.19244285947638
OA4,preHTC,AKR1C1,3.1819318691504
OA4,preHTC,IL11,3.18161389320855
OA4,preHTC,NT5E,3.17695486388581
OA4,preHTC,NPR3,3.17053448901484
OA4,preHTC,TIMP1,3.1567024025419
OA4,preHTC,CRTAC1,3.14714576283153
OA4,preHTC,SRPX2,3.14537656037263
OA4,preHTC,WBSCR17,3.13677885664593
OA4,preHTC,ANK3,3.13151225660749
OA4,preHTC,TGFBI,3.10079333991422
OA4,preHTC,DNER,3.09536801013558
OA4,preHTC,TACSTD2,3.08284561310109
OA4,preHTC,GAS1,3.08079587341954
OA4,preHTC,BMPR1B,3.06423450492956
OA4,preHTC,TNFAIP8,3.05464217188936
OA4,preHTC,RAD51AP2,3.03240824290464
OA4,preHTC,WNT16,3.01275065721082
OA4,preHTC,APCDD1L-AS1,2.99561677794119
OA4,preHTC,NOVA1,2.98890253734402
OA4,preHTC,COL15A1,2.96444582426361
OA4,preHTC,MAMDC2,2.95796284259809
OA4,preHTC,GALNT15,2.95789728319777
OA4,preHTC,CBR3,2.95301882881356
OA5,EC,ANKRD1,42.6160734764599
OA5,EC,SPINK1,37.4807941949594
OA5,EC,KRT16P3,24.0322062915871
OA5,EC,LYPD5,8.95121651065786
OA5,EC,SUV39H1,8.85759739026281
OA5,EC,KRT16P1,8.06382618034936
OA5,EC,CLDN4,7.76952745441998
OA5,EC,TMEM156,7.61426675515638
OA5,EC,ODF3L1,7.09513801717522
OA5,EC,LAMC2,7.04425086066242
OA5,EC,ALOX12P2,6.9263546511713
OA5,EC,CCL7,6.46297122347747
OA5,EC,MTBP,6.38734964771436
OA5,EC,BLM,6.24726505173027
OA5,EC,DSC2,6.16878748120334
OA5,EC,TNFAIP8L3,6.00260220132786
OA5,EC,SLC14A2,5.86528462018357
OA5,EC,WDR63,5.64045325733428
OA5,EC,CDC42EP2,5.43668673895894
OA5,EC,RSPO3,5.41015754364447
OA5,EC,SPOCK3,5.37699004420891
OA5,EC,UBE2V1,5.30841607701511
OA5,EC,NUP62CL,5.03906790658734
OA5,EC,ZBED9,4.88537382279191
OA5,EC,TMEM132C,4.72897169401634
OA5,EC,FGD6,4.72295531154396
OA5,EC,C4orf26,4.66234214741399
OA5,EC,BCYRN1,4.60832805458277
OA5,EC,FST,4.54548025166672
OA5,EC,KCNK17,4.43698396263376
OA5,EC,C5orf49,4.38283199389157
OA5,EC,CFAP58-AS1,4.37076657161712
OA5,EC,PINX1,4.21739167234985
OA5,EC,SPINK2,4.15697327309077
OA5,EC,CHRDL2,4.12535309937435
OA5,EC,LINC01384,4.10631231135833
OA5,EC,FADD,4.08899064356972
OA5,EC,ZNF527,4.08410540726728
OA5,EC,RARA-AS1,4.06046868816361
OA5,EC,NAP1L2,4.05879645172441
OA5,EC,DNAJC22,4.01743460646325
OA5,EC,ADPRHL1,4.00798976502954
OA5,EC,DNTTIP1,3.98368378333168
OA5,EC,FABP3,3.91494634670916
OA5,EC,RCAN3,3.89133470567879
OA5,EC,ULBP1,3.78690000096308
OA5,EC,ZNF682,3.78092719675152
OA5,EC,SORD,3.71400534878898
OA5,EC,AGR2,3.69694631364614
OA5,EC,CSDC2,3.69078176754803
OA5,EC,SERPINA6,3.68443875095519
OA5,EC,NKILA,3.62110584583324
OA5,EC,STARD13-AS,3.61676915436251
OA5,EC,CAMTA2,3.43913297297387
OA5,EC,GBP1,3.40621218467142
OA5,EC,GIPR,3.40080496351202
OA5,EC,NXPE4,3.38626568126513
OA5,EC,TRIB3,3.37085327120409
OA5,EC,GAL,3.36991237766641
OA5,EC,WNT3,3.35947513748174
OA5,EC,FRY-AS1,3.33220540711013
OA5,EC,RIBC1,3.28687303954825
OA5,EC,PHOSPHO2,3.24756902632291
OA5,EC,MNS1,3.23684976031385
OA5,EC,P2RY2,3.23498366725389
OA5,EC,C11orf91,3.21072199463177
OA5,EC,SDHA,3.20268112909498
OA5,EC,RHOD,3.1876777447376
OA5,EC,ZNF365,3.17583619205675
OA5,EC,CISH,3.16341374237792
OA5,EC,CFAP126,3.157890035195
OA5,EC,FOXA2,3.15022787308189
OA5,EC,RELT,3.14015268747039
OA5,EC,FICD,3.12609387623446
OA5,EC,MLLT11,3.11540416439019
OA5,EC,ESYT3,3.1126463775906
OA5,EC,HLA-J,3.08921341055641
OA5,EC,TCEAL5,3.067001531167
OA5,EC,VILL,3.06099016994467
OA5,EC,NDRG4,3.05745086731654
OA5,EC,MB21D2,3.03323155749233
OA5,EC,RASGRP3,3.02987847552873
OA5,EC,ITGA2,3.02957243421725
OA5,EC,DYNLRB2,3.00143877487714
OA5,EC,TPM4,3.00045171720627
OA5,EC,LOC102723505,2.98650867256135
OA5,EC,KIF9,2.97045350872896
OA5,EC,ENHO,2.95806768910746
OA5,EC,HSD17B14,2.95611938575425
OA5,EC,MALL,2.9406978509935
OA5,EC,FAS,2.93518971721859
OA5,EC,FRZB,2.93381674577867
OA5,EC,ACTB,2.91461718523255
OA5,EC,PLEKHB1,2.90909853956848
OA5,EC,DTNA,2.90842989121659
OA5,EC,GPR183,2.90647289695145
OA5,EC,FOXA3,2.89495516830079
OA5,EC,ZNF670,2.89409120523272
OA5,EC,VIM-AS1,2.88886799646302
OA5,EC,DKFZp779M0652,2.88377368047348
OA5,FC,ROBO4,220271.859439927
OA5,FC,LINC01197,139929.434262657
OA5,FC,TEK,109669.843480042
OA5,FC,EBF2,102257.741429105
OA5,FC,NR2F2-AS1,96081.3886654649
OA5,FC,CRYBB1,82479.4020349982
OA5,FC,CRIP3,80463.2924438593
OA5,FC,ADAD2,74450.2398513643
OA5,FC,ARHGEF15,70876.7406514898
OA5,FC,LOC401463,61449.6309927778
OA5,FC,C1QTNF3-AMACR,59495.0624925632
OA5,FC,KRT24,57265.7164594829
OA5,FC,HIST1H1D,54890.6375225562
OA5,FC,FHL5,22578.9519640891
OA5,FC,EGFL6,13956.1350793147
OA5,FC,ACKR1,13862.2359253741
OA5,FC,GIMAP7,4606.92443744908
OA5,FC,CD34,4347.66344320564
OA5,FC,FCN3,3272.12285483451
OA5,FC,SLC35F4,2725.81716007762
OA5,FC,BMX,2605.42672020437
OA5,FC,EPHX3,2599.068533722
OA5,FC,PODN,2376.86337376266
OA5,FC,CDCA7,2098.64650216035
OA5,FC,NCKAP5,2095.32418713908
OA5,FC,LRRC10B,1956.14533982575
OA5,FC,GIMAP6,1756.99279029608
OA5,FC,OAS3,1181.88033389499
OA5,FC,CLEC1A,1143.63441414491
OA5,FC,NES,1098.1479618034
OA5,FC,SOX18,1063.45331420436
OA5,FC,SELE,1054.022047669
OA5,FC,EDN1,1050.58137708741
OA5,FC,CRYGN,966.66897084436
OA5,FC,OAS1,907.843241952794
OA5,FC,MFAP5,857.765396600495
OA5,FC,ACE,818.039301528614
OA5,FC,GIMAP4,754.269487806378
OA5,FC,LINC00238,717.377117347409
OA5,FC,LHX6,584.026001235476
OA5,FC,SHANK3,525.726228040441
OA5,FC,PECAM1,481.856823653242
OA5,FC,FAM107A,463.176832454926
OA5,FC,HSPA12B,460.078003798337
OA5,FC,PEAR1,445.529136676154
OA5,FC,PGM5,443.534265439351
OA5,FC,SFRP2,424.481752353892
OA5,FC,IFI44L,401.084101787352
OA5,FC,TULP1,397.313504282106
OA5,FC,LDB2,390.685084900147
OA5,FC,CCL23,384.259030052883
OA5,FC,CASP5,374.422481159254
OA5,FC,SFRP1,372.226548365007
OA5,FC,GIMAP8,371.963130347639
OA5,FC,LRRC4C,363.336400090849
OA5,FC,CLEC14A,351.820727129976
OA5,FC,SNTG2,343.260995612185
OA5,FC,ADRA1D,331.733539757797
OA5,FC,CDCA3,325.662511704482
OA5,FC,GGT5,322.593400879794
OA5,FC,ADGRF5,316.989787966786
OA5,FC,GRID1,313.299239924894
OA5,FC,MCF2L,300.128017466279
OA5,FC,NELL1,299.604950781105
OA5,FC,TINAGL1,272.788441188508
OA5,FC,CYYR1,265.376328286598
OA5,FC,LINC00310,263.085013233008
OA5,FC,CXCL12,259.041881204388
OA5,FC,HOXB8,257.83788488676
OA5,FC,LGALS3BP,254.368857267197
OA5,FC,ADAMTS15,254.337463008325
OA5,FC,OR7E2P,242.277891401033
OA5,FC,IFIT2,234.133111619676
OA5,FC,CPXM1,222.981142091987
OA5,FC,TRHDE-AS1,221.622134360054
OA5,FC,CARD10,221.284975307422
OA5,FC,WISP2,211.029637855079
OA5,FC,LIMS2,210.832267615314
OA5,FC,CPB1,202.72228207577
OA5,FC,KCNMB1,189.872534644901
OA5,FC,SECTM1,187.179462792986
OA5,FC,LINC00028,184.686209522105
OA5,FC,SFTA1P,183.918865944093
OA5,FC,FAM167B,183.136874134093
OA5,FC,ANKRD22,175.749980350847
OA5,FC,PRSS36,170.797088601018
OA5,FC,SLC8A1-AS1,165.977035824182
OA5,FC,CFD,164.904270845103
OA5,FC,ADAMTS9-AS1,163.367684255344
OA5,FC,LPPR4,152.539969680854
OA5,FC,SAMHD1,152.452862348641
OA5,FC,CLDN11,149.93653488543
OA5,FC,RTN4RL2,148.96299402657
OA5,FC,JCHAIN,146.836403040154
OA5,FC,LOC643733,146.275438284142
OA5,FC,CXorf36,145.868270857512
OA5,FC,GUCY1A2,144.545722870578
OA5,FC,APLNR,142.859523156684
OA5,FC,SPARCL1,142.708807902286
OA5,FC,IL23R,133.126850929192
OA5,HTC,OR10G2,53709.7991538799
OA5,HTC,UMODL1-AS1,5200.20809426575
OA5,HTC,GPR33,771.64349376095
OA5,HTC,ROPN1,138.641385250519
OA5,HTC,HIST1H2AH,128.160051945777
OA5,HTC,PLA2G10,120.539363569617
OA5,HTC,HIST1H2BE,100.441512495787
OA5,HTC,LOC646471,90.4807212225771
OA5,HTC,RAPGEF4-AS1,74.6152776762108
OA5,HTC,HSPA7,73.8074827468654
OA5,HTC,MATN4,69.5314243897285
OA5,HTC,DRAXIN,67.0570367680744
OA5,HTC,IL17B,52.1742825686475
OA5,HTC,UCMA,52.1172472086171
OA5,HTC,TMCC1-AS1,50.0628536271812
OA5,HTC,LOC648987,48.2829254826189
OA5,HTC,HOXB3,44.129471311318
OA5,HTC,COL10A1,44.0960608313918
OA5,HTC,FBXO15,43.9124851088321
OA5,HTC,SHF,41.4367408855636
OA5,HTC,HES7,40.4108094929653
OA5,HTC,ORM1,37.277320114835
OA5,HTC,EHMT1-IT1,35.5248398698417
OA5,HTC,SERPINI2,32.2281485243912
OA5,HTC,CAPN6,31.5348272191099
OA5,HTC,LYPLAL1-AS1,30.7502333652052
OA5,HTC,SNORA80E,30.6312079426296
OA5,HTC,DNASE1,29.1727328108788
OA5,HTC,LOC100996349,27.5715191991656
OA5,HTC,MEPE,25.2181850724342
OA5,HTC,LOC101928441,23.9411363564553
OA5,HTC,PPP1R3G,22.5850349075262
OA5,HTC,LPIN3,21.0505095232765
OA5,HTC,TECRL,20.7230162073308
OA5,HTC,CA12,20.0974721424262
OA5,HTC,MYOZ3,18.8939038758561
OA5,HTC,RNVU1-19,18.574253593329
OA5,HTC,TSPAN8,18.5592036836398
OA5,HTC,CRABP1,17.6826013092029
OA5,HTC,MLIP,17.2934016718017
OA5,HTC,WNT1,17.0938628485323
OA5,HTC,PRKG2,17.0536871630251
OA5,HTC,FAM66C,16.0399741293881
OA5,HTC,PENK,15.6240358725361
OA5,HTC,MMP13,14.7109805929943
OA5,HTC,ALPL,14.464679982238
OA5,HTC,VTRNA1-3,14.2840831821334
OA5,HTC,LOC100506551,13.5879006349135
OA5,HTC,WNK4,13.5281264446939
OA5,HTC,HSPA6,13.2853545600677
OA5,HTC,COX6A2,12.3755950407853
OA5,HTC,SNX22,12.3519011913414
OA5,HTC,LOC101928002,12.2250734197368
OA5,HTC,LINC00261,12.178464557143
OA5,HTC,RNU6ATAC,12.0667884999145
OA5,HTC,VTRNA1-1,11.7582321021746
OA5,HTC,JPH1,11.6109396491493
OA5,HTC,FGF14-IT1,11.4599730033856
OA5,HTC,BHLHE41,11.4509117439232
OA5,HTC,LOC389705,11.3158884213098
OA5,HTC,ITGA9-AS1,11.0319412200484
OA5,HTC,COL9A1,10.9481516346941
OA5,HTC,LOC643770,10.7392709128555
OA5,HTC,RELN,10.720232259547
OA5,HTC,ZNF385C,10.5786595817033
OA5,HTC,LINC00324,10.5677074402817
OA5,HTC,RMRP,10.2150006569164
OA5,HTC,PRMT5-AS1,10.1897378890718
OA5,HTC,RANBP3L,10.1022142642616
OA5,HTC,NAALAD2,9.92219644903068
OA5,HTC,TRMT61B,9.78426199152278
OA5,HTC,KLF15,9.75316481912648
OA5,HTC,LINC01599,9.44956415901415
OA5,HTC,SMIM5,9.42473538275402
OA5,HTC,IHH,9.31888639122553
OA5,HTC,FRS3,9.30381481891185
OA5,HTC,MBLAC2,9.28471428498413
OA5,HTC,CEP72,9.2482211152652
OA5,HTC,DLX6-AS1,9.15003925932134
OA5,HTC,PTK6,9.11647159998511
OA5,HTC,RGS22,9.05020238018341
OA5,HTC,PYCARD-AS1,8.88992068627138
OA5,HTC,RNU6-2,8.82738312949395
OA5,HTC,MYLK-AS1,8.79516466743304
OA5,HTC,CALCA,8.74520452668476
OA5,HTC,ZBTB20-AS4,8.67713253167912
OA5,HTC,SLC28A2,8.65735426505863
OA5,HTC,LINC00847,8.56849036985306
OA5,HTC,IRX3,8.4797616217649
OA5,HTC,FAM21EP,8.32549420681243
OA5,HTC,GNB3,8.14303717494069
OA5,HTC,SDHAP3,8.12815243411724
OA5,HTC,FLJ36777,8.12767773865114
OA5,HTC,TUBA8,8.06636246258595
OA5,HTC,DPY19L2,8.02863325175109
OA5,HTC,NCAPG2,7.91154473142418
OA5,HTC,ZNF385B,7.81565614289598
OA5,HTC,ACVRL1,7.81228858523781
OA5,HTC,TNFSF11,7.79876557617436
OA5,HTC,FAM225A,7.7978848978521
OA5,HomC,ACTG1P4,71648.6084028315
OA5,HomC,DHH,11918.9035278429
OA5,HomC,RDH10-AS1,264.051899024987
OA5,HomC,LCK,191.347517627327
OA5,HomC,HBA2,159.819803324302
OA5,HomC,HBA1,129.001450457579
OA5,HomC,DMP1,125.661509105756
OA5,HomC,BNC1,113.384616873443
OA5,HomC,GPR26,111.630610655301
OA5,HomC,SLA2,70.1376745103165
OA5,HomC,BACH1-IT2,48.8293874084737
OA5,HomC,HBG2,40.9428229156994
OA5,HomC,MMP12,33.8042958906988
OA5,HomC,LACE1,28.1760521838901
OA5,HomC,ZNF547,25.8837064227371
OA5,HomC,HBG1,24.6870374740186
OA5,HomC,CCNE1,24.4278911563254
OA5,HomC,LINC01132,21.9980285818029
OA5,HomC,CIRBP-AS1,20.2252769096813
OA5,HomC,DOK7,20.1182179741396
OA5,HomC,CHRNA3,19.5198559623971
OA5,HomC,GDF15,19.397413427444
OA5,HomC,LOC100129534,18.6872535576115
OA5,HomC,DNAJC18,17.7777295555089
OA5,HomC,HIST2H2BF,16.9378366548433
OA5,HomC,AURKA,16.4870554087464
OA5,HomC,MCF2,15.632378997423
OA5,HomC,LOC101927391,15.6170920294127
OA5,HomC,C3orf67,13.9251242149757
OA5,HomC,SAXO1,13.4648719353045
OA5,HomC,MAGEE1,13.1176118985435
OA5,HomC,NMNAT3,12.9733353064809
OA5,HomC,EFNA2,12.7814050530975
OA5,HomC,ATXN7L1,12.5568296657596
OA5,HomC,KLF2,12.2407946323441
OA5,HomC,JUN,12.1100119648433
OA5,HomC,GOLGA6C,11.8751459173448
OA5,HomC,SP6,11.7750085972185
OA5,HomC,PLEKHG2,11.4276812424274
OA5,HomC,UNC80,11.3927511033789
OA5,HomC,GATA2,11.2897906103289
OA5,HomC,RASD1,11.0160914542027
OA5,HomC,SPDYA,10.5058930796913
OA5,HomC,STAB2,10.4679612619148
OA5,HomC,AKAP5,10.442820906832
OA5,HomC,SNHG12,10.2260254617177
OA5,HomC,DNAJC28,10.131459420263
OA5,HomC,POU2F2,9.92322052460721
OA5,HomC,IQCC,9.89167732642855
OA5,HomC,CATSPERG,9.72405464928315
OA5,HomC,LOC257396,9.47896484187138
OA5,HomC,ELOVL3,9.40220472177537
OA5,HomC,MMP25,9.3070489868501
OA5,HomC,FBXO48,9.26033397359685
OA5,HomC,ZNF844,9.07802221753127
OA5,HomC,FOS,9.0764717507058
OA5,HomC,EGR1,9.02871318450127
OA5,HomC,CCDC61,8.90798311876763
OA5,HomC,LOC105747689,8.81090626810649
OA5,HomC,QRICH2,8.80807561808234
OA5,HomC,MYLIP,8.75208996066344
OA5,HomC,LINC01137,8.66370255229663
OA5,HomC,LOC643072,8.64786796820012
OA5,HomC,LINC00173,8.5127519707845
OA5,HomC,CCDC173,8.49986286862473
OA5,HomC,C5orf45,8.47489250150613
OA5,HomC,HHEX,8.45322089233049
OA5,HomC,PNLDC1,8.36428685455224
OA5,HomC,FOSB,8.30449638244375
OA5,HomC,LOC102723704,8.29053002358942
OA5,HomC,RGS16,8.2075071404709
OA5,HomC,DDX43,8.04924492862504
OA5,HomC,GRAMD2,8.02402365763721
OA5,HomC,GRK4,7.98571366921878
OA5,HomC,LOC100129203,7.96915861844458
OA5,HomC,HYMAI,7.90616219768991
OA5,HomC,PRKCQ,7.9037353241426
OA5,HomC,SNAI1,7.73808915057039
OA5,HomC,KIF4A,7.73418465887592
OA5,HomC,LRRC20,7.69000296726634
OA5,HomC,RPL13P5,7.6030735968222
OA5,HomC,HES1,7.58079273138973
OA5,HomC,CDC20,7.54715279279768
OA5,HomC,PARD6G-AS1,7.54625318864939
OA5,HomC,MST1,7.46841198017258
OA5,HomC,CCNE2,7.40420490816955
OA5,HomC,RHEBL1,7.29687125925738
OA5,HomC,PPP1R10,7.27384462099968
OA5,HomC,MYBL1,7.20666012040695
OA5,HomC,DDX26B,7.20577879747563
OA5,HomC,ZMYM3,7.20352819998355
OA5,HomC,RPPH1,7.19832100847508
OA5,HomC,ANKRD31,7.15522708443515
OA5,HomC,KCNJ14,7.11510878465779
OA5,HomC,ZC2HC1C,7.08021563729033
OA5,HomC,LOC100287846,6.99893707781204
OA5,HomC,FAM46C,6.99757972771651
OA5,HomC,OVGP1,6.95287121746083
OA5,HomC,HOXA5,6.93291156240774
OA5,HomC,HSPA1L,6.92541500345947
OA5,ProC,LCE1E,215.102571794858
OA5,ProC,GDNF,13.8434105435647
OA5,ProC,KRTAP2-3,10.9555017833466
OA5,ProC,MMP1,9.56118582104916
OA5,ProC,S100A2,9.53930092684378
OA5,ProC,WNT16,7.94159077953804
OA5,ProC,LRRC38,7.39416610387247
OA5,ProC,TAC1,7.19120632315273
OA5,ProC,DCLK1,6.91516425331456
OA5,ProC,GCSAM,6.77453041992125
OA5,ProC,HAO1,6.52544552347914
OA5,ProC,DHX37,6.2956107260825
OA5,ProC,CITED4,5.94547129456644
OA5,ProC,TMEM132C,5.82916543327062
OA5,ProC,GAS6-AS2,5.74248697837656
OA5,ProC,PAQR9-AS1,5.70289040695444
OA5,ProC,FAM110C,5.67937446088694
OA5,ProC,P3H2,5.6459017678179
OA5,ProC,BMP2,5.61464193819439
OA5,ProC,GAS6-AS1,5.5804571271248
OA5,ProC,CTB-178M22.2,5.57958193565606
OA5,ProC,ASB5,5.57171375266994
OA5,ProC,ESM1,5.56394208893224
OA5,ProC,SYNJ2,5.52835959270771
OA5,ProC,KRT17,5.42180756526203
OA5,ProC,SLC22A23,5.412561837359
OA5,ProC,FGF1,5.34767761370398
OA5,ProC,RIPK4,5.19851160551155
OA5,ProC,ABCG2,5.1862809123153
OA5,ProC,KIRREL,5.14299077116664
OA5,ProC,LINC00601,5.12250792896634
OA5,ProC,MREG,5.06769789982367
OA5,ProC,SLC9C1,5.02646049940395
OA5,ProC,USP31,4.98894146692397
OA5,ProC,FERMT1,4.98879280792161
OA5,ProC,LOC101928841,4.95975522669043
OA5,ProC,LRRC8C,4.8477145139638
OA5,ProC,LIF,4.81099701302102
OA5,ProC,FAM101B,4.75924620544624
OA5,ProC,FLJ46906,4.69408779124777
OA5,ProC,PITPNM2,4.60936779962884
OA5,ProC,BMP6,4.54857253121021
OA5,ProC,HTRA3,4.54517835126742
OA5,ProC,TFPI2,4.53867631063254
OA5,ProC,C3orf52,4.52881469317607
OA5,ProC,CLDN1,4.42640223894503
OA5,ProC,INHBA-AS1,4.42125847420021
OA5,ProC,RASGRP3,4.38074726310833
OA5,ProC,JHDM1D-AS1,4.37843477773757
OA5,ProC,POLR1A,4.3542011579911
OA5,ProC,FOXC2,4.33256208835764
OA5,ProC,KRT16,4.31279979514464
OA5,ProC,SNHG20,4.27882571879489
OA5,ProC,TTLL4,4.22600871510109
OA5,ProC,CLMP,4.20606739346988
OA5,ProC,PSAT1,4.18172770661292
OA5,ProC,B3GNT5,4.16902934987427
OA5,ProC,PTGS2,4.14265864087237
OA5,ProC,TET3,4.130881940997
OA5,ProC,PUS1,4.1293168664258
OA5,ProC,TIMM8A,4.12869084963125
OA5,ProC,ERCC1,4.0544006971153
OA5,ProC,NPR2,4.0494961539623
OA5,ProC,LINC00884,4.04857420975813
OA5,ProC,GIPR,4.04026683736065
OA5,ProC,WDR12,4.03534008029083
OA5,ProC,GLIS3,4.03164385342262
OA5,ProC,ADPRHL1,4.00926552700656
OA5,ProC,GPR183,4.0074246485655
OA5,ProC,ANGPTL4,4.00517398351144
OA5,ProC,BCAS4,4.00041201924289
OA5,ProC,RRS1,3.99799079618616
OA5,ProC,ITGA2,3.95898252470731
OA5,ProC,TGFB1,3.95706804899532
OA5,ProC,TMEM100,3.93886079575883
OA5,ProC,ACTC1,3.93739693560994
OA5,ProC,EML6,3.93726749345304
OA5,ProC,BYSL,3.91823971615143
OA5,ProC,IL11,3.91206585195935
OA5,ProC,INHBA,3.90894444081912
OA5,ProC,WDR3,3.90332893440642
OA5,ProC,ST8SIA1,3.87923716876934
OA5,ProC,FGF2,3.86391054853093
OA5,ProC,POMT2,3.8636891979036
OA5,ProC,SMOX,3.84824495550216
OA5,ProC,ZNF365,3.84184337652336
OA5,ProC,CARD8-AS1,3.84009647857199
OA5,ProC,ARC,3.76043965663527
OA5,ProC,ATP13A3,3.74954467875881
OA5,ProC,GPT2,3.7361169044492
OA5,ProC,ASNS,3.73603298207705
OA5,ProC,PDCD11,3.72631599398527
OA5,ProC,PAPPA,3.72000574218396
OA5,ProC,UTP15,3.71293309078245
OA5,ProC,NGF,3.71032601754768
OA5,ProC,SLC4A7,3.69144621160933
OA5,ProC,C2CD4B,3.68919148075832
OA5,ProC,C11orf96,3.68068839799879
OA5,ProC,COBL,3.66558505337189
OA5,ProC,SPSB4,3.63981984216566
OA5,RegC,TCN1,73151.3477384656
OA5,RegC,BIN2,59413.4072408714
OA5,RegC,RETN,15441.0561516407
OA5,RegC,PGLYRP1,1679.65220376963
OA5,RegC,SEMA6B,1549.19222250045
OA5,RegC,PADI4,1543.48102472412
OA5,RegC,ADGRG3,981.198934008254
OA5,RegC,MPEG1,816.747678498047
OA5,RegC,ADAP1,762.806241115523
OA5,RegC,MS4A3,686.77470062264
OA5,RegC,MNDA,658.506724654932
OA5,RegC,CST7,609.031253986166
OA5,RegC,RNF126P1,560.928827258246
OA5,RegC,SPI1,473.541828913919
OA5,RegC,RNASE6,463.102281144319
OA5,RegC,CAMP,425.077681043361
OA5,RegC,CCR1,382.124695065733
OA5,RegC,MS4A6A,342.443977013961
OA5,RegC,S100A8,338.099205638778
OA5,RegC,PWRN4,276.609227563171
OA5,RegC,TMCC3,264.08203384777
OA5,RegC,CD86,252.489375921938
OA5,RegC,CEBPE,246.480047114799
OA5,RegC,IL2RA,245.016948682316
OA5,RegC,OLFM4,226.693359835486
OA5,RegC,LTF,204.220875953236
OA5,RegC,CD53,194.623762691912
OA5,RegC,IL1A,187.39524572117
OA5,RegC,CD38,184.824254230384
OA5,RegC,CCL3,178.191967805846
OA5,RegC,SERPINB2,177.391103814706
OA5,RegC,PLEK,174.474588741636
OA5,RegC,HLA-DQA1,161.232995450241
OA5,RegC,IL1B,159.84999729585
OA5,RegC,AQP9,158.434321856111
OA5,RegC,TFEC,158.010831989248
OA5,RegC,SLAMF1,153.975435550279
OA5,RegC,CD163,151.884566715623
OA5,RegC,CLEC4D,148.213751229946
OA5,RegC,CHIT1,148.050218592525
OA5,RegC,CYTIP,145.514317332813
OA5,RegC,TYROBP,133.832262908899
OA5,RegC,C1QB,126.488017215358
OA5,RegC,TNF,122.608092541775
OA5,RegC,CLEC5A,116.628623129679
OA5,RegC,SLCO2B1,115.327873220705
OA5,RegC,SIGLEC1,112.22744164395
OA5,RegC,MMP9,111.491283624866
OA5,RegC,IL1RN,111.42805703756
OA5,RegC,OLR1,109.866899238302
OA5,RegC,MS4A7,109.772704982439
OA5,RegC,RGS1,109.218782040343
OA5,RegC,MZB1,109.160745419974
OA5,RegC,SAMSN1,105.516551240291
OA5,RegC,TBC1D10C,103.133798060012
OA5,RegC,ZFR2,94.8360181905428
OA5,RegC,FOLR2,94.1693103458813
OA5,RegC,C1QA,90.0516201956842
OA5,RegC,CXCL3,89.1312940306333
OA5,RegC,C1QC,86.3293528509714
OA5,RegC,CYBB,78.0141833921953
OA5,RegC,MS4A4A,75.9304118291253
OA5,RegC,S100A9,75.7489258040141
OA5,RegC,MYO1G,74.0753802321392
OA5,RegC,CCL22,73.73620933568
OA5,RegC,AIF1,73.0765311819674
OA5,RegC,LST1,70.5058579033845
OA5,RegC,SLAMF7,63.5199996130514
OA5,RegC,CXCL8,60.3874074381128
OA5,RegC,FCER1G,58.0976821299162
OA5,RegC,PLA2G7,56.8548695563187
OA5,RegC,CSF1R,52.9702738317215
OA5,RegC,SEL1L3,52.7593469122797
OA5,RegC,CXCR4,52.0346048847142
OA5,RegC,ARHGAP30,49.6414808673747
OA5,RegC,ALDH8A1,48.7181132951065
OA5,RegC,LYZ,47.9074363485725
OA5,RegC,LOC731424,46.3496141126808
OA5,RegC,PIK3R5,45.9518489705764
OA5,RegC,CLEC4E,44.891585358565
OA5,RegC,EREG,44.8914946148245
OA5,RegC,LAIR1,44.4400706209028
OA5,RegC,TBXAS1,41.0471148776531
OA5,RegC,IGLL5,40.2403928989685
OA5,RegC,C3,39.9472493379017
OA5,RegC,SOX17,38.4137120438672
OA5,RegC,KMO,38.1037927072964
OA5,RegC,PLAC8,36.3625422086435
OA5,RegC,HAVCR2,35.7390689897937
OA5,RegC,CD84,34.8110848469345
OA5,RegC,HLA-DRB1,32.9654710263645
OA5,RegC,ITGB2,32.8897791637027
OA5,RegC,CXCL2,31.9853746061019
OA5,RegC,GPRIN3,30.8034244769321
OA5,RegC,DOCK2,30.5625204176262
OA5,RegC,LCP1,28.9794905558494
OA5,RegC,LOC100134368,27.9521836389866
OA5,RegC,LOC101927822,27.7175044363817
OA5,RegC,CCL4,27.5154823917835
OA5,RegC,HLA-DRA,26.0845969054497
OA5,preHTC,MLLT10P1,133.302626270209
OA5,preHTC,CLDN10,27.6316875988686
OA5,preHTC,LY6D,16.0709520729091
OA5,preHTC,FAM159B,14.5941344240021
OA5,preHTC,TMEM108,14.4485854372038
OA5,preHTC,TNFAIP6,14.3906896174373
OA5,preHTC,AMTN,11.5953382897857
OA5,preHTC,ASPRV1,9.44522081811592
OA5,preHTC,F5,9.21501128455213
OA5,preHTC,SOX11,9.03759397842459
OA5,preHTC,PRG4,8.75076875466946
OA5,preHTC,DNAJC12,7.44616737393942
OA5,preHTC,NOS2,7.0488206133296
OA5,preHTC,TNP1,6.77759768502419
OA5,preHTC,DEFB1,6.6936786471815
OA5,preHTC,NTF3,6.63081420097353
OA5,preHTC,UPK1B,6.42727511838041
OA5,preHTC,CCL20,6.23429110360395
OA5,preHTC,ACKR2,6.23364039354105
OA5,preHTC,UCP2,5.94769323388772
OA5,preHTC,DUSP4,5.84766107045878
OA5,preHTC,GFRA2,5.6617118716395
OA5,preHTC,SLC7A2,5.49356353943816
OA5,preHTC,ST6GALNAC5,5.46632402772126
OA5,preHTC,TNFRSF21,5.37281359300147
OA5,preHTC,AKR1C2,5.37086700048837
OA5,preHTC,MSLN,5.27330182580696
OA5,preHTC,FAM132B,5.08592290397226
OA5,preHTC,FAP,5.01198094593625
OA5,preHTC,PDZK1IP1,4.98474633060943
OA5,preHTC,SEMA3C,4.96153444469107
OA5,preHTC,ISM2,4.93535558788209
OA5,preHTC,EPYC,4.90730132500984
OA5,preHTC,VCAM1,4.90606393656989
OA5,preHTC,ASPN,4.76829200850466
OA5,preHTC,C15orf48,4.72943283636666
OA5,preHTC,TNFSF10,4.6641425207937
OA5,preHTC,GALNT16,4.55768976321578
OA5,preHTC,ADAMTS5,4.53280784769078
OA5,preHTC,TMEM59L,4.52189583276147
OA5,preHTC,CRLF1,4.49415236625134
OA5,preHTC,RIPPLY2,4.46257317658963
OA5,preHTC,NDP,4.39208715549206
OA5,preHTC,HTRA1,4.362742155596
OA5,preHTC,APCDD1L,4.27732609339791
OA5,preHTC,BDKRB1,4.23686099222708
OA5,preHTC,MAP3K7CL,4.23348676368827
OA5,preHTC,IL11,4.10386303453018
OA5,preHTC,TREM1,4.08804361988902
OA5,preHTC,SLC27A4,4.0025937152544
OA5,preHTC,DENND3,3.98894462346178
OA5,preHTC,DCDC2B,3.96069227309032
OA5,preHTC,SPINT1,3.89791782967084
OA5,preHTC,SLC38A5,3.88157732213319
OA5,preHTC,HHIP,3.8584268912082
OA5,preHTC,GRIA2,3.85016671482598
OA5,preHTC,GOLGA7B,3.84981239530235
OA5,preHTC,DPT,3.84949541004979
OA5,preHTC,GAREM,3.82555213313924
OA5,preHTC,NNAT,3.77802048090594
OA5,preHTC,SLC1A1,3.73344086640701
OA5,preHTC,SFN,3.72490879384325
OA5,preHTC,TGFBI,3.67809301468766
OA5,preHTC,BTBD16,3.64158340288134
OA5,preHTC,MCPH1-AS1,3.63528816638012
OA5,preHTC,LINC00346,3.62842809399025
OA5,preHTC,APCDD1L-AS1,3.61024568892859
OA5,preHTC,ABCA8,3.53326478928539
OA5,preHTC,MPPE1,3.5322999163878
OA5,preHTC,TNC,3.39821195499321
OA5,preHTC,VEGFC,3.38161224981806
OA5,preHTC,BMPR1B,3.37251960510085
OA5,preHTC,ABI3BP,3.35749994668803
OA5,preHTC,OGN,3.30780659663142
OA5,preHTC,TNFAIP8,3.30671052431123
OA5,preHTC,TRIM29,3.27919414643605
OA5,preHTC,PMAIP1,3.27009081106888
OA5,preHTC,AKR1C1,3.26094484702895
OA5,preHTC,PTGES,3.24909878899622
OA5,preHTC,NGF,3.23063064173799
OA5,preHTC,UROC1,3.18994233792162
OA5,preHTC,AOC2,3.18866017399564
OA5,preHTC,WFDC21P,3.16694927693371
OA5,preHTC,RAD51AP2,3.13131195371635
OA5,preHTC,P4HA3,3.0719704083357
OA5,preHTC,GAS1,3.07119568804045
OA5,preHTC,PART1,3.06954456650935
OA5,preHTC,CAPS,3.04795529437927
OA5,preHTC,LOC79160,3.03881275800907
OA5,preHTC,DNER,3.03153508015124
OA5,preHTC,ANK3,3.02045784191681
OA5,preHTC,STEAP1,3.00086485068043
OA5,preHTC,TIMP1,3.00056210938801
OA5,preHTC,CAV1,2.93078114442935
OA5,preHTC,WNT16,2.91601413120392
OA5,preHTC,COMTD1,2.91520062258675
OA5,preHTC,NT5E,2.89835485623424
OA5,preHTC,SRPX2,2.86010444184195
OA5,preHTC,TMEM255B,2.83389417452901
OA5,preHTC,YJEFN3,2.82811437474446
OA6,EC,CCDC160,59.6196838537006
OA6,EC,ANKRD1,36.4339025318174
OA6,EC,KRT16P3,21.9033831732325
OA6,EC,SPINK1,21.8268290787377
OA6,EC,KSR2,14.7697827379882
OA6,EC,CLDN4,9.85341166304701
OA6,EC,TMEM156,8.94525418464706
OA6,EC,LYPD5,8.40568602173376
OA6,EC,ALOX12P2,7.70232017777152
OA6,EC,FAM170B,7.23145723239332
OA6,EC,LAMC2,7.05926162264485
OA6,EC,MTBP,6.67029938855675
OA6,EC,CCL7,6.47837009452339
OA6,EC,DSC2,6.24958845865425
OA6,EC,RSPO3,6.14314445712184
OA6,EC,RCAN3AS,6.02529403252251
OA6,EC,TNFAIP8L3,5.99921904665427
OA6,EC,ODF3L1,5.98606602456022
OA6,EC,BLM,5.69146087097873
OA6,EC,SUV39H1,5.6020271342601
OA6,EC,NUP62CL,5.53414662817041
OA6,EC,SPOCK3,5.51702390393512
OA6,EC,CDC42EP2,5.30331934942395
OA6,EC,FGD6,5.0619191025152
OA6,EC,FST,5.0260438037506
OA6,EC,GBP1,4.85675012086001
OA6,EC,KCNK17,4.77425962641715
OA6,EC,LINC01384,4.77044406421997
OA6,EC,C4orf26,4.75011298775648
OA6,EC,SPINK2,4.53602912257574
OA6,EC,TMEM132C,4.46029624738385
OA6,EC,FABP3,4.37197205273335
OA6,EC,UBE2V1,4.36948308661156
OA6,EC,FRY-AS1,4.28475442310891
OA6,EC,TMPRSS4,4.28091343647178
OA6,EC,C5orf49,4.26173678574422
OA6,EC,TCEAL5,4.25350141544254
OA6,EC,BCYRN1,4.24840081093547
OA6,EC,RARA-AS1,4.23546412670978
OA6,EC,WDR63,4.22398207342705
OA6,EC,CHRDL2,4.15135218299184
OA6,EC,ASIP,3.98967325364817
OA6,EC,PINX1,3.85925901331537
OA6,EC,CD93,3.79172642453926
OA6,EC,ADPRHL1,3.78497526226297
OA6,EC,RCAN3,3.74654937846764
OA6,EC,FOXA2,3.72609762419097
OA6,EC,C11orf91,3.70672611636817
OA6,EC,SERPINA6,3.69978217426315
OA6,EC,LINC00884,3.63837150357219
OA6,EC,RIBC1,3.63163171280718
OA6,EC,MB21D2,3.60856747101136
OA6,EC,CISH,3.60218018414743
OA6,EC,CSDC2,3.5533719155741
OA6,EC,STARD13-AS,3.53063968214074
OA6,EC,AGR2,3.51926446351524
OA6,EC,GAL,3.5068124564259
OA6,EC,NKILA,3.49260115268117
OA6,EC,FERMT1,3.4776015598657
OA6,EC,GIPR,3.39229202586449
OA6,EC,HLA-J,3.32518358076862
OA6,EC,CAMTA2,3.31224461727837
OA6,EC,ZNF563,3.29032785220373
OA6,EC,VIM-AS1,3.27009126046934
OA6,EC,NXPE4,3.25804406845907
OA6,EC,ZNF527,3.25434580953544
OA6,EC,RASGRP3,3.25054521301067
OA6,EC,P2RY2,3.23493704409335
OA6,EC,SDHA,3.21795469831769
OA6,EC,TAGLN,3.20892595457966
OA6,EC,CCL2,3.1926129723514
OA6,EC,WNT3,3.14883299381611
OA6,EC,CFAP58-AS1,3.03759315890793
OA6,EC,ITGA2,3.03724710441695
OA6,EC,ESYT3,3.03224297695356
OA6,EC,FOXA3,3.02385419891696
OA6,EC,MALL,3.02273269284779
OA6,EC,ARC,3.01401239606228
OA6,EC,FICD,3.01368386233546
OA6,EC,FRZB,3.00132874308435
OA6,EC,ZNF365,2.99741940214823
OA6,EC,ST8SIA1,2.98483144897879
OA6,EC,CYTL1,2.97727805740678
OA6,EC,CFAP126,2.96016010060113
OA6,EC,FLJ41200,2.95351274168875
OA6,EC,S100P,2.953269136833
OA6,EC,ITPKC,2.95252590149312
OA6,EC,RELT,2.94873908043493
OA6,EC,RHOD,2.91446679599568
OA6,EC,MIEF2,2.90161806038154
OA6,EC,KIF9,2.90091818940555
OA6,EC,DBNDD1,2.90071821643948
OA6,EC,ACTB,2.89850550538804
OA6,EC,ZNF583,2.89834505709018
OA6,EC,TRAF3IP2,2.89000352915187
OA6,EC,PAQR9,2.87870960844363
OA6,EC,PLEKHB1,2.8685478174727
OA6,EC,FAM110C,2.85921666452165
OA6,EC,TF,2.85683674200249
OA6,EC,IPO5P1,2.8517484691224
OA6,FC,ROBO4,181400.531303469
OA6,FC,LINC01197,115236.181157483
OA6,FC,TEK,90316.5181600346
OA6,FC,EBF2,84212.4341180862
OA6,FC,NR2F2-AS1,79126.0259597946
OA6,FC,BMX,72514.5162369064
OA6,FC,LCN6,70041.0180647215
OA6,FC,CRYBB1,67924.389911175
OA6,FC,CRIP3,66264.0643655312
OA6,FC,ADAD2,61312.1387011235
OA6,FC,CHRNG,61307.9317389758
OA6,FC,ARHGEF15,58369.2570071093
OA6,FC,GIMAP8,56213.4606161448
OA6,FC,LOC284661,52258.1504439939
OA6,FC,LOC401463,50605.7549352287
OA6,FC,FHL5,16766.701146596
OA6,FC,EGFL6,11041.1382762268
OA6,FC,ACKR1,10470.6326713239
OA6,FC,LHX6,4078.51279821588
OA6,FC,GIMAP7,3993.62728315491
OA6,FC,CD34,3786.66169030081
OA6,FC,FCN3,2983.87890270371
OA6,FC,COX4I2,2704.52478465983
OA6,FC,PODN,2381.45162026788
OA6,FC,LRRC10B,1703.98838368795
OA6,FC,CRYGN,1641.77179004079
OA6,FC,LOC389033,1451.53227412555
OA6,FC,CXorf36,1351.17202259013
OA6,FC,GIMAP6,1346.39579109824
OA6,FC,SHANK3,1291.68171279864
OA6,FC,ACE,1133.61418023953
OA6,FC,EDN1,1124.00531633945
OA6,FC,OAS3,1077.83416661265
OA6,FC,SOX18,1068.08746542994
OA6,FC,CYYR1,930.992009662301
OA6,FC,NES,878.888630054889
OA6,FC,CLEC1A,876.690701797494
OA6,FC,PRSS36,825.380227340299
OA6,FC,SELE,824.729528740608
OA6,FC,GIMAP4,688.4564288448
OA6,FC,ADGRF5,524.041923929024
OA6,FC,CPXM1,443.181139695132
OA6,FC,PECAM1,429.488678358093
OA6,FC,MFAP5,423.242848191286
OA6,FC,CDH5,420.513343589516
OA6,FC,LGALS3BP,403.412783161173
OA6,FC,LGALS2,401.205027498395
OA6,FC,PGM5,399.766597534452
OA6,FC,PEAR1,391.076829683107
OA6,FC,ADRA1D,383.588018773851
OA6,FC,OR7E2P,379.23239155927
OA6,FC,SPARCL1,349.916294562826
OA6,FC,SFRP2,348.052481172354
OA6,FC,CLEC14A,318.255296135299
OA6,FC,KCNMB1,309.088926519638
OA6,FC,LINC00310,305.191505681402
OA6,FC,CCL23,302.281179433304
OA6,FC,LRRC4C,298.350880345065
OA6,FC,VWF,295.883071081033
OA6,FC,CXCL12,290.671598102059
OA6,FC,CASP5,286.761945949046
OA6,FC,GGT5,266.356846094016
OA6,FC,GPR1,260.510942765246
OA6,FC,COL5A3,259.832944729437
OA6,FC,HOXB8,259.314252795273
OA6,FC,PDE1A,252.997691920956
OA6,FC,C1orf233,236.754325062385
OA6,FC,LDB2,231.718171963583
OA6,FC,WISP2,231.423281934185
OA6,FC,OAS1,226.584256699212
OA6,FC,IFI44L,217.298753819079
OA6,FC,RTN4RL2,209.494056631865
OA6,FC,EPHX3,192.343755726527
OA6,FC,COL22A1,189.044904425863
OA6,FC,HOPX,184.893348948534
OA6,FC,CFD,184.019204598201
OA6,FC,SECTM1,179.227163888401
OA6,FC,MCF2L,161.191524916687
OA6,FC,CPB1,160.093195725506
OA6,FC,SFTA1P,159.356538435394
OA6,FC,JCHAIN,158.191971263593
OA6,FC,LIMS2,156.523970260341
OA6,FC,LOC643733,151.63841564755
OA6,FC,GUCY1A2,140.56329250328
OA6,FC,CLDN5,139.868159680351
OA6,FC,NELL1,139.168053117785
OA6,FC,CLDN11,138.829934300257
OA6,FC,ESAM,133.233304010279
OA6,FC,CHN1,133.113488102335
OA6,FC,CH25H,132.173348633686
OA6,FC,IFITM5,131.371154596609
OA6,FC,HECW2,130.799039404091
OA6,FC,SCARA5,126.759394361646
OA6,FC,ADAMTS9-AS1,124.797276675921
OA6,FC,ADAM23,124.405670416505
OA6,FC,PPL,121.852446373817
OA6,FC,APLNR,121.776626450791
OA6,FC,PLVAP,121.311899161436
OA6,FC,MRVI1,120.119108236243
OA6,FC,IL23R,117.583503563478
OA6,HTC,OR10G2,50725.9769786643
OA6,HTC,UMODL1-AS1,4781.22506237491
OA6,HTC,HOXB3,1000.32157918536
OA6,HTC,HIST1H2BE,693.967728936176
OA6,HTC,GPR33,678.093423510251
OA6,HTC,HIST1H2AH,189.236511433005
OA6,HTC,PLA2G10,143.805180208033
OA6,HTC,ROPN1,137.398216767914
OA6,HTC,LOC646471,100.31570027186
OA6,HTC,DRAXIN,72.9264262499998
OA6,HTC,HSPA7,65.8919072460701
OA6,HTC,RAPGEF4-AS1,62.0933126486418
OA6,HTC,MATN4,54.6891660742985
OA6,HTC,UCMA,49.3334699705473
OA6,HTC,LOC648987,47.5075152422603
OA6,HTC,LOC100996349,45.0784624365814
OA6,HTC,COL10A1,43.3271512499284
OA6,HTC,ORM1,40.8977795172678
OA6,HTC,FBXO15,40.3166726043671
OA6,HTC,ZBTB37,40.0043536902162
OA6,HTC,HES7,39.3400445191686
OA6,HTC,MMP13,33.5762072457012
OA6,HTC,SHF,33.4530141574923
OA6,HTC,SNORA80E,32.6630701310729
OA6,HTC,CAPN6,31.071341295032
OA6,HTC,SERPINI2,27.3117726602839
OA6,HTC,MEPE,26.0314289902082
OA6,HTC,EHMT1-IT1,25.6347646227199
OA6,HTC,TMCC1-AS1,22.160892997723
OA6,HTC,CA12,21.6983724635988
OA6,HTC,TSPAN8,20.2113626365976
OA6,HTC,RNVU1-19,19.9050259116258
OA6,HTC,MYOZ3,19.5543831651703
OA6,HTC,PPP1R3G,18.1457709929006
OA6,HTC,LPIN3,16.3361311273919
OA6,HTC,DNASE1,16.3293877392682
OA6,HTC,SMPX,16.1293910686172
OA6,HTC,PENK,15.5674883679677
OA6,HTC,ZBTB20-AS4,15.1087125410353
OA6,HTC,PRKG2,15.0537148420825
OA6,HTC,HSPA6,14.6202756152645
OA6,HTC,WNK4,14.2538287692001
OA6,HTC,LOC101928441,13.7035217248969
OA6,HTC,LOC100506551,13.5312811225722
OA6,HTC,LINC00261,13.0860008416347
OA6,HTC,VTRNA1-3,13.0831855230596
OA6,HTC,RNU6ATAC,12.7514917616378
OA6,HTC,EVI5L,12.4973649866539
OA6,HTC,LOC101928002,12.3705006236913
OA6,HTC,VTRNA1-1,12.2881940602198
OA6,HTC,JPH1,12.0303393477978
OA6,HTC,KLF15,11.7496639365644
OA6,HTC,LOC389705,11.4727057619496
OA6,HTC,ITGA9-AS1,11.3574663369492
OA6,HTC,DLX6-AS1,11.2328538328989
OA6,HTC,SNX22,11.1078334561674
OA6,HTC,LOC100507053,10.9369134315786
OA6,HTC,GNB3,10.8829249379519
OA6,HTC,NAALAD2,10.8692823156841
OA6,HTC,ALPL,10.8423752224723
OA6,HTC,CEP72,10.4970986586494
OA6,HTC,LINC01599,10.4843201693451
OA6,HTC,IL17B,10.4612932131006
OA6,HTC,FGF14-IT1,10.3851983998763
OA6,HTC,ZNF385C,10.0432407671671
OA6,HTC,BHLHE41,9.91614547006688
OA6,HTC,RANBP3L,9.75050931235956
OA6,HTC,RMRP,9.62565507876771
OA6,HTC,IHH,9.49713855157436
OA6,HTC,FLJ36777,9.42994912010327
OA6,HTC,RELN,9.41128797384843
OA6,HTC,MBLAC2,9.37930669339823
OA6,HTC,ACVRL1,9.08196367019828
OA6,HTC,SLC28A2,9.03344892750761
OA6,HTC,LOC643770,9.01264784507927
OA6,HTC,COL9A1,8.97801182942929
OA6,HTC,GPD1,8.92614395687733
OA6,HTC,PARD6B,8.92577553558747
OA6,HTC,WNT1,8.79620141865991
OA6,HTC,PRMT5-AS1,8.63672253325772
OA6,HTC,LINC00847,8.54721798917813
OA6,HTC,RNU6-2,8.48546674989518
OA6,HTC,COX6A2,8.46342396605851
OA6,HTC,PANX3,8.12366682811056
OA6,HTC,LINC00324,8.0934797104593
OA6,HTC,DPY19L2,8.07026544930618
OA6,HTC,ERI2,7.97214296449993
OA6,HTC,DPH3P1,7.92851618994329
OA6,HTC,ZNRD1-AS1,7.84669211556758
OA6,HTC,LINC00693,7.82823110787965
OA6,HTC,PTK6,7.8221869440028
OA6,HTC,RPSAP52,7.81455211253723
OA6,HTC,TRMT61B,7.79536666028382
OA6,HTC,FAM21EP,7.78767570879893
OA6,HTC,NRG2,7.75652660426835
OA6,HTC,TUBA8,7.58763151165615
OA6,HTC,NPFF,7.57296357917407
OA6,HTC,ALX4,7.55678304362711
OA6,HTC,HMHA1,7.48879598466267
OA6,HTC,IBSP,7.48011959679629
OA6,HomC,ACTG1P4,64624.3330692206
OA6,HomC,DHH,10076.3646103839
OA6,HomC,CCL18,1442.46111489259
OA6,HomC,RDH10-AS1,238.87023916079
OA6,HomC,LCK,173.526524022547
OA6,HomC,HBA2,139.989234394795
OA6,HomC,HBA1,120.06512472631
OA6,HomC,DMP1,115.515066602965
OA6,HomC,BNC1,90.1203136233595
OA6,HomC,SLA2,64.0405596134137
OA6,HomC,ZNF547,44.8142581321171
OA6,HomC,BACH1-IT2,43.862178036936
OA6,HomC,HBG2,39.3998783160839
OA6,HomC,TNF,27.4789011805026
OA6,HomC,MCF2,25.1029436116082
OA6,HomC,HBG1,25.025153962866
OA6,HomC,CATIP,23.7747651096081
OA6,HomC,HIST2H2BF,20.2038903142698
OA6,HomC,ACER2,19.8787614305285
OA6,HomC,CIRBP-AS1,19.8776562737836
OA6,HomC,LINC01132,18.6503325190087
OA6,HomC,TRIM69,17.645140751702
OA6,HomC,LACE1,17.0826312558821
OA6,HomC,AURKA,16.3328322368475
OA6,HomC,LCP2,16.0507486322332
OA6,HomC,SAXO1,16.0474019493393
OA6,HomC,C5orf45,15.8283278258824
OA6,HomC,PLEKHG2,15.8249120216203
OA6,HomC,LOC100129534,15.6586785230707
OA6,HomC,CCNE1,15.6257733875059
OA6,HomC,DNAJC18,15.5941537247188
OA6,HomC,LOC101927391,15.2695751171647
OA6,HomC,GAST,14.7873927353392
OA6,HomC,GDF15,14.6523174191849
OA6,HomC,ADM5,14.4394713888365
OA6,HomC,EFNA2,14.2830138585989
OA6,HomC,POU2F2,13.6969720997902
OA6,HomC,MAGEE1,13.4296509152425
OA6,HomC,DNAJC28,13.3704814161831
OA6,HomC,SP6,12.7570739817458
OA6,HomC,ZFP30,12.5280231037642
OA6,HomC,NPHS1,12.2125078190915
OA6,HomC,JUN,12.1626476864545
OA6,HomC,NMNAT3,12.15928336757
OA6,HomC,UNC80,11.9994242950408
OA6,HomC,C3orf67,11.9699636682215
OA6,HomC,CCDC173,11.1564022867324
OA6,HomC,GOLGA6C,11.1491745480338
OA6,HomC,SPDYA,11.1305264606557
OA6,HomC,KLF2,10.9239759510494
OA6,HomC,CATSPERG,10.9174369470962
OA6,HomC,LOC643072,10.5816492493237
OA6,HomC,RASD1,10.3223479297577
OA6,HomC,MMP25,10.2595976573388
OA6,HomC,FBXO48,10.1468010853642
OA6,HomC,S100A14,9.94545202208011
OA6,HomC,LINC01137,9.87924019676066
OA6,HomC,SNHG12,9.66843512713642
OA6,HomC,KIF4A,9.58099862831711
OA6,HomC,OR7E47P,9.42356238194838
OA6,HomC,C12orf79,9.25475390466299
OA6,HomC,CCNE2,9.16210476801137
OA6,HomC,FOS,9.11043814579787
OA6,HomC,RPL13P5,8.94850030750163
OA6,HomC,ELOVL3,8.86809779790205
OA6,HomC,EGR1,8.72842918445346
OA6,HomC,LOC653712,8.60790014019
OA6,HomC,ATXN7L1,8.50267039935938
OA6,HomC,PARD6G-AS1,8.39184779360605
OA6,HomC,MYLIP,8.28729715876871
OA6,HomC,RGS16,8.28118126433501
OA6,HomC,CDC20,8.22959920296136
OA6,HomC,CCDC61,8.16402091550324
OA6,HomC,USP51,8.12271932937765
OA6,HomC,PDCL3P4,8.11585073980913
OA6,HomC,FOSB,8.05134167963722
OA6,HomC,ZC2HC1C,7.89289844966369
OA6,HomC,MYBL1,7.7842058256488
OA6,HomC,GATA2,7.73226266855865
OA6,HomC,KMO,7.66420142594042
OA6,HomC,LOC105747689,7.66351064868757
OA6,HomC,NR4A1,7.66339355118545
OA6,HomC,DDX43,7.60028618036156
OA6,HomC,HIST2H2BA,7.57518125983536
OA6,HomC,ZNF844,7.5506962813904
OA6,HomC,NUP210L,7.51124513417077
OA6,HomC,PAQR8,7.47767616435726
OA6,HomC,DDX26B,7.47318787880749
OA6,HomC,PRKCQ,7.46145998166175
OA6,HomC,THAP9,7.39851533123153
OA6,HomC,RPPH1,7.38474906836249
OA6,HomC,PTPRN,7.37268864690015
OA6,HomC,FAM46C,7.34308931566592
OA6,HomC,GRAMD2,7.29223228098518
OA6,HomC,LOC100129203,7.26995029249592
OA6,HomC,KCNQ1-AS1,7.24590172520145
OA6,HomC,STAB2,7.23327084495021
OA6,HomC,LOC101928402,7.20261649298843
OA6,HomC,LOC102723704,7.12327066815872
OA6,HomC,ATP8A1,7.12168776000994
OA6,ProC,LCE1E,255.676858293274
OA6,ProC,MMP1,19.0871014663052
OA6,ProC,GDNF,13.9275806464012
OA6,ProC,WNT16,9.92408492318323
OA6,ProC,S100A2,9.54005078396077
OA6,ProC,LRRC38,9.51109911444975
OA6,ProC,SPTBN5,8.96751195056465
OA6,ProC,TAC1,8.55240686497274
OA6,ProC,KRTAP2-3,8.22295517653895
OA6,ProC,GCSAM,7.59861924627349
OA6,ProC,DCLK1,7.01226651866133
OA6,ProC,HAO1,6.91010530088311
OA6,ProC,GAS6-AS2,6.80468444681164
OA6,ProC,ASB5,6.6065208988135
OA6,ProC,SLC22A23,6.59111564310974
OA6,ProC,GAS6-AS1,6.42336703214347
OA6,ProC,TMEM132C,6.22826944290791
OA6,ProC,CTB-178M22.2,5.83678985150656
OA6,ProC,CITED4,5.73128416260622
OA6,ProC,ABCG2,5.71851356312334
OA6,ProC,SLC9C1,5.68653410326184
OA6,ProC,P3H2,5.58259894539359
OA6,ProC,FGF1,5.45188937131421
OA6,ProC,DHX37,5.4207812943287
OA6,ProC,RIPK4,5.35989911409039
OA6,ProC,FAM110C,5.29464413521362
OA6,ProC,MAFA,5.26816007084721
OA6,ProC,PAQR9-AS1,5.22348519806682
OA6,ProC,BMP2,5.20104901515364
OA6,ProC,C17orf97,5.03724642150934
OA6,ProC,RASGRP3,5.03227485715278
OA6,ProC,PITPNM2,4.98796006274167
OA6,ProC,LRRC8C,4.94979954190073
OA6,ProC,SYNJ2,4.90816812991132
OA6,ProC,LIF,4.72370841242805
OA6,ProC,FLJ46906,4.70378783112876
OA6,ProC,KIRREL,4.69927864752235
OA6,ProC,BMP6,4.69798310502655
OA6,ProC,PUS1,4.69495596387562
OA6,ProC,FERMT1,4.65947635037916
OA6,ProC,FAM101B,4.57274494449024
OA6,ProC,BCAS4,4.55040293392405
OA6,ProC,MREG,4.53678276018995
OA6,ProC,POLR1A,4.50823320337622
OA6,ProC,PSAT1,4.48349449865492
OA6,ProC,B3GNT5,4.47858865047459
OA6,ProC,ADPRHL1,4.45633004572974
OA6,ProC,C2CD4B,4.44903894521736
OA6,ProC,TFPI2,4.37623734473672
OA6,ProC,TET3,4.33592418436926
OA6,ProC,C3orf52,4.33118876070088
OA6,ProC,EML6,4.2831766717475
OA6,ProC,FOXC2,4.28261177884123
OA6,ProC,JHDM1D-AS1,4.26408983216579
OA6,ProC,ITGA2,4.24592030733441
OA6,ProC,LOC101928841,4.24183476072297
OA6,ProC,GPR183,4.21817282343578
OA6,ProC,NPR2,4.21635587280146
OA6,ProC,INHBA-AS1,4.21053342754667
OA6,ProC,HTRA3,4.20035209990296
OA6,ProC,KRT16,4.16689649197102
OA6,ProC,TIMM8A,4.12911623205026
OA6,ProC,ERCC1,4.12828979085464
OA6,ProC,CLMP,4.11428677847992
OA6,ProC,WDR3,4.09787288952947
OA6,ProC,WDR12,4.08593196914951
OA6,ProC,GIPR,4.07651542335018
OA6,ProC,ATP13A3,4.0387252948377
OA6,ProC,PTGS2,4.00789253706243
OA6,ProC,SNHG20,4.00057299216332
OA6,ProC,SMOX,3.98105540845007
OA6,ProC,ARC,3.9769604688712
OA6,ProC,BYSL,3.97620602596245
OA6,ProC,IL11,3.9697616001179
OA6,ProC,INHBA,3.93122922428199
OA6,ProC,GLIS3,3.90602855939853
OA6,ProC,ZNF365,3.87870075922587
OA6,ProC,TMEM100,3.86582957413185
OA6,ProC,GPT2,3.82034534672401
OA6,ProC,METRNL,3.81517089710991
OA6,ProC,MRS2P2,3.81159673933685
OA6,ProC,KRT17,3.80952033746253
OA6,ProC,FGF2,3.80376489251105
OA6,ProC,TGFB1,3.79402090307555
OA6,ProC,NGF,3.77693814401663
OA6,ProC,SPSB4,3.76196688093288
OA6,ProC,USP31,3.75915380998093
OA6,ProC,KANK1,3.74061843195683
OA6,ProC,RRS1,3.7361807809757
OA6,ProC,SRRD,3.68589742010529
OA6,ProC,SLC4A7,3.68368377847498
OA6,ProC,PCDH1,3.66679334194577
OA6,ProC,ST3GAL1,3.60076631637126
OA6,ProC,RAP1GAP,3.589950898799
OA6,ProC,PDCD11,3.5860359471202
OA6,ProC,UTP15,3.56681467611428
OA6,ProC,UBE2QL1,3.55889622540479
OA6,ProC,ASNS,3.5448778991811
OA6,ProC,CEMIP,3.52306867796798
OA6,ProC,TXNRD1,3.52233366087096
OA6,RegC,TCN1,59851.28451329
OA6,RegC,RETN,13360.8124141601
OA6,RegC,PGLYRP1,1426.76398137543
OA6,RegC,PADI4,1320.72290963995
OA6,RegC,ADGRG3,828.458279962885
OA6,RegC,TMCC3,798.97594202369
OA6,RegC,CAMP,784.114414052244
OA6,RegC,OLFM4,740.485101441088
OA6,RegC,MS4A3,595.623962860523
OA6,RegC,MNDA,548.488888904219
OA6,RegC,CST7,484.248125569968
OA6,RegC,RNF126P1,426.175554972798
OA6,RegC,SPI1,407.746383088096
OA6,RegC,S100A8,311.036892298792
OA6,RegC,CEBPE,219.362639359498
OA6,RegC,CD163,207.322002407006
OA6,RegC,IL1A,194.659410755425
OA6,RegC,LTF,178.497964608328
OA6,RegC,CD38,152.89213913246
OA6,RegC,SERPINB2,151.147850095072
OA6,RegC,IL1B,145.94038749936
OA6,RegC,TFEC,145.435431300061
OA6,RegC,AQP9,142.036365762707
OA6,RegC,CLEC4D,128.387894791117
OA6,RegC,CHIT1,121.982128399215
OA6,RegC,CYTIP,119.239699292949
OA6,RegC,MZB1,107.287747212548
OA6,RegC,TYROBP,105.824043860644
OA6,RegC,OLR1,94.1596025457799
OA6,RegC,S100A9,72.1789710602399
OA6,RegC,MYO1G,70.1735233853541
OA6,RegC,CCL22,67.8018951806454
OA6,RegC,ARHGAP30,57.4743367881463
OA6,RegC,SEL1L3,54.1345523779164
OA6,RegC,CXCR4,53.2783639792446
OA6,RegC,C1QB,52.7604599394297
OA6,RegC,MS4A7,44.5631465923439
OA6,RegC,CYBB,44.4084840631619
OA6,RegC,CLEC5A,43.0255116782046
OA6,RegC,RGS1,41.8731517220375
OA6,RegC,LAIR1,37.9257857224016
OA6,RegC,LYZ,37.7454752018818
OA6,RegC,LOC731424,35.9363936995582
OA6,RegC,EREG,35.3978035792369
OA6,RegC,CD53,34.589738714577
OA6,RegC,PIK3R5,34.4754271910454
OA6,RegC,L3MBTL4-AS1,33.4718364505805
OA6,RegC,CLEC4E,32.4480738476973
OA6,RegC,DOCK2,30.7708603526037
OA6,RegC,FCER1G,30.7436618500631
OA6,RegC,PLAC8,29.116999246306
OA6,RegC,C3,28.9604845522675
OA6,RegC,CXCL2,28.7171350602381
OA6,RegC,CXCL8,28.0793442443077
OA6,RegC,CXCL3,27.981633191193
OA6,RegC,PLA2G7,27.7578335832503
OA6,RegC,MMP12,26.0639263695051
OA6,RegC,LCP1,24.3894958685505
OA6,RegC,IGLL5,22.1314092306523
OA6,RegC,TMEM52B,22.0270122176002
OA6,RegC,FGR,20.6942452528692
OA6,RegC,SLCO4A1,18.5889099581576
OA6,RegC,CCL8,17.8895920599003
OA6,RegC,PLEK,17.2771112195768
OA6,RegC,GPR160,16.9335132945003
OA6,RegC,ADAM8,16.3969474015271
OA6,RegC,CD84,16.2777398478141
OA6,RegC,SAA1,15.9708207820283
OA6,RegC,ARHGAP11A,14.8693612886637
OA6,RegC,CCDC120,14.4071414432272
OA6,RegC,JAKMIP2,13.9618587080984
OA6,RegC,ZNF366,13.5462362011833
OA6,RegC,POLQ,13.3445718937124
OA6,RegC,MMP9,12.9507983569595
OA6,RegC,IL1RN,12.8510070678987
OA6,RegC,HAVCR2,12.207839087265
OA6,RegC,FERMT3,11.7809415300841
OA6,RegC,TNFSF14,11.6636768423052
OA6,RegC,CRYGS,11.6054079295322
OA6,RegC,C2CD4A,10.9849670275754
OA6,RegC,PROK2,10.9725595591733
OA6,RegC,CEBPA,10.9136754319008
OA6,RegC,NBEAL2,10.9085974518249
OA6,RegC,RAC2,10.8672163726138
OA6,RegC,C4BPA,10.7797228132468
OA6,RegC,SETD6,10.0361386934087
OA6,RegC,CCL3,9.99365585305359
OA6,RegC,TNFRSF4,9.85523049339588
OA6,RegC,LCN2,9.78752243133294
OA6,RegC,IL10RA,9.75408540869755
OA6,RegC,IQGAP3,9.74582592044917
OA6,RegC,ANO5,9.54461732175254
OA6,RegC,ALOX5AP,9.2313225747325
OA6,RegC,FOXF2,8.81024905718984
OA6,RegC,STAB1,8.67834050180692
OA6,RegC,DIO3OS,8.32789004165962
OA6,RegC,LST1,8.3152903614626
OA6,RegC,SUSD3,8.28831991386207
OA6,RegC,LAPTM5,8.06607682088615
OA6,RegC,ITGB2,7.87445118325098
OA6,preHTC,MLLT10P1,132.667519384246
OA6,preHTC,CLDN10,30.0450629706399
OA6,preHTC,RTN1,25.559600572251
OA6,preHTC,LY6D,20.4369357197813
OA6,preHTC,CCDC13,19.9865503053052
OA6,preHTC,GRIK3,14.7001186099454
OA6,preHTC,TNFAIP6,12.732435551042
OA6,preHTC,PRG4,11.0989085038887
OA6,preHTC,SOX11,9.72041181475749
OA6,preHTC,NTF3,9.24958963915862
OA6,preHTC,F5,8.78362825846547
OA6,preHTC,ASPRV1,8.40601951067974
OA6,preHTC,DEFB1,8.09620463300599
OA6,preHTC,AMTN,7.08132174038993
OA6,preHTC,DNAJC12,6.87071091494461
OA6,preHTC,MSLN,6.78335641372443
OA6,preHTC,UPK1B,6.25378616504871
OA6,preHTC,TMEM108,6.23277576134147
OA6,preHTC,EPYC,5.70904974042587
OA6,preHTC,GFRA2,5.67286488768087
OA6,preHTC,DUSP4,5.61668679460328
OA6,preHTC,TNFRSF21,5.51056174684532
OA6,preHTC,ISM2,5.45624904418683
OA6,preHTC,ST6GALNAC5,5.43079049350086
OA6,preHTC,C15orf48,5.30777158592567
OA6,preHTC,AKR1C2,4.93549598145635
OA6,preHTC,TREM1,4.91082989772657
OA6,preHTC,UCP2,4.76322860086242
OA6,preHTC,IRF4,4.72669014074658
OA6,preHTC,SLC7A2,4.66539482324045
OA6,preHTC,SEMA3C,4.62359026406972
OA6,preHTC,ASPN,4.61774842627402
OA6,preHTC,DCDC2B,4.57705563974685
OA6,preHTC,CAP2,4.55472518736774
OA6,preHTC,FAP,4.49656118447387
OA6,preHTC,WFDC21P,4.40275223218313
OA6,preHTC,RIPPLY2,4.37271142103703
OA6,preHTC,NDP,4.35683410312012
OA6,preHTC,TMEM59L,4.35365994265972
OA6,preHTC,KRT17,4.28646387086679
OA6,preHTC,ACKR2,4.26647650813207
OA6,preHTC,GALNT16,4.26315326576099
OA6,preHTC,TNFSF10,4.18949710217455
OA6,preHTC,HHIP,4.16667477868484
OA6,preHTC,AKR1C1,4.00949776055938
OA6,preHTC,HTRA1,3.9058339037125
OA6,preHTC,IL11,3.90489560455824
OA6,preHTC,VCAM1,3.86213308379729
OA6,preHTC,MPPE1,3.82895970379476
OA6,preHTC,BMPR1B,3.81576047042946
OA6,preHTC,GRIA2,3.81162207636041
OA6,preHTC,APCDD1L-AS1,3.79001292727742
OA6,preHTC,ABI3BP,3.7868792244588
OA6,preHTC,MCPH1-AS1,3.77594985572141
OA6,preHTC,DPT,3.77145606946894
OA6,preHTC,SLC1A1,3.70948967836583
OA6,preHTC,FAM132B,3.69742306137304
OA6,preHTC,CRLF1,3.66195252106591
OA6,preHTC,NNAT,3.63922070227966
OA6,preHTC,DENND3,3.63902477084107
OA6,preHTC,GAREM,3.61712594491703
OA6,preHTC,MAP3K7CL,3.59955217346873
OA6,preHTC,TNC,3.54069829478249
OA6,preHTC,SPINT1,3.5205932366021
OA6,preHTC,CCL20,3.50246235399898
OA6,preHTC,GJB2,3.45731968249261
OA6,preHTC,ADAMTS5,3.44424611399582
OA6,preHTC,DNER,3.36075408528207
OA6,preHTC,NPR3,3.333857628661
OA6,preHTC,UROC1,3.3303460584685
OA6,preHTC,CAPS,3.32898682120831
OA6,preHTC,LOC102723354,3.3248534146146
OA6,preHTC,RAB38,3.29447885341064
OA6,preHTC,COCH,3.2437447729314
OA6,preHTC,OGN,3.21480769940567
OA6,preHTC,TNFAIP8,3.18550239981165
OA6,preHTC,WBSCR17,3.16568674987995
OA6,preHTC,ABCA8,3.15707059395472
OA6,preHTC,PREX2,3.12371060186624
OA6,preHTC,GOLGA7B,3.11196912930129
OA6,preHTC,P4HA3,3.11081621762956
OA6,preHTC,TRIM29,3.09761431530857
OA6,preHTC,PTGES,3.07180867620489
OA6,preHTC,TNP1,3.07093494371971
OA6,preHTC,ATRNL1,3.03790956698985
OA6,preHTC,TGFBI,3.03317373700005
OA6,preHTC,LINC00346,3.02974468773768
OA6,preHTC,TACSTD2,3.0082867301445
OA6,preHTC,PART1,2.9986523374687
OA6,preHTC,AOC2,2.98750357780658
OA6,preHTC,ANKRD44,2.98288625174106
OA6,preHTC,MAMDC2,2.96486116653161
OA6,preHTC,BTC,2.95150236458063
OA6,preHTC,BTBD16,2.94740301060632
OA6,preHTC,CRTAC1,2.93004981140572
OA6,preHTC,APCDD1L,2.92347356224687
OA6,preHTC,GAS1,2.8963376370177
OA6,preHTC,THBS3,2.89178523705967
OA6,preHTC,ENOX1,2.84358557308448
OA6,preHTC,CAV1,2.83961535508813
OA7,EC,CCDC160,754.708372723033
OA7,EC,SPINK1,31.9319315163895
OA7,EC,KRT16P3,19.5922848569237
OA7,EC,FAM170B,10.1785050900849
OA7,EC,CLDN4,9.00150524320059
OA7,EC,TMEM156,8.84469844310379
OA7,EC,KRT16P1,8.41722808329813
OA7,EC,ALOX12P2,7.3573260432027
OA7,EC,CDC42EP2,6.6993127071127
OA7,EC,TNFAIP8L3,6.58684247490603
OA7,EC,CCL7,6.49593362903146
OA7,EC,MTBP,6.16861659972937
OA7,EC,ODF3L1,6.10771481193892
OA7,EC,LAMC2,6.09000020076668
OA7,EC,BLM,5.82119944339781
OA7,EC,DSC2,5.77412711985622
OA7,EC,RSPO3,5.70773991190119
OA7,EC,WDR63,5.30096902348658
OA7,EC,NAP1L2,5.19473888052119
OA7,EC,FGD6,5.05075303494264
OA7,EC,UBE2V1,5.04126184266057
OA7,EC,C4orf26,4.99783772010346
OA7,EC,SPINK2,4.93671931450605
OA7,EC,LINC01384,4.83780685864764
OA7,EC,FST,4.70011181326143
OA7,EC,NUP62CL,4.59199275417405
OA7,EC,PINX1,4.58393659636102
OA7,EC,SPOCK3,4.49412658098733
OA7,EC,FABP3,4.36144160378568
OA7,EC,BCYRN1,4.33857986754136
OA7,EC,ZNF527,4.30505747852089
OA7,EC,RARA-AS1,4.30422821522225
OA7,EC,FOXA2,4.27268293074893
OA7,EC,ULBP1,4.25840839807009
OA7,EC,TMPRSS4,4.18098212538473
OA7,EC,KCNK17,4.134572568639
OA7,EC,FRY-AS1,4.10061074134248
OA7,EC,P2RY2,3.96422325958173
OA7,EC,ADPRHL1,3.83691364293909
OA7,EC,CHRDL2,3.8045210140557
OA7,EC,STARD13-AS,3.7802086222435
OA7,EC,SLC14A2,3.75417109558551
OA7,EC,RIBC1,3.73886244759369
OA7,EC,RCAN3,3.71080457233672
OA7,EC,C5orf49,3.67548722749658
OA7,EC,CFAP58-AS1,3.6636860108257
OA7,EC,TCEAL5,3.65581655972837
OA7,EC,DNAJC22,3.64571748373886
OA7,EC,CAMTA2,3.63167666607274
OA7,EC,GAL,3.62998875699933
OA7,EC,LINC00884,3.5829011144982
OA7,EC,ZBTB20-AS1,3.5449095682375
OA7,EC,HIST2H2BC,3.47990152375503
OA7,EC,FERMT1,3.4731215753117
OA7,EC,CISH,3.46108288450921
OA7,EC,C11orf91,3.32808342435363
OA7,EC,SERPINA6,3.3275127015015
OA7,EC,ZNF670,3.32597622530719
OA7,EC,GIPR,3.31393159758051
OA7,EC,GBP1,3.30777565724739
OA7,EC,NXPE4,3.29642082095843
OA7,EC,FAS,3.27668440704186
OA7,EC,MMP10,3.26289587420637
OA7,EC,AQP7P1,3.26236388983848
OA7,EC,ZNF674-AS1,3.25833552009323
OA7,EC,DKFZp779M0652,3.24389489684484
OA7,EC,HLA-J,3.23159710746556
OA7,EC,TPM4,3.22137499372111
OA7,EC,LOC100652758,3.22002334783961
OA7,EC,NDRG4,3.21695436121132
OA7,EC,ARC,3.19881099666224
OA7,EC,FADD,3.19857951555409
OA7,EC,PAQR9,3.19214546817776
OA7,EC,TRIB3,3.18331757202203
OA7,EC,CSDC2,3.14223992779406
OA7,EC,ANKRD42,3.11247588775438
OA7,EC,MIEF2,3.11223771286231
OA7,EC,ZNF365,3.11071422667076
OA7,EC,S100P,3.09043517263643
OA7,EC,ITPKC,3.07144366353408
OA7,EC,KIF9,3.05845705820429
OA7,EC,RHOD,3.05618354353141
OA7,EC,MB21D2,3.05090200369691
OA7,EC,IPO5P1,3.0326869377534
OA7,EC,ITGA2,3.02759337045383
OA7,EC,NKILA,3.00738182716895
OA7,EC,DIRAS3,2.9959943361826
OA7,EC,ACTB,2.98420678881858
OA7,EC,OSCP1,2.97916263989931
OA7,EC,FOXA3,2.96479564551724
OA7,EC,SUV39H1,2.9641968260991
OA7,EC,KIAA0226L,2.94823462110636
OA7,EC,RELT,2.94309645083512
OA7,EC,SFTPD,2.92556565440022
OA7,EC,GOT1,2.9207114754188
OA7,EC,MALL,2.91946190076834
OA7,EC,AGPAT9,2.91864387332303
OA7,EC,FICD,2.91837465529933
OA7,EC,RARRES2,2.90401333720284
OA7,EC,CDC37L1,2.89786547983872
OA7,FC,ROBO4,188804.593805652
OA7,FC,LINC01197,119939.657939421
OA7,FC,TEK,94002.865840036
OA7,FC,EBF2,87649.6355106611
OA7,FC,NR2F2-AS1,82355.6188561128
OA7,FC,CRYBB1,70696.7731728556
OA7,FC,CRIP3,68968.6792375937
OA7,FC,ADAD2,63814.6341583123
OA7,FC,ARHGEF15,60751.6348441341
OA7,FC,LOC284661,54391.0953600753
OA7,FC,LOC401463,52671.2551366667
OA7,FC,C1QTNF3-AMACR,50995.9107079114
OA7,FC,FHL5,18353.7727552671
OA7,FC,EGFL6,11964.6405683583
OA7,FC,ACKR1,11533.7001907552
OA7,FC,CD34,3993.75095065194
OA7,FC,GIMAP7,3929.41900693317
OA7,FC,FCN3,3105.66936080356
OA7,FC,BMX,2279.47152703991
OA7,FC,PODN,2262.84583394774
OA7,FC,SFTA1P,2254.42771961675
OA7,FC,SLC35F4,2195.2319754558
OA7,FC,LOC389033,1568.02611783834
OA7,FC,GIMAP6,1423.94751486201
OA7,FC,LRRC10B,1398.93351931264
OA7,FC,ACE,1179.88362925921
OA7,FC,OAS3,1121.8269055785
OA7,FC,NPNT,1098.01996405676
OA7,FC,SOX18,1061.72632575815
OA7,FC,NES,961.142866161128
OA7,FC,CLEC1A,935.089007288343
OA7,FC,EDN1,926.718606251211
OA7,FC,CRYGN,917.935199738558
OA7,FC,SELE,838.518399031637
OA7,FC,GIMAP4,716.5565552304
OA7,FC,LDB2,635.815745242679
OA7,FC,PECAM1,547.446914709059
OA7,FC,MFAP5,540.809454523921
OA7,FC,LHX6,509.75026810987
OA7,FC,SHANK3,476.51220650933
OA7,FC,PEAR1,436.836724298728
OA7,FC,OR7E2P,404.638591385917
OA7,FC,PGM5,402.360460090546
OA7,FC,SFRP2,340.493375985351
OA7,FC,CLEC14A,332.384168040662
OA7,FC,KCNMB1,327.243122134927
OA7,FC,LGALS2,327.236997006223
OA7,FC,GGT5,327.048054511759
OA7,FC,LRRC4C,319.120916164943
OA7,FC,CASP5,305.957658376687
OA7,FC,GIMAP8,298.780337285356
OA7,FC,CLDN11,292.85376768255
OA7,FC,CCL23,291.778714448812
OA7,FC,ADGRF5,290.740897086555
OA7,FC,LGALS3BP,283.733872037443
OA7,FC,ADRA1D,269.3869397868
OA7,FC,HOXB8,257.68225693884
OA7,FC,LINC00310,255.156093028999
OA7,FC,OAS1,232.60514526132
OA7,FC,IFI44L,231.353585739122
OA7,FC,WISP2,226.325949543224
OA7,FC,CXCL12,225.720541237777
OA7,FC,SLIT3,216.520628619951
OA7,FC,CYYR1,210.334168866955
OA7,FC,TMEM92,210.05817670254
OA7,FC,CPXM1,203.504480022814
OA7,FC,EPHX3,202.844864374623
OA7,FC,COL1A1,202.034787232512
OA7,FC,TMEM119,201.906140711069
OA7,FC,COL22A1,197.250382995924
OA7,FC,CFD,194.029682432805
OA7,FC,C1orf233,189.442593259124
OA7,FC,FGD3,187.439241125445
OA7,FC,ARHGAP15,186.446658558222
OA7,FC,RTN4RL2,184.306509192184
OA7,FC,SERPINF1,178.742467214406
OA7,FC,MCF2L,175.479401865757
OA7,FC,LOC643733,174.213261798664
OA7,FC,SECTM1,173.9973626438
OA7,FC,LPL,166.105582535496
OA7,FC,CHN1,165.162419560594
OA7,FC,CPB1,162.997115650044
OA7,FC,ANGPT1,159.453945179909
OA7,FC,IFITM5,157.986359960458
OA7,FC,CLDN5,153.439851517617
OA7,FC,PRSS36,147.558265662904
OA7,FC,VGLL3,144.687213715356
OA7,FC,FABP5P3,142.313044220216
OA7,FC,GUCY1A2,142.008424957831
OA7,FC,LIMS2,140.224871441647
OA7,FC,CXorf36,140.216828993709
OA7,FC,ADAMTS9-AS1,133.37588537508
OA7,FC,TSPAN7,131.979109368268
OA7,FC,APLNR,131.22762588342
OA7,FC,COL5A3,130.245092490368
OA7,FC,SPARCL1,126.966035648699
OA7,FC,NELL1,126.629928860305
OA7,FC,COL14A1,126.452829222733
OA7,FC,PANX3,125.743581073889
OA7,FC,MME,122.74470990982
OA7,HTC,OR10G2,64560.0616092091
OA7,HTC,UMODL1-AS1,6374.47200000414
OA7,HTC,GPR33,884.538904291549
OA7,HTC,LOC646471,135.37668845552
OA7,HTC,HIST1H2BE,120.213457009426
OA7,HTC,HSPA7,75.2563312944425
OA7,HTC,FBXO15,65.270655148964
OA7,HTC,ZBTB37,52.9149415627813
OA7,HTC,HES7,48.5176406225801
OA7,HTC,AZGP1,46.7193449259492
OA7,HTC,SNORA80E,41.9697227619548
OA7,HTC,SHF,41.2251808555268
OA7,HTC,NLRP14,36.8808917004231
OA7,HTC,PLA2G10,34.3934170042294
OA7,HTC,LOC100996349,32.5815446031644
OA7,HTC,PPP1R3G,30.5410666615094
OA7,HTC,EHMT1-IT1,28.3702806325904
OA7,HTC,RNVU1-19,27.6176361408264
OA7,HTC,TECRL,27.4363182942376
OA7,HTC,PLET1,27.3063052067769
OA7,HTC,TMCC1-AS1,26.646213763373
OA7,HTC,SMIM10L2B,26.2216019586181
OA7,HTC,LOC101928441,24.1698158947267
OA7,HTC,SMPX,23.8513196493405
OA7,HTC,AQP6,22.3179145686163
OA7,HTC,LPIN3,22.24931222279
OA7,HTC,MYOZ3,21.5720845056482
OA7,HTC,DNASE1,20.8053902725919
OA7,HTC,THPO,19.9540757756636
OA7,HTC,LINC01599,18.5283093011045
OA7,HTC,VTRNA2-1,18.2319156272514
OA7,HTC,FGF14-IT1,18.102407100253
OA7,HTC,RNU6ATAC,17.9707519644417
OA7,HTC,VTRNA1-1,16.1179899187633
OA7,HTC,ITGA9-AS1,15.8963311505016
OA7,HTC,LOC100506551,15.7783108633134
OA7,HTC,VTRNA1-3,15.5915622025935
OA7,HTC,DCDC5,15.3673504271784
OA7,HTC,HSPA6,14.1698687949712
OA7,HTC,RNF128,14.1068568042069
OA7,HTC,KLF15,13.9610928469712
OA7,HTC,LOC102577426,13.7779443816817
OA7,HTC,CEP72,13.6864678733506
OA7,HTC,FAM66C,13.5998200302262
OA7,HTC,ZBTB20-AS4,13.530589693438
OA7,HTC,EVI5L,13.3082741645479
OA7,HTC,DLX6-AS1,13.1065016154732
OA7,HTC,BHLHE41,12.4128138966125
OA7,HTC,LOC101928002,12.2135467984241
OA7,HTC,KLKB1,12.0875429196329
OA7,HTC,LOC389705,11.8292052632787
OA7,HTC,RANBP3L,11.8272875313906
OA7,HTC,GNB3,11.6655318293653
OA7,HTC,RMRP,11.6050940792817
OA7,HTC,NRG2,11.3677157842522
OA7,HTC,COL10A1,11.2244870337345
OA7,HTC,WNK4,11.1945912745224
OA7,HTC,SLC28A2,11.1406786316878
OA7,HTC,RELN,11.0192922411779
OA7,HTC,RNU6-2,10.9619601411072
OA7,HTC,ZNF214,10.9083486218869
OA7,HTC,DPY19L2,10.8014391154617
OA7,HTC,GPD1,10.4254141808304
OA7,HTC,FLJ36777,10.3750598462825
OA7,HTC,CDH3,10.0207585673102
OA7,HTC,PARD6B,9.95904555457448
OA7,HTC,ZNF385C,9.92285652327699
OA7,HTC,ALX4,9.90069434463877
OA7,HTC,NCAPG2,9.81632255575951
OA7,HTC,ERI2,9.23853790454236
OA7,HTC,LINC00693,9.15222408257802
OA7,HTC,CCBL1,8.97607797886622
OA7,HTC,JPH1,8.89284313469181
OA7,HTC,TUBA8,8.87833308028271
OA7,HTC,RNF208,8.80731739779223
OA7,HTC,FLJ41200,8.7191951892215
OA7,HTC,LOC100507053,8.54825082397279
OA7,HTC,PYCARD-AS1,8.53645872647273
OA7,HTC,ANGEL1,8.47724853566491
OA7,HTC,RMI1,8.40294589880895
OA7,HTC,FRS3,8.35387437137682
OA7,HTC,TMEM144,8.33798917530147
OA7,HTC,FAM21EP,8.28257317905456
OA7,HTC,C2orf72,8.25726099925365
OA7,HTC,GFRA1,8.15058849321238
OA7,HTC,TNFRSF8,8.06042513062115
OA7,HTC,SDHAP3,8.04813890292624
OA7,HTC,LOC100507140,8.0132784642386
OA7,HTC,FIGN,7.98622892010113
OA7,HTC,LINC00324,7.87288090603367
OA7,HTC,LOC101927021,7.85316019789423
OA7,HTC,LRRIQ1,7.82877290989441
OA7,HTC,MYOZ2,7.65881982324136
OA7,HTC,HMHA1,7.61762381430517
OA7,HTC,NKAPP1,7.59701835684245
OA7,HTC,GRIN2C,7.59080439197131
OA7,HTC,POPDC2,7.58404711297095
OA7,HTC,ZNF385B,7.53305001380584
OA7,HTC,GSN-AS1,7.46462653570584
OA7,HTC,TSC22D1-AS1,7.40854036898612
OA7,HomC,ACTG1P4,64624.3330692206
OA7,HomC,DHH,10302.275929897
OA7,HomC,CCL18,1519.12047330099
OA7,HomC,LCK,157.338169184941
OA7,HomC,HBA2,155.557315350548
OA7,HomC,HBA1,126.478039084414
OA7,HomC,DMP1,115.804620118171
OA7,HomC,BNC1,95.8154267430854
OA7,HomC,BACH1-IT2,66.1256608884186
OA7,HomC,SLA2,55.6859358615992
OA7,HomC,LINC01132,55.1076761137754
OA7,HomC,HBG2,36.313337893538
OA7,HomC,ZNF547,23.5457770535824
OA7,HomC,TRIM69,23.5035306040394
OA7,HomC,AURKA,22.1989064617826
OA7,HomC,HBG1,21.8785823522125
OA7,HomC,CIRBP-AS1,21.6579092070642
OA7,HomC,CATIP,21.3446688029393
OA7,HomC,LACE1,18.9091327412338
OA7,HomC,C3orf67,17.4499985932775
OA7,HomC,SORCS2,17.3074563351913
OA7,HomC,DOK7,17.0567453360241
OA7,HomC,MMP25,16.7699725938538
OA7,HomC,NMNAT3,16.7013865963417
OA7,HomC,GOLGA6C,16.5458149940076
OA7,HomC,DNAJC18,16.3318363984402
OA7,HomC,CCNE1,15.6299166996758
OA7,HomC,SAXO1,15.4794620256244
OA7,HomC,PLEKHG2,14.9177436933345
OA7,HomC,GDF15,14.7762666953325
OA7,HomC,MCF2,14.6575661326524
OA7,HomC,UNC80,14.4009817584237
OA7,HomC,NPHS1,14.0931474813857
OA7,HomC,GAST,13.7747911982683
OA7,HomC,ZFP30,13.6037741722967
OA7,HomC,ACER2,13.2013337942763
OA7,HomC,LOC100129534,12.7509598406138
OA7,HomC,EFNA2,12.5740375626566
OA7,HomC,ADM5,12.3487135225802
OA7,HomC,CATSPERG,12.2633290809049
OA7,HomC,SP6,12.2560789640725
OA7,HomC,JUN,12.2100429227372
OA7,HomC,LOC101927391,12.1762785951398
OA7,HomC,MAGEE1,12.1501231778857
OA7,HomC,FBXO48,11.7952695896321
OA7,HomC,CCDC173,11.6963407916721
OA7,HomC,KLF2,11.1985601848179
OA7,HomC,HIST2H2BF,11.0471368840306
OA7,HomC,POU2F2,10.4104319396693
OA7,HomC,ATXN7L1,9.96293774991898
OA7,HomC,RASD1,9.59811871001684
OA7,HomC,KIF4A,9.43023507051126
OA7,HomC,OVGP1,9.42840649906928
OA7,HomC,RPL13P5,9.13294506852828
OA7,HomC,SPDYA,9.12905773379357
OA7,HomC,FOS,9.12206898522129
OA7,HomC,SNHG12,9.04347135117141
OA7,HomC,LOC643072,8.99437778674574
OA7,HomC,IL17B,8.84778569231433
OA7,HomC,CCDC61,8.77791774577739
OA7,HomC,C5orf45,8.5605070045643
OA7,HomC,FOSB,8.53303955858366
OA7,HomC,LOC653712,8.48421024862807
OA7,HomC,EGR1,8.41769036737377
OA7,HomC,CDC20,8.24311753588115
OA7,HomC,LINC01137,8.19901987892066
OA7,HomC,OR7E47P,8.15731439707417
OA7,HomC,STAB2,8.13942462289559
OA7,HomC,MYLIP,8.08678022084654
OA7,HomC,ZNF844,8.06164994600654
OA7,HomC,DDX26B,8.00422150340903
OA7,HomC,AKAP5,7.96001135687597
OA7,HomC,CCNE2,7.8831679823569
OA7,HomC,STIL,7.86069102178405
OA7,HomC,ELOVL3,7.65951525039709
OA7,HomC,RSPH4A,7.56335670663841
OA7,HomC,THAP9,7.52116392550799
OA7,HomC,KCNJ14,7.43331112329494
OA7,HomC,LOC105747689,7.43130628373319
OA7,HomC,RGS16,7.33763536577477
OA7,HomC,DDX43,7.25932643835915
OA7,HomC,ANKRD31,7.25804206442647
OA7,HomC,RPPH1,7.25164299150964
OA7,HomC,NR4A1,7.14321165414599
OA7,HomC,MYBL1,7.14163027505681
OA7,HomC,PAQR8,7.11859450725519
OA7,HomC,ATP8A1,7.08737172643265
OA7,HomC,SMCR5,7.07162052720959
OA7,HomC,LOC100287846,6.97470092973526
OA7,HomC,FBXL19-AS1,6.8288628649523
OA7,HomC,B3GALT2,6.79712384052305
OA7,HomC,SNAI1,6.75110110289077
OA7,HomC,FAM46C,6.7172117252498
OA7,HomC,PPP1R10,6.70080138783053
OA7,HomC,MAP3K6,6.64581966951101
OA7,HomC,GATA2,6.64022715965228
OA7,HomC,LOC100128288,6.63588796015597
OA7,HomC,MST1,6.61839803450235
OA7,HomC,NR4A2,6.6021873840239
OA7,HomC,PRMT5-AS1,6.535430225053
OA7,ProC,LCE1E,248.923971392015
OA7,ProC,GDNF,16.0081268598898
OA7,ProC,TMEM132C,10.7947917714824
OA7,ProC,MMP1,10.5017594958975
OA7,ProC,KRTAP2-3,9.3866697969368
OA7,ProC,S100A2,9.38065437820648
OA7,ProC,WNT16,8.11781106869095
OA7,ProC,LRRC38,8.10712716915729
OA7,ProC,TAC1,7.97917292810347
OA7,ProC,DCLK1,7.47876425515435
OA7,ProC,RIPK4,7.29123071285385
OA7,ProC,CITED4,7.27979096837474
OA7,ProC,GCSAM,7.1357481431444
OA7,ProC,SPTBN5,7.13303351265995
OA7,ProC,GAS6-AS1,6.95408825007546
OA7,ProC,ABCG2,6.5275943117171
OA7,ProC,HAO1,6.50177105012887
OA7,ProC,KCNG1,6.45329081332289
OA7,ProC,FAM110C,6.28952558432403
OA7,ProC,GAS6-AS2,6.25140263240212
OA7,ProC,FGF1,6.17659714363699
OA7,ProC,CTB-178M22.2,6.08659510423665
OA7,ProC,P3H2,5.91339341971872
OA7,ProC,DHX37,5.88497069943053
OA7,ProC,SLC9C1,5.75081395400871
OA7,ProC,LRRC8C,5.53878934893317
OA7,ProC,PITPNM2,5.52510405523672
OA7,ProC,FERMT1,5.49724797909928
OA7,ProC,PAQR9-AS1,5.49225540509604
OA7,ProC,BMP2,5.44615359540184
OA7,ProC,SLC22A23,5.37595018850434
OA7,ProC,LOC100507156,5.35382293591317
OA7,ProC,BCAS4,5.2949991235717
OA7,ProC,POLR1A,5.20160575867468
OA7,ProC,LIF,5.1121386379114
OA7,ProC,FAM101B,5.09020836599877
OA7,ProC,MREG,5.0898400399823
OA7,ProC,SYNJ2,5.05835677949157
OA7,ProC,PSAT1,5.03035188361159
OA7,ProC,KIRREL,4.95318185036207
OA7,ProC,C3orf52,4.94927348364369
OA7,ProC,C17orf97,4.92866381182026
OA7,ProC,BMP6,4.90790612083172
OA7,ProC,RASGRP3,4.86585083078767
OA7,ProC,LOC101928841,4.77321122854843
OA7,ProC,INHBA-AS1,4.71967495602992
OA7,ProC,SLC30A8,4.6880373244897
OA7,ProC,NPR2,4.65362425296029
OA7,ProC,B3GNT5,4.65074855847638
OA7,ProC,TET3,4.64350367190734
OA7,ProC,KRT16,4.60958218767623
OA7,ProC,LINC00601,4.58266848115859
OA7,ProC,CLMP,4.52689710660899
OA7,ProC,MYO5B,4.52494828916681
OA7,ProC,HTRA3,4.5150568144337
OA7,ProC,FLJ46906,4.45474260105411
OA7,ProC,GLIS3,4.45454200754613
OA7,ProC,TIMM8A,4.45365244126761
OA7,ProC,GIPR,4.44159268154817
OA7,ProC,TMEM100,4.41715668481908
OA7,ProC,IL11,4.38629797728428
OA7,ProC,SMOX,4.38302385992458
OA7,ProC,GPR183,4.31570570053989
OA7,ProC,ITGA2,4.30233883475761
OA7,ProC,ADPRHL1,4.29360271316491
OA7,ProC,JHDM1D-AS1,4.25686999868508
OA7,ProC,PUS1,4.2501176961218
OA7,ProC,PAPPA,4.23162447599446
OA7,ProC,TFPI2,4.19297684524021
OA7,ProC,WDR12,4.16845988597408
OA7,ProC,INHBA,4.12402045564769
OA7,ProC,ACTC1,4.12119605562221
OA7,ProC,SNHG20,4.11860687587059
OA7,ProC,RRS1,4.10343903026339
OA7,ProC,ATP13A3,4.09256460478385
OA7,ProC,BYSL,4.09072415858831
OA7,ProC,ERCC1,4.07055408793047
OA7,ProC,FOXC2,4.06988541887075
OA7,ProC,SPSB4,4.0636924244438
OA7,ProC,EML6,4.03317788624229
OA7,ProC,ASNS,4.00848880884125
OA7,ProC,C2CD4B,3.99931891198493
OA7,ProC,NGF,3.98920213392822
OA7,ProC,WDR3,3.98263220419312
OA7,ProC,TGFB1,3.95006655474873
OA7,ProC,PTGS2,3.94578907771542
OA7,ProC,GPT2,3.92944985165494
OA7,ProC,TMEM158,3.92596731351328
OA7,ProC,ST8SIA1,3.91540052624447
OA7,ProC,FGF2,3.91208655834918
OA7,ProC,ARC,3.89931746846068
OA7,ProC,ST3GAL1,3.87168829491848
OA7,ProC,SLC7A1,3.86989264063695
OA7,ProC,KRT17,3.86799975761902
OA7,ProC,SLC4A7,3.86321571008277
OA7,ProC,SDR42E1,3.83875986851425
OA7,ProC,DGKI,3.8262144935101
OA7,ProC,UPP1,3.77956544882689
OA7,ProC,PDCD11,3.77542655990756
OA7,ProC,USP31,3.77284371248122
OA7,RegC,TCN1,62701.2980615419
OA7,RegC,BIN2,50925.9204921755
OA7,RegC,RETN,11048.4411979589
OA7,RegC,PGLYRP1,1555.93235237378
OA7,RegC,PADI4,1414.84570408222
OA7,RegC,SEMA6B,1266.97906225473
OA7,RegC,ADGRG3,739.709349264828
OA7,RegC,MS4A3,558.712420185158
OA7,RegC,SPI1,558.253249923519
OA7,RegC,CST7,533.063622469824
OA7,RegC,MNDA,492.16504339567
OA7,RegC,RNF126P1,468.18121530398
OA7,RegC,RNASE6,428.755360635033
OA7,RegC,CHIT1,406.260995244133
OA7,RegC,CCR1,338.438817605643
OA7,RegC,ZFR2,335.373919357807
OA7,RegC,TMCC3,322.809220676651
OA7,RegC,MPEG1,301.328702985966
OA7,RegC,S100A8,298.070624145856
OA7,RegC,CAMP,267.740224998956
OA7,RegC,AQP9,258.463280026309
OA7,RegC,ADAP1,245.050263261174
OA7,RegC,CD86,235.532486454945
OA7,RegC,OLFM4,215.203054364398
OA7,RegC,CEBPE,213.310309689985
OA7,RegC,IL2RA,207.200978592114
OA7,RegC,CD38,185.266058514855
OA7,RegC,IL1A,169.703991569768
OA7,RegC,LTF,155.212866398244
OA7,RegC,SERPINB2,138.105476699128
OA7,RegC,IL1B,135.399808202292
OA7,RegC,TFEC,135.132909757931
OA7,RegC,CD163,130.912810335522
OA7,RegC,SLAMF1,127.412443574788
OA7,RegC,CYTIP,125.465319853212
OA7,RegC,MYO1G,112.04605619611
OA7,RegC,HLA-DQA1,109.19893244363
OA7,RegC,MZB1,108.09726233726
OA7,RegC,CLEC4D,105.716217458183
OA7,RegC,SIGLEC1,101.177939436098
OA7,RegC,SAMSN1,100.892810412684
OA7,RegC,SLCO2B1,99.9287533393841
OA7,RegC,CCL22,85.7443043778083
OA7,RegC,OLR1,82.8855918806579
OA7,RegC,FOLR2,79.4002165589553
OA7,RegC,TYROBP,76.7174843089867
OA7,RegC,MS4A4A,70.2663882845366
OA7,RegC,CYBB,68.2405788501309
OA7,RegC,C1QB,68.0001738012621
OA7,RegC,S100A9,63.7590677965456
OA7,RegC,RGS1,59.1009598813826
OA7,RegC,SLAMF7,58.4925523655791
OA7,RegC,TBXAS1,57.4618912912791
OA7,RegC,MS4A6A,55.8422087721049
OA7,RegC,CD53,51.7273278345035
OA7,RegC,SEL1L3,49.1290260428537
OA7,RegC,PLA2G7,47.5803074828236
OA7,RegC,CXCL3,47.0050851033309
OA7,RegC,CLEC5A,45.0735155893977
OA7,RegC,CXCL8,45.0097831196419
OA7,RegC,LOC731424,44.6082227192409
OA7,RegC,MS4A7,42.7250000378231
OA7,RegC,ARHGAP30,42.2474943597473
OA7,RegC,LAIR1,41.1381191748015
OA7,RegC,CLEC4E,41.1374149560344
OA7,RegC,MMP9,39.1979927688878
OA7,RegC,FCER1G,39.1218448007996
OA7,RegC,LYZ,38.8700083524062
OA7,RegC,C1QC,37.9573947680227
OA7,RegC,EREG,37.1724531687595
OA7,RegC,PIK3R5,36.5445862598602
OA7,RegC,L3MBTL4-AS1,35.5721989003952
OA7,RegC,ALDH8A1,35.2702426114975
OA7,RegC,CXCR4,32.195859694292
OA7,RegC,CD84,30.8604205335007
OA7,RegC,PLEK,29.9796508057699
OA7,RegC,GPRIN3,29.4725398918924
OA7,RegC,C3,28.6993440170069
OA7,RegC,PLAC8,28.2583942993588
OA7,RegC,IL1RN,27.8984611474708
OA7,RegC,MMP12,27.2665851510413
OA7,RegC,DOCK2,27.0812061186913
OA7,RegC,CXCL2,26.8945399957112
OA7,RegC,SLCO4A1,24.0475510799249
OA7,RegC,LAPTM5,23.3120676276429
OA7,RegC,SV2B,22.7748106750532
OA7,RegC,LOC100134368,22.5985081231887
OA7,RegC,TMEM52B,22.4028191436321
OA7,RegC,IGLL5,22.3034743505124
OA7,RegC,LCP1,22.2706703041285
OA7,RegC,STAB1,21.85525717957
OA7,RegC,C1QA,21.3080861149684
OA7,RegC,ADAM8,21.0195122670984
OA7,RegC,AIF1,20.5929652676656
OA7,RegC,TNFRSF1B,20.1478842821828
OA7,RegC,FGR,20.0512070527463
OA7,RegC,CCL3,20.0479117581846
OA7,RegC,HAVCR2,18.8744427624556
OA7,RegC,FERMT3,18.5214134444372
OA7,RegC,GPR160,17.5320705143412
OA7,preHTC,MLLT10P1,144.065588889807
OA7,preHTC,CLDN10,27.6221604523812
OA7,preHTC,LY6D,17.2131775069272
OA7,preHTC,FAM159B,15.2110594925809
OA7,preHTC,TNFAIP6,15.0330362515582
OA7,preHTC,GRIK3,11.6514720662739
OA7,preHTC,EPYC,11.3675883233225
OA7,preHTC,PRG4,10.769328234177
OA7,preHTC,SOX11,10.404579941514
OA7,preHTC,F5,9.49333634400192
OA7,preHTC,ASPRV1,9.25566853817804
OA7,preHTC,AMTN,8.61399697836777
OA7,preHTC,DNAJC12,8.48538079990902
OA7,preHTC,TNP1,8.27203490144707
OA7,preHTC,SEZ6L2,7.2625750861651
OA7,preHTC,TMEM108,7.21062331139472
OA7,preHTC,DEFB1,7.15830119164251
OA7,preHTC,UPK1B,6.31400031744673
OA7,preHTC,TREM1,6.30170133264998
OA7,preHTC,GFRA2,6.28179974553532
OA7,preHTC,MSLN,6.21225810499319
OA7,preHTC,ST6GALNAC5,5.95581220187489
OA7,preHTC,NTF3,5.89531048200473
OA7,preHTC,CCL20,5.61039793761869
OA7,preHTC,ISM2,5.52409857842071
OA7,preHTC,DCDC2B,5.47902758003272
OA7,preHTC,C15orf48,5.41996693079142
OA7,preHTC,SYN3,5.34126446688241
OA7,preHTC,FAM132B,5.23488884051998
OA7,preHTC,VCAM1,5.21494431754691
OA7,preHTC,MAP3K7CL,5.15369842827878
OA7,preHTC,SLC7A2,5.00632213815863
OA7,preHTC,TMEM59L,4.9963118758628
OA7,preHTC,AKR1C2,4.96372638494783
OA7,preHTC,NOS2,4.90025746042062
OA7,preHTC,DUSP4,4.87811073542067
OA7,preHTC,ADAMTS5,4.8572887501906
OA7,preHTC,FAP,4.83821684406856
OA7,preHTC,HHIP,4.75676739935306
OA7,preHTC,SEMA3C,4.71528412988154
OA7,preHTC,PDZK1IP1,4.68577195795823
OA7,preHTC,GALNT16,4.62792584061203
OA7,preHTC,ASPN,4.47003537706274
OA7,preHTC,TNFSF10,4.4663815146639
OA7,preHTC,TGFBI,4.36540544250954
OA7,preHTC,ACKR2,4.26040034090971
OA7,preHTC,VEGFC,4.25998334127049
OA7,preHTC,HTRA1,4.20102753310262
OA7,preHTC,DENND3,4.19480251685323
OA7,preHTC,CRLF1,4.17580387433085
OA7,preHTC,KRT17,4.08589743636769
OA7,preHTC,IL11,3.89214637895001
OA7,preHTC,SPINT1,3.86402312566096
OA7,preHTC,APCDD1L-AS1,3.85963598347794
OA7,preHTC,WFDC21P,3.85358628682246
OA7,preHTC,GOLGA7B,3.85252012394755
OA7,preHTC,NDP,3.82724773539918
OA7,preHTC,MCPH1-AS1,3.79137970676366
OA7,preHTC,FZD10,3.76036982219992
OA7,preHTC,UCP2,3.753879825079
OA7,preHTC,NNAT,3.70279468544174
OA7,preHTC,AOC2,3.68403003443933
OA7,preHTC,GRIA2,3.68012752517635
OA7,preHTC,LINC00346,3.65946196533311
OA7,preHTC,MSMP,3.65003111814298
OA7,preHTC,RIPPLY2,3.61775922243611
OA7,preHTC,TNC,3.54718845068625
OA7,preHTC,APCDD1L,3.53541676508895
OA7,preHTC,ABCA8,3.49401009666148
OA7,preHTC,AKR1C1,3.47823162968152
OA7,preHTC,NPR3,3.44109135531225
OA7,preHTC,TNFAIP8,3.42905471539196
OA7,preHTC,RAD51AP2,3.42894470771812
OA7,preHTC,SLC1A1,3.42505422983544
OA7,preHTC,BDKRB1,3.4209248239797
OA7,preHTC,DPT,3.38391649816659
OA7,preHTC,PTGES,3.33982505591776
OA7,preHTC,SFN,3.33365833635574
OA7,preHTC,OGN,3.31654044813789
OA7,preHTC,THBS3,3.29760654187241
OA7,preHTC,PREX2,3.29064398109156
OA7,preHTC,PGAM2,3.25978326404824
OA7,preHTC,PMAIP1,3.24294384419257
OA7,preHTC,MPPE1,3.2190861286415
OA7,preHTC,P4HA3,3.19175668113115
OA7,preHTC,WBSCR17,3.1913588671367
OA7,preHTC,UROC1,3.17497805138407
OA7,preHTC,ABI3BP,3.1416541292292
OA7,preHTC,CAPS,3.0866225900502
OA7,preHTC,GAS1,3.08350882910746
OA7,preHTC,GAREM,3.0805674345493
OA7,preHTC,WNT16,3.08045764349246
OA7,preHTC,RPSAP52,3.06464153523287
OA7,preHTC,MAMDC2,3.05379341910362
OA7,preHTC,BTBD16,3.04941422844526
OA7,preHTC,PART1,3.04822119128609
OA7,preHTC,ANK3,3.02647183373969
OA7,preHTC,TIMP1,3.02123154489248
OA7,preHTC,SPTLC3,3.00674740205884
OA7,preHTC,CHST13,2.99658942448732
OA8,EC,CCDC160,52.5770660754555
OA8,EC,ANKRD1,37.0495425111653
OA8,EC,SPINK1,26.4467532077814
OA8,EC,KRT16P3,19.4820873431046
OA8,EC,MTBP,9.3147787494108
OA8,EC,SPOCK3,9.03450322878944
OA8,EC,CLDN4,8.34199063583642
OA8,EC,ODF3L1,7.91198576348001
OA8,EC,TMEM156,7.88195086937862
OA8,EC,KRT16P1,7.8050527013316
OA8,EC,CCL7,7.35208870317942
OA8,EC,CHRDL2,7.24991759316265
OA8,EC,ALOX12P2,6.74849449822066
OA8,EC,RSPO3,6.47344765359292
OA8,EC,SERPINA6,6.47069850402088
OA8,EC,FAM170B,6.4234813592865
OA8,EC,FST,6.42222817600456
OA8,EC,CDC42EP2,6.39403513191434
OA8,EC,C22orf23,6.34328174027038
OA8,EC,NUP62CL,6.33817435119515
OA8,EC,TNFAIP8L3,5.945298892221
OA8,EC,LAMC2,5.46246728613784
OA8,EC,DSC2,5.13335033876674
OA8,EC,UBE2V1,5.07093324491369
OA8,EC,SUV39H1,5.0525517869507
OA8,EC,KIF1A,5.03517714161936
OA8,EC,SLC14A2,4.79154455879542
OA8,EC,NAP1L2,4.74778279604601
OA8,EC,SPINK2,4.64745580211579
OA8,EC,SPTSSB,4.6029998398928
OA8,EC,FABP3,4.57727980072689
OA8,EC,TUBA8,4.54998075035364
OA8,EC,FGD6,4.51134836015783
OA8,EC,LOC102723505,4.4431398972337
OA8,EC,RARA-AS1,4.31393610066806
OA8,EC,WDR63,4.19190986630518
OA8,EC,C5orf49,4.18017039024782
OA8,EC,TCEAL5,4.1606173131446
OA8,EC,TMPRSS4,4.08625074657434
OA8,EC,BCYRN1,3.9674396563311
OA8,EC,FRZB,3.94215428180223
OA8,EC,DIRAS3,3.93432351284061
OA8,EC,CFAP58-AS1,3.88071791458556
OA8,EC,RELN,3.87267617325978
OA8,EC,NXPE4,3.86805245046123
OA8,EC,CYTL1,3.85876476034354
OA8,EC,LINC01384,3.83683071799071
OA8,EC,ZNF527,3.8018602313503
OA8,EC,TMEM132C,3.73500077298823
OA8,EC,RCAN3,3.71878105598057
OA8,EC,CISH,3.67463107902743
OA8,EC,PINX1,3.59831601596479
OA8,EC,ZBED9,3.595739800084
OA8,EC,GBP1,3.57840280433571
OA8,EC,ULBP1,3.56217043589539
OA8,EC,TF,3.54866309302594
OA8,EC,C11orf91,3.54334454521161
OA8,EC,HLA-J,3.51441156781313
OA8,EC,PLEKHB1,3.43800909381511
OA8,EC,ERICH2,3.40180317857551
OA8,EC,DNAJC22,3.38669681277207
OA8,EC,ARC,3.37259280621605
OA8,EC,ZNF365,3.36134333064903
OA8,EC,MYOC,3.35884097573761
OA8,EC,AGR2,3.35246702719358
OA8,EC,HSD17B14,3.32522173963989
OA8,EC,WIF1,3.2742919904605
OA8,EC,FICD,3.26873166377662
OA8,EC,FERMT1,3.25898202243683
OA8,EC,FADD,3.25205368388891
OA8,EC,P2RY2,3.25177054197053
OA8,EC,CAMTA2,3.24181370512919
OA8,EC,RIBC1,3.22569378220372
OA8,EC,CRYAB,3.18713277670426
OA8,EC,MEI1,3.18292971772897
OA8,EC,GAL,3.17996330698325
OA8,EC,ADPRHL1,3.17995169732991
OA8,EC,SFTPD,3.17233692646016
OA8,EC,VILL,3.16022749101358
OA8,EC,PPM1J,3.15668889341813
OA8,EC,GPC5,3.138963850619
OA8,EC,CES1,3.13464931292044
OA8,EC,HSF2BP,3.12157093897813
OA8,EC,CSDC2,3.08094825784773
OA8,EC,TRIM47,3.07998540866739
OA8,EC,STARD13-AS,3.06696321271288
OA8,EC,RBKS,3.06626461114761
OA8,EC,PEG3,3.0603903326815
OA8,EC,GIPR,3.01765323244213
OA8,EC,TRIB3,3.01710017009613
OA8,EC,ST8SIA1,3.00413042689505
OA8,EC,VWDE,2.99934823229865
OA8,EC,RHOD,2.98544813969655
OA8,EC,ITGA2,2.97973997767306
OA8,EC,IPO5P1,2.97746783328411
OA8,EC,NDRG4,2.97144676846757
OA8,EC,MLLT11,2.96631962480579
OA8,EC,S100P,2.95808016408909
OA8,EC,FOXA3,2.94425234936772
OA8,EC,SORL1,2.93908680444647
OA8,FC,ROBO4,177912.078778403
OA8,FC,LINC01197,113020.119981377
OA8,FC,TEK,88579.6812723417
OA8,FC,EBF2,82592.9834619691
OA8,FC,NES,80290.7977434287
OA8,FC,NR2F2-AS1,77604.3908451832
OA8,FC,CRYBB1,66618.1708744216
OA8,FC,CRIP3,64989.774666194
OA8,FC,ADAD2,60133.0783414865
OA8,FC,ARHGEF15,57246.7905262033
OA8,FC,LOC284661,51253.2052431479
OA8,FC,FHL5,19209.5839491285
OA8,FC,EGFL6,16097.481418545
OA8,FC,ACKR1,11761.1881881254
OA8,FC,CD34,3943.18026803065
OA8,FC,GIMAP7,3321.52524685328
OA8,FC,FCN3,3002.01146343827
OA8,FC,BMX,2162.47856623365
OA8,FC,PODN,1841.74051830302
OA8,FC,LOC389033,1461.24959810638
OA8,FC,GIMAP6,1360.6533806681
OA8,FC,ADAMTS9-AS1,1232.63117737418
OA8,FC,ACE,1140.5031296366
OA8,FC,SOX18,1101.28402945445
OA8,FC,OAS3,1084.40163728827
OA8,FC,EDN1,977.333563605896
OA8,FC,LRRC10B,949.237251262549
OA8,FC,CRYGN,887.410904097422
OA8,FC,SELE,756.903592970371
OA8,FC,GIMAP4,692.809318249932
OA8,FC,MFAP5,601.398956345867
OA8,FC,MMP11,600.080319497903
OA8,FC,LHX6,481.740272949102
OA8,FC,PGM5,465.653281770827
OA8,FC,ADRA1D,445.724096908433
OA8,FC,SHANK3,431.032210109895
OA8,FC,LGALS2,416.993098531076
OA8,FC,PECAM1,400.419544677768
OA8,FC,PEAR1,383.802791426377
OA8,FC,OR7E2P,350.88568761618
OA8,FC,ADGRF5,336.458960915108
OA8,FC,CLEC14A,321.331504164208
OA8,FC,GIMAP8,320.41928097618
OA8,FC,IFI44L,317.5281831955
OA8,FC,JCHAIN,295.987538559658
OA8,FC,LRRC4C,295.390844324441
OA8,FC,RTN4RL2,294.715515839402
OA8,FC,GGT5,281.070545297515
OA8,FC,SFRP2,269.011679970723
OA8,FC,HOXB8,267.477614815634
OA8,FC,C1orf233,267.114593468403
OA8,FC,CASP5,265.357350238225
OA8,FC,OAS1,251.606891355508
OA8,FC,CCL23,243.135646387616
OA8,FC,CEBPA-AS1,233.760212196965
OA8,FC,LGALS3BP,225.355336709977
OA8,FC,CXCL12,222.278457139735
OA8,FC,WISP2,220.348643162978
OA8,FC,CYYR1,218.545551813127
OA8,FC,LINC00310,215.477180201994
OA8,FC,CPXM1,208.343328594921
OA8,FC,COL22A1,208.137605482523
OA8,FC,PPP1R14A,202.783997403817
OA8,FC,EPHX3,198.267351440162
OA8,FC,CPB1,192.603445495973
OA8,FC,SFTA1P,187.562880974223
OA8,FC,SECTM1,178.54776023203
OA8,FC,MCF2L,177.982862691434
OA8,FC,LOC643733,173.806072010362
OA8,FC,LDB2,169.065677024464
OA8,FC,LAMA3,167.068549082499
OA8,FC,IFITM5,156.9947158233
OA8,FC,WDR72,156.40729362622
OA8,FC,SFRP1,154.340601743964
OA8,FC,CLDN5,149.568944002045
OA8,FC,ASPG,149.494248455302
OA8,FC,PRSS36,142.304921005702
OA8,FC,CXorf36,142.101718893267
OA8,FC,CLDN11,140.188016075473
OA8,FC,LIMS2,140.113632219025
OA8,FC,IL23R,136.165972979155
OA8,FC,SPARCL1,131.273902857689
OA8,FC,CFD,129.505308829884
OA8,FC,NELL1,124.668374984458
OA8,FC,COL5A3,120.455064619983
OA8,FC,AFAP1L1,119.453267482857
OA8,FC,LINC01142,116.113133284878
OA8,FC,APLNR,114.941364094779
OA8,FC,LINC00900,114.940715040496
OA8,FC,KCNMB1,114.674715978175
OA8,FC,GPR1,111.356985918563
OA8,FC,A2MP1,110.151032884634
OA8,FC,OLFML2A,109.131784347943
OA8,FC,GUCY1B3,107.54572421225
OA8,FC,FBLN2,107.455691236995
OA8,FC,TMEM92,107.217876346723
OA8,FC,RHBG,107.01971992829
OA8,FC,AVPR1A,105.971420016232
OA8,FC,SLCO1C1,104.625082345766
OA8,FC,CHN1,101.338780485122
OA8,HTC,OR10G2,90019.9732297423
OA8,HTC,GKN2,65207.930395147
OA8,HTC,LOC100996324,56751.0334115822
OA8,HTC,LINC01337,54899.4226099576
OA8,HTC,GPR33,1135.80530371365
OA8,HTC,ROPN1,259.252204778136
OA8,HTC,PLA2G10,254.002831171948
OA8,HTC,HIST1H2AH,236.208315404253
OA8,HTC,HIST1H2BE,162.096624627392
OA8,HTC,RAPGEF4-AS1,133.419424331106
OA8,HTC,DRAXIN,132.341844774602
OA8,HTC,MATN4,96.718646170722
OA8,HTC,HOXB3,94.1886784757157
OA8,HTC,COL10A1,90.1365776859842
OA8,HTC,UCMA,88.8680234191792
OA8,HTC,LOC648987,69.0549144297221
OA8,HTC,ORM1,67.1537647407058
OA8,HTC,CAPN6,58.5426145072876
OA8,HTC,SERPINI2,57.8459828521944
OA8,HTC,TMCC1-AS1,52.636084937911
OA8,HTC,MEPE,50.7790507212134
OA8,HTC,NLRP14,49.1453482765755
OA8,HTC,EHMT1-IT1,48.5443299939036
OA8,HTC,FLJ13224,45.3055673068239
OA8,HTC,C6orf201,40.7752140287655
OA8,HTC,HIST1H4B,38.7827566447115
OA8,HTC,CA12,38.631734136363
OA8,HTC,RNU12,38.5443267130938
OA8,HTC,ZBTB37,37.5150488770931
OA8,HTC,TSPAN8,36.8746974084631
OA8,HTC,TECRL,35.0614996818411
OA8,HTC,LMOD3,32.0740644907939
OA8,HTC,SLC13A5,30.9503466457545
OA8,HTC,MMP13,29.462256950167
OA8,HTC,THPO,29.4292783563598
OA8,HTC,PENK,28.3216181719839
OA8,HTC,PLET1,25.1118428214499
OA8,HTC,SMIM10L2B,24.4706649049697
OA8,HTC,LOC101928002,24.4108603935034
OA8,HTC,ERBB3,23.3542130107857
OA8,HTC,SMPX,22.3366988570843
OA8,HTC,PRKG2,22.0387943644916
OA8,HTC,FAM86JP,21.5138421735942
OA8,HTC,DCDC5,21.4365257767363
OA8,HTC,COL19A1,20.2262476515989
OA8,HTC,LINC00261,20.1534887778158
OA8,HTC,CEP72,19.99891963037
OA8,HTC,DEGS2,19.7713353172391
OA8,HTC,LOC389705,19.5699304893887
OA8,HTC,ALPL,19.3937550798573
OA8,HTC,SNX22,19.3133561580644
OA8,HTC,PPP1R3G,19.2245955934411
OA8,HTC,IL17B,19.0318389439009
OA8,HTC,ZBTB20-AS4,18.6613865062842
OA8,HTC,FLJ33360,18.0130559163198
OA8,HTC,TP73,17.8887711964752
OA8,HTC,KLKB1,17.7888568939119
OA8,HTC,LINC01599,17.5832297603563
OA8,HTC,MBLAC2,16.8326043129418
OA8,HTC,TRMT61B,16.5107969822437
OA8,HTC,COL9A1,16.4928790884849
OA8,HTC,CDH17,16.4702535522537
OA8,HTC,FLJ36777,15.9764062871563
OA8,HTC,HIST4H4,15.861048136373
OA8,HTC,WNT1,15.5509101924797
OA8,HTC,PRMT5-AS1,15.4536027894838
OA8,HTC,GPD1,15.0363024242503
OA8,HTC,WNK4,14.953222358695
OA8,HTC,RPSAP52,14.7699238104897
OA8,HTC,PANX3,14.6826726486863
OA8,HTC,ACVRL1,14.2194130609274
OA8,HTC,LOC100507373,14.1385475798534
OA8,HTC,DPY19L2,14.0716764183456
OA8,HTC,SCUBE3,13.9534425376009
OA8,HTC,IHH,13.5526635000156
OA8,HTC,PRSS50,13.5210021637058
OA8,HTC,LOC102723582,13.4133393695686
OA8,HTC,FCGR1A,12.8279580730635
OA8,HTC,PAQR7,12.8106736135127
OA8,HTC,NAALAD2,12.7568906840915
OA8,HTC,GNB3,12.7107974664977
OA8,HTC,WNT10B,12.6207831981622
OA8,HTC,BMF,12.4623286590679
OA8,HTC,FAM21EP,12.4351916575565
OA8,HTC,ALX4,12.4313839246612
OA8,HTC,WNT5A,12.3222050290899
OA8,HTC,LEF1,12.2972946180523
OA8,HTC,PTK6,12.2318147966416
OA8,HTC,GJB2,11.9943348208899
OA8,HTC,IRX3,11.9097585916242
OA8,HTC,SMIM5,11.9020709548359
OA8,HTC,GFRA1,11.6269717039991
OA8,HTC,LOC101060542,11.4329203609606
OA8,HTC,RMI1,11.2451396103316
OA8,HTC,COX6A2,11.2211175086582
OA8,HTC,PAX1,11.1296001697842
OA8,HTC,JPH1,10.9507204565632
OA8,HTC,USP27X-AS1,10.9106694062785
OA8,HTC,ZDHHC1,10.8609071230644
OA8,HTC,SYNDIG1,10.8021034361156
OA8,HomC,ACTG1P4,62977.878723508
OA8,HomC,DHH,9319.83169509195
OA8,HomC,CCL18,1535.97425736871
OA8,HomC,RDH10-AS1,233.38295470249
OA8,HomC,LCK,189.157093867373
OA8,HomC,SLA2,181.471884553781
OA8,HomC,HBA2,142.56987119193
OA8,HomC,HBA1,123.421476762299
OA8,HomC,DMP1,109.652005436808
OA8,HomC,BNC1,106.32042770588
OA8,HomC,BACH1-IT2,50.0902958134008
OA8,HomC,HBG2,42.3692802573627
OA8,HomC,HBG1,35.0852668890453
OA8,HomC,CATIP,29.429818219639
OA8,HomC,ZNF547,24.0431433647317
OA8,HomC,PARD6G-AS1,22.6709255390963
OA8,HomC,DOK7,20.9885003908918
OA8,HomC,PLEKHG2,20.8795730307242
OA8,HomC,MAGEE1,19.4906761344318
OA8,HomC,AURKA,18.9339578876946
OA8,HomC,CIRBP-AS1,18.8106145136733
OA8,HomC,LACE1,16.8304380985445
OA8,HomC,MCF2,16.3057683465625
OA8,HomC,ZFP30,16.1157955999473
OA8,HomC,C5orf45,15.5919471392707
OA8,HomC,LINC01132,15.5182909592047
OA8,HomC,TRIM69,15.3808965610945
OA8,HomC,GDF15,15.3803909991572
OA8,HomC,CCNE1,15.2570688615553
OA8,HomC,DNAJC18,14.9316813682464
OA8,HomC,HIST2H2BF,14.4335006377617
OA8,HomC,PNLDC1,14.4070519699502
OA8,HomC,NMNAT3,13.5833329152965
OA8,HomC,ADM5,13.3571554521283
OA8,HomC,SP6,12.668993948887
OA8,HomC,CCDC173,12.5034972597316
OA8,HomC,GAST,12.2019064044106
OA8,HomC,ACER2,12.0627818687578
OA8,HomC,C3orf67,12.0259999235543
OA8,HomC,NPHS1,11.808858457461
OA8,HomC,OR7E47P,11.6657781820809
OA8,HomC,UNC80,11.6354191240906
OA8,HomC,JUN,11.6093356503454
OA8,HomC,GOLGA6C,11.2103211599454
OA8,HomC,SPDYA,10.9839696070338
OA8,HomC,LOC100506603,10.7282614665988
OA8,HomC,KLF2,10.6796944821197
OA8,HomC,POU2F2,10.6164614673411
OA8,HomC,ATXN7L1,10.5922886910026
OA8,HomC,MST1,10.3645002745783
OA8,HomC,LOC101927391,10.2814867657414
OA8,HomC,KIR3DX1,10.038619412196
OA8,HomC,CCDC61,9.48445115428393
OA8,HomC,LINC01137,9.45611579120597
OA8,HomC,PAQR8,9.40479889219854
OA8,HomC,MMP25,9.29833639611367
OA8,HomC,SNHG12,9.26777911084872
OA8,HomC,CATSPERG,9.18067073459949
OA8,HomC,PPP1R1C,9.12473622597233
OA8,HomC,FOS,8.84420367664913
OA8,HomC,AKAP5,8.77990083632645
OA8,HomC,EGR1,8.76978700012366
OA8,HomC,ELOVL3,8.76857685329628
OA8,HomC,FBXO48,8.72020604822402
OA8,HomC,CCNE2,8.65143857797505
OA8,HomC,RASD1,8.61497013358319
OA8,HomC,LOC100287846,8.48460986397143
OA8,HomC,ZNF844,8.44545802059979
OA8,HomC,RPL13P5,8.43859549277061
OA8,HomC,DSTNP2,8.39301590085622
OA8,HomC,USP51,8.37449821495575
OA8,HomC,GRIN2A,8.35113704357176
OA8,HomC,SMCR5,8.22320386242437
OA8,HomC,LOC643072,8.15989279636716
OA8,HomC,DDX43,8.13954738191451
OA8,HomC,ANKRD31,8.01449953840615
OA8,HomC,MYLIP,7.98807464883532
OA8,HomC,FOSB,7.95358662080194
OA8,HomC,CXXC4,7.89320077346551
OA8,HomC,GRAMD2,7.68525062962067
OA8,HomC,DDX26B,7.65879798722537
OA8,HomC,LOC105747689,7.65466876931581
OA8,HomC,MROH8,7.56740764042205
OA8,HomC,HIST2H2BA,7.54967428911304
OA8,HomC,EFNA2,7.52789884674311
OA8,HomC,ATCAY,7.48993510035308
OA8,HomC,HHEX,7.46322176650135
OA8,HomC,KIF4A,7.45635397887062
OA8,HomC,RGS16,7.43119165409838
OA8,HomC,NR4A1,7.39112812277659
OA8,HomC,THAP9,7.27419240155286
OA8,HomC,ZC2HC1C,7.26522859757299
OA8,HomC,STIL,7.24329962210736
OA8,HomC,LOC257396,7.17341748144493
OA8,HomC,GATA2,7.11729143021074
OA8,HomC,PLA2G6,7.09438234092576
OA8,HomC,FAM46C,7.03630825955315
OA8,HomC,PTPRN,6.97641025343688
OA8,HomC,CDC20,6.94916138884258
OA8,HomC,B3GALT2,6.91416731015958
OA8,ProC,LCE1E,283.161815281773
OA8,ProC,GDNF,18.818029008256
OA8,ProC,MMP1,12.4889580228914
OA8,ProC,HAO1,9.69468864447555
OA8,ProC,TAC1,9.64516474049541
OA8,ProC,S100A2,9.23937968306614
OA8,ProC,KRTAP2-3,8.99650380985087
OA8,ProC,WNT16,8.83555116186773
OA8,ProC,TMEM132C,7.59400230273735
OA8,ProC,ASB5,7.51436639227185
OA8,ProC,LOC100507156,7.48256333213689
OA8,ProC,GAS6-AS2,7.40167554122425
OA8,ProC,DCLK1,7.15627772484766
OA8,ProC,GCSAM,6.88985997566758
OA8,ProC,GAS6-AS1,6.85424364773943
OA8,ProC,SLC22A23,6.77840656115232
OA8,ProC,FAM110C,6.71139732765059
OA8,ProC,CTB-178M22.2,6.27639206455695
OA8,ProC,ABCG2,6.11236615245317
OA8,ProC,CITED4,5.62384025494587
OA8,ProC,DHX37,5.49516927372875
OA8,ProC,P3H2,5.44995408706753
OA8,ProC,FOXC2,5.44783924741708
OA8,ProC,FGF1,5.40710129852811
OA8,ProC,BMP2,5.27901962074503
OA8,ProC,LRRC8C,5.14503423523314
OA8,ProC,RIPK4,5.1272277873516
OA8,ProC,C17orf97,5.10396312015033
OA8,ProC,SLC9C1,4.95578965058527
OA8,ProC,TIMM8A,4.89062946298159
OA8,ProC,CLDN1,4.85865051490154
OA8,ProC,TET3,4.84923098640073
OA8,ProC,INHBA-AS1,4.73930287329402
OA8,ProC,MREG,4.72254846902396
OA8,ProC,SYNJ2,4.6603482168641
OA8,ProC,PITPNM2,4.64965642696634
OA8,ProC,RASGRP3,4.57207359389991
OA8,ProC,FAM101B,4.53282641058706
OA8,ProC,PAQR9-AS1,4.51291892101238
OA8,ProC,EML6,4.46253498666806
OA8,ProC,KIRREL,4.40732531802329
OA8,ProC,FERMT1,4.35423081880427
OA8,ProC,LIF,4.32824923889867
OA8,ProC,B3GNT5,4.28965109672146
OA8,ProC,USP31,4.27684129715872
OA8,ProC,SDR42E1,4.25411833936877
OA8,ProC,C3orf52,4.24310087771577
OA8,ProC,CLMP,4.24041753240561
OA8,ProC,ADPRHL1,4.23740172045028
OA8,ProC,ARC,4.22899193756949
OA8,ProC,ITGA2,4.2122204671245
OA8,ProC,GPT2,4.17249716508243
OA8,ProC,PUS1,4.17109912055688
OA8,ProC,POLR1A,4.16692570380901
OA8,ProC,TMEM100,4.16592995843816
OA8,ProC,BMP6,4.16054521338056
OA8,ProC,PTGS2,4.12940475492467
OA8,ProC,ATP13A3,4.12328515477728
OA8,ProC,C2CD4B,4.08080379296936
OA8,ProC,WDR3,4.07414289445047
OA8,ProC,WDR12,4.06961364696552
OA8,ProC,TFPI2,4.05802383815342
OA8,ProC,KRT16,4.05320813495953
OA8,ProC,LOC101928841,4.05062929888592
OA8,ProC,NPR2,4.03687092645035
OA8,ProC,HTRA3,4.02968642710673
OA8,ProC,GLIS3,4.02233199453062
OA8,ProC,FGF2,4.00882323562172
OA8,ProC,KANK1,3.97688055233432
OA8,ProC,GIPR,3.96875440423234
OA8,ProC,PSAT1,3.94777515404207
OA8,ProC,KRT17,3.93405396255639
OA8,ProC,ERCC1,3.91699711591764
OA8,ProC,TRMT44,3.91001938590415
OA8,ProC,COBL,3.89624843909947
OA8,ProC,SNHG20,3.88834430486907
OA8,ProC,TGFB1,3.85330644750707
OA8,ProC,GPR183,3.83851627945504
OA8,ProC,CEMIP,3.81913156085628
OA8,ProC,BCAS4,3.8148224853864
OA8,ProC,JHDM1D-AS1,3.80951001506832
OA8,ProC,INHBA,3.77903883443021
OA8,ProC,DIP2B,3.77533027325583
OA8,ProC,METRNL,3.76344162074881
OA8,ProC,IL11,3.75829949231122
OA8,ProC,ST8SIA1,3.72817483177264
OA8,ProC,GREM1,3.72603890751845
OA8,ProC,RRP12,3.70440342612903
OA8,ProC,OR7E14P,3.70325133779628
OA8,ProC,LINC01013,3.69380672926019
OA8,ProC,CRIPAK,3.68116560545631
OA8,ProC,BYSL,3.67306042003456
OA8,ProC,ST3GAL1,3.6683364626395
OA8,ProC,TXNRD1,3.65165923912713
OA8,ProC,TTLL4,3.6453515152731
OA8,ProC,ZNF365,3.63906791288436
OA8,ProC,ACTC1,3.63436119914521
OA8,ProC,PDE4B,3.62110646652822
OA8,ProC,SLC4A7,3.58819885201616
OA8,ProC,POLR1B,3.56857907590382
OA8,RegC,CLEC4D,75860.6198769273
OA8,RegC,TCN1,56895.7149076955
OA8,RegC,RETN,7224.54572408232
OA8,RegC,ADGRG3,2680.59805126423
OA8,RegC,MNDA,2165.78271418767
OA8,RegC,PGLYRP1,1421.42373601213
OA8,RegC,PADI4,1306.20209497788
OA8,RegC,MS4A3,1193.82347055212
OA8,RegC,LTF,674.141879355603
OA8,RegC,LOC101927087,509.887869479589
OA8,RegC,RNASE6,462.922249379247
OA8,RegC,RNF126P1,435.346143865128
OA8,RegC,ADAP1,369.363201911433
OA8,RegC,CCR1,314.514726074285
OA8,RegC,SPI1,304.585862450525
OA8,RegC,CEBPE,302.498693072804
OA8,RegC,TMCC3,301.889943695837
OA8,RegC,CAMP,282.889237709662
OA8,RegC,S100A8,271.742708198368
OA8,RegC,CD86,217.158857853527
OA8,RegC,OLFM4,201.96909723249
OA8,RegC,IL2RA,180.182586798741
OA8,RegC,CD38,139.869465557987
OA8,RegC,CD163,116.462973538157
OA8,RegC,IL1A,115.332984827097
OA8,RegC,CYTIP,113.248776838
OA8,RegC,SLAMF1,108.45713083755
OA8,RegC,MZB1,103.856612662857
OA8,RegC,IL1B,99.8348422278386
OA8,RegC,HLA-DQA1,90.1296781636051
OA8,RegC,SAMSN1,88.667547907916
OA8,RegC,SLCO2B1,81.3668892902999
OA8,RegC,FOLR2,79.1061619672939
OA8,RegC,CHIT1,77.6120353410864
OA8,RegC,MS4A4A,65.6209958234423
OA8,RegC,CYBB,64.0846366047659
OA8,RegC,ALDH8A1,62.7682646324126
OA8,RegC,TYROBP,60.7841013302657
OA8,RegC,LYZ,60.2920640962678
OA8,RegC,C1QB,60.2866240751858
OA8,RegC,LAIR1,57.7387046258643
OA8,RegC,S100A9,57.3317650313619
OA8,RegC,CCL22,55.4939731059848
OA8,RegC,RGS1,53.1943635090512
OA8,RegC,SEL1L3,49.1263507833769
OA8,RegC,MS4A6A,48.0972192749566
OA8,RegC,CD53,45.1494570192223
OA8,RegC,ARHGAP30,40.1289147460772
OA8,RegC,MYO1G,38.9120632407781
OA8,RegC,CXCL8,38.0495899382915
OA8,RegC,MS4A7,37.4742551271393
OA8,RegC,DOCK2,35.724493828835
OA8,RegC,CXCL3,33.5351068192642
OA8,RegC,C1QC,32.2630355091844
OA8,RegC,TBXAS1,31.4462462519949
OA8,RegC,CXCR4,31.2174819612682
OA8,RegC,CD84,31.0958358980628
OA8,RegC,FCER1G,28.9466052591497
OA8,RegC,GPRIN3,27.8211671060456
OA8,RegC,C3,26.8562273175341
OA8,RegC,MMP9,26.4700849346866
OA8,RegC,LCP1,25.2600265543105
OA8,RegC,CXCL2,25.0773503347091
OA8,RegC,IL1RN,24.9675387840016
OA8,RegC,MMP12,24.0185488224879
OA8,RegC,PLEK,23.1026275222458
OA8,RegC,SLCO4A1,21.9878162734944
OA8,RegC,PLA2G7,21.9066023467028
OA8,RegC,TMEM52B,21.6779275736871
OA8,RegC,ARHGAP11A,21.0309000564541
OA8,RegC,ADAM8,19.2266125634796
OA8,RegC,IGLL5,19.0255792483618
OA8,RegC,C1QA,18.7827152778326
OA8,RegC,AIF1,18.2769369957099
OA8,RegC,TNFRSF1B,17.9540003566974
OA8,RegC,EREG,17.697982699782
OA8,RegC,GPR160,16.1115252226154
OA8,RegC,ZNF366,16.054960602732
OA8,RegC,FGR,16.0082222890104
OA8,RegC,CCL3,15.4706571629927
OA8,RegC,CCL8,14.3942028754365
OA8,RegC,IQGAP3,14.3222284451396
OA8,RegC,SLC22A1,13.838841734595
OA8,RegC,FERMT3,13.5688640887
OA8,RegC,ALOX5AP,13.4401959964834
OA8,RegC,ZMYND10,13.030804903375
OA8,RegC,IL10RA,12.9305920092229
OA8,RegC,HAVCR2,12.5342034553218
OA8,RegC,CXCL1,12.1150036561036
OA8,RegC,SAA1,11.9556640315155
OA8,RegC,NR6A1,11.6516813000324
OA8,RegC,TNFSF14,11.5791434846938
OA8,RegC,LAPTM5,11.5614782992264
OA8,RegC,TAGLN3,10.9596732400936
OA8,RegC,HLA-DRA,10.9347685539404
OA8,RegC,C2CD4A,10.7573556517906
OA8,RegC,TAGAP,10.3107390844997
OA8,RegC,FRMD4A,10.2776350547735
OA8,RegC,CCDC120,10.0175235507619
OA8,RegC,HLA-DRB1,9.9776895419477
OA8,preHTC,MLLT10P1,98.5363408553927
OA8,preHTC,CLDN10,37.0946738405859
OA8,preHTC,LY6D,17.7055609734138
OA8,preHTC,TNFAIP6,13.6978349527041
OA8,preHTC,GRIK3,11.0686986889768
OA8,preHTC,PRG4,9.93642770129457
OA8,preHTC,C15orf48,8.44879568251971
OA8,preHTC,F5,8.42647410452373
OA8,preHTC,SOX11,7.35643365449207
OA8,preHTC,AMTN,7.31616866674602
OA8,preHTC,ASPRV1,7.1666788389492
OA8,preHTC,DEFB1,6.93606764848037
OA8,preHTC,FAM159B,6.76282767991378
OA8,preHTC,NTF3,6.24575448226439
OA8,preHTC,ST6GALNAC5,6.1531755108679
OA8,preHTC,GRIA2,6.10139751602676
OA8,preHTC,TREM1,6.00542508606395
OA8,preHTC,NOS2,5.9133652477873
OA8,preHTC,ISM2,5.85812337774582
OA8,preHTC,TNP1,5.80661087232594
OA8,preHTC,NDP,5.75610641112795
OA8,preHTC,GFRA2,5.61957092378176
OA8,preHTC,CCL20,5.53640589680616
OA8,preHTC,DNAJC12,5.43589512775164
OA8,preHTC,UPK1B,5.42584665929146
OA8,preHTC,AKR1C2,5.36114456792549
OA8,preHTC,UCP2,5.1573833813422
OA8,preHTC,SLC7A2,5.04341709072411
OA8,preHTC,ACKR2,4.82083490270258
OA8,preHTC,DUSP4,4.73459863223131
OA8,preHTC,SEMA3C,4.59565406129882
OA8,preHTC,TMEM108,4.56427443023045
OA8,preHTC,ADAMTS5,4.51130743938553
OA8,preHTC,VCAM1,4.45095708947938
OA8,preHTC,HHIP,4.37941749890867
OA8,preHTC,MCPH1-AS1,4.34986606415718
OA8,preHTC,TNFSF10,4.34878947541563
OA8,preHTC,GALNT16,4.25022979506004
OA8,preHTC,ASPN,4.2442564408463
OA8,preHTC,FAP,4.20442691740146
OA8,preHTC,FAM132B,4.19239877696056
OA8,preHTC,KRT17,4.16593207122103
OA8,preHTC,SFN,4.13278353168737
OA8,preHTC,RIPPLY2,4.11297521665662
OA8,preHTC,MAP3K7CL,4.09414323409499
OA8,preHTC,NNAT,4.0471364060383
OA8,preHTC,WFDC21P,3.92662835373589
OA8,preHTC,SLC1A1,3.87385547601449
OA8,preHTC,HTRA1,3.85593331422095
OA8,preHTC,ABCA8,3.80066133883706
OA8,preHTC,DNER,3.7512246812772
OA8,preHTC,CRLF1,3.69311073931904
OA8,preHTC,DENND3,3.68842324528332
OA8,preHTC,GAREM,3.64095608048588
OA8,preHTC,BDKRB1,3.60706271285213
OA8,preHTC,DCDC2B,3.59442846863858
OA8,preHTC,BTBD16,3.58319449019559
OA8,preHTC,AKR1C1,3.55024295547736
OA8,preHTC,UROC1,3.54902967013385
OA8,preHTC,TMEM59L,3.44989603688949
OA8,preHTC,IL11,3.4349596609287
OA8,preHTC,ABI3BP,3.43421993767209
OA8,preHTC,GOLGA7B,3.43336600468611
OA8,preHTC,BMPR1B,3.37588938957235
OA8,preHTC,LINC00346,3.37531578087925
OA8,preHTC,CAPS,3.37416972297431
OA8,preHTC,TNC,3.32508083026686
OA8,preHTC,SLC27A4,3.31153859167573
OA8,preHTC,DPT,3.29872005030613
OA8,preHTC,TNFAIP8,3.24169465681197
OA8,preHTC,P4HA3,3.18349043761738
OA8,preHTC,RAD51AP2,3.17836869401694
OA8,preHTC,SPINT1,3.14634214283644
OA8,preHTC,OGN,3.13582694980317
OA8,preHTC,CAV1,3.0850941278742
OA8,preHTC,ATRNL1,3.06495152683209
OA8,preHTC,MPPE1,3.04955468331287
OA8,preHTC,TMEM255B,3.04831627468907
OA8,preHTC,NGF,3.037685443545
OA8,preHTC,TRIM29,3.03708759653597
OA8,preHTC,PREX2,2.99876140093341
OA8,preHTC,COCH,2.99614257164395
OA8,preHTC,LINC01105,2.99154656449759
OA8,preHTC,GAS1,2.99009113933662
OA8,preHTC,MAMDC2,2.9829816499656
OA8,preHTC,PTGES,2.97339309691318
OA8,preHTC,SRPX2,2.96943368045172
OA8,preHTC,SYT8,2.9423808761757
OA8,preHTC,LOC102723354,2.93515263993416
OA8,preHTC,ANK3,2.92757852611961
OA8,preHTC,CD8B,2.91129902430412
OA8,preHTC,TIMP1,2.90488033964026
OA8,preHTC,APCDD1L-AS1,2.87253999903801
OA8,preHTC,TGFBI,2.84268849334037
OA8,preHTC,COMTD1,2.84210873554245
OA8,preHTC,EPYC,2.83384164084781
OA8,preHTC,RAB38,2.81380533352417
OA8,preHTC,PCDHGB7,2.75673839463461
OA8,preHTC,NPR3,2.75636854077781
OA8,preHTC,STEAP1,2.7503624613329
OA9,EC,CCDC160,55.8212837809763
OA9,EC,ANKRD1,30.8439121424211
OA9,EC,SPINK1,22.693709000424
OA9,EC,KRT16P3,16.3563306860608
OA9,EC,TMEM156,9.38950921889487
OA9,EC,CLDN4,8.35065853321681
OA9,EC,MTBP,8.27481616706672
OA9,EC,TMEM132C,7.56987167002493
OA9,EC,ALOX12P2,7.14734497189079
OA9,EC,CCL7,6.79982607068544
OA9,EC,FAM170B,6.66688586557549
OA9,EC,KRT16P1,6.63820269191236
OA9,EC,BLM,6.60895314167307
OA9,EC,TNFAIP8L3,6.22593673653539
OA9,EC,DSC2,6.14935562759053
OA9,EC,LAMC2,6.08266613028296
OA9,EC,CDC42EP2,6.06670647296333
OA9,EC,SPOCK3,6.01271685180083
OA9,EC,ODF3L1,5.97063269315213
OA9,EC,SUV39H1,5.49685857876282
OA9,EC,RSPO3,5.27212185435634
OA9,EC,LINC01384,5.13900737498251
OA9,EC,RARA-AS1,5.01986096412995
OA9,EC,NUP62CL,4.72665102548687
OA9,EC,FST,4.72576947919454
OA9,EC,FGD6,4.65990144136972
OA9,EC,UBE2V1,4.44947761034732
OA9,EC,RIBC1,4.42904260690119
OA9,EC,C4orf26,4.42615825339163
OA9,EC,ZNF563,4.33756349340248
OA9,EC,WDR63,4.20525645630489
OA9,EC,CHRDL2,4.17638879979728
OA9,EC,RCAN3,4.11321930480271
OA9,EC,BCYRN1,4.08279141258483
OA9,EC,SPINK2,3.90758292362964
OA9,EC,FRY-AS1,3.877675294202
OA9,EC,ZNF527,3.86324091614707
OA9,EC,ULBP1,3.84979588822419
OA9,EC,FABP3,3.82436607023573
OA9,EC,C11orf91,3.75309262878386
OA9,EC,C5orf49,3.71098160039379
OA9,EC,SERPINA6,3.68293963158479
OA9,EC,AGPAT9,3.65281187989211
OA9,EC,ADPRHL1,3.61575922733872
OA9,EC,P2RY2,3.60555885870301
OA9,EC,FOXA2,3.59975080208166
OA9,EC,SLC14A2,3.59621399360922
OA9,EC,NKILA,3.5587672702113
OA9,EC,CSDC2,3.54107112074148
OA9,EC,DIRAS3,3.52985202708152
OA9,EC,CAMTA2,3.52037479922252
OA9,EC,STARD13-AS,3.50401668285962
OA9,EC,CISH,3.43697351772261
OA9,EC,AGR2,3.40642771397564
OA9,EC,GIPR,3.37127383730419
OA9,EC,PINX1,3.3675829829143
OA9,EC,GBP1,3.34990963643642
OA9,EC,TCEAL5,3.33387123324821
OA9,EC,TMPRSS4,3.31811809099106
OA9,EC,CFAP58-AS1,3.29860878036575
OA9,EC,FADD,3.25688984850362
OA9,EC,ZNF365,3.25552676136486
OA9,EC,HSD11B1,3.22983598884957
OA9,EC,HLA-J,3.20605741798788
OA9,EC,FRZB,3.19492171762299
OA9,EC,ABLIM3,3.1904514058287
OA9,EC,ITGA2,3.14673773136111
OA9,EC,VIM-AS1,3.14575430796507
OA9,EC,FICD,3.11312911888668
OA9,EC,RAB39B,3.07293432651917
OA9,EC,CES1,3.07155944437757
OA9,EC,TF,3.06488604757222
OA9,EC,CYTL1,3.05891452521008
OA9,EC,DNAJC22,3.05299119638313
OA9,EC,HSD17B14,3.04462380811118
OA9,EC,ITPKC,3.02170324043403
OA9,EC,KIF1A,3.01836670770065
OA9,EC,ARC,3.00033752594501
OA9,EC,HIST2H2BC,2.99330934549663
OA9,EC,NXPE4,2.98375613230004
OA9,EC,WNT3,2.97611408274868
OA9,EC,ST8SIA1,2.9587551177903
OA9,EC,IPO5P1,2.95005979274858
OA9,EC,GPC5,2.92190435742461
OA9,EC,RELT,2.9190625749296
OA9,EC,RARRES2,2.91710441671121
OA9,EC,NDRG4,2.91587891759031
OA9,EC,ATP6V0A1,2.91552918466578
OA9,EC,TPM4,2.90648372928185
OA9,EC,MLLT11,2.90455802383854
OA9,EC,KIF9,2.8869388452331
OA9,EC,CRYAB,2.88349828835413
OA9,EC,DKK1,2.8770584583442
OA9,EC,ZNF670,2.86473564997736
OA9,EC,TRIB3,2.86180082525307
OA9,EC,AQP7P1,2.85157996330698
OA9,EC,FERMT1,2.8506011013313
OA9,EC,LOC102723505,2.83577760871712
OA9,EC,FLJ41200,2.83474480495124
OA9,EC,MALL,2.8329170752683
OA9,FC,ROBO4,185028.521929539
OA9,FC,LINC01197,117540.884780632
OA9,FC,TEK,92122.8285232353
OA9,FC,EBF2,85896.6628004479
OA9,FC,NR2F2-AS1,80708.5264789905
OA9,FC,LRRC10B,78535.7167078247
OA9,FC,CRYBB1,69282.8577093985
OA9,FC,CRIP3,67589.3256528418
OA9,FC,ADAD2,62538.361475146
OA9,FC,ARHGEF15,59536.6221472514
OA9,FC,LOC284661,53303.2934528738
OA9,FC,LOC401463,51617.8500339333
OA9,FC,FHL5,17928.3220093487
OA9,FC,EGFL6,11808.6232556781
OA9,FC,ACKR1,11472.9461209801
OA9,FC,CLEC14A,5162.37870478698
OA9,FC,GIMAP7,4175.10466821939
OA9,FC,CD34,3870.53653878184
OA9,FC,FCN3,3004.26911180617
OA9,FC,P2RY10,2700.78018262894
OA9,FC,PODN,2512.01696566556
OA9,FC,BMX,2331.87893586536
OA9,FC,GIMAP6,1342.76639775561
OA9,FC,ACE,1141.36052913209
OA9,FC,OAS3,1085.19059439724
OA9,FC,NES,984.082795807321
OA9,FC,SOX18,907.34105792338
OA9,FC,CYP4F12,906.918840627784
OA9,FC,CRYGN,887.907902802278
OA9,FC,SELE,877.249129299459
OA9,FC,CLEC1A,855.391154185444
OA9,FC,EDN1,841.552249120116
OA9,FC,GIMAP4,693.076263517549
OA9,FC,IFITM5,688.899796560371
OA9,FC,APLNR,583.81122174933
OA9,FC,LHX6,519.326135313251
OA9,FC,ADGRF5,465.632492741784
OA9,FC,SHANK3,441.531136590705
OA9,FC,PGM5,430.376313105886
OA9,FC,LGALS9,427.942882278168
OA9,FC,MFAP5,422.121185294306
OA9,FC,LGALS2,409.721130679386
OA9,FC,PECAM1,391.842986198371
OA9,FC,LOC643733,386.831693582468
OA9,FC,BGLAP,380.525418519931
OA9,FC,OR7E2P,369.787473869009
OA9,FC,SFRP2,367.811114100374
OA9,FC,PEAR1,349.319245321431
OA9,FC,CCL23,319.729945669439
OA9,FC,LRRC4C,309.394086788065
OA9,FC,GIMAP8,291.648818871315
OA9,FC,CD209,291.633408278787
OA9,FC,LGALS3BP,288.535438297719
OA9,FC,GGT5,281.64992865556
OA9,FC,OAS1,255.173410672619
OA9,FC,ADRA1D,252.039756672518
OA9,FC,LDB2,242.645437543684
OA9,FC,LINC00310,229.724243542172
OA9,FC,HOXB8,220.009548960536
OA9,FC,WISP2,217.083121900917
OA9,FC,IFI44L,215.449362376081
OA9,FC,CXCL12,211.464500004573
OA9,FC,OLFML2A,208.561836161592
OA9,FC,EPHX3,202.07037298859
OA9,FC,MCF2L,199.621924751751
OA9,FC,RTN4RL2,195.553082810916
OA9,FC,C1orf233,192.037766651303
OA9,FC,CFD,188.982037276241
OA9,FC,CALCRL,185.650804121888
OA9,FC,ARHGAP15,184.636114025558
OA9,FC,CPXM1,183.436037566897
OA9,FC,CYYR1,179.97974059794
OA9,FC,MRVI1,176.269122318249
OA9,FC,KCNIP4-IT1,174.478706963827
OA9,FC,SFTA1P,171.737894323133
OA9,FC,EDA,171.253313539247
OA9,FC,SECTM1,170.429256873298
OA9,FC,TENM4,166.928767772582
OA9,FC,KCNMB1,159.296061701139
OA9,FC,CPB1,158.39523599312
OA9,FC,CHN1,158.010518084016
OA9,FC,CLDN5,155.415411012887
OA9,FC,LINC00900,154.762369358071
OA9,FC,CLDN11,154.745390347067
OA9,FC,NEURL1B,154.65055223615
OA9,FC,JCHAIN,152.629686770814
OA9,FC,NELL1,151.625869569864
OA9,FC,PRSS36,149.828708354279
OA9,FC,OAS2,147.630732296735
OA9,FC,ANKRD29,146.613015030582
OA9,FC,SPARCL1,141.920270737197
OA9,FC,SCARA5,136.325421674995
OA9,FC,LIMS2,135.784043433015
OA9,FC,GUCY1A2,135.175928589731
OA9,FC,KIF17,130.122710586991
OA9,FC,CARD16,129.672633569284
OA9,FC,QRFPR,127.21528010744
OA9,FC,COL14A1,126.972834647557
OA9,FC,IL23R,126.508544245837
OA9,FC,CXorf36,125.410207366776
OA9,HTC,GPR33,56532.3951140723
OA9,HTC,OR10G2,50326.5677111158
OA9,HTC,UMODL1-AS1,5177.0666105239
OA9,HTC,ROPN1,454.971297112247
OA9,HTC,RAPGEF4-AS1,250.483819202555
OA9,HTC,PLA2G10,137.556384986183
OA9,HTC,HIST1H2AH,109.413289178498
OA9,HTC,LOC646471,98.9574005960052
OA9,HTC,HSPA7,83.4141525233343
OA9,HTC,ZBTB37,83.3669263172066
OA9,HTC,DRAXIN,73.4424135148943
OA9,HTC,MATN4,55.2224999245829
OA9,HTC,UCMA,47.4079434918896
OA9,HTC,LOC648987,44.9813846037322
OA9,HTC,COL10A1,42.3204079907853
OA9,HTC,FBXO15,42.2596954040176
OA9,HTC,HOXB3,41.8352128085678
OA9,HTC,HES7,38.1161739983175
OA9,HTC,LOC100996349,37.5094234021552
OA9,HTC,ORM1,37.213280339041
OA9,HTC,SERPINI2,36.9860810472231
OA9,HTC,CAPN6,30.7143107202193
OA9,HTC,SHF,30.6985267709468
OA9,HTC,MEPE,27.0488560615745
OA9,HTC,EHMT1-IT1,25.0144288610201
OA9,HTC,SNORA80E,24.9924715141581
OA9,HTC,ZBTB20-AS4,21.9156921087108
OA9,HTC,TMCC1-AS1,21.5498604775559
OA9,HTC,RNVU1-19,21.3223104932311
OA9,HTC,CA12,20.9114020433833
OA9,HTC,TSPAN8,19.7398580266921
OA9,HTC,PENK,18.3700317254513
OA9,HTC,MYOZ3,17.4937161238522
OA9,HTC,LPIN3,17.1333137695037
OA9,HTC,PRKG2,16.6853456970371
OA9,HTC,FLJ36777,16.3802986332394
OA9,HTC,LOC101928441,16.2205351055286
OA9,HTC,MMP13,15.7787864285805
OA9,HTC,DNASE1,15.7358779666876
OA9,HTC,LOC101928002,15.3768918629587
OA9,HTC,PPP1R3G,15.1966842270904
OA9,HTC,RNU6ATAC,14.7722018197794
OA9,HTC,HSPA6,14.5955063072909
OA9,HTC,LINC00261,14.2891784213027
OA9,HTC,VTRNA1-3,14.0619176404672
OA9,HTC,LOC389705,13.7871438003824
OA9,HTC,LOC100506551,13.6659785931638
OA9,HTC,PYCARD-AS1,13.4990416307025
OA9,HTC,LOC100288254,13.4850105344207
OA9,HTC,WNK4,13.3238620024061
OA9,HTC,RPSAP52,13.2189034080451
OA9,HTC,VTRNA1-1,12.5651271451282
OA9,HTC,EVI5L,12.4762763062241
OA9,HTC,SNX22,11.5060729769697
OA9,HTC,ALPL,11.3147473498683
OA9,HTC,DLX6-AS1,11.2875337765593
OA9,HTC,JPH1,11.2555246981791
OA9,HTC,NAALAD2,11.146236971432
OA9,HTC,LINC00847,11.0272524197216
OA9,HTC,KLF15,10.9917604809179
OA9,HTC,ITGA9-AS1,10.8924657996946
OA9,HTC,CEP72,10.5217978753392
OA9,HTC,IL17B,10.3183864220811
OA9,HTC,TRMT61B,10.290233642523
OA9,HTC,BMF,10.2431691867812
OA9,HTC,COX6A2,9.96350536457098
OA9,HTC,RMRP,9.95452172355294
OA9,HTC,WNT1,9.84391384360697
OA9,HTC,BHLHE41,9.78406715452033
OA9,HTC,RANBP3L,9.57967462308869
OA9,HTC,IHH,9.46956399155069
OA9,HTC,COL9A1,9.30881989233744
OA9,HTC,PRSS50,9.29828391692515
OA9,HTC,ZNF385C,9.11989975468141
OA9,HTC,RNU6-2,9.08350275188141
OA9,HTC,GNB3,8.94453287070933
OA9,HTC,WNT10B,8.90526617910568
OA9,HTC,ALX4,8.88309465090911
OA9,HTC,PARD6B,8.85681455569004
OA9,HTC,RELN,8.8284460161111
OA9,HTC,MBLAC2,8.77906890129735
OA9,HTC,DPY19L2,8.66556544698692
OA9,HTC,SLC28A2,8.57117551826746
OA9,HTC,SLC22A11,8.55034540068637
OA9,HTC,LOC100507053,8.50673699685321
OA9,HTC,LINC00693,8.47384838615897
OA9,HTC,NRG2,8.36059673728217
OA9,HTC,NPFF,8.35023946839187
OA9,HTC,PRMT5-AS1,8.20444241929856
OA9,HTC,ANGEL1,8.04165252869301
OA9,HTC,LINC00324,7.98655339762022
OA9,HTC,NCAPG2,7.91731141768691
OA9,HTC,PANX3,7.88814129374173
OA9,HTC,ERI2,7.8230124384609
OA9,HTC,SMIM5,7.71171570921733
OA9,HTC,FAM21EP,7.62169721529278
OA9,HTC,LEF1,7.58587087020037
OA9,HTC,ZNF214,7.56532340238363
OA9,HTC,DPH3P1,7.34675955536373
OA9,HTC,PTK6,7.33874274839272
OA9,HomC,ACTG1P4,65480.2712555679
OA9,HomC,DHH,9806.19433982931
OA9,HomC,CCL18,1587.19607767372
OA9,HomC,RDH10-AS1,343.952395142497
OA9,HomC,HBA2,156.873831765596
OA9,HomC,HBA1,124.764257359446
OA9,HomC,BNC1,96.6998147204304
OA9,HomC,GPR26,90.2748361133545
OA9,HomC,SLA2,74.0067622425434
OA9,HomC,HBG2,40.2316779475493
OA9,HomC,AURKA,35.1994491842265
OA9,HomC,HBG1,33.0948107126972
OA9,HomC,ZNF547,29.5078830518296
OA9,HomC,CATIP,25.0162815793633
OA9,HomC,HIST2H2BF,24.6060357043145
OA9,HomC,LACE1,21.9613344228675
OA9,HomC,DOK7,16.8146032557127
OA9,HomC,UNC80,16.2605903161534
OA9,HomC,SAXO1,16.2449175747813
OA9,HomC,GAST,15.7436154484381
OA9,HomC,DNAJC18,15.4282411376764
OA9,HomC,GDF15,15.340227616303
OA9,HomC,LOC100129534,15.186461829737
OA9,HomC,ZFP30,14.1440022147989
OA9,HomC,PLEKHG2,14.0980549149056
OA9,HomC,CCNE1,13.9806990032888
OA9,HomC,ACER2,13.6931858028875
OA9,HomC,POU2F2,13.3340251614697
OA9,HomC,MAGEE1,13.2216252855835
OA9,HomC,ADM5,13.1771285378843
OA9,HomC,LINC01132,13.0672772481162
OA9,HomC,GOLGA6C,12.9417356461687
OA9,HomC,NMNAT3,12.698174514829
OA9,HomC,MCF2,12.5285697473517
OA9,HomC,LRRC20,12.1388530315927
OA9,HomC,JUN,12.0465042217165
OA9,HomC,LOC101927391,11.8523853279947
OA9,HomC,C3orf67,11.6652211788011
OA9,HomC,LINC00173,11.4812440402872
OA9,HomC,CATSPERG,11.4725008619785
OA9,HomC,KLF2,11.2396184466525
OA9,HomC,EFNA2,11.0495032247402
OA9,HomC,CDC20,10.9089801136424
OA9,HomC,CCDC173,10.8245755878558
OA9,HomC,CCDC61,10.6950756278246
OA9,HomC,STAB2,10.6796328201777
OA9,HomC,NPHS1,10.4750788090865
OA9,HomC,SPDYA,10.447920436396
OA9,HomC,DNAJC28,10.3381338169754
OA9,HomC,RASD1,10.2192191297677
OA9,HomC,LINC01137,10.1069296949926
OA9,HomC,LOC653712,9.75719568095284
OA9,HomC,FOS,9.57598928947713
OA9,HomC,RPL13P5,9.55300617077775
OA9,HomC,IQCD,9.42526953650348
OA9,HomC,SNHG12,9.34245131819933
OA9,HomC,HIST2H2BA,9.1673408694763
OA9,HomC,CCNE2,9.13462697847759
OA9,HomC,FBXO48,9.12801733848762
OA9,HomC,ATXN7L1,8.95383631971733
OA9,HomC,ATP8A1,8.87750447292394
OA9,HomC,PRKCQ,8.85585025810216
OA9,HomC,EGR1,8.71617010680253
OA9,HomC,PAQR8,8.47833476957044
OA9,HomC,OR7E47P,8.45207178904139
OA9,HomC,KIF4A,8.32999016399434
OA9,HomC,MYLIP,8.22739827875359
OA9,HomC,PLEKHG3,8.20790582635202
OA9,HomC,IFIT2,8.07809593187443
OA9,HomC,ELOVL3,8.05696749901143
OA9,HomC,S100A14,8.02665626596173
OA9,HomC,DDX43,7.92380173568143
OA9,HomC,C5orf45,7.88787875103139
OA9,HomC,FOSB,7.87382474759451
OA9,HomC,LOC643072,7.64380974830312
OA9,HomC,FAM46C,7.63653164048944
OA9,HomC,LOC105747689,7.61694198274927
OA9,HomC,FNDC5,7.59359306928947
OA9,HomC,AKAP5,7.57390644914689
OA9,HomC,POLN,7.50669177996182
OA9,HomC,DDX26B,7.50491535088111
OA9,HomC,RGS16,7.44167304911295
OA9,HomC,THAP9,7.43436672160135
OA9,HomC,GATA2,7.4158709236153
OA9,HomC,RPPH1,7.36991162729139
OA9,HomC,NR4A1,7.35821030405671
OA9,HomC,GRAMD2,7.29568763990289
OA9,HomC,STIL,7.24358773094278
OA9,HomC,RSPH4A,7.19470504271166
OA9,HomC,KBTBD8,7.14534405052798
OA9,HomC,ZNF844,7.11011991244149
OA9,HomC,PTPRN,7.04075305438502
OA9,HomC,HILPDA,6.87814994768605
OA9,HomC,PARD6G-AS1,6.87794814850464
OA9,HomC,HES1,6.85434071590397
OA9,HomC,SNAI1,6.80000342986154
OA9,HomC,PPP1R10,6.79804633426836
OA9,HomC,LOC100287846,6.75533468608134
OA9,HomC,NR4A2,6.71859983141489
OA9,HomC,RRAD,6.69802927364159
OA9,ProC,LCE1E,314.113410434053
OA9,ProC,LRRC38,25.1521159601481
OA9,ProC,GDNF,20.7192950589018
OA9,ProC,MMP1,14.4297649484143
OA9,ProC,TAC1,10.1738901136613
OA9,ProC,GCSAM,7.73112228452024
OA9,ProC,DCLK1,7.68051954023584
OA9,ProC,HAO1,7.20136021898517
OA9,ProC,GAS6-AS1,7.10057399957745
OA9,ProC,ABCG2,6.87865512758611
OA9,ProC,CITED4,6.57272042420222
OA9,ProC,LINC00601,6.52349193713133
OA9,ProC,GAS6-AS2,6.34406686216663
OA9,ProC,SLC9C1,6.33863983082035
OA9,ProC,WNT16,6.26423645340424
OA9,ProC,ASB5,6.25330485229952
OA9,ProC,LOC100507156,6.22009725201554
OA9,ProC,S100P,6.10992045093729
OA9,ProC,KCNG1,5.98636703927939
OA9,ProC,DHX37,5.80438601064883
OA9,ProC,SLC22A23,5.78734374563361
OA9,ProC,FGF1,5.74791255425617
OA9,ProC,FAM110C,5.55861439632883
OA9,ProC,P3H2,5.53550044545291
OA9,ProC,PITPNM2,5.43574387614914
OA9,ProC,FOXC2,5.37773464116777
OA9,ProC,LRRC8C,5.31134077565159
OA9,ProC,RIPK4,5.23663641760912
OA9,ProC,PAQR9-AS1,5.17900324534371
OA9,ProC,BMP2,5.14442030331445
OA9,ProC,PUS1,5.12453989990104
OA9,ProC,C17orf97,5.11359524355154
OA9,ProC,FLJ46906,5.01467149580035
OA9,ProC,FERMT1,4.97395879220831
OA9,ProC,SYNJ2,4.96096217159171
OA9,ProC,TET3,4.89618418982405
OA9,ProC,POLR1A,4.87609705322924
OA9,ProC,LOC101928841,4.85927353476502
OA9,ProC,INHBA-AS1,4.84824463785244
OA9,ProC,TFPI2,4.79911879363943
OA9,ProC,GPR18,4.76598501096858
OA9,ProC,MREG,4.72465557522511
OA9,ProC,SNHG20,4.72240743406898
OA9,ProC,CLDN1,4.65794142759177
OA9,ProC,GPR183,4.62715690394266
OA9,ProC,FAM101B,4.60852374090115
OA9,ProC,C3orf52,4.5822183113393
OA9,ProC,NPR2,4.57633394836974
OA9,ProC,KIRREL,4.53524604976207
OA9,ProC,LIF,4.5126840807817
OA9,ProC,B3GNT5,4.50861677675956
OA9,ProC,EML6,4.50490728924742
OA9,ProC,PSAT1,4.50280966053961
OA9,ProC,BMP6,4.37234482817408
OA9,ProC,ST8SIA1,4.36271265604284
OA9,ProC,RASGRP3,4.34589494191169
OA9,ProC,HTRA3,4.32190353913242
OA9,ProC,CLMP,4.27534752138253
OA9,ProC,ACTC1,4.22790239709945
OA9,ProC,CRIPAK,4.22582535543066
OA9,ProC,TIMM8A,4.22490594384869
OA9,ProC,WDR3,4.19575757275384
OA9,ProC,KRT16,4.18341742234726
OA9,ProC,GLIS3,4.13938831439495
OA9,ProC,KRT17,4.12725289541848
OA9,ProC,ITGA2,4.0653017898148
OA9,ProC,CTB-178M22.2,4.06231986108518
OA9,ProC,JHDM1D-AS1,4.05894582453906
OA9,ProC,GPT2,4.05791456369873
OA9,ProC,BCAS4,4.04905017697683
OA9,ProC,SPSB4,4.00083825978147
OA9,ProC,UBE2QL1,3.96977614850525
OA9,ProC,INHBA,3.96778202789359
OA9,ProC,TGFB1,3.94441047567042
OA9,ProC,GIPR,3.93802669054515
OA9,ProC,PTGS2,3.93650226023626
OA9,ProC,WDR12,3.87528237589059
OA9,ProC,IL11,3.86148164104889
OA9,ProC,SMOX,3.85280131436464
OA9,ProC,ST3GAL1,3.84508482115461
OA9,ProC,FGF2,3.82720084345361
OA9,ProC,ERCC1,3.82368099356402
OA9,ProC,RRS1,3.81650749648208
OA9,ProC,ATP13A3,3.77436271380366
OA9,ProC,SLC4A7,3.76713720886364
OA9,ProC,SLC7A1,3.76070057164713
OA9,ProC,ADPRHL1,3.71468073344427
OA9,ProC,TXNRD1,3.71049740941649
OA9,ProC,URB1,3.7020744780072
OA9,ProC,TMEM132C,3.69599292541342
OA9,ProC,CARD8-AS1,3.69189851934939
OA9,ProC,METRNL,3.67568086373587
OA9,ProC,S100A2,3.66482305214631
OA9,ProC,TMEM100,3.65326093939528
OA9,ProC,SRRD,3.65194107615395
OA9,ProC,ARC,3.63457149946812
OA9,ProC,ASNS,3.62581336773824
OA9,ProC,NGF,3.60612484720778
OA9,ProC,C11orf96,3.60061103971154
OA9,ProC,PDCD11,3.59982963110246
OA9,RegC,SOX17,2524.31506431025
OA9,RegC,CXCL1,393.619701788432
OA9,RegC,CCR1,389.214569731981
OA9,RegC,MS4A4A,245.577679872398
OA9,RegC,TMCC3,240.058063744564
OA9,RegC,IL2RA,237.515283526907
OA9,RegC,CYTIP,197.117029129697
OA9,RegC,SERPINB2,187.172504035761
OA9,RegC,AQP9,170.268305154807
OA9,RegC,IL1B,164.335633056944
OA9,RegC,IL1A,159.47162984576
OA9,RegC,SLAMF1,157.589643943514
OA9,RegC,HLA-DQA1,126.465166331297
OA9,RegC,ZFR2,102.057026798591
OA9,RegC,SAMSN1,94.5488974412199
OA9,RegC,SLCO2B1,90.6296778434007
OA9,RegC,FOLR2,78.117433541149
OA9,RegC,CLEC4E,66.1232924408818
OA9,RegC,CXCL3,65.1520495273762
OA9,RegC,C1QB,61.0545743532332
OA9,RegC,MS4A6A,59.9279857096481
OA9,RegC,SLAMF7,55.9400882100382
OA9,RegC,PLA2G7,54.625336526308
OA9,RegC,LOC399715,54.1152236648932
OA9,RegC,LOC731424,50.2930277289996
OA9,RegC,TYROBP,49.2786078727728
OA9,RegC,FCER1G,48.2601616541713
OA9,RegC,RGS1,46.8680315272512
OA9,RegC,ALDH8A1,44.741113274775
OA9,RegC,CXCL8,44.6851097645375
OA9,RegC,CLEC5A,43.8013748251297
OA9,RegC,PIK3R5,43.6427108252392
OA9,RegC,MMP9,41.1042344796069
OA9,RegC,C1QC,40.7961285534569
OA9,RegC,PLAC8,39.5668583633417
OA9,RegC,GPRIN3,34.9602763124
OA9,RegC,CD53,33.9077397580642
OA9,RegC,MMP12,30.554672099806
OA9,RegC,CYBB,29.1614341601942
OA9,RegC,LOC100134368,27.288316035483
OA9,RegC,CXCL2,26.916691666775
OA9,RegC,PLEK,25.8221056049138
OA9,RegC,LOC101927087,24.4042019356591
OA9,RegC,EREG,22.8790775605758
OA9,RegC,IL1RN,21.8298831965241
OA9,RegC,MYO1G,21.0770999638717
OA9,RegC,C1QA,20.3711071965346
OA9,RegC,TNFRSF1B,19.9619555798011
OA9,RegC,FERMT3,18.7375759623165
OA9,RegC,FRMD4A,18.6820385230824
OA9,RegC,AIF1,18.5127017802914
OA9,RegC,CD84,18.3950368679638
OA9,RegC,SLC22A1,18.2769442835118
OA9,RegC,C2CD4A,16.1780934179776
OA9,RegC,CCL3,15.9671359717563
OA9,RegC,HAVCR2,15.1099396292099
OA9,RegC,CNR1,14.3349939465298
OA9,RegC,SAA1,14.2653265802927
OA9,RegC,PROK2,13.8468276463956
OA9,RegC,CAGE1,13.751020471368
OA9,RegC,C4BPA,12.7025070068038
OA9,RegC,ZMYND10,12.3644134557773
OA9,RegC,BRSK2,12.1241766379984
OA9,RegC,SETD6,12.0914714432318
OA9,RegC,ESM1,11.8351147802493
OA9,RegC,LAPTM5,11.6103029496915
OA9,RegC,ITGAX,11.5804455210686
OA9,RegC,ANO5,11.298186017448
OA9,RegC,NR6A1,11.2244734804332
OA9,RegC,DAPK1,11.17147441652
OA9,RegC,TAGLN3,10.8527506717242
OA9,RegC,FOXF2,10.8155290981915
OA9,RegC,CCDC120,10.7858537196786
OA9,RegC,JAKMIP2,10.5119876761581
OA9,RegC,ALOX5AP,10.330951279802
OA9,RegC,LST1,9.80638720368762
OA9,RegC,AKAP6,9.55234914136055
OA9,RegC,CRYGS,9.3629720059209
OA9,RegC,BCL2A1,9.33522149027128
OA9,RegC,STXBP4,9.21259712447907
OA9,RegC,MRC1,9.01246705614609
OA9,RegC,KYNU,8.86577479533218
OA9,RegC,CCL4,8.82045803909927
OA9,RegC,HLA-DRA,8.53005317570452
OA9,RegC,IL6,8.2091187928915
OA9,RegC,ADAM32,8.14237891662762
OA9,RegC,ZNF589,8.00411875211774
OA9,RegC,LCP1,7.90654648038527
OA9,RegC,KMO,7.88869903868976
OA9,RegC,ADAT3,7.82656856333619
OA9,RegC,PHACTR1,7.80885053506858
OA9,RegC,KRTAP2-3,7.75107098118353
OA9,RegC,CHI3L1,7.69119885581402
OA9,RegC,TMTC2,7.63919138650556
OA9,RegC,IL7R,7.61760438313192
OA9,RegC,HLA-DRB1,7.49706671626677
OA9,RegC,SLC2A6,7.47264145801604
OA9,RegC,ZNF665,7.16694397086206
OA9,RegC,TLR1,6.91599446738679
OA9,RegC,NLRC5,6.89485818393207
OA9,preHTC,MLLT10P1,124.263210874081
OA9,preHTC,CCDC13,20.5955631209758
OA9,preHTC,LY6D,18.1307013163214
OA9,preHTC,TNFAIP6,14.7766621373407
OA9,preHTC,CALCB,14.2081404680625
OA9,preHTC,GRIK3,11.6966159108252
OA9,preHTC,FAM159B,11.2547313925751
OA9,preHTC,PRG4,9.36335792929616
OA9,preHTC,SOX11,9.04321189265522
OA9,preHTC,F5,8.80971992369935
OA9,preHTC,DNAJC12,7.94244112955024
OA9,preHTC,UCP2,7.0432597199289
OA9,preHTC,ASPRV1,6.97238950303395
OA9,preHTC,DEFB1,6.29698171797891
OA9,preHTC,NTF3,6.28849876562545
OA9,preHTC,TREM1,6.25684957919043
OA9,preHTC,TNP1,6.11555655526106
OA9,preHTC,AMTN,5.80594278310512
OA9,preHTC,DCDC2B,5.78949342603603
OA9,preHTC,TNFRSF21,5.66046236993253
OA9,preHTC,NOS2,5.6084362760032
OA9,preHTC,ST6GALNAC5,5.50764685169547
OA9,preHTC,CCL20,5.4360549977587
OA9,preHTC,TMEM108,5.41791088403768
OA9,preHTC,NDP,5.38283440698069
OA9,preHTC,SLC7A2,5.28983991343707
OA9,preHTC,VCAM1,5.26186799706639
OA9,preHTC,C15orf48,5.16737323069278
OA9,preHTC,ISM2,5.12761255770186
OA9,preHTC,DUSP4,5.11458907111441
OA9,preHTC,KRT17,5.10980492706269
OA9,preHTC,GFRA2,5.10139307147206
OA9,preHTC,RIPPLY2,4.96243666262185
OA9,preHTC,AKR1C2,4.91945439243188
OA9,preHTC,FAM132B,4.8872986992491
OA9,preHTC,ASPN,4.75705047293131
OA9,preHTC,ACKR2,4.6981522076697
OA9,preHTC,WFDC21P,4.56512996774437
OA9,preHTC,BMPR1B,4.55418391000662
OA9,preHTC,ADAMTS5,4.45789426226576
OA9,preHTC,SEMA3C,4.45594740167295
OA9,preHTC,HHIP,4.45144748011063
OA9,preHTC,DENND3,4.35298706964911
OA9,preHTC,EPYC,4.27882845177424
OA9,preHTC,TMEM59L,4.21546647577376
OA9,preHTC,GALNT16,4.13980885373215
OA9,preHTC,FAP,4.12407946793449
OA9,preHTC,GRIA2,3.97816509065954
OA9,preHTC,MAP3K7CL,3.93535426873458
OA9,preHTC,SFN,3.91506743886362
OA9,preHTC,LINC00346,3.89732318996079
OA9,preHTC,GOLGA7B,3.82964919289758
OA9,preHTC,CRLF1,3.77003640114696
OA9,preHTC,IL11,3.75953529714879
OA9,preHTC,ABI3BP,3.7015917184141
OA9,preHTC,AKR1C1,3.68389525675522
OA9,preHTC,IL2RG,3.65499541012688
OA9,preHTC,SLC1A1,3.638070986062
OA9,preHTC,HTRA1,3.57882618855177
OA9,preHTC,TNFAIP8,3.57435780800951
OA9,preHTC,BDKRB1,3.55944527012749
OA9,preHTC,GJB2,3.49093590034887
OA9,preHTC,GAREM,3.47161986533653
OA9,preHTC,ABCA8,3.44088853545036
OA9,preHTC,P4HA3,3.43498585724039
OA9,preHTC,TGFBI,3.3996825573485
OA9,preHTC,RAD51AP2,3.32305240200078
OA9,preHTC,NNAT,3.31556737335848
OA9,preHTC,DPT,3.29557068460091
OA9,preHTC,WNT16,3.29296049966954
OA9,preHTC,PMAIP1,3.28006858018084
OA9,preHTC,TNC,3.25604179211126
OA9,preHTC,NGF,3.2545987240478
OA9,preHTC,BTBD16,3.20658991035296
OA9,preHTC,OGN,3.20446320916754
OA9,preHTC,PREX2,3.16347262354705
OA9,preHTC,MPPE1,3.16038274746049
OA9,preHTC,WBSCR17,3.1596319645839
OA9,preHTC,PDZK1IP1,3.15615064544799
OA9,preHTC,APCDD1L-AS1,3.14734166678219
OA9,preHTC,AOC2,3.12862451604661
OA9,preHTC,PCDH19,3.12327193066159
OA9,preHTC,APCDD1L,3.09527098904124
OA9,preHTC,CAPS,3.07317737860233
OA9,preHTC,CAV1,3.06892579201253
OA9,preHTC,ILDR1,3.05793297391039
OA9,preHTC,DNER,3.04878151920656
OA9,preHTC,ANK3,3.04637199683789
OA9,preHTC,MAMDC2,3.03721935735525
OA9,preHTC,PTGES,3.02063100065667
OA9,preHTC,SRPX2,3.01541092429612
OA9,preHTC,GAS1,3.00301491431061
OA9,preHTC,TNFSF10,2.99415088808563
OA9,preHTC,TIMP1,2.97835376751638
OA9,preHTC,ENOX1,2.95222667810738
OA9,preHTC,UROC1,2.94305373855925
OA9,preHTC,LINC01426,2.93494545200027
OA9,preHTC,STEAP1,2.92264599369834
OA9,preHTC,RAB38,2.9159932722437
OA9,preHTC,FZD10,2.91407401152735
