p_val,avg_log2FC,pct.1,pct.2,p_val_adj,gene
6.24354687173376e-248,9.02432702406338,1,0,1.50800387592985e-243,PIEZO1
0.303236337413562,4.25360594211871,0.045,0.034,1,HBA2
0.67524865621976,4.102352221238,0.013,0.01,1,LCE1E
0.782428936153227,3.95399480417728,0.021,0.019,1,MLLT10P1
0.465008989243306,3.64391463471821,0.032,0.039,1,HBA1
0.00161337143301142,3.14098124628694,0.103,0.056,1,TMEM132C
0.384841857827824,2.84830333311138,0.032,0.041,1,HBG2
0.0229417193065858,2.79868483310088,0.013,0.002,1,P2RY11
0.116456822950033,2.74293638963438,0.018,0.008,1,CIT
0.826115949289866,2.71619509282007,0.07,0.068,1,C4orf26
0.403218079757778,2.67075529265077,0.017,0.012,1,CTSW
0.325290511620546,2.65814142370341,0.158,0.135,1,MMP1
0.0260766564040755,2.61295314000172,0.024,0.008,1,NMNAT2
0.00425746587358403,2.58580993622665,0.033,0.01,1,FAM198A
0.826492488258088,2.55295632714867,0.017,0.019,1,CLDN11
0.000122321066623022,2.54041633132718,0.052,0.014,1,PDZK1IP1
0.00289748009052127,2.53900618331562,0.015,0,1,DNAI1
0.0186405910439625,2.50756760936584,0.049,0.025,1,CCDC103
0.113055658591583,2.49769153940005,0.016,0.007,1,BIRC7
0.468974823823377,2.49006972537328,0.036,0.029,1,WDR62
0.176718904755464,2.48023286134171,0.034,0.022,1,ANKRD1
0.00422902972860101,2.47823655817885,0.014,0,1,PSD2
0.112032809713281,2.42344429947067,0.03,0.017,1,SLC6A16
0.0646255737069693,2.41154260272926,0.013,0.003,1,LINC01606
0.0754138385600311,2.40690682072015,0.039,0.022,1,MMP12
0.0231362924688554,2.40497293354237,0.013,0.002,1,C9orf47
0.00412655440617879,2.39898365643622,0.063,0.03,1,RAB15
0.0492947550818544,2.33688424369726,0.01,0.002,1,HSD17B2
0.013966592377511,2.30875801135941,0.021,0.005,1,NAP1L6
0.118584312446919,2.2882277407342,0.021,0.01,1,HP09053
0.0459195797260072,2.28726565220397,0.014,0.003,1,TNRC6C-AS1
0.0108907428176436,2.28563644320769,0.057,0.029,1,ESM1
0.0153176098228056,2.2807646226944,0.017,0.003,1,APC2
0.0122154893393703,2.25815021678039,0.024,0.007,1,CNTN4
0.00086789729288539,2.24666337491133,0.045,0.014,1,PTGER1
0.0693505324738697,2.24608311959617,0.023,0.01,1,ZNF487
0.0108021287358549,2.23904842610817,0.018,0.003,1,PLAC8L1
0.199920295569686,2.23035932612619,0.011,0.005,1,LOC101929231
0.0158784851394401,2.20202425888246,0.046,0.022,1,CALCB
0.0221202066710762,2.18506429411253,0.016,0.003,1,PRDM11
0.313904168960014,2.18010737457613,0.021,0.014,1,IL23R
0.273584874616969,2.16058789141814,0.01,0.005,1,EXOC3L1
0.120900523746788,2.13898822462264,0.021,0.01,1,PILRA
0.00517531819935993,2.12554329844613,0.017,0.002,1,EPB41L4A-AS2
0.27429255170882,2.11119965556962,0.01,0.005,1,LOC100130417
0.00219310287103224,2.09451950560223,0.041,0.014,1,SCARNA2
0.130721055852216,2.0919825218385,0.01,0.003,1,CERS1
0.0195737544509431,2.08482475326273,0.084,0.052,1,PROK2
0.146613886702534,2.08310852514555,0.013,0.005,1,CCDC160
0.00175264751493919,2.07806566745338,0.037,0.01,1,CLDN10
0.020510625873655,2.06314011467737,0.027,0.01,1,SENP3
0.00227237482944423,2.06117203961407,0.03,0.007,1,HTR2B
0.146406039972992,2.05909010566683,0.013,0.005,1,ARID3A
0.0167066116966833,2.05598460586267,0.023,0.007,1,SGOL1
0.332102085049896,2.04064727627075,0.018,0.012,1,PLA2G10
0.0240526692112863,2.03436812025315,0.034,0.015,1,MARC1
0.0316650054980727,2.01238844509627,0.021,0.007,1,KLRG1
0.362795760966327,2.00768284452291,0.011,0.007,1,HBB
0.0297831853583034,2.00200930755462,0.029,0.012,1,LINC00869
0.0317434439251689,1.9771108797924,0.015,0.003,1,ADAMTSL5
0.751345540300428,1.97246085192955,0.014,0.012,1,ZNF221
0.0496016019858232,1.97179305751613,0.01,0.002,1,IP6K3
0.00755842167468766,1.96621058237064,0.019,0.003,1,M1AP
0.045595189046681,1.94441060764159,0.014,0.003,1,SUPT20HL1
0.105480280640956,1.93424622180321,0.014,0.005,1,NLGN1
0.159278803355144,1.92244891423348,0.017,0.008,1,MAGEE1
0.0418555506199797,1.91004923128438,0.032,0.015,1,ABHD1
0.0109461028942168,1.89352651015491,0.018,0.003,1,SCGB3A1
0.362401712837755,1.88846897711806,0.011,0.007,1,SLC26A4-AS1
0.0496016019858232,1.88663684268357,0.01,0.002,1,HAND2
0.118175094212449,1.88387732815873,0.018,0.008,1,TRPM3
0.132446143694377,1.87954163165701,0.01,0.003,1,ARHGAP11B
0.035835515880131,1.86635198560494,0.023,0.008,1,TTTY14
0.00559834269998068,1.85290041783587,0.057,0.027,1,MARK4
0.0230875153156039,1.85168695895537,0.013,0.002,1,LOC101928043
0.203067374021068,1.84162198175984,0.021,0.012,1,MLC1
0.0757686630264818,1.83306561089813,0.015,0.005,1,ST7-AS1
0.0918277298901463,1.83257843871822,0.011,0.003,1,FOXI2
0.0278937308719751,1.83005586687449,0.018,0.005,1,CCL13
0.231578522189947,1.82625774212866,0.024,0.015,1,MAP2
0.00792039588331622,1.81620595528438,0.037,0.014,1,NR6A1
0.275711654716556,1.81375207209136,0.01,0.005,1,GFAP
0.0316014803639941,1.81359492586283,0.031,0.014,1,SLC51A
0.144545552057163,1.81072296091744,0.013,0.005,1,LINC00163
0.536970021916233,1.80893336583079,0.019,0.015,1,LOC100996349
0.351184188478528,1.80484663795798,0.014,0.008,1,CD300LG
0.0149822674796281,1.80106850997009,0.062,0.034,1,MCPH1-AS1
0.0676902715149954,1.79402737650718,0.05,0.03,1,BREA2
0.032626002984774,1.79334505434035,0.021,0.007,1,LINC00269
0.0353432544866015,1.78773547672091,0.023,0.008,1,AOX2P
0.320000223588029,1.78219718538829,0.018,0.012,1,MPO
0.0483751210823319,1.7696801166854,0.022,0.008,1,SAMD11
3.8761379476899e-09,1.75597048573532,0.166,0.063,9.36203598505542e-05,ADGRG1
0.033979121972743,1.75382763102739,0.011,0.002,1,CSNK1G2-AS1
0.275356410250293,1.75351227552176,0.01,0.005,1,TSHR
0.0102632024613909,1.75143174375864,0.027,0.008,1,LOC389247
0.0393558238548321,1.75085736628518,0.027,0.012,1,C11orf80
0.00884918702523974,1.74637484807999,0.031,0.01,1,POLR2M
0.0234395705025212,1.73420351301269,0.022,0.007,1,CACNA2D2
0.000261161944048922,1.73150607907176,0.08,0.034,1,C1orf106
0.0687887466872332,1.71815779542739,0.025,0.012,1,MARCH1
0.07062705382146,1.71292981754568,0.023,0.01,1,FAM155A
0.10470522319244,1.71273375394477,0.014,0.005,1,LOC101927815
0.00293450347463835,1.71225204647827,0.294,0.225,1,CXCL14
0.0758833244560144,1.71134496568017,0.045,0.027,1,PNMAL2
0.104859871863396,1.70931836486043,0.014,0.005,1,SLC26A5
0.0432888471444347,1.70651082661224,0.03,0.014,1,PLCXD3
0.0104187435917746,1.7047364590969,0.027,0.008,1,GSC
0.00145670607319265,1.69724875995613,0.034,0.008,1,PRORSD1P
0.0893926940178713,1.68151941487402,0.033,0.019,1,NAPA-AS1
0.121037866198125,1.66454309581922,0.021,0.01,1,DHRS4L1
0.118719589958216,1.66339709146143,0.021,0.01,1,TEPP
0.324040963305724,1.66264440813232,0.026,0.019,1,ANLN
0.264734674594217,1.66100668437814,0.017,0.01,1,CELSR2
0.0223246146271046,1.65228558383765,0.016,0.003,1,RFX8
0.0286870576807527,1.65168186178285,0.041,0.02,1,ASPRV1
0.0109230141466283,1.64766464900534,0.015,0.002,1,C10orf71
0.0453531651435851,1.64601654600362,0.014,0.003,1,GS1-279B7.1
0.00906867171199153,1.64370140219041,0.011,0,1,TICRR
0.146613886702534,1.63760860003327,0.013,0.005,1,ZNF730
0.00055889192665178,1.63714801885977,0.07,0.029,1,FBXL14
0.0098797153807873,1.63646913822592,0.022,0.005,1,C5orf47
0.0446588798807988,1.63566774721227,0.019,0.007,1,NMNAT3
0.273938556999308,1.63331778298806,0.01,0.005,1,RGS20
0.450277343033655,1.62204089622808,0.013,0.008,1,ANKRD34A
0.076115412319926,1.61095699032828,0.015,0.005,1,SCGB2A2
0.00307766269192584,1.61030094726795,0.07,0.034,1,DDX11
0.352589244270973,1.59953950120193,0.014,0.008,1,SCARNA12
0.148972852845989,1.59397634401132,0.026,0.015,1,SLFN12
0.659441675617425,1.59251289460084,0.013,0.01,1,C17orf104
0.023573321189512,1.58384216458531,0.03,0.012,1,B3GNT9
0.367123115098866,1.57834075903038,0.023,0.03,1,IGFBP1
0.104396469157309,1.57022037496304,0.014,0.005,1,GGACT
0.0765797571748157,1.55952902832429,0.015,0.005,1,TAF7L
0.109816420405013,1.55423985816962,0.049,0.032,1,HAGLR
0.413509175511323,1.55064920351972,0.042,0.034,1,C9orf66
0.0675800915319928,1.54951916383888,0.034,0.019,1,LOC101929124
0.0230388274920955,1.54310259464141,0.013,0.002,1,TMEM190
0.0705914936753066,1.53940734300437,0.032,0.017,1,SEMA6C
0.00153076374729782,1.53405137132999,0.056,0.022,1,LINC01136
0.266047328067303,1.52773438543494,0.017,0.01,1,IGSF9B
0.563211494370859,1.52758696180956,0.049,0.042,1,KRTAP2-3
0.569198046906659,1.52681553774018,0.011,0.008,1,TCTEX1D4
0.0122154893393703,1.52540062321063,0.024,0.007,1,LOC101929319
0.0224279310305357,1.51881432217528,0.045,0.022,1,SH3RF2
0.363584661601009,1.51823700194037,0.011,0.007,1,LINC00961
0.00414311126700387,1.51683273780373,0.511,0.415,1,MMP10
0.0215980736616781,1.51237609038379,0.027,0.01,1,WBSCR27
0.00663628052947733,1.51074694593737,0.042,0.017,1,EPHB6
0.270004234096889,1.50695450647646,0.015,0.008,1,KIAA1211L
0.105480280640956,1.50664525571631,0.014,0.005,1,DLGAP3
0.0543115533043878,1.49811384188034,0.016,0.005,1,CDCA8
0.158084104305404,1.4933656113942,0.019,0.01,1,HIST1H4H
0.184218981762557,1.49170001626313,0.027,0.017,1,LOC100129534
0.269717688858788,1.49084327306465,0.015,0.008,1,LOC102724927
0.00229973356481658,1.48289401209821,0.03,0.007,1,LAMA1
0.439766319924968,1.47556007803093,0.015,0.02,1,KLK10
0.028077144144574,1.47010035801051,0.018,0.005,1,LOC101927190
0.0491928273722819,1.46804802646201,0.01,0.002,1,ROPN1L
0.183163842567283,1.45994328163654,0.038,0.025,1,C14orf93
2.60014265491969e-05,1.456496304469,0.104,0.044,0.628012455442752,NDRG4
0.210684344867138,1.44585767397108,0.031,0.02,1,FAM166A
0.0110404867554497,1.44300525494219,0.015,0.002,1,GBAT2
0.0651886331556289,1.43670112255517,0.013,0.003,1,WNT2B
0.00286125835301358,1.43509479321179,0.119,0.073,1,EXTL3
0.00853654485399278,1.42405209701673,0.031,0.01,1,ATP2B3
0.365561603593837,1.42286188577617,0.011,0.007,1,SCN4A
0.114564271857793,1.41943773825955,0.016,0.007,1,FAM83D
0.120871958060265,1.41751700064922,0.023,0.012,1,CCDC96
0.0583083991114757,1.4161977352192,0.158,0.12,1,FBXL18
0.113657214589153,1.41372129466377,0.016,0.007,1,LINC01150
0.0554610699796518,1.41093504407974,0.033,0.017,1,CXorf57
0.117027385761822,1.41003312183012,0.018,0.008,1,C9orf153
0.257169264153801,1.40851334955765,0.019,0.012,1,CTAGE8
0.0219174285400102,1.40723995120208,0.016,0.003,1,HOXB-AS1
0.731999606041698,1.39580093562434,0.033,0.03,1,TBCEL
0.106103598281598,1.39578710110353,0.014,0.005,1,ATE1-AS1
0.106634511865093,1.39351896726903,0.039,0.024,1,LOC441666
0.0928856056160064,1.39073728760645,0.024,0.012,1,TMPRSS7
0.0491928273722819,1.39069654364433,0.01,0.002,1,ZNF341
0.261602539978367,1.3875113749172,0.017,0.01,1,PROCA1
0.0384595390291502,1.38497498634704,0.025,0.01,1,LOC100129973
0.145783852353069,1.38408584452839,0.013,0.005,1,DISC2
0.0546526678870634,1.38065877968051,0.016,0.005,1,TMEM31
0.0170147766028001,1.37904914785276,0.046,0.022,1,D2HGDH
0.208456248224871,1.37761155963453,0.016,0.008,1,DDTL
0.27429255170882,1.37085497841691,0.01,0.005,1,FAM209A
3.14663637064317e-05,1.36858712741876,0.071,0.022,0.760007082601444,LOC103344931
0.36705836183975,1.36829705341233,0.047,0.037,1,SAA1
0.0933927653945928,1.36720803461183,0.011,0.003,1,TNNC2
0.0647378633840592,1.36711968991579,0.013,0.003,1,LOC100505716
0.59996464864697,1.36276889047897,0.021,0.017,1,PCSK2
0.0383615308234373,1.36050263198768,0.089,0.059,1,STX1B
0.274095971996589,1.35716352098838,0.013,0.007,1,KCNRG
0.20752776551465,1.35354846918471,0.016,0.008,1,FAM25A
0.0156684378608379,1.35258298376302,0.044,0.02,1,VLDLR-AS1
0.20548887075748,1.35228082696133,0.014,0.007,1,ANKRD20A4
0.0838193972390479,1.35046005122955,0.017,0.007,1,ST14
0.107044047255027,1.34816617520309,0.014,0.005,1,RPS10P7
0.449857622914116,1.34501711040964,0.013,0.008,1,C1orf204
0.137080034478221,1.34485335214717,0.036,0.022,1,ZNF665
0.00287129903220188,1.34267489218897,0.046,0.017,1,CYP27B1
0.00823978725361678,1.34209462473422,0.063,0.032,1,VPS9D1
0.0224068365284568,1.34187399356871,0.016,0.003,1,LOC101927575
0.000642233514645043,1.33713243242773,0.04,0.01,1,FAM45A
0.077556965282846,1.33625043213941,0.047,0.029,1,NTF3
0.247939573585728,1.33509222557022,0.022,0.014,1,PIDD1
0.0731095271003907,1.32866897869021,0.027,0.014,1,RANBP17
0.486260437993247,1.32021063365911,0.029,0.036,1,DPP4
0.0742994903338314,1.31699791116808,0.064,0.042,1,SLITRK4
0.00213456747926578,1.31471862615865,0.047,0.017,1,FAM131A
0.296455466768959,1.31429790327978,0.023,0.015,1,TTC3P1
0.0927642021505459,1.31175188387542,0.011,0.003,1,ACTA1
0.0058337029923481,1.30963482006673,0.05,0.022,1,CCDC17
0.0708767055690139,1.30919867902428,0.032,0.017,1,MYO18A
0.895748102689527,1.3081264288968,0.016,0.015,1,FAM149A
0.10129418055628,1.30446263301509,0.057,0.039,1,UBXN10
0.279361427332675,1.29922728546812,0.025,0.017,1,TDRKH
0.0128991584635837,1.29709081571489,0.032,0.012,1,ABCC6P2
0.0232831612285749,1.29514747618027,0.013,0.002,1,LINC00460
0.203466209043223,1.2937469896922,0.021,0.012,1,TPTE2P3
0.154867390973535,1.29105933423197,0.015,0.007,1,GLDC
0.210999188069923,1.28924236680724,0.039,0.027,1,PLA2G6
0.0156940408478484,1.28884521802081,0.017,0.003,1,FBF1
0.166989232734033,1.28435316505334,0.034,0.022,1,ASB5
0.0432350974901404,1.28326686934199,0.061,0.037,1,MFHAS1
0.0653017291794509,1.28160807436028,0.013,0.003,1,CYP51A1-AS1
0.0728568412398466,1.27889538233078,0.078,0.054,1,GAL
0.0333380804551814,1.27445483378692,0.031,0.014,1,TPGS1
0.00158295905103142,1.27411353246564,0.04,0.012,1,DLL3
0.000347400311078303,1.27410261466925,0.109,0.056,1,LOC101927056
0.0924816527660589,1.27003344429454,0.07,0.049,1,ISM2
0.0927623530799284,1.26515072196719,0.08,0.058,1,ALS2CL
0.0833602443409222,1.26271229363926,0.017,0.007,1,LINC00894
0.838650884994736,1.26034407243492,0.022,0.02,1,NOD1
0.146821959074776,1.25604166953719,0.013,0.005,1,SLC26A1
0.000839725268189983,1.25536327401507,0.108,0.058,1,RAP1GAP
0.0321476588217712,1.25528069110014,0.015,0.003,1,GNG3
0.107726907180228,1.25002494596862,0.074,0.054,1,AKAP7
0.0732390269294523,1.24626966983,0.03,0.015,1,RTN1
0.217243536986546,1.24483689382429,0.08,0.063,1,GAS6-AS2
0.449438124647602,1.23985469068664,0.013,0.008,1,PCDHGB5
0.307594777053459,1.23903853047671,0.021,0.014,1,TNKS2-AS1
0.154670518535716,1.23347172657296,0.015,0.007,1,LOC101929694
0.0897178529548079,1.23229568446076,0.019,0.008,1,LOC100133286
0.000162881590090306,1.23107350215655,0.133,0.071,1,GCSAM
0.00826454240322786,1.22831323306109,0.121,0.08,1,IPO13
0.0256757988763353,1.22828927963652,0.074,0.046,1,C17orf97
0.000157190732903302,1.22569307552807,0.116,0.058,1,KPNA7
1.0769891973026e-06,1.22312981854302,0.171,0.081,0.0260125200824497,ZNRF2
0.251721752541813,1.222794080909,0.022,0.014,1,SNORA40
0.295731535035093,1.21654323251743,0.023,0.015,1,BEND3P3
0.010988259827884,1.21350107766617,0.072,0.041,1,NSMF
0.342892608185936,1.21234450578904,0.016,0.01,1,CCNA2
0.66288678946377,1.21203180278248,0.013,0.01,1,IL34
0.00384598880944977,1.21116233740849,0.064,0.03,1,LINC00601
0.267844805944075,1.20405467885029,0.027,0.019,1,LIPC
0.0207192454819887,1.20388170770367,0.042,0.02,1,POLD1
0.119732750227819,1.2007300426388,0.027,0.015,1,ANKRD9
0.366040401674314,1.19994771386149,0.022,0.015,1,CACNA1C
0.277917200858385,1.19916612221738,0.013,0.007,1,CARNS1
0.0312004175037047,1.19764760669138,0.134,0.096,1,SFN
0.227794017622917,1.19612127002892,0.037,0.025,1,MDGA1
0.744041879040673,1.19579494760232,0.062,0.058,1,GRM6
0.160209321270162,1.19366156638308,0.017,0.008,1,SHC2
0.275683765690852,1.19300309969297,0.013,0.007,1,CSPG5
1.25202453244036e-06,1.18870345934957,0.268,0.166,0.0302401485320319,GFRA2
0.137305286508363,1.18835457857921,0.036,0.022,1,TCTEX1D1
0.113958936453262,1.18800071744868,0.016,0.007,1,SMIM2
0.726195202383518,1.18772315306421,0.011,0.014,1,ADCY4
0.00666806555112493,1.18531347927228,0.032,0.01,1,ABCC2
0.857921805546617,1.18320511307017,0.009,0.01,1,MMP28
0.160162612012971,1.18090978127808,0.019,0.01,1,GNAS-AS1
0.178476435924244,1.17764576664243,0.01,0.019,1,HBG1
0.0126412335506673,1.17612337055789,0.045,0.02,1,ZNF416
0.84339218978533,1.17589546989129,0.022,0.02,1,GOLGA8IP
0.00146631590186085,1.17517634627535,0.046,0.015,1,MYH14
0.756190342941299,1.17314386853866,0.017,0.015,1,CSNK2A3
0.132013227490112,1.17097767031694,0.01,0.003,1,GATA6
0.0344570064216626,1.16863688296056,0.038,0.019,1,PROX1
0.119476799243951,1.16853038304361,0.018,0.008,1,APLP1
0.294763825826152,1.16067494108068,0.009,0.015,1,MGAT3
0.0461641465844758,1.15902512652186,0.014,0.003,1,FBXO40
0.191005343808152,1.15826935161937,0.025,0.015,1,ARHGEF4
0.400867388706698,1.1569922897905,0.017,0.012,1,LOC101927692
0.531902075444378,1.15676784530457,0.034,0.029,1,NFYC-AS1
0.209017321106985,1.15320291028518,0.014,0.007,1,APOL4
0.967155999990521,1.15074940349303,0.01,0.01,1,L3MBTL1
0.0192955323160614,1.15035415190686,0.036,0.015,1,MB21D1
0.101135196990437,1.14906865232711,0.044,0.027,1,MAPK12
0.151239869363319,1.14906136523614,0.029,0.017,1,ROCK1P1
0.202105699529316,1.14635307229372,0.011,0.005,1,LINC01291
0.201284141347949,1.14281895798194,0.011,0.005,1,TPRG1-AS1
0.108989592336242,1.1421177442394,0.069,0.049,1,KCTD21
0.00186725419504425,1.14160451837836,0.079,0.039,1,SIMC1
0.00356927629463037,1.1362145765581,0.078,0.041,1,CPTP
0.148813039113555,1.13548119773797,0.029,0.017,1,CLDN20
0.373580638475261,1.13477144863708,0.027,0.02,1,GAP43
0.0333134695170793,1.13452451800993,0.021,0.007,1,SYNGR3
0.0343918215156337,1.13386603379462,0.047,0.025,1,RIMS2
0.0554115712554181,1.1307007769498,0.038,0.02,1,ZNF808
0.253376438416499,1.13014312256265,0.065,0.081,1,MMP9
0.00139635297662288,1.12526647593132,0.081,0.039,1,SUV39H1
0.449843359474002,1.12473181539383,0.026,0.02,1,SLC4A11
0.214379686571977,1.12462900648169,0.039,0.027,1,ARHGEF33
0.00603627876732777,1.12273578371925,0.06,0.029,1,PPIP5K1
6.1449973309965e-06,1.12199366507989,0.094,0.032,0.148420120535558,TNFRSF21
0.272881170567278,1.11780806784285,0.015,0.008,1,TRABD2A
0.0412764851835997,1.11763577804208,0.027,0.012,1,FIGNL1
0.0100832872153488,1.11708287272231,0.103,0.064,1,TMEM158
0.00227243444928646,1.11531356979456,0.041,0.014,1,RNF215
0.104348982609756,1.11279009242002,0.039,0.024,1,CPS1
0.092921023679382,1.11267208860526,0.011,0.003,1,RAD9A
0.246270327780426,1.11168648922378,0.032,0.022,1,EMID1
0.0167466154803698,1.10958735981422,0.05,0.025,1,KIF3C
0.215699285117871,1.10840063389726,0.029,0.019,1,MLK7-AS1
0.157576445306857,1.10683313364648,0.045,0.03,1,CCDC65
2.29995744982936e-05,1.10256447110019,0.109,0.046,0.555508722857285,FASTKD3
0.578798061876084,1.10221831880647,0.017,0.014,1,LOC100133985
0.000600073626929102,1.10189293348075,0.763,0.697,1,KRT16
0.0515491649838741,1.10094443131343,0.024,0.01,1,LOC100506371
0.119476799243951,1.09878730576661,0.018,0.008,1,DCDC1
0.538622427419878,1.09835175946083,0.014,0.01,1,MKI67
5.39341848321452e-06,1.09805100224955,0.235,0.14,0.13026723662508,PQLC1
0.674280386612851,1.09738059108745,0.008,0.01,1,S100A5
0.00422902972860101,1.09517062459953,0.014,0,1,PKHD1
0.00636093979515955,1.09510739717124,0.076,0.041,1,RCBTB1
0.171701563902028,1.09481682394185,0.042,0.029,1,ASAP1-IT2
0.364886656997053,1.09435943971971,0.036,0.027,1,TMEM26
0.0926075931661185,1.09425266114599,0.011,0.003,1,GYPE
0.00744163707462374,1.09249280662854,0.016,0.002,1,CCDC114
0.47626199110415,1.09188515989307,0.03,0.024,1,ARL9
0.105791575327551,1.08901494503734,0.014,0.005,1,KCTD16
0.00186780472173311,1.0869701291257,0.088,0.046,1,ACADL
0.478486403529922,1.08582311552038,0.01,0.007,1,PCOLCE-AS1
0.681821106714366,1.08518814104902,0.025,0.022,1,CNTD1
0.0491928273722819,1.0845483700618,0.01,0.002,1,EXO1
0.107516742049261,1.08336041498642,0.014,0.005,1,RET
0.787101962822753,1.08220279411578,0.01,0.012,1,A2ML1
0.18379383990122,1.08206541443225,0.04,0.027,1,CCDC39
4.2673298150701e-06,1.07830017575116,0.188,0.1,0.103068817023388,BOP1
0.0101392942389955,1.07799059653123,0.022,0.005,1,ANKRD24
0.705525807433548,1.07679713748744,0.016,0.019,1,C4BPB
0.635716631528584,1.07678259673979,0.027,0.024,1,LRP1B
0.013824110271601,1.07661375877041,0.034,0.014,1,ANKRD30BP2
0.0583514840256086,1.07652577901945,0.029,0.014,1,HIST1H3D
0.00683104523875902,1.07461806082118,0.06,0.029,1,LRRN1
0.12007902828956,1.07444807841812,0.021,0.01,1,LOC102724467
0.182628369249895,1.07434572025099,0.027,0.017,1,CXXC4
0.0327722855458321,1.07208251700362,0.021,0.007,1,PCED1B
2.95680370314056e-05,1.0716276710838,0.071,0.022,0.714156798419539,MFSD7
0.00945028988610187,1.06927104535217,0.044,0.019,1,CRTAM
0.0310799318031927,1.06817708852206,0.029,0.012,1,LOC100996286
0.969459673665845,1.06665219526124,0.01,0.01,1,EFCAB12
0.00418823024687062,1.06645107455246,0.049,0.02,1,IFT140
0.735130128290196,1.06566657617805,0.026,0.024,1,ATG9B
0.440611712810664,1.06540560189482,0.065,0.056,1,ABCA8
0.588662610776292,1.06479673619231,0.015,0.019,1,MYOM1
0.781986324594901,1.05811853678563,0.024,0.022,1,CPA6
0.00439158566362084,1.05502519246124,0.039,0.014,1,NDST1
0.000956929525890139,1.05359774448813,0.053,0.019,1,GPD1L
0.0496925381641968,1.05291354894422,0.022,0.008,1,CITED1
0.00248819568211958,1.05191235106033,0.107,0.061,1,DUSP8
0.0001910020091661,1.05187150242883,0.143,0.08,1,ST6GALNAC5
0.0634433482415781,1.05166629566211,0.005,0.014,1,HES4
0.240099440472434,1.05148142285297,0.024,0.015,1,LHX4-AS1
0.180802907730943,1.05053931228115,0.04,0.027,1,AMPH
3.23979136332088e-06,1.05025511188642,0.213,0.12,0.0782506807982892,C1QTNF8
0.01339200061622,1.05013602531811,0.052,0.025,1,C8B
0.0926075931661185,1.04999817864015,0.011,0.003,1,LOC101929295
0.0576451083115121,1.04946714333901,0.04,0.022,1,LOC100335030
0.142427862900894,1.04835265833385,0.044,0.029,1,ZNF552
0.0208938536999364,1.04834818019374,0.135,0.096,1,DIAPH2
0.280925390017405,1.04217815887328,0.033,0.024,1,HES6
0.00847312957161095,1.041702798675,0.116,0.074,1,ZMIZ1-AS1
0.0967995032587489,1.04134819061166,0.132,0.103,1,TREM1
0.0137185220546362,1.04102724058913,0.153,0.11,1,UCP2
0.00565196271900022,1.04090372831514,0.123,0.078,1,ABHD15
0.00287091839184382,1.03888609152534,0.054,0.022,1,KNTC1
0.441727279390477,1.037966124253,0.03,0.037,1,SLC22A1
0.0975722224796698,1.03750358954194,0.044,0.027,1,LOC728024
0.0224872559194844,1.03366419821656,0.081,0.051,1,C8orf82
0.270004234096889,1.03285199078478,0.015,0.008,1,DGCR11
0.00260617847853448,1.03282302024614,0.076,0.037,1,SLC46A3
0.850884534362724,1.03241358927714,0.009,0.01,1,LINC01206
0.569343263297414,1.03202152329718,0.01,0.014,1,RAC3
5.66113069259179e-09,1.03038909602201,0.237,0.113,0.00013673328961817,TMEM231
0.270992141328786,1.0289958571346,0.078,0.063,1,HTRA2
0.283068351772393,1.02860581845479,0.013,0.007,1,LINC01480
0.149887934358549,1.02820295898,0.029,0.017,1,TIGD1
0.00146631590186085,1.0270895985308,0.046,0.015,1,PCDH19
0.0174009302924568,1.02556921292263,0.065,0.037,1,AGTR1
0.838665199753092,1.02554314241556,0.025,0.024,1,SLAIN1
0.00615730680837299,1.02397182065841,0.06,0.029,1,LGR6
0.0956767529415901,1.02378145133653,0.029,0.015,1,IYD
0.399378971701788,1.02050021852056,0.037,0.029,1,CYFIP2
0.153297730886893,1.0203881156785,0.015,0.007,1,CA1
0.060398359777542,1.01950472179198,0.053,0.032,1,FOLR1
0.397474123988148,1.01864650955502,0.019,0.014,1,TEDDM1
0.114564271857793,1.01555974188851,0.016,0.007,1,SEMA3F
0.212671687518896,1.01491235264495,0.016,0.008,1,PANX3
0.021743290508767,1.01389219945571,0.094,0.061,1,FANCF
0.0277422623569645,1.01127711602526,0.096,0.064,1,CDK5R1
0.478486403529922,1.01012459568692,0.01,0.007,1,RRS1-AS1
0.093080348730168,1.00975626486277,0.022,0.01,1,ARL10
0.746473389238271,1.0089639503175,0.014,0.012,1,SPTB
0.469479815870774,1.00785568434122,0.024,0.019,1,C9
0.154670518535716,1.00766007020988,0.015,0.007,1,PGBD5
5.04478622412282e-05,1.00590374383641,0.342,0.247,1,YOD1
0.00167623126907764,1.00491488852416,0.104,0.058,1,SLC15A2
0.661409433427328,1.00351840852949,0.013,0.01,1,TPO
0.0527552482338365,1.00253555928588,0.06,0.037,1,TRIM65
0.0213598818518973,1.00215690486631,0.049,0.025,1,H19
0.580030149033477,1.00157117023554,0.011,0.008,1,PA2G4P4
0.478967823479811,1.00046367038908,0.01,0.007,1,COL17A1
0.000428719890508014,1.00030509609395,0.688,0.594,1,MAEA
0.653970633022976,1.00011673981407,0.034,0.03,1,XDH
0.0818484901037597,0.999903928267755,0.047,0.029,1,ZFAT
0.106729833195274,0.997641732214378,0.014,0.005,1,LINC00968
0.168745974844838,0.995954134287167,0.032,0.02,1,ENTPD5
0.00235545392085693,0.995933434640779,0.078,0.039,1,SAP30L-AS1
0.0571507620449963,0.995612420806411,0.031,0.015,1,DOC2B
0.00751880984446975,0.995573032309114,0.16,0.113,1,UNC119
0.11778957398533,0.995330664676944,0.045,0.029,1,C12orf76
0.0933927653945928,0.995264605999432,0.011,0.003,1,LINC01144
4.41980079005095e-05,0.992069327830968,0.245,0.162,1,FGF18
0.108709917382044,0.990645377674639,0.089,0.066,1,APOC1
0.0708053141587331,0.990576418389622,0.032,0.017,1,CCDC134
0.00319105180100094,0.989019657377835,0.181,0.124,1,DIS3L
4.85326817862144e-05,0.987509625752976,0.222,0.142,1,HHIPL1
0.409640018584205,0.987508048911927,0.017,0.012,1,PCDHB11
0.588637334494169,0.987347947442578,0.032,0.027,1,HCG8
0.9118507175819,0.986636295507086,0.026,0.025,1,SCN3B
1.8752552998632e-05,0.98534453706547,0.119,0.052,0.452930412575959,SLC27A1
0.0141739042840416,0.980895913329302,0.049,0.024,1,DHDH
0.0513549737404373,0.980823351747756,0.024,0.01,1,METAP1D
0.35329310424846,0.976989186446295,0.014,0.008,1,TLE6
0.423392957038958,0.976503477260987,0.029,0.022,1,TIMELESS
2.53602332256904e-11,0.972379901831,0.601,0.448,6.12525713100099e-07,DNER
0.795187304682524,0.969814791543458,0.01,0.012,1,FGFBP3
0.310213416658083,0.96860414679383,0.021,0.014,1,PAQR5
0.0144742071857832,0.968504753485628,0.021,0.005,1,CFAP52
0.00375323656865216,0.968020476487001,0.057,0.025,1,ZNF18
0.0408948193365987,0.967376328004243,0.053,0.03,1,LINC00597
0.065528406665936,0.967098758151255,0.013,0.003,1,PCSK1
0.48851561466047,0.966240149558995,0.039,0.032,1,DNAH1
0.000353622452236725,0.964461953797322,0.16,0.096,1,RABL2A
0.44776235186767,0.963594302553238,0.013,0.008,1,PARD3-AS1
0.164263153379909,0.963564378628449,0.153,0.127,1,PGAM2
0.411569666789912,0.960022659879675,0.04,0.032,1,DKFZP434I0714
0.037286557663369,0.956201325812234,0.006,0.017,1,APOBEC3D
0.50370430778478,0.956034085793089,0.016,0.012,1,BMP7
0.39372661601551,0.955068858958556,0.019,0.014,1,LINC00704
0.561762828752403,0.954653189456672,0.016,0.02,1,LOC101929524
0.0172087343395941,0.95434965789442,0.023,0.007,1,C1orf194
0.241128366960372,0.953936419556921,0.024,0.015,1,EPB41L4B
0.82720191768002,0.952623530411196,0.257,0.247,1,S100P
1.13886275727367e-05,0.950520416727641,0.211,0.122,0.275069521764309,DZIP1
0.0114118779674594,0.94900796964764,0.082,0.049,1,ZNF880
0.051242496991873,0.94835042293262,0.142,0.108,1,SYT8
0.0761059739136723,0.947851422348139,0.06,0.039,1,PPP1R3F
0.143966091703136,0.947588648711699,0.052,0.036,1,TTC12
0.0883397585871122,0.947224741732602,0.124,0.096,1,ZNF37BP
0.00535923017569913,0.946788163915556,0.021,0.003,1,SNORA63
0.0654149869618326,0.945637974666009,0.013,0.003,1,C1orf100
0.201557722973928,0.945490958598425,0.011,0.005,1,KHDC1L
0.12283444653591,0.941751661050302,0.021,0.01,1,STAG3
0.364770022921976,0.941567234117457,0.011,0.007,1,LOC643339
0.348367203720291,0.940577903933068,0.024,0.017,1,LINC01252
0.15426252126559,0.940199187664447,0.039,0.025,1,SLC4A3
0.106259883187363,0.940030718239202,0.014,0.005,1,C2orf16
0.0454034457943875,0.939838410993485,0.034,0.017,1,C16orf86
0.53557497849059,0.938607312023717,0.014,0.01,1,MACROD2
0.352800122125929,0.938099069893259,0.024,0.017,1,LOC729966
0.023543198576753,0.937739000191023,0.03,0.012,1,LRRC19
1.87636435847052e-07,0.936887946477326,0.307,0.188,0.00453198283501384,CNNM4
0.249714439534001,0.934768003247245,0.022,0.014,1,ACSS3
0.000781352188860781,0.934754885400686,0.151,0.093,1,KAZALD1
0.35227675781891,0.934099348325134,0.024,0.017,1,LINC01003
0.165685881209968,0.93342099038213,0.045,0.03,1,AZIN1-AS1
0.000397951800458306,0.932745687613222,0.025,0.002,1,PMS2P9
0.130493365182355,0.932683883649624,0.048,0.032,1,GCSHP3
0.024602103192977,0.929503899182126,0.133,0.095,1,LPCAT1
0.00458140111272346,0.929354164112227,0.056,0.025,1,PIGZ
0.00257910225397793,0.929216254056065,0.087,0.046,1,FOXC2
0.00778302804403465,0.928091476661121,0.101,0.061,1,PAPLN
0.576080033136859,0.927719695178504,0.011,0.008,1,ARHGAP25
0.00193970937150359,0.927480906322303,0.155,0.096,1,GREB1
0.0443086041341699,0.925751418670705,0.034,0.017,1,ZBTB26
0.15135969539768,0.924771540685692,0.039,0.025,1,PRKCQ
0.23726037593807,0.923520195346145,0.042,0.03,1,GP6
0.0934882414568623,0.922490833794831,0.105,0.08,1,RIMKLA
0.0744106771248769,0.921378320674124,0.07,0.047,1,PATZ1
0.455753852697024,0.921095756414328,0.013,0.008,1,LINC00957
0.514568091931643,0.920830713181024,0.037,0.03,1,FKBP1B
0.203665840277825,0.920179631211182,0.021,0.012,1,PRSS50
0.696329244461968,0.919611834024271,0.048,0.044,1,PLCG1
0.0263365422183736,0.919204841005145,0.024,0.008,1,NLRX1
0.000605185447535944,0.918733518260329,0.072,0.03,1,GSDMB
0.132354811598445,0.918536630235343,0.048,0.032,1,LOC101927257
0.123112682925136,0.917611062087997,0.021,0.01,1,ZNF716
0.0369391058163593,0.91513602558172,0.023,0.008,1,GUSBP2
0.204210948852839,0.912266299472488,0.036,0.024,1,P2RX7
0.0967485972633359,0.912233566457944,0.048,0.03,1,XYLT2
0.204032168005685,0.910816054731154,0.011,0.005,1,CACNG2
0.0568433324031604,0.909913569574228,0.04,0.022,1,GMPR
0.00032281496052682,0.909903830430427,0.129,0.071,1,NKX2-5
0.00934570088663968,0.909835066283042,0.136,0.091,1,SLC38A9
0.276067211732182,0.908241610960558,0.01,0.005,1,C7orf57
1.3039065326517e-08,0.908107372884413,0.569,0.435,0.000314932544831364,SDC1
0.00904874411431038,0.907647361348853,0.124,0.081,1,TNP1
0.100881679585615,0.907454590631492,0.054,0.036,1,ERCC2
0.160162612012971,0.906720497649308,0.019,0.01,1,MAP10
0.0728605676680415,0.9065851850807,0.025,0.012,1,LOC101928266
0.0568842683216221,0.905918318564268,0.073,0.049,1,SLC2A11
0.00475361596947114,0.905857464178832,0.07,0.036,1,ARAP3
9.54503637787778e-05,0.905780546786099,0.231,0.152,1,DOCK8
0.103932258618611,0.905539619958587,0.054,0.036,1,CCDC129
8.90990634045438e-06,0.90478598919474,0.305,0.201,0.215200967840995,FERMT1
0.0226674477327697,0.904032652353504,0.09,0.058,1,KLHL26
0.000133540690030028,0.902894391306958,0.079,0.03,1,CMTM8
0.0501233499534391,0.902882418828977,0.187,0.149,1,LOC100506746
0.474833635405055,0.9014005807416,0.018,0.014,1,SNORA26
0.813322966107599,0.899006362100964,0.011,0.01,1,NRN1L
0.100237358381025,0.894610023836756,0.054,0.036,1,ZNF596
0.263303797265094,0.893873619714661,0.036,0.025,1,LINC00630
0.0424303915301499,0.893849984806652,0.092,0.063,1,PTGES2
0.010886656757713,0.893351574475394,0.115,0.074,1,APCDD1L-AS1
0.218188632702119,0.892985321552941,0.031,0.02,1,RHD
0.256448354635613,0.892913870886804,0.019,0.012,1,PPP1R32
0.0999361985491798,0.892902731155052,0.044,0.027,1,WNK2
0.509685908109502,0.892822660546599,0.022,0.017,1,TSPAN32
0.129846679183367,0.89270912636345,0.048,0.032,1,GALNT13
0.146613886702534,0.892072655013037,0.013,0.005,1,ZNF19
0.271727889618708,0.891535390634808,0.015,0.008,1,PPP1R1A
0.00274541762753183,0.891218695171032,0.143,0.091,1,ACTN2
0.0149858285688515,0.890476557238633,0.084,0.051,1,ATAD3B
0.143652058640885,0.889575747224197,0.033,0.02,1,HIST2H2BF
0.00010238839856216,0.887881287832485,0.116,0.056,1,BAHD1
0.00906867171199153,0.886876732188563,0.011,0,1,AGAP9
0.0263129772536868,0.886264032170385,0.055,0.03,1,DGUOK-AS1
0.201975433974841,0.88580156636172,0.023,0.014,1,NBPF12
0.970035632657431,0.885772918296907,0.01,0.01,1,IRF5
0.00143296443208933,0.885650691329047,0.129,0.076,1,GDPD5
0.0294969717648322,0.88564609842126,0.107,0.073,1,CPT2
0.0448294124048956,0.885084731205784,0.034,0.017,1,GIPC2
0.719601511276754,0.884617955049557,0.019,0.017,1,KLHL31
0.0568341859878787,0.883577392335427,0.049,0.029,1,DPY19L2P3
0.239740730829783,0.881910652088248,0.054,0.041,1,FANCE
0.31682422901065,0.881106219908251,0.021,0.014,1,LOC100147773
0.0453790524598126,0.880380937479633,0.019,0.007,1,NOX1
0.202105699529316,0.879946084642906,0.011,0.005,1,LINC00982
0.132229548344743,0.879550968029491,0.01,0.003,1,LOC101926892
0.00418072153987513,0.878702487259171,0.08,0.042,1,C9orf50
0.11947278634196,0.877807073863014,0.025,0.014,1,FXYD2
0.00112491370305756,0.877128314921682,0.25,0.186,1,PAQR3
0.0105467202274857,0.876026889485982,0.066,0.036,1,TMEM63B
0.148884686166357,0.875442848058531,0.049,0.034,1,ZNF749
0.00551358873726351,0.874158084501329,0.036,0.012,1,GDF6
0.0451268032082893,0.873728235374684,0.141,0.107,1,SGTB
0.157739681496634,0.873655145587069,0.019,0.01,1,SPAG6
0.267307723574136,0.872959908020857,0.049,0.037,1,MT1DP
0.0442469754190174,0.872918552572609,0.037,0.019,1,PRKCA-AS1
0.0550341918816981,0.872038560457947,0.131,0.098,1,SLC45A1
0.0589439929505857,0.87040388204885,0.065,0.042,1,ZNF185
0.850910810561369,0.869881056206084,0.022,0.02,1,ZNF556
0.000138891009157012,0.869512121836826,0.199,0.122,1,GBA
0.00189798419507429,0.868824615199761,0.182,0.124,1,FAM199X
0.0101211243785277,0.868510769371874,0.046,0.02,1,SLC25A29
0.394878320285704,0.868233916507207,0.027,0.02,1,DCDC2B
0.000278267492469225,0.867900546208109,0.21,0.137,1,DUSP4
0.055083945898014,0.86667406770391,0.127,0.095,1,TACSTD2
0.348110649035568,0.866241719488411,0.044,0.034,1,SLC7A14
0.749766574746025,0.865267748867075,0.05,0.047,1,RALY-AS1
0.0275963398331879,0.864973070478308,0.044,0.022,1,ZNF697
0.0914533589038836,0.864547724322231,0.125,0.096,1,UNC13B
0.0552072967260601,0.862667164783568,0.062,0.039,1,ADNP-AS1
0.276423081340505,0.862584809154457,0.01,0.005,1,LINC01567
0.0650756987272435,0.861919051250606,0.013,0.003,1,LINC00162
8.75703773092964e-07,0.861342127510204,0.419,0.291,0.0211508732315144,PPP4R2
0.000640558909120791,0.860821394202098,0.226,0.154,1,AP1B1
0.00804181614428858,0.860083735682021,0.07,0.037,1,CETN4P
0.195781284419874,0.859823283962323,0.036,0.024,1,SYTL1
0.173036308586791,0.858841241217835,0.042,0.029,1,ZNF441
0.113871180813685,0.853610349322835,0.088,0.066,1,C19orf52
0.0269356909337156,0.85314892409898,0.055,0.03,1,LRCH4
0.036260072865052,0.852718559390886,0.04,0.02,1,CENPO
0.0118211734922211,0.852600431917568,0.1,0.063,1,ZSCAN9
3.52439627431149e-05,0.851223489244899,0.273,0.178,0.851247432134454,WNT16
0.85487347581908,0.850692564952507,0.022,0.02,1,KCNA7
0.122141004489863,0.848347449472406,0.021,0.01,1,BIN3-IT1
0.106573000512942,0.846704091289824,0.014,0.005,1,DDX11-AS1
0.134477372077449,0.84668757268973,0.079,0.059,1,LOC100996447
0.000437077976772069,0.846590054816652,0.077,0.032,1,ZNF518B
0.0630311889674778,0.846020670833907,0.087,0.061,1,ZNF764
0.708493362492213,0.84573981940918,0.189,0.183,1,AARS2
0.00143268081273507,0.845147694892812,0.066,0.029,1,ZDHHC24
0.000397622530254101,0.843662693318085,0.12,0.064,1,MAP7
0.655734384169638,0.842810612777358,0.018,0.015,1,EGF
0.0227335404112471,0.842516781128814,0.052,0.027,1,ITGA3
0.0592196455263454,0.841466478535926,0.038,0.02,1,IQUB
0.00405795197746094,0.841214636159949,0.096,0.056,1,ZSCAN25
5.45108754411009e-07,0.840201747511935,0.685,0.577,0.0131660117452891,HTRA3
0.0119220314497312,0.840080087843034,0.074,0.042,1,STK36
0.350833479690585,0.839601260288603,0.014,0.008,1,DDO
0.00408830420565918,0.836842747213296,0.052,0.022,1,ZNF432
0.75232116823224,0.836118462534404,0.014,0.012,1,LOC100287036
0.0155158734198507,0.834668361900617,0.142,0.1,1,HMCN1
0.170347987076559,0.834344341816211,0.126,0.102,1,RPL21P44
0.139827726702025,0.834207051204471,0.033,0.02,1,PPM1N
0.154081041843014,0.833880636552934,0.015,0.007,1,GAL3ST1
0.836514876733006,0.833771667919431,0.047,0.044,1,TRIM6
0.272851579617105,0.833534709880488,0.036,0.025,1,RNF138P1
0.717518035291685,0.833208050008,0.01,0.008,1,SNAI3
0.00179050229114639,0.830927880314492,0.05,0.019,1,LRRC75B
0.0549955675007012,0.830886055041083,0.016,0.005,1,DCT
0.0103052670860558,0.830657035094731,0.066,0.036,1,POMGNT2
3.72116201351116e-05,0.82802267709667,0.198,0.117,0.898772261123349,TRIO
0.0434892498571542,0.827644849199976,0.03,0.014,1,SBK1
0.00256668680308389,0.827445008667302,0.238,0.178,1,AFF3
0.590411575062986,0.827443130640724,0.026,0.022,1,FAM225B
0.730658153314724,0.827389244322806,0.011,0.014,1,ACSBG1
0.0549096748790215,0.827383975848605,0.016,0.005,1,HSD11B2
0.0523977758484756,0.82623359152478,0.024,0.01,1,LOC101929162
0.98123643756942,0.826219357809066,0.032,0.032,1,EVC
0.366885912399381,0.825833506125032,0.022,0.015,1,PKD1L3
0.830140938099826,0.825248836794923,0.018,0.017,1,HPSE2
0.145783852353069,0.825152603468639,0.013,0.005,1,LINC00893
0.0376091622978656,0.823591053933808,0.077,0.049,1,LIMK2
0.0229295357462827,0.823437478901735,0.047,0.024,1,ZNF589
0.0133059482322937,0.822950123774397,0.045,0.02,1,TNFRSF10A
0.00119574045502597,0.822744761129779,0.215,0.147,1,WIZ
0.136479134051339,0.82262505229375,0.05,0.034,1,LOC101928150
0.00510307334281307,0.821428979443548,0.074,0.039,1,ZNF484
0.0400125858436685,0.821182215633175,0.017,0.005,1,OSBPL10-AS1
0.00584229018905017,0.820949178349618,0.102,0.061,1,BDNF-AS
0.00614267815098521,0.820255681507373,0.05,0.022,1,PNMA2
0.0771880948204772,0.819385256978118,0.057,0.037,1,MCM3AP-AS1
0.452417559503853,0.818842696770416,0.026,0.02,1,ZNF496
0.00374653704195891,0.818806620946808,0.149,0.098,1,NPR3
0.000410576144465765,0.818519297517199,0.14,0.08,1,AP5Z1
0.477524357284255,0.817804865631055,0.01,0.007,1,TMEM74B
0.626183351839065,0.81748599320645,0.024,0.02,1,PALM
0.0767076535259443,0.817333920056761,0.087,0.061,1,GAS6-AS1
0.449428012189596,0.817062524615073,0.021,0.015,1,ZFP2
0.0246973887754127,0.816996376743492,0.089,0.058,1,ARHGEF11
0.539166854309565,0.816472519797407,0.025,0.02,1,PEX5L
0.000137172468611225,0.81548519814833,0.111,0.052,1,MGAT4B
0.04564334900435,0.815350504789629,0.019,0.007,1,LOC100507634
8.52657775010715e-05,0.814632699106753,0.251,0.168,1,CCDC126
0.00418385582896245,0.814586887459018,0.06,0.027,1,NLK
0.0110795430246235,0.81345424720939,0.123,0.081,1,ASTE1
0.976372147029203,0.813364921973408,0.01,0.01,1,FAM153C
0.242446523345835,0.812621470689959,0.063,0.049,1,ALDH5A1
0.0400180335896362,0.812309428939517,0.229,0.181,1,CLDN4
0.207247647247013,0.81043190494001,0.014,0.007,1,LINC00515
1.40837535692526e-05,0.810189092680047,0.12,0.052,0.340164899958159,ZNF629
6.30490193103223e-05,0.809953372545079,0.126,0.061,1,SMAD6
0.286185140894209,0.809223293776586,0.053,0.041,1,CDT1
0.035124799803908,0.80874331918614,0.071,0.044,1,NUDT12
0.203774122518832,0.807304380914586,0.018,0.01,1,LINC00670
0.00467511359868494,0.806650126122803,0.126,0.08,1,UVSSA
0.0690091759120702,0.806311553005972,0.046,0.027,1,LOC400940
0.203480390013697,0.806209296347423,0.011,0.005,1,PRPH
0.206492552982016,0.806117215931489,0.014,0.007,1,DACT2
8.2836572042176e-07,0.806020269462714,0.293,0.181,0.0200075172453468,UROC1
0.276320636805936,0.804084064227486,0.013,0.007,1,KRT23
0.173913566848758,0.803711533433755,0.032,0.02,1,RUNX1-IT1
0.0171895591420757,0.801869024254392,0.057,0.03,1,KLHL22
0.121818649335165,0.801744445924004,0.018,0.008,1,SH3BP5
0.121599209252249,0.800845400498752,0.042,0.027,1,POLR3G
0.065528406665936,0.800604567713249,0.013,0.003,1,TMEM236
0.901338485926201,0.799441829374021,0.026,0.025,1,SLC6A4
0.0558458264655657,0.798992511641931,0.07,0.046,1,NCKIPSD
0.0128785330127695,0.798314784455986,0.052,0.025,1,DNAJB5
0.000613522173536023,0.797749060519553,0.07,0.029,1,ZNF385D-AS1
5.8413667309816e-05,0.795873149952656,0.341,0.239,1,LINC00346
0.141557635114056,0.795670388324276,0.06,0.042,1,PROSER2
0.00044527465089541,0.79549773156457,0.199,0.129,1,NOM1
0.332162426844909,0.793592297287411,0.026,0.019,1,LOC101928673
0.000124202191550553,0.793471486667176,0.094,0.041,1,OGFR
0.000693279085175346,0.792660792603802,0.046,0.014,1,MYO3A
0.0356825933125349,0.792553212928276,0.077,0.049,1,C1orf226
0.788717226775237,0.792244790801101,0.01,0.012,1,GRIK4
9.79354476854227e-06,0.792122237137598,0.259,0.162,0.236543486794602,SOBP
0.0285323551202788,0.79194094041014,0.044,0.022,1,GNB1L
0.745605076205258,0.790271938125811,0.049,0.046,1,LOC101927040
0.0646001207624367,0.790201471261051,0.078,0.052,1,CHRNA5
0.2087638424254,0.789503476174226,0.014,0.007,1,ADCY10
0.00181433971011698,0.789335316705947,0.065,0.029,1,CASC15
0.410639370496408,0.788329786063446,0.08,0.069,1,CCDC132
0.000619681494354324,0.787693528613321,0.165,0.102,1,TYK2
0.612952686855987,0.787285097605978,0.021,0.017,1,CLIC5
0.356741020303284,0.78695508204331,0.024,0.017,1,FBLL1
0.053396998919587,0.785396676149076,0.064,0.041,1,PRKY
0.551244680980044,0.785148295054762,0.021,0.025,1,GUCY1B3
0.0536543432854004,0.783648158113401,0.06,0.037,1,PDSS1
0.146613886702534,0.783545240048236,0.013,0.005,1,ITGB6
0.711120520659653,0.782037967590304,0.058,0.054,1,FAM227B
0.160082448395191,0.781697476126769,0.074,0.056,1,PRX
0.407959308427441,0.78118795898133,0.031,0.024,1,PALD1
0.0426761480387563,0.7810298357418,0.071,0.046,1,ARHGAP22
0.201831575666467,0.780115060042204,0.011,0.005,1,CCL27
0.156848214714061,0.778889370135149,0.024,0.014,1,ACOT11
0.853617758311967,0.778876659279141,0.017,0.019,1,MYEF2
0.241747211109399,0.776564170400729,0.024,0.015,1,MMP25
4.12864698857243e-05,0.77639973464826,0.268,0.176,0.9971921071499,CLPTM1
0.122002683963835,0.77638618379613,0.021,0.01,1,LOC100130880
0.132176068749042,0.776358731806853,0.081,0.061,1,NCAPD2
0.88262073623966,0.77512561495572,0.032,0.034,1,LAT2
0.00761153185177258,0.775096997248621,0.029,0.008,1,ERBB3
0.07496980202325,0.774776427216927,0.032,0.017,1,NLGN4Y
0.0856039146891112,0.774391795531645,0.1,0.074,1,LINC01465
0.0039119678817477,0.774191344589569,0.116,0.069,1,NOV
0.0045846328604282,0.773458710079412,0.071,0.036,1,ZNF69
0.207905720833852,0.772357026985409,0.023,0.034,1,LRG1
0.0314311931294929,0.772292673340734,0.029,0.012,1,ABALON
4.39383111503964e-06,0.772213618775551,0.478,0.369,0.106124202921553,VCAN
0.137030920194868,0.772028457832509,0.111,0.088,1,CYP2R1
0.132446143694377,0.772021858522031,0.01,0.003,1,SUMO4
0.124230552902947,0.771167940755638,0.021,0.01,1,KCNJ13
0.00159283085445359,0.770820325875407,0.148,0.091,1,CBR3-AS1
0.00307381954746437,0.770149963795063,0.342,0.276,1,TNFSF10
0.0278929955196851,0.769798197617541,0.041,0.02,1,DLG3
0.00112753956266758,0.769568972922605,0.139,0.081,1,CPZ
0.79919100588454,0.769197591852546,0.269,0.252,1,VCAM1
0.000927811888518353,0.768960435330969,0.105,0.056,1,METRN
0.718779202259728,0.76893555900791,0.024,0.027,1,KCNH6
0.000443077240357961,0.767167153919062,0.069,0.027,1,ACSF3
0.25284177634731,0.766963560954924,0.022,0.014,1,DOK6
5.95535973694653e-05,0.766844897201062,0.055,0.014,1,CHST13
0.0260953501817564,0.766769597678407,0.074,0.046,1,C19orf47
0.185267011023579,0.765395987738537,0.086,0.066,1,DMC1
0.0474405486399744,0.764657464282869,0.233,0.184,1,ZNF2
0.0113251773993478,0.764463349492289,0.214,0.162,1,EXT1
0.172331257465844,0.764175119439954,0.064,0.047,1,HYMAI
0.00985740936922561,0.761848466583128,0.058,0.029,1,CYP2B7P
0.158167586108214,0.760388189322193,0.017,0.008,1,ZNF575
0.200477483386295,0.760175166630208,0.023,0.014,1,TC2N
0.036888321915214,0.760041314189934,0.023,0.008,1,EDA2R
0.0848599791980061,0.759132414250224,0.017,0.007,1,LRRC16B
0.695562963113826,0.758121039705189,0.048,0.044,1,LCA5L
0.00259232491161766,0.757443170751682,0.162,0.107,1,NEB
8.55835664601371e-05,0.756297842457902,0.149,0.08,1,ZNF431
2.44735738364859e-05,0.756100472265335,0.284,0.19,0.591110228872644,CHSY3
0.125184145080786,0.755416105615391,0.025,0.014,1,FOXN3-AS1
0.013509949183917,0.75529758382891,0.113,0.074,1,WHSC1
0.0106980404557586,0.754107363121828,0.12,0.08,1,CPSF4
0.0312662888629063,0.753974344374071,0.11,0.076,1,PTPRU
0.413727135822694,0.753589881936085,0.017,0.012,1,NR2F1-AS1
1.33970388568595e-10,0.753513661668774,0.486,0.323,3.23578679509727e-06,CAPS
0.425718250560394,0.753503729861749,0.034,0.027,1,ID2-AS1
9.82303764626141e-09,0.753044747256525,0.656,0.519,0.000237255828270152,ANK3
0.765892259652533,0.750832177857491,0.015,0.017,1,ESCO2
2.49288235797941e-10,0.750646663011444,0.567,0.403,6.02105875922766e-06,THBS3
0.361530636926561,0.750232640066525,0.03,0.022,1,LRRC8E
2.40663454651422e-05,0.749853045056449,0.184,0.103,0.581274442019579,CA11
6.79896933144479e-07,0.749253576866548,0.283,0.173,0.0164215506262386,SMURF1
0.932474405869812,0.74917923399171,0.045,0.044,1,PIK3CD
1.85231640168842e-05,0.749136490555745,0.514,0.428,0.447389980499804,CRLF1
0.00745321243072786,0.748074740127867,0.092,0.054,1,TYRO3
0.125505683459229,0.747422271427601,0.05,0.034,1,CNNM2
0.0175955058322066,0.745889342946347,0.147,0.105,1,RIPPLY2
0.0195852346481797,0.745538428465983,0.121,0.083,1,CEP85
0.254307595605498,0.743653387823604,0.04,0.029,1,FSD2
0.00232888803024322,0.743501785694022,0.18,0.122,1,GPR161
0.058770127560245,0.742180659470456,0.07,0.046,1,BLM
0.18170934033983,0.741567374802918,0.04,0.027,1,VPS18
0.149753249475669,0.741511079890979,0.029,0.017,1,GRIN2C
0.412988735328741,0.741441901023463,0.066,0.078,1,NOC2L
0.22082705758723,0.741119900427187,0.076,0.059,1,NLRC3
5.56372713144774e-05,0.740769745024752,0.144,0.074,1,CDC42EP5
0.0618880164521394,0.739053357848017,0.097,0.069,1,LOC101928093
0.0445678901545045,0.738721097750808,0.072,0.046,1,STK11IP
0.035971726407621,0.738547865266323,0.047,0.025,1,RASL10A
1.24353164444716e-08,0.737477329182928,0.721,0.597,0.000300350198083324,B3GNT5
1.80726798953582e-08,0.73475025985168,0.363,0.225,0.000436509437512588,ACOT7
0.0194200948111244,0.733457797270459,0.074,0.044,1,SEMA7A
0.00894208296544735,0.732366895984143,0.137,0.093,1,SPON1
0.633051274478754,0.732137182060305,0.014,0.017,1,MYH7B
0.0020385468257177,0.732058805975893,0.128,0.076,1,GPER1
0.0334567024604602,0.731434880095929,0.031,0.014,1,XKR5
0.00160490543634711,0.730200726732452,0.14,0.085,1,FAM43B
0.000365306399733515,0.729910735127888,0.372,0.284,1,MT1H
0.0408232118745376,0.729501695474403,0.113,0.08,1,ARHGAP26
0.132749849015213,0.729277032848438,0.07,0.051,1,RFC5
0.0696890712498072,0.728464253843812,0.023,0.01,1,SCNN1D
0.000838861020858641,0.728262730370933,0.093,0.046,1,CTIF
0.00180170843415853,0.728206713507408,0.143,0.088,1,TDRP
0.0170487577252115,0.728096159976583,0.023,0.007,1,ANKRD53
0.705358812586882,0.727786382079576,0.032,0.036,1,SERPIND1
0.0367363268377631,0.72736637868044,0.023,0.008,1,LOC101927543
0.0736684457063744,0.727224788657354,0.039,0.022,1,LOC101927018
0.0204074646017236,0.726931248509696,0.149,0.108,1,HEG1
0.00329917676259806,0.724860535056954,0.11,0.064,1,ZNF669
0.00557660993808927,0.723925459879273,0.068,0.034,1,JMJD7
0.180923227873001,0.72222695196408,0.071,0.054,1,ITPKB
0.00112525030830756,0.722022836543755,0.207,0.142,1,SSTR5-AS1
0.00160897361830847,0.721730398439052,0.11,0.061,1,SBNO2
0.0573165852199424,0.720252479904326,0.029,0.014,1,MALRD1
3.89950517934948e-07,0.718705862222169,0.204,0.102,0.00941847485968279,CRTC1
1.17007798778962e-05,0.718246470567392,0.259,0.162,0.282608936390826,ZNF609
0.580540364461994,0.717965365109776,0.048,0.042,1,ZNF790-AS1
0.0192174590976596,0.717369197287698,0.033,0.014,1,DEPDC1B
0.000426046307849717,0.717335344233891,0.231,0.157,1,SHROOM4
0.00958178255324655,0.717293310127418,0.133,0.09,1,FOXJ2
0.283894229711583,0.716951257611568,0.093,0.076,1,LMO2
0.0875546260629973,0.716369340514675,0.096,0.071,1,ZNF691
0.0642555367857517,0.716019245282745,0.089,0.063,1,RPS6KA6
0.0315490345457653,0.715959667647296,0.029,0.012,1,LOC400927
0.000193974442747004,0.715474688428522,0.25,0.169,1,POMT2
0.717518035291685,0.714965956252059,0.01,0.008,1,KLHL41
0.80352617340974,0.714803703050292,0.031,0.029,1,LINC00092
0.034121362464277,0.714141416566455,0.011,0.002,1,RNF148
0.0631296439562496,0.713928864950047,0.147,0.115,1,C9orf91
0.591489618554582,0.712735134694515,0.052,0.046,1,MBP
0.151783237266069,0.712716274714681,0.029,0.017,1,AQP6
0.00537292997714789,0.71232095024437,0.119,0.074,1,R3HDM1
0.251051401580678,0.712265717514428,0.022,0.014,1,LOC553103
0.195501715268621,0.712070930794321,0.025,0.015,1,EBF4
0.000629916947136787,0.711945677736316,0.172,0.107,1,NDC1
0.000323195366658937,0.711904551117016,0.197,0.125,1,DGKI
0.207870226939187,0.710845916297722,0.049,0.036,1,STS
0.502306913760592,0.710593829980366,0.007,0.01,1,LOC729083
0.353045044500279,0.710203929784524,0.078,0.066,1,HSD17B1
0.372921973112955,0.709598724916337,0.038,0.029,1,F2RL3
0.154225848024187,0.709573995993188,0.026,0.015,1,RNF157
0.160620631494862,0.709504225270645,0.049,0.034,1,ST6GAL2
0.362272044903035,0.709370680879995,0.036,0.027,1,CORO2B
0.0045701809517196,0.709259779763469,0.08,0.042,1,ATP13A4
0.0143678508968374,0.709026509495935,0.184,0.135,1,ZEB1-AS1
0.226181504927356,0.709025407820066,0.053,0.039,1,SAXO2
0.0701935916417606,0.707654914426692,0.041,0.024,1,CDC25A
0.000157050184573839,0.706860489595841,0.187,0.113,1,VRK3
0.790529145671217,0.706844260428102,0.024,0.022,1,MEST
0.0820109995409741,0.703328295448255,0.045,0.027,1,PSORS1C1
0.0108462079915205,0.70327162053991,0.062,0.032,1,GLIS3-AS1
0.0423006729912099,0.703085859446945,0.076,0.049,1,RAB6B
0.00530987234696358,0.702762644952672,0.074,0.039,1,CSMD2
0.0342518490987615,0.701909662911758,0.049,0.027,1,PLA2G4C
0.00209079984404592,0.701469248634498,0.079,0.039,1,C17orf100
0.00134711649211321,0.701440450009079,0.231,0.164,1,NOC4L
0.275683765690852,0.701402439659258,0.013,0.007,1,ASB16
0.0525330890860829,0.700907139085704,0.062,0.039,1,ACOT4
0.148768242196111,0.70077803963833,0.041,0.027,1,LINC01436
0.0429400199322916,0.700592459361563,0.03,0.014,1,PCDHGA5
0.157676735863741,0.699388698427745,0.055,0.039,1,MINOS1P1
0.00102759371699279,0.699260782059306,0.208,0.144,1,SDC3
0.00129627090943445,0.699249102878436,0.044,0.014,1,CACNA1A
0.645223052873529,0.698984903835431,0.018,0.015,1,CHRFAM7A
0.0876081540378935,0.698484173214416,0.038,0.022,1,ACVR1B
0.0202571838689528,0.698239028955906,0.025,0.008,1,NLRC4
0.0503962072592632,0.697279722897629,0.071,0.046,1,RNF207
0.000102452989784023,0.69712714656928,0.111,0.052,1,DHX37
1.35245602411328e-06,0.696460432270757,0.216,0.117,0.032665870350408,SLC9C1
0.0886635378036796,0.696194517327069,0.053,0.034,1,KHK
0.0560041389327034,0.695595035361805,0.026,0.012,1,RIMBP2
0.249714439534001,0.695418101733835,0.022,0.014,1,SNHG24
0.00159046015405017,0.694579740065198,0.317,0.247,1,MLLT1
0.0282426151232573,0.694179146987283,0.086,0.056,1,ITIH4
2.96682865429322e-05,0.693057183239999,0.227,0.135,0.716578124871442,DHCR24
0.156911166557541,0.692619597639586,0.097,0.076,1,CKAP2
0.0017753273201503,0.692569334569767,0.089,0.046,1,LOC101929550
0.505005117456498,0.692278383281999,0.022,0.017,1,LINC01504
0.109758247204078,0.6918338496337,0.041,0.025,1,COL8A1
0.00914534443391287,0.691552136688269,0.251,0.195,1,SH2B3
0.0473293080580179,0.691525222546474,0.097,0.068,1,PLAT
0.181136151854549,0.690905978319722,0.212,0.184,1,ICA1L
0.0159728804883222,0.690807372485874,0.126,0.086,1,TNIK
0.971966325978443,0.690330418440285,0.018,0.019,1,MEGF11
0.613491285294978,0.690161272448204,0.015,0.012,1,C15orf62
0.0535920318485507,0.689915055391782,0.024,0.01,1,DDI2
0.0106459155623591,0.689755351518807,0.053,0.025,1,MGC57346
0.00290763016168837,0.689635477323054,0.2,0.139,1,FADS3
0.00169783247573437,0.688665179780717,0.213,0.146,1,WTAPP1
6.46127700824974e-08,0.687514096824767,0.346,0.208,0.00156059223580256,LOXL3
0.13514965387601,0.687198086381018,0.04,0.025,1,MRC1
0.108656671989245,0.687188639350409,0.052,0.034,1,TTC25
0.00465896154459184,0.687098739499523,0.167,0.112,1,GIT1
0.418897981675283,0.686984365960619,0.042,0.034,1,AIMP2
0.0514305371436812,0.686529355853049,0.049,0.029,1,PLD2
5.88749864278034e-08,0.686386334921961,0.369,0.235,0.00142200754719074,GALNT16
0.0143281609185608,0.685778775907147,0.123,0.083,1,MICU3
0.123924780265813,0.685683979531513,0.025,0.014,1,CASKIN2
0.117522718064685,0.685043151277507,0.045,0.029,1,CNKSR2
0.567353531430164,0.684026630456031,0.023,0.019,1,ZDHHC23
8.73421527420181e-05,0.683452014566574,0.207,0.127,1,ATG7
0.147147959871659,0.683358687950314,0.031,0.019,1,C22orf31
1.90658533761254e-05,0.682484452010556,0.167,0.088,0.460497556593556,ASPSCR1
0.000259305459802774,0.68239514540013,0.26,0.179,1,RNF126
0.157097502364827,0.681886722199105,0.022,0.012,1,C1orf210
0.000741756186689055,0.680850649981776,0.126,0.071,1,ASXL2
0.402645059231212,0.680495203008043,0.061,0.051,1,BMP4
0.00562626892324769,0.680076869036276,0.104,0.063,1,TMEM241
0.0168554844600765,0.679906150667098,0.19,0.142,1,ZNF445
0.000218304310633014,0.679766916588395,0.225,0.147,1,ACKR2
0.422547572145428,0.679186563421672,0.061,0.051,1,FAM46B
0.000118987019272688,0.678131287692347,0.367,0.277,1,PPP4R4
0.786440239009687,0.677520804178402,0.024,0.022,1,HIST1H3A
0.0104279760366767,0.677350095121777,0.107,0.068,1,HHEX
0.744527350459826,0.676733341762154,0.014,0.012,1,CD72
0.0624936247823642,0.676413576292453,0.018,0.007,1,CEACAM1
0.10631648704798,0.676194493075112,0.134,0.107,1,TXNRD2
0.0129680364535033,0.675391132390615,0.072,0.041,1,EFNB3
0.0650756987272435,0.674930682657799,0.013,0.003,1,LOC101928372
0.00225079131181824,0.674593905467374,0.092,0.049,1,DNAJC12
0.0192737533350771,0.673750169556411,0.101,0.066,1,TCAIM
0.00422348843192599,0.672699404727057,0.298,0.235,1,ZNF394
0.00191712051657526,0.671766712371181,0.162,0.105,1,ARNTL2
0.0143227242703155,0.671653579124319,0.049,0.024,1,FZD10
0.0466134144998771,0.671283237957923,0.079,0.052,1,MED20
0.0283078717119537,0.670371910261182,0.018,0.005,1,PQLC2L
0.00233199006040509,0.66966722959915,0.156,0.102,1,EFCAB2
0.975219930860075,0.669070442850932,0.01,0.01,1,KNDC1
0.509928215750426,0.668858009222351,0.037,0.03,1,CAPN10
0.13433139743156,0.668192378342848,0.048,0.032,1,ZNF135
0.00248187852492512,0.668002027249752,0.107,0.061,1,PPFIBP2
8.3844899685072e-13,0.667477914546446,0.923,0.895,2.02510586209354e-08,CILP2
0.160511029455098,0.666321631519288,0.019,0.01,1,RASA4CP
0.00742909522954811,0.666295442418822,0.117,0.074,1,NBR2
0.0494514038468273,0.666028744584528,0.11,0.08,1,TRIM32
2.26018752660195e-06,0.665886284545163,0.253,0.151,0.054590309330017,SLC5A10
0.837974117075828,0.665179623296398,0.07,0.068,1,CLPB
7.3365122568239e-05,0.664805883697837,0.244,0.152,1,CLIC3
0.0894919561002794,0.664657790090269,0.019,0.008,1,ASIC3
0.300066535725951,0.664389800257345,0.05,0.039,1,NCK1-AS1
0.00785026088421059,0.664160565498567,0.099,0.059,1,ZNF345
0.0327114897215068,0.663992276310728,0.031,0.014,1,LOC153684
0.329774456667312,0.663706858284734,0.018,0.012,1,MAOA
0.00389282833946818,0.663675189865442,0.096,0.054,1,SLC25A51
0.000781096092442565,0.663106600343217,0.246,0.171,1,ADAL
0.42122648540711,0.663053512638188,0.023,0.017,1,HMGCLL1
0.897054903162792,0.662944158085639,0.013,0.012,1,LOC151174
0.423007400871428,0.662813810584794,0.023,0.017,1,KCNJ12
0.0708006556534309,0.661869298328317,0.025,0.012,1,KRT42P
0.00474918711053601,0.660664894482985,0.181,0.127,1,TSTD1
0.0115187612905926,0.660420665544414,0.084,0.049,1,POLR3B
0.00103115283923636,0.659941119832186,0.063,0.025,1,ZNF175
0.000143526110881967,0.658936453690324,0.411,0.32,1,HUS1
0.478486403529922,0.657805860883466,0.01,0.007,1,CASC8
0.142003549787931,0.657780723501331,0.096,0.074,1,RUSC2
0.689823840677967,0.657488261161307,0.038,0.034,1,LIN28A
0.44014471486267,0.657176889475117,0.023,0.017,1,APOBEC3A
0.073166158686171,0.656952816815076,0.066,0.044,1,NATD1
0.000251863220632785,0.65678791810258,0.178,0.108,1,TMEM186
0.160209321270162,0.65612617600466,0.017,0.008,1,SLC22A18AS
0.0704759166508208,0.655898911989336,0.034,0.019,1,SSSCA1-AS1
0.347919122590698,0.655466964469542,0.044,0.034,1,MCMDC2
0.000936794477684132,0.654693930506159,0.071,0.03,1,ACVR1C
1.98622701203555e-11,0.654675704193939,0.982,0.968,4.79733410216947e-07,SERPINE2
0.0394089101487115,0.652943597817968,0.207,0.162,1,SLC26A4
0.0751372399374435,0.652182235157691,0.111,0.081,1,SKA1
0.00587941316527816,0.651865348309241,0.268,0.21,1,CHST15
0.0190037931684005,0.651384992137976,0.033,0.014,1,TMEM171
0.035227243614323,0.650697325911217,0.038,0.019,1,LRRIQ1
0.421289187081897,0.650669933325462,0.049,0.041,1,ABCG2
0.897734485320953,0.649835049992367,0.019,0.019,1,LOC101928227
0.00288930957133598,0.649612136045921,0.108,0.063,1,DAGLB
0.391974393607479,0.649246896304125,0.039,0.03,1,SPIB
0.0263678976949253,0.648073873474633,0.141,0.103,1,ACTC1
0.532146241770826,0.646245546630568,0.011,0.015,1,BHLHE22
0.546088081274452,0.645854176392574,0.019,0.015,1,SARM1
0.18028645600242,0.645636468694393,0.04,0.027,1,TMEM62
4.60772089348612e-11,0.645547197132545,0.501,0.323,1.1129028274037e-06,SYTL4
0.0714660704420663,0.645494005221022,0.428,0.374,1,IL1RL1
0.0638018241083324,0.645206160287862,0.079,0.054,1,PDXP
0.000842645019370277,0.64502429477743,0.2,0.134,1,WTIP
0.814750484194248,0.64432755972202,0.031,0.029,1,STK16
3.98571875618635e-10,0.644216895198435,0.537,0.357,9.6267065118169e-06,NBPF15
0.71249661453107,0.64389097299142,0.01,0.008,1,LOC283731
0.00115826196174634,0.643761518502029,0.107,0.058,1,LOC100506388
0.155932867745782,0.643545200491414,0.024,0.014,1,SCNM1
0.971481366220719,0.642855972609806,0.042,0.042,1,PAN3-AS1
0.0081675340554339,0.6428238408563,0.077,0.042,1,DENND4B
0.054880960497052,0.642257928771461,0.158,0.122,1,TRIM5
3.82813026443894e-05,0.642177911043194,0.25,0.161,0.924608302769938,TJAP1
1.59228680344248e-05,0.641527048640905,0.392,0.288,0.384585031635463,FNTA
0.364374634484106,0.641403508497045,0.011,0.007,1,LOC101927446
0.000682715755871607,0.641188701658694,0.07,0.029,1,ARHGEF28
0.00466192393958561,0.640388321199769,0.332,0.261,1,CD3EAP
0.0132922788494845,0.640019814766999,0.08,0.047,1,C19orf54
0.452417559503853,0.639573901597849,0.026,0.02,1,CHAF1A
0.00451346567629566,0.639571695253614,0.142,0.091,1,CEP120
0.000578276416250132,0.639265248564557,0.128,0.071,1,SIPA1L3
2.63433238200284e-06,0.638679604003291,0.261,0.156,0.0636270300225146,RBBP8
0.718388497136597,0.637353572639999,0.019,0.017,1,FANCB
1.80458814655927e-05,0.636920917133583,0.214,0.127,0.43586217503846,HCFC1
0.00510152590015004,0.636740976602179,0.041,0.015,1,ETV4
0.000540810355296517,0.636450196183261,0.104,0.052,1,SNTB1
0.292158164422969,0.636298145223816,0.025,0.017,1,BMPR1B-AS1
0.0846278403436681,0.636179232581593,0.017,0.007,1,LOC101928471
0.0278310042584697,0.636015680958168,0.046,0.024,1,LOC101928530
0.000260230865787162,0.635867193889876,0.137,0.074,1,LOC79160
0.273710247229066,0.63552093744009,0.079,0.064,1,ABHD12B
0.00835505436907886,0.635054719203243,0.113,0.071,1,VIPAS39
0.575094491695714,0.634949314535702,0.011,0.008,1,LHFPL4
0.481378885718873,0.633992005829816,0.01,0.007,1,LOC101927045
0.314851727557827,0.633453686224381,0.063,0.051,1,ZNF383
0.010657048544227,0.633233090214274,0.053,0.025,1,KL
0.158556147856397,0.632720720412245,0.022,0.012,1,MTCL1
0.00064687006098487,0.632682170928606,0.077,0.034,1,CRMP1
0.286273004880897,0.631676685720413,0.025,0.017,1,LOC100288846
0.202929699173838,0.631161269698662,0.011,0.005,1,FBXL22
0.197707022690988,0.630941098292452,0.082,0.064,1,RASSF3
0.00742506359199202,0.630039089818178,0.142,0.095,1,NELFB
0.298055697222635,0.629745389733297,0.045,0.034,1,ZNF767P
0.578398037948818,0.629730258056554,0.017,0.014,1,STXBP5-AS1
0.203266720303927,0.629337860126597,0.021,0.012,1,DNAH10
0.62648096291427,0.629335270535875,0.037,0.032,1,FAM184B
0.135433066056417,0.629301078025272,0.056,0.039,1,UBAC2-AS1
4.05345380530726e-05,0.62918167194413,0.167,0.09,0.979030697595862,CASD1
0.0159196745199864,0.629097420984558,0.171,0.122,1,CCL7
0.247497239910247,0.628933938082922,0.022,0.014,1,CACNA1H
0.00165829605127657,0.628846880835125,0.172,0.112,1,IBA57
0.0135881388303915,0.628672828714795,0.032,0.012,1,EPSTI1
0.0180187650336214,0.628230096183836,0.153,0.112,1,AP4E1
2.07561975691379e-11,0.627931153721903,0.814,0.685,5.01324439887387e-07,NGF
0.0802139058913399,0.627572137206149,0.049,0.03,1,LOC100505549
0.0297250144559104,0.627565233424353,0.088,0.058,1,CARD6
0.691134654682698,0.626517755582365,0.016,0.014,1,NAT2
0.132880158656168,0.625176983528547,0.01,0.003,1,MISP
0.00223358534594064,0.625050741772633,0.094,0.051,1,NDE1
0.0388684970016913,0.624475553898154,0.155,0.117,1,PHF6
0.441366272911219,0.624215367435116,0.074,0.064,1,SCNN1A
0.00567643473022617,0.624003533189004,0.22,0.164,1,FAM110C
0.0263427927302669,0.62388568153039,0.087,0.056,1,MSMP
0.00838472924243256,0.623393003866638,0.116,0.073,1,LENG8
0.0126271156731571,0.623183282279315,0.045,0.02,1,ZNF778
0.0610559012804502,0.623111799066752,0.089,0.063,1,MIER2
0.0164069152110129,0.622271879477273,0.115,0.076,1,SLC45A4
0.0161306922848441,0.621671212599645,0.07,0.041,1,NCF2
0.0983792479847874,0.621652779141183,0.046,0.029,1,TTC4
0.00691522318227105,0.621039731590773,0.143,0.096,1,TBC1D8
0.967305794301251,0.620985848345005,0.017,0.017,1,GPR63
0.366885912399381,0.620425392456506,0.022,0.015,1,TRIM62
0.0187773111684641,0.620345835182108,0.11,0.073,1,CACFD1
0.204839877722645,0.620070789242654,0.018,0.01,1,RASGRP1
0.116853821852542,0.619735172229094,0.088,0.066,1,DBNDD1
0.0513694130751584,0.61951301668628,0.074,0.049,1,HDAC11
0.00160173876797712,0.619161398547904,0.089,0.046,1,LRRN2
0.794506465247181,0.619020588056144,0.038,0.036,1,NAP1L2
0.0506809246984397,0.618429747899799,0.165,0.13,1,FBXL12
0.666336263630461,0.618313884756915,0.069,0.064,1,ZNF461
0.00854754938475596,0.618274539163376,0.14,0.095,1,MED26
0.0352649794537455,0.617653273519308,0.052,0.029,1,RND2
0.00321317894380411,0.61659737500053,0.199,0.139,1,MSX2
0.00227374491604326,0.615162379254168,0.213,0.152,1,TMEM59L
0.139432654943882,0.615110035740279,0.133,0.108,1,TLE1
0.0922950120854213,0.614543757301922,0.011,0.003,1,E2F8
0.0442708132704507,0.614444979609586,0.065,0.041,1,CATSPER2P1
0.304335790176397,0.614234637907284,0.089,0.074,1,ASB13
0.0886963434052735,0.613638289595257,0.038,0.022,1,TLR1
0.0195319757361023,0.612851515949277,0.231,0.183,1,CINP
0.125289769130113,0.6125951380318,0.04,0.025,1,LEKR1
0.32435789636095,0.612160283604388,0.046,0.036,1,LOC101926935
0.0125790213320129,0.611372667743928,0.124,0.083,1,ALOX12P2
0.163174164983622,0.611025708036399,0.069,0.051,1,CLCN6
3.16505109729592e-08,0.609786995208289,0.564,0.406,0.000764454791529884,BRI3
0.00266364113566115,0.6092793997614,0.207,0.144,1,TINCR
0.417677881811251,0.609242154793876,0.023,0.017,1,FOXF1
0.00138868876106736,0.608615412763515,0.502,0.423,1,IL11
0.274037795259843,0.607364592243135,0.015,0.008,1,LHFPL5
0.0765797571748157,0.606620534002246,0.015,0.005,1,ATG4D
0.056107514640341,0.606421454038747,0.029,0.014,1,MYBPH
0.0242756386209297,0.606239132742934,0.022,0.007,1,BEST3
0.0602705897204993,0.605747959999768,0.065,0.042,1,SLMO1
0.321090501119515,0.605603351746775,0.029,0.02,1,NEURL4
0.300092898603937,0.605539113564998,0.023,0.015,1,LINC00885
6.47391674413166e-06,0.605149137178355,0.15,0.071,0.156364511121012,CMTM4
0.000165940088739938,0.60501594610766,0.081,0.032,1,PTK7
0.123298816483637,0.604186214014433,0.025,0.014,1,RASD2
0.00305007540296641,0.604134145648938,0.151,0.098,1,VTI1A
0.365165679305096,0.604119295492288,0.011,0.007,1,LOC100131289
0.233322969151523,0.604059840153947,0.058,0.044,1,CYB561D1
0.234883958806772,0.604022854371896,0.026,0.017,1,CAND2
0.454064792846598,0.60401833342352,0.013,0.008,1,TESC
0.116583936446833,0.604016627422197,0.034,0.02,1,TMEM121
0.172724756232799,0.603040891859148,0.064,0.047,1,PACERR
0.300781121321288,0.602215617379813,0.074,0.061,1,CARF
0.000141574723950679,0.60135605268779,0.314,0.23,1,CITED4
0.0101010827131438,0.601227822454083,0.152,0.105,1,FAAP100
0.000178086129231212,0.60122740466071,0.166,0.096,1,KLC2
0.00291074611911407,0.601118488651292,0.089,0.047,1,BTBD9
1.27508118339092e-09,0.600949400031685,0.789,0.651,3.07970358224408e-05,SLC7A5
0.499496018633134,0.600560271711988,0.088,0.08,1,ZNF783
0.0158297171948235,0.600307797042886,0.092,0.058,1,BEND7
0.0143522216679228,0.600089728271589,0.026,0.008,1,AARD
0.000161751541734283,0.599430508229625,0.279,0.191,1,UNC119B
0.000454375918405555,0.598260671665535,0.199,0.129,1,WHAMMP3
0.123006874795881,0.598226519393108,0.007,0.015,1,STXBP2
0.970241953733681,0.598109747434876,0.018,0.019,1,FRS3
1.44666794906173e-05,0.597983478480557,0.19,0.105,0.349413709736879,TAPT1
1.84377709118982e-05,0.597535355760997,0.368,0.264,0.445327480835078,KREMEN1
4.52956968664477e-12,0.59686729493743,0.844,0.706,1.09402696641531e-07,ST3GAL1
0.10603419804426,0.596468200964302,0.139,0.11,1,RSAD1
0.0684767814989985,0.596134540037046,0.092,0.066,1,ZNF561-AS1
0.000344547025532376,0.595881275273918,0.158,0.091,1,FGD5
0.0453131802413844,0.595616362724145,0.019,0.007,1,HPCAL4
0.0104104743302558,0.595547946493745,0.15,0.103,1,METTL22
0.0051732258369463,0.595358129387813,0.065,0.032,1,FAM53B
0.849127047797378,0.595331915158234,0.009,0.01,1,CATSPERD
0.586308288469105,0.595241407913356,0.054,0.047,1,STAG3L1
0.157767629714875,0.594955077306641,0.024,0.014,1,KCTD1
0.171159882369847,0.594243327774968,0.053,0.037,1,FOXO4
0.00629937481461991,0.594099209185827,0.048,0.02,1,GPR18
0.128399472567679,0.594031197206659,0.058,0.041,1,TDP1
0.0792751640709776,0.593811187200855,0.076,0.052,1,DYRK1B
0.116702891057993,0.593644397620268,0.016,0.007,1,LINC00173
1.05897937546141e-05,0.59338556135089,0.378,0.255,0.255775288555193,C18orf8
0.00894950721894301,0.593366530265488,0.134,0.09,1,CENPBD1
0.0277502227000369,0.593071486780063,0.05,0.027,1,BEGAIN
0.0101054861006948,0.592432514344015,0.15,0.103,1,SETMAR
0.139937807522707,0.59242004618398,0.099,0.076,1,PLEKHG4
0.0108525366235526,0.59223545689934,0.105,0.066,1,RPIA
0.0159177646749117,0.591826344071791,0.095,0.061,1,KCNC4
0.201557722973928,0.591729108487482,0.011,0.005,1,SYNJ2-IT1
0.000622341847372254,0.591712740921818,0.105,0.054,1,SPATA5L1
0.00489903349711547,0.591368441847284,0.054,0.024,1,RPS6KA1
0.0212542218008181,0.591219523219658,0.158,0.115,1,LMTK2
0.34494451854946,0.590654626179103,0.032,0.024,1,C10orf25
0.720872459058183,0.590615938996562,0.01,0.008,1,DHRS2
0.294046967128246,0.589753958207518,0.023,0.015,1,SNORA78
0.0201049334558161,0.588559656007902,0.065,0.037,1,ZNF587B
0.0379312897489912,0.588337316618937,0.072,0.046,1,VMAC
0.0319664118106669,0.588064946248287,0.162,0.118,1,WWC1
0.0317250883346016,0.588016792417421,0.063,0.037,1,ZNF788
0.366125146308974,0.587938043846318,0.068,0.056,1,C9orf116
5.25766107270588e-06,0.587463705904852,0.262,0.161,0.126988287889065,TOM1L2
0.0990216929589344,0.587082254550307,0.133,0.105,1,SENCR
0.412681431632265,0.586987739267073,0.062,0.052,1,ZNF682
0.108164502431847,0.586657636135073,0.073,0.052,1,HOXD9
0.000642464892579438,0.586405013048624,0.156,0.095,1,NDP
5.28828984733517e-06,0.585937130299349,0.214,0.122,0.127728064682686,KLF7
0.106886848732247,0.585610563576858,0.014,0.005,1,GPR87
0.00375563095112861,0.584552666357594,0.145,0.095,1,MDC1
0.00293308292182412,0.583607589337259,0.12,0.073,1,SEMA4A
0.0246019847343944,0.583551949436536,0.069,0.041,1,ZBTB39
0.725891420274481,0.583435099159375,0.082,0.078,1,PPP1R9B
0.339534061341835,0.583221972706137,0.038,0.029,1,C11orf84
0.314579582074656,0.583121710997531,0.029,0.02,1,ZNF513
0.00524096703493173,0.582665393339395,0.142,0.093,1,NPAS3
0.947904551570431,0.581877599522509,0.073,0.073,1,RFXAP
0.000220556002707093,0.581713082079052,0.231,0.152,1,STX4
0.00932209674086021,0.581682957715525,0.107,0.066,1,LINC01184
0.412703100105812,0.581268943615977,0.017,0.012,1,ALDH4A1
1.62198858528062e-07,0.580934242801766,0.377,0.242,0.00391758903002827,TCTA
0.290646768133009,0.580830604566564,0.033,0.024,1,STARD7-AS1
0.046132395861253,0.580716468733262,0.446,0.387,1,TAC1
0.0111824474827988,0.58003509374923,0.2,0.151,1,KIF1A
0.0047905535645826,0.579860199012525,0.147,0.095,1,EXPH5
0.274583685156023,0.579657641900141,0.044,0.032,1,CLDN1
0.541678547433309,0.579650046855567,0.014,0.01,1,USP27X-AS1
2.7065224406286e-06,0.579451752274287,0.316,0.203,0.0653706365085026,RIPK4
0.00563263710564608,0.579257080417785,0.205,0.146,1,DNAJC22
0.00820052342922573,0.579235994952408,0.152,0.103,1,PIFO
0.000622229126270594,0.579192837540029,0.221,0.147,1,PAX8-AS1
0.0423219736561226,0.579114712072688,0.109,0.078,1,TADA2A
0.0420701685553327,0.57906202387961,0.065,0.041,1,UPK1B
0.635099017949245,0.578656261739647,0.049,0.044,1,SLC16A5
0.905380404050632,0.578646079757383,0.016,0.017,1,DNAJC28
0.0332966568693812,0.578439259836411,0.056,0.032,1,ZC3H10
0.122302412891591,0.578261077096055,0.025,0.014,1,GLUD1P3
0.000336243831546265,0.578043541682451,0.173,0.105,1,WWC2
0.000395252402362259,0.577888366685844,0.686,0.587,1,ACKR3
0.00281949038961369,0.577857599299049,0.227,0.164,1,BACE1
0.0961314372264558,0.577849480826039,0.024,0.012,1,LINC01411
1.69080523339352e-07,0.577573558632133,0.789,0.706,0.00408380188021536,GAS1
8.46066334190934e-11,0.577290479483331,0.581,0.399,2.04350401697136e-06,ERO1LB
0.061182090568884,0.576572330663272,0.018,0.007,1,CDH6
0.000467821823788042,0.576337690941399,0.3,0.218,1,MLLT3
2.11509335421555e-12,0.575685798686375,0.812,0.672,5.10858497843682e-08,SIPA1L2
0.127034179996599,0.575220737117532,0.042,0.027,1,PRIM2
0.923777410275832,0.575111403447872,0.045,0.044,1,ZFAND4
0.0932353051152053,0.575097102052279,0.011,0.003,1,C1QTNF1-AS1
0.00669737868684185,0.574972818517582,0.102,0.061,1,BEND3
0.0270225137209318,0.574710500260493,0.057,0.032,1,XYLB
0.0427823323697501,0.574593097058028,0.065,0.041,1,LINC00174
2.48893248435621e-14,0.574385450690929,0.866,0.751,6.01151862946555e-10,SRPX2
1.23060992612064e-05,0.574334331858108,0.441,0.332,0.297229215455918,FEM1B
0.0133365993679899,0.574260148189605,0.01,0,1,ZCCHC18
0.0285771775465501,0.574151592972181,0.171,0.129,1,LOC401320
0.466588747341799,0.573961447511542,0.008,0.012,1,FFAR2
1.39023325900529e-07,0.573652506704312,0.546,0.394,0.00335783039047549,PGM2L1
3.1975872169957e-09,0.573074824846347,0.348,0.205,7.72313240520972e-05,BAALC
0.0379023932604,0.573063208274971,0.06,0.036,1,ADAMTS14
0.677133112244001,0.572654471373585,0.047,0.042,1,ZNF283
0.0014575003949253,0.571008424698868,0.216,0.152,1,SLC17A9
8.26222890807623e-05,0.570369637398052,0.215,0.134,1,TRIM26
0.0888606558987252,0.570197476439383,0.053,0.034,1,GHET1
0.0287298774548423,0.569850368095238,0.234,0.188,1,TMUB2
0.0748857155800075,0.569827831056498,0.066,0.044,1,SLC25A34
0.249851024802672,0.569824864349232,0.077,0.061,1,APOL3
0.0181183740631965,0.569651480054067,0.205,0.156,1,TRO
0.0975784844678615,0.568405636250533,0.1,0.074,1,REPIN1
1.08355312621402e-05,0.567665367363655,0.351,0.25,0.261710586574473,CDKN2B
0.0493968599352305,0.567605869669905,0.01,0.002,1,LGSN
1.16546805713896e-08,0.566222663518136,0.536,0.389,0.000281495499840772,SDK2
0.00415707363251991,0.565877954087535,0.26,0.196,1,CDKN2D
6.98307160250042e-05,0.565686781096138,0.396,0.291,1,MCOLN3
0.202654761179813,0.565199130825221,0.011,0.005,1,CYP19A1
5.78110474380672e-12,0.565158578023343,0.964,0.909,1.39631022877164e-07,NFATC2
0.0138225112308389,0.565044814354435,0.068,0.037,1,BVES-AS1
0.000122340745084783,0.564684909118071,0.15,0.083,1,RINL
1.35769126105544e-08,0.564356079044472,0.861,0.788,0.00032792317028272,SLC7A2
0.112382403560168,0.564309249895291,0.034,0.02,1,SLC12A8
1.60759484500655e-05,0.564054563335485,0.271,0.173,0.388282382914431,HS6ST1
0.0263845128955603,0.562938753213015,0.128,0.091,1,WDR89
0.201038261726678,0.562610583624307,0.023,0.014,1,MEIG1
0.939149529243106,0.562472298030488,0.026,0.027,1,PDE10A
0.00066185968200659,0.562374568328814,0.115,0.061,1,FAM132B
0.627951899777101,0.561848762129255,0.014,0.017,1,LINC00696
0.00334332998362887,0.561704838479973,0.285,0.217,1,BOK
0.0140301755468946,0.561492797188421,0.093,0.058,1,HIRA
0.00139066935303235,0.560719588479955,0.288,0.213,1,ICE2
0.748908211869956,0.55978019722466,0.014,0.012,1,MICALCL
0.323259556975112,0.559219844895575,0.061,0.049,1,MAGEL2
0.0948742028761859,0.559041512267939,0.031,0.017,1,STAC3
0.233295730399015,0.55901030060426,0.048,0.036,1,FANCI
0.226591991858465,0.558981329044714,0.056,0.042,1,NCAPG2
1.31291949584234e-08,0.55865216350202,0.686,0.531,0.000317109445830801,GALNT15
0.0282879305654101,0.558481355650721,0.189,0.147,1,CYP3A5
0.315229267070934,0.558322411963053,0.021,0.014,1,CCDC148
0.946404170939097,0.558013982682332,0.011,0.012,1,USP46-AS1
0.177228976338328,0.557694240871539,0.226,0.193,1,ZNF526
0.00138379056883405,0.557657854198749,0.223,0.156,1,FAM135A
0.181357908824853,0.557611924584194,0.155,0.127,1,MMS22L
6.28625397020361e-05,0.557137647258296,0.251,0.161,1,ABL1
2.84657822339523e-05,0.557022914947685,0.21,0.124,0.687534038296649,MTA1
0.00063041150672949,0.556997688775194,0.206,0.137,1,SQRDL
1.26993172358709e-05,0.556579648729414,0.392,0.281,0.306726609197989,FSTL3
0.0554965529683462,0.556297962426107,0.131,0.1,1,RPS6KA5
0.252612829955119,0.555408310273237,0.032,0.022,1,FAM69B
0.783324421971794,0.555315062673565,0.044,0.041,1,LOC100134868
0.0222050986875389,0.554336134868387,0.117,0.08,1,C10orf76
1.13335614535528e-06,0.554330064870225,0.515,0.393,0.0273739509787661,ALDH1A3
0.0244809440669879,0.554139038478537,0.12,0.085,1,TSSC1
0.120850939236723,0.554130720209505,0.097,0.074,1,POLR1A
0.208004743074449,0.553983759235244,0.014,0.007,1,LUZP2
2.65396701133249e-07,0.553770058488906,0.605,0.481,0.00641012652247136,C16orf72
1.12721316501835e-05,0.553384131680112,0.375,0.257,0.272255795746882,ATP10A
0.667754911438121,0.552854798993724,0.022,0.019,1,ZNF295-AS1
0.101135196990437,0.552746623472303,0.044,0.027,1,LIPG
0.0344466637086944,0.552243643921087,0.434,0.367,1,CCL20
0.0231051669354101,0.552010590297507,0.027,0.01,1,TECRL
0.276423081340505,0.551994254799819,0.01,0.005,1,HRASLS
0.000102015167051593,0.551170550328569,0.392,0.299,1,ARHGAP42
0.016598969378257,0.551168209744156,0.048,0.024,1,FAM151B
0.00812644358649773,0.551063232830242,0.103,0.064,1,FGF13
0.0002427250925834,0.550933136350896,0.214,0.139,1,PCDH1
0.00314267185075696,0.550803037678462,0.208,0.147,1,ZHX3
0.235077111207249,0.550693856175485,0.026,0.017,1,AMER2
0.385520452404584,0.550443211819261,0.033,0.025,1,NPIPB6
0.194110027615465,0.550036267181033,0.025,0.015,1,ZNF777
9.08176483761964e-08,0.54976711303519,0.678,0.557,0.00219351866123027,RHOU
0.00575736724804009,0.548879919828738,0.283,0.223,1,SEPHS1
0.992491455806421,0.548463284628514,0.034,0.034,1,PCAT19
0.0438985353675222,0.548393635348173,0.134,0.096,1,DLEU2L
0.339357940038251,0.548393300923559,0.072,0.059,1,ZNF514
0.000150649884339082,0.547995534313557,0.471,0.374,1,SLC30A5
0.1645811752597,0.547940250475706,0.037,0.024,1,SH3PXD2A-AS1
0.000153140490173554,0.547617994067529,0.233,0.149,1,ELAC2
0.0784204830346778,0.547498667942148,0.132,0.1,1,LOC100506834
0.0595828362608723,0.547291378720964,0.065,0.042,1,GKAP1
0.327457419904892,0.547197678615495,0.018,0.012,1,SYN2
0.00255678972047335,0.546619939432014,0.203,0.144,1,PLXNA1
3.19442224942071e-06,0.546560979849802,0.48,0.364,0.0771548805902583,ARHGEF2
0.629645910267246,0.546154070528523,0.074,0.068,1,GPR82
0.783336584996505,0.545457644231161,0.01,0.012,1,OXER1
0.0644917188919588,0.545429553789969,0.085,0.059,1,MYOC
2.2344343106358e-06,0.545422464726153,0.482,0.357,0.0539682919047865,MARK3
0.0275022967656816,0.545329275592335,0.081,0.051,1,RCCD1
0.201355049805746,0.545144526983113,0.057,0.042,1,LINC00431
0.0554267125749159,0.545106071679374,0.016,0.005,1,C2orf66
8.91056738071289e-08,0.545031537870311,0.526,0.387,0.00215216933946358,SLAIN2
0.355084206400467,0.544776077257444,0.093,0.078,1,ZNF713
0.000291920885293228,0.544664805116601,0.157,0.09,1,ARHGEF10
0.0132807728466358,0.544538935275118,0.222,0.166,1,RFWD2
0.212799240227571,0.543931936187122,0.074,0.058,1,VIM-AS1
0.108810113041729,0.543863058991049,0.064,0.044,1,UQCRBP1
0.00913598225199068,0.543506861268271,0.183,0.127,1,TMEM254-AS1
0.407726218416704,0.543089056113537,0.072,0.061,1,ZNF692
0.714753721482336,0.543040433067952,0.019,0.017,1,C1QL4
0.00400409933590384,0.542733664140209,0.037,0.012,1,RTCA-AS1
0.465666688933434,0.542572331543106,0.142,0.13,1,R3HCC1L
0.366750983492581,0.542452639779308,0.011,0.007,1,LOC101929555
0.0739503377749306,0.542377823318478,0.062,0.041,1,DLK1
0.0264401764757029,0.541982310287308,0.167,0.122,1,KLF3-AS1
0.0328671843486495,0.54059477184176,0.031,0.014,1,HEATR3
0.00289960586223779,0.54048028381871,0.233,0.169,1,ANGEL2
0.118605196990916,0.540046074248794,0.032,0.019,1,TSNARE1
9.58936051170171e-06,0.539780415651648,0.66,0.574,0.231611824439131,LTBP4
0.00026322566643349,0.53935200511503,0.332,0.242,1,PSPH
0.451699686928661,0.53890608800134,0.021,0.015,1,LOC100131347
0.00175637075227802,0.538883108156655,0.171,0.112,1,ZNF341-AS1
9.21096457590234e-11,0.538657996941762,0.655,0.472,2.22472427401769e-06,TIAM2
0.0375016693535056,0.538644801535664,0.023,0.008,1,ACTBL2
2.10109804979604e-07,0.538460146136775,0.758,0.651,0.00507478211967237,COL15A1
0.205669998372005,0.53843293037584,0.021,0.012,1,LOC100272216
0.00385815118619409,0.538414296962207,0.172,0.118,1,CAMSAP1
0.437543490293571,0.53834350112478,0.049,0.041,1,NFE2L3
0.094046315974021,0.537568538349388,0.026,0.014,1,GGT1
0.690713111647873,0.537493314257545,0.029,0.032,1,LRRC32
0.00220000522184531,0.53708031805078,0.158,0.102,1,LINC01138
1.30955125813193e-08,0.536832055498713,0.994,0.981,0.000316295915376605,HTRA1
0.0203512819887424,0.53681669966078,0.121,0.083,1,GEN1
0.896673678722008,0.536194366445547,0.016,0.015,1,APBB1IP
0.00504354949205746,0.535401369138957,0.3,0.23,1,BAZ2A
0.161493772979952,0.535231958418385,0.055,0.039,1,TUBA8
0.316026087459883,0.535224774742079,0.021,0.014,1,LOC101927468
0.000588538276011561,0.534167259128637,0.076,0.032,1,OR7E14P
3.24602862237082e-05,0.534028605589552,0.393,0.286,0.784013293161224,SIRT1
0.00454184597653168,0.534020718549326,0.181,0.125,1,TTC8
0.076095844120777,0.532962013385334,0.096,0.069,1,DHX32
0.146473771281232,0.53275051352622,0.06,0.042,1,PIWIL2
0.00185414551596073,0.532366088601875,0.084,0.042,1,NOP9
0.668128562222822,0.532236260386862,0.022,0.019,1,DPH1
0.00168429717436458,0.532137193835405,0.231,0.162,1,MYO5B
0.00987629387384059,0.532041964363964,0.086,0.051,1,TST
0.00430105760163913,0.531627796145838,0.233,0.171,1,RASSF5
0.248705853251228,0.531578524608666,0.046,0.034,1,HYKK
8.0534342161427e-06,0.531131170542497,0.498,0.379,0.194514596622495,OTUD4
0.752572393809849,0.530467320120725,0.03,0.027,1,NPW
3.17771411209328e-05,0.530218590747531,0.275,0.179,0.76751328949389,RBM15
0.000791586535978309,0.530163681531075,0.191,0.124,1,LOC101927755
0.00645320048492004,0.529920017562286,0.078,0.042,1,RASSF4
0.990770392161243,0.52989704188043,0.079,0.08,1,CCT6B
6.36270848330621e-08,0.52965400745462,0.519,0.387,0.00153678497997295,PIM1
0.0658696389407685,0.529319536763131,0.013,0.003,1,HIST1H2AK
0.443585665122787,0.529224801283365,0.076,0.066,1,DHFRL1
0.537315313753473,0.529018688414888,0.014,0.01,1,MCF2L
0.20141274920654,0.528957239163992,0.023,0.014,1,RPS16P5
0.2087638424254,0.528659281461201,0.014,0.007,1,SMIM10L2A
0.027258820936235,0.528156469771377,0.064,0.037,1,ZNF502
0.003027363752316,0.528109724196557,0.222,0.157,1,LGALS8
7.92246521116626e-07,0.527892828151725,0.395,0.262,0.0191351302245299,SGMS1
0.975861950392972,0.5272304648089,0.036,0.036,1,CATSPER2
3.21702840619368e-05,0.52719876108609,0.2,0.117,0.777008870947959,DLST
0.00887790159736696,0.527171163565962,0.137,0.093,1,YJEFN3
0.645010837378745,0.526800267750147,0.04,0.036,1,LARS2
0.4804136689058,0.525376981167005,0.01,0.007,1,INE1
0.813865923179665,0.524920558596259,0.011,0.01,1,PCDH17
0.133287700930217,0.524181195111295,0.148,0.12,1,FOXRED1
1.5460889687142e-06,0.524030870181428,0.515,0.386,0.037342686861354,ANOS1
0.0761762233206548,0.524023683973582,0.054,0.034,1,LOC100506302
0.0730274578939648,0.523978814298123,0.025,0.012,1,PRSS53
0.769291518772033,0.52397652270551,0.017,0.015,1,LOC100507487
0.000177701271925936,0.523932221063227,0.252,0.171,1,RAP1GAP2
2.35738282189669e-05,0.523777904943832,0.292,0.193,0.569378672972707,CCDC167
0.996920139030045,0.523381690536946,0.108,0.108,1,KIAA1217
0.0391650583939331,0.523379543392809,0.208,0.168,1,MTHFD1
0.076115412319926,0.523235634261082,0.015,0.005,1,ASIC4
0.00271652742017272,0.523166516778646,0.37,0.296,1,FGD6
0.00200324987261124,0.522516986235205,0.176,0.115,1,EPOR
0.906048838186913,0.522493572581873,0.026,0.025,1,PAXIP1-AS2
3.07717388973046e-10,0.522183023160105,0.998,1,7.43229809586598e-06,COL2A1
0.000339259043281783,0.522146882908872,0.914,0.875,1,MT1G
0.000389074686450702,0.522100120219481,0.175,0.11,1,KIAA1755
9.24935315860297e-07,0.521965849719739,0.277,0.166,0.0223399626839738,NUDT11
3.58552271622161e-06,0.521630825689901,0.231,0.132,0.0866011301649006,AVIL
0.000160703452664744,0.521091817160424,0.427,0.343,1,MAN2A1
6.91362912753489e-10,0.521072939479224,0.883,0.794,1.6698488431735e-05,RYBP
0.174644527149739,0.520869500202559,0.104,0.081,1,CRHR1-IT1
0.000261976557179648,0.520538751365339,0.388,0.301,1,UBA3
0.000261690084201153,0.520330305004935,0.325,0.232,1,VHL
0.0685138772738878,0.520000483677269,0.021,0.008,1,CELF6
0.0162466597928596,0.519587294167249,0.092,0.058,1,SGMS1-AS1
0.0142594457112002,0.519467301828573,0.102,0.064,1,RAD54L2
0.00027464295612933,0.519310032744003,0.144,0.081,1,KCTD7
0.229976108811968,0.51916839212686,0.062,0.047,1,DDX43
0.314168894998997,0.519110863970273,0.021,0.014,1,SRRM3
0.0552774194923749,0.518899607380592,0.049,0.029,1,PTCD2
1.0842529838232e-05,0.51875409918271,0.368,0.247,0.261879623182816,PDDC1
0.237478111240287,0.518488786831013,0.143,0.124,1,TCF7
1.37160341267846e-06,0.518465840019319,0.754,0.648,0.0331283372264229,STK40
0.00264462441513957,0.518351823244865,0.082,0.042,1,GNAL
0.365561603593837,0.517784813814872,0.011,0.007,1,KLHL30
2.56465807288812e-05,0.517681721665649,0.208,0.122,0.619441864344667,CTDSPL
0.0179362917529188,0.517469168090667,0.139,0.096,1,DLL1
0.0103341750656527,0.516826896582127,0.145,0.1,1,TADA2B
0.00135794076653396,0.516802342106889,0.163,0.103,1,ABCB9
0.00228077643055651,0.516742896958855,0.152,0.096,1,MTFP1
4.70373797150992e-07,0.516555391742219,0.27,0.156,0.0113609383225879,PRDM4
0.0428437611908604,0.516382668906439,0.046,0.025,1,ZNF835
0.0155836109687464,0.516241778845124,0.158,0.112,1,CEP170B
3.89122795944437e-05,0.515679277927638,0.183,0.105,0.939848289044599,LRRTM2
1.01673151376576e-05,0.515094345763292,0.262,0.161,0.245571162519843,RHBDD1
0.0182838451358808,0.514594110695815,0.097,0.063,1,PACSIN3
0.00421574045624304,0.514409487267619,0.345,0.283,1,PLCB4
0.136334545503781,0.514356256964978,0.064,0.046,1,ZXDA
0.0295974777287556,0.51434645100239,0.183,0.139,1,ZNF548
0.071848188348783,0.514198886963813,0.037,0.02,1,ASPHD2
0.000981938394471727,0.513957696550336,0.239,0.166,1,C19orf12
0.0198037997011606,0.513905066886765,0.105,0.069,1,SH3BP5-AS1
0.11562969437602,0.513851592914254,0.016,0.007,1,REEP1
8.13058226538692e-09,0.513835092683141,0.607,0.465,0.00019637795345589,MAST4
4.45389569020599e-08,0.513657676904878,0.399,0.259,0.00107574942605545,ARHGAP17
9.53300870516679e-10,0.513628960281354,0.498,0.332,2.30250759255894e-05,OTUD5
2.20276418603923e-09,0.513575116881671,0.473,0.313,5.32033633854054e-05,MYO1C
0.417280897800325,0.513491430006083,0.057,0.047,1,ZGPAT
0.0962123366853106,0.513461454853524,0.113,0.086,1,C4orf46
0.0099772065293968,0.51329648720565,0.123,0.08,1,BCR
0.0706162102361584,0.513107030124755,0.09,0.064,1,IPMK
0.404374256638473,0.512791960574805,0.037,0.029,1,DLGAP1
0.0582591155890013,0.512618742440187,0.11,0.08,1,RDH13
0.385999576747318,0.512328757406485,0.029,0.037,1,FAM213B
0.00509217257135266,0.512249975004943,0.205,0.147,1,HIVEP3
0.0032444910806954,0.512226592347905,0.719,0.648,1,ADAMTS1
0.0428750776110213,0.511878674650208,0.07,0.044,1,PCYT1B
0.0170316656217265,0.51124483288953,0.15,0.107,1,SCUBE2
0.0031503904179554,0.511060205315094,0.074,0.037,1,SMG1P7
0.00269532753276471,0.510948896700203,0.044,0.015,1,STAG3L5P
0.0180356118299481,0.510790084468752,0.117,0.08,1,CCM2
0.000255232498732405,0.510784140798532,0.849,0.783,1,PDE4B
0.259801866484511,0.51071020622371,0.074,0.059,1,KCTD4
0.469334731740598,0.510461637841043,0.151,0.139,1,RGL1
0.355410010359107,0.510403852513406,0.014,0.008,1,EPN2-IT1
7.1965750952311e-05,0.510107621224268,0.397,0.294,1,ELK4
9.20405180582221e-10,0.509867870573712,0.684,0.533,2.22305463266024e-05,DCHS1
0.0122714830107125,0.509510132889882,0.148,0.103,1,JMJD4
0.147656507560712,0.50921594841129,0.013,0.005,1,FLJ42351
0.272015896469324,0.509195679561416,0.015,0.008,1,GPR171
0.212094553177762,0.509062113374971,0.086,0.068,1,CCDC142
0.78764598016976,0.509060714950654,0.021,0.019,1,ZRANB2-AS2
0.00253259374240073,0.50885683471999,0.134,0.083,1,BARD1
0.315450838403768,0.508472097789279,0.063,0.051,1,GRIA3
0.000180482519990227,0.508357957897988,0.227,0.146,1,ZC3H18
1.58690140106806e-05,0.508301330343662,0.282,0.183,0.383284295399968,RCC2
0.0582627586919502,0.50828299866883,0.088,0.061,1,ADGRL1
2.96902970375228e-10,0.50827125953015,0.992,0.986,7.17109744347289e-06,OGN
1.01712149093464e-07,0.507705293992077,0.622,0.474,0.00245665353705443,LRRC8C
0.00399852056276191,0.506983362736245,0.191,0.134,1,MARK2
7.5839252032332e-16,0.506911562739982,1,1,1.83174545433692e-11,COMP
0.169502075458844,0.506444340257064,0.078,0.059,1,DKFZP586I1420
8.25624657746275e-05,0.506361003587196,0.186,0.108,1,TTC39C
0.00842155648767707,0.506330885120632,0.199,0.146,1,MIEF2
0.841754080006923,0.505318595463884,0.018,0.017,1,LOC101928891
0.365957795748241,0.505200769311465,0.011,0.007,1,SNORA23
0.851729270621581,0.504635102366301,0.066,0.064,1,C1orf159
0.0486852543199494,0.504495064805692,0.056,0.034,1,ZNF414
1.464171006333e-06,0.504362099926732,0.333,0.217,0.035364122315961,MOB1B
1.48595241682363e-07,0.503991962761964,0.255,0.135,0.00358902087235411,RCE1
0.0707425178874775,0.503393484866186,0.094,0.068,1,NXPE2
0.455079931819685,0.503212928262996,0.032,0.025,1,B3GALT2
0.00280348738256141,0.503098054305974,0.237,0.174,1,TMEM67
0.141745274985265,0.503048955988121,0.07,0.051,1,DPY19L1P1
0.0353608562837236,0.502858314807902,0.079,0.051,1,FAM173A
0.635669158407805,0.502613748875952,0.015,0.012,1,ORM1
0.00579891102355071,0.502452874029809,0.141,0.093,1,LRBA
0.00234986910626274,0.502425357523005,0.329,0.249,1,TFE3
0.0528042250820921,0.501754075109687,0.074,0.049,1,ALKBH8
0.0027322578550879,0.501392653749771,0.076,0.037,1,PINLYP
0.000829694564609886,0.501184573976491,0.236,0.162,1,PITPNC1
1.15193756461878e-05,0.501148327605189,0.332,0.228,0.278227479982374,LATS1
0.219548425336956,0.50097379252952,0.218,0.193,1,NOL6
2.33616710886817e-05,0.500519839170293,0.584,0.491,0.564254441804929,CDA
0.228749936750093,0.50041216713431,0.037,0.025,1,ZNF423
0.000159948313412779,0.499889665168242,0.255,0.173,1,SPTLC3
0.0139463141558767,0.49960444329581,0.156,0.11,1,SLC5A6
0.0962376338357799,0.499493793221317,0.024,0.012,1,MEIS3
0.0211180072050395,0.49946156950854,0.118,0.08,1,LOC100287846
0.0114457798921497,0.49922872780707,0.057,0.029,1,RILP
0.335741276518528,0.49886518621759,0.046,0.036,1,TMC7
0.000424832882024183,0.49849086634044,0.227,0.151,1,SLC52A2
0.00270907990974238,0.498145786371008,0.21,0.149,1,PALM2
0.115497454912887,0.498055520071991,0.107,0.081,1,ICAM4
0.0553839556977239,0.497827221980817,0.045,0.025,1,USP43
0.225317446760618,0.497541462338882,0.05,0.037,1,GRAMD1C
4.52466029329902e-08,0.497520251074823,0.494,0.337,0.00109284120064051,CCNY
0.116415652564527,0.49737553139237,0.105,0.081,1,ESYT3
0.0839255771755452,0.497323792999494,0.081,0.058,1,LRP8
4.23325601285279e-05,0.497154140524031,0.326,0.227,1,RFX1
0.915604119720842,0.496994576935373,0.019,0.02,1,PTAFR
0.0141244584736085,0.496808808304772,0.07,0.039,1,HIST1H2BJ
0.097500566030242,0.496614757112222,0.12,0.093,1,CPSF1
0.228987584636554,0.496330390951095,0.402,0.382,1,IGFBP5
0.00408107433139147,0.49609932467594,0.471,0.406,1,CPAMD8
0.00281445128790583,0.495793845923243,0.306,0.235,1,TMEM57
1.71353245738034e-05,0.495451880221467,0.527,0.423,0.413869494431074,SMOC1
0.391135980278152,0.494698731737857,0.048,0.039,1,LOC100130093
7.13370297752831e-09,0.49455231972037,0.761,0.623,0.000172300328016241,PPP1R14C
0.182388158827769,0.493966439810736,0.296,0.266,1,KLHL18
0.136451737695551,0.493454145412485,0.093,0.071,1,SEPP1
0.0101753525991988,0.493272762084684,0.094,0.058,1,TAF5
0.0221975226856992,0.49290538781846,0.045,0.022,1,INGX
0.144840343027835,0.49252236251569,0.054,0.037,1,CTAGE9
1.28111399869439e-14,0.492520662438681,0.994,0.97,3.09427464104657e-10,ANKH
0.0929710413648266,0.49235608905833,0.022,0.01,1,GLP2R
3.82756440787961e-06,0.492150073522606,0.326,0.213,0.0924471631435163,UBP1
3.96978142668113e-05,0.491714676102588,0.404,0.299,0.958821307986294,TRIM4
0.992615489526686,0.491518705458113,0.104,0.105,1,C8orf44
0.505657996954607,0.491419069709495,0.016,0.012,1,SCARNA9L
0.00195430778440498,0.491328224307358,0.171,0.112,1,ADO
0.0040410221521755,0.49109768100846,0.251,0.181,1,FLJ46906
0.00512980164656111,0.490971020290759,0.267,0.206,1,OSBPL6
2.00815504090469e-05,0.490486550263769,0.263,0.169,0.485029687029709,DEFB1
0.022241001751058,0.490037253713227,0.133,0.093,1,SND1-IT1
0.61613921393558,0.489698335447591,0.009,0.012,1,PKIA
0.0208972500553374,0.489696266694262,0.157,0.112,1,SFMBT1
0.594580747555519,0.489074827060962,0.045,0.051,1,PHF10
0.166760650590289,0.488864670598522,0.162,0.135,1,SSBP4
9.55486661359087e-05,0.488835349935873,0.475,0.377,1,KLHL28
0.736177983270621,0.488830931457996,0.026,0.024,1,LRFN5
0.0081593010338086,0.488783636123039,0.084,0.047,1,ZNF300
0.892685131135638,0.488738693914639,0.016,0.017,1,CKM
1.85248262869954e-07,0.488482335026197,0.834,0.773,0.00447430129309799,CDON
0.00200761218015415,0.488408016697306,0.21,0.147,1,C1GALT1
3.94417198866661e-06,0.488175843567078,0.235,0.134,0.0952635860422647,CHADL
0.0276973485427254,0.488069926684633,0.111,0.076,1,RAB3IP
0.00513342451323703,0.487803377929982,0.192,0.134,1,LRRC37A4P
3.47320335882726e-06,0.487569092098868,0.381,0.261,0.0838882807257549,PITPNM2
0.271404500448171,0.487481222931868,0.052,0.039,1,C14orf159
0.000107332563927546,0.487336549128452,0.543,0.44,1,ITPR3
1.85105697049357e-10,0.487154562656261,0.596,0.416,4.47085790083312e-06,ANKLE2
0.000587566098251077,0.487153658481184,0.337,0.247,1,RPL13AP20
0.116381104291022,0.486759213727333,0.034,0.02,1,CCDC67
0.0744414258541204,0.48650304564332,0.037,0.02,1,PLEKHG3
0.210053503955022,0.486330594388184,0.065,0.049,1,FANCG
3.40574356517972e-08,0.485921531220788,0.614,0.469,0.000822589243297857,AMOTL2
0.970755937905944,0.485681252386585,0.014,0.014,1,LINC01096
0.122436934212552,0.485382498741991,0.027,0.015,1,LOC101927365
0.129819335920645,0.484934430286231,0.095,0.073,1,PPP1R35
0.0128272491570053,0.484896976399735,0.203,0.152,1,MED16
0.0211645644296989,0.484839307208732,0.136,0.096,1,GPATCH1
0.0307446477214971,0.484340583847533,0.126,0.09,1,TESK2
0.00601311133566821,0.484237151639294,0.081,0.044,1,SASS6
0.055724145688136,0.484117566493231,0.08,0.054,1,HOXB2
1.25946157189552e-06,0.484074399131923,0.56,0.435,0.0304197753459926,C3orf52
0.143138166864398,0.483445523596012,0.07,0.051,1,ADRA2A
0.789158272044053,0.483424932823755,0.018,0.02,1,FAM19A2
0.159467492837643,0.483290334226781,0.019,0.01,1,CES4A
0.000265698626342082,0.482911256504078,0.493,0.399,1,SEMA3D
0.0186912879781869,0.482901287976994,0.089,0.056,1,NFKBIE
0.000431017507193538,0.482837332760882,0.215,0.14,1,LOC100506860
0.770605336022817,0.482510574159678,0.017,0.015,1,ARMC12
0.908684891199645,0.482472629945976,0.061,0.059,1,ADM2
0.029143231588892,0.482205100782446,0.08,0.051,1,MTHFD2L
0.0150204793603106,0.481874664135506,0.118,0.078,1,PARP4
0.0149742666532376,0.481871625460575,0.118,0.08,1,MON1A
0.512252055246993,0.481700633440283,0.026,0.032,1,LINC00883
0.0216945665839378,0.481388036880822,0.042,0.02,1,ZNF276
0.755777574538768,0.48127910255652,0.066,0.063,1,STARD9
0.00714695660204195,0.481208888877019,0.371,0.298,1,MREG
0.00165470764375426,0.480320546537798,0.096,0.051,1,USP12-AS1
4.11952960400485e-07,0.480164728091263,0.468,0.327,0.00994989985255291,ANKRD40
0.549668907984974,0.480077207168969,0.072,0.064,1,LOC100132356
0.533835227314267,0.480022558300451,0.011,0.015,1,GPR137C
0.205798416538043,0.479753267119297,0.005,0.01,1,OTOGL
0.0273169243324979,0.479367191025181,0.181,0.135,1,TLR4
0.11726438278079,0.479191370887605,0.006,0.014,1,LINC01429
0.129894605118424,0.478460129281309,0.072,0.052,1,TMEM201
0.0287948450018654,0.47785668046063,0.127,0.09,1,ZNF212
0.00027190907401315,0.476509461193563,0.227,0.151,1,PHLPP1
4.52032138931602e-09,0.47635435705096,0.616,0.452,0.00010917932251615,KIF1B
0.00646023536298988,0.476188181801209,0.057,0.027,1,KCTD11
0.36801515216594,0.476039432646857,0.022,0.015,1,PRPH2
0.0011661787243607,0.475580565957226,0.296,0.223,1,ALPK3
0.343530760599078,0.475499530121795,0.016,0.01,1,TTLL3
2.20515455885306e-09,0.475416871343467,0.585,0.425,5.3261098059978e-05,IRS2
0.352941063271261,0.474763127541348,0.014,0.008,1,SMPX
0.693384779732761,0.474745854552372,0.025,0.022,1,PRR16
0.955598170998772,0.474396414287257,0.109,0.107,1,KCNN3
3.97850840671018e-05,0.474298589386521,0.338,0.237,0.96092913547271,ZFAND3
0.109994735584997,0.474240692626243,0.141,0.113,1,ZNF766
0.415241040062741,0.474130228155142,0.031,0.024,1,KANTR
0.0171408072404416,0.473934958575049,0.204,0.154,1,MOB2
3.95245288558419e-09,0.473873168100139,0.864,0.787,9.54635945455149e-05,COL5A1
0.583669401779993,0.47374662698078,0.024,0.029,1,FTCD
1.89756902882222e-08,0.47371903483922,0.77,0.677,0.000458319847531432,PID1
0.213495274061738,0.473336384960377,0.055,0.041,1,SPIN4
0.353887588106361,0.473207759726875,0.044,0.034,1,LOC100507156
0.00805573303360511,0.473173474046393,0.326,0.264,1,CEP95
0.00358027121430151,0.473097141476996,0.262,0.196,1,ALDH1L2
0.00126525422138576,0.47279376641292,0.111,0.061,1,LMNB2
0.0935504389631894,0.472485977500128,0.011,0.003,1,IPO9-AS1
3.73296490239689e-06,0.472298600402213,0.349,0.237,0.090162301287592,SLC38A6
0.108474601774521,0.472183300395785,0.112,0.086,1,TBC1D25
0.693384779732761,0.472148396184782,0.025,0.022,1,LINC01547
0.00155092447754298,0.471820301843981,0.281,0.208,1,FMNL2
0.108190733584832,0.471811299721024,0.052,0.034,1,DNAJC11
0.0178993838528721,0.471809396599083,0.044,0.02,1,CDHR3
0.81012396134082,0.471649601541479,0.031,0.029,1,KIAA1875
0.00242485817575028,0.471421164302047,0.202,0.14,1,MAML1
0.0121690011854571,0.471337010301463,0.234,0.179,1,NSF
0.0556720293495735,0.470935572629058,0.077,0.051,1,DUSP19
1.91257933434405e-05,0.470838182555048,0.479,0.369,0.461945286624117,JOSD2
0.00482615951673173,0.470758374726227,0.095,0.054,1,TNFSF15
0.0935073160215565,0.470726436287836,0.031,0.017,1,RYR3
0.0039373971356647,0.470581290387011,0.206,0.146,1,C9orf64
0.0290949977616908,0.470177751715743,0.07,0.042,1,ARSG
0.00199003638610931,0.469806164426363,0.142,0.086,1,ADAT1
6.75788840967064e-07,0.469316465792393,0.551,0.428,0.0163223278758775,SOS2
1.08434763669399e-05,0.469146582779949,0.367,0.257,0.261902484690699,NDNL2
0.209779094851589,0.468743816151123,0.014,0.007,1,LOC100996579
0.672618764600231,0.468399984565703,0.022,0.019,1,ZNF70
0.039010019242516,0.467999613710974,0.025,0.01,1,ZP3
0.00252839371520102,0.4679696109055,0.108,0.061,1,TMCC1
0.0742661174037249,0.467719397211186,0.125,0.093,1,MBTD1
0.00188303578030268,0.467549421689371,0.119,0.069,1,MAPRE3
0.140434348829738,0.467477391945589,0.064,0.046,1,FAM133CP
0.0161745057345202,0.467413720167323,0.092,0.058,1,SLC28A2
0.0412400093271957,0.467359720833904,0.068,0.042,1,NCOA2
0.157269250140936,0.467188563577388,0.026,0.015,1,TMEM44
0.00485061912965365,0.466984610166498,0.073,0.037,1,ZNF765
0.2810630770599,0.466824523707375,0.181,0.161,1,HABP4
0.0827030854703874,0.465634858294235,0.047,0.029,1,ATP1A1-AS1
0.0866510144060763,0.465459134478318,0.14,0.11,1,ABCC5
0.6072238673084,0.465348275149569,0.03,0.025,1,LINC01258
0.346281588821899,0.465341505122933,0.032,0.024,1,EML2
0.0501165731088668,0.465263563501109,0.01,0.002,1,FRMD7
8.83109684367517e-07,0.465121863714447,0.489,0.354,0.0213297482065286,SSRP1
0.0917224659011295,0.465056467014701,0.095,0.069,1,LPAR6
0.00554829833884986,0.465004465433941,0.077,0.041,1,FAM161B
0.0817930008343233,0.464330531000043,0.22,0.184,1,BCL2L11
0.0418517160188072,0.464323849830047,0.053,0.03,1,SPRY4-IT1
0.152059128567421,0.464242171131946,0.031,0.019,1,TPX2
1.55324532745439e-05,0.464159747788735,0.297,0.196,0.375155343940059,POMGNT1
0.00169610448072705,0.463398568036372,0.198,0.134,1,TSPAN1
0.00210211106318852,0.463268040168142,0.279,0.208,1,DNAJB2
0.0377230518831202,0.463021631371238,0.066,0.041,1,PLCG1-AS1
0.00456881559919379,0.462937438922735,0.093,0.052,1,FMNL3
5.26573539967902e-05,0.462868006615978,0.183,0.107,1,WISP1
1.76969312534433e-05,0.462776732809175,0.748,0.66,0.427433980564416,NFATC1
0.249590558145923,0.46274637240375,0.04,0.029,1,TENM1
5.99799062131602e-06,0.462686905927368,0.242,0.14,0.144869467476646,FAM193A
0.0161841835348676,0.462598238745247,0.073,0.042,1,ADAMTS3
5.4579854105016e-05,0.462051090106775,0.342,0.242,1,JOSD1
0.221414121951172,0.461393653496709,0.031,0.02,1,SLC6A20
0.0690505490588071,0.461226843325389,0.077,0.052,1,ZNF814
0.266573641850533,0.460924020464034,0.017,0.01,1,APOB
0.00512342361103767,0.46085458677365,0.063,0.03,1,ATF6B
0.190356876970636,0.460621797477703,0.027,0.017,1,TBC1D14
0.971755309779177,0.460129975618723,0.014,0.014,1,GCNT7
0.00217400670281404,0.459994574496438,0.259,0.19,1,KLHL8
0.035301677281548,0.459861512542438,0.045,0.024,1,DIRAS1
0.000254570897791202,0.459575326329829,0.482,0.384,1,OAF
0.975667522437192,0.459489018764272,0.029,0.029,1,SMIM24
0.154848129780531,0.459480245991274,0.039,0.025,1,LOC101927746
0.0562215762983409,0.45910758609299,0.038,0.02,1,PPIL2
0.0499499758827191,0.459046328944186,0.107,0.076,1,TPCN1
0.00332850373734328,0.458494894312255,0.333,0.261,1,GPSM1
0.0932353051152053,0.458191014438523,0.011,0.003,1,LINC00636
0.00146614881983616,0.458154608003079,0.228,0.156,1,COX10
0.000273161116052822,0.457826697403899,0.297,0.21,1,FLVCR1
3.40503885407694e-05,0.457295059945226,0.466,0.359,0.822419034425204,UBAC2
0.0566840958172801,0.457177089687268,0.04,0.022,1,CROCC
4.65540610742857e-10,0.456940821501549,0.767,0.626,1.12442023712722e-05,ASAP2
0.0133365993679899,0.456834186420959,0.01,0,1,TBX22
0.242313353078267,0.45617497028293,0.07,0.054,1,MSI1
0.00986331700094085,0.456105407935631,0.174,0.124,1,KIF1C
0.209516211576198,0.455884940037186,0.036,0.024,1,GALNTL6
0.0369820617243954,0.455861451138441,0.139,0.102,1,DMXL2
0.0546327454087689,0.45559813012673,0.026,0.012,1,LRRC4
0.119504342359619,0.455398182317836,0.065,0.046,1,LOC101928068
0.00973849357504859,0.455141210325817,0.26,0.198,1,SPAG5
0.00080348025790472,0.455090549261924,0.386,0.313,1,WNT5B
0.0117527447921793,0.454992108420042,0.274,0.218,1,RNF2
6.33867480133711e-05,0.454979659518976,0.493,0.396,1,PDCL3
9.75097499009362e-07,0.454696734687992,0.409,0.286,0.0235515298935731,PTGES
0.00486333584184967,0.45457398385847,0.294,0.232,1,SMO
0.000398511444160447,0.454182982391471,0.3,0.215,1,SLC11A2
0.434095963166098,0.454092572923943,0.015,0.01,1,PAPPA2
0.0853103343050558,0.454061210464446,0.23,0.193,1,ZNF493
0.00142770115052389,0.453978174100215,0.22,0.156,1,RXRB
2.45913904125977e-09,0.453928352088567,0.578,0.408,5.93955852635472e-05,NRIP1
0.0862177058317854,0.45385632730818,0.125,0.095,1,CMTR2
0.126478262360732,0.453575320988155,0.04,0.025,1,CEACAM19
0.204653540428571,0.453570979738641,0.033,0.022,1,DLX6-AS1
0.301311960597852,0.453096919845629,0.023,0.015,1,HIST1H4J
0.065528406665936,0.452936009360244,0.013,0.003,1,MGC16142
0.00237105652071236,0.452455408449118,0.172,0.113,1,DDX28
0.0792810977484212,0.452146028886932,0.07,0.047,1,DCLRE1B
0.111230987767253,0.451859407416048,0.044,0.027,1,LOC101928514
0.896010380953716,0.451826748849341,0.013,0.012,1,FAM81A
0.0172350283731511,0.451794245069094,0.116,0.078,1,PRPF19
0.000500719838131112,0.451537566261846,0.205,0.132,1,GSTZ1
2.67581584150399e-09,0.451461293473701,0.928,0.854,6.46289800198458e-05,P3H2
0.0954962255737142,0.451296026503501,0.024,0.012,1,LGR5
0.771043421620635,0.451077843486541,0.017,0.015,1,SCN11A
2.6949406364364e-08,0.450782212065416,0.879,0.76,0.000650909011918485,KDM6B
0.0222287530462987,0.450748543820954,0.213,0.164,1,SS18L1
4.88570119407974e-08,0.450404485820687,0.614,0.472,0.00118004340940608,STEAP3
3.32980817480959e-07,0.450384986209234,0.465,0.321,0.00804248568461759,RTKN
0.0676133929106961,0.450177616000134,0.196,0.161,1,SMC6
2.00318406830631e-06,0.450161605175344,0.49,0.374,0.0483829048018023,ORAI2
0.846784899817211,0.449978742764629,0.009,0.01,1,GUCY2C
0.594961078318497,0.44992779014279,0.054,0.047,1,MARC2
0.21502704123505,0.449270160736641,0.07,0.054,1,ARRDC1
0.00374587944070514,0.449194745863709,0.15,0.098,1,IRF2BP1
0.00323296520628726,0.448916715492752,0.269,0.2,1,CDC42BPB
0.147030257218303,0.448839703982149,0.013,0.005,1,NCOR1P1
0.0422450573107332,0.44868276250326,0.479,0.406,1,SLPI
0.00201862308627261,0.448678445375285,0.286,0.217,1,UBE2E1
0.000875645342003777,0.448530207562156,0.246,0.176,1,TRIM29
2.93586790428255e-07,0.448495463644342,0.512,0.379,0.00709100174921365,KRR1
0.400512088144384,0.447532453676714,0.25,0.23,1,ZNF512
0.681921627877699,0.447352495614282,0.013,0.015,1,MASP1
0.00209925206026587,0.445783476884222,0.255,0.183,1,LANCL1
2.75965327000606e-07,0.445699481218469,0.758,0.65,0.00666539054304564,OGT
0.0965679952200874,0.445599228256037,0.05,0.032,1,HMGA2
4.9263894112328e-05,0.445321784194992,0.561,0.455,1,PCSK1N
0.00015035076344453,0.444967455683176,0.503,0.403,1,PKD1
0.0605083024801199,0.444599412101423,0.128,0.096,1,PIGO
0.0471471366653009,0.444108142322649,0.12,0.086,1,TBX3
0.0697757382141907,0.444000414484701,0.066,0.044,1,PPAPDC2
0.0352686196693315,0.443867127690949,0.049,0.027,1,TANGO6
1.95934996653071e-05,0.443724459295035,0.339,0.234,0.473241797416163,BARX2
0.786025628353312,0.442735375118009,0.01,0.012,1,LOC101929505
0.000330493749345723,0.442677091313145,0.253,0.174,1,KCNN4
5.26086873264318e-05,0.442654215094968,0.394,0.296,1,PLAA
0.00015941066774167,0.442538175685362,0.278,0.19,1,WDR18
0.00408818666186009,0.442229811262586,0.253,0.191,1,PDCD7
0.103850810743897,0.441844851901624,0.06,0.041,1,MMP16
0.0383053732704281,0.441824746788888,0.111,0.078,1,LOC102723354
0.0165194550024662,0.441818298397631,0.071,0.041,1,P4HA2-AS1
0.00101544663630011,0.441813076511555,0.851,0.765,1,LIF
1.55804490048449e-05,0.441680639744679,0.156,0.078,0.376314584814019,ZNF300P1
0.000737321379532016,0.441354417567847,0.257,0.179,1,AGO3
6.60238413930658e-06,0.441346533074821,0.386,0.267,0.159467384116672,OTULIN
0.0711430295800079,0.441299715164514,0.023,0.01,1,ZNF93
0.0259289386768625,0.441198396406674,0.226,0.178,1,HCFC2
0.330321152718418,0.441058448744583,0.072,0.059,1,ROBO3
9.88823148560158e-07,0.440706417769693,0.781,0.677,0.0238830455071735,IPO7
0.897054903162792,0.440467465360539,0.013,0.012,1,ANGPT1
0.000442114093067488,0.440202747183868,0.407,0.316,1,SRF
0.124068497908735,0.440084390776739,0.131,0.103,1,KLRD1
0.287020792886433,0.439416190196043,0.055,0.042,1,IPO11
3.2129969619269e-05,0.439368720181886,0.454,0.343,0.776035156214205,LARP4
0.040275375036085,0.4387871675428,0.069,0.042,1,SLC5A5
0.000191123174749056,0.438713780045434,0.298,0.208,1,BLZF1
0.0306520339992313,0.438289441888404,0.203,0.159,1,TYW1B
0.0159890138690096,0.438258082774069,0.18,0.132,1,DUS1L
0.159467492837643,0.438202562914962,0.019,0.01,1,PLLP
0.905010042093025,0.438053099289355,0.016,0.015,1,ITGB1BP2
0.00226770875682964,0.438022329319023,0.089,0.047,1,ZC3H3
0.957560925853531,0.437961111128152,0.015,0.015,1,RAB27B
0.00462199364370803,0.437801055231649,0.168,0.115,1,NLE1
0.0124302142968559,0.437640225117473,0.077,0.044,1,SLC25A40
0.206545457152646,0.437557178455315,0.078,0.061,1,GTF2E1
0.0627812574064047,0.43748184498376,0.124,0.091,1,NLN
0.00116469069686516,0.437427413004774,0.291,0.213,1,SAMM50
0.366765724846558,0.437307291317147,0.113,0.1,1,PIK3CB
9.46745304831719e-09,0.437298216589223,0.301,0.164,0.000228667393476005,HDAC5
0.0124621437331803,0.437210603499504,0.042,0.019,1,ECT2
0.59053432226844,0.437150937416202,0.045,0.039,1,SH3RF3
1.27036601997955e-05,0.436948894530623,0.2,0.112,0.306831504805662,SOX11
6.15612572249851e-09,0.436743231438133,0.527,0.359,0.000148688904575507,AGFG1
0.160084023949272,0.436670223070084,0.024,0.014,1,LRRC3
0.616332331508835,0.436519532890191,0.108,0.102,1,PAFAH1B3
0.00449365130562485,0.436284482853205,0.207,0.146,1,ACAT2
6.77580474699988e-08,0.436248451725877,0.419,0.271,0.00163656012054288,TRAPPC3
0.569915705447919,0.436223839964354,0.056,0.049,1,C1RL-AS1
0.000622832759277614,0.436093544192244,0.285,0.206,1,ZNF37A
0.0539277749266501,0.436002674673141,0.024,0.01,1,LINC00700
0.00904957237430583,0.435474131393999,0.145,0.098,1,MPP7
0.262011267105199,0.43541851377842,0.019,0.012,1,GRB14
0.449852215823406,0.435392178803358,0.019,0.025,1,KIF11
0.690693845736129,0.435314906473534,0.016,0.014,1,MAP7D2
0.0525744624505854,0.435292404563035,0.115,0.083,1,PANK4
0.000234957700886429,0.435237116405663,0.167,0.1,1,LMBR1
0.000403272878773313,0.435071922860504,0.678,0.589,1,SLC19A2
0.000615522220562691,0.435065335641762,0.26,0.184,1,STARD3
0.3028525241437,0.435051410625136,0.093,0.078,1,SELO
6.08139829649922e-09,0.434493685391972,0.88,0.782,0.000146884013055346,FGFRL1
6.16686475373157e-05,0.434471898865505,0.344,0.239,1,UBE2M
0.000113645756744759,0.43441067370648,0.6,0.504,1,RELT
0.459322626179467,0.434197453757181,0.026,0.02,1,GPR85
0.00861042412469049,0.433976544499401,0.063,0.032,1,LRRC29
0.477524357284255,0.433731519914248,0.01,0.007,1,MYPN
0.000210567552516888,0.433653912427593,0.448,0.354,1,DNAJC21
0.00141724624772243,0.433443785993606,0.245,0.174,1,CHUK
9.17163968888901e-06,0.433331267603197,0.509,0.396,0.221522613405736,TP53BP1
0.361253585962535,0.433241533144777,0.041,0.032,1,TAF6L
4.01915197698173e-06,0.432651220881834,0.729,0.613,0.0970745777000397,LRRC8A
0.17659234307411,0.432436699251476,0.042,0.029,1,SNORA18
0.0264491987235724,0.432373165797677,0.094,0.061,1,COG8
0.776427103192661,0.43204716383294,0.1,0.103,1,USP49
0.125944538969199,0.4319624005136,0.025,0.014,1,PDZK1
0.00525865249018634,0.431942066110839,0.222,0.161,1,AQP7P3
0.0304593011368863,0.431936151839167,0.119,0.083,1,HAGHL
9.25182553760362e-05,0.431802065018648,0.414,0.313,1,RRAS2
0.246319562439715,0.431756510938017,0.024,0.015,1,LOC100130451
0.335758204790523,0.431699516158746,0.133,0.115,1,MGC27345
0.0831737267083205,0.43159190157157,0.191,0.157,1,GFOD1
4.28988151331274e-08,0.431156607634883,0.814,0.704,0.00103613508191043,SMOX
0.128943564469332,0.431080837978558,0.092,0.069,1,ADCY6
0.0171057401236607,0.431006304886652,0.276,0.22,1,OXT
4.05267707288806e-07,0.431000862614293,0.466,0.333,0.00978843093414652,AGPAT4
0.0439798465121761,0.430967445952215,0.034,0.017,1,LINC01354
0.168380963428699,0.430949965758336,0.124,0.1,1,LOC100507577
0.152759370072275,0.430764773242633,0.095,0.073,1,ATCAY
7.09577035158725e-07,0.430601409531131,0.359,0.235,0.0171384141301887,ARHGEF40
0.000299554533009444,0.430334161534946,0.118,0.061,1,FBXL4
0.00306627711023524,0.430268248648167,0.436,0.352,1,SDF2L1
0.0459195797260072,0.430143536939148,0.014,0.003,1,PROSER2-AS1
0.0114674128287599,0.429970664107216,0.071,0.039,1,SLC6A12
0.0400342041226691,0.429839658518721,0.093,0.063,1,F8
0.000301904397841338,0.429772622012885,0.221,0.142,1,PYGB
0.145236991960764,0.429710892519155,0.464,0.399,1,G0S2
0.00270149431970848,0.429120948021465,0.162,0.105,1,CENPW
0.276002075957207,0.428976617468308,0.013,0.007,1,DPYD-AS2
4.2521112637833e-05,0.428952792388246,0.395,0.286,1,WDR82
1.91024622271727e-06,0.42886758299744,0.369,0.244,0.0461381770172903,MAPK8
1.05908346462366e-06,0.428741130490606,0.748,0.629,0.0255800429210552,SLC4A7
0.00548019705476601,0.428660472925009,0.065,0.032,1,KLHL25
0.638063462750335,0.428293895294027,0.057,0.051,1,OR7D2
0.00178688660040776,0.428190019436945,0.234,0.164,1,C6orf1
0.0071002320481423,0.428124816467274,0.118,0.074,1,PHKA1
0.00640683802703369,0.427962945912489,0.117,0.073,1,ATAD3A
0.649661663683209,0.427785637081318,0.018,0.015,1,DSCAM
0.000755125232471653,0.427670628108776,0.455,0.365,1,KRT17
0.0399093382008035,0.427518626938233,0.141,0.103,1,GIT2
0.00345369349415402,0.427408553444217,0.135,0.085,1,SLC2A4RG
0.0713937426641517,0.427404345030971,0.077,0.052,1,NR3C2
3.25785782161505e-09,0.427350169103877,0.601,0.43,7.86870399654682e-05,YY1
3.97364341920707e-05,0.427269065230102,0.499,0.387,0.959754095041082,CTBP2
0.0233859969443443,0.427132314106444,0.054,0.029,1,DET1
0.410210973245923,0.42707107592428,0.031,0.024,1,LOC100506100
0.58369962648028,0.427051519744035,0.166,0.157,1,SIX2
0.0846043569758191,0.42704800255941,0.297,0.262,1,RAP1GDS1
7.16613374467212e-05,0.427015851089603,0.276,0.188,1,ATRN
0.951399579666245,0.426927103895858,0.024,0.024,1,C14orf80
0.00158522507745742,0.426661981834076,0.247,0.176,1,PKN3
0.00176466554998804,0.426615154453333,0.3,0.227,1,PIGS
0.970611607277918,0.42613733070202,0.01,0.01,1,ZNRF2P1
4.32071934407546e-10,0.426076368048857,0.863,0.728,1.04358334317455e-05,NFIL3
0.0337629698750971,0.426026752555305,0.054,0.03,1,FAM53B-AS1
0.00925307546106786,0.425961675353437,0.137,0.091,1,BTBD11
0.185662466199348,0.425935503684274,0.094,0.074,1,KIAA1804
0.000121769896777867,0.425890301166712,0.281,0.19,1,ATG9A
3.53064979693648e-08,0.425679480487016,0.809,0.685,0.000852757845454067,CTDSP2
0.000323796945307141,0.425287830495053,0.228,0.147,1,GCAT
0.0015724147881029,0.425218905842631,0.22,0.152,1,C9orf156
0.00180526290987978,0.42520455361647,0.158,0.102,1,TOP3A
0.0191962684353212,0.425092626187343,0.203,0.156,1,C14orf28
1.04489797964867e-06,0.424165259416041,0.725,0.623,0.0252374209024543,CTHRC1
0.0014618293204607,0.424051796551894,0.326,0.245,1,MTURN
1.11576962583632e-06,0.423948719812448,0.479,0.342,0.0269491837728246,AGO2
0.457423647486962,0.423900512556934,0.032,0.025,1,AGRN
0.00377912214572249,0.423698289645705,0.128,0.08,1,EFR3B
3.35963187204429e-08,0.423641242322275,0.306,0.174,0.000811451886054858,TMEM189
0.346728011474489,0.423507415190506,0.032,0.024,1,NDUFB2-AS1
1.49540230798262e-08,0.423419155772988,0.721,0.563,0.000361184519447042,ITPRIPL2
0.0146746830765309,0.423369885683696,0.117,0.078,1,ZNF787
0.687191377884,0.422145119783854,0.206,0.198,1,TRIB3
0.00103881648297665,0.42210547009939,0.315,0.234,1,KIRREL
0.00869786430296739,0.421294200583908,0.031,0.01,1,SLC25A10
0.24936454855209,0.421248841977182,0.137,0.118,1,PANX1
2.42769780086965e-08,0.420963080565696,0.651,0.496,0.000586361849844046,PDLIM7
2.52254827217423e-06,0.420786174088249,0.288,0.181,0.0609271084178242,ING2
0.262742964909302,0.420626569184912,0.019,0.012,1,GOLGA2P7
0.00255641989129154,0.420594209332395,0.179,0.118,1,NPHP1
0.0548238941403418,0.420568297415513,0.016,0.005,1,LDLRAD2
0.000481915628680773,0.420314801286935,0.515,0.42,1,MYO1E
0.242537324158788,0.420199764192654,0.14,0.12,1,CYP2U1
0.198597169628622,0.420184029114289,0.079,0.061,1,PALB2
0.0939697649936007,0.420166094101781,0.094,0.069,1,BICD1
0.00891336875849558,0.420006961154276,0.173,0.12,1,DDX31
0.000836188909764985,0.419945181502021,0.241,0.168,1,NEO1
0.899666985421877,0.419666301610454,0.013,0.012,1,SLC10A1
0.122302412891591,0.419652989296833,0.025,0.014,1,ZMAT4
0.0102874782009831,0.41909199534212,0.055,0.027,1,ELOVL6
2.1500496279424e-08,0.418917585654466,0.821,0.706,0.000519301486636927,TRPV4
0.0140264503873175,0.418207158543505,0.049,0.024,1,SLC9B1
0.00296444335445302,0.41819456375415,0.089,0.047,1,ASF1B
0.000221538536519813,0.418172357156424,0.282,0.198,1,ATP5S
4.54191456193552e-08,0.417990383553783,0.99,0.961,0.00109700862414429,UGP2
7.90062339827851e-06,0.417780725259856,0.466,0.347,0.190823756938621,AKT3
0.0615798202876576,0.417375254807078,0.089,0.063,1,TRAF7
0.0214375160958002,0.417372704818022,0.04,0.019,1,FRAT2
0.0147498520132162,0.417255561927214,0.087,0.052,1,ZNF397
0.0164246924827111,0.417119500648846,0.139,0.096,1,ASAP3
2.53910997727424e-05,0.416975835261272,0.412,0.303,0.613271232811048,RNF41
0.000697463888977672,0.416765248004146,0.245,0.168,1,PVRL2
0.00037736272643447,0.416682773905953,0.25,0.166,1,RFT1
0.317665128213063,0.416497029358601,0.048,0.037,1,KRTCAP3
4.53650373037879e-06,0.41639389849867,0.755,0.641,0.109570174599839,ANKRD11
3.11259422678034e-05,0.416306391773075,0.292,0.191,0.751784883594255,ESRG
0.0296597102780219,0.416267230381691,0.196,0.152,1,CDR2L
2.38638352752894e-05,0.416140912350096,0.267,0.168,0.576383213404064,PPP5C
2.7856564667763e-08,0.416132232726348,0.379,0.234,0.000672819606420479,MBD2
4.67150573704647e-06,0.416071040221492,0.384,0.257,0.112830878066883,NAA35
0.00448807359522265,0.416028998036146,0.27,0.203,1,THAP4
4.93503724727491e-05,0.415817183903689,0.381,0.279,1,VASP
0.326507286213988,0.415658355255306,0.081,0.068,1,KCNMB3
0.379452814059812,0.415607516155313,0.011,0.017,1,LOC105372795
4.44848763101107e-05,0.415383413730098,0.379,0.271,1,TSR1
7.891121779726e-06,0.415334393782964,0.376,0.255,0.190594264345722,C5orf28
0.418798557173157,0.415073431509011,0.063,0.052,1,DAW1
0.00200472047078967,0.41501344116008,0.213,0.149,1,PDPR
0.197076091481332,0.414374144087168,0.025,0.015,1,RIBC2
0.000186605534035488,0.41414511364746,0.404,0.301,1,DENND3
1.28088159332724e-06,0.413651169370489,0.773,0.648,0.0309371331236327,SLC7A1
0.00131573112842754,0.413648849362959,0.342,0.261,1,ERCC3
0.000348832033531771,0.413577639445142,0.118,0.061,1,RPS15AP10
0.00599236078484891,0.4134289195422,0.444,0.367,1,UGGT1
5.60135774213585e-07,0.413288746265089,0.995,0.975,0.0135289593545807,C11orf96
0.0277619337227513,0.413177237214399,0.087,0.056,1,TCF7L1
0.145897188871715,0.413160762246402,0.087,0.066,1,POMC
0.0154681936207041,0.413156289045896,0.436,0.374,1,DHCR7
0.518438680847606,0.413147626596577,0.022,0.017,1,LINC01224
0.00474027108753852,0.413124056669134,0.623,0.523,1,GPR183
0.723111733789939,0.413107128959121,0.01,0.008,1,ALG1L9P
3.73300031026808e-07,0.412956127011368,0.808,0.682,0.0090163156493905,RBBP6
8.08062929998565e-07,0.412276517301367,0.218,0.117,0.0195171439482553,CHST1
0.231524002755995,0.41167727910145,0.181,0.159,1,SORL1
0.148915121377732,0.411629462923236,0.013,0.005,1,ABCA12
0.808315442952765,0.411487490056443,0.048,0.046,1,KCTD17
0.0909053924449609,0.411008462018486,0.038,0.022,1,PHLDB2
0.508007679078571,0.410649210096079,0.016,0.012,1,FANCA
8.84333696580913e-07,0.410360045309654,0.885,0.844,0.0213593117735188,NT5E
0.596466575724107,0.410325818658607,0.127,0.117,1,HYLS1
8.39399284741489e-07,0.410236312395535,0.755,0.621,0.0202740109243612,FURIN
8.22560292895744e-06,0.409803940903648,0.443,0.323,0.198672987543109,UBASH3B
0.0944000981690762,0.409449746674198,0.022,0.01,1,CENPV
0.000863654229564657,0.409387567556712,0.396,0.32,1,MAK16
0.00488747760252886,0.409195365606406,0.409,0.332,1,BOD1
0.0216328740796498,0.409072973302477,0.162,0.117,1,RAB12
0.415978981611074,0.408972648684389,0.04,0.032,1,LINC00672
0.00616635020311564,0.408813235158272,0.349,0.288,1,DPYD
0.0165672760855545,0.408810101356313,0.078,0.046,1,LINC01534
0.000290004997334346,0.408792589353159,0.219,0.14,1,MGRN1
0.00627204646851844,0.408787127978238,0.08,0.044,1,HSDL1
0.0120946561409304,0.40877895370109,0.112,0.073,1,ZDHHC8
7.14182546535565e-05,0.408709114244781,0.652,0.569,1,LOXL2
0.0302392467104659,0.408151443283253,0.152,0.113,1,ZDHHC18
0.0729986909929446,0.408084091192794,0.121,0.091,1,ERMP1
0.0479035384738194,0.407702293930658,0.084,0.056,1,NOTCH1
2.84601352482469e-07,0.407645895747683,0.672,0.54,0.00687397646650909,VPS37B
0.382217597622928,0.407529708775792,0.027,0.02,1,FAM13A-AS1
0.0109702764202218,0.407491737350537,0.164,0.117,1,CARD8-AS1
1.00074129133255e-08,0.407459116044264,0.908,0.826,0.00024170904409555,HSPB8
1.58140842856706e-06,0.406956282757433,0.763,0.665,0.0381957577751802,METRNL
0.00442770739849702,0.406915565655992,0.202,0.14,1,BCAT2
0.0119164322549521,0.406881550615497,0.089,0.054,1,GLCE
0.0500132218560378,0.406663780362125,0.01,0.002,1,FAM170B-AS1
8.68635278629865e-08,0.406524911592177,0.701,0.58,0.00209801478847471,FAM101B
0.415329615333611,0.406405479899259,0.107,0.095,1,CADPS2
0.383632734466071,0.406385525424555,0.045,0.036,1,ZNF500
0.276609306731816,0.406250979790526,0.017,0.025,1,HLA-DMB
0.0350005155123425,0.405903447177737,0.197,0.152,1,HECTD4
0.0463888518210483,0.405494675687584,0.25,0.203,1,ULK2
2.05599511477006e-07,0.405275792148486,0.614,0.47,0.00496584500070412,SLC22A17
0.392911653219512,0.405261463644576,0.109,0.095,1,SLC22A5
0.162438963791855,0.40519241810328,0.037,0.024,1,KIF4A
0.425687024282928,0.405057040016051,0.023,0.017,1,LZTS3
0.000287018775321878,0.404457705468424,0.181,0.11,1,HIP1R
9.39414154727524e-05,0.404398419805146,0.477,0.376,1,SRXN1
0.00155794012897148,0.404277872640495,0.434,0.354,1,CRELD1
0.00213112939963804,0.40399009053961,0.162,0.105,1,RRN3P3
0.000623890922550079,0.403969116902267,0.596,0.497,1,TPPP3
0.00860859488736293,0.403747059341519,0.088,0.051,1,HUNK
0.00183603086938509,0.403543680736736,0.139,0.085,1,FBXO45
2.00081737929624e-05,0.402881677522658,0.261,0.164,0.483257421621421,MFAP2
1.52518519941958e-05,0.402852791297506,0.405,0.283,0.36837798121581,ATP11B
0.0910088533055591,0.402604709167535,0.165,0.132,1,NEK4
0.00401170122611213,0.402596253374242,0.307,0.239,1,ELOVL1
0.0670658693128917,0.402596030236984,0.204,0.166,1,MVD
1.03458506949906e-05,0.402258190400846,0.655,0.531,0.249883331836107,DDAH1
2.71334664198013e-05,0.401929357021388,0.495,0.398,0.65535461443746,TMEM214
0.00386561809991866,0.401519642402284,0.589,0.526,1,CKB
0.0440444023903138,0.400817626907754,0.03,0.014,1,LOC400655
0.596555263992383,0.400640971524163,0.077,0.069,1,COA7
0.0762226440545472,0.400455306641442,0.093,0.066,1,SLC4A1
0.000172673094873312,0.400428826331974,0.285,0.195,1,NEK9
0.00081034006194607,0.400150298887446,0.278,0.198,1,BTBD10
0.188078257660617,0.399973028072269,0.027,0.017,1,LINC00535
0.00182134055970628,0.399884730976722,0.222,0.154,1,KCNQ5
1.52677028651629e-05,0.39984608783727,0.619,0.516,0.36876082730228,KDELC2
4.54793976538988e-05,0.399579081531974,0.257,0.164,1,RAI2
0.655177988526595,0.399579008323563,0.06,0.054,1,SNX10
0.00027397448998009,0.399413900751079,0.178,0.107,1,FBXW4
0.328110418668292,0.398844266068438,0.048,0.037,1,PDCD4-AS1
0.433926195543119,0.398736860855717,0.104,0.091,1,PCNXL3
1.22233795647608e-07,0.398676679500796,0.649,0.521,0.00295231286627668,ADGRG2
4.31625685853361e-05,0.398367538393776,0.718,0.611,1,FDFT1
2.67568536486915e-07,0.398359096448242,0.73,0.601,0.00646258286176846,SEL1L
0.000649109133843856,0.398127622248142,0.286,0.203,1,CCDC144CP
0.407292339754925,0.398046354009507,0.025,0.019,1,LINC01510
0.144462394900562,0.397844742910742,0.054,0.037,1,RAD51D
9.14789055506932e-08,0.397809263043995,0.462,0.32,0.00220949000576589,GPC1
0.216919819094703,0.397783294119185,0.088,0.069,1,CLIP4
0.0309142719355354,0.397587554244918,0.178,0.135,1,RPGRIP1L
0.0219737829615176,0.397124673405959,0.042,0.02,1,PITPNM3
0.910775845063767,0.39696874335379,0.019,0.019,1,HERC6
0.017965025375102,0.396837489523707,0.05,0.025,1,LOC100506207
0.274907459079701,0.396817342626882,0.015,0.008,1,FAM71D
0.000278655790665845,0.396702200869899,0.281,0.193,1,MPST
0.179869324280158,0.396643266760615,0.058,0.042,1,PPAN
0.0019742732699398,0.396621399898967,0.147,0.091,1,CPED1
0.009575991293099,0.396542750438236,0.141,0.095,1,RNF219
0.0919991823361695,0.396134114598127,0.182,0.147,1,CEP68
0.000531857090595595,0.395728939860595,0.36,0.271,1,SART3
0.0426878548392954,0.39563533589569,0.223,0.179,1,FKRP
0.0013380536570179,0.395464534896787,0.263,0.19,1,CPNE2
0.88283229786976,0.395327587206264,0.046,0.044,1,ANKRD16
0.0011241462786786,0.395267913449608,0.181,0.118,1,EHBP1
0.0044477784373295,0.3951855849875,0.226,0.164,1,ZNF672
0.0709191876633323,0.39509736948633,0.109,0.08,1,RAD51B
7.10868600534573e-05,0.394969173660527,0.73,0.631,1,CHSY1
0.715284770386659,0.394889134277667,0.01,0.008,1,ADARB2
2.41845169289545e-08,0.394763636852956,0.824,0.728,0.000584128637385038,USP12
1.64125587276383e-06,0.394729007629308,0.656,0.523,0.0396412530948649,TNS1
0.000108631241222476,0.394171122720978,0.559,0.469,1,SMPD1
1.08649723928706e-06,0.394066985623244,0.773,0.663,0.0262421678205004,KPNA4
0.602476154247739,0.394035958441592,0.068,0.061,1,SDR42E1
0.370151138652577,0.393529141324697,0.036,0.027,1,HHLA2
0.621606590637683,0.393178574551719,0.058,0.052,1,GPR132
0.018100189176264,0.392845411095883,0.074,0.044,1,APCDD1L
0.078104750640091,0.39273916550182,0.595,0.523,1,TWISTNB
0.00963674164461475,0.392220536795268,0.178,0.127,1,TRIM36
0.000135798504034661,0.39191601761058,0.367,0.269,1,AMMECR1L
0.00414440017499835,0.391502823381497,0.228,0.164,1,ASH2L
0.0329682023056998,0.390978883934041,0.021,0.007,1,ST13P4
0.196251347190532,0.390977061565974,0.008,0.015,1,FREM3
0.000468361997477522,0.390968222243384,0.261,0.181,1,B4GALT5
0.390872865921989,0.390875409701682,0.06,0.049,1,IRF8
0.128377972728875,0.390790584766616,0.04,0.025,1,ZBTB7C
8.93498391307298e-06,0.390761790778171,0.25,0.149,0.215806666452452,GATC
0.0010126589998729,0.390743975954158,0.218,0.146,1,ATP11C
1.86443290200779e-05,0.390643868904392,0.761,0.65,0.450316478821941,C4orf48
0.12774302555632,0.39033972465496,0.156,0.127,1,COG4
6.95952102514799e-05,0.389721469784462,0.653,0.531,1,B4GALT1
0.0633660406350233,0.389124213280291,0.315,0.271,1,GNAI1
4.63120061899705e-06,0.389003355047753,0.669,0.53,0.111857388550636,TMEM2
1.79964831879984e-05,0.388885390018002,0.75,0.648,0.434669058439725,SERPINE1
4.56710095096795e-05,0.388645194912621,0.837,0.778,1,TNC
0.462480889170768,0.388607492225837,0.008,0.012,1,LOC101928002
9.88248382825894e-07,0.388419934950804,0.589,0.457,0.0238691631903938,FAM43A
0.256208363626241,0.387972359383936,0.019,0.012,1,PRO1804
0.000119994894360757,0.387670858211046,0.369,0.272,1,EFTUD2
8.16746292356625e-07,0.387604609331089,0.513,0.384,0.0197268731992896,MAP3K4
0.000373013478030968,0.387123560950307,0.316,0.235,1,MEMO1
0.00342744136806602,0.386626309343531,0.227,0.162,1,EPHX2
0.000127396975134747,0.386379712730859,0.221,0.139,1,UBFD1
0.881464269693717,0.386160350186247,0.013,0.014,1,HOXD11
7.20812443985689e-06,0.386092461948667,0.435,0.306,0.174097829595863,DHX8
0.0119272903038327,0.386076220261604,0.079,0.046,1,ETNK2
0.061055850081934,0.385834398269722,0.136,0.105,1,MSI2
1.74667735049635e-07,0.3856594953793,0.435,0.31,0.00421874980465383,DCAF10
0.356471458242025,0.385643450534278,0.014,0.008,1,GNA14
9.55462654797994e-05,0.385611819016326,0.784,0.685,1,JAG1
1.22055633075074e-07,0.385482142306922,0.712,0.567,0.00294800970566227,CKAP4
0.000170278556639614,0.385405352747498,0.666,0.591,1,SBSPON
0.948245836168596,0.384844460468861,0.187,0.186,1,TTC7B
0.193069608151563,0.384755613651228,0.11,0.09,1,SLC22A4
0.0203693526565309,0.384710412963067,0.213,0.166,1,XPO5
0.588185928301648,0.38461018919024,0.036,0.03,1,PKI55
0.00184075697541208,0.384412806042078,0.253,0.183,1,RABGAP1
0.065528406665936,0.384397201899758,0.013,0.003,1,MAGI2-AS2
4.55538276109564e-08,0.384335183448749,0.624,0.487,0.00110026159828743,MDFIC
0.00605480142191709,0.384254140624843,0.68,0.602,1,SYNJ2
0.43514658917742,0.384183338373469,0.103,0.091,1,USP32P2
9.18279721449439e-05,0.384061111575547,0.778,0.709,1,MATN3
0.0707329902142166,0.383996446377012,0.089,0.063,1,TADA1
0.336514808793735,0.38371151489636,0.026,0.019,1,WNK4
8.0024163030394e-07,0.383659784925765,0.477,0.335,0.0193282360967311,ROCK2
1.69746939323637e-07,0.383431931007035,0.704,0.535,0.00409989782548381,MED13
0.0938832461159797,0.383364788332812,0.121,0.093,1,PXMP2
0.761414957719485,0.383295051109091,0.046,0.042,1,ZNF470
1.65273117068017e-05,0.383290327378166,0.541,0.425,0.399184159654381,ENTPD7
0.00572155844967135,0.38322131534099,0.121,0.076,1,REXO1
0.000235240053928919,0.38294887214887,0.447,0.354,1,LOC728392
0.0528284760692619,0.382822500145974,0.206,0.168,1,TRIM11
0.255939223250005,0.382771544686852,0.211,0.188,1,SLC25A13
0.394500979794806,0.382652380295919,0.064,0.052,1,GPLD1
0.0280612687944691,0.382324901719178,0.024,0.008,1,PIWIL3
0.000672273062890068,0.382106393605563,0.454,0.359,1,PEX13
4.62942760294153e-07,0.381641259913805,0.595,0.455,0.0111814564893847,UNC5B
0.0245624473195628,0.381455114875928,0.047,0.024,1,ANKRD62
0.170189182509273,0.381313127426918,0.053,0.037,1,ATP13A2
8.35974170501777e-07,0.381289288033807,0.441,0.308,0.0201912841401294,ADAM12
0.0484891771898546,0.381093775319243,0.181,0.142,1,C5orf22
0.00140204072744688,0.38094054373519,0.156,0.098,1,NANP
0.138256876340961,0.380848835087525,0.302,0.269,1,CHCHD3
0.673168629792434,0.380680500154782,0.044,0.039,1,LOC148413
0.0160876333402699,0.380567238477416,0.014,0.002,1,CD7
0.0214923371775913,0.380494919684693,0.178,0.132,1,PUS1
3.88795837517022e-07,0.380398225268692,0.868,0.783,0.00939058586354862,SNX9
0.275356410250293,0.380358311799679,0.01,0.005,1,ADAMTS18
0.240112620311478,0.380177485574275,0.034,0.024,1,AQP7
0.748982020424969,0.380097059466038,0.074,0.069,1,EHMT2
0.277492566149453,0.37997854836536,0.01,0.005,1,SAPCD2
0.0683799561727795,0.37976756266072,0.179,0.142,1,PON3
0.36267053074664,0.379654242211332,0.022,0.015,1,SLC25A5-AS1
0.00403670475621088,0.379230842792524,0.062,0.029,1,LOC101927189
0.00807401284128258,0.37909070788391,0.307,0.242,1,NAV2
0.112797906922102,0.379070695533921,0.144,0.117,1,SCN1B
8.83708416017878e-07,0.379056225373137,0.317,0.196,0.0213442093720798,SLC12A4
0.929810491382017,0.378274967337901,0.026,0.027,1,PCDHB12
4.89814984879782e-07,0.378031495248714,0.781,0.663,0.0118305013298014,HNRNPAB
1.05257373525481e-08,0.377968970075807,0.983,0.927,0.000254228134276094,LRRFIP1
0.66979839124481,0.377577045212847,0.013,0.01,1,LOC101928731
1.94395444304644e-07,0.377566643049995,0.646,0.506,0.00469523316629008,LPAR1
0.588074536768214,0.377456967192416,0.024,0.029,1,SFXN2
0.00207477180504576,0.377253352493858,0.262,0.191,1,MID2
0.338608633054653,0.377123056375721,0.094,0.08,1,LOC100652758
0.511149477236955,0.376858839606594,0.016,0.012,1,GNAZ
0.00985592285595824,0.376846916883634,0.119,0.078,1,FAM73B
3.99412364548898e-06,0.376766030812947,0.656,0.545,0.0964700684094952,CBLB
0.000144118265681438,0.376722890290319,0.377,0.276,1,ZNHIT6
0.00311707175079704,0.376720056298682,0.166,0.11,1,INTS4
0.550158941973625,0.376684017243962,0.034,0.041,1,ADGRF2
0.345129457875952,0.376434438747082,0.016,0.01,1,AXDND1
7.29901796897456e-06,0.376320015941865,0.395,0.279,0.176293181004643,ATG4B
0.0953507664654413,0.376201832946035,0.033,0.019,1,LINC00853
0.000160418434206315,0.376153827921157,0.495,0.396,1,IWS1
0.267103920717881,0.376100058569767,0.123,0.105,1,ZNF222
0.103720705476528,0.375867070153018,0.178,0.146,1,LOC146880
2.54409165662307e-05,0.375729883213343,0.595,0.479,0.614474457824169,KLC1
0.949537750051842,0.375636957073026,0.055,0.056,1,VARS2
1.45103007666545e-05,0.375619309863454,0.268,0.168,0.350467294417007,CSNK2A2
0.373126746851976,0.375548782061192,0.082,0.069,1,NIPA1
0.0733621767076123,0.375305741390586,0.025,0.012,1,FZD10-AS1
0.154670518535716,0.375122798636884,0.015,0.007,1,NSUN7
0.00989453330207894,0.374661428801433,0.266,0.206,1,PIGA
0.339009918546375,0.374658510302496,0.006,0.01,1,ALB
0.00704936111977032,0.374485250234871,0.095,0.056,1,CCRN4L
2.00212965732014e-07,0.374448565643631,0.549,0.391,0.00483574376132533,FEM1C
5.48038157668239e-05,0.374384818416221,0.473,0.379,1,HIPK2
0.864800402074176,0.374289631285868,0.053,0.051,1,ZNF433
0.416552402580188,0.374213841708575,0.045,0.054,1,BAIAP2-AS1
1.07516027073511e-05,0.374169562672699,0.502,0.382,0.259683460190651,ADPGK
0.275356410250293,0.374148175089144,0.01,0.005,1,EFTUD1P1
0.0414912782233736,0.374105496460754,0.164,0.125,1,ALKBH6
0.00440706568077431,0.373695655288136,0.119,0.073,1,CELSR1
0.0928378745377719,0.373511165370858,0.145,0.117,1,VPS26B
0.00625991672463018,0.373323919102136,0.157,0.107,1,BMPR1A
0.0150384987155711,0.37299318520247,0.241,0.186,1,SERGEF
0.0045158234031849,0.372947916305358,0.333,0.266,1,RPP38
0.000128813540130476,0.372774343768812,0.175,0.103,1,SPPL2B
6.82532959158386e-05,0.372567203221708,0.373,0.271,1,METTL10
0.0640335489011598,0.372315212805153,0.157,0.122,1,RALGPS1
0.000324694780016922,0.372149958401797,0.27,0.186,1,HMGXB3
0.00014895153895589,0.371892285269151,0.468,0.364,1,CLPTM1L
2.23617077098857e-06,0.371885320424987,0.229,0.13,0.054010232631687,TRAPPC8
0.790861227628549,0.371851844302721,0.021,0.019,1,HRAT92
0.00014988999164523,0.371793448118531,0.282,0.191,1,IKBKAP
0.0601096514443274,0.371791364793528,0.16,0.127,1,INTS1
1.31925103132133e-05,0.371786625897048,0.345,0.232,0.318638701595042,MBD1
3.06535329450157e-07,0.371510302117053,0.875,0.753,0.00740374781220965,ACLY
0.00257889209250017,0.371418954939644,0.396,0.313,1,TMX3
0.124657803576879,0.371414544796562,0.079,0.058,1,C16orf95
0.193647218847024,0.371183537035646,0.027,0.017,1,LOC101927851
0.0178125381610446,0.371144054319646,0.077,0.046,1,FRMD6-AS1
0.372800983956674,0.371070469313751,0.036,0.027,1,MMD
0.0436940796704658,0.371008076235088,0.057,0.034,1,PRRG1
3.8812663941192e-05,0.370965455580191,0.582,0.462,0.93744227217161,FLT1
9.03629034985463e-06,0.370928546020611,0.235,0.14,0.218253520820039,MORC4
0.0309863782217728,0.370882296749873,0.142,0.103,1,ATF5
0.0196867510148307,0.370881089525943,0.176,0.129,1,TUSC1
0.0145585467603806,0.37083486214922,0.241,0.184,1,ZC3HC1
0.0574359872222307,0.370817381485404,0.088,0.061,1,ATRNL1
0.0264655225462194,0.370696614809064,0.102,0.068,1,CRIPAK
6.95023234332951e-10,0.370534210723075,0.994,0.966,1.67868961788438e-05,UGDH
0.0276723752868042,0.370225403867831,0.05,0.027,1,RBP7
0.0711430295800079,0.369981246185011,0.023,0.01,1,LINC00508
0.000306939867622448,0.369940716932117,0.408,0.315,1,HYOU1
0.000107256097052481,0.369880131405734,0.313,0.218,1,CHST10
0.00195427201775056,0.369762759672913,0.34,0.267,1,SNX8
0.0632434521476927,0.369505757192903,0.162,0.125,1,AQP7P1
0.0251852573382221,0.369370183490434,0.164,0.122,1,SPATA2
2.06245099489196e-05,0.369352731497085,0.698,0.592,0.498143788796254,LGALSL
3.42105833593365e-05,0.368498612560431,0.347,0.242,0.826288219878055,SUDS3
0.108088032392822,0.368376025672635,0.079,0.058,1,DNMT3A
0.00368545909576105,0.368277483377987,0.07,0.034,1,MAATS1
0.0662362716800639,0.36811577667047,0.021,0.008,1,CACNB4
0.146613886702534,0.368020012220093,0.013,0.005,1,PRSS3
0.0348265141577765,0.36799068235509,0.031,0.014,1,BEND2
1.75188271345877e-07,0.367826456945047,0.609,0.443,0.00423132231781696,PACSIN2
0.0577044267988296,0.367625852247214,0.038,0.02,1,ZNF71
0.000325529932559537,0.367529494079132,0.481,0.382,1,PHF20L1
2.93736233378917e-10,0.367512243011854,0.558,0.379,7.09461124480097e-06,SEC16A
0.436208253707508,0.367069045428469,0.034,0.027,1,GYG2
0.109282017119795,0.367042524371731,0.158,0.127,1,WDTC1
0.00494764563366908,0.366512099615127,0.265,0.2,1,NECAB1
0.179162443744653,0.366507311662561,0.09,0.071,1,ARHGEF18
0.273429284544924,0.366232508483013,0.044,0.032,1,ZFP3
0.0250798501467219,0.366202624150984,0.088,0.056,1,LINC00574
0.00222232829554166,0.365772183896826,0.263,0.193,1,LRIG3
0.0326834588224897,0.365742793732801,0.065,0.039,1,MLYCD
0.0630247091365938,0.365730813113307,0.018,0.007,1,C15orf26
0.0203954180853912,0.365707741835944,0.08,0.049,1,RAB40B
5.70914017936955e-06,0.365700463050333,0.458,0.328,0.137892862752313,OLA1
0.222584860570226,0.365240925170034,0.102,0.083,1,GNRH1
1.33660978170244e-07,0.365203536413289,0.934,0.866,0.00322831360574591,KIAA0040
0.409459598926237,0.365013763361719,0.031,0.024,1,LOC101927069
0.159821829984767,0.364895176803083,0.037,0.024,1,GSTM1
0.0128237408456564,0.364578903877649,0.339,0.274,1,C4orf32
0.210078258773763,0.36453023894871,0.041,0.029,1,CDH10
0.00149789027615988,0.364476960425017,0.157,0.096,1,DENND6A
0.0548590687851049,0.364258308575339,0.049,0.029,1,LOC101927204
0.20375614306456,0.364211238194224,0.011,0.005,1,ZBBX
0.0749273698667227,0.364195132135092,0.037,0.02,1,FCHSD1
0.00415614764977469,0.363899574931551,0.268,0.198,1,CDC16
0.431080708337928,0.363882527247503,0.015,0.01,1,PKP1
0.0146216295118774,0.363756675140933,0.078,0.046,1,ZMYND12
0.00322344054413481,0.363618035416693,0.255,0.186,1,INADL
0.00781032260010861,0.363580456288167,0.331,0.264,1,TENM2
0.141063289234887,0.363549415625024,0.036,0.022,1,ADPRH
0.00877892739863689,0.363131176608241,0.266,0.203,1,GRAMD3
0.182135829190105,0.363010989240912,0.178,0.151,1,SLC26A6
0.109704490122181,0.362974163864283,0.07,0.049,1,TSEN2
0.948566593795198,0.36297132460911,0.011,0.012,1,NAV3
0.244066253707154,0.362971051292237,0.178,0.156,1,SGCA
0.121082997187847,0.36270381205781,0.018,0.008,1,ADRA1A
3.32645093094362e-05,0.362698085817874,0.488,0.374,0.803437693350813,GABPB1-AS1
0.00657928795966058,0.362643819112662,0.196,0.14,1,BDKRB1
0.000146244878959625,0.362555536879098,0.532,0.438,1,COPS7A
0.0645340924413425,0.362333987184723,0.141,0.108,1,UBE2O
0.114921006687071,0.362267409324676,0.093,0.069,1,AFAP1L2
0.000997400262892543,0.362146064416674,0.234,0.161,1,LDOC1L
0.00491049749151441,0.36209327568631,0.08,0.042,1,ZNF844
4.3538952369596e-07,0.36196657078143,0.548,0.401,0.0105159631658285,WIPI2
0.275810098516924,0.361864061066488,0.124,0.105,1,GANC
0.0107835367617865,0.361856599549891,0.076,0.042,1,ZMYM3
1.40917287912284e-05,0.361782491381974,0.515,0.387,0.34035752549454,FAM50A
0.110621102250702,0.361751400304484,0.049,0.032,1,ARSI
0.0301779175541262,0.361742314088247,0.041,0.02,1,PCDHB13
0.130911293774811,0.361428206284007,0.04,0.025,1,GATM
0.00290990005171821,0.36108644305801,0.072,0.036,1,IGFBP2
0.897306862826071,0.36099028065408,0.033,0.032,1,EXOC6
0.00432295725093826,0.360971609013657,0.197,0.137,1,PRDM1
0.0119079231157106,0.360748160490177,0.194,0.142,1,IFRD2
1.15107081438634e-07,0.36052991445812,0.748,0.614,0.00278018133798733,XYLT1
0.0271278681380301,0.360487753890999,0.099,0.064,1,WDR7
0.33631211726785,0.360441708958106,0.052,0.041,1,MTHFSD
0.374807929492627,0.360271143883527,0.05,0.041,1,MCM8
1.1317787738812e-05,0.360195076925393,0.519,0.387,0.273358527255527,MGLL
0.0138917701603575,0.360160723603109,0.077,0.044,1,SCOC-AS1
1.17642612585076e-08,0.360113155501632,0.386,0.232,0.000284142202176733,NRK
0.860789566666995,0.359884748007471,0.286,0.281,1,MID1IP1
0.184460203278243,0.359759842837669,0.094,0.074,1,LOC440434
0.000275344596909009,0.35971153702084,0.352,0.262,1,CDK16
1.3146761804605e-05,0.359226895672158,0.409,0.284,0.317533737866624,MSRB3
0.752809130735937,0.359223718448773,0.014,0.012,1,FLJ42393
0.000675394460177138,0.358864328524702,0.596,0.497,1,SLC7A11
0.000842765498667316,0.358532965717538,0.151,0.09,1,KGFLP1
0.488610660027532,0.358520506089359,0.057,0.049,1,ZNF564
0.187964159207992,0.358333124530183,0.03,0.019,1,THAP8
0.0445119808451574,0.358317605158248,0.233,0.188,1,CEP83
7.920732011904e-05,0.358197356352698,0.538,0.418,1,TGM2
0.000530692992899568,0.358008204051941,0.393,0.299,1,BMS1P20
0.00337764509757034,0.357975273515432,0.246,0.181,1,IRAK1
1.00648439327254e-06,0.357725834219576,0.682,0.557,0.0243096175507117,FKBP14
9.60943589774792e-05,0.3576681101536,0.192,0.115,1,PLXNA2
0.306221147602253,0.357658969989585,0.023,0.015,1,HOXA13
0.430770651502884,0.357586908607114,0.089,0.078,1,PUS10
0.00588512024080772,0.357350178690179,0.779,0.709,1,RNF149
0.0637446988825578,0.357333846963212,0.055,0.034,1,ZNF528-AS1
0.463391999126989,0.356596552181408,0.008,0.012,1,VWA3A
3.76039200607586e-05,0.356523346030058,0.297,0.198,0.908247481227503,GXYLT1
0.0142602460913598,0.356505723127409,0.156,0.11,1,TCHP
0.221971990714647,0.356358330186699,0.181,0.156,1,GLIS2
0.274327474082255,0.356323868217308,0.015,0.008,1,ACMSD
5.43680307639896e-05,0.356144027227854,0.542,0.438,1,CAB39
0.242161635865342,0.356055145164278,0.181,0.156,1,GHR
2.1668986728435e-05,0.356034272359753,0.253,0.156,0.523371036451891,PRRX2
0.0473159433665734,0.355345199433733,0.149,0.112,1,CCT6P3
0.132254071784597,0.355319342242904,0.058,0.041,1,FGFR4
0.00344585629537728,0.355160088013267,0.208,0.147,1,ZDHHC16
0.00662664468821844,0.354906379652846,0.36,0.291,1,CRK
1.98051600447844e-07,0.354796976323503,0.586,0.44,0.00478354030561678,FNIP2
0.000174689322567526,0.354719052068641,0.435,0.335,1,RND1
0.35578865139925,0.354668677747266,0.123,0.107,1,CC2D1B
0.205653186183905,0.354522272023444,0.153,0.13,1,PYGO2
0.032117232183414,0.35413394154059,0.298,0.249,1,MCM3
0.000300358826968622,0.354107783539455,0.404,0.308,1,TEX264
0.000275073031501273,0.353878087850872,0.258,0.173,1,PCSK5
0.624295587943133,0.353848638162923,0.009,0.012,1,LOC100505921
0.00657610541583521,0.353791166677211,0.092,0.052,1,NPL
0.203204908750924,0.353536844303784,0.011,0.005,1,TRIL
3.89795162117935e-06,0.353475728241824,0.452,0.335,0.0941472255063448,ORMDL3
2.4003402035154e-07,0.35342193558349,0.472,0.325,0.00579754169355076,PLK3
0.00211646630359604,0.353388634954625,0.36,0.286,1,SPIRE1
0.135542245442457,0.352947410568468,0.127,0.102,1,SLC43A1
0.0429559164175343,0.352790407343163,0.089,0.059,1,MYLK3
0.211025093006286,0.352513275647004,0.016,0.008,1,COL25A1
3.10009121948958e-07,0.352461527222273,0.6,0.455,0.00748765032243317,BAIAP2L1
0.241691116431203,0.352412362955953,0.042,0.03,1,BTN3A1
2.49734835347454e-06,0.35239132249874,0.761,0.648,0.0603184547814704,RAPGEF2
1.72574671925965e-08,0.352274211184811,0.743,0.606,0.000416819605102784,PSMD2
0.0365082653916425,0.352189491957893,0.137,0.1,1,CYB5R2
0.000151234195038494,0.352077832681383,0.347,0.249,1,DPY19L1
2.79691509652032e-07,0.352060108880531,0.829,0.707,0.00675538903262553,DSP
1.61368424098511e-06,0.35200078794656,0.612,0.486,0.0389753154725134,OGFOD1
0.000701896016653511,0.351949218371936,0.194,0.124,1,OTUD3
5.52757268359649e-05,0.351850542142338,0.18,0.102,1,PPP1R13B
6.21624498919098e-05,0.351778666587349,0.15,0.08,1,FGF5
0.00726774499657052,0.351742947925135,0.11,0.068,1,SFT2D3
0.342092573083027,0.351699754421969,0.04,0.03,1,HIC2
0.247606351228065,0.35168519757667,0.071,0.056,1,SFTPD
0.00278354329692695,0.351336799277232,0.148,0.093,1,ARHGEF26
0.0014135503648923,0.35106031642159,0.206,0.14,1,C7orf26
0.958037326996376,0.350907042099743,0.015,0.015,1,MYCT1
0.00113259398611552,0.350785486460133,0.355,0.266,1,PPIB
1.92429583236156e-06,0.350088044899871,0.246,0.142,0.0464775172390287,F5
0.000527673835021028,0.35005964904257,0.228,0.151,1,EXOSC2
7.02212184639944e-05,0.349963028421943,0.314,0.222,1,PIK3C3
5.5328173478268e-06,0.349920625934828,0.373,0.254,0.133634137402061,NDN
0.000292413337346687,0.349687850303521,0.31,0.225,1,EGFLAM
0.617808245824469,0.349588891781663,0.021,0.017,1,COL24A1
0.283785216913286,0.349531622278373,0.107,0.09,1,DMRTA1
0.1799578319242,0.349482575608947,0.05,0.036,1,NR1H3
0.00227907011961402,0.349358540135182,0.187,0.125,1,NIT1
0.113452141707876,0.349318748188155,0.118,0.091,1,EMC9
0.0356935154513472,0.349223790818905,0.101,0.069,1,NAPRT
0.000192341186105467,0.349164414890399,0.176,0.103,1,DFNB31
0.155064453669892,0.348933680306596,0.015,0.007,1,C11orf97
0.000731397193301689,0.348805342407696,0.237,0.161,1,EIF5A2
0.0405041152922104,0.34876028222855,0.055,0.032,1,TMEM81
1.376416503466e-05,0.34851615610234,0.639,0.519,0.332445878082144,TUBE1
2.27928494770677e-06,0.348231980422232,0.357,0.232,0.0550515693419617,TPRA1
0.0330469394241126,0.348078165002125,0.11,0.076,1,FBLN5
0.399854779487464,0.347967887530909,0.077,0.066,1,RASAL2-AS1
0.552750618701472,0.347661114769275,0.025,0.03,1,ALS2CR11
6.47263467350295e-05,0.347559935184955,0.966,0.941,1,COL3A1
0.458673073042305,0.346989980484373,0.056,0.047,1,GATSL3
8.22726423619248e-05,0.346865187451788,0.543,0.452,1,DESI2
0.123428229992983,0.346573434348414,0.099,0.074,1,SLFNL1-AS1
0.000512967029143485,0.346292529002497,0.485,0.393,1,LATS2
0.00215338147864218,0.346229688389144,0.245,0.176,1,ELN
1.43616320629796e-05,0.346181236850708,0.332,0.222,0.346876499217146,MRPL49
5.02244453122167e-06,0.346002008213115,0.574,0.445,0.121307102762597,SPSB1
8.14923030401911e-05,0.345983862869332,0.195,0.115,1,TMEM255B
0.00858583131026577,0.345865593413306,0.53,0.46,1,JAM3
2.22346076583412e-07,0.3457456835457,0.438,0.293,0.00537032478771916,DUSP22
1.17299662639618e-05,0.345627100644331,0.258,0.157,0.28331387517347,C11orf54
0.0753015973284648,0.345559565039849,0.041,0.024,1,TRPM8
0.0500803330891974,0.345495955030471,0.434,0.386,1,SPRED1
3.794337729263e-09,0.345441055342423,0.562,0.401,9.16446391748891e-05,UBR4
0.0502951198913649,0.345111537542286,0.022,0.008,1,GPR158
9.26805315835179e-06,0.344952814400227,0.572,0.45,0.223851287933671,SUSD6
0.204065530388105,0.344765769426704,0.021,0.012,1,TTC21A
0.00823860147851509,0.344571245644845,0.2,0.149,1,IGSF3
0.275779005323029,0.34447827677721,0.015,0.008,1,GPRC5D
0.000578508258644524,0.34442853354865,0.158,0.093,1,FAAH
1.00483553695219e-07,0.344231853117941,0.952,0.922,0.00242697927240063,CRTAC1
0.0656728412791301,0.344134443909931,0.061,0.039,1,LYSMD4
0.885015528806667,0.344112987104698,0.013,0.014,1,CARD9
0.84593858774593,0.343899568471041,0.049,0.047,1,MTMR9LP
0.0263885180392979,0.343771322105875,0.153,0.112,1,RAB39B
0.0267270889595604,0.343666948820306,0.06,0.034,1,ZNF16
0.643638596820242,0.343546111328747,0.042,0.037,1,CELF2
0.0892665174922222,0.343198356352129,0.019,0.008,1,LINC00571
1.34649859921174e-05,0.342942395034177,0.727,0.611,0.32521980666761,STK24
0.00414750201363275,0.342023600572007,0.758,0.68,1,ETS2
0.0132134777334815,0.341931792564987,0.126,0.085,1,LOC100129034
0.0603022037711968,0.341813699030982,0.11,0.08,1,RHBDD3
1.33748551744359e-06,0.34178657022468,0.749,0.646,0.0323042877028151,ZNF365
0.273399074559705,0.341671103492452,0.076,0.061,1,NAPB
3.69205316794637e-09,0.341618542826587,0.755,0.613,8.91741601654086e-05,HSPA13
0.633902876975575,0.341599435433636,0.014,0.017,1,COLCA1
0.000194609320053874,0.341428443023803,0.118,0.059,1,C10orf105
0.0521313062857296,0.341348224384761,0.054,0.032,1,ZC4H2
0.00028192193146102,0.341234109751148,0.514,0.418,1,ZPR1
4.38832319311004e-06,0.341098919357499,0.725,0.592,0.105991170083187,MXD1
0.00465750361360035,0.340784157054185,0.111,0.066,1,SNORA61
0.000350010716617082,0.340780183921829,0.465,0.372,1,FBXO11
0.00285925677986846,0.340727272334592,0.411,0.337,1,PPIL1
0.498203639718352,0.340421080640041,0.007,0.01,1,GATA2-AS1
0.262719424786375,0.340405279801751,0.126,0.107,1,PQLC2
0.0083431161016402,0.34004992295555,0.283,0.22,1,MSRB1
0.242111540369623,0.339826828815344,0.107,0.088,1,FGF11
0.00187642019812433,0.339762398910995,0.431,0.349,1,CRKL
0.000247940378058452,0.339744115104037,0.183,0.11,1,PDZRN3
0.000682142031362352,0.339588088423033,0.18,0.113,1,FAM102A
0.045543065792632,0.339498206135905,0.046,0.025,1,PKDCC
0.973491704308007,0.339359843571316,0.01,0.01,1,LOC285043
0.0398848787322613,0.339066887692825,0.017,0.005,1,LRRC45
0.253260034474466,0.338969729948098,0.042,0.03,1,ADAMTS9
5.91933834734585e-05,0.338834431285145,0.289,0.193,1,TIAM1
0.774574125206251,0.338642840359913,0.07,0.066,1,HSPA1L
0.000570431704114549,0.338640473749394,0.222,0.147,1,YARS2
5.16765406253081e-05,0.338602968763979,0.259,0.164,1,ARFGAP2
0.339772561708297,0.338448771463504,0.052,0.041,1,LOC102723704
5.40848961506884e-05,0.338407188159917,0.607,0.491,1,TGFB1
0.464847706029677,0.338303778030925,0.054,0.046,1,ABCC8
0.000104716304958598,0.338257324638995,0.467,0.359,1,RPRD1A
2.63507367390266e-05,0.338164036006976,0.404,0.294,0.636449344457708,COPRS
3.45803809107427e-05,0.338146729467522,0.499,0.401,0.835219940137169,MXRA5
0.00259703867754105,0.338105699501089,0.096,0.052,1,TSHZ3
0.0179993577668453,0.338086115780156,0.241,0.188,1,RPGR
0.0135635318100255,0.337864824763149,0.087,0.052,1,ACTR3B
0.0293325237459356,0.337857518663554,0.258,0.208,1,ZNF430
6.14466326786247e-05,0.337840638513932,0.393,0.288,1,ARID1B
0.000129301667476161,0.337749204808541,0.334,0.24,1,RP2
0.849531541077791,0.33769757898649,0.032,0.034,1,LINC00562
0.00481007322182666,0.337542099091237,0.104,0.061,1,HEXIM2
3.23905347852613e-07,0.33746823648555,0.866,0.76,0.00782328586668417,PFKP
0.000217784907251082,0.337430056839827,0.486,0.389,1,SENP2
0.000387324092046568,0.337336655047573,0.472,0.374,1,PHACTR4
0.0955175390452442,0.337135957237886,0.031,0.017,1,TMEM86A
0.265417517375145,0.337111091227763,0.03,0.02,1,LRRC61
1.13743098062203e-06,0.337003121583201,0.771,0.658,0.027472370474964,TMED7
0.542848255265444,0.336897726216113,0.105,0.096,1,ZNF354A
0.00238512795134857,0.336873326977475,0.301,0.223,1,KLHDC10
0.0285575691012896,0.336669026081784,0.107,0.073,1,SLC6A9
0.711495343908424,0.336626075329073,0.084,0.078,1,PAG1
0.0438292751886627,0.336587769277983,0.078,0.051,1,FBRSL1
0.152257210217885,0.336578864569526,0.079,0.059,1,SHMT1
0.00640289246015028,0.336451779174198,0.274,0.213,1,SNX19
0.0222086019327452,0.336438959693892,0.289,0.237,1,UBR3
0.177165528572446,0.336427165559588,0.241,0.213,1,FBXO3
0.000870580279649645,0.336295734770213,0.187,0.118,1,CBX7
0.00558493880168101,0.336155795028921,0.157,0.107,1,ZNF597
0.60351507484493,0.336072728690215,0.057,0.051,1,SPTBN5
0.0291742836725235,0.33571442137595,0.233,0.186,1,HHAT
3.64556139855138e-06,0.335590174137905,0.597,0.46,0.0880512444592115,SMIM12
0.000993105473733546,0.335255782941075,0.458,0.369,1,PRICKLE2
0.0114458408567582,0.335091091709721,0.125,0.081,1,ETAA1
0.0155533032087567,0.335064119802177,0.069,0.039,1,SELL
0.00688689846815659,0.335056050246279,0.25,0.19,1,TAF4B
0.277917200858385,0.334974127684847,0.013,0.007,1,SYCE2
0.00110369257493092,0.334875325471415,0.64,0.555,1,KLF3
0.00112786358158044,0.334526672303755,0.588,0.504,1,USP10
7.91529317639072e-06,0.333920885578093,0.633,0.518,0.191178076089365,IFITM10
3.62010790574964e-05,0.333849001867583,0.559,0.447,0.87436466247571,ELOVL4
0.30823215248914,0.333828734668421,0.062,0.049,1,LOC145783
3.27588356183667e-06,0.333667741673358,0.986,0.958,0.0791224156690411,FGF2
9.16286496655184e-06,0.33361675279325,0.549,0.421,0.221310677537127,TMEM222
0.000463897034961422,0.333611352718135,0.297,0.215,1,XPR1
0.148250071540049,0.333249264896493,0.119,0.095,1,MOSPD3
0.811152037343285,0.332819219137214,0.011,0.01,1,PDCD1
0.81426887783554,0.332733495971964,0.014,0.015,1,NHLRC1
0.000339908682195485,0.332676417389227,0.403,0.303,1,C16orf58
0.753504337981471,0.332321524233373,0.172,0.166,1,NFYA
0.00301317461537545,0.332288004975323,0.416,0.338,1,FNDC1
0.00111521681986961,0.332165601122003,0.148,0.09,1,ATG16L1
0.000323793713384772,0.332046927237283,0.263,0.183,1,FAP
0.407837807304877,0.331750426434702,0.104,0.091,1,OXSM
6.58597138522492e-07,0.331379301759522,0.64,0.516,0.0159070966867337,NGEF
0.00585575606658341,0.331342558338769,0.283,0.218,1,MICAL2
0.000104919089934358,0.331297916347555,0.284,0.186,1,DENND2C
0.0268441592814381,0.331100520596983,0.121,0.085,1,DMPK
0.0502603764596414,0.330974015094456,0.259,0.215,1,ZFYVE27
0.253326602797463,0.33093098562398,0.04,0.029,1,RASGEF1A
0.208257553481225,0.330819938087119,0.014,0.007,1,CLDN2
0.718635575198008,0.330795874837787,0.01,0.008,1,C6orf223
0.0215509257774162,0.33063899848097,0.233,0.184,1,GLRX5
0.749882843811253,0.33062287556738,0.014,0.012,1,SERPINA10
0.000439557574770084,0.330343993592984,0.189,0.115,1,PRKAG2
0.205871199602408,0.330286666763214,0.021,0.012,1,ZNF132
0.230028933374069,0.33020066906743,0.037,0.025,1,ZFP42
0.00619541481453296,0.330129305274891,0.15,0.098,1,SPICE1
0.00540699654123863,0.33003308527756,0.056,0.025,1,MSTO1
4.49813563956317e-06,0.329764290378552,0.585,0.464,0.108643470102369,NRBP1
0.0203214322203977,0.3296361239155,0.333,0.266,1,SPON2
7.01765707832305e-10,0.329535700355819,1,1,1.69497471412737e-05,FN1
0.00125419021287983,0.329466279151379,0.44,0.352,1,DIP2B
0.53470587709375,0.329304640381616,0.014,0.01,1,C8orf37-AS1
0.000239224971948307,0.329255054359372,0.347,0.257,1,MFAP3
0.00184837732568316,0.329226988487068,0.116,0.066,1,INO80E
0.00716180644494809,0.329028854617456,0.183,0.129,1,HERC3
0.366967277109105,0.328846760687391,0.129,0.115,1,ZBTB5
0.000283827464030575,0.328703253181647,0.572,0.464,1,NECAP1
9.58365946635377e-05,0.328689378538079,0.43,0.323,1,KHNYN
0.063658268147419,0.328398649912724,0.427,0.386,1,ELP2
4.14025786759394e-05,0.328081175051259,0.477,0.35,0.999996482759964,SYNPO
2.60717873076941e-05,0.328003361009826,0.496,0.377,0.629711878842735,NOP2
0.0211749618165722,0.32793943090325,0.189,0.139,1,DLAT
0.000185774579534937,0.327929285234832,0.29,0.198,1,TRUB2
0.212671687518896,0.327855010660339,0.016,0.008,1,SCARNA10
0.978965359390438,0.327741050655545,0.022,0.022,1,EGOT
0.00133380606857261,0.327717161459731,0.439,0.343,1,MCMBP
0.194978977654461,0.327625426026283,0.025,0.015,1,LINC00211
0.138630501998341,0.327444748721129,0.056,0.039,1,LOC100505942
0.672769130373303,0.327148316907404,0.013,0.01,1,LIMS2
0.197085483614394,0.326923646887204,0.202,0.174,1,SLC25A25
0.830122439478732,0.326867084871405,0.038,0.036,1,SLCO2A1
2.40997606449009e-05,0.326412899469535,0.371,0.261,0.582081518856291,B4GALT2
4.73733134253589e-06,0.326113121392574,0.593,0.481,0.114420763916269,STARD7
0.0565902963741119,0.325884371461436,0.066,0.042,1,MTMR7
0.000248156621017898,0.325724011221892,0.375,0.277,1,POM121C
0.00330421950353091,0.325658539355346,0.636,0.569,1,DKC1
0.427351777565884,0.325531564826054,0.021,0.027,1,HECW1
0.851533023719495,0.325225984242678,0.025,0.024,1,LOC101928441
0.00745022309573684,0.325206848214965,0.982,0.958,1,CLEC3A
0.222782395930515,0.32517072150825,0.031,0.02,1,LOC257396
0.201831575666467,0.325169770178458,0.011,0.005,1,B4GALNT3
2.8560465123214e-05,0.325015956956141,0.891,0.827,0.689820914120988,CLCF1
0.422149817363189,0.325003377921526,0.037,0.029,1,LINC01565
0.642292417772551,0.324937692924998,0.04,0.036,1,FKBP9P1
1.1942021471166e-06,0.324887972077009,0.551,0.404,0.0288435644593071,RRP12
0.33364476326237,0.324884186162017,0.108,0.093,1,ZNF565
0.000648319726551986,0.324842886062732,0.216,0.144,1,E2F3
0.0012759676813499,0.324801446860791,0.299,0.222,1,LIN37
0.0370080515958739,0.324751408765792,0.079,0.051,1,SMC5-AS1
0.0598365797932178,0.324505245563884,0.2,0.162,1,CDK2
1.46972296072661e-06,0.324449274958266,0.616,0.484,0.0354982186704297,USP7
0.0471386937321084,0.324341525611909,0.263,0.22,1,PCBD1
0.000342486095661875,0.324314610422814,0.286,0.2,1,KLHL11
0.0141542329018736,0.324286372903527,0.172,0.122,1,LOC100288798
1.11341146288356e-07,0.3240426378319,0.521,0.36,0.00268922270630266,P3H1
0.0910323502103715,0.324039010392536,0.168,0.137,1,SBF1
0.00120522187626347,0.323885094097718,0.183,0.12,1,QSOX2
0.0122558408519681,0.323778615920382,0.174,0.124,1,ANKRD54
0.577066371010286,0.323768208138628,0.011,0.008,1,SHANK2
0.38887594439266,0.323649869394518,0.056,0.046,1,TRIM66
0.0151388180458525,0.323603353835791,0.143,0.1,1,FAM58A
0.0192919639204435,0.32354400901184,0.097,0.063,1,CERS4
0.726619164494859,0.323422187149098,0.11,0.105,1,NEIL1
0.375262386241746,0.323175519496922,0.071,0.059,1,ZNF215
2.61495510168956e-08,0.32315737066038,0.605,0.44,0.00063159010571108,AMFR
0.0304336437019805,0.323096768374948,0.145,0.107,1,THOC5
0.132446143694377,0.323016818139067,0.01,0.003,1,POMK
0.000158099846880467,0.322950037439207,0.362,0.261,1,SNX7
0.282066130334655,0.322898763568373,0.116,0.098,1,ZNF44
5.57820300496137e-06,0.322819006218051,0.52,0.387,0.134730337178832,NRD1
0.297535491142313,0.322745954463361,0.016,0.024,1,LINC01265
0.0394628695679828,0.322736494013054,0.231,0.186,1,DIP2A
1.8380338157898e-07,0.322541564846439,0.93,0.871,0.00443940307527709,ITGA5
0.122141004489863,0.322461887564762,0.021,0.01,1,PAX5
0.00648653670558194,0.322456467085653,0.288,0.225,1,SLC39A3
0.000657231400555044,0.322273097705724,0.354,0.269,1,GNA11
0.0153874945634506,0.322032373940047,0.254,0.196,1,POLR1E
0.000301441420688298,0.321870553480981,0.568,0.47,1,BCL2
0.0531787476066049,0.3218614700795,0.077,0.051,1,TENM3
0.00137502137410697,0.321783282194207,0.359,0.281,1,FDX1
0.0487144856747896,0.321624636624579,0.148,0.112,1,ARHGEF5
0.260348454168096,0.321420698811539,0.078,0.063,1,ASB16-AS1
0.00570752863103612,0.321221950934686,0.245,0.183,1,CGREF1
0.0157456913601749,0.321207429054153,0.42,0.359,1,KANSL2
0.000360595936331444,0.321100763667545,0.174,0.103,1,P2RX4
0.0147233061025847,0.32100360627082,0.179,0.13,1,NUDT4
8.0968350818346e-06,0.320931061520084,0.403,0.279,0.195562857731551,SYNJ2BP
0.000237630581134479,0.320918879795859,0.6,0.492,1,TMEM106B
0.151940385036178,0.32067478028552,0.145,0.12,1,TCIRG1
0.366750983492581,0.320586084072356,0.011,0.007,1,LOC401242
0.0209588259832535,0.320527215715197,0.145,0.103,1,NFATC2IP
0.00453212822220274,0.320283891297938,0.19,0.134,1,GCC1
0.00593379831297003,0.320235930429989,0.186,0.129,1,MORN4
0.279020446838111,0.320203038687606,0.12,0.102,1,ZCCHC4
0.00323205984988252,0.320159994190292,0.089,0.047,1,FLYWCH1
0.00151641757369846,0.319845815021826,0.684,0.604,1,JHDM1D-AS1
0.00264704610171671,0.319824139564023,0.234,0.169,1,ZNF506
0.132880158656168,0.319714207440908,0.01,0.003,1,RBM20
0.241849160303853,0.319672450424522,0.123,0.102,1,CMTR1
0.0014781459510298,0.319666147767125,0.241,0.166,1,AGPAT1
0.712022517233218,0.319395868658381,0.094,0.088,1,DACT3
0.083991104042701,0.319363441592811,0.147,0.115,1,IDE
0.000453382524545763,0.319299931978855,0.223,0.147,1,TMEM101
2.64097828705834e-05,0.319275754824383,0.449,0.328,0.637875485673201,KIAA0141
0.000120356556450852,0.319219966263095,0.377,0.274,1,C16orf52
2.09739358739168e-06,0.318846264759055,0.32,0.203,0.0506583473162712,KIFC3
0.00967372842626759,0.318841442394446,0.121,0.078,1,STAT6
0.0911973942339973,0.318736449462406,0.019,0.008,1,KIAA1549L
0.0012072206467911,0.318641243545375,0.426,0.332,1,ZNF264
0.0367203828036861,0.318538001304853,0.233,0.186,1,MANSC1
0.0112637677474163,0.318482303159813,0.202,0.149,1,TRNAU1AP
0.542115841479268,0.318481199656768,0.014,0.01,1,IRX1
0.20375614306456,0.318408082535662,0.011,0.005,1,MBL1P
0.000230248217386129,0.318407971387216,0.51,0.411,1,GPT2
0.0356691714905769,0.317709211036523,0.115,0.08,1,C2orf44
1.71847859754356e-05,0.317636092902023,0.897,0.812,0.415064135664696,CHAC1
0.00019900038220086,0.317602520224175,0.323,0.225,1,ADNP2
5.81706035674891e-05,0.317530908645193,0.648,0.53,1,TRIM28
0.0015412552465591,0.31751566194801,0.283,0.205,1,ZNF703
0.00124934648672438,0.317343437079611,0.213,0.144,1,LINC01105
0.95458589216852,0.317022694993696,0.04,0.041,1,TRH
0.00393268798217457,0.316955341076304,0.143,0.091,1,GEMIN4
6.81953666023185e-06,0.316775877136487,0.591,0.457,0.16471226895458,TNPO1
2.12183669812675e-05,0.316638382577242,0.976,0.966,0.512487217698554,AEBP1
0.607262762673985,0.316463591421686,0.032,0.037,1,CLYBL
3.55162142311917e-07,0.316347434960958,0.806,0.679,0.00857823122325972,SEMA3E
0.000130755609435243,0.316282447254294,0.206,0.125,1,ANO10
3.75606423637126e-05,0.316277571877111,0.691,0.584,0.907202195010749,TPBG
0.00853957236825749,0.316260190054212,0.293,0.234,1,NUDT15
0.0117064755362433,0.316222460896104,0.08,0.046,1,CIB2
0.000182247656664924,0.315915633699941,0.383,0.284,1,FUT4
0.0998339424104524,0.315846820418958,0.058,0.039,1,CCDC144A
0.348367203720291,0.315533077734092,0.024,0.017,1,FAM83G
0.0151083049498132,0.315528623077691,0.058,0.03,1,PLCB1
1.32300752812656e-06,0.315511702023579,0.973,0.934,0.0319546008268409,FERMT2
0.00482822800038263,0.315374328096593,0.627,0.552,1,P3H4
0.000769441818873793,0.315266508570356,0.241,0.166,1,GTPBP10
0.014594076396897,0.315233993613434,0.202,0.149,1,GTF3C2
0.345389842321689,0.315095517702471,0.032,0.024,1,CNIH3
0.0472770574712548,0.315064791520547,0.044,0.024,1,TRIM14
0.00130044542993526,0.314838912895455,0.271,0.196,1,HEATR1
0.00155669037385183,0.314696437224666,0.371,0.286,1,C16orf45
0.177556965311561,0.314674337259099,0.147,0.124,1,ZBTB17
0.0243465047034877,0.314582475664791,0.131,0.091,1,ATP9A
0.143359746139149,0.314411897573635,0.094,0.073,1,ASIP
0.900469445395942,0.31412816272005,0.044,0.042,1,TWIST2
0.0266121271797794,0.313883962277815,0.187,0.142,1,RCAN3
2.25193171277751e-05,0.313845769357409,0.447,0.34,0.543909066587151,PXDN
0.0415662349888099,0.313800134519564,0.053,0.03,1,TTLL12
0.26883475581349,0.313688753888795,0.081,0.066,1,RHPN2
1.361866825041e-05,0.313652077176446,0.349,0.239,0.328931694252152,COG6
0.163011440528587,0.313641479259475,0.085,0.064,1,EGFL7
0.00754751499491777,0.313602832245492,0.129,0.085,1,GLB1L3
0.163715684806791,0.313351321834531,0.199,0.169,1,WDFY2
0.0474487613190803,0.313344735275344,0.078,0.051,1,SULT1A1
0.00179656009383492,0.313334027700631,0.305,0.227,1,EP400
0.100091119792849,0.313069975357046,0.108,0.081,1,CFAP54
0.0374722221186011,0.3130239780238,0.136,0.1,1,GALNT5
0.0115595993092696,0.312913596345882,0.23,0.174,1,GEMIN5
0.516501631643017,0.312747104540684,0.042,0.036,1,ZNF786
0.162411237408946,0.312586208892824,0.104,0.083,1,ZNF136
0.0444429875960844,0.312564003875361,0.086,0.058,1,LENG8-AS1
0.0156336158724837,0.311996599565757,0.171,0.125,1,FAM98B
0.605571261642074,0.311443702123999,0.048,0.042,1,ZNF684
0.163476880493974,0.311187104986368,0.092,0.069,1,KIAA1656
8.34784237069365e-06,0.311175342811695,0.982,0.949,0.201625436779364,BMP2
7.33527829254455e-06,0.311167019103772,0.637,0.499,0.177168976599828,SOWAHC
1.85963343353226e-06,0.311136063754001,0.353,0.227,0.0449157263201047,FBXO33
2.10088947257967e-06,0.310958658199838,0.601,0.464,0.0507427834312167,SRM
0.000199314147976346,0.310937125917129,0.52,0.426,1,SLC39A13
0.00012895503207779,0.310924114332554,0.258,0.169,1,ATP8B2
0.575587162773873,0.310922699789739,0.011,0.008,1,PITX3
1.28290934134231e-13,0.310807280232098,1,1,3.09861093214409e-09,FMOD
0.577556598852702,0.310600252823996,0.029,0.024,1,HAL
0.0357644518096227,0.310366846838226,0.38,0.327,1,RASSF1
3.53867058161035e-06,0.310354094320087,0.961,0.91,0.0854695105576348,TGFBR1
0.0168359123918896,0.3101366496464,0.198,0.149,1,NCDN
0.00223867718810677,0.310109327990577,0.249,0.176,1,LOXL4
0.00138729419064105,0.309761594588736,0.472,0.372,1,HIP1
0.225574618082736,0.309240787051238,0.037,0.025,1,SLC19A3
0.187535545198095,0.309220210893902,0.056,0.041,1,ABCA17P
0.206475661186862,0.309216312413515,0.021,0.012,1,HIST1H1E
0.00564175508283292,0.309124805610549,0.227,0.166,1,BRMS1L
0.00520971414494829,0.309061768220614,0.205,0.146,1,KIAA0391
0.750857875235044,0.309002135916026,0.014,0.012,1,GRIK2
0.00113331544263627,0.308964627274978,0.186,0.122,1,SLC22A18
0.000123899347628337,0.308940049590873,0.997,0.985,1,HSPA5
0.43608556928229,0.308936457461571,0.174,0.159,1,SMG9
0.000772709259735881,0.308915794998107,0.42,0.34,1,HDGFRP3
0.0467764224352447,0.30888273966238,0.084,0.056,1,DTX2
0.00976344152671604,0.308785553036402,0.268,0.205,1,IMPDH1
7.38548926304265e-06,0.308644876405304,0.959,0.893,0.178381722170269,RUNX1
0.335085712436281,0.308614709251609,0.019,0.027,1,CDH15
0.478967823479811,0.308575970291312,0.01,0.007,1,SDR16C5
1.05532402532774e-05,0.308469042423531,0.663,0.528,0.254892411837409,ABCE1
0.0121935314291566,0.308289680559724,0.204,0.151,1,BBS2
0.858046250613434,0.308264021038756,0.022,0.02,1,LOC283140
0.213584599387517,0.307949470749009,0.048,0.063,1,GATA2
7.75582630799646e-05,0.307797123873594,0.472,0.372,1,C11orf24
0.0202356089582977,0.307683995283991,0.215,0.166,1,NEK11
0.0152301961895715,0.307563150454877,0.157,0.112,1,GTF2IRD2
4.84189082284806e-06,0.307528920559708,0.68,0.56,0.116946189044249,DIAPH1
0.0143948856788739,0.307480739155329,0.298,0.235,1,TSC1
7.30387227874662e-05,0.307407765026976,0.652,0.541,1,AHCYL1
0.000399177208363753,0.307362826229447,0.372,0.281,1,MALT1
0.956786924098943,0.307340925948465,0.095,0.093,1,LOC284950
0.0786446978997186,0.307336163498039,0.176,0.142,1,HSDL2
4.09123305224214e-05,0.307331558807396,0.608,0.504,0.988155519108045,MYL6B
0.340694641362601,0.307301338260821,0.079,0.066,1,ZNF761
0.22526792269513,0.30723778657421,0.047,0.034,1,TELO2
0.192889758540617,0.307031618078121,0.038,0.025,1,LOC100506142
0.00870985124491411,0.306961741084649,0.149,0.102,1,ABCB7
0.34271044523866,0.306941229137339,0.063,0.051,1,SAP130
1.5070279288356e-06,0.306787205452046,0.802,0.663,0.0363992455651662,ARNTL
0.000192110513367836,0.30674805739663,0.291,0.198,1,RBM10
0.108308238653169,0.306471154995365,0.014,0.005,1,DIRC3
6.64734838668776e-08,0.306408666639049,0.987,0.968,0.00160553405583669,XBP1
9.38959504333195e-06,0.306352687410909,0.466,0.335,0.226786889081597,NRP2
8.389679437246e-05,0.306300299842353,0.277,0.184,1,PHYKPL
1.01884679188768e-08,0.306108134817182,0.964,0.91,0.000246082065644632,PAM
1.07814332928448e-06,0.305867707549748,0.984,0.937,0.0260403958322081,PMEPA1
0.000915274390851594,0.305740855220563,0.249,0.174,1,ASB6
0.0437441752300323,0.305631216878668,0.569,0.497,1,AKAP12
0.00377331859214699,0.305600318573463,0.692,0.621,1,SCD
0.0670405181707653,0.305324027379196,0.118,0.088,1,TMEM154
6.86658599920614e-07,0.305322944297838,0.416,0.272,0.0165848651638826,MPP5
0.180013884079453,0.305245959425359,0.097,0.076,1,ZBTB48
0.000654800049765085,0.30524331942561,0.391,0.293,1,C12orf29
0.0188401153787399,0.304567270059242,0.279,0.218,1,EXTL1
0.00405243942361484,0.304481449252059,0.227,0.166,1,APH1B
6.59251918234836e-06,0.304442825200131,0.527,0.406,0.15922911581126,KCMF1
0.505502645992601,0.304364694876522,0.157,0.146,1,MAP3K5
0.089967097005684,0.304300898406946,0.04,0.024,1,LOC102724601
0.395540657320848,0.304270377439069,0.072,0.061,1,CCDC8
0.00438644525776797,0.304156726439166,0.281,0.213,1,DENND4A
0.00537155072916706,0.304092249392386,0.056,0.025,1,ZHX1-C8orf76
0.0259350702949598,0.303987658810232,0.136,0.096,1,TMEM30B
0.00264489681722912,0.303942458835005,0.392,0.311,1,SLC31A2
0.699394908215754,0.303903224354045,0.04,0.044,1,SNTN
0.106230541440403,0.303742429665275,0.054,0.036,1,ZBED8
2.43548088258236e-05,0.303582892444675,0.334,0.222,0.588241697570116,KPNA3
0.0771273067174621,0.303409783915431,0.2,0.162,1,ZW10
0.0344062259296066,0.302905219168938,0.033,0.015,1,VSNL1
0.00268712611072424,0.302751233739944,0.402,0.32,1,MUL1
0.000266036254818904,0.302522313044267,0.273,0.186,1,PPP3CC
0.494488508667678,0.302512482865876,0.141,0.129,1,RMDN2
0.0327218499113745,0.302216261322347,0.063,0.037,1,TMEM206
3.63052219831089e-05,0.301893454164756,0.457,0.338,0.876880026558029,PTOV1
0.00931853552176433,0.301710881795989,0.058,0.029,1,KCNG1
2.26899145530611e-05,0.301706097903724,0.867,0.787,0.548029506200084,GBE1
0.00908349469812851,0.301554552147262,0.373,0.303,1,INPP4B
0.00793348246910649,0.301479183930495,0.499,0.431,1,ATXN2L
0.259584185018423,0.301385315992533,0.04,0.029,1,MECOM
8.35806763891651e-06,0.301219598407118,0.866,0.79,0.201872407682751,SDF4
2.45627604441913e-06,0.301106386499676,0.921,0.863,0.0593264353008552,FSTL1
0.00594334244766318,0.300363287460326,0.455,0.379,1,SLC15A4
6.17286011071156e-05,0.300277930689081,0.326,0.228,1,UPF1
0.000348260154831185,0.300263692018837,0.614,0.519,1,HMGCS1
1.711335711784e-06,0.299959153088316,0.603,0.469,0.041333891446719,MYCBP2
0.763283352893152,0.299600163319156,0.026,0.029,1,EYS
0.161834259669846,0.299574174025994,0.022,0.012,1,MMP21
0.00993333369031271,0.299542111604378,0.149,0.102,1,DUSP16
0.00190415527373488,0.299217556946987,0.378,0.296,1,CLCC1
6.67614680712016e-06,0.298977523521508,0.797,0.695,0.161248973832373,FBXO2
0.479449507788901,0.298948998097745,0.01,0.007,1,PARD6A
3.83518376431989e-11,0.298939943003844,0.691,0.492,9.26311934596183e-07,ADSS
0.125269756493814,0.298825113224364,0.142,0.113,1,CFAP44
0.00340542740402063,0.29859941800002,0.197,0.137,1,LOC102467081
1.01894726647615e-05,0.298580024709329,0.857,0.766,0.246106333271984,PEA15
0.159515788017991,0.298522536543924,0.116,0.091,1,BCO2
0.179076326516398,0.298381407544742,0.042,0.029,1,PPP5D1
0.0202503830657578,0.298366829071421,0.356,0.298,1,BVES
0.0168723303832717,0.298303264842266,0.2,0.149,1,SATB2
5.7414330237339e-05,0.298191650514915,0.617,0.492,1,ILK
0.381495053006416,0.298126642070547,0.011,0.017,1,LOC101929395
0.000777843630084397,0.298031454782549,0.317,0.228,1,RAB29
0.194084760521108,0.29801711496575,0.074,0.058,1,C19orf44
6.30295835774606e-06,0.297984191407132,0.847,0.731,0.152235353214641,SEC61A1
0.102897110161702,0.297888874433355,0.126,0.098,1,GAB2
4.86557970355201e-05,0.297866196896978,0.574,0.447,1,YES1
0.00943875046877879,0.297730444812006,0.121,0.08,1,C1orf216
0.00150385338093023,0.297587225782415,0.199,0.134,1,PKN1
1.38241854554079e-05,0.297399314643101,0.916,0.819,0.333895551304467,EIF3J
0.00293154920065797,0.297347808830496,0.19,0.129,1,BBS9
0.0525542442386768,0.297192993096699,0.073,0.047,1,SH3TC2
3.92167059858446e-05,0.29706001530972,0.565,0.443,0.947201099676105,PDIA6
0.000245593270837695,0.296685809738636,0.367,0.276,1,TMEM100
0.0157831032824561,0.296610096475702,0.19,0.14,1,TBC1D22A
0.0219763320759809,0.296376345703004,0.312,0.255,1,GNL3L
0.263088634126455,0.296346948695281,0.136,0.115,1,NWD1
0.00813893751183038,0.296316821547941,0.308,0.242,1,MAOB
2.08234874572725e-06,0.295122928305173,0.25,0.14,0.0502949692555502,SLC9A1
0.164800163461687,0.29497226891478,0.246,0.215,1,MRAS
0.15365126066298,0.294904427787795,0.026,0.015,1,UQCRHL
0.249073936583029,0.29489863320845,0.125,0.105,1,FXYD3
0.110117288046815,0.294793341418479,0.081,0.059,1,ARMC7
3.25711641878098e-07,0.294738388316215,0.669,0.528,0.00786691328628171,CREBBP
0.0680448533652451,0.294674319729324,0.17,0.134,1,PHF8
0.000895274980058273,0.294517021458939,0.338,0.25,1,INIP
0.930480882364949,0.29423661364603,0.079,0.078,1,SEMA4D
0.000229763516772775,0.294119058212127,0.559,0.457,1,RNF144B
1.69222909791172e-06,0.293970324977385,0.478,0.352,0.0408724094018617,SLC6A8
3.77800903852658e-06,0.293796896374217,0.885,0.797,0.0912502523075324,SLC1A5
0.0556051384190508,0.293612489165318,0.189,0.149,1,NKD1
0.897734485320953,0.293505585315033,0.019,0.019,1,LOC100506368
0.0119020721147618,0.293456763385202,0.155,0.107,1,ACADSB
0.0711862908857778,0.29345121268816,0.054,0.034,1,KPTN
0.0483333630513438,0.293438120528989,0.22,0.179,1,KLHL5
0.00013513519941045,0.293336743321793,0.297,0.201,1,SMG5
0.00103299562569765,0.293295854567656,0.15,0.091,1,INSC
0.00329177205516029,0.293205429993495,0.757,0.672,1,CDR1
0.0637684551088312,0.293179733495838,0.144,0.11,1,PLAGL2
0.00180513995914219,0.293010184623094,0.254,0.179,1,ULBP1
0.0470825483443412,0.292657928417552,0.127,0.093,1,HECTD3
0.672016261036235,0.292503727585308,0.008,0.01,1,PRSS54
0.00278842541501431,0.292346147997601,0.307,0.23,1,PQLC3
0.0148986874175776,0.292300404718126,0.056,0.029,1,MGARP
0.000372706596486132,0.292297362671434,0.359,0.271,1,WIPI1
2.28283786105919e-05,0.29225898780159,0.656,0.531,0.551373828581626,GDI1
0.000468000558402186,0.292170054730466,0.326,0.24,1,DDX3Y
0.00395835771394506,0.291945101507809,0.136,0.085,1,NTMT1
6.04377201755436e-07,0.291856314949413,0.644,0.506,0.014597522553999,STARD13
0.107205510053865,0.29173400401937,0.189,0.157,1,RAD51AP2
0.23524471514795,0.291613049542343,0.058,0.044,1,TNFSF9
0.00131764280515174,0.291502530888899,0.923,0.865,1,INSIG1
0.000852912739303251,0.291323981310082,0.275,0.195,1,ATP6V0A2
0.228022620691152,0.291252703010861,0.068,0.052,1,TRIM68
0.00973176034442765,0.290784604533695,0.238,0.183,1,CLASP1
0.187396859413933,0.29074136554771,0.076,0.058,1,GJC1
0.339009918546375,0.290420391426744,0.006,0.01,1,CATSPER3
0.00414174625049246,0.290419814520603,0.226,0.161,1,ZNF335
0.0538084309995933,0.290286560865687,0.119,0.086,1,PFN1P2
1.40758572571465e-07,0.290193576913406,0.683,0.526,0.00339974180331858,TMEM248
3.12056033469419e-07,0.289972840809785,0.895,0.827,0.00753708937638688,COLGALT2
4.72416815615352e-06,0.289916195632911,0.68,0.569,0.114102833475576,TMCO3
1.49144987303261e-05,0.289710434594615,0.283,0.178,0.360229887833565,CTDSP1
4.57353314699681e-06,0.28958250281293,0.84,0.739,0.110464546099414,ITGB5
0.125339445662965,0.28952923524651,0.023,0.012,1,ONECUT2
0.386712510062917,0.289485621003231,0.074,0.063,1,LSAMP
0.018206387871288,0.289230349531973,0.378,0.32,1,SLC7A5P2
1.91909999932105e-07,0.289213755765208,0.627,0.455,0.00463520222836014,P3H3
0.295819568822141,0.289186252876705,0.107,0.09,1,CCDC24
1.24603469580314e-06,0.289166970623132,0.865,0.745,0.0300954760077331,YARS
0.279841353246098,0.289162888104364,0.013,0.007,1,PAX9
0.012483099201182,0.28914456435089,0.116,0.074,1,BECN1
0.0856970094926144,0.28908289147067,0.133,0.103,1,FAM222A
0.0233625098655201,0.289064102075058,0.19,0.144,1,BCL7C
4.33524066830874e-05,0.288819646393633,0.775,0.682,1,MRPL47
0.000105843395694001,0.288808645160785,0.304,0.208,1,MFN2
8.85473146855349e-05,0.288800557945445,0.284,0.19,1,PRPF4
0.548448010824015,0.288700633499,0.069,0.061,1,PSTK
0.180956298356526,0.288534179690679,0.042,0.029,1,LOC81691
0.033761926875939,0.288531491081208,0.021,0.007,1,ELMO3
0.0664500227939293,0.288470504083625,0.157,0.122,1,NFS1
0.456728019359856,0.288283604358622,0.1,0.088,1,LOC113230
0.27773255525732,0.288275336905913,0.109,0.091,1,TNFRSF9
0.000988727331295839,0.287847903289274,0.428,0.338,1,GRPEL2
0.00111258708274014,0.287427363048476,0.635,0.55,1,DSC2
0.000270406230309785,0.287365888054155,0.663,0.553,1,SPG20
0.882533348364708,0.287252757826625,0.042,0.041,1,CNBD2
0.637783365694411,0.287153047149402,0.069,0.063,1,MYOM2
5.3021758682778e-05,0.287055986394295,0.887,0.792,1,SDC4
0.000158592907944056,0.286916101322504,0.339,0.242,1,ETFDH
0.000144940916439413,0.286783493118322,0.432,0.321,1,CLMP
0.000130995380136334,0.286780052411747,0.655,0.557,1,ZNFX1
0.00019729272250586,0.286729838398308,0.597,0.486,1,SLC9B2
0.00215121119119531,0.286713631877628,0.328,0.252,1,PPP2R2D
0.00028447565508309,0.286618479596376,0.397,0.296,1,NF2
8.45821419816435e-06,0.286455142085769,0.328,0.218,0.204291247528264,ERGIC1
4.36524509212024e-05,0.286449415929219,0.306,0.205,1,TM7SF3
6.480654983279e-09,0.286299262130262,0.984,0.964,0.000156527259811138,PAPSS2
0.000799771721357885,0.286163127137349,0.285,0.206,1,LRRC8D
0.333947924523414,0.286118662800307,0.207,0.188,1,DENND4C
0.0134319553129948,0.285927231957138,0.467,0.406,1,PDCD11
7.77527883844031e-05,0.28586438340797,0.633,0.536,1,RNF19B
0.220641474223558,0.285862037078353,0.084,0.066,1,LCAT
0.255742274393187,0.285700271599182,0.158,0.134,1,LOC100506127
0.0146875441893516,0.285683212827854,0.754,0.685,1,MSMO1
0.0144344093707576,0.285611602488329,0.07,0.039,1,FPGT
0.0500132218560378,0.284975457878145,0.01,0.002,1,GRIK5
0.000592241000561923,0.284943196963626,0.486,0.382,1,POLR2J3
0.0395536318330881,0.284797461195239,0.12,0.086,1,NFRKB
0.0239385397996693,0.284458395928795,0.186,0.14,1,MAP4K3
0.00241678997831587,0.284426215277955,0.4,0.316,1,ETV5
0.392792792694929,0.284386049761137,0.089,0.076,1,ZSCAN32
0.00577518541966039,0.284232464679297,0.175,0.122,1,B3GALT6
0.000296562388152081,0.2841953502018,0.189,0.117,1,MCOLN1
0.62853534437784,0.284157190065188,0.015,0.012,1,SUSD4
0.0290557277232263,0.284104767203873,0.244,0.193,1,TRAFD1
8.92692646161581e-05,0.284074273910408,0.515,0.394,1,ITPR1
0.730174520438208,0.283798052420513,0.174,0.166,1,PAN2
0.0201936826388518,0.28367501438474,0.355,0.291,1,FMR1
0.0209312295678019,0.283612312238685,0.134,0.093,1,CCDC34
3.07625910252411e-05,0.283594463274469,0.512,0.403,0.743008861032648,TEX261
0.0493166912299409,0.283435305090348,0.107,0.074,1,DSTNP2
1.93473336457631e-05,0.283344667378247,0.97,0.946,0.467296149546117,PTGS2
0.00304732547231818,0.283287671062763,0.79,0.709,1,DNAJA2
0.00114080505158225,0.28320204365826,0.64,0.565,1,ZNF655
5.92610240353684e-05,0.283091650710878,0.648,0.548,1,CCND2
0.000479009418221898,0.28294048343874,0.62,0.514,1,PART1
0.00156839472930267,0.282803707708336,0.239,0.164,1,NPAS2
1.63744876208819e-05,0.282775465222132,0.568,0.447,0.39549299950716,COLGALT1
0.00192750127163102,0.282699960696076,0.596,0.499,1,CMAHP
0.00347078895326069,0.282599356168512,0.132,0.083,1,C10orf88
0.162888273389797,0.282558400439378,0.047,0.032,1,REP15
0.00064803118651986,0.282510560677053,0.228,0.154,1,SLC2A12
0.53249755671411,0.282421035038191,0.105,0.095,1,ZNF76
9.44624077760295e-05,0.282251238612738,0.478,0.367,1,LEMD3
0.000111295275476525,0.282187733241893,0.415,0.306,1,KDM5C
0.000128235507733689,0.282096356615801,0.59,0.481,1,CLTB
6.02326832013066e-06,0.282093618849099,0.394,0.276,0.145479999736116,HMOX2
0.398200486825969,0.2820679632375,0.025,0.019,1,KIAA0408
0.0515645781931366,0.282001212118656,0.415,0.359,1,POLR3D
0.00292387926746353,0.281603450184417,0.18,0.12,1,NLRP1
0.0149925873766193,0.281561281635401,0.428,0.362,1,PPID
0.0158568424140347,0.281471766700274,0.143,0.1,1,SEC61A2
0.000136883680866162,0.281119598941034,0.519,0.413,1,OSGIN2
0.00492953157661767,0.281040742813934,0.205,0.146,1,PIP4K2C
0.00183288608293409,0.280861356135439,0.332,0.255,1,OPA1
1.62298756738833e-05,0.2806889871109,0.399,0.283,0.392000187151303,CPPED1
0.0250778355861958,0.280635391421036,0.354,0.294,1,CASP3
4.76429470601317e-05,0.280626252780554,0.475,0.352,1,SEC23B
8.96097935680213e-05,0.280530470203661,0.181,0.105,1,SLC16A10
0.000198468340313223,0.280403637898424,0.785,0.694,1,SLC39A6
0.0593713025466819,0.28033041018364,0.033,0.017,1,OLFM2
0.00645321120144442,0.280289046216887,0.244,0.183,1,LANCL2
0.0066612709062427,0.280081570342529,0.302,0.234,1,ZNF674-AS1
0.0128353585361406,0.280025102897693,0.086,0.051,1,UBA6-AS1
2.24568363624479e-06,0.280011125606384,0.707,0.572,0.0542399968662203,KCNK1
0.0278333506059353,0.279898321703886,0.074,0.046,1,MED14OS
0.0225894967702384,0.279881361601746,0.042,0.02,1,GRK4
0.101772343707317,0.279572894348901,0.153,0.122,1,BLID
0.00335487484429524,0.279395083886696,0.345,0.272,1,C2CD2
0.0800964482806189,0.279371787501407,0.047,0.029,1,FAM196A
0.000416406955972602,0.279236373077495,0.456,0.354,1,SLC4A5
0.000743466003508156,0.279029759275783,0.241,0.164,1,C17orf62
4.90937609529373e-05,0.278968386699541,0.351,0.245,1,ITGA11
0.169739621473289,0.278641288953572,0.045,0.03,1,MRGBP
0.0524124747980102,0.278533489053332,0.341,0.294,1,MRPL12
0.0391879524938351,0.278479587382841,0.163,0.122,1,EXOC4
1.15369166398129e-05,0.278464514058529,0.466,0.347,0.278651147601402,NOVA1
0.00545056829584068,0.278376649576462,0.19,0.135,1,CNOT11
0.0356079158313958,0.278240906202478,0.045,0.024,1,LIMD2
0.000529074363953666,0.278173859901708,0.644,0.54,1,PSME3
0.358244972582714,0.27800322108628,0.014,0.008,1,PLK1
0.00612179400846661,0.27767306792431,0.346,0.267,1,SPG11
4.38101674405108e-05,0.277485346602049,0.843,0.741,1,LTBP2
0.000241790173080042,0.277082425502571,0.458,0.349,1,PNMA1
0.12129468088276,0.276882952554085,0.032,0.019,1,NDUFV2-AS1
0.662394191372936,0.276848015871728,0.013,0.01,1,MTUS2-AS1
2.40466784053051e-06,0.276788626838653,0.896,0.804,0.0580799423523334,NDEL1
0.0522240267125617,0.276767972211157,0.396,0.338,1,KLF5
0.0156246104794199,0.276710512522259,0.348,0.286,1,CASK
4.50026144732261e-05,0.276635905136834,0.527,0.409,1,PHC2
0.211259754655293,0.276477789378467,0.016,0.008,1,LINC00323
0.018297139017584,0.276296869075206,0.126,0.085,1,LINC01558
9.16346022953047e-05,0.276140019826767,0.962,0.931,1,ZFAND5
0.00976241794596541,0.276126042868993,0.119,0.076,1,WDYHV1
7.58935709939026e-07,0.276107918041391,0.652,0.501,0.0183305742021573,LARP6
0.0002509768886875,0.276066455927967,0.338,0.249,1,LYNX1
1.06029311596781e-06,0.27599159867698,0.981,0.958,0.0256092596299704,SERPINA5
0.00469990777922273,0.275981071870408,0.12,0.074,1,APOM
2.05503836220554e-07,0.27591153828275,0.612,0.46,0.00496353415623505,GPX8
0.425687024282928,0.275882989357477,0.023,0.017,1,HS1BP3
0.0245861013520997,0.275829709406126,0.121,0.083,1,AOC3
2.70331797131277e-08,0.275660868838256,0.995,0.968,0.000652932389611174,COL6A2
0.000620787958894095,0.275481713240503,0.425,0.332,1,PI4K2A
0.102909991310046,0.275371930548083,0.066,0.046,1,ZFP28
0.0899739914057643,0.275061999374596,0.12,0.091,1,WRAP53
4.42998928420806e-06,0.275051251852061,0.981,0.956,0.106997531181477,SOX9
0.580030149033477,0.275027062271854,0.011,0.008,1,LOC728084
0.000219679154125991,0.274832876846867,0.34,0.244,1,RAVER1
0.000435003603088814,0.274821392702622,0.477,0.379,1,MRPL15
0.825496123537284,0.274779883254467,0.061,0.058,1,CYP8B1
0.124020657313686,0.274631395524009,0.05,0.034,1,RPS2P32
0.0022575034307705,0.274520318366307,0.22,0.156,1,POC1B
0.122958534569482,0.274480986757828,0.023,0.012,1,PTGES2-AS1
0.00370719309030477,0.274336343146177,0.448,0.369,1,MEPCE
0.0207393763012944,0.274248577692001,0.26,0.205,1,CHM
0.000101115146098674,0.2742291519454,0.652,0.545,1,SC5D
0.456810070623961,0.274168139991293,0.038,0.03,1,CCDC62
0.00054204992204995,0.274133763735439,0.322,0.232,1,LOC101926898
4.44829692989361e-05,0.274039722710822,0.541,0.438,1,ANGPTL5
5.69546633572948e-06,0.274019273365606,1,1,0.137562598406874,CTGF
0.011674803318029,0.27399140291651,0.086,0.051,1,CCDC57
0.000291478129988052,0.273965589368359,0.534,0.431,1,FER
0.00263612527562381,0.273895778189188,0.181,0.12,1,ITPK1
0.0498681362497615,0.273689668859781,0.167,0.13,1,MIS18A
0.0968362876146464,0.273473743534421,0.029,0.015,1,LOC100133920
0.423748627365127,0.273257185797988,0.149,0.134,1,FECH
0.546937666180919,0.273174502834417,0.014,0.01,1,LINC00330
0.0559167262657648,0.273138367009283,0.178,0.139,1,VPS37C
0.00029273332475784,0.273127322189186,0.535,0.433,1,ALG3
0.00803145387204844,0.273097627418947,0.386,0.318,1,GSKIP
0.049434612283998,0.273040280101086,0.182,0.139,1,SPIRE2
0.696874653141093,0.272909630234808,0.016,0.014,1,DEPDC4
0.00208688950579766,0.272879040565508,0.199,0.137,1,CCND1
0.024009052529065,0.272843912117061,0.258,0.208,1,P4HA3
0.000222213720238126,0.272276013853744,0.591,0.486,1,CDH19
0.0176174642170524,0.271987885740713,0.216,0.164,1,CLPX
0.00562300698735965,0.271936319866747,0.262,0.196,1,NCBP1
0.000411579597629556,0.271882984297433,0.361,0.272,1,ST6GALNAC6
0.0445198714038586,0.271848099384783,0.137,0.102,1,CGNL1
0.0212786431223044,0.271611543405387,0.155,0.112,1,BTBD16
0.551917212771793,0.271567991227704,0.047,0.041,1,ERV3-1
0.00465305833088125,0.271551877626033,0.181,0.125,1,SFXN4
0.00027107649980374,0.271449957529262,0.369,0.269,1,WIPF2
0.0313737129004269,0.271440226356376,0.317,0.267,1,WDR41
0.850298622749888,0.271370031127113,0.009,0.01,1,SPRR1B
0.00332499109150849,0.271260511461954,0.44,0.357,1,SOCS4
0.0392554520674696,0.271236476221525,0.32,0.266,1,C9orf114
2.60914130644841e-08,0.271198920866229,0.694,0.513,0.000630185899746485,KPNA1
0.0174080271289919,0.271130767965932,0.176,0.132,1,ZNF664
0.000169897348237412,0.271034938626321,0.387,0.288,1,KCNA6
0.0360553254253382,0.270889847913299,0.285,0.237,1,PRPSAP2
3.90451223678196e-08,0.270846717946328,1,0.997,0.000943056840549947,CILP
5.94233045446981e-05,0.270805979931979,0.425,0.31,1,USP6NL
0.000780575889340088,0.270737852350258,0.727,0.643,1,GAS6
0.0676359183696276,0.270701381942289,0.569,0.511,1,DNAJA4
6.31534684914558e-08,0.270507078344265,0.425,0.279,0.00152534572447413,GNA12
0.877915392233805,0.270314782288216,0.013,0.014,1,FUT2
0.117879791885756,0.270275328634168,0.065,0.046,1,GAS8
0.000271819707915654,0.27015950190767,0.993,0.993,1,RCAN1
0.000199205986555122,0.270111074215919,0.511,0.406,1,NTRK2
0.000767778388691858,0.270038696406535,0.218,0.144,1,GSPT2
0.272926149057268,0.269866314964615,0.434,0.406,1,ST8SIA1
0.00525642558905677,0.269831461721433,0.342,0.266,1,SNX4
0.119452834264825,0.26980573334386,0.034,0.02,1,SPEG
0.00146747518220875,0.269664924904261,0.348,0.262,1,TBK1
0.0327166375668743,0.269570428412326,0.132,0.095,1,TTI1
0.00409852636138476,0.269524845865318,0.153,0.102,1,SIRT3
0.00312575084554809,0.269494735693538,0.228,0.161,1,DAG1
0.204545249873845,0.269405360727015,0.112,0.091,1,CTU2
0.186083556266869,0.269356126245571,0.2,0.171,1,PDE4C
0.100076164931952,0.269072103154991,0.038,0.056,1,SAMSN1
0.000486643158664995,0.268910789875348,0.468,0.374,1,CHST6
0.211276015837569,0.268801085468602,0.055,0.041,1,NBPF3
1.04832004603873e-05,0.268763764544784,0.875,0.785,0.253200740719734,MAGED1
0.00116623924252021,0.268740506931018,0.376,0.286,1,E2F4
0.0029760082030236,0.268714551967546,0.658,0.57,1,SQLE
0.78105627838256,0.26859862001319,0.108,0.103,1,HKR1
0.488947723230931,0.268284067323529,0.085,0.074,1,SYCP2
0.00348548746412317,0.267939402341186,0.36,0.281,1,NUFIP1
0.000575440288105527,0.267760961796643,0.627,0.528,1,ANKRD28
0.303643132997448,0.267569008828251,0.205,0.184,1,RAET1G
0.0512504402609004,0.26747257267891,0.056,0.034,1,PLAG1
5.39518459674798e-07,0.267420540538345,0.86,0.748,0.0130309893565254,GRN
7.94801801557036e-06,0.267402265917568,0.641,0.519,0.191968479130071,PYCR1
0.000121964999300574,0.26740199300505,0.633,0.519,1,SPTY2D1
0.00973691293550898,0.267220568983939,0.191,0.139,1,CXXC1
0.000351450859376961,0.26707729930883,0.589,0.481,1,HMGCR
0.000391038032040045,0.267033723764322,0.802,0.741,1,TMED3
0.00134800350737146,0.266865924659748,0.825,0.741,1,NPR2
0.00571947769946685,0.266839273597796,0.3,0.232,1,THAP1
0.092533634057058,0.266766844823309,0.136,0.107,1,NUP62CL
0.0568877719226354,0.266685325094955,0.336,0.289,1,SLC38A3
0.0180789785427788,0.266494105759468,0.123,0.083,1,BRD3
0.0164611168511025,0.266468086673786,0.044,0.02,1,SYCP3
0.204487248351291,0.266403747308355,0.097,0.078,1,NIFK-AS1
0.509593115501538,0.266210303958494,0.027,0.022,1,CD300C
0.000512955168058412,0.26620518955743,0.174,0.108,1,ACAD8
0.0216262747383816,0.266157338991105,0.163,0.117,1,FGD4
0.0428917572020323,0.266068840839712,0.118,0.085,1,MED9
0.10024662539542,0.265718993318707,0.176,0.144,1,INTS7
0.000201429129141474,0.265699140598416,0.715,0.614,1,ADI1
0.00428311046265504,0.265652274425486,0.34,0.261,1,FTSJ3
0.00983566914164181,0.265473449152588,0.178,0.125,1,TCEA2
0.1711222608612,0.265366573779163,0.099,0.078,1,OGG1
0.00163180792051578,0.265289167704662,0.447,0.36,1,LARP1B
3.49045859687459e-05,0.265267654990499,0.806,0.738,0.84305046490312,CHST3
0.530987170710648,0.265214232640338,0.073,0.064,1,STK11
2.26249147710518e-05,0.264990931342662,0.638,0.521,0.546459566465214,EVI5
2.5868887131873e-08,0.264423218415793,0.991,0.986,0.000624811230896129,ANGPTL2
0.122436934212552,0.264339922531269,0.027,0.015,1,R3HDML
0.00720182703957957,0.264270651883097,0.645,0.555,1,ID4
0.000626956851971956,0.264054542859973,0.392,0.294,1,MPDU1
6.93585652886032e-06,0.263933688171035,0.725,0.604,0.167521742741563,MRPL44
0.00443867993905365,0.263732524185104,0.128,0.08,1,AVL9
0.00649480830619444,0.263611421204807,0.242,0.176,1,ZNF718
0.667326712662002,0.263579952043886,0.013,0.01,1,P2RX6
0.0112854963864139,0.263465062407227,0.19,0.137,1,TRIM24
0.0233288569481801,0.263434363494263,0.125,0.086,1,CDH23
0.209387738280412,0.263190563312261,0.016,0.008,1,ZNF491
0.0757979940874914,0.263002006003436,0.082,0.058,1,SRD5A1
0.0112271971312643,0.262919177787175,0.17,0.12,1,WDR5B
1.50536676685117e-07,0.262912478050265,0.919,0.856,0.00363591235197564,PXYLP1
3.4374284084707e-05,0.262903237466223,0.535,0.415,0.830242083497929,WSB2
1.19055754436566e-06,0.262890671034512,0.605,0.453,0.0287555363690637,NDUFV1
0.302605359302916,0.262782184093228,0.156,0.134,1,KIF18B
0.0136248353714963,0.262730180745757,0.279,0.22,1,ATXN1L
0.00587257231475634,0.262674502087507,0.62,0.535,1,SHISA2
0.304151809647947,0.262506522848771,0.07,0.056,1,C7orf31
0.000425265037576285,0.262449583215088,0.345,0.255,1,BTBD7
0.0601102061181111,0.262276137496007,0.143,0.108,1,CLLU1
0.592024330498517,0.262112016127873,0.153,0.144,1,EXO5
0.678450560314653,0.261946021281692,0.133,0.124,1,C15orf48
1.12813186880645e-05,0.2618664760645,0.352,0.237,0.272477690272821,EXOC1
0.0125330293633327,0.261831791348018,0.148,0.102,1,SMAD9
0.0559696045263714,0.261764003919865,0.228,0.184,1,NUP107
0.0470929202335085,0.261614682054118,0.186,0.146,1,ARAP1
0.00323162477597603,0.261565204441744,0.068,0.032,1,ZDHHC15
0.131142547224333,0.261547355847892,0.048,0.032,1,ATP6V0A4
7.98345053768032e-05,0.261505539847052,0.322,0.217,1,EMC8
0.0288665118889649,0.261469608393677,0.279,0.228,1,FPGS
0.000535263690722579,0.26144825330532,0.236,0.157,1,KLHL2
0.000151782411667128,0.261025471257141,0.36,0.255,1,ACBD6
0.00177133774227,0.260977661319666,0.259,0.188,1,PARP6
0.305346750870021,0.260920784126501,0.073,0.059,1,LOC101928069
0.0370093182637996,0.260785758862257,0.15,0.112,1,ZNF546
0.00116006752908487,0.260698044249104,0.57,0.482,1,SS18
3.02449678828311e-06,0.260603546806874,0.91,0.836,0.0730506709274019,FOSL1
1.88202082620411e-06,0.260578055083609,0.78,0.67,0.045456449015308,SPECC1
0.000134215393900501,0.260571529690842,0.435,0.332,1,NEK1
0.975219930860075,0.26045208752412,0.01,0.01,1,TOB2P1
0.00726955109649318,0.260252751409887,0.375,0.306,1,TET3
0.00555814599170734,0.260194491957023,0.228,0.166,1,PIGU
0.000139773266263361,0.260101948135037,0.615,0.491,1,FBL
0.121783389087008,0.260050881882865,0.007,0.015,1,CRABP1
0.00411023201948086,0.260039770946446,0.195,0.137,1,DSC3
0.0326876328202942,0.260016799156834,0.127,0.091,1,ABCB8
7.29841558187579e-07,0.260007574322066,0.62,0.47,0.0176278631549046,SLC35G2
0.00109337355405909,0.259839040421529,0.14,0.083,1,APBA3
0.00833429659486104,0.259824928892312,0.26,0.198,1,FNDC4
0.383092373475218,0.259762265278185,0.09,0.078,1,ODF3L1
6.60267259673861e-05,0.259704951031785,0.418,0.301,1,JMJD8
7.54292633129509e-05,0.259658302011755,0.58,0.457,1,SNX17
0.000791603267721768,0.259410213284113,0.637,0.547,1,NRBF2
0.000265033762179436,0.259379758464511,0.548,0.431,1,CCDC93
0.0612678575608587,0.259366902986407,0.07,0.046,1,MTMR4
0.000205072153814085,0.259334339129554,0.405,0.306,1,DIP2C
0.00143384917065015,0.259287450323099,0.323,0.247,1,SNF8
0.00384712272862529,0.259265723596485,0.249,0.183,1,MTX1
2.1815532608341e-05,0.259173720589998,0.582,0.464,0.526910559089261,BCL2L13
0.000998071931252013,0.258925194436805,0.127,0.071,1,LTC4S
0.156676083693974,0.258906309155154,0.085,0.064,1,PRKD2
4.08053321957169e-06,0.258868590701648,0.892,0.819,0.0985571188523149,SGMS2
0.00120246422542232,0.258844143273307,0.559,0.448,1,AES
0.0674547990424527,0.258843298040522,0.021,0.008,1,INPP5J
0.0178392785264008,0.258740605460662,0.123,0.083,1,FILIP1
0.218776657290457,0.258575624784687,0.14,0.115,1,IQSEC2
0.0213692658566677,0.258426254059323,0.182,0.134,1,ACRC
0.000712783826573248,0.258422650696794,0.283,0.205,1,KIAA1549
0.0715766556250291,0.25836375752844,0.077,0.052,1,SPIN3
0.0724550375731785,0.25828278153914,0.125,0.095,1,INPP5A
0.00208923064619548,0.25825374004653,0.637,0.553,1,ZYX
0.000103636686249323,0.258213457688989,0.881,0.812,1,ACSL3
0.654794865072283,0.258192269520333,0.049,0.044,1,GJB2
0.00291872327065393,0.258144916569097,0.21,0.144,1,POSTN
2.93471707340016e-05,0.258106632606317,0.412,0.298,0.708822214738339,FGFR3
0.000382198270540361,0.258076477344596,0.247,0.164,1,TSPAN4
1.72039977536013e-06,0.258061706549311,0.973,0.909,0.0415528157742732,NDRG1
1.64085109710081e-05,0.258000186944773,0.855,0.775,0.396314765482758,SULF2
0.031475933238805,0.257972043564472,0.155,0.113,1,MSRB2
0.00216783317536258,0.257963759361045,0.53,0.452,1,MAN1A1
0.000527882926294769,0.257962080132931,0.73,0.614,1,DENR
0.667416118096744,0.257777206822603,0.047,0.042,1,ZNF599
1.09362498302553e-05,0.257569826961633,0.503,0.376,0.264143242150156,ATG5
0.000369174153277066,0.257559964168144,0.9,0.826,1,SLC2A1
0.0589117987500686,0.25732137660541,0.11,0.08,1,DUSP28
1.98215289389378e-05,0.257179318107843,0.678,0.574,0.478749388462164,TNFAIP6
1.35275757117265e-05,0.257001276561744,0.907,0.807,0.326731536165331,TES
0.0112657657990848,0.256966151475988,0.06,0.03,1,SHROOM3
1.66902607586504e-06,0.25692719690822,0.864,0.751,0.0403119868103683,TNS3
0.000199451215793341,0.256671222578562,0.299,0.206,1,BCAS4
0.226333449015657,0.256613324959132,0.109,0.09,1,PARP11
0.00757804251867606,0.256190239785264,0.428,0.354,1,RUFY3
1.89598867038449e-06,0.256081655131057,0.471,0.327,0.0457938143557966,TMEM185B
0.0259190117809006,0.255901291552817,0.296,0.237,1,HS3ST3B1
9.69564757608065e-05,0.255879352496673,0.477,0.36,1,PXN
0.0918274840909493,0.255853316045128,0.093,0.068,1,LDB1
0.0562923613448539,0.255833879205261,0.136,0.103,1,LNPEP
0.0102753560673758,0.255830934639322,0.322,0.255,1,POLK
1.78758236475706e-06,0.255748093575024,0.527,0.398,0.0431754768559772,SEMA3C
0.000224972532462464,0.255537549736806,0.832,0.745,1,TRIB1
0.0733168028498416,0.255322501628883,0.2,0.162,1,STRIP1
0.00885521310114128,0.255165274174539,0.285,0.222,1,CREB1
0.033493834451556,0.255164589366771,0.27,0.223,1,CDC42EP4
7.27791581507387e-07,0.255118335267193,0.805,0.673,0.0175783500681479,GLIS3
0.000105431516145236,0.254809191561573,0.966,0.932,1,MTHFD2
0.0015081277868867,0.254709882146061,0.402,0.318,1,RAD23B
8.21566276975155e-05,0.254678376382925,0.97,0.917,1,EIF5B
0.268801675257713,0.254621530423495,0.074,0.059,1,C12orf66
0.330064831038592,0.254607368602931,0.018,0.012,1,IQSEC3
0.000835575182856099,0.254371024251824,0.442,0.355,1,PPM1B
0.000188716674242945,0.253989471988831,0.443,0.34,1,PVRL3
0.334334051894356,0.253969343067721,0.026,0.019,1,C2orf81
0.000733168589384974,0.253938660514358,0.147,0.086,1,C12orf60
0.000303829592650648,0.253761202542985,0.561,0.453,1,PIH1D1
0.246528827091034,0.253526154784325,0.024,0.015,1,ACO2
0.388461812809879,0.253313545098011,0.086,0.073,1,LINC00971
0.280943576891068,0.253311316429778,0.189,0.166,1,PRKCG
0.0528910678967818,0.253160826114655,0.192,0.152,1,SMG8
1.14360015440216e-05,0.253057019713784,0.389,0.277,0.276213745292754,FOXK2
0.555444797271357,0.252971300793083,0.089,0.08,1,C15orf39
0.00278599702516224,0.252957403599972,0.466,0.381,1,MEDAG
0.238878236239536,0.252917951815222,0.326,0.305,1,COLEC12
0.0446131700980691,0.252678006700241,0.068,0.042,1,ABCA9
1.16877816046826e-05,0.252273966158518,0.937,0.885,0.282294989097898,ANGPTL4
1.08211470361273e-05,0.252249165414913,0.814,0.712,0.261363164363583,CHD1
0.00107734564498591,0.252206224354355,0.408,0.318,1,LINC00632
0.00954457948974721,0.252194639573448,0.323,0.255,1,GPN1
0.00474649209172784,0.252153484463306,0.341,0.264,1,EIF2AK1
0.252169346131263,0.252142955845199,0.022,0.014,1,PRG2
0.0161732466119244,0.251957526826413,0.099,0.063,1,FYCO1
0.731218519991435,0.251814949593174,0.023,0.02,1,LOC283045
0.075181065014874,0.251692150612067,0.157,0.124,1,HAUS8
1.64898151157153e-05,0.251687327285173,0.908,0.844,0.398278504489872,PAPOLA
1.93262786789529e-06,0.251638581552097,0.425,0.299,0.046678760893275,UBALD1
0.00397683012384309,0.251587108769838,0.456,0.386,1,CCDC50
1.39624595797981e-05,0.251112724468861,0.449,0.316,0.337235286230864,MPG
5.16442227411005e-06,0.250797748089356,0.693,0.579,0.12473629118658,USO1
0.193763244654458,0.250589661482016,0.025,0.015,1,FCMR
3.29950421609823e-09,0.250509191632247,1,1,7.96929253314205e-05,BGN
0.00114129471732491,0.250442340960177,0.124,0.069,1,SCAF1
8.20190352953246e-07,0.250184713515746,0.57,0.42,0.0198100575948798,LINC00673
0.0128044190323689,0.250128724432618,0.325,0.264,1,GPR107
0.00222050584119017,0.250077841939571,0.29,0.217,1,TAF3
0.042208170736173,0.25003214416493,0.112,0.08,1,FZD4
0.377890802502458,-0.250013476907419,0.109,0.093,1,RANBP10
0.354142461939202,-0.250017792019058,0.046,0.036,1,CDC14C
0.909757532709109,-0.250502659779201,0.04,0.039,1,SLC2A1-AS1
0.348747906636148,-0.250657053737506,0.147,0.127,1,ZNF746
0.384887631738809,-0.250683082063965,0.16,0.139,1,LINC00160
0.158655146523516,-0.250726106058462,0.171,0.142,1,PPP3R1
0.00671914982942009,-0.250750622126655,0.321,0.244,1,HLA-G
0.228721072084131,-0.250876337258623,0.179,0.149,1,PISD
0.130706914486318,-0.250878533369231,0.711,0.618,1,FRG1
0.874875446078753,-0.250940157893853,0.013,0.014,1,NTNG2
0.180721941399841,-0.250954850556322,0.058,0.042,1,TYSND1
0.656292342561117,-0.250960738283178,0.037,0.032,1,SLC25A25-AS1
0.296871053471077,-0.250999726312595,0.383,0.328,1,TRAPPC1
0.0153087504530819,-0.25100432777576,0.111,0.071,1,EVC2
0.282851789795843,-0.251393381982034,0.033,0.024,1,FLG-AS1
0.161123559855402,-0.251482826872482,0.085,0.064,1,FAM83B
0.225668711989594,-0.25168360707226,0.78,0.689,1,VPS29
0.0797078026150562,-0.251733259574924,0.056,0.036,1,ANKS6
0.32044588205118,-0.251829390707383,0.332,0.293,1,FRG1B
0.184846141429436,-0.251839686422152,0.293,0.249,1,FKBP5
0.0128883017383605,-0.251842466498633,0.207,0.149,1,ERF
0.158569810155527,-0.251887760838839,0.43,0.372,1,HOXC10
0.164388831164202,-0.252015459284722,0.153,0.127,1,TATDN2
0.083877547815557,-0.252017318408627,0.137,0.107,1,FBXO48
0.639937217398343,-0.252068166097263,0.391,0.386,1,RPA2
0.0290393399664482,-0.252129995944066,0.997,0.997,1,HSPB1
0.0826543805604145,-0.252145292340998,0.077,0.052,1,SUOX
0.699370021407632,-0.252218708925875,0.025,0.022,1,EMILIN3
0.178716599040293,-0.25226777684773,0.593,0.519,1,METTL12
0.964231843919131,-0.252355581920476,0.015,0.015,1,ANKLE1
0.436131419769594,-0.252470625790294,0.872,0.843,1,NFKBIA
0.033778471645132,-0.25250759877126,0.283,0.227,1,KLHL29
0.0897178882030418,-0.252526497401601,0.104,0.076,1,C7orf25
0.662300408904361,-0.252538503282284,0.081,0.074,1,RUNX1T1
0.328442264595358,-0.252550551881606,0.086,0.071,1,CHRD
0.0321326777954261,-0.252643931016385,0.159,0.118,1,RALGAPA1
0.409455098189346,-0.252965561513524,0.499,0.44,1,DGCR6L
0.516790007159596,-0.253101727757223,0.576,0.575,1,KIAA1143
0.0119354563529984,-0.253379102258641,0.132,0.086,1,ZNF25
0.886141316760532,-0.253402109400921,0.049,0.047,1,ADGRL2
0.0450394936685309,-0.253497413350993,0.467,0.394,1,SLC43A2
0.974891654872797,-0.253534805531383,0.455,0.442,1,ARL4D
0.313665483785308,-0.253538950914321,0.715,0.643,1,ARPC4
0.0168164955600081,-0.253541615457393,0.966,0.944,1,RPS27L
0.306514426433391,-0.253573796585979,0.213,0.184,1,TOE1
0.221165721001891,-0.25362506593872,0.427,0.374,1,C1orf123
0.161611093306826,-0.253936013057128,0.375,0.328,1,TMEM141
0.0495913798807458,-0.253955434523632,0.243,0.19,1,LOC654342
0.558532563096782,-0.253973133259172,0.986,0.961,1,PCOLCE
0.0362273606011715,-0.253984463414489,0.574,0.497,1,ANXA4
0.479428509841224,-0.25406425083114,0.092,0.103,1,PRKCQ-AS1
0.32885175806723,-0.25420191326441,0.08,0.066,1,WDR66
0.324957940248796,-0.254213147040903,0.591,0.558,1,RSPO2
0.550982258080201,-0.254225977169284,0.419,0.389,1,C10orf11
0.958472279586249,-0.254480552677612,0.115,0.112,1,DISP1
0.72423226227135,-0.254486939085329,0.01,0.008,1,CASC1
0.593319440663321,-0.254522492874024,0.237,0.218,1,EZH2
0.411733339946732,-0.254524199509936,0.065,0.054,1,COQ2
0.156467712491552,-0.254615277123998,0.159,0.129,1,OSCP1
0.576766297465674,-0.254617408221055,0.286,0.266,1,SLC39A4
0.211639598040495,-0.254676624224585,0.517,0.453,1,BEX5
0.234346385981846,-0.254714069224978,0.121,0.1,1,SLC12A6
0.302546122303759,-0.254897332058621,0.405,0.36,1,PLA2G16
0.415143911303779,-0.255209061568598,0.564,0.511,1,RAB30-AS1
0.0221825952508263,-0.255283712395005,0.632,0.535,1,MPHOSPH10
0.40095998241064,-0.25533479577696,0.06,0.049,1,FZR1
0.00385485812639262,-0.255501682787705,0.529,0.406,1,VPS25
0.246799847545885,-0.255572501166335,0.226,0.195,1,TBC1D10A
0.510540335516432,-0.255682985117281,0.116,0.103,1,HSD3B7
0.720259053486248,-0.255872949782287,0.011,0.014,1,LOC101927770
0.459293610028936,-0.25589086281358,0.833,0.81,1,COPS8
0.0614005846941596,-0.256028101345499,0.068,0.044,1,SRSF9
0.421449315186776,-0.256035264426204,0.115,0.1,1,ERN1
0.0245668768404909,-0.25611673000179,0.168,0.124,1,BBS5
0.210513757810906,-0.256127138613251,0.485,0.437,1,RAB1B
0.295339980524147,-0.256187572661053,0.081,0.066,1,PDZD2
0.303633691528713,-0.25629311446311,0.182,0.156,1,CD40
0.744818519582512,-0.256303117463369,0.064,0.059,1,APBB3
0.588419886410975,-0.256478124199096,0.301,0.284,1,EPS15
0.878513697286674,-0.256879670757717,0.042,0.041,1,ZNF620
0.25509625485043,-0.257103406037804,0.132,0.11,1,ATG10
0.175295773561915,-0.257176669224883,0.055,0.039,1,ARHGAP6
0.154353354492388,-0.257456457767248,0.081,0.061,1,RNLS
0.317935849589808,-0.257590056405848,0.05,0.039,1,SLC30A4
0.00277625766900031,-0.257612943971759,0.666,0.587,1,TGFBI
0.532334641617025,-0.257709226696196,0.188,0.171,1,STAG3L2
0.982687538946818,-0.257719411238272,0.679,0.648,1,MRPL22
0.40961498132204,-0.257782663219664,0.119,0.103,1,SRPX
0.952187001206112,-0.257827010982517,0.308,0.301,1,MRPL46
0.0239912782627882,-0.257829925334718,0.079,0.049,1,SLC22A23
0.422028170242476,-0.258037620201947,0.021,0.027,1,UFSP1
0.392636499504712,-0.258129313532935,0.42,0.374,1,ZSWIM7
1,-0.258287919930551,0.073,0.073,1,SLC47A1
0.59525051808788,-0.258562781536922,0.172,0.157,1,C12orf49
0.0189057359158048,-0.258674716435208,0.176,0.129,1,ZNF639
0.126562377110285,-0.258718905283823,0.063,0.044,1,EPDR1
0.348297904521167,-0.258729501908926,0.816,0.745,1,SNRPD3
0.743501090264046,-0.258788786877527,0.042,0.046,1,PGBD1
0.307122782318281,-0.258832781056701,0.099,0.081,1,SMAD1
0.046664404951881,-0.258953016023453,0.482,0.406,1,PPIP5K2
0.419979680530388,-0.259098780812084,0.205,0.183,1,TMEM39B
0.876535299025135,-0.259174625829795,0.063,0.061,1,CNTNAP1
0.89585650194427,-0.259185435618287,0.016,0.017,1,DMBT1P1
0.175706477747708,-0.259274274113238,0.268,0.227,1,SEC14L2
0.22701851660199,-0.259371819931663,0.364,0.315,1,PHYHD1
0.670885311373402,-0.259461187872703,0.008,0.01,1,NT5M
0.0506905454682244,-0.259597740653534,0.291,0.237,1,MRPL23
0.152682287394803,-0.259775654869302,0.143,0.113,1,LINS
0.0900203943828462,-0.259798965468387,0.076,0.052,1,TNK1
0.360732313837267,-0.259820782043313,0.782,0.729,1,CSGALNACT1
0.0637735156298957,-0.260124602894367,0.107,0.076,1,USP54
0.244550718264368,-0.260200947933857,0.262,0.223,1,DYNC2H1
0.1494366062664,-0.260474766366535,0.116,0.09,1,JARID2
0.0585264097494638,-0.260526922236607,0.375,0.313,1,ZNF302
0.0293106065379319,-0.260664845957882,0.353,0.284,1,SLC36A4
0.0231786674518032,-0.260780678695157,0.216,0.166,1,CLIC6
0.293385334124939,-0.260865892997179,0.134,0.112,1,ZNF32
0.926466946439631,-0.260956255801511,0.221,0.213,1,SNUPN
0.576726626051366,-0.261027153008175,0.047,0.041,1,AGMO
0.534850665553385,-0.261044177309717,0.671,0.613,1,COPS5
0.976253009399019,-0.261051588342744,0.014,0.014,1,SPDYE6
0.337986848835742,-0.26126606688689,0.247,0.223,1,MFAP4
0.672016261036235,-0.261687115585268,0.008,0.01,1,EDA
0.259901722385808,-0.261783800489841,0.298,0.262,1,CEPT1
0.672005760052427,-0.261863163421777,0.109,0.115,1,NNT
0.617568509395155,-0.261925884861737,0.145,0.154,1,ZNF91
0.182543015057641,-0.262035651599446,0.112,0.09,1,PLCE1
0.495137925564377,-0.262253447374373,0.007,0.01,1,CCDC175
0.0325486125640816,-0.262285074586385,0.274,0.218,1,MCM6
0.0249366965673934,-0.262319873434778,0.371,0.293,1,WDR70
0.275837541890743,-0.262358127992148,0.286,0.254,1,ECM1
0.785942032441187,-0.262429423692402,0.061,0.064,1,MRS2P2
0.266438329021427,-0.262740996230961,0.706,0.611,1,GLT8D2
0.0923103350304919,-0.262820648631174,0.505,0.435,1,PAICS
0.55996493790742,-0.262832189189146,0.359,0.332,1,U2AF1L4
0.115858336667545,-0.262862760530798,0.14,0.108,1,NNT-AS1
0.28060160828536,-0.262914863186414,0.57,0.501,1,RSBN1
0.279930489769367,-0.262970035782049,0.294,0.316,1,ITGBL1
0.722864812450099,-0.263030965794968,0.175,0.179,1,CLEC2D
0.964582862232349,-0.26367753859047,0.036,0.036,1,NCAPH
0.101524368163898,-0.263861183148495,0.668,0.585,1,ISG20
0.384644456910737,-0.263913474824618,0.036,0.027,1,ZRANB3
0.0145908211329682,-0.264186230576895,0.198,0.142,1,PBX1
0.863581273538584,-0.264243688625219,0.117,0.118,1,IL17RC
0.0204821243967131,-0.264542002224294,0.333,0.269,1,CMAS
0.956556648108285,-0.264903882298406,0.144,0.14,1,NUSAP1
0.0400354091935721,-0.26499514172825,0.916,0.892,1,ATP5H
0.847972278549347,-0.265067380492437,0.044,0.046,1,ZNF112
0.0310700301987938,-0.265072776183329,0.352,0.289,1,ISG20L2
0.445733024650429,-0.265159311941882,0.384,0.359,1,APC
0.101624146810788,-0.265209450510081,0.071,0.049,1,GUSBP11
0.568558219168738,-0.265218077804072,0.047,0.041,1,PYROXD2
0.276943996315213,-0.265228343865349,0.015,0.008,1,LINC01372
0.0762221685988545,-0.265270912405296,0.396,0.342,1,MIB1
0.11865333364705,-0.265274262672027,0.483,0.431,1,KRCC1
0.354653342075247,-0.265287014907123,0.33,0.298,1,MVP
0.12026382875148,-0.265493487806156,0.192,0.157,1,KCTD3
0.20602396853058,-0.265653192216553,0.127,0.103,1,ZNF204P
0.786842731113249,-0.265806188909805,0.021,0.019,1,PLEKHG5
0.181324654181738,-0.265998212145942,0.01,0.019,1,ZNF625-ZNF20
0.250265064545342,-0.266075725165652,0.431,0.386,1,MED28
0.334774869281664,-0.26613333490239,0.339,0.308,1,MRPL48
0.00520085459416598,-0.266377559074976,0.305,0.227,1,XPO1
0.231399658942206,-0.266469974590817,0.039,0.027,1,LOC100505841
0.669974128832331,-0.266589882860064,0.572,0.533,1,IMP3
0.440093196022396,-0.266600776574713,0.117,0.103,1,GID4
0.0614878046319191,-0.266605471540896,0.262,0.212,1,NISCH
0.0492606184020013,-0.266616999672678,0.41,0.335,1,CHRAC1
0.876458561534103,-0.26663059072234,0.024,0.025,1,FGF14-IT1
0.455277928586791,-0.266990531233766,0.204,0.184,1,PEG3
0.0390567185224903,-0.266999567419237,0.199,0.151,1,HACD4
0.929325499765446,-0.267012893529156,0.649,0.587,1,SS18L2
0.700942838314209,-0.267130269346024,0.016,0.019,1,ADGRL4
0.0701685727500283,-0.267175516253405,0.407,0.335,1,PPA2
0.398955894020164,-0.267320541744869,0.033,0.025,1,AGBL3
0.184002092739001,-0.267422375692777,0.322,0.277,1,RCHY1
0.674690008007826,-0.267671259712178,0.708,0.679,1,PRKCDBP
0.128428619777548,-0.267762339679472,0.095,0.071,1,ACP6
0.182357966078279,-0.26799812206725,0.332,0.291,1,CCDC14
0.637335881438771,-0.268028378892744,0.23,0.215,1,CLN3
0.74041996552911,-0.268073386266616,0.086,0.081,1,SLC30A1
0.506802570199999,-0.268237329934486,0.402,0.365,1,MOB1A
0.234464174880386,-0.26841685478459,0.168,0.144,1,MAGEF1
0.192896005073077,-0.268474544810618,0.34,0.296,1,NFYC
0.194417446779254,-0.268501075185422,0.204,0.171,1,LPAR4
0.0609284275229567,-0.268555271377109,0.3,0.25,1,IGF2R
0.12859304881384,-0.268576695074795,0.329,0.279,1,DVL3
0.0373570917105525,-0.268745521225383,0.304,0.24,1,RECK
0.00112077898354003,-0.268782828230896,0.977,0.946,1,FRZB
0.70076609006988,-0.268905049869595,0.15,0.14,1,IDNK
0.460193950020405,-0.268962260598858,0.021,0.015,1,VEPH1
0.182684448003026,-0.269049300472258,0.189,0.157,1,DDX58
0.32992016449536,-0.26906358852075,0.419,0.374,1,PSIP1
0.587478473757278,-0.269132640015001,0.015,0.019,1,CAPN12
0.179131773866685,-0.269265392510754,0.205,0.173,1,PRR14
0.435899047467917,-0.269298498309084,0.023,0.017,1,FAM167A
0.856459573247911,-0.269332841300781,0.021,0.022,1,FAM86B3P
0.0033480184615147,-0.269432912680108,0.247,0.169,1,PCDH11Y
0.0576231778456869,-0.269705733449714,0.462,0.387,1,UACA
0.0757199978864016,-0.269750472139516,0.144,0.11,1,LINC00094
0.449353687426403,-0.269836935940134,0.081,0.069,1,TAZ
0.00160662132506563,-0.269884203425002,0.219,0.149,1,CEP162
0.561378059425857,-0.26988656220336,0.062,0.054,1,SZT2
0.195891217983159,-0.269979900373482,0.149,0.12,1,LOC100132352
0.251443377785911,-0.269997653380748,0.33,0.293,1,ALG14
0.0412033784055929,-0.270046194860196,0.306,0.249,1,TMEM38B
0.233097864605233,-0.27011369195844,0.473,0.415,1,CNOT8
0.356477434028751,-0.270204294246978,0.024,0.017,1,GSG1
0.156373003310236,-0.270285467188345,0.093,0.071,1,MARK1
0.540474123225093,-0.270293693330768,0.037,0.03,1,HEXDC
0.731696101558352,-0.270404331753152,0.042,0.046,1,MCM9
0.00696418412168971,-0.270667808981053,0.447,0.357,1,ASXL1
0.72002526871763,-0.270696737325322,0.926,0.88,1,TF
0.0450639447399595,-0.270773560949438,0.095,0.064,1,KCNMB4
0.0910278355273822,-0.270882288969762,0.236,0.193,1,LIN54
0.592880069207423,-0.271006559134096,0.017,0.014,1,CFHR3
0.480574403605136,-0.27105382293892,0.96,0.9,1,LINC00504
0.669804580583759,-0.271117646242649,0.706,0.655,1,CKS1B
0.577442699495697,-0.271163821396408,0.057,0.064,1,C8orf88
0.0761781038706636,-0.271221023243003,0.202,0.159,1,SPATA20
0.0191919622936163,-0.271250481368103,0.372,0.296,1,SULF1
0.221616365136215,-0.271269288059246,0.53,0.464,1,SIRT2
0.377901343774339,-0.271296707671421,0.191,0.166,1,GDPD1
0.0187352551425439,-0.271401613971183,0.293,0.222,1,STAT5B
0.201326985467168,-0.271497449158521,0.155,0.129,1,NKX3-2
0.622680560475117,-0.271651858088355,0.021,0.017,1,LOC101929224
0.0475900057772493,-0.271694100205298,0.281,0.225,1,PDCL
0.171210014874298,-0.271929922536306,0.12,0.095,1,WDR25
0.916479073914542,-0.272223234370103,0.023,0.022,1,TTLL1
0.0800763863236933,-0.272254094591692,0.396,0.335,1,RBM26
0.391849811263519,-0.272503915894346,0.033,0.025,1,FGF9
0.899069383958503,-0.272597747018726,0.83,0.772,1,TCP1
0.802949710377992,-0.272654143500075,0.021,0.019,1,CEACAM8
0.978171793822672,-0.272885255755996,0.022,0.022,1,TLL1
0.617060141788779,-0.272972032205917,0.021,0.017,1,AQP4-AS1
0.618259988032132,-0.273008615143521,0.026,0.022,1,HOXA10-AS
0.566558835632098,-0.273054683973431,0.691,0.626,1,NGDN
0.46443181997921,-0.27314498455727,0.448,0.42,1,TNNT3
0.48985041329374,-0.273208458409647,0.247,0.222,1,TASP1
0.438641619895907,-0.273297134730018,0.015,0.01,1,LOC101929622
0.00701094328958392,-0.273471065808523,0.179,0.125,1,EFNB2
0.00673829516546968,-0.27351470221316,0.993,0.981,1,HLA-B
0.339888229466454,-0.273541849177772,0.057,0.046,1,TGFB2-AS1
0.110447040049824,-0.273764074332924,0.323,0.267,1,ATL2
0.425553649700601,-0.274045400779251,0.865,0.819,1,SCAND1
0.296588592850787,-0.274138088255361,0.115,0.095,1,MYL3
0.0468566777296011,-0.274515152625693,0.144,0.105,1,ZNF555
0.391769034458871,-0.274534277378481,0.056,0.046,1,APOE
0.0120892717424078,-0.274698898806521,0.338,0.259,1,STXBP1
0.509128266642602,-0.274990163316516,0.828,0.795,1,LSM3
0.406978349032594,-0.275005523461459,0.91,0.856,1,MGST3
0.0338531914186554,-0.275015692294338,0.31,0.252,1,FOXP4
0.276067211732182,-0.275122382193073,0.01,0.005,1,PLK4
0.0191125711230741,-0.275164621368745,0.111,0.073,1,ZNF350
0.0484342233276789,-0.275189289911221,0.104,0.073,1,DGCR8
0.590399705639576,-0.275296412909662,0.054,0.047,1,TEKT3
0.0257146470877784,-0.275412081130554,0.144,0.102,1,CSNK1G2
0.342620354701876,-0.275487483950676,0.026,0.019,1,PLB1
0.130589555319212,-0.275500177769314,0.419,0.362,1,ISY1
0.370349503991328,-0.275536011368825,0.038,0.029,1,RHOXF1-AS1
0.0595253993426383,-0.275569653342062,0.29,0.239,1,NR1D2
0.764722868857945,-0.275711544946935,0.078,0.081,1,KIF20B
0.662683514608131,-0.275755709918111,0.238,0.223,1,TRPM4
0.220829735196804,-0.275951258674036,0.136,0.112,1,MUC12
0.0824948950041307,-0.27599250814578,0.302,0.254,1,GABPA
0.105063391102174,-0.276022560848367,0.212,0.171,1,RING1
0.2968493007319,-0.276146086418751,0.44,0.398,1,CETN3
0.587024019102954,-0.276197158465052,0.023,0.019,1,LOC100507424
0.069256933693794,-0.276221247899424,0.911,0.87,1,HNRNPL
0.319494242619327,-0.2762731817439,0.021,0.014,1,EPPK1
0.969078300392316,-0.276307619946034,0.021,0.02,1,NRIP2
0.870630249303374,-0.276364323626781,0.039,0.037,1,LINC00847
0.686682922349562,-0.276378380466739,0.151,0.157,1,DNAH11
0.909190397018502,-0.276389331924094,0.076,0.073,1,OBSCN
0.877372377379943,-0.276437075325896,0.079,0.076,1,OGFOD2
0.0829705153619017,-0.276541533172249,0.795,0.772,1,SH3BGRL
0.777096272563573,-0.276577041701655,0.038,0.041,1,MYLK-AS1
0.109272584247786,-0.276639967284746,0.289,0.24,1,CRYBG3
0.278534666181819,-0.276748465683025,0.503,0.452,1,TMEM167B
0.65297645627218,-0.276936349191865,0.094,0.086,1,LYRM9
0.64363760365232,-0.277008534851337,0.581,0.521,1,MAF
0.782965966336395,-0.277037889246118,0.127,0.122,1,ATPAF2
0.0692584234091076,-0.277111338832067,0.176,0.139,1,DBT
0.596804914487589,-0.277111751696716,0.543,0.501,1,DPM3
0.0099526926438685,-0.277497353965868,0.293,0.223,1,TCF12
0.228787731029013,-0.277557401148241,0.393,0.337,1,NT5C2
0.0699707686961433,-0.277716970526449,0.164,0.125,1,XAB2
0.171958055503472,-0.277737980648374,0.636,0.574,1,CREM
0.22706452419501,-0.278099536143446,0.407,0.355,1,CNST
0.377115130766001,-0.278185263262896,0.485,0.477,1,METTL5
0.474843615739226,-0.278234013932278,0.023,0.029,1,CHST5
0.359311740808785,-0.27835249100364,0.014,0.008,1,LDHC
0.22402916048806,-0.278474080831668,0.082,0.064,1,CNKSR3
0.40896117438481,-0.278497262352499,0.017,0.012,1,LOC101929762
0.628800571804263,-0.27861690876507,0.014,0.017,1,FAM222A-AS1
0.52499837454192,-0.278654220495482,0.011,0.015,1,CNTNAP3
0.788851277130961,-0.278727156036132,0.021,0.019,1,MILR1
0.260266518486142,-0.278826988794184,0.363,0.325,1,RNASET2
0.0204631515735711,-0.278889996558595,0.56,0.453,1,PTPRM
0.304105562003748,-0.278942361991447,0.045,0.034,1,DPP3
0.230865765278058,-0.279143875417826,0.536,0.465,1,CCDC186
0.264329260679703,-0.279154152975147,0.423,0.379,1,C9orf89
0.355268191628765,-0.279167787056077,0.333,0.294,1,ATP6V1A
0.538968238095058,-0.279404110744292,0.184,0.164,1,SVOP
0.38561526238938,-0.27950730831856,0.576,0.525,1,GSTK1
0.0560846753805699,-0.279764775293345,0.255,0.203,1,DNAJC25
0.680989277775998,-0.279965980038547,0.262,0.244,1,CCDC23
0.852347044111439,-0.280602407557951,0.528,0.508,1,MRPS18C
0.0542844907763355,-0.280802717933782,0.137,0.102,1,C19orf66
0.704482558702554,-0.281006023974005,0.077,0.071,1,TNFAIP1
0.728924551885159,-0.281275499032656,0.019,0.017,1,CAMK2A
0.487417087086311,-0.281493051302913,0.323,0.293,1,LCMT1
0.42290312651798,-0.281723112542041,0.312,0.284,1,PLSCR4
6.21526519919604e-05,-0.281969951926484,0.312,0.208,1,UTP14C
0.356446819761973,-0.281997159603412,0.15,0.13,1,ITGB8
0.013477110281203,-0.282126608451185,0.549,0.462,1,ATP6V1B2
0.329655582806792,-0.282142772988899,0.128,0.112,1,ITFG2
0.120625656355851,-0.282181400312732,0.434,0.362,1,COMMD5
0.742992855532558,-0.282261953067226,0.086,0.081,1,SCRIB
0.316026912954029,-0.282267313782773,0.573,0.528,1,PAF1
0.0586252960432324,-0.282471784925249,0.088,0.061,1,PFAS
0.231145135903373,-0.282592878676613,0.143,0.118,1,FAM109B
0.517372893615275,-0.2826204833308,0.173,0.157,1,DTYMK
0.372651614550695,-0.282684412525243,0.179,0.157,1,LOC102723505
0.414082587856298,-0.28271814166783,0.078,0.066,1,PLEKHF1
0.101333525711246,-0.282892517169172,0.118,0.09,1,RRN3P1
0.3293508132866,-0.282945308084152,0.092,0.076,1,IQCH-AS1
0.0771629527793382,-0.283323388645059,0.764,0.763,1,CAMLG
0.0777797668145223,-0.283374077080786,0.192,0.152,1,MPZL3
0.814408969702269,-0.283407720814838,0.011,0.01,1,PI4KAP1
0.100049230298153,-0.283434552547475,0.346,0.288,1,PSMD5
0.121313583792438,-0.283550419177288,0.226,0.188,1,KANSL1
0.350888188077443,-0.283648731406181,0.605,0.543,1,PSME2
0.707517084205221,-0.283705436508468,0.016,0.014,1,ADAMTS10
0.204540043717236,-0.283835848218836,0.753,0.689,1,CYP20A1
0.0831390451074301,-0.283880400268595,0.126,0.095,1,RBP1
0.253366218567368,-0.284283068562329,0.519,0.481,1,TUFT1
0.916318766209227,-0.284483707979024,0.455,0.447,1,KIF22
0.835149252627621,-0.284501921294286,0.062,0.059,1,LOC100289230
0.0428342287053788,-0.284619840405616,0.178,0.134,1,SATB1
0.000133928136698276,-0.284762026296592,0.255,0.164,1,TEP1
0.17930857899106,-0.28501776252991,0.207,0.174,1,RRNAD1
0.106670837982047,-0.285114093019208,0.288,0.237,1,FAM188A
0.0631623621412678,-0.285149716384896,0.088,0.061,1,TAF1C
0.482662661097302,-0.285322093511979,0.362,0.333,1,AMPD2
0.122473515674508,-0.285350144271916,0.238,0.198,1,SLC9A3R2
0.188344960305331,-0.285403888320143,0.086,0.066,1,TMEM260
0.168567981871446,-0.285486332346095,0.08,0.061,1,PCYT2
0.27170577102823,-0.285565113517726,0.052,0.039,1,RTKN2
0.418884257368588,-0.285577802127834,0.037,0.029,1,CNTNAP2
0.995751890017409,-0.285635909183169,0.325,0.313,1,ITSN2
0.0147548349626663,-0.285644525457939,0.286,0.22,1,CIZ1
0.259208568231093,-0.28570465638097,0.478,0.433,1,ABHD2
0.14967317101924,-0.285711846927303,0.089,0.068,1,FBXO27
0.872920488076322,-0.285899764047826,0.099,0.1,1,GLIS1
0.160407682102378,-0.28602915775166,0.333,0.284,1,LYRM7
0.32441382245418,-0.286035641422809,0.112,0.095,1,PLCD4
0.044111462390663,-0.286256857927894,0.243,0.193,1,APOO
0.737946413809137,-0.286334436017984,0.304,0.308,1,NKIRAS1
0.0552677422245678,-0.286335534942622,0.069,0.044,1,PCLO
0.329765530378596,-0.286522931880525,0.348,0.311,1,LOC100131564
0.136444106298864,-0.286598152989562,0.19,0.156,1,RPL23AP7
0.235228875892949,-0.28672351496255,0.418,0.372,1,FAM208A
0.03897356627625,-0.287009357416654,0.223,0.173,1,UCKL1
0.080933739688317,-0.287124081052047,0.276,0.225,1,RBMS3
0.23748595365811,-0.28717344979211,0.081,0.064,1,HERC2P7
0.859080329516869,-0.287204401142486,0.381,0.371,1,IQCB1
0.311873471761835,-0.28722983212356,0.092,0.076,1,MTRNR2L4
0.975599016060604,-0.287364002779481,0.025,0.025,1,MMRN2
0.417816927289708,-0.287449139461843,0.042,0.034,1,SEZ6L2
0.322446351658635,-0.287616985538216,0.007,0.012,1,LARS2-AS1
0.861789557388732,-0.287661811594151,0.561,0.535,1,PQBP1
0.55272663359395,-0.287970745807911,0.659,0.596,1,GLTSCR2
0.535865535006055,-0.288002156551231,0.073,0.064,1,LOC101927178
0.741333087795242,-0.288077920462053,0.031,0.034,1,GSN-AS1
0.0442703029278315,-0.288109900200539,0.176,0.134,1,NUDT22
0.350683247963719,-0.28822058290888,0.109,0.093,1,GAREML
0.557990496922488,-0.288361714093226,0.121,0.108,1,TAPBPL
0.203480390013697,-0.288437355184619,0.011,0.005,1,SEPSECS-AS1
0.5035065940109,-0.288449029905293,0.605,0.597,1,PNKD
0.454005141425367,-0.288505017589318,0.67,0.635,1,HSD3BP4
0.780497671594604,-0.288543102950682,0.065,0.061,1,GEMIN8P4
0.163248294356914,-0.28862513603088,0.194,0.161,1,STK35
0.248747988671219,-0.288674667889528,0.166,0.139,1,SYCE1L
0.838570855257649,-0.288682216327424,0.015,0.014,1,LOC100131655
0.730143596185626,-0.288855782716108,0.019,0.017,1,ANKRD13B
0.88628533996801,-0.288903590878645,0.031,0.032,1,PMS2CL
0.00362510946065083,-0.288948767040142,0.111,0.064,1,BACH2
0.211806184297201,-0.289018112091155,0.167,0.139,1,STRN
0.00334552878070206,-0.28911201908815,0.198,0.134,1,PHF19
0.900555178137902,-0.289138054987333,0.195,0.193,1,C12orf43
0.259085331774325,-0.289232089901743,0.8,0.724,1,ANKRD12
0.330932187338115,-0.289268940689617,0.473,0.415,1,CUEDC2
0.115181047512451,-0.28933392563357,0.01,0.02,1,PDE3A
0.0295275272669046,-0.289355451443289,0.093,0.059,1,TMEM65
0.906547093344516,-0.289402585064294,0.676,0.626,1,STOM
0.067142248598473,-0.289449020033744,0.3,0.24,1,FBXW7
0.347219118476349,-0.289458060332522,0.148,0.129,1,MBOAT2
0.0894049884848494,-0.289496250901104,0.103,0.076,1,KDM4B
0.786039708804729,-0.289556423270546,0.021,0.019,1,MST1P2
0.561047353749981,-0.289591583135651,0.459,0.426,1,WHSC1L1
0.690462787457144,-0.289730317253023,0.021,0.024,1,TMEM183A
0.486375437593291,-0.289892666817675,0.148,0.13,1,PPAP2A
0.608371676957181,-0.290276012892702,0.401,0.371,1,BEX2
0.980762878830957,-0.290351435243057,0.136,0.135,1,HOXD8
0.378001783165648,-0.290411141297812,0.032,0.041,1,ZNF549
0.690317374898524,-0.290424932286166,0.034,0.03,1,PCDHB15
0.258935613954935,-0.290443906579165,0.15,0.129,1,CNOT6
0.278349641623745,-0.290509963513191,0.139,0.117,1,RNF214
0.778892179559873,-0.290879458886694,0.037,0.034,1,FAM83A
0.50508011421348,-0.291093400056626,0.017,0.022,1,ACOX2
0.874754174726552,-0.291328546835467,0.659,0.589,1,UBE2V2
0.0911295031965806,-0.291666081448917,0.12,0.091,1,MAMLD1
0.621878735278995,-0.291821324874001,0.015,0.012,1,KIT
0.562677592290855,-0.291970047576937,0.553,0.511,1,HECA
0.984065956504421,-0.292024364857149,0.562,0.526,1,TCF4
0.0147819878838798,-0.292171862813411,0.167,0.115,1,ZBED6
0.275779005323029,-0.292193853970515,0.015,0.008,1,IAPP
0.890873686111851,-0.292328028672705,0.016,0.017,1,MED12L
0.0584863241218856,-0.292407028071279,0.074,0.049,1,ALPK1
0.440823355635445,-0.292460126112407,0.192,0.174,1,ATG4A
0.00679265010306173,-0.292571576756477,0.254,0.188,1,PAXBP1
0.906989758511501,-0.292641488619928,0.355,0.345,1,UNK
0.89781518460267,-0.292707360814637,0.157,0.152,1,ANKRD36BP1
0.0136754689004927,-0.292785629386936,0.222,0.161,1,TXNDC11
0.10679380251776,-0.292980610170446,0.278,0.222,1,C12orf10
0.265602813208704,-0.293050253810017,0.034,0.046,1,PCBP3
0.0358667198196173,-0.293163943422408,0.347,0.283,1,FAM3A
0.0137178597882043,-0.293409566624275,0.399,0.325,1,RPS14P3
0.149005442173092,-0.293567267883966,0.348,0.293,1,ESCO1
0.971807717836334,-0.293640994490385,0.039,0.039,1,LOC105274304
0.776571953784682,-0.293663477706729,0.08,0.074,1,PIEZO2
0.387605374707223,-0.29370665972222,0.298,0.315,1,PTPN22
0.630168859592198,-0.293770284273425,0.401,0.376,1,RAB11B
0.011904864398142,-0.293861046005285,0.218,0.157,1,TRIM39
0.647085553950386,-0.293964021906385,0.143,0.132,1,FAM21C
0.781281705862065,-0.293987215195611,0.137,0.13,1,ZNF107
0.0885199969568638,-0.294045865765988,0.384,0.311,1,XPC
0.0293186373027857,-0.294067359387873,0.306,0.242,1,POLG2
0.00200627246304614,-0.294097620393565,0.211,0.142,1,CSTF3-AS1
0.565213764488126,-0.29426513278203,0.493,0.459,1,SSSCA1
0.273333772206733,-0.294292295989916,0.41,0.355,1,LOC100131257
0.201102597252044,-0.29431935513324,0.118,0.095,1,BRCC3
0.541425591411514,-0.294455087276033,0.411,0.379,1,SPRYD4
0.00427553963031353,-0.294515136715197,0.191,0.129,1,HAUS1
0.655328821619289,-0.294620548843606,0.018,0.015,1,LACTB2-AS1
0.320758417530876,-0.294640730027707,0.182,0.157,1,OBFC1
0.700470927877171,-0.294722166444485,0.202,0.188,1,NIPBL-AS1
0.0514674613738364,-0.294764080545589,0.355,0.296,1,GCN1L1
0.223050914826172,-0.294770402807513,0.055,0.041,1,LINC01605
0.237143714122054,-0.294882083216481,0.336,0.293,1,UBE2G1
0.914617756470958,-0.294987179108913,0.635,0.589,1,SVIP
0.371132650755806,-0.295020019359582,0.011,0.007,1,KAT5
0.466869273644884,-0.29523242027256,0.026,0.02,1,ALOX12-AS1
0.405594460551723,-0.295243883130441,0.178,0.157,1,TRIM58
0.122294839550628,-0.295415403930766,0.049,0.032,1,MTOR-AS1
0.146821959074776,-0.295858603000815,0.013,0.005,1,TNNI1
0.866262559041151,-0.296026068352971,0.029,0.027,1,ADAT3
0.129235978166193,-0.296101753546972,0.165,0.134,1,ZNF266
0.0720799906757133,-0.296107155509218,0.198,0.159,1,PELP1
0.914753440116353,-0.296117050092523,0.026,0.025,1,PCDH20
0.681188280616069,-0.296160737452269,0.412,0.384,1,IAH1
0.202262642129575,-0.296208998650924,0.168,0.139,1,TRMU
0.348463366171975,-0.296210424811889,0.357,0.313,1,WDR48
0.0403554655851826,-0.296281561612966,0.143,0.105,1,TRAF3IP1
0.045642625489788,-0.296284515057613,0.09,0.061,1,ANKZF1
0.5146124942345,-0.296421678563226,0.561,0.506,1,ZNF410
0.0623028518460381,-0.296536185903174,0.376,0.315,1,CIAPIN1
0.844450975035884,-0.296698237041251,0.19,0.183,1,BBS1
0.507349118404998,-0.296777837144562,0.341,0.32,1,CDKN2AIP
0.797336396575167,-0.296845976802878,0.423,0.396,1,PFN2
0.1140687544566,-0.297046389330682,0.074,0.052,1,MPHOSPH9
0.551984483762716,-0.297137154381043,0.131,0.118,1,UCK1
0.181407848902983,-0.297199102071633,0.126,0.102,1,SRBD1
0.00907657103776111,-0.297657061237701,0.987,0.971,1,ZFAS1
0.755935750923642,-0.297861411525477,0.244,0.234,1,SIRT5
0.0514952517096689,-0.29794061639422,0.269,0.215,1,PAPOLG
0.881108850775841,-0.298104571285897,0.742,0.689,1,POLR1D
0.782203130793284,-0.29811932807968,0.033,0.03,1,FAM178B
0.0507481616637581,-0.298157569158781,0.163,0.12,1,ABHD10
0.651673602382608,-0.2981753495346,0.026,0.03,1,IL27RA
0.0972487538194786,-0.298634599295566,0.964,0.924,1,UGDH-AS1
0.913729290049192,-0.298779660656339,0.635,0.587,1,AURKAIP1
0.798568310780815,-0.298964036865754,0.446,0.437,1,RERG
0.758672333828451,-0.299035764715168,0.014,0.012,1,ZDHHC8P1
0.313015817464633,-0.299100888905428,0.036,0.046,1,MFSD9
0.266265369443287,-0.299120324080161,0.313,0.276,1,GMPR2
0.0725407752280293,-0.299265596701984,0.228,0.179,1,ATAD2B
0.0199602539703908,-0.299321319832372,0.263,0.201,1,SNORA12
0.221220900466998,-0.29955270735251,0.099,0.078,1,AP1S3
0.346874918819963,-0.299594567627561,0.249,0.218,1,SNAPC2
0.875783087032507,-0.299751007766585,0.069,0.066,1,LOC100289511
0.817125535278415,-0.299833921776555,0.011,0.01,1,C10orf113
0.00685644961322805,-0.300037625630241,0.062,0.03,1,SUSD1
0.623715933291416,-0.300055909098417,0.014,0.017,1,LINC01094
0.831937800850893,-0.300232631961124,0.274,0.262,1,GYPC
0.337734818005935,-0.300355119648257,0.006,0.01,1,ZNF99
0.4064143387784,-0.300425507534167,0.643,0.58,1,PSME1
0.487101386689568,-0.300470669084383,0.03,0.024,1,DCAF15
0.111024482360777,-0.300630730659957,0.124,0.096,1,HACE1
0.423189219946228,-0.300953473377191,0.086,0.096,1,MVK
0.0624339552546235,-0.301009458895469,0.926,0.888,1,OPHN1
0.805679806754531,-0.301023733878367,0.022,0.024,1,DCC
0.120978421112656,-0.301058648228144,0.125,0.096,1,ADCK3
0.679937591737793,-0.301101507328928,0.04,0.036,1,TM6SF1
0.0151231280592552,-0.301140401124895,0.174,0.122,1,HSD17B7
0.166164356058999,-0.301166795462623,0.135,0.108,1,PDSS2
0.496541589650699,-0.301432809560285,0.237,0.218,1,FAM179B
0.740592929080516,-0.301604939677454,0.023,0.02,1,SNORA8
0.300945269597663,-0.301622558215505,0.129,0.11,1,UNC45A
0.209699180310885,-0.301649784835229,0.326,0.284,1,PRKD3
0.37044175560929,-0.301715855785561,0.157,0.137,1,PPARA
0.874822402375417,-0.301762157717725,0.383,0.364,1,BLCAP
0.0458424215445551,-0.301802997681292,0.019,0.007,1,STPG2
0.788865355887084,-0.301948918126074,0.033,0.03,1,RAD51
0.188992774531313,-0.301973778059933,0.173,0.144,1,FER1L4
0.220127504344896,-0.30200955232625,0.173,0.146,1,FLJ10038
0.300200702636587,-0.302287662421229,0.081,0.066,1,UROS
0.280162923425485,-0.302295445821759,0.013,0.007,1,KCNC4-AS1
0.394617138642412,-0.302338848163149,0.101,0.086,1,SH3GLB2
0.179344960098576,-0.302539551847411,0.133,0.107,1,GPR137
0.502952559901629,-0.302593081655387,0.06,0.051,1,MB21D2
0.0680502370433365,-0.302665058976533,0.719,0.707,1,KMT2E
0.369934440879712,-0.302673096992461,0.011,0.007,1,LOC388813
0.329638422200952,-0.302963813671079,0.347,0.311,1,HNMT
0.387359814707514,-0.302988836083778,0.778,0.743,1,NR4A1
0.585474018403442,-0.303210958194926,0.699,0.645,1,C9orf78
0.413044278336646,-0.303252435030363,0.017,0.012,1,ATP2A3
0.381555181474064,-0.303381548809207,0.431,0.382,1,NUDCD2
0.700860456249386,-0.303423281059394,0.273,0.259,1,ABCD3
0.00742268566115308,-0.30342337529417,0.129,0.081,1,FAHD2B
0.206966440842963,-0.303698284348873,0.144,0.118,1,UBE2L6
0.0126683538163334,-0.303821729268791,0.357,0.281,1,C17orf85
0.730495976434465,-0.30393337132788,0.124,0.117,1,HELLS
0.465360390116325,-0.303933447729635,0.014,0.019,1,LRRC20
0.22379483221754,-0.304109787126618,0.225,0.195,1,AKIP1
0.396310449292042,-0.304159445052292,0.065,0.054,1,LOC100507437
0.583747516110332,-0.304351725371995,0.153,0.139,1,LINC01209
0.903325720847809,-0.304536404338064,0.013,0.012,1,CDIPT-AS1
0.0693110221478447,-0.304555923537976,0.377,0.316,1,CCNT2
0.16598980487453,-0.304898348233422,0.414,0.355,1,ALG8
0.918124567095662,-0.304945815372943,0.115,0.115,1,KCTD18
0.635914498018382,-0.304974435092761,0.189,0.198,1,TRIM2
0.415972828888246,-0.305006092598376,0.048,0.039,1,MST1L
0.194080323408842,-0.305125591166852,0.008,0.015,1,B3GNT8
0.515477805363185,-0.305232162338861,0.21,0.191,1,TRMT10A
0.275867139599494,-0.305285047601442,0.417,0.372,1,HAS2
0.157210874686124,-0.305441719293957,0.281,0.232,1,TGFB3
0.621602595589836,-0.305536122643039,0.014,0.017,1,ABCB5
0.211789711572844,-0.305654405687568,0.079,0.061,1,CD163L1
0.514301394846854,-0.30567432962278,0.016,0.012,1,UMODL1
0.655041245935749,-0.30576213523867,0.608,0.584,1,ALG13
0.508399848981389,-0.305835330999647,0.016,0.012,1,LOC100132078
0.32982832558279,-0.305927858411615,0.123,0.103,1,PITPNA-AS1
0.160861842120483,-0.306159839475095,0.024,0.014,1,FAM65B
0.496695879827887,-0.306211977653443,0.198,0.179,1,FAT4
0.0190112519350142,-0.30637039842041,0.057,0.03,1,ZNF582
0.774213596208812,-0.306399899444073,0.026,0.024,1,IDH1-AS1
0.519326348107189,-0.306449498817895,0.275,0.254,1,WDFY1
0.0836492737033775,-0.306975206145056,0.066,0.044,1,IFT172
0.106560218517358,-0.306989113921444,0.119,0.091,1,OXNAD1
0.723488006215356,-0.307133187485004,0.341,0.321,1,NMT2
0.528922234316052,-0.30719016279462,0.496,0.46,1,TMEM123
0.681257583416629,-0.307209978242736,0.022,0.019,1,FOXF2
0.734365122860748,-0.307320136510679,0.182,0.171,1,PARD3
0.00836678842209345,-0.307363232397922,0.275,0.21,1,STX2
0.803915923280371,-0.307445909669585,0.033,0.036,1,ZNF646
0.256218717366328,-0.307625592194126,0.26,0.227,1,CLN8
0.73127338116797,-0.30781234942507,0.032,0.029,1,HERC2P9
0.290543595245444,-0.307898114946975,0.07,0.056,1,TAF4
0.516276462990998,-0.307914052132839,0.016,0.012,1,LINC01142
0.213015492212755,-0.308072498342837,0.152,0.127,1,ZNF738
0.00130947684808968,-0.308091176858822,0.323,0.234,1,TMEM184B
0.225533651234938,-0.308279547340086,0.537,0.477,1,SLC44A2
0.123747701354715,-0.308485331614615,0.018,0.008,1,MMP11
0.158070452215503,-0.308627755643201,0.022,0.034,1,AK5
0.120927432899003,-0.308667136887206,0.313,0.264,1,PLTP
0.73988194606602,-0.308818894442175,0.801,0.738,1,RSRP1
0.349936414814733,-0.309255644670443,0.052,0.041,1,PSMG3-AS1
0.317922124808164,-0.309304268542275,0.109,0.091,1,PGS1
0.630737206883459,-0.309383526044906,0.254,0.239,1,WDR73
0.500812975548637,-0.30947106158884,0.104,0.093,1,ENC1
0.10793126628023,-0.309520563990566,0.199,0.157,1,POLB
0.459991930894777,-0.309673044898505,0.013,0.008,1,ARHGEF34P
0.310026779567459,-0.309728219329908,0.062,0.049,1,ALOX12
0.343985779218917,-0.310115476688733,0.165,0.142,1,ANKRD50
0.663792992177525,-0.310485859314086,0.017,0.02,1,LINC01564
0.305291940892422,-0.310508224657323,0.119,0.1,1,LOC727896
0.74789196706254,-0.310708917792465,0.246,0.234,1,SLC44A3
0.0390727364884923,-0.310966560206106,0.102,0.069,1,JRK
0.545452282475659,-0.311124170209881,0.716,0.665,1,PPIG
0.0788962270924017,-0.311140762789963,0.065,0.044,1,ZDHHC11
0.211829050027633,-0.311300920668332,0.129,0.107,1,PYCRL
0.807627849946477,-0.311418045433353,0.014,0.015,1,ATP6V0D2
0.00805265543155923,-0.311638631270211,0.436,0.345,1,ANKRD36
0.0168442485413559,-0.311686965997256,0.254,0.191,1,SURF2
0.055477934316623,-0.312055456848794,0.507,0.438,1,TNRC6B
0.0862380164587251,-0.312063730246534,0.293,0.242,1,SOCS6
0.331632543143099,-0.312226049457198,0.433,0.387,1,TRAPPC2L
0.0610143713524155,-0.312323946344491,0.915,0.86,1,SLC5A12
0.049535766332617,-0.312414942401114,0.096,0.066,1,SPINT1
0.0761660715724637,-0.312756122637971,0.081,0.056,1,CCDC110
0.849127047797378,-0.313061478649627,0.009,0.01,1,TPTE2P6
0.322067275093167,-0.313273472664284,0.007,0.012,1,ANKMY1
0.968948765399832,-0.313442053895094,0.018,0.019,1,CNR1
0.0719811586938604,-0.313495152385436,0.352,0.294,1,AP3B1
0.535957021052682,-0.313592411864183,0.115,0.102,1,CSTF2
0.305351985211651,-0.313629390130711,0.317,0.281,1,SERINC5
0.427583256123686,-0.313752762150485,0.559,0.501,1,WDR33
0.206250167770223,-0.313778407454346,0.011,0.005,1,AK8
0.0400543057794454,-0.31380253386482,0.066,0.041,1,SRPK3
0.0445752206376951,-0.313830329796043,0.276,0.222,1,CUL4B
0.786887069659415,-0.313926741944863,0.054,0.051,1,RGMA
0.00773063434153897,-0.313964166847043,0.239,0.173,1,FRMD8
0.043640325302349,-0.314046617066623,0.79,0.675,1,MAB21L3
0.482509654727006,-0.314070379930209,0.056,0.047,1,LMBR1L
0.00123805230868108,-0.314071020331035,0.438,0.34,1,PPM1A
0.188776251053478,-0.314078654987206,0.394,0.337,1,XPNPEP3
0.891102562557944,-0.31407935826538,0.339,0.325,1,CRYBB2P1
0.573382870487193,-0.314411447752806,0.049,0.056,1,ZNF688
0.539134726940774,-0.314427395504189,0.827,0.756,1,MTRNR2L9
0.38104619917846,-0.314461378139763,0.017,0.024,1,TTC23L
0.0250669499526487,-0.315052049069146,0.268,0.201,1,LOC101927374
0.0517126497602105,-0.31518740502176,0.22,0.176,1,KANK2
0.263003362094188,-0.315369250524793,0.065,0.051,1,SPATC1L
0.534746992311361,-0.315370762516643,0.826,0.77,1,NDUFA2
0.888163862992393,-0.315384146235558,0.055,0.052,1,SLC35F1
0.465952814866927,-0.315398450130071,0.125,0.11,1,SAAL1
0.0580185631975399,-0.31549218104192,0.953,0.939,1,IFITM2
0.135485687323445,-0.315663846805367,0.457,0.393,1,PIBF1
0.372638710926996,-0.315701339234615,0.872,0.843,1,NAA38
0.279722447910868,-0.315956215537609,0.491,0.435,1,PGLS
0.0783178792747167,-0.316066635108461,0.066,0.044,1,PEX6
0.0532067124969068,-0.31610038184568,0.351,0.291,1,GYG1
0.413309309708462,-0.31622941721844,0.27,0.245,1,IFI27L1
0.525536926746347,-0.316332279854521,0.08,0.09,1,METTL20
0.31427341811278,-0.316556068381506,0.284,0.247,1,SIAH1
0.364462752785632,-0.316564749378176,0.141,0.12,1,LOC100288069
0.207496968237545,-0.316680357976423,0.068,0.051,1,NFKBID
0.597051652887759,-0.31669451387214,0.661,0.607,1,ATP6V0D1
0.143710650077319,-0.316710494879055,0.09,0.068,1,DHX35
0.416671574140091,-0.317074135265443,0.181,0.162,1,DNPEP
0.268967508516391,-0.317173419127555,0.03,0.02,1,RRN3P2
0.328595161777837,-0.317185386644503,0.435,0.389,1,ECHDC1
0.714723719852052,-0.317254368544385,0.016,0.019,1,LOC101929057
0.780743199582021,-0.317372442634863,0.195,0.184,1,CDK10
0.131163776130238,-0.317608819745705,0.246,0.201,1,FMN1
0.0893267130261911,-0.31767083200072,0.473,0.408,1,DLX5
0.948111288314047,-0.31794326598484,0.057,0.056,1,LINC01502
0.740114634272233,-0.317986005419114,0.081,0.076,1,BTN3A2
0.451823756599795,-0.318000206469397,0.795,0.773,1,MRPL36
0.0371532291976164,-0.318159579139228,0.163,0.12,1,KANSL1L
0.213532988308832,-0.318225426172826,0.071,0.054,1,TTC31
0.510215448324836,-0.318346531572003,0.212,0.193,1,ATAT1
0.359606178176235,-0.318384994049691,0.322,0.294,1,AMZ2P1
0.0622900401512782,-0.318525345263391,0.038,0.02,1,GARNL3
0.0826478462228587,-0.318608561547816,0.078,0.054,1,LOC730101
0.41651617975904,-0.318684695884247,0.125,0.11,1,NME5
0.85709014538839,-0.318812302325642,0.228,0.217,1,ACYP1
0.607379971691407,-0.318877972843515,0.026,0.022,1,LOC285696
0.0127492219143646,-0.318909615784236,0.459,0.374,1,MAN1B1
0.350140388344073,-0.319016805054539,0.269,0.24,1,WEE1
0.662237123052926,-0.319079324287857,0.018,0.015,1,PAUPAR
0.0231028529730561,-0.319086520276959,0.074,0.044,1,PTPN6
0.916219670763649,-0.319264764328407,0.444,0.433,1,DIEXF
0.530578919143523,-0.319382714972877,0.042,0.036,1,CTRB2
0.834747954199241,-0.319536883069345,0.015,0.014,1,CHKB-AS1
0.659438053073177,-0.319859778254787,0.103,0.095,1,MAGI3
0.0632337973808571,-0.320529052175937,0.04,0.022,1,PTOV1-AS1
0.21581017089029,-0.320592131738179,0.137,0.113,1,LOC642852
0.0206897453764515,-0.320648783715008,0.199,0.147,1,HN1L
0.804441099195103,-0.321212776854387,0.208,0.203,1,MEF2BNB
0.0704798940909214,-0.321214297457679,0.197,0.156,1,CMBL
0.546059393920847,-0.321346457457007,0.014,0.01,1,PLA2G4E-AS1
0.26221064086238,-0.321482734438537,0.442,0.396,1,MAP2K1
0.103541418823464,-0.321571198012814,0.147,0.115,1,LINC00921
0.00312723771353775,-0.321592812791339,0.361,0.274,1,EPG5
0.044029357245585,-0.321774866603378,0.135,0.098,1,ZNF680
0.898727599436909,-0.321927707733739,0.512,0.477,1,MRPS18B
0.113550300027937,-0.321964160749023,0.117,0.088,1,ZNF649
0.382161392048593,-0.321966743609805,0.266,0.244,1,UBXN2B
0.480896145423172,-0.321974477794651,0.01,0.007,1,C8orf86
0.361772473085021,-0.322051605276419,0.024,0.017,1,NPIPB9
0.732105862031891,-0.322109971014325,0.176,0.183,1,PEBP4
0.368368690607047,-0.322187324424438,0.125,0.107,1,STAT5A
0.307080161463413,-0.322348726766435,0.286,0.25,1,BCKDK
0.00505151422939329,-0.322398060403493,0.309,0.234,1,TNFAIP2
0.0956877222299364,-0.322398852431525,0.178,0.14,1,CORO1B
0.0556984258724083,-0.322411817161798,0.049,0.029,1,ADCY5
0.0723014695484576,-0.322413606032404,0.198,0.157,1,BICD2
0.709822709623522,-0.322456674158887,0.097,0.09,1,ACOX3
0.95551261556683,-0.322459759142869,0.494,0.467,1,MT1M
0.153278864178683,-0.322626566760541,0.165,0.134,1,MBOAT7
0.651956160606146,-0.322689385121455,0.046,0.051,1,SNORA70
0.376626930493341,-0.322788247812389,0.172,0.152,1,ARL17A
0.883181509697613,-0.323002376399142,0.016,0.017,1,C1QTNF9B-AS1
0.460350767410352,-0.323088915972702,0.046,0.054,1,LARGE
0.0770739492898348,-0.323103040170934,0.023,0.039,1,LINC01191
0.27673374992246,-0.323242014099946,0.475,0.418,1,TNRC6A
0.271904206217271,-0.323340589898105,0.25,0.215,1,SERTAD3
0.366354255728026,-0.323461742112912,0.011,0.007,1,LOC101926964
0.414679528497739,-0.323526928348101,0.572,0.516,1,VBP1
0.581720737520362,-0.323565373596904,0.071,0.063,1,MIF4GD
0.574223359190577,-0.323614997450245,0.113,0.122,1,ZNF561
0.138930970581463,-0.323674974928738,0.05,0.034,1,BHMT2
0.95542444975921,-0.324006911694505,0.709,0.663,1,DPY30
0.321561751058507,-0.324045725857103,0.102,0.085,1,ZNF608
0.840260567357928,-0.324399799330441,0.213,0.213,1,SEPT1
0.917213004021733,-0.32440401668559,0.251,0.245,1,NDUFAF1
0.464220648639535,-0.324405060850449,0.282,0.257,1,LONP2
0.399289577675228,-0.324703573990649,0.352,0.321,1,MASTL
0.86190458751348,-0.324761682285988,0.493,0.479,1,THUMPD3
0.783336584996505,-0.324774165518523,0.01,0.012,1,EPS8L1
0.971437758086732,-0.324780345724668,0.155,0.151,1,SH3BGR
0.20499577993734,-0.324834153964768,0.023,0.014,1,BRSK1
0.842436506193851,-0.324937015326865,0.211,0.2,1,C9orf142
0.134511482702889,-0.324982038318936,0.489,0.443,1,KLF2
0.365108855289984,-0.325008196425479,0.093,0.078,1,GSR
0.437583676840179,-0.325132336073244,0.316,0.288,1,NXN
0.0206974578093397,-0.32520427637568,0.157,0.11,1,LRP3
0.961282531347348,-0.325408245489184,0.132,0.13,1,ARHGAP24
0.416315478673822,-0.32553146949023,0.392,0.352,1,C19orf24
0.752637700997694,-0.325798323833329,0.039,0.036,1,ERVMER34-1
0.947485334011439,-0.32583711054234,0.011,0.012,1,FRRS1
0.394973401749521,-0.325966479694031,0.019,0.014,1,NOS1
0.436860398463258,-0.326043912393457,0.125,0.11,1,EZH1
0.0523231906501724,-0.326142263185782,0.997,0.988,1,CRYAB
0.707010768529819,-0.326375470004391,0.263,0.247,1,NUDT2
0.0903459326626739,-0.326590050110737,0.093,0.066,1,KIAA0895
0.545367139445249,-0.326596093985678,0.021,0.025,1,LOC102724434
0.0268856160812175,-0.326783826444793,0.367,0.293,1,ACOX1
0.19414922633983,-0.326891801370942,0.038,0.025,1,TFR2
0.0635708615749403,-0.326942086206179,0.302,0.249,1,RFTN2
0.844846434349917,-0.326953501314463,0.229,0.218,1,NT5C
0.48040393063015,-0.327096036850449,0.723,0.679,1,FABP5
0.202032841518887,-0.327111984241706,0.236,0.203,1,GAK
0.211804445613771,-0.327183512928526,0.115,0.093,1,PPOX
0.702080889779652,-0.327276331989808,0.05,0.046,1,ADAM22
0.833480947793591,-0.327388872318965,0.274,0.276,1,PI4KB
0.57454691098446,-0.327496269804424,0.09,0.081,1,CCDC9
0.83899926544727,-0.327568280896188,0.314,0.305,1,CCDC144B
0.00377439943272765,-0.327609117555967,0.262,0.19,1,SPPL3
0.937417626969031,-0.327632960719185,0.333,0.32,1,SNAPIN
0.43736131057009,-0.327813596672011,0.104,0.091,1,TMEM203
0.530127511037685,-0.327852241888105,0.362,0.327,1,NIT2
0.0158038536206626,-0.327888293653867,0.572,0.472,1,MDM4
0.326429313435987,-0.327899340412078,0.356,0.315,1,F13A1
0.378622302833075,-0.327963061873189,0.37,0.33,1,CBWD2
0.214802344375795,-0.328032882135953,0.016,0.008,1,HSPB9
0.126181870287608,-0.328074759812762,0.163,0.129,1,OSGIN1
0.878680484490999,-0.32807678086901,0.024,0.025,1,MBNL3
0.00616997369054849,-0.328078046029706,0.313,0.228,1,SLC39A7
0.170536228127061,-0.328083775686459,0.198,0.166,1,LETMD1
0.729014427696622,-0.328165285901527,0.095,0.088,1,NDST2
0.375810798103964,-0.328433940175825,0.118,0.132,1,EFCAB1
0.311095562374525,-0.328454439853098,0.136,0.117,1,CAMK2G
0.433437870953863,-0.328470153325864,0.072,0.061,1,ABCB4
0.00242239625950612,-0.328732012798669,0.305,0.218,1,NAF1
0.12194477039556,-0.328757130604925,0.312,0.266,1,EVA1B
0.0933289654688605,-0.328808002373974,0.077,0.054,1,ZNF134
0.0622898244839699,-0.328864639435881,0.301,0.249,1,MTFMT
0.0638067128324659,-0.328963967642512,0.178,0.139,1,HNRNPUL2
0.217074985430048,-0.329093461138879,0.29,0.257,1,CLOCK
0.598308579044538,-0.329144342811202,0.078,0.069,1,POLR2J4
0.0002926439983134,-0.329280279153982,0.51,0.401,1,PGD
0.648610847924203,-0.329338674076586,0.057,0.051,1,ANP32A-IT1
0.327761762314345,-0.329387302863574,0.187,0.164,1,HLCS
0.322532504741835,-0.329447159083337,0.162,0.14,1,CDH11
0.0597787448675898,-0.329580678921798,0.279,0.228,1,USB1
0.920940790493324,-0.329592864800667,0.033,0.032,1,CHRNA10
0.190824803443898,-0.329614323542193,0.276,0.235,1,CLDN12
0.166790528653317,-0.3299988448103,0.134,0.107,1,PPP1R12C
0.516034967123768,-0.330004773370004,0.528,0.469,1,ZNHIT3
0.366594870502721,-0.330013374549962,0.167,0.147,1,HARS2
0.396535236457909,-0.330229883570429,0.019,0.014,1,HDGFRP2
0.930711239197482,-0.33027636862482,0.163,0.157,1,UBXN11
0.621878735278995,-0.330305782152559,0.015,0.012,1,THRSP
0.438652931477637,-0.330333409044397,0.058,0.049,1,ZC3H7B
0.255352405497629,-0.330368132354452,0.372,0.33,1,RILPL2
0.659777591679514,-0.330459467439708,0.073,0.066,1,SGSH
0.316284728178746,-0.330490278944684,0.031,0.022,1,MLLT4-AS1
0.395616181354691,-0.330517163743776,0.504,0.453,1,GTF2H1
0.0515649363052637,-0.330672422285211,0.128,0.093,1,ZNF280C
0.584223536389204,-0.330710469993364,0.191,0.176,1,USP28
0.264621755001996,-0.330752714833326,0.249,0.212,1,METTL4
0.0351504584059632,-0.330802496978718,0.252,0.196,1,TOR1B
0.104839528434992,-0.331205032014538,0.078,0.056,1,ANKS1A
0.135767008948987,-0.331264047059539,0.198,0.164,1,SIK2
0.195728325613987,-0.331527009734875,0.113,0.09,1,FAM84A
0.025419424159787,-0.33156185383994,0.466,0.382,1,CTBP1
0.272677753160948,-0.331671619142344,0.017,0.01,1,HSP90B2P
0.885043665353314,-0.331817000460472,0.583,0.53,1,ZBTB8OS
0.940999875708903,-0.332029728156179,0.011,0.012,1,LOC100507091
0.229212552355989,-0.332066359511997,0.189,0.161,1,PHKB
0.184823838257858,-0.332195421402482,0.15,0.122,1,WRAP73
0.182741198176368,-0.332267399039504,0.188,0.157,1,RAD51C
0.760042558193252,-0.332276164452209,0.134,0.139,1,LINC01481
0.0229804659881017,-0.332459673717723,0.363,0.289,1,AGPAT6
0.135988482381374,-0.332548103765083,0.147,0.118,1,CXCL16
0.948343985682016,-0.332558084715224,0.246,0.239,1,HACL1
0.337544990198166,-0.332626427407104,0.376,0.347,1,CERK
0.0280864552005906,-0.332806996372256,0.112,0.076,1,BDH1
0.231190032516789,-0.332902295826647,0.578,0.521,1,ZFP36L2
0.000294742499270966,-0.332926478511213,0.266,0.181,1,NUMBL
0.116856841458219,-0.333092033495601,0.016,0.007,1,PTP4A3
0.263148646800097,-0.33316211658926,0.459,0.413,1,SESN3
0.406251420376978,-0.333263419504895,0.155,0.137,1,PPIL6
0.0390840526421942,-0.333307162020964,0.427,0.347,1,VGLL4
0.350011788353354,-0.333326448004204,0.07,0.058,1,PTGER4
0.548392070411463,-0.333369399746876,0.511,0.508,1,TCEA3
0.780024350833511,-0.333449023425334,0.021,0.019,1,AUNIP
0.951937980817306,-0.333756020191111,0.631,0.602,1,DMKN
0.0451430891443864,-0.333785761115094,0.488,0.416,1,GGNBP2
0.313266994645473,-0.334155033289802,0.48,0.443,1,ZFP91
0.2221564421148,-0.334221890875748,0.36,0.316,1,PTPN2
0.755002007792326,-0.33427315319348,0.135,0.139,1,SNX11
0.844922568843798,-0.334363315940844,0.16,0.154,1,RNF216P1
0.749929855535244,-0.334532167733887,0.362,0.335,1,VPS13C
0.882086389378319,-0.334694004357197,0.148,0.151,1,PEX11B
0.754281371201569,-0.334978567843748,0.455,0.435,1,GPBP1L1
0.364705646750965,-0.334992804863952,0.024,0.017,1,NRG4
0.109609465736741,-0.335076891890873,0.181,0.144,1,LINC00888
0.0892188109325796,-0.335249888946708,0.06,0.039,1,NLRP8
0.706265256035634,-0.335272985321182,0.354,0.328,1,TSSC4
0.63975921439395,-0.335278702824919,0.214,0.201,1,CD2AP
0.810910791619681,-0.33531337965529,0.14,0.134,1,FAM118A
0.221553582138207,-0.335351207460572,0.166,0.139,1,TRIM59
0.0538403106535228,-0.335405539805342,0.948,0.885,1,SHISA9
0.110283419785777,-0.335450061377015,0.348,0.293,1,FAM136A
0.780259887704622,-0.33561694430349,0.017,0.015,1,C1orf116
0.526839227315789,-0.335718219448568,0.14,0.125,1,PAXIP1-AS1
0.33027881722839,-0.335723639920886,0.065,0.052,1,UBE3D
0.227879737914221,-0.335784437688736,0.641,0.57,1,SERTAD4-AS1
0.0116666248075981,-0.335788465576866,0.078,0.044,1,ABLIM3
0.498529129244189,-0.335894043436325,0.145,0.13,1,ACTR8
0.140968045244438,-0.335913981335886,0.428,0.364,1,ZCCHC8
0.653322790452594,-0.335965661895011,0.197,0.183,1,GTF2H3
0.657357648639069,-0.336060769980445,0.018,0.015,1,ZNF816
0.448957697090476,-0.3363495989956,0.019,0.025,1,UCP3
0.439140878480997,-0.336452258073476,0.198,0.181,1,KAT2B
0.601532010955878,-0.336604514880913,0.126,0.115,1,SLC10A7
0.0594456738764117,-0.336727101217746,0.247,0.196,1,TMEM209
0.681291917695303,-0.336855067077974,0.282,0.261,1,IQCK
0.126326082730744,-0.337054567997405,0.025,0.014,1,HOXD10
0.568030474823798,-0.337114516027555,0.157,0.14,1,WDR59
0.000986607759014582,-0.337137434422366,0.454,0.352,1,TMEM107
0.375026059112708,-0.337227791722412,0.143,0.124,1,ZNF789
0.56178886875309,-0.337247395327456,0.113,0.102,1,MZF1
0.316232623384217,-0.337302018944023,0.412,0.369,1,NAE1
0.424567920762233,-0.337776567150097,0.057,0.047,1,ABHD16B
0.0574601168780357,-0.338069890735198,0.284,0.228,1,DNAJC4
0.159981785823666,-0.338096750179383,0.09,0.069,1,TMLHE
0.846629808293328,-0.338328648377527,0.029,0.03,1,LOC101927587
0.654782097511838,-0.338546592461615,0.069,0.063,1,ZKSCAN2
0.278374501446175,-0.338623708416626,0.213,0.184,1,TRMT10B
0.066097939725616,-0.33878155902749,0.013,0.003,1,CSMD2-AS1
0.131625506647461,-0.338838183411497,0.373,0.316,1,DUSP12
0.157859448519073,-0.33885960583972,0.182,0.149,1,KCTD2
0.446717485161889,-0.338978254621269,0.15,0.134,1,B3GALNT1
0.145886854483155,-0.339255324738061,0.334,0.284,1,PHC3
0.0242500383773881,-0.339259359032582,0.153,0.108,1,ANAPC4
0.153407825469524,-0.339418648339997,0.163,0.134,1,FHIT
0.104357658314347,-0.339497694924956,0.061,0.041,1,BEND5
0.614592228895083,-0.339882219131896,0.05,0.044,1,PAIP2B
0.45300961315764,-0.339905475174178,0.286,0.259,1,XPA
0.131717089824299,-0.340279227015427,0.061,0.042,1,HPS6
0.0238797824880473,-0.340436805516412,0.049,0.025,1,FAM229A
5.78499181239367e-05,-0.340456316935172,0.405,0.286,1,FCF1
0.440872271738202,-0.340463557095197,0.121,0.107,1,CHST14
0.962306062555148,-0.340547214062196,0.022,0.022,1,LOC101928809
0.560059682365433,-0.341120541237891,0.037,0.042,1,LINC00640
0.16870481673695,-0.341187275052015,0.242,0.203,1,HIBCH
0.963919347116199,-0.341297140491308,0.024,0.024,1,ZNF30
0.815347082360028,-0.341383243714846,0.027,0.025,1,INO80B
0.0463882411960524,-0.341945664006911,0.211,0.161,1,EXOSC9
0.131412715288851,-0.341996198224278,0.102,0.076,1,ZNF785
0.935818795986647,-0.342113378977178,0.112,0.11,1,GDF5
0.558084698601066,-0.342270771100655,0.273,0.254,1,HSPB2
0.0897243540770276,-0.342363899289847,0.231,0.186,1,DUSP10
0.442817990870989,-0.342909954895476,0.441,0.44,1,DNM3OS
0.778096829916683,-0.342919038859099,0.049,0.052,1,RCAN3AS
0.108741785881289,-0.343025943404573,0.126,0.098,1,CARD8
0.422611961905762,-0.34311663551463,0.052,0.042,1,GYS1
0.711703058919065,-0.343286533908437,0.205,0.19,1,SETD1B
0.475349125950354,-0.343337365936051,0.032,0.025,1,NBPF9
0.848407858689701,-0.343473636932877,0.604,0.558,1,UTRN
0.806641154655424,-0.343613287726358,0.721,0.668,1,SCP2
0.0316141565762992,-0.343780240817701,0.206,0.157,1,STK10
0.523831326140781,-0.343944735528897,0.136,0.122,1,ORAOV1
0.719241489585248,-0.34404444738943,0.306,0.311,1,PEX3
0.977353251043812,-0.344127113250686,0.53,0.491,1,DDX6
0.391860911511159,-0.344186171148031,0.019,0.014,1,PLD4
0.283573227764739,-0.344662362834931,0.027,0.019,1,LOC375196
0.854954561980623,-0.344693650363947,0.16,0.159,1,FUT8
0.0923691999367858,-0.3447584499498,0.117,0.086,1,KDM4A
0.575554915448309,-0.345157409430689,0.526,0.474,1,CYB5B
0.905256838228205,-0.345191502464713,0.019,0.02,1,HSD17B6
0.493331131617599,-0.345381392514248,0.024,0.019,1,RTN4RL1
0.429409249384701,-0.345418154354939,0.144,0.127,1,LINC01139
0.159882577840592,-0.345474532658172,0.514,0.452,1,SNX6
0.222689219797812,-0.345505301922815,0.178,0.149,1,KCNAB1
0.410173368271939,-0.34551672409291,0.258,0.232,1,CCDC117
0.197984507436992,-0.345703105579488,0.143,0.117,1,FOCAD
0.851822179806125,-0.345763783169403,0.658,0.623,1,MTRNR2L1
0.22502906599763,-0.345974717479433,0.173,0.147,1,RWDD2B
0.0463784419305423,-0.346207912049999,0.081,0.054,1,ENTHD2
0.4804136689058,-0.346276781527885,0.01,0.007,1,PCDHGA12
0.147656254648355,-0.346639262960781,0.419,0.362,1,RPS6KB1
0.283401242857407,-0.346697670102246,0.388,0.345,1,ZCCHC11
0.000962748584581775,-0.34691219855891,0.334,0.24,1,SIK1
0.089597457128741,-0.347029076409462,0.44,0.374,1,ZNF148
0.508007679078571,-0.347085912076223,0.016,0.012,1,ZNF541
0.507174480047002,-0.347340118158682,0.244,0.223,1,STK17B
0.291342226580414,-0.347353625987595,0.195,0.168,1,SCRN2
0.535526916597739,-0.347384184169917,0.011,0.015,1,PIPOX
0.0240623412316904,-0.347421323176143,0.25,0.188,1,AP5M1
0.0272245630241709,-0.347581759506284,0.237,0.181,1,CDKAL1
0.0982356958782862,-0.347600493194553,0.38,0.313,1,THEM4
0.0152133392447821,-0.347807620532096,0.152,0.105,1,COPS7B
0.201392354534123,-0.347882121530141,0.163,0.135,1,ACD
0.0781469562872222,-0.348038681645086,0.182,0.142,1,CBR4
0.175181420375736,-0.348057210594208,0.282,0.244,1,FAM13A
0.3041652823487,-0.348082151774504,0.14,0.117,1,FDPSP2
0.33441477030102,-0.348090001740231,0.175,0.152,1,TATDN3
0.183949787503864,-0.348194143873966,0.276,0.234,1,CCDC97
0.522479755352804,-0.348262172194439,0.101,0.09,1,XRCC6BP1
0.641845832532131,-0.348363367154025,0.254,0.237,1,SUPT20H
0.743882072196977,-0.348609898195991,0.178,0.168,1,LINC00485
0.00234214564643143,-0.348736338107949,0.649,0.541,1,SERPINB9
0.72446060499953,-0.349153423157262,0.019,0.017,1,DEPTOR
0.891867434091415,-0.349518512234649,0.493,0.474,1,TAF12
0.754811004300325,-0.349533303016312,0.057,0.052,1,LINC01012
0.0153627622952326,-0.349536889950612,0.082,0.049,1,MYO19
0.225537076845463,-0.349561036747421,0.031,0.02,1,TRIM22
0.0277948979327632,-0.349570647472997,0.188,0.137,1,OSBPL11
0.250568778317593,-0.349639952711267,0.042,0.03,1,HECTD2-AS1
0.839920746522145,-0.350154782671973,0.345,0.327,1,TK2
0.369136971244769,-0.350452783563911,0.011,0.007,1,BIRC6-AS2
0.831644310836543,-0.350544505413941,0.017,0.019,1,SLC16A11
0.157643624410189,-0.350663519564723,0.015,0.007,1,LOC100996351
0.519412718785793,-0.350950879945946,0.134,0.122,1,NKAPL
0.129002101543228,-0.351006260056262,0.061,0.042,1,SPATA24
0.622037878269433,-0.351034486577722,0.052,0.046,1,IGFLR1
0.394001351377265,-0.351250342869375,0.157,0.171,1,USP37
0.0578921644942926,-0.351262887181832,0.049,0.029,1,STIL
0.345863786202144,-0.351282189360607,0.042,0.032,1,LINC01482
0.0738628791814994,-0.351467404608634,0.131,0.098,1,CLCNKB
0.961538571539437,-0.351534207905981,0.048,0.047,1,SIGLEC10
0.479342125485964,-0.351832512660341,0.041,0.034,1,IQCH
0.72556446195176,-0.351869808817968,0.047,0.051,1,ZNF696
0.632378148600156,-0.351880145491738,0.157,0.164,1,TMEM55A
0.435986670148424,-0.352178389555806,0.015,0.01,1,ST7-AS2
0.841985322881938,-0.352205780386494,0.124,0.127,1,L3MBTL2
0.593134598307914,-0.352257530120031,0.054,0.047,1,MOGS
0.83684126939322,-0.352268438015673,0.045,0.042,1,ZNF687
0.877679464003354,-0.352355748353218,0.072,0.069,1,RAD54L
0.23016139775691,-0.352777395835257,0.085,0.066,1,SLC16A1-AS1
0.4352778072034,-0.353329679392947,0.166,0.149,1,PXMP4
0.890448576344733,-0.353363925449503,0.104,0.102,1,MINA
0.0429087618636818,-0.353381839198842,0.425,0.35,1,MRPL28
0.174644843529257,-0.353613386162764,0.053,0.037,1,FOXP4-AS1
0.050753722214667,-0.353631061809884,0.411,0.33,1,LOC643406
0.641191289278515,-0.353751673519083,0.024,0.02,1,TMEM191A
0.00424435430290179,-0.354010065439366,0.196,0.135,1,PHF12
0.403835310643674,-0.354032741029023,0.176,0.157,1,C1RL
0.266080655291235,-0.354076206862737,0.046,0.059,1,RAPGEF4
0.406595581999011,-0.354158793289114,0.17,0.184,1,FN3KRP
0.0263458883980974,-0.354187019438187,0.474,0.393,1,HGS
0.0472664674616951,-0.354227165139304,0.197,0.152,1,LYN
0.422426139839926,-0.35438574639576,0.101,0.086,1,LIPA
0.3732948284971,-0.354578052761285,0.03,0.022,1,DGKQ
0.156395098833412,-0.355057832752054,0.026,0.015,1,DHRS13
0.791263385146684,-0.355211247545564,0.021,0.019,1,TMC4
0.65865862590424,-0.355234722004118,0.234,0.237,1,CSF1
0.0217939543337008,-0.355927542192634,0.192,0.139,1,CBWD3
0.0386851987614755,-0.356098124135924,0.134,0.096,1,GPM6B
0.851242282559721,-0.356187925300235,0.018,0.017,1,CATIP
0.713646199948333,-0.35621168687521,0.199,0.183,1,NEK5
0.291603738129696,-0.356259203372546,0.127,0.107,1,AFG3L1P
0.000353387041245316,-0.356417248353885,0.134,0.073,1,DCLK1
0.61593873072388,-0.356529785077365,0.021,0.017,1,CALN1
0.312388697239424,-0.356530159514496,0.095,0.078,1,GNG2
0.814743754252469,-0.356578161189285,0.014,0.015,1,LOC100133315
0.803950821647369,-0.356831618032587,0.024,0.022,1,PGBD4
0.541884256108796,-0.356856492039803,0.016,0.02,1,ST7-OT4
0.516019683932522,-0.356943945588974,0.042,0.036,1,PWWP2B
0.416052086341678,-0.357214246429228,0.738,0.714,1,BDH2
0.076358971187663,-0.357506325635316,0.189,0.151,1,CRAMP1L
0.0698288955858306,-0.357507559337225,0.115,0.085,1,RNF139-AS1
0.139868787266878,-0.357526603174563,0.198,0.164,1,AGPAT2
0.795311959515142,-0.357565855756851,0.04,0.037,1,MOCS1
0.0677575841534188,-0.357649368470526,0.238,0.19,1,ALDH7A1
0.403426460793818,-0.357668427454992,0.255,0.232,1,URB2
0.186006892123173,-0.358061056499732,0.074,0.056,1,FAIM2
0.209975550185887,-0.358149779236544,0.036,0.024,1,EN2
0.0976300232329199,-0.358229462445969,0.124,0.095,1,RFX3
0.377993844334153,-0.35829267506492,0.037,0.046,1,CCDC138
0.107676054610069,-0.358605376324349,0.162,0.127,1,LOC105377348
0.231838139571582,-0.358775550088465,0.08,0.063,1,LOC100288778
0.463847928905948,-0.358861961718839,0.008,0.012,1,DLGAP4-AS1
0.709394694133627,-0.359245012706718,0.142,0.134,1,XG
0.729521528911388,-0.359256217187732,0.052,0.047,1,SRR
0.110367209888992,-0.35930419732212,0.301,0.249,1,IRF3
0.669763651483501,-0.359346591276426,0.031,0.027,1,QPCT
0.541729830806767,-0.359599345013703,0.07,0.061,1,LINC00959
0.300414410701251,-0.359733574561486,0.273,0.24,1,YTHDC2
0.0622864282825051,-0.359987914039493,0.136,0.102,1,ZFP62
0.299776917316867,-0.360084781663377,0.297,0.261,1,HMGN5
0.0841165240119848,-0.360085884227523,0.376,0.328,1,HLA-DPB1
0.800298110396843,-0.360123569000182,0.044,0.041,1,SLC35G1
0.456570162007134,-0.360170668704619,0.038,0.03,1,SYT12
0.00356171592351475,-0.360214351840366,0.179,0.118,1,OGFRL1
0.273959180205729,-0.36031701849863,0.123,0.103,1,SGK494
0.238046544172717,-0.360568658669698,0.128,0.107,1,CLIP3
0.0598465149287387,-0.360960046948646,0.353,0.283,1,SYNRG
1.0050152773664e-09,-0.361108561860871,1,1,2.42741339942307e-05,B2M
0.600803820727794,-0.361176939889763,0.08,0.086,1,GP2
0.877811313563495,-0.361203426509641,0.15,0.152,1,RNF121
0.780371134559667,-0.36122870578225,0.589,0.553,1,TXNIP
0.113063874484743,-0.361234667772031,0.259,0.212,1,TCTN2
0.703842291776818,-0.361253518284762,0.443,0.399,1,APEX1
0.82832892917905,-0.36134380751912,0.101,0.103,1,PORCN
0.66182994838321,-0.361400134853606,0.018,0.015,1,ACER2
0.12000153056805,-0.361410367104086,0.474,0.403,1,KIAA1033
0.0171413128739674,-0.361505486936144,0.212,0.156,1,TEX2
0.93469282527763,-0.361659908325706,0.094,0.091,1,GDAP1
0.791381565097029,-0.361794322547519,0.044,0.041,1,LOC101929431
0.329680882697756,-0.361822491748518,0.105,0.088,1,YEATS2
0.776944000446397,-0.361828662561726,0.107,0.11,1,C7orf49
0.905502441604478,-0.361875956582146,0.496,0.472,1,MRPL16
0.03288319811395,-0.36202250193139,0.194,0.146,1,CHCHD10
0.637892507076579,-0.362099575445454,0.104,0.096,1,HTT
0.138247797551362,-0.362319764921303,0.181,0.147,1,IRF2
0.0817365780267077,-0.362455083547112,0.117,0.086,1,OCRL
0.467160896482359,-0.362455181841841,0.026,0.02,1,TTLL11
0.323399263904145,-0.362459742752604,0.383,0.338,1,COMMD4
0.495137925564377,-0.362640856420787,0.007,0.01,1,ZIC4
0.851278307036172,-0.362671915639955,0.041,0.039,1,LOC105373383
0.121937006289047,-0.362700991359711,0.2,0.161,1,NIPSNAP3B
0.39391270726156,-0.36275685452602,0.199,0.176,1,GPR89B
0.163825536500563,-0.362824201556772,0.022,0.012,1,NDUFA6-AS1
0.0330718386649519,-0.362916053684161,0.117,0.081,1,WHAMMP2
0.453118070979574,-0.362988325710569,0.184,0.164,1,ACOT2
0.352038101108531,-0.36310003462214,0.353,0.321,1,DSTYK
0.0216764665000639,-0.363285470301866,0.433,0.35,1,PTBP2
0.178218936676669,-0.363365241724674,0.347,0.301,1,MLH1
0.536402439641902,-0.363478739576363,0.307,0.311,1,PPP1R3B
0.146335234337642,-0.363579912005438,0.115,0.09,1,PML
0.797154430598377,-0.364038748313771,0.092,0.086,1,ZNF428
0.952602291050721,-0.36411796007045,0.104,0.102,1,MANEAL
0.355298854076695,-0.364506035752291,0.317,0.286,1,ITSN1
0.115403111657827,-0.364749655830802,0.16,0.125,1,ZNF708
0.654162623512199,-0.364841058910035,0.139,0.146,1,METTL6
0.370437215748733,-0.364972734480642,0.245,0.22,1,PDRG1
0.150428204959747,-0.364977708631908,0.064,0.046,1,FBXO36
0.358955929824565,-0.365243225847227,0.014,0.008,1,IL7
0.849294876944342,-0.365283596600273,0.04,0.042,1,ZNF772
0.835453717860515,-0.365588790442775,0.213,0.212,1,TAF8
0.634305031973938,-0.365605909514444,0.402,0.369,1,NBN
0.148351102892666,-0.366145053642735,0.151,0.122,1,HAUS6
0.594533440159814,-0.36621097698147,0.17,0.157,1,BMPER
0.119648479205008,-0.366410740860611,0.241,0.196,1,UBE2D4
0.384315779352209,-0.366636220355336,0.182,0.161,1,DCLRE1C
0.407948587589037,-0.366885480380491,0.042,0.034,1,CAPS2
0.674849881256339,-0.367155705978089,0.342,0.342,1,ALKBH2
0.89899814550269,-0.367161297716281,0.034,0.036,1,TAB1
0.682994981221525,-0.367286795756458,0.031,0.027,1,LOC441242
0.409711471871177,-0.367463508246292,0.17,0.151,1,SOCS5
0.124436929507084,-0.368027636754872,0.25,0.208,1,OPRM1
0.291930319990378,-0.368094846475746,0.025,0.017,1,KIAA1107
0.19523583469596,-0.368192321152546,0.178,0.149,1,STK39
0.661884517829028,-0.368231059774812,0.356,0.327,1,ZNF33A
0.519336377006401,-0.368286080757387,0.425,0.381,1,C7orf55
0.788351035929509,-0.368459327813126,0.754,0.746,1,KLF10
0.0311667045483287,-0.368644270430365,0.172,0.127,1,NFKB2
0.285792818021369,-0.368693265212266,0.128,0.107,1,GMCL1
0.410628918377296,-0.368821199065311,0.025,0.019,1,PABPC4L
0.809280307837252,-0.369079978584454,0.1,0.102,1,EFNB1
0.111693993340858,-0.369143818452472,0.069,0.047,1,ST3GAL2
0.937894480580112,-0.369739563673638,0.055,0.056,1,DZANK1
0.948778079610698,-0.369755343435823,0.385,0.362,1,TMEM176B
0.146366531614747,-0.36976087508465,0.308,0.262,1,NMRAL1
0.0759835540879784,-0.369763504933029,0.163,0.125,1,GAS7
0.613508067440868,-0.369850177956307,0.07,0.076,1,EEFSEC
0.536618758633554,-0.3698875830629,0.236,0.22,1,SMG7
0.0964101580243312,-0.369918038741516,0.055,0.036,1,IL12RB1
0.626757263359088,-0.370200916139835,0.015,0.012,1,KIF26A
0.00859231404244073,-0.370348432345246,0.991,0.976,1,ADIRF
0.322848295284431,-0.37038993392231,0.131,0.112,1,DCK
0.170988131186073,-0.370571915438049,0.427,0.377,1,TMEM170A
0.0207877033757353,-0.370577389087934,0.025,0.008,1,AOAH
0.335614629481521,-0.370651942985234,0.166,0.144,1,FAXDC2
0.380838045095506,-0.370669668213057,0.315,0.279,1,EBPL
0.656432168506346,-0.370706578031554,0.302,0.286,1,MAP1LC3A
0.746825141150121,-0.370728089262485,0.893,0.843,1,IER2
0.41448874653264,-0.370745500009332,0.187,0.166,1,ISCA2
0.0339538941690846,-0.370800897539991,0.289,0.228,1,EIF2B3
0.069662969665897,-0.371011708917524,0.848,0.824,1,ANAPC16
0.117916011113157,-0.371157246923684,0.178,0.142,1,B3GALNT2
0.0492961166179575,-0.371170098532866,0.039,0.02,1,NCALD
0.733804810995742,-0.371225124484809,0.019,0.017,1,LURAP1
0.473009498415213,-0.371257582066415,0.065,0.056,1,LRIG2
0.409793255116399,-0.371436726403117,0.025,0.019,1,RBM44
0.847370310783574,-0.371478109534587,0.009,0.01,1,DAGLA
0.399274413547002,-0.371685159116855,0.189,0.169,1,ANTXR2
0.175306540289536,-0.371882146600222,0.135,0.11,1,DTX3
0.336681640420952,-0.371991569199752,0.318,0.288,1,TMEM245
0.754348890702641,-0.372201193237996,0.234,0.234,1,ABHD14B
0.779709797762713,-0.372389110544226,0.081,0.085,1,ABHD11
0.974073010947493,-0.372425891244453,0.042,0.042,1,CYP4X1
0.469226399560537,-0.372581061751853,0.105,0.091,1,WASH3P
0.801533359520604,-0.37288786355499,0.308,0.289,1,PHYH
0.552652996254707,-0.373033464072625,0.025,0.02,1,DOPEY2
0.0936107375445352,-0.373129931926508,0.024,0.012,1,LBX2
0.203004027565397,-0.373423300597651,0.1,0.08,1,SMARCD2
0.00558122467430019,-0.373446225874388,0.155,0.102,1,RCBTB2
0.934458678287418,-0.373779718069184,0.227,0.223,1,LINC00476
0.171122173463842,-0.373876762185935,0.137,0.11,1,PLEKHM1P
0.156211128673487,-0.373973790142411,0.014,0.024,1,LINC01121
0.937818074310934,-0.373982917263346,0.515,0.486,1,RFC1
0.7590216386588,-0.374007100365117,0.308,0.305,1,HAGH
0.23785619726737,-0.374031960467565,0.204,0.174,1,TMEM161B-AS1
0.135441831453241,-0.374151231920288,0.143,0.112,1,TARS2
0.0658386012438846,-0.374254795442946,0.12,0.088,1,ELMOD1
0.00088605133226455,-0.374345813474726,0.627,0.519,1,LRRC58
0.279257709655301,-0.374589426311155,0.115,0.096,1,HOXC-AS1
0.928317741285914,-0.374718191822753,0.113,0.112,1,TCN2
0.633851263182617,-0.374857659891416,0.068,0.074,1,LOC100287225
0.758384024041259,-0.374866871451136,0.023,0.025,1,NEBL-AS1
0.124741963145756,-0.375015288271457,0.131,0.102,1,SIPA1
0.116088681908914,-0.375087183498468,0.016,0.007,1,LRRC39
0.706183599685056,-0.375185307628651,0.016,0.014,1,COL4A3
0.722886255799345,-0.375208609425445,0.166,0.157,1,SRGAP2D
0.856562469451174,-0.375261071630178,0.027,0.029,1,BCAM
0.259254389753169,-0.375281941797749,0.032,0.022,1,ZNF81
0.436411689438353,-0.375289282530322,0.321,0.289,1,STAMBP
0.0372042842691397,-0.375474716582878,0.178,0.13,1,ABHD4
0.711597937890361,-0.375567302511636,0.869,0.841,1,SRGN
0.197818631339749,-0.375933323841917,0.027,0.017,1,LOC101927666
0.12153476423104,-0.375989559142888,0.391,0.328,1,METTL9
0.260393919303897,-0.376146695377205,0.274,0.237,1,ZBTB4
0.668138079171644,-0.376285373839044,0.282,0.262,1,IREB2
0.213876014597404,-0.376330821473211,0.246,0.213,1,MSL2
0.84522972295591,-0.376448817237428,0.175,0.168,1,MGST2
0.846662651386457,-0.376641954626147,0.242,0.228,1,TRAP1
0.967568271336142,-0.377139224320045,0.015,0.015,1,DMTN
0.546820828105701,-0.377222501428008,0.019,0.015,1,GOLGA8R
0.852222224504021,-0.377436234599863,0.046,0.044,1,VEGFC
0.425191125074379,-0.377461900052216,0.174,0.154,1,FGGY
0.00325268544776523,-0.377769781650849,0.333,0.25,1,EDEM1
0.246204778086832,-0.377974503621332,0.44,0.384,1,SGPL1
0.575151528776759,-0.378421921059928,0.152,0.14,1,PAAF1
0.718752702499358,-0.378638781018663,0.093,0.086,1,RIMS1
0.149821117376069,-0.379113818855449,0.326,0.277,1,TMEM192
0.377040519278705,-0.379142999428047,0.047,0.037,1,NOS1AP
0.525650757454179,-0.379175589000835,0.046,0.039,1,ANAPC2
0.189803424312529,-0.379263634744398,0.196,0.162,1,LINC01604
0.399621545163735,-0.379316184162968,0.296,0.305,1,SMARCB1
0.0727928188301821,-0.379364235133893,0.143,0.108,1,CAD
0.32167696194755,-0.379564822134647,0.036,0.046,1,YY2
0.389426361254556,-0.379627650526426,0.464,0.42,1,ATF2
0.231066027630444,-0.379676830348163,0.262,0.232,1,WIPF1
0.917127060602483,-0.379802475943209,0.454,0.43,1,FGFR2
0.711478006685365,-0.379890090382327,0.062,0.066,1,FUT1
0.135352048520074,-0.380053465258603,0.281,0.232,1,BRIP1
0.226858227385152,-0.380069682652709,0.691,0.619,1,ATF3
0.861885007322583,-0.38007986155908,0.069,0.066,1,GABRA2
0.158825058426644,-0.380118106579532,0.297,0.247,1,DDX19A
0.0128238107692441,-0.380391789682657,0.105,0.066,1,FAM160A2
0.977173635174266,-0.380575345765535,0.116,0.115,1,BRCAT54
0.849323941430598,-0.380694370933885,0.504,0.47,1,GTF2H5
0.996112921659531,-0.38071130825719,0.046,0.046,1,MROH8
0.130623242733606,-0.380733763469834,0.318,0.269,1,RGL2
0.671647697434383,-0.380780373781644,0.031,0.027,1,TSPAN33
0.881512933672546,-0.380830868223176,0.032,0.03,1,LOC100506188
0.0612093062453982,-0.380880208057703,0.092,0.063,1,PRKX
0.125334504567724,-0.381062981194869,0.03,0.017,1,ZSCAN16
0.121824496657306,-0.381119771180124,0.191,0.156,1,ZNF580
0.281129139867575,-0.38116468385971,0.013,0.007,1,ANKRD44-IT1
0.776306108053164,-0.381354453564408,0.017,0.015,1,FBXL6
0.976707764989357,-0.381365623201776,0.017,0.017,1,LINC01431
0.0628637943139389,-0.381443629041947,0.065,0.042,1,RAB42
0.919202625339496,-0.381692913643545,0.019,0.019,1,IL18
0.0476784148252743,-0.381780031045055,0.088,0.059,1,C5orf34
0.0428013218611238,-0.381836790939612,0.077,0.049,1,SGOL2
0.959444715732684,-0.3821039883099,0.143,0.14,1,SETD9
0.544304949460019,-0.382249718185051,0.014,0.01,1,SERINC4
0.634713916729831,-0.382278156496979,0.109,0.098,1,LOC100294362
0.0403694091027798,-0.382360623431802,0.109,0.076,1,ZSCAN21
0.923712243389941,-0.382644871506929,0.239,0.232,1,PTGS1
0.390755057074515,-0.382680390044327,0.058,0.047,1,FBLN2
0.762398082375192,-0.382732180866424,0.299,0.283,1,RP9
0.365922466439237,-0.382862211921395,0.3,0.266,1,PSMB10
0.834317215518425,-0.382869281286743,0.031,0.029,1,CFAP43
0.792872569884896,-0.383034705401498,0.021,0.019,1,LOC100287042
0.137574003624537,-0.383172516150063,0.225,0.184,1,CCNK
0.67251391885851,-0.383323591364443,0.322,0.33,1,DKK1
0.338558558800606,-0.383361760084168,0.058,0.071,1,LOC730102
0.0170160582306153,-0.383414137532423,0.22,0.162,1,TRIP10
0.415865301696885,-0.383695284840925,0.037,0.029,1,SUGCT
0.903251425144082,-0.383766400376552,0.041,0.042,1,TEX14
0.860472107290985,-0.384008731115393,0.17,0.164,1,DYRK2
0.828288388128548,-0.384105434938181,0.081,0.085,1,PECR
0.0314130178380711,-0.384140073173149,0.416,0.34,1,DGKH
0.330859927968527,-0.384630012651765,0.353,0.311,1,FRY
0.0743606553353173,-0.384665203944146,0.288,0.24,1,DDX23
0.449255757796016,-0.385109370755087,0.019,0.025,1,SERHL2
0.00845805206058488,-0.3854295431216,0.236,0.173,1,EPYC
0.508664217410362,-0.385627765977828,0.022,0.027,1,ACTG1P17
0.471453136060217,-0.385754872954053,0.082,0.071,1,HIST1H2BD
0.73976900358003,-0.385927688427576,0.046,0.049,1,KDM1B
0.852434575381275,-0.385982260101869,0.267,0.252,1,TRIM7
0.785761319346916,-0.386058070579393,0.118,0.112,1,GLYCTK
0.79616648173827,-0.386152324021348,0.03,0.032,1,PLXNB3
0.521615454357406,-0.386488820338363,0.08,0.09,1,MID1
0.0642034925256683,-0.386675428821035,0.281,0.223,1,HPCAL1
0.387725117053951,-0.386817046061059,0.191,0.168,1,SOX15
0.720753094779051,-0.387027938261706,0.011,0.014,1,GOLGA2P9
0.811491454793506,-0.387074656526401,0.027,0.025,1,LOC730183
0.210229478615251,-0.387095377477089,0.018,0.01,1,ZRANB2-AS1
0.302292001574164,-0.387161147191582,0.167,0.188,1,USP36
0.30670363186848,-0.387164347555283,0.008,0.014,1,WFDC10B
0.340888264846092,-0.38721998584261,0.139,0.12,1,CHCHD6
0.322655787322381,-0.387764255748061,0.233,0.203,1,CDKN2C
0.262158536553895,-0.387774887016247,0.259,0.222,1,YIPF1
0.308123337157158,-0.38778611722038,0.748,0.743,1,ID1
0.556390598990556,-0.387940916165933,0.019,0.015,1,WWC2-AS2
0.162432651683131,-0.387968750040268,0.363,0.382,1,PRG4
0.839048987831438,-0.388043113446802,0.015,0.014,1,FXYD7
0.318417414145217,-0.388054125969192,0.045,0.034,1,NOP14-AS1
0.129858409257354,-0.38810308864805,0.147,0.115,1,CA5BP1
0.557754745631418,-0.38813748589061,0.345,0.311,1,ATG14
0.752680122315298,-0.388165476729278,0.042,0.039,1,HCLS1
0.583932693353717,-0.388236400864527,0.015,0.019,1,FCGBP
0.000454759785838138,-0.388254971818986,0.999,1,1,CST3
0.473065109292129,-0.388328790334824,0.018,0.014,1,DCAF13P3
0.00250150905678385,-0.38852244594587,0.156,0.098,1,SPAG1
0.178005019775743,-0.388937928207088,0.276,0.237,1,NIPSNAP3A
0.818695587784147,-0.389241510008353,0.119,0.12,1,ENTPD1
0.134731544813319,-0.38949437154427,0.04,0.025,1,USF1
0.00682699373668978,-0.389512245798838,0.249,0.186,1,RNF217
0.0262287912663593,-0.389606449932403,0.076,0.046,1,LMNTD1
0.228313183045106,-0.389844351565977,0.306,0.266,1,AQR
0.726488521187915,-0.389949795049773,0.019,0.017,1,BST1
0.0819859986945723,-0.390041720017648,0.708,0.635,1,TAF9
0.398493433979982,-0.390051560506337,0.868,0.77,1,LOC100129434
0.163857883273586,-0.390285168826154,0.339,0.293,1,CNP
0.489288902642094,-0.390310436625894,0.094,0.083,1,JADE2
0.971755309779177,-0.390376310637349,0.014,0.014,1,MYCBPAP
0.568911919587593,-0.390385579739406,0.147,0.134,1,BPNT1
0.897577231292423,-0.390593521307441,0.013,0.012,1,HNF4A-AS1
0.33434963601291,-0.390677808897432,0.006,0.01,1,TMEM191C
0.648022126234578,-0.39075366457402,0.181,0.188,1,N4BP2L1
0.831288726005349,-0.390839938926012,0.045,0.042,1,RNU11
0.862853339671384,-0.390934331700815,0.197,0.196,1,KDM4C
0.576275240838924,-0.391007484190994,0.01,0.014,1,HOOK1
0.327267423047763,-0.391201165074292,0.105,0.09,1,PCDHB14
0.686685856885576,-0.39129345621213,0.07,0.074,1,FAM185A
0.0625411277607805,-0.391330967184819,0.118,0.085,1,RMND1
0.152271461775427,-0.391334223228518,0.703,0.609,1,ELOF1
0.477285739234876,-0.391385760479592,0.25,0.227,1,RPP25L
0.198014188588313,-0.391501035566005,0.118,0.14,1,HSD11B1
0.168657305719784,-0.391519604923378,0.06,0.042,1,IL31RA
0.257614930678008,-0.391532687440585,0.072,0.056,1,NACAP1
0.5495018761719,-0.392070964547896,0.16,0.146,1,ZNF581
0.0980868136917495,-0.392164348133421,0.167,0.134,1,MKNK1
0.739129268646893,-0.392263922439201,0.068,0.063,1,ERICH6-AS1
0.978024687595559,-0.392569108723298,0.125,0.122,1,SNX22
0.436363197324525,-0.392747854912404,0.805,0.782,1,SPP1
0.000926649248247372,-0.392777452285579,0.187,0.117,1,PLEKHM3
0.924917401596164,-0.392875106368146,0.062,0.063,1,ZNF429
0.544481785124658,-0.393002423008288,0.093,0.102,1,APOL1
0.346732657400412,-0.393075034155268,0.207,0.183,1,RRAGC
0.167689508375216,-0.39342052326539,0.152,0.124,1,ARHGEF35
0.733595012102493,-0.393429671716088,0.152,0.146,1,LOC283335
0.951298045582359,-0.393526992446278,0.09,0.088,1,PIPSL
0.0279489715189343,-0.393797480617119,0.18,0.132,1,NCOA6
0.210542876646882,-0.393798807624104,0.014,0.007,1,LOC101559451
0.156556979305603,-0.393802796551126,0.2,0.164,1,ALG11
0.404087980397875,-0.393950398691874,0.111,0.096,1,ARHGEF10L
0.570285649634133,-0.39414440212669,0.394,0.357,1,DPCD
0.257723517197693,-0.394181501491685,0.011,0.019,1,CELF5
0.0922994863813994,-0.394282675920488,0.137,0.105,1,SPATA33
0.801130969329626,-0.394437269758586,0.022,0.024,1,EDARADD
0.0631960826343785,-0.394491860955826,0.208,0.162,1,CIC
0.174940684635509,-0.394499010884406,0.045,0.03,1,LINC00511
0.0878640865671411,-0.394579865007944,0.134,0.103,1,PRRT3
0.570033350044404,-0.394628174440051,0.245,0.227,1,COG5
0.0382119509230327,-0.394646477068445,0.388,0.315,1,STK3
0.123326137230701,-0.394887844907077,0.487,0.418,1,INMT
0.544587914889172,-0.395434401248776,0.166,0.152,1,VAV3
0.0490679547059522,-0.395806310499263,0.989,0.975,1,TMSB10
0.0820136917827133,-0.396027340640149,0.229,0.183,1,TANC1
0.863654490812109,-0.396049664449941,0.708,0.658,1,COL12A1
0.590858765675446,-0.396072660740641,0.017,0.014,1,NRXN1
0.252669222021022,-0.396450166558761,0.701,0.648,1,ARC
0.143897260639831,-0.39653812881414,0.125,0.098,1,CEP135
0.930396183415067,-0.396763347883399,0.033,0.034,1,EFNA3
0.552774017115533,-0.396785104496142,0.04,0.034,1,UBAP1L
0.548368386399923,-0.39679130158005,0.135,0.124,1,ELL
0.068675166787899,-0.397133493886764,0.104,0.074,1,FBLIM1
0.579041430382133,-0.397155140670494,0.011,0.008,1,TINAG
0.13245799900779,-0.397408180041417,0.3,0.25,1,OGDH
0.224069760642915,-0.397411669475233,0.228,0.193,1,ZUFSP
0.247356586630751,-0.397804997500452,0.108,0.088,1,CFAP53
0.983325843137905,-0.397993319827281,0.192,0.191,1,WDR19
0.50370430778478,-0.398017334630797,0.016,0.012,1,LOC101927419
0.545359489898072,-0.39807097244923,0.152,0.137,1,C2CD5
0.521807023655093,-0.398231832349329,0.061,0.052,1,USP6
0.941151563996366,-0.398483722183522,0.044,0.042,1,LRRC17
0.176918809201876,-0.398857186987559,0.047,0.032,1,ARRB2
0.35123150441713,-0.398935741200295,0.018,0.025,1,OXCT2
0.934365583447652,-0.398937668359291,0.047,0.047,1,LUC7L2
0.0821197968627448,-0.399035305698535,0.133,0.1,1,ZSCAN26
0.269218196211966,-0.399078843170882,0.086,0.069,1,JPH3
0.364301128517142,-0.399096478298304,0.646,0.567,1,C15orf57
0.235391356075322,-0.399184797573975,0.123,0.102,1,ZNF101
0.78106180807538,-0.399210084454053,0.843,0.8,1,CFLAR
0.0336967121272089,-0.399325776350399,0.155,0.113,1,SLC9A6
0.424288696061887,-0.399411024516568,0.385,0.338,1,UBL7
0.132356725690656,-0.399601696270013,0.658,0.607,1,AMTN
0.357877050226077,-0.399661010655922,0.243,0.215,1,ZNF195
0.910775845063767,-0.399951067534255,0.019,0.019,1,REEP6
0.00372506115354789,-0.400083817037574,0.158,0.1,1,NR2F6
0.615200923794006,-0.400100641408013,0.086,0.078,1,DSN1
0.222360158266689,-0.400135292233135,0.142,0.118,1,L3HYPDH
0.54072532831164,-0.400263575132101,0.172,0.156,1,HLA-DMA
0.124391010674568,-0.400349591620723,0.388,0.325,1,GOLGA5
0.269510518711259,-0.400477228014262,0.837,0.773,1,ABCC9
0.216879823819485,-0.400621901766824,0.065,0.049,1,ACBD7
0.383940269956891,-0.400670535140845,0.229,0.203,1,WHAMM
0.955941476532589,-0.400706855896404,0.18,0.178,1,SCMH1
0.480635242764424,-0.400803700106416,0.42,0.381,1,TMEM99
0.424403905838847,-0.400826324665476,0.125,0.11,1,HAUS3
0.440845949810425,-0.400882677292363,0.135,0.12,1,FSD1L
0.162046513005446,-0.400906789325278,0.215,0.179,1,ZNF829
0.717128798877271,-0.400958635998495,0.029,0.025,1,MROH6
0.0821145595170506,-0.400971028884479,0.199,0.157,1,GCFC2
0.118024790497262,-0.400976367885024,0.009,0.019,1,DIO3
0.747308688726474,-0.40119399604859,0.353,0.343,1,CCS
0.207311891599708,-0.401628910802258,0.17,0.142,1,LOC374443
0.347785631132875,-0.401749559522675,0.243,0.212,1,KIAA0430
0.1939366211608,-0.401981122394569,0.204,0.169,1,EEF2K
0.67330655695244,-0.402043602715593,0.129,0.12,1,TNS2
0.494382344090977,-0.40220740354846,0.013,0.017,1,LINC00960
0.695235584504016,-0.402514737685843,0.021,0.024,1,RNF5P1
0.917322014190834,-0.40258066936206,0.066,0.064,1,EP400NL
0.66386681947824,-0.402682422931286,0.018,0.015,1,PLA2G1B
0.25585828276005,-0.402909256828782,0.143,0.12,1,APITD1
0.853844335475337,-0.403486171652141,0.052,0.049,1,MOG
0.499520742271495,-0.403564452356856,0.119,0.107,1,LOC101929709
0.162191929628488,-0.403951647474669,0.426,0.369,1,LINC01384
0.378986376757599,-0.404350399255241,0.101,0.086,1,ANKDD1A
0.830782102070469,-0.404518468547018,0.087,0.083,1,TRAF4
0.118507809234303,-0.404537363413652,0.008,0.017,1,DCHS2
0.526980643311229,-0.404571465346838,0.074,0.066,1,GTF3C4
0.848541385088783,-0.404583433477315,0.009,0.01,1,ALS2CR12
0.878929110101089,-0.40465966298023,0.013,0.014,1,RBM12B-AS1
0.454486726598858,-0.404904827556488,0.013,0.008,1,LOC102723582
0.550270360524985,-0.404944228404066,0.158,0.142,1,MEGF9
0.430324953254788,-0.40514600135575,0.155,0.137,1,GEMIN2
0.704380050936674,-0.405280418740853,0.16,0.166,1,KBTBD3
0.266011453427168,-0.405473821759299,0.542,0.541,1,NME3
0.0308929801694586,-0.405649772443009,0.49,0.406,1,ENTPD4
0.742767292978212,-0.405694851617228,0.4,0.381,1,SLC2A3
0.482749546537805,-0.405767264745383,0.331,0.305,1,SNX2
0.761872598093126,-0.405768415774721,0.175,0.174,1,PGPEP1
0.0962042518502157,-0.405798232937163,0.038,0.022,1,APBA1
0.310928154398266,-0.405915162715705,0.031,0.022,1,MXD3
0.352265631138696,-0.405948516305389,0.289,0.255,1,BOC
0.424882269348919,-0.406108565391532,0.233,0.208,1,TPMT
0.72394523897892,-0.406173968644531,0.116,0.108,1,PTPRD-AS1
0.019141506908102,-0.406333817784843,0.066,0.037,1,TBC1D9
0.990150901490664,-0.406559734668782,0.218,0.213,1,ANP32A
0.713493948449574,-0.406671449615557,0.093,0.098,1,OMA1
0.672582014568107,-0.406697587909097,0.008,0.01,1,LOC401010
0.907716001628884,-0.406715223228256,0.063,0.061,1,RUNX3
0.582009957115922,-0.407365736343245,0.011,0.008,1,FAM27E3
0.32168848948648,-0.407584710265771,0.007,0.012,1,OVCH1
0.399986510600403,-0.407718532038015,0.022,0.029,1,ABCC10
0.460065392443568,-0.407780883127725,0.17,0.151,1,LOC440300
0.573601040579459,-0.407788420259815,0.191,0.174,1,HSF4
0.568454249005103,-0.408118069133459,0.099,0.107,1,CEP57L1
0.129380685272933,-0.408214806346736,0.737,0.704,1,DDIT3
0.0104137999661547,-0.408223724155887,0.278,0.208,1,ZCCHC7
0.507298657594922,-0.408354294600021,0.151,0.137,1,PIGB
0.018658423128671,-0.40837427907891,0.219,0.162,1,NADK2
0.816643939004706,-0.408460493265634,0.014,0.015,1,FAM218A
0.770748448540525,-0.408528799832772,0.216,0.206,1,RASL11A
0.709660803457767,-0.408614193773432,0.475,0.426,1,DNPH1
0.47525242324206,-0.408637046156388,0.065,0.056,1,ZNF462
0.812601110370934,-0.408654089479535,0.564,0.541,1,CAMTA2
0.850298622749888,-0.408889632024692,0.009,0.01,1,CSN1S1
0.199739800330069,-0.409096396654644,0.007,0.014,1,ASB15
0.293631431517168,-0.409108880816797,0.084,0.068,1,RNU4ATAC
0.699972650053241,-0.409215430132727,0.016,0.014,1,LRRC56
0.0641894255785613,-0.409713992191725,0.141,0.108,1,CHST7
0.5788286774697,-0.409756300919055,0.015,0.019,1,ENO1-AS1
0.90069561280385,-0.409765641785831,0.078,0.08,1,SCAND2P
0.0187266674986762,-0.409916710096019,0.086,0.052,1,RETSAT
0.725353381909447,-0.410949228436819,0.01,0.008,1,SOGA3
0.431064087201246,-0.410961342016602,0.025,0.032,1,RAB37
0.22771903967481,-0.41121104975119,0.912,0.88,1,CCL5
0.669342070053311,-0.411363152064531,0.104,0.096,1,KIAA1683
0.236836559488853,-0.411421943583119,0.434,0.374,1,CCDC25
0.0677182974900895,-0.411523504330215,0.021,0.008,1,TOM1L1
0.783190923460169,-0.411693962395937,0.111,0.115,1,C2
0.680331586181112,-0.411707931996378,0.093,0.098,1,LOC100287015
0.0943420126581744,-0.411762660858035,0.011,0.003,1,PRR23A
0.462070015276096,-0.411850866116064,0.058,0.049,1,TSACC
0.0545365367387382,-0.412036755621144,0.024,0.01,1,TEX26
0.286344276507696,-0.412132984281666,0.183,0.156,1,TSKU
0.867532597461792,-0.412219096716539,0.716,0.653,1,CACYBP
0.178477392699029,-0.412282339386831,0.032,0.02,1,GRAMD1B
0.200657862015983,-0.412330286677885,0.277,0.239,1,MTMR3
0.252559808375163,-0.412443778452517,0.054,0.041,1,FLVCR1-AS1
0.447292128002842,-0.412558176164089,0.079,0.068,1,KANSL1-AS1
0.650554703327049,-0.412572955632645,0.03,0.034,1,ADPRHL1
0.447226405020804,-0.412580753099244,0.081,0.069,1,PPCDC
0.897221003061725,-0.412607361219582,0.238,0.234,1,CCDC18
0.361949458412237,-0.41282884729092,0.089,0.076,1,CDC25B
0.753492904046867,-0.412901484725773,0.069,0.073,1,CCNE2
0.813319329902944,-0.413355014479161,0.014,0.015,1,DDIAS
0.238227600320734,-0.413711616901094,0.332,0.284,1,POR
0.315366911097191,-0.413738613493567,0.081,0.066,1,FBXL17
0.792954826036715,-0.413822062599107,0.357,0.332,1,CYB5A
0.510539082158551,-0.413920221475076,0.045,0.037,1,HOMER2
0.182268164489906,-0.413946849556054,0.111,0.135,1,ABCB6
0.968408074139363,-0.41398797180579,0.356,0.333,1,NSL1
0.0451698214751104,-0.414392759565657,0.285,0.228,1,VPS13B
0.0150734607152687,-0.41454508877953,0.191,0.137,1,TMEM19
0.97870635002904,-0.414565105595386,0.351,0.335,1,DTWD1
0.172105794595687,-0.414629689757136,0.83,0.794,1,CCL2
0.497739979180696,-0.415065299629941,0.056,0.064,1,CAMK1
0.268463594352444,-0.415121515065438,0.129,0.108,1,ZFYVE19
0.0654723913563971,-0.415222751304525,0.235,0.188,1,ITGA1
0.0642276079413148,-0.4152691608376,0.342,0.283,1,CCDC82
0.351662822072828,-0.41539679827021,0.032,0.024,1,UHRF1
0.491911841499029,-0.41567164405696,0.234,0.212,1,LMO7
0.99615533548176,-0.415911302392787,0.09,0.09,1,NARS2
0.491051476314444,-0.415968308197001,0.167,0.149,1,PAK1
0.853041472312165,-0.415980055804525,0.362,0.343,1,C4orf27
0.459903634884458,-0.416114283535769,0.033,0.041,1,CNFN
0.00808072390704603,-0.416139948182384,0.231,0.164,1,MTFR1
0.0138687236778272,-0.416422159406607,0.214,0.157,1,RNF38
0.628029112377712,-0.416513315981142,0.03,0.025,1,USP44
0.0465834067844778,-0.416567347190683,0.113,0.08,1,TTC7A
0.727503544300399,-0.416722695138223,0.383,0.35,1,LOC100996255
0.375065911598663,-0.416954684064407,0.027,0.036,1,LOC100506730
0.103679904117805,-0.417306996230177,0.228,0.184,1,NDUFAF7
0.548217490196435,-0.417653229701922,0.031,0.025,1,MUM1L1
0.42811702259104,-0.417770328696353,0.159,0.142,1,BLOC1S4
0.15356352785377,-0.417910637086921,0.033,0.02,1,OSBP2
0.642511637476437,-0.418527206324395,0.038,0.042,1,LOC101928700
0.256544437624228,-0.418690421697924,0.111,0.091,1,ANKS3
0.153775316728358,-0.419054518702207,0.283,0.235,1,PPM1D
0.955684091812251,-0.419114504370178,0.081,0.081,1,VWDE
0.945047392171414,-0.419378004688717,0.253,0.254,1,OIP5-AS1
0.101017493838841,-0.419480242704671,0.09,0.066,1,HLA-J
0.252250464798659,-0.419527447319298,0.187,0.157,1,RNF26
0.347106354015633,-0.419904107584533,0.102,0.085,1,GTF2I
0.801713538445702,-0.420059573909086,0.078,0.081,1,CIART
0.189671510882028,-0.420086622353502,0.131,0.107,1,CBFA2T2
0.827412339905991,-0.420182650391129,0.058,0.061,1,TMEM63A
0.228444937347944,-0.420211440892877,0.21,0.179,1,RAMP3
0.100412560943717,-0.420322765735125,0.105,0.078,1,CCDC151
0.54877892834452,-0.420406698147162,0.143,0.13,1,TUBB3
0.420264652301294,-0.420608598817522,0.116,0.102,1,MPPED2
0.303269310242966,-0.420775400304704,0.023,0.015,1,LOC101928674
0.290111413061933,-0.420814756423743,0.155,0.135,1,SMAP2
0.0231131234121508,-0.421109870013559,0.211,0.157,1,RUSC1
0.840483741359652,-0.421145783356172,0.015,0.014,1,EGFLAM-AS4
0.0772459294750019,-0.421212219914159,0.058,0.037,1,PMEL
0.789669876302822,-0.421406204424272,0.03,0.032,1,ATXN7L2
0.49709578680866,-0.421531530379883,0.089,0.078,1,GLB1L
0.785562234844571,-0.42159357530395,0.066,0.063,1,TLCD1
0.950807509568162,-0.421816068157642,0.133,0.132,1,MCU
0.795253170115194,-0.421819811656103,0.278,0.276,1,MITD1
0.754667408059206,-0.421951543876608,0.176,0.169,1,EPHB3
0.936911178896182,-0.421998539921097,0.131,0.127,1,HAAO
0.708447827185438,-0.422100719199,0.016,0.019,1,C2orf27A
0.466624862131478,-0.422151256956553,0.46,0.437,1,PDK4
0.628271287229095,-0.422289562778774,0.309,0.288,1,DYNC2LI1
0.203251292869645,-0.422499093194558,0.006,0.012,1,ZNF311
0.775271427710162,-0.42253852093814,0.09,0.085,1,GOLGA8N
0.152994513838343,-0.423014913174379,0.129,0.102,1,LINC00483
0.18044162522082,-0.423416337077333,0.163,0.134,1,TMEM246
0.155459150209817,-0.423546651544172,0.015,0.007,1,C6orf163
0.445944461080535,-0.423670024610965,0.023,0.017,1,A2M-AS1
0.17795533716518,-0.423690185190901,0.042,0.029,1,SLAMF6
0.0364203973940497,-0.423802262806846,0.305,0.244,1,REL
0.322596650945792,-0.424147229637283,0.425,0.369,1,H2AFX
0.175194120068171,-0.424238765968445,0.053,0.037,1,DRC1
0.0185824935652528,-0.424260777233342,0.204,0.151,1,PCIF1
0.34694918559511,-0.424299762924684,0.179,0.156,1,C12orf4
0.135463893065149,-0.424438838422941,0.04,0.025,1,FUZ
0.649362110178024,-0.424653023061231,0.085,0.078,1,MIOS
0.606641880431104,-0.42473208096296,0.233,0.217,1,MED23
0.341318845966828,-0.424744940061562,0.082,0.068,1,TCEANC2
0.301070475673292,-0.424749332246542,0.032,0.042,1,FAM225A
0.738714517311291,-0.425181709354356,0.134,0.139,1,ARSD
0.781579083701768,-0.425237741472022,0.017,0.015,1,LOC101927237
0.601596799878446,-0.425403019154454,0.027,0.032,1,HTR2A
0.571810179762658,-0.425429201275578,0.158,0.147,1,LYSMD2
0.171405904931748,-0.425488738782112,0.194,0.162,1,BBS4
0.0253974166021993,-0.426215690800951,0.123,0.083,1,TTC5
0.765147612557345,-0.426436543553637,0.049,0.052,1,ZNF439
0.27919896567143,-0.426460535257853,0.013,0.007,1,HCG4B
0.611216669247854,-0.426647186771585,0.367,0.338,1,FARSB
0.343211589629712,-0.426720753296717,0.016,0.01,1,FLJ44635
0.686775230415521,-0.426756092698235,0.044,0.047,1,HIPK1-AS1
0.0322951660101144,-0.426908000408475,0.085,0.054,1,SGSM2
0.42810959557489,-0.426994121496781,0.179,0.156,1,CCDC86
0.284873991655615,-0.427045241346695,0.109,0.09,1,FAM220A
0.106103598281598,-0.427293655507645,0.014,0.005,1,AHRR
0.827009868503043,-0.427316932055006,0.044,0.046,1,TBKBP1
0.786469188339117,-0.427798885264425,0.231,0.232,1,EIF3J-AS1
0.993728939554264,-0.427845294404754,0.153,0.151,1,TOPBP1
0.0565283449574817,-0.427879003020061,0.244,0.195,1,KCNJ5
0.721432054278827,-0.428139381307952,0.01,0.008,1,EFCAB10
0.685198603483729,-0.428169134110458,0.162,0.149,1,HOXC9
0.557662399231404,-0.4283065605133,0.103,0.091,1,MAK
0.0521637866358465,-0.428426165914066,0.089,0.061,1,PPP1R21
0.0296136687628202,-0.429052750532186,0.12,0.081,1,CABP4
0.418295834395676,-0.429070033273346,0.048,0.058,1,SPATA7
0.377543303447697,-0.429178922562927,0.072,0.059,1,SELP
0.548757410902253,-0.429267366234194,0.128,0.115,1,MOV10
0.557389199236432,-0.429308012679533,0.04,0.034,1,TMEM105
0.00840944255866507,-0.429414138256749,0.111,0.068,1,CACTIN
0.194230367769152,-0.42942110847722,0.05,0.036,1,LEF1
0.490140814996464,-0.429497422274611,0.013,0.017,1,CA8
0.740750552772839,-0.429677992621796,0.218,0.205,1,BID
0.761953022967462,-0.429740928746195,0.046,0.042,1,CA3
0.400786039720829,-0.429773899599999,0.662,0.629,1,RASD1
0.0340890655071605,-0.429816736699603,0.14,0.1,1,CTNNBIP1
0.237415518670275,-0.429889982472228,0.219,0.184,1,COMMD9
0.0802320330279516,-0.429985080344606,0.101,0.073,1,USP21
0.231109854723701,-0.430120072202308,0.332,0.286,1,TMEM181
0.698447603871005,-0.430589419553631,0.016,0.019,1,NOXA1
0.67427877546578,-0.430885794651648,0.245,0.227,1,ZHX2
0.912887968003558,-0.430941554036026,0.127,0.124,1,MNT
0.709365723389792,-0.431088229270438,0.118,0.11,1,TRMT1L
0.577746255291525,-0.431850906537338,0.062,0.054,1,SLC25A15
0.880957139745294,-0.432031853115627,0.013,0.014,1,TTR
0.886881296011896,-0.432037714781082,0.455,0.418,1,MRPS14
0.453507220502338,-0.432086762652821,0.044,0.036,1,SYNPO2
0.0221428943646704,-0.432204350401284,0.153,0.108,1,XRCC4
0.801512834918396,-0.432248127497415,0.076,0.078,1,OSGEPL1
0.128873098621369,-0.432788541452937,0.124,0.096,1,ELP4
0.737858444763547,-0.432925591530729,0.086,0.091,1,DOCK11
0.992613683407695,-0.43315233941046,0.266,0.262,1,PLXNA3
0.307951817855528,-0.433244484728531,0.023,0.015,1,OR2A4
0.279880046511384,-0.434017931896949,0.27,0.24,1,GPCPD1
0.945652707253337,-0.434147995571086,0.065,0.064,1,ZNF678
0.156880861444127,-0.434155057791996,0.168,0.135,1,LINC01207
0.428393313476094,-0.434653213448875,0.086,0.073,1,LOC100499489
0.990491988767193,-0.434769424752701,0.042,0.042,1,TOMM40L
0.496739329636804,-0.434801822077269,0.036,0.029,1,DNAH17
0.510756198181572,-0.434822229357239,0.016,0.012,1,PBK
0.817125535278415,-0.435226460180444,0.011,0.01,1,NELL1
0.668840134767804,-0.435328722990437,0.062,0.056,1,GSE1
0.330073773558966,-0.435331386183099,0.165,0.14,1,TP53
0.671042597394099,-0.435415763258,0.281,0.281,1,NSUN4
0.46774444507867,-0.43551510773271,0.026,0.02,1,EFNA2
0.168806559091999,-0.435531348728544,0.033,0.047,1,CCDC15
0.614615115531157,-0.435571304795769,0.009,0.012,1,GPR75
0.69796003101636,-0.435913347991961,0.025,0.022,1,CFAP221
0.0890919613488039,-0.436087320665184,0.241,0.193,1,XRRA1
0.3146062330897,-0.436163623249296,0.056,0.044,1,KIAA1147
0.300324628624061,-0.436367929251119,0.301,0.318,1,ZMYM5
0.551881881260125,-0.436414105033319,0.14,0.125,1,ELAC1
0.649142256253079,-0.436776310560917,0.037,0.032,1,SLC8A1
0.977155568969445,-0.436854619545642,0.017,0.017,1,CRB1
0.0362604473343416,-0.437033340969003,0.273,0.21,1,EIF2AK4
0.0410721923779899,-0.437103198483382,0.363,0.303,1,ZNF532
0.726051782071958,-0.437254609322122,0.066,0.061,1,SCYL3
0.168204258803482,-0.437832522065174,0.097,0.076,1,MFSD12
0.936826808970478,-0.437878877467806,0.033,0.034,1,LDHAL6A
0.779877589343541,-0.438139447639955,0.095,0.09,1,ARHGAP12
0.61844325895134,-0.438157260349682,0.15,0.139,1,OXCT1
0.281042737857818,-0.438560262355241,0.268,0.235,1,PDK1
0.119362740231605,-0.438617501979407,0.07,0.049,1,CTBP1-AS2
0.181896330379711,-0.438636797890356,0.231,0.196,1,MBTPS2
0.530038822368069,-0.43864800732796,0.011,0.015,1,GTSE1
0.766005385504849,-0.438760579506334,0.023,0.025,1,LINC01607
0.375094846518819,-0.438834696357387,0.041,0.032,1,LOC441155
0.0343347738906378,-0.438843791143293,0.228,0.179,1,BBS12
0.106782589864156,-0.43887200100085,0.329,0.279,1,NSUN6
0.314203434284787,-0.438991887128152,0.309,0.277,1,CAT
0.3515668608344,-0.439534000836747,0.013,0.019,1,EME1
0.285837135240276,-0.439572393499256,0.073,0.059,1,TMOD1
0.749516582039756,-0.439637495681255,0.212,0.212,1,CCDC115
0.72201198019822,-0.439661336453533,0.221,0.228,1,HIST2H2BE
0.696714581736807,-0.43969576749102,0.356,0.332,1,CDC40
0.858403235818965,-0.439863439400102,0.189,0.191,1,SPTSSB
0.251516344317899,-0.440157261120791,0.042,0.03,1,SLC27A3
0.359984599240038,-0.440615246822479,0.186,0.162,1,COQ6
0.840587032406628,-0.441130694092936,0.258,0.24,1,CNN2
0.0829822573426404,-0.441155681963207,0.137,0.169,1,FLJ37453
0.459537388413247,-0.441357839608278,0.021,0.015,1,LMNB1
0.521425661466346,-0.441566400046533,0.063,0.054,1,F8A1
0.725247052835039,-0.441730936241805,0.409,0.396,1,TMEM176A
0.000821417578130995,-0.441914047064643,0.235,0.156,1,S1PR2
0.272285599827845,-0.442033128057936,0.112,0.093,1,SPATA6L
0.494203896431169,-0.442330030529331,0.062,0.052,1,CCR10
0.344847712345701,-0.443144080716169,0.396,0.342,1,NAAA
0.870773120930329,-0.443169615934985,0.027,0.029,1,ZNF329
0.162085999555464,-0.443394460885837,0.019,0.01,1,SPATA19
0.867586120218341,-0.4436713909425,0.187,0.186,1,SEMA4F
0.459758930545945,-0.443909718961554,0.139,0.124,1,MNS1
0.840376670995345,-0.44399040981878,0.047,0.049,1,DHODH
0.0761511730097378,-0.444014962959068,0.179,0.14,1,SLC18A2
0.305241989748477,-0.444172164760053,0.033,0.024,1,C21orf58
0.0696628841209924,-0.444311459876464,0.337,0.276,1,ITGB3BP
0.939149529243106,-0.444580212343282,0.026,0.027,1,ALX4
0.169939385212209,-0.444581491888155,0.983,0.976,1,LGALS1
0.242008026464416,-0.444793607607704,0.045,0.032,1,SNAPC4
0.253662387547485,-0.444807528431022,0.097,0.08,1,CYP26B1
0.9426270052123,-0.444960540907516,0.199,0.196,1,NSUN5
0.989013771632204,-0.445011944165214,0.113,0.112,1,AGPAT3
0.365020663977948,-0.445521040378156,0.046,0.036,1,AP1S1
0.319237782530909,-0.446289682108306,0.064,0.051,1,LHX9
0.744308919508616,-0.44648294953099,0.134,0.125,1,FBXO5
0.362812949862425,-0.44658179138591,0.032,0.024,1,STX17-AS1
0.540155348940984,-0.446657807748242,0.253,0.23,1,TLK2
0.778884315183907,-0.446728473438189,0.357,0.333,1,BHLHE41
0.643447932521597,-0.446846758183183,0.072,0.078,1,CENPJ
0.122817994459275,-0.446862318697883,0.073,0.052,1,RPAP1
0.776491324315324,-0.447189871647527,0.385,0.367,1,DUSP6
0.660650231034726,-0.447209003244482,0.093,0.098,1,FAM41C
0.57982450548107,-0.447275481622045,0.06,0.052,1,ADAMTSL4-AS1
0.909924753887135,-0.447570670559604,0.266,0.255,1,DNMT1
0.48895543938394,-0.447751906791298,0.117,0.103,1,TECPR2
0.445826492393793,-0.447757592447764,0.08,0.068,1,TMOD2
0.196114493788516,-0.447842643519858,0.491,0.44,1,HBS1L
0.736433992577495,-0.447980865877731,0.12,0.125,1,BTBD3
0.0260707780670782,-0.448025247581585,0.105,0.069,1,DHFR
0.744789430884636,-0.448197021474858,0.019,0.022,1,TYMSOS
0.679870296778946,-0.448330348125202,0.05,0.046,1,NOG
0.0559569419187804,-0.448459585512252,0.092,0.063,1,AMIGO3
0.461186395755296,-0.448743784309688,0.085,0.073,1,TIGD6
0.736913692153158,-0.449100159830384,0.068,0.063,1,RNF169
0.0884517132956207,-0.449249021038349,0.174,0.135,1,TBC1D24
0.622098636966955,-0.449383591046446,0.189,0.173,1,GEMIN8
0.246963507121422,-0.449556578433817,0.172,0.144,1,MFSD8
0.5591326257592,-0.44964024076222,0.025,0.02,1,PCDHGB6
0.361327276047617,-0.44969886539485,0.076,0.063,1,LINC00271
0.369156690541996,-0.449854515879069,0.131,0.112,1,SFTPB
0.63803766344004,-0.450230690357345,0.024,0.02,1,CORIN
0.0248517432205049,-0.450468554913119,0.391,0.313,1,REV3L
0.873437788954191,-0.450841735851295,0.196,0.195,1,SNCA
0.205144076782116,-0.450896712866541,0.044,0.03,1,C20orf196
0.366129550837793,-0.450908272005249,0.207,0.181,1,METTL21B
0.65177822731184,-0.45099754280164,0.065,0.071,1,PDCD2L
0.231254675237048,-0.45121115590327,0.261,0.223,1,ZNF292
0.56744806398136,-0.451265752613359,0.227,0.206,1,ICAM3
0.182028444587146,-0.451327496112097,0.289,0.239,1,MAD1L1
0.66580529009081,-0.451344711477611,0.008,0.01,1,JCHAIN
0.131040285609638,-0.451366249610815,0.53,0.448,1,L2HGDH
0.0681951072539971,-0.45138788790221,0.186,0.144,1,STON1
0.276364826203614,-0.451495628685144,0.118,0.096,1,MYD88
0.0518556541532421,-0.451635036225116,0.092,0.063,1,SMA5
0.235933653900219,-0.45191895651891,0.266,0.225,1,DHDDS
0.861585698393638,-0.452007790201112,0.071,0.073,1,SLC29A3
0.86244292887915,-0.452126922971766,0.036,0.037,1,CABLES2
0.570977744300676,-0.45212794772435,0.135,0.12,1,C9orf9
0.832395118260912,-0.452172273035079,0.084,0.08,1,CDC34
0.164828072883207,-0.452475351298215,0.022,0.012,1,SNORA45B
0.256833870958595,-0.452578946802596,0.308,0.269,1,EXTL2
0.952441725068613,-0.45276188762731,0.361,0.34,1,SACM1L
0.816330768221024,-0.453333388352388,0.183,0.184,1,IFT88
0.615120004298356,-0.453507842560127,0.031,0.036,1,HOXC-AS3
0.0746266602005747,-0.453702362488765,0.144,0.11,1,NID2
0.924585710768243,-0.453752744948411,0.238,0.234,1,C1orf53
0.4804136689058,-0.453975518923992,0.01,0.007,1,LOC286297
0.777505581386789,-0.454125051887283,0.43,0.394,1,C21orf33
0.2130689915864,-0.454185133994066,0.152,0.125,1,LOC400043
0.855263909724505,-0.454207096451439,0.042,0.044,1,GPAM
0.440516175262285,-0.454234100442685,0.03,0.037,1,STEAP1B
0.751708568392436,-0.454297023120293,0.302,0.296,1,ATP2C1
0.0811426322030762,-0.454560612942855,0.076,0.052,1,COL7A1
0.275797760017059,-0.455133996857954,0.038,0.027,1,PDIK1L
0.243459040319525,-0.455143189563249,0.218,0.183,1,SNX18
0.239948810606485,-0.455226619768127,0.22,0.188,1,PLEKHA5
0.00569990598906366,-0.455531918543763,0.006,0.022,1,CDH16
0.205166071463568,-0.45578217652106,0.005,0.01,1,LINC00637
0.0981304121630584,-0.455957471122249,0.684,0.69,1,ADM
0.462496043935813,-0.456535488695701,0.021,0.015,1,LAMP3
0.953876441745343,-0.456606548054958,0.276,0.267,1,PMAIP1
0.262255009781012,-0.456620607075418,0.019,0.012,1,GLUD1P7
0.867012758235808,-0.456642422345582,0.068,0.064,1,RTTN
0.621820782805738,-0.456659262743233,0.162,0.149,1,RNU6ATAC
0.249953565856569,-0.457179445900805,0.062,0.047,1,PAWR
0.71009893224791,-0.457382361111718,0.31,0.293,1,CLUAP1
0.440670632736954,-0.457446312178757,0.157,0.139,1,PDE4A
0.00344283055179743,-0.457969618581123,0.341,0.257,1,DNTTIP1
0.728924551885159,-0.45812445410626,0.019,0.017,1,DYDC1
0.926560832550967,-0.458146618737514,0.144,0.14,1,CLEC18B
0.481953531385893,-0.45832906910641,0.048,0.056,1,HLA-DOA
0.0945006775270581,-0.458482319098841,0.055,0.036,1,NUDT13
0.890263405243432,-0.458802956097201,0.802,0.743,1,PARP15
0.454064792846598,-0.458814266789784,0.013,0.008,1,LINC00926
0.197111437185651,-0.45887365573557,0.038,0.025,1,ADAMTS13
0.825387289927231,-0.458929646843467,0.145,0.149,1,KIAA1551
0.289125635573807,-0.45913532081148,0.103,0.085,1,CACNA2D1
0.624201937208988,-0.459179867673127,0.589,0.565,1,THAP9-AS1
0.244441781965485,-0.459292778671613,0.024,0.015,1,COL26A1
0.000855416209020583,-0.459311358980064,0.111,0.059,1,SLC38A7
0.87286582644049,-0.459376106053343,0.049,0.051,1,GABRB1
0.40902462105635,-0.459408977724782,0.149,0.129,1,C1orf56
0.174286617458695,-0.459523652513247,0.037,0.024,1,RGS22
0.795103911276013,-0.459526631586516,0.449,0.421,1,RHOB
0.123151624061396,-0.460026108474544,0.018,0.008,1,LILRA5
0.742910059370589,-0.46015411264664,0.253,0.257,1,BAZ2B
0.0848446258653716,-0.460564464900211,0.049,0.03,1,LINC00665
0.656683048534981,-0.460589826143393,0.042,0.037,1,TUBA3FP
0.14828479446276,-0.460746282120435,0.013,0.005,1,NME9
0.883329844072957,-0.460780781172986,0.316,0.301,1,EIF2AK2
0.864023634285133,-0.460933587815342,0.124,0.118,1,NXT2
0.776306108053164,-0.461062707409445,0.017,0.015,1,ZYG11A
0.909290923761171,-0.461152132996174,0.215,0.21,1,ANKMY2
0.994426055611939,-0.461158301925661,0.147,0.144,1,EPHX1
0.279639981453814,-0.461206977772061,0.01,0.005,1,FENDRR
0.375407853881794,-0.461359580712204,0.022,0.015,1,KDM4A-AS1
0.0309584444190478,-0.461451939378747,0.2,0.151,1,SF3A2
0.907801113711553,-0.461543599568767,0.115,0.117,1,RHBDF1
0.856748126848655,-0.461614777851514,0.009,0.01,1,LINC01315
0.607213957104574,-0.461907414989363,0.131,0.118,1,SCAMP1-AS1
0.899606855499434,-0.461948127051665,0.292,0.281,1,GSTT1
0.252430050352243,-0.462612147415509,0.032,0.022,1,LOC645513
0.72423226227135,-0.46274715488105,0.01,0.008,1,RBMY2FP
0.0124498718946762,-0.46275291443533,0.809,0.788,1,RARRES2
0.86191935366474,-0.463333033566046,0.039,0.041,1,CHRNE
0.480896145423172,-0.463387259276749,0.01,0.007,1,SEC1P
0.257356643925996,-0.463482660258475,0.167,0.142,1,SP4
0.062122322961675,-0.463504066182562,0.205,0.162,1,GBP4
0.383046430605361,-0.463973919603063,0.159,0.139,1,DNAJC16
0.6617099141048,-0.464104302967859,0.242,0.244,1,PUS3
0.0557216849554586,-0.464466411390963,0.247,0.198,1,TRIM52-AS1
0.718433502342621,-0.464539955561361,0.039,0.042,1,SP7
0.452583280885529,-0.464670711736209,0.097,0.085,1,XPO7
0.0467124439260434,-0.46500668448603,0.305,0.25,1,RASGRP3
0.305429101285624,-0.465011062872105,0.16,0.135,1,LOC154761
0.189921468611422,-0.465045643011836,0.468,0.416,1,MYLIP
0.212578794937604,-0.465247234382328,0.275,0.234,1,PPP6R2
0.976948273753064,-0.465369495062383,0.01,0.01,1,LTA
0.253551166262268,-0.465550322135266,0.129,0.108,1,LOC101927765
0.686914288337848,-0.465602470653265,0.022,0.019,1,RAB33A
0.17567500196536,-0.465823180285159,0.216,0.178,1,OCEL1
0.966146446972114,-0.465865012729093,0.15,0.149,1,UBAC1
0.753009204040926,-0.466481191720773,0.026,0.024,1,LINC01137
0.684828831959232,-0.466548281762729,0.153,0.14,1,CARM1
0.329717065172856,-0.466549112587688,0.096,0.08,1,FAM219A
0.121395619598158,-0.466802176246898,0.105,0.08,1,NPAP1
0.0114715030495384,-0.466857506206186,0.19,0.135,1,PEX5
0.293826936262201,-0.466985076405992,0.041,0.03,1,SERP2
0.350216784636856,-0.467228621442436,0.982,0.976,1,DNAJB1
0.336327666010508,-0.467234494643867,0.086,0.071,1,C5AR2
0.084530470389019,-0.467455063025574,0.045,0.027,1,DERL3
0.0177515388720203,-0.467499802420123,0.023,0.007,1,LLGL2
0.317357057360856,-0.467752653728256,0.021,0.014,1,GLYATL2
0.590543501154184,-0.467959701933988,0.047,0.041,1,ZNF57
0.958517952328525,-0.468062601773385,0.433,0.408,1,SLC40A1
0.943210032841745,-0.468145730445022,0.372,0.35,1,GABRA4
0.980593396242118,-0.46835373138244,0.178,0.173,1,GLIDR
0.0144414484110589,-0.468436079348024,0.183,0.13,1,CLEC3B
0.212589459793015,-0.46847549149963,0.014,0.007,1,ENPP6
0.333562230125269,-0.468480425439452,0.018,0.012,1,LOC101929194
0.0539754718075104,-0.468721202587589,0.263,0.22,1,GCLC
0.90824972301328,-0.469042349640541,0.019,0.019,1,HOXC5
0.305551806963921,-0.469598601996394,0.124,0.103,1,TSTD3
0.933740230802036,-0.469676657585707,0.044,0.042,1,C10orf35
0.0462257355120506,-0.469739050671674,0.989,0.976,1,HSPE1
0.542906047305685,-0.469865956653273,0.079,0.069,1,POC5
0.336269152604685,-0.469920086958048,0.036,0.046,1,SYN3
0.704131122106412,-0.469982605290013,0.077,0.081,1,ZNF473
0.0596766296911532,-0.470128848579049,0.033,0.017,1,LINC01311
0.670885311373402,-0.47013731520637,0.008,0.01,1,AMDHD1
0.9075893994889,-0.470203312286105,0.055,0.056,1,SKP2
0.0207461974367029,-0.470372831966466,0.199,0.146,1,HES2
0.0887460770219768,-0.471002578976656,0.096,0.069,1,FAM175A
0.218177632989554,-0.471096563479284,0.044,0.03,1,IL10RB-AS1
0.400966699881067,-0.471150122292328,0.357,0.318,1,RSRC1
0.918258789900527,-0.471285493543821,0.023,0.024,1,DBIL5P
0.298922156542419,-0.471286405015306,0.184,0.201,1,FBLN1
0.14351347984628,-0.471290879141883,0.082,0.061,1,UBA7
0.160759839420368,-0.471405109195948,0.223,0.186,1,DUSP3
0.147121499787449,-0.47167012810058,0.215,0.178,1,APIP
0.123721957093039,-0.471809160579197,0.03,0.017,1,SLC23A3
0.560064753013301,-0.471909955923452,0.033,0.039,1,LOC100130872
0.632831792324953,-0.472287352694234,0.034,0.039,1,LOC90768
0.0502096538120772,-0.472373590589957,0.104,0.073,1,SYT11
0.0743725572678011,-0.472380533765179,0.126,0.093,1,MAGI2
0.690386644157196,-0.472519621162157,0.238,0.242,1,VPS39
0.279998979291062,-0.472547145450947,0.01,0.005,1,LOC101928858
0.60645380835284,-0.472583113240741,0.1,0.09,1,ACAD9
0.446746062087591,-0.472797235621201,0.089,0.1,1,VMO1
0.195529447310978,-0.472934615919383,0.131,0.105,1,TRRAP
0.213815144935189,-0.472973094530434,0.044,0.03,1,CEACAM5
0.202678804884405,-0.472984608928283,0.006,0.012,1,TP63
0.982710152832946,-0.473098648984362,0.01,0.01,1,FCGR1B
0.820932413566878,-0.473165749411937,0.011,0.01,1,PRND
0.214182848735617,-0.473503445912661,0.225,0.191,1,EXOC8
0.446038267971743,-0.473613177477216,0.125,0.11,1,KDM2B
0.191970154788194,-0.473658607312957,0.134,0.108,1,CHEK1
0.50270136496973,-0.473802553038721,0.332,0.332,1,MECP2
0.931661996083698,-0.473911017735799,0.04,0.039,1,CDC14B
0.83075605735263,-0.474094846578592,0.064,0.061,1,CCDC51
0.820416641297141,-0.475236942035578,0.072,0.074,1,BTN2A2
0.410275147285652,-0.475249231029276,0.016,0.022,1,RAD51AP1
0.298265653462183,-0.475401908297139,0.168,0.142,1,ASTN2
0.222449770512045,-0.475483566075324,0.06,0.044,1,AUH
0.226101615473853,-0.4756097271867,0.077,0.059,1,MAP1LC3C
0.409660726218028,-0.475639049290616,0.016,0.022,1,MCM10
0.485756711014708,-0.475810474485047,0.128,0.113,1,KHDC1
0.809383763098657,-0.476411708530414,0.144,0.147,1,PMS1
0.297274484106566,-0.476470452008885,0.212,0.184,1,ASB3
0.994932144599052,-0.476546868641534,0.359,0.342,1,PIGC
0.904183583956982,-0.476567317010731,0.158,0.154,1,SRGAP2
0.198408231322857,-0.476574999969264,0.231,0.195,1,HIRIP3
0.294948272830561,-0.476948771956453,0.088,0.071,1,PSEN2
0.11199607999693,-0.476964452271597,0.119,0.091,1,TMEM8A
0.101943288433571,-0.476968497414596,0.101,0.076,1,GOLGA6C
0.674371283322481,-0.477015223910744,0.44,0.389,1,UBAP1
0.284381994345507,-0.477146750678526,0.128,0.107,1,PTGER3
0.0267282547008835,-0.477196924733436,0.357,0.291,1,CREBZF
0.346940362205844,-0.477416646869565,0.034,0.025,1,TOMM20L
0.325071103123795,-0.477820800996951,0.141,0.12,1,WFS1
0.534987001546935,-0.477900172952754,0.042,0.036,1,ADORA2B
0.853815321158854,-0.478248949268115,0.009,0.01,1,RNF182
0.419214007562756,-0.478371994892205,0.017,0.012,1,PTPRD-AS2
0.0501165731088668,-0.478495301926397,0.01,0.002,1,OSTCP1
0.146922338078348,-0.479045158708748,0.109,0.085,1,HEY2
0.433321800430623,-0.479059364861433,0.085,0.073,1,VAMP1
0.196339717749408,-0.479219395729574,0.123,0.098,1,INTS5
0.829961456870542,-0.47939229594657,0.936,0.907,1,APOD
0.706324629587113,-0.479471272267682,0.263,0.266,1,GK5
0.401764874735024,-0.479567637347164,0.074,0.063,1,NHEJ1
0.0328288663443639,-0.479715975463708,0.227,0.173,1,LOC101928580
0.535101371651575,-0.479871110386413,0.338,0.305,1,TUBD1
0.838279960798507,-0.479974477641197,0.054,0.056,1,DENND6B
0.62432933729519,-0.480217767929717,0.121,0.13,1,GLE1
0.754383134812743,-0.48032779265154,0.186,0.188,1,RABGGTA
0.494361932646529,-0.480650091468318,0.281,0.296,1,THBS4
0.623935679377139,-0.48129153596253,0.145,0.152,1,FAM117A
0.348626979576974,-0.481367923599525,0.018,0.025,1,WDFY4
0.647731901507904,-0.481384055271763,0.215,0.198,1,PHOSPHO1
0.864443775519716,-0.481616100735248,0.181,0.174,1,VPS45
0.481356344652091,-0.481686721684526,0.05,0.042,1,TTN-AS1
0.421875519458494,-0.481702905074551,0.212,0.188,1,GSTO2
0.972511068927864,-0.481776374746528,0.165,0.161,1,LINC00924
0.683298847292868,-0.481883801880109,0.189,0.193,1,ORC3
0.476640336916662,-0.48193790697036,0.194,0.174,1,ZNF3
0.618741862907716,-0.481960710549124,0.063,0.056,1,LAMA2
0.998430365350511,-0.482252556137569,0.062,0.061,1,ARRB1
0.710459832778723,-0.482352226693299,0.06,0.054,1,CUL9
0.491586562884791,-0.483309106289493,0.03,0.024,1,ZNF74
0.0277406506999296,-0.483850339871006,0.195,0.147,1,SAP30L
0.804959277855392,-0.483850600985375,0.03,0.032,1,DEPDC5
0.016741796747619,-0.484166638122198,0.102,0.064,1,HOXD1
0.833945472533224,-0.484265769497442,0.215,0.205,1,LOC100506990
0.96054303819069,-0.48456783461796,0.052,0.051,1,TPTE2P5
0.993945237686912,-0.484676832477519,0.056,0.056,1,SP140L
0.759817074171699,-0.484799866810279,0.124,0.127,1,ZNF468
0.839385559231581,-0.484810018609329,0.017,0.019,1,DKKL1
0.703337154818181,-0.484875369098289,0.09,0.085,1,NCAM1
0.037311489957332,-0.48493914109545,0.238,0.183,1,GLMP
0.0532669266821171,-0.48497785589486,0.153,0.115,1,LIAS
0.73893274590802,-0.485346939252365,0.042,0.046,1,BTBD18
0.00869347261127835,-0.485680984253629,0.197,0.137,1,DDX51
0.729951712936734,-0.48581643933652,0.162,0.164,1,RHOJ
0.48769802458083,-0.485843161353322,0.024,0.019,1,PRDM6
0.0524241112469163,-0.486223971443093,0.124,0.088,1,USP5
0.931670537443432,-0.486281205622267,0.26,0.25,1,DGCR6
0.0376172926327962,-0.486531077423249,0.006,0.017,1,TPTEP1
0.877237873981558,-0.486744496273546,0.032,0.03,1,HPDL
0.644006074227214,-0.486932524882192,0.166,0.156,1,NOL4L
0.443054639524587,-0.486944731409114,0.069,0.058,1,IL6
0.222524345444082,-0.487123951241409,0.245,0.215,1,BCDIN3D
0.390529833794374,-0.487151135037224,0.198,0.176,1,PRKCH
0.610671180667553,-0.487282496010097,0.057,0.051,1,PEX26
0.92048110954074,-0.487301416772351,0.026,0.027,1,FAM19A5
0.98155769523306,-0.48743988814126,0.01,0.01,1,ST3GAL5-AS1
0.569787281839333,-0.487570790616887,0.04,0.034,1,SFI1
0.34132488990659,-0.4877385574296,0.139,0.117,1,TSTD2
0.946751905554415,-0.488043599456424,0.231,0.225,1,ATG2B
0.878321441094668,-0.488486280083787,0.216,0.206,1,TTC33
0.160114266821906,-0.488528843996972,0.046,0.03,1,CYP1A2
0.287036286316344,-0.488580553024498,0.206,0.178,1,ZDHHC17
0.563600886683131,-0.488635402086879,0.062,0.069,1,FAM98C
0.799994806224672,-0.488769225408022,0.022,0.024,1,SNURF
0.597834666817379,-0.488817185412582,0.305,0.279,1,RECQL
0.875497239867423,-0.488818060603278,0.246,0.234,1,CLASP2
0.146067602312345,-0.488931315799783,0.348,0.301,1,C2orf49
0.776505321128559,-0.489133012517146,0.033,0.03,1,CRYM-AS1
0.548229505353004,-0.48938267894023,0.082,0.073,1,LINC01023
0.614494614660109,-0.489406016380262,0.112,0.103,1,SRC
0.306198446491919,-0.489585266968819,0.045,0.034,1,LOC100506551
0.992089436857556,-0.489593440427456,0.08,0.08,1,ERAP2
0.376740311006906,-0.489705735721556,0.011,0.017,1,LINC00441
0.286806866474018,-0.489720892732426,0.049,0.037,1,ZNF154
0.109438513606194,-0.489897076151475,0.079,0.056,1,SCD5
0.157444079928602,-0.490034560155817,0.015,0.007,1,RYR1
0.244877924300212,-0.490093431746457,0.107,0.086,1,SNCG
0.618588640252221,-0.490922185658793,0.167,0.152,1,CH17-340M24.3
0.481861889646692,-0.491093970983231,0.01,0.007,1,NRON
0.58118177257617,-0.491735431550171,0.015,0.019,1,LOC653712
0.819083879134744,-0.491898081055826,0.097,0.1,1,C5orf60
0.349035114180264,-0.492050087992619,0.133,0.113,1,ESR1
0.255044452362694,-0.492155911667062,0.071,0.056,1,EMC3-AS1
0.821234302708787,-0.492176664077488,0.04,0.037,1,ATP8A1
0.583001043673253,-0.492370964478978,0.011,0.008,1,MYOZ1
0.626679813917755,-0.492534297165721,0.014,0.017,1,LDB3
0.657742231218313,-0.492634183771635,0.915,0.861,1,MTRNR2L8
0.773095095122165,-0.492738185179769,0.042,0.039,1,SHCBP1
0.187774998226937,-0.492915650601974,0.038,0.025,1,ADGRV1
0.878222453018639,-0.49298928956881,0.163,0.159,1,NEDD4
0.579048837478485,-0.49302889132594,0.023,0.019,1,SEC14L1P1
0.220619826485671,-0.493228123126514,0.068,0.051,1,CLMN
0.405676011841543,-0.493355454290963,0.05,0.041,1,XXYLT1
0.88538972644905,-0.493464648709006,0.095,0.091,1,CRYBB2
0.785686452761218,-0.493491894770252,0.202,0.201,1,TAF1B
0.762926531559615,-0.493937579943509,0.181,0.184,1,LBR
0.000606072894703988,-0.494219602509978,0.266,0.178,1,QRSL1
0.728158752901156,-0.494286322876793,0.01,0.008,1,LINC01602
0.7270558260022,-0.494678485227865,0.045,0.041,1,MAN1C1
0.741469848863507,-0.494777551620762,0.139,0.129,1,LRRC15
0.0798780747397575,-0.496113987246435,0.054,0.034,1,RNVU1-19
0.421413731142903,-0.496145122774424,0.052,0.061,1,LINC01521
0.623937301017386,-0.496976809910454,0.105,0.095,1,LNP1
0.901947727288008,-0.497002829588268,0.422,0.408,1,KMT2E-AS1
0.715302869178014,-0.497203639135699,0.025,0.022,1,LOC202181
0.853650045818147,-0.497416276598763,0.11,0.105,1,ZBTB25
0.986204313996341,-0.49744361791352,0.133,0.129,1,HSD17B14
0.0365492351689712,-0.4974688282741,0.061,0.036,1,PDE6A
5.15360157022372e-06,-0.497852961582049,0.99,0.986,0.124474938725614,ZNF585B
0.989662632038615,-0.498305829854569,0.111,0.11,1,IGHMBP2
0.11924609560823,-0.498307561204936,0.034,0.02,1,C7orf61
0.678708036678895,-0.498915738642936,0.027,0.024,1,SULT2A1
0.764644581589331,-0.499156017170485,0.026,0.029,1,MESTIT1
0.163200098035617,-0.499319124012897,0.228,0.186,1,LXN
0.616953013185548,-0.499671463652224,0.039,0.044,1,CCDC146
0.270031708318182,-0.499798642450097,0.103,0.083,1,BMS1P21
0.282292401883762,-0.499888560449961,0.027,0.019,1,LINC01301
0.107219789349265,-0.500222188172661,0.427,0.352,1,MTRNR2L10
0.649504275993863,-0.500302713477966,0.033,0.029,1,CEP78
0.781724398086198,-0.500303230909315,0.01,0.012,1,SPOCD1
0.551361504699744,-0.500313529013969,0.025,0.02,1,LOC101929199
0.442307844635535,-0.500347315103493,0.285,0.254,1,CENPN
0.655656802188282,-0.500618708044452,0.101,0.093,1,EPB41
0.957398616302519,-0.500671784622521,0.062,0.061,1,OSMR-AS1
0.370840505197587,-0.500703693048539,0.325,0.294,1,NRP1
0.629870321532695,-0.501291845199615,0.015,0.012,1,GUCA1A
0.689442324730064,-0.501339327153008,0.087,0.081,1,G6PD
0.410628918377296,-0.50137702845465,0.025,0.019,1,ZNF137P
0.422926828845617,-0.501452699354466,0.207,0.181,1,EMD
0.0206560710714388,-0.501516607938596,0.313,0.245,1,PTCHD4
0.67524865621976,-0.501559715270131,0.013,0.01,1,EIF4EBP3
0.106106892037103,-0.501608224909138,0.061,0.041,1,LINC01158
0.529979576964591,-0.501813229426029,0.309,0.306,1,TCEAL1
0.561249459977678,-0.501889980380537,0.04,0.034,1,LOC102724784
0.0104952651727828,-0.50241670041299,0.407,0.321,1,RAB31
0.139403090606582,-0.502532298958642,0.134,0.107,1,TUBGCP3
0.507573291521707,-0.502837364775406,0.268,0.239,1,FAM104B
0.351722535648018,-0.502929587782129,0.302,0.313,1,RMRP
0.926206479471059,-0.503546818065517,0.023,0.022,1,KRT8P41
0.170647289845034,-0.503928250169285,0.072,0.054,1,DPY19L2P2
0.0696466798481004,-0.504114940930515,0.013,0.025,1,ZNF385C
0.0363082119224808,-0.504178515502916,0.071,0.044,1,KIF14
0.85222531326842,-0.504199185052997,0.071,0.068,1,MAGIX
0.441276507731411,-0.50428994995806,0.127,0.139,1,CES1
0.000775733060123404,-0.504792538356222,0.074,0.032,1,TMEM265
0.376839973774947,-0.504969720937661,0.022,0.015,1,DNAJC9-AS1
0.105668381316117,-0.505441121636085,0.242,0.198,1,LRIG1
0.173921925333879,-0.505479468298288,0.228,0.193,1,ARID2
0.284745353569134,-0.505569451560848,0.071,0.056,1,IFNLR1
0.0641634386841936,-0.505652123669031,0.053,0.032,1,LOC440600
0.0862374509943622,-0.505663803340438,0.235,0.186,1,SLC35F6
0.806481283604107,-0.505726002832468,0.025,0.027,1,PABPC3
0.777966285199967,-0.505739907926022,0.01,0.012,1,CDH12
0.560211443653114,-0.506085728092347,0.101,0.108,1,TNFRSF1B
0.393350871451439,-0.506099428607052,0.157,0.135,1,SESN1
0.0955855715283988,-0.506282885901608,0.07,0.047,1,FLT3LG
0.712180613120967,-0.506286755122428,0.053,0.047,1,TFB1M
0.915561600921983,-0.506578094403854,0.112,0.113,1,SERAC1
0.616291923417718,-0.506709675350361,0.194,0.203,1,KIAA1586
0.692501915063131,-0.506812773700892,0.078,0.071,1,POLL
0.395327771676659,-0.506992650209297,0.072,0.083,1,ZNF436
0.19716904798161,-0.507042899769258,0.242,0.206,1,CYTH3
0.552700268363006,-0.507150661003847,0.019,0.015,1,DOK7
0.0739576173471334,-0.507769467699891,0.174,0.135,1,EFHC1
0.558215125802028,-0.50779040295482,0.307,0.305,1,ILF3-AS1
0.76767668818115,-0.508211250885478,0.053,0.056,1,PDE5A
0.906773805422407,-0.508488276666109,0.026,0.025,1,LOC643072
0.900059545993456,-0.508723379845402,0.048,0.049,1,CDPF1
0.961485329018658,-0.508795994918525,0.189,0.181,1,CDK5RAP1
0.0131840138192507,-0.508949581092764,0.15,0.102,1,LSM11
0.069352532656016,-0.509136267182936,0.074,0.049,1,LURAP1L
0.862935501456761,-0.509137699977763,0.049,0.047,1,F2
0.659896089041906,-0.509212388012061,0.107,0.096,1,TMEM212
0.176258752697651,-0.509261605211345,0.085,0.064,1,TNFSF11
0.456010717642104,-0.509279932930695,0.212,0.19,1,FBXW5
0.423456346539428,-0.509342988942758,0.036,0.044,1,LOC102724874
0.279096057787428,-0.509415636282347,0.178,0.152,1,PLBD2
0.3649860779954,-0.50965305183494,0.082,0.068,1,LOC101929717
0.510192336661065,-0.51020654744207,0.022,0.027,1,LAT
0.548190966703767,-0.510254225518236,0.189,0.173,1,ASB1
0.485697087227341,-0.510271271145428,0.267,0.272,1,GNPAT
0.328457636625872,-0.510367205594978,0.077,0.063,1,ZNF667
0.539287482461297,-0.51046989973283,0.044,0.037,1,LY6D
0.834547787238049,-0.510566289483757,0.119,0.12,1,DDB2
0.903189253619314,-0.510583575306399,0.019,0.02,1,CD300A
0.612372403812524,-0.511135604105747,0.036,0.03,1,HOMEZ
0.849037998355235,-0.511152641604595,0.061,0.058,1,SIRT7
0.458251627639251,-0.511175921799988,0.258,0.232,1,PHKG2
0.425286538778057,-0.511694181418631,0.009,0.014,1,OTOA
0.00233430947664007,-0.512190149803702,0.446,0.359,1,THY1
0.600437400016026,-0.512692655810494,0.032,0.027,1,ZNF818P
0.24883896236502,-0.512863789442172,0.024,0.015,1,FSIP2
0.837197510872831,-0.512923100067273,0.302,0.284,1,NMRK1
0.734170876495934,-0.513096596233012,0.363,0.34,1,TCTEX1D2
0.364748262754288,-0.51327871829848,0.127,0.11,1,ETV6
0.659445644621211,-0.51355783659166,0.202,0.188,1,RBM4
0.994899986251769,-0.513810306912347,0.291,0.281,1,IRF9
0.472253209568473,-0.513937986506513,0.16,0.142,1,MRGPRF
0.488888019871275,-0.514097515520162,0.172,0.154,1,SNHG7
0.636045271130987,-0.514268002168074,0.116,0.105,1,KIAA1467
0.475607065039314,-0.514350325780634,0.046,0.054,1,SPSB2
0.329444329189418,-0.514445061357273,0.061,0.073,1,PRKCZ
0.758104665496385,-0.515114296564933,0.38,0.367,1,MRPL19
0.00756018133357128,-0.516061959313223,0.173,0.118,1,GLCCI1
0.644448774923732,-0.516117910329844,0.046,0.041,1,LIN9
0.300510931017531,-0.516304602285328,0.066,0.052,1,ATP5L2
0.0917623262960023,-0.516390398745114,0.619,0.548,1,GJA1
0.313140059517435,-0.516478163390758,0.081,0.095,1,ABCA1
0.0214004976969985,-0.516878343656678,0.089,0.056,1,PLXNA4
0.396084071998092,-0.5169558073072,0.182,0.198,1,FYN
0.636930528833262,-0.517045539572982,0.365,0.337,1,UBR1
0.623534599072988,-0.51716878707502,0.069,0.061,1,MOGAT1
0.634384732266189,-0.517314403333444,0.05,0.056,1,PRIMPOL
0.213658605289345,-0.517384091168952,0.033,0.022,1,SAMD5
0.380531069247299,-0.517611234057354,0.049,0.039,1,LOC100506083
0.40762815185467,-0.517731249712197,0.173,0.152,1,ANXA6
0.281451714074769,-0.517768875064967,0.013,0.007,1,IL21R
0.318227834574167,-0.518209868654791,0.031,0.022,1,TBXA2R
0.142045826062627,-0.518278310010539,0.443,0.374,1,MTRNR2L6
0.0762512719975868,-0.518389627584111,0.168,0.129,1,RMND5B
0.726617873374596,-0.518397201629707,0.042,0.046,1,ST20-AS1
0.064862838950958,-0.518455099006202,0.05,0.03,1,F11R
0.572554386555235,-0.518608438031192,0.22,0.201,1,SLC35A5
0.0292291621808092,-0.518719614962457,0.069,0.041,1,NUDT8
0.128087799146513,-0.519026654598183,0.105,0.13,1,TNFAIP3
0.0839106028006874,-0.519058521692922,0.094,0.122,1,TOP1MT
0.955179150903157,-0.519125855175654,0.015,0.015,1,CD1D
0.297662435110182,-0.519134217295046,0.162,0.137,1,TACO1
0.390390186072687,-0.519189077655063,0.586,0.555,1,VAMP5
0.509287513592897,-0.519209735740184,0.151,0.135,1,PIAS3
0.424267690222131,-0.519801886942121,0.136,0.147,1,ACACA
0.274044700712186,-0.519852813780237,0.157,0.134,1,CNTLN
0.765565979239389,-0.520319422102189,0.246,0.228,1,ERCC6L2
0.403297249662622,-0.52059428183417,0.16,0.14,1,STAU2
0.0782231836773068,-0.520819415062412,0.015,0.005,1,DPPA4
0.434047172987838,-0.521180085901741,0.111,0.096,1,CTTNBP2
0.654400059220969,-0.521614299727473,0.017,0.02,1,SNHG4
0.875381976803898,-0.521734633689928,0.013,0.014,1,GRIK1
0.826363037178122,-0.52198199882842,0.087,0.09,1,ZBTB11-AS1
0.010500398929365,-0.522175006149098,0.171,0.118,1,B3GALTL
0.696041777992793,-0.522343938832221,0.109,0.1,1,COG1
0.529197043444461,-0.522669650718091,0.011,0.015,1,C1orf115
0.906533019849926,-0.522775276003267,0.199,0.196,1,CDC42EP1
0.978676724877195,-0.522977746253341,0.01,0.01,1,KCNH1
0.687683192781213,-0.523110465735093,0.271,0.259,1,PINX1
0.186555371806009,-0.523162738611349,0.042,0.029,1,LOC100506136
0.0950296365093397,-0.523272034648552,0.415,0.345,1,ALDH6A1
0.130123525035003,-0.523540359479023,0.048,0.032,1,TDRD9
0.217101703738243,-0.52359744309753,0.041,0.029,1,PNPLA7
0.984871011914985,-0.523916842624072,0.031,0.03,1,KRT16P3
0.10910433936824,-0.524274221922553,0.014,0.005,1,FBXO10
0.982251092208899,-0.524505527316122,0.014,0.014,1,CTNND2
0.101323008152727,-0.524596565545108,0.221,0.178,1,TMIGD2
0.286928433336295,-0.524848515847516,0.077,0.061,1,SH3BP4
0.485098722436517,-0.524884291458839,0.064,0.054,1,GXYLT2
0.84649539923584,-0.524892393048425,0.018,0.017,1,NAGS
0.181739366609074,-0.524987264555643,0.034,0.022,1,POU2F3
0.559940925073171,-0.525239919590177,0.064,0.056,1,MEOX2
0.96297906542771,-0.525630142058074,0.044,0.044,1,PPARG
0.394689118025334,-0.525803282326337,0.163,0.144,1,ZNF490
0.400386363302997,-0.525812567296392,0.033,0.025,1,BHLHE40-AS1
0.000386391523439814,-0.525981818301497,0.9,0.917,1,LINC00958
0.235812413564235,-0.526074401074737,0.218,0.184,1,PIK3CA
0.74017727299221,-0.52611390932973,0.116,0.108,1,ZNF780A
0.636093218683814,-0.526282038311332,0.061,0.054,1,LOC220729
0.548256384369341,-0.526549384289687,0.014,0.01,1,GOLGA6L4
0.978252237903556,-0.527009167007522,0.014,0.014,1,ASB14
0.75237306970283,-0.527012492105701,0.259,0.244,1,PARP12
0.708030131763658,-0.527044824940281,0.016,0.019,1,NOTUM
0.927592047466536,-0.527092984290291,0.044,0.044,1,FGF7
0.449544020017454,-0.527153148339396,0.029,0.022,1,KCNK17
0.496765706699434,-0.527380030111975,0.068,0.076,1,KLHDC9
0.724466088545297,-0.527610579713513,0.05,0.054,1,LINC00598
0.78609762007696,-0.52778613027848,0.532,0.499,1,HADHB
0.809855579949285,-0.528122386016628,0.288,0.276,1,ARMCX6
0.270540395351538,-0.528135766286741,0.104,0.085,1,ZNF605
0.445076598973226,-0.528303996925702,0.088,0.076,1,TMEM53
0.270311188759443,-0.528342478081912,0.393,0.342,1,SUMF2
0.931995111471138,-0.528861054131446,0.061,0.059,1,POU3F1
0.331696320564547,-0.528870399457265,0.014,0.02,1,LOC101928847
0.431730788363909,-0.529025463132936,0.145,0.129,1,ZDHHC13
0.488009395438606,-0.529383568770119,0.236,0.208,1,RAPGEF6
0.691431184970817,-0.529407452509887,0.052,0.056,1,RAB20
0.000150934256458383,-0.529694658890034,0.042,0.008,1,MAPK8IP1
0.931084865527273,-0.529978429502213,0.2,0.193,1,RNF20
0.555140431071377,-0.530007186179199,0.351,0.35,1,SPATS2
0.730365164236438,-0.530013884455764,0.092,0.096,1,DCPS
0.253724235302331,-0.530284362027849,0.12,0.1,1,C7orf43
0.909071367984612,-0.530365838034747,0.32,0.303,1,JADE1
0.174284206080242,-0.530835466231678,0.072,0.091,1,RPP25
0.114593300406676,-0.531535282239494,0.088,0.064,1,STIM2
0.931504333990409,-0.531703669593803,0.104,0.1,1,NUGGC
0.714598853040969,-0.531955877593442,0.178,0.166,1,FBXO22
0.282600880014296,-0.532161209624514,0.104,0.085,1,GABPB2
0.767633354411595,-0.532261567371197,0.049,0.046,1,RAP2C-AS1
0.936822991471247,-0.532603044214043,0.03,0.029,1,KATNAL2
0.732053331927305,-0.532735262684358,0.096,0.09,1,ZNF23
0.711391355165721,-0.53288803357455,0.606,0.528,1,SLC9A4
0.105766157070776,-0.5329145555442,0.09,0.066,1,ZBTB34
0.453847592549135,-0.532946382348373,0.131,0.113,1,APBB1
0.850378806566945,-0.533310033257097,0.018,0.017,1,IRGM
0.12179599951941,-0.533594436143222,0.08,0.103,1,FAM217B
0.265929951483076,-0.533760994457373,0.019,0.012,1,RAPGEFL1
0.290923182783654,-0.534120255265364,0.044,0.032,1,BIRC5
0.725330286085943,-0.534513282375347,0.065,0.069,1,FAM122C
0.594228944009592,-0.534600828678957,0.144,0.132,1,ZFAND2B
0.367337682874936,-0.534743700618813,0.056,0.068,1,SPACA6P-AS
0.506328270144976,-0.536382115164723,0.183,0.164,1,ADPRM
0.35435600686051,-0.536506799861441,0.013,0.019,1,LINC00167
0.773272993606167,-0.536831830229223,0.042,0.046,1,ZNF563
0.992710976547326,-0.536955946250683,0.07,0.069,1,LOC100506603
0.161504939911044,-0.537192119678997,0.062,0.044,1,SLC46A1
0.23231102027043,-0.538158775675123,0.069,0.052,1,SLC7A6OS
0.971334730149031,-0.538395704168667,0.017,0.017,1,CD160
0.0106657966867075,-0.538466611906458,0.236,0.173,1,STAT2
0.816385648330641,-0.538532178550887,0.228,0.215,1,MAPKAPK5
0.348663260657083,-0.538577169298377,0.016,0.01,1,ADGRE2
0.700499081816242,-0.538707540057057,0.289,0.269,1,STX7
0.279361427332675,-0.538782819847771,0.025,0.017,1,PLA2G4E
0.53672702254706,-0.538915885746572,0.134,0.12,1,NUP43
0.144035896810826,-0.539097621507422,0.241,0.201,1,FXR2
0.435659395088041,-0.53921301447104,0.153,0.135,1,DPH5
0.178205579525132,-0.539263115236024,0.044,0.059,1,PLEKHA8
0.586973239609062,-0.539295297801937,0.011,0.008,1,C8orf49
0.0321476588217712,-0.53946226049803,0.015,0.003,1,CDC45
0.713372370361528,-0.539710969786176,0.064,0.059,1,CDKN2A
0.603509980035555,-0.539775557256255,0.078,0.069,1,ZBTB14
0.943858144699232,-0.540019542050671,0.037,0.037,1,CCDC121
0.777988093560532,-0.540021968479307,0.037,0.034,1,NPIPB5
0.271897525690448,-0.54011142072781,0.206,0.174,1,TMEM161B
0.391729449272496,-0.540221353914437,0.047,0.037,1,TTC9
0.248744125675626,-0.54032556224179,0.034,0.024,1,PDIA3P1
0.3683912352858,-0.540517033280906,0.376,0.333,1,KDM6A
0.43644957431343,-0.540545545587103,0.015,0.02,1,KRT73-AS1
0.822017295230895,-0.541440627064747,0.027,0.025,1,TMEM144
0.482300932515005,-0.541711203484955,0.018,0.014,1,HCG9
0.28249456140302,-0.541715700718839,0.093,0.074,1,SCUBE3
0.694500515738636,-0.541769739597946,0.021,0.024,1,TMEM198B
0.570726469648213,-0.541931463889841,0.01,0.014,1,MYH15
0.63796835741521,-0.54275858400684,0.112,0.103,1,ENOX2
0.436058837008671,-0.543091784460001,0.241,0.217,1,SLC25A14
0.213204971890986,-0.54332928152229,0.324,0.276,1,PLOD3
0.047023524835532,-0.543941798202064,0.181,0.139,1,FGFR1OP
0.43296381692735,-0.544251060431274,0.015,0.01,1,UCN2
0.976223369569156,-0.544307487223143,0.064,0.064,1,DOLK
0.350970498454379,-0.544376177859096,0.024,0.017,1,CYB5RL
0.452246159921973,-0.544527888849718,0.103,0.09,1,THOP1
0.69831713540241,-0.545553507760086,0.04,0.044,1,KCNE3
0.15121388718115,-0.545703326262166,0.09,0.068,1,CCDC68
0.795975942833216,-0.545983306080156,0.092,0.086,1,WDSUB1
0.54649844264968,-0.546055450008945,0.014,0.01,1,C2orf73
0.31068449427138,-0.546128129692278,0.023,0.015,1,SIGLEC8
0.351364227073475,-0.54625211940054,0.292,0.259,1,FAM180A
0.736270078670097,-0.546316453466225,0.063,0.058,1,TSHZ2
0.069630684376903,-0.546681307103181,0.179,0.139,1,GLIPR1L2
0.0952537821917628,-0.546826551054785,0.155,0.12,1,TTC23
0.396220455483502,-0.546988920888968,0.115,0.098,1,LOC100996291
0.74942599685013,-0.547094297741156,0.015,0.017,1,OR7E156P
0.00116529045585476,-0.547407116307124,0.178,0.112,1,LMLN
0.916931230507827,-0.547514667829653,0.026,0.025,1,BBC3
0.985512721412772,-0.54761276867158,0.041,0.041,1,ZCCHC5
0.328984139870154,-0.547654966096312,0.053,0.064,1,PGBD2
0.759601128980932,-0.547661090191951,0.136,0.127,1,TUBGCP5
0.69433103172311,-0.548225011474905,0.081,0.074,1,ASH1L-AS1
0.83452671792881,-0.548535775036001,0.181,0.181,1,RGS12
0.868474508010872,-0.548670191739581,0.053,0.054,1,FTX
0.255811311337147,-0.548853436822269,0.042,0.03,1,TIPARP-AS1
0.155350260069516,-0.548903302311267,0.033,0.02,1,LINC00933
0.10279049885694,-0.548973961824476,0.063,0.042,1,PCDHB10
0.676218718738765,-0.549255751719829,0.021,0.024,1,GINS1
0.818290659443161,-0.549506671965228,0.093,0.088,1,CLCNKA
0.0937732513348859,-0.549536833872621,0.121,0.091,1,GALK2
0.155757021167123,-0.549595335616748,0.031,0.019,1,ANKRD31
0.0740370555290907,-0.549635451993978,0.044,0.025,1,SCAMP5
0.686900572635992,-0.549695799554256,0.052,0.056,1,PRMT5
0.987218427180949,-0.550234572057382,0.144,0.142,1,ANGPT2
0.485236478191973,-0.55038184745929,0.235,0.208,1,ECE1
0.91218752990143,-0.550468055284388,0.03,0.029,1,LINC00969
0.0056219407711443,-0.550651396132574,0.983,0.975,1,HSPA1A
0.352487628599457,-0.551024042146413,0.184,0.159,1,ZNF543
0.378009085340985,-0.551141808019934,0.047,0.037,1,PLEKHA7
0.313419072196358,-0.551230634265091,0.107,0.088,1,LINC00339
0.093210891058793,-0.551305271968923,0.148,0.113,1,SOX6
0.216199620025662,-0.551505916493292,0.044,0.03,1,RAVER2
0.330757170898505,-0.551724419836233,0.145,0.125,1,NCEH1
0.711413034165926,-0.552045826606794,0.167,0.154,1,KIF13A
0.120887632148625,-0.55218977336694,0.068,0.047,1,SH3BGRL2
0.556331222879056,-0.552425062229127,0.167,0.149,1,PDGFRB
0.989689267067564,-0.552567796588972,0.414,0.387,1,MYO1B
0.550315096573384,-0.55280014991269,0.149,0.135,1,KLHL12
0.792502654009208,-0.553278992184584,0.3,0.291,1,FAM104A
0.300311896993292,-0.553302359028284,0.119,0.1,1,PCBD2
0.659552203835777,-0.553499624384978,0.243,0.244,1,UMAD1
0.315611525097694,-0.553849318918245,0.039,0.029,1,FLJ27354
0.994141491116441,-0.553915950002693,0.267,0.252,1,TOM1
0.589463437139139,-0.554172621485422,0.032,0.037,1,PARD3B
0.587279193142052,-0.554495642654976,0.205,0.19,1,GCNT1
0.442963561083701,-0.554682112334304,0.172,0.154,1,C1orf174
0.183234755737948,-0.554730400991158,0.047,0.032,1,PINK1-AS
0.913202462171274,-0.554781382881108,0.116,0.115,1,BCOR
0.675798709384244,-0.555219312695689,0.104,0.095,1,PTRH1
0.673147953527971,-0.555287363123149,0.008,0.01,1,IPPK
0.55076099296251,-0.555425832072159,0.064,0.056,1,CTCFL
0.963099047018207,-0.555456545965069,0.022,0.022,1,CTD-2201I18.1
0.746625278800478,-0.555496945544252,0.027,0.03,1,ALPK2
0.474512511456111,-0.555507303723828,0.104,0.091,1,PTK2B
0.32028293098155,-0.556150024428007,0.079,0.093,1,IFFO2
0.21675664265099,-0.556231613648736,0.128,0.105,1,C11orf63
0.377932234515039,-0.556446110309492,0.017,0.024,1,FGD3
0.95708453986853,-0.557628296503555,0.015,0.015,1,ADAMTS16
0.237917796066311,-0.557749462060213,0.194,0.217,1,PLCG2
0.407373157381254,-0.558796866518101,0.517,0.465,1,KIAA0355
0.322247848885257,-0.558885341726407,0.079,0.064,1,TLR6
0.00397001788613028,-0.558909485857227,0.119,0.071,1,COMTD1
0.383370848124923,-0.559339460630156,0.172,0.149,1,CEP41
0.461082475986201,-0.559384299010108,0.065,0.074,1,ZNF34
0.984102094622752,-0.559397146391794,0.039,0.039,1,AMOT
0.0526979098409019,-0.559461636276875,0.275,0.222,1,ANKRD20A9P
0.352495027064963,-0.559462021399353,0.013,0.019,1,KLF17
0.907327597685413,-0.559591079817189,0.016,0.015,1,LOC100128568
0.531821228722781,-0.559682650720208,0.212,0.193,1,UBN1
0.281228047914068,-0.559776142967925,0.027,0.019,1,SLC9A5
0.241908404562595,-0.559999958552382,0.026,0.017,1,TACC3
0.819844299390316,-0.560374391157174,0.011,0.01,1,ZNF257
0.746989698918754,-0.560408353757553,0.023,0.02,1,CAMK2B
0.35121245867927,-0.560499635652037,0.077,0.063,1,LOC403323
0.167253115136267,-0.560930845291711,0.038,0.052,1,LINC01554
0.912288634724513,-0.561183531777734,0.129,0.125,1,EPB41L3
0.398220468761357,-0.561871434387762,0.036,0.044,1,TIGD5
0.529843050678716,-0.561976149703201,0.221,0.2,1,TET2
0.279274719631759,-0.562002725959816,0.202,0.173,1,GRTP1
0.667175962224321,-0.562311253564351,0.025,0.029,1,SLC11A1
0.280893903498962,-0.562625727251629,0.246,0.213,1,ATP10D
0.295832035675711,-0.56263342863429,0.026,0.036,1,VIPR2
0.784877108281358,-0.562872492731088,0.288,0.276,1,PRKAA1
0.907405176080848,-0.56300549581065,0.165,0.157,1,EML3
0.377756094957322,-0.563042330551508,0.011,0.017,1,ZBTB42
0.350698631443328,-0.563625561324037,0.128,0.108,1,TKFC
0.232426622183364,-0.563774788259216,0.021,0.03,1,FRMD5
0.10627489228044,-0.564059079884845,0.046,0.029,1,ITGB7
0.0240932992004171,-0.564166253129241,0.061,0.034,1,ZNF229
0.390908170196427,-0.564654588370477,0.033,0.025,1,APOBEC3G
0.972331829304268,-0.565257579349486,0.107,0.105,1,CHEK2
0.600909059652371,-0.565388667827869,0.262,0.237,1,IMMP2L
0.170140767005615,-0.565813745922082,0.102,0.124,1,HMBS
0.357336258141661,-0.565819405980692,0.1,0.085,1,IRF2BPL
0.215371829501119,-0.566012041045339,0.242,0.203,1,CYTH1
0.589578272349706,-0.566367129475583,0.063,0.069,1,TRIM16
0.223483568104438,-0.566911516323688,0.117,0.095,1,MGAT4A
0.607708410887273,-0.566949942698794,0.026,0.022,1,LOC91450
0.187215008610307,-0.566979104814492,0.226,0.188,1,AP4B1
0.780650127158381,-0.567157317272295,0.01,0.012,1,KBTBD4
0.481323485588423,-0.567255069296221,0.018,0.024,1,ECT2L
0.948311694407535,-0.567541067329157,0.151,0.144,1,MLST8
0.847752408677328,-0.567826928471984,0.107,0.102,1,CES2
0.78675113761031,-0.567958782111685,0.03,0.032,1,TNFSF13B
0.949464564098457,-0.568004715600095,0.015,0.015,1,RPL21
0.120569438916808,-0.56864707815062,0.007,0.015,1,MAMSTR
0.0693702308522722,-0.568741250413042,0.293,0.242,1,HIST1H1C
0.306482617693283,-0.569005458764045,0.275,0.237,1,FAM210B
0.955545682958876,-0.569131702621168,0.096,0.093,1,ADAMTS9-AS2
0.335853518857721,-0.569161468210367,0.134,0.115,1,TUBGCP6
0.371132650755806,-0.569360099148564,0.011,0.007,1,FAM86JP
0.670788066657435,-0.569414024804547,0.013,0.01,1,ARHGAP15
0.776170844548316,-0.569483725557635,0.03,0.027,1,TMIE
0.44771418048532,-0.57013611093691,0.115,0.127,1,ARL4C
0.721318988153324,-0.570259225763562,0.121,0.113,1,MSANTD2
0.493166895140338,-0.570452642675223,0.1,0.088,1,PEX7
0.459086923013901,-0.570965238071556,0.024,0.03,1,SNAR-E
0.173038755176216,-0.571002486881088,0.128,0.103,1,TPST2
0.497589727261271,-0.571113487083224,0.092,0.08,1,APOBEC3C
0.384267016133665,-0.571139789026213,0.165,0.146,1,LSMEM1
0.251588585030518,-0.571143576857057,0.024,0.015,1,ZNF879
0.744707406664552,-0.571314057055759,0.339,0.332,1,MAVS
0.758327969030487,-0.571965625314603,0.344,0.335,1,EML4
0.722235917431891,-0.571992153114072,0.011,0.014,1,DUSP26
0.790015445555041,-0.572001458359686,0.121,0.125,1,DLX6
0.223108866229648,-0.572064562190043,0.101,0.08,1,ANKRD65
0.887562913227559,-0.572147650754999,0.16,0.154,1,RARA
0.308702647568888,-0.572746421297406,0.074,0.059,1,FKBPL
0.975628930991815,-0.572748986407233,0.021,0.02,1,LOC100506124
0.867482718510258,-0.572825332435903,0.196,0.191,1,C20orf27
0.861279493502054,-0.572851396431431,0.231,0.232,1,KLHL42
0.788749435001257,-0.573167634797264,0.018,0.02,1,RGPD8
0.117602265337625,-0.573238906484777,0.034,0.02,1,LOC642846
0.108404448846877,-0.573399183305101,0.003,0.01,1,SNORA7B
0.315925555626428,-0.573629066489213,0.03,0.039,1,FAM83H-AS1
0.220446365229473,-0.573665017058761,0.125,0.102,1,PDE7A
0.435353932234885,-0.573705406758722,0.063,0.052,1,HOXC8
0.0148026407988637,-0.573966670496787,0.026,0.008,1,HERC2P4
0.570547100789644,-0.574256647333664,0.024,0.029,1,ATP6V1E2
0.263965594044441,-0.574627517310611,0.019,0.012,1,ITGA8
0.643833186973468,-0.575924129374499,0.097,0.088,1,SWSAP1
0.509250394651876,-0.576098148781672,0.47,0.428,1,COL10A1
0.0121409036763025,-0.576130973856262,0.086,0.051,1,TDRD7
0.124820133140319,-0.576215686721937,0.034,0.02,1,C20orf203
0.467517394841003,-0.576270180124783,0.118,0.129,1,EIF4ENIF1
0.818345287370144,-0.576697329148274,0.405,0.387,1,TIMM8A
0.646027889654632,-0.576908988147883,0.022,0.025,1,GNRHR2
0.552093714890474,-0.577151062316023,0.964,0.936,1,HSPA1B
0.978038649594507,-0.577177686342723,0.109,0.108,1,IFIT5
0.40233044487752,-0.57721999243199,0.016,0.022,1,CTGLF12P
0.542686999811995,-0.577221494768804,0.148,0.132,1,UVRAG
0.401465576647993,-0.577255481003943,0.01,0.015,1,CASP1
0.922736033294262,-0.578499302110413,0.233,0.225,1,TNPO3
0.575959603447677,-0.578585635451447,0.243,0.22,1,NYAP2
0.861085686551289,-0.578780819246748,0.17,0.169,1,ZBTB2
0.435345964559171,-0.579203766308034,0.562,0.541,1,CLEC11A
0.508365946244483,-0.579499894187214,0.133,0.117,1,DBN1
0.654790354036398,-0.579616387088357,0.017,0.02,1,PPFIA2
0.267422135018269,-0.579840771007397,0.017,0.025,1,SLC6A15
0.128111408074874,-0.579926815820204,0.077,0.056,1,SRSF12
0.60295382086876,-0.580268330687043,0.023,0.027,1,LTB4R
0.164434117449487,-0.580616922812656,0.021,0.032,1,FUT6
0.420699272702694,-0.580822833743873,0.131,0.113,1,RIN1
0.843699070225408,-0.581326046789304,0.143,0.139,1,HLA-DQB1
0.402206841503604,-0.5814109850515,0.01,0.015,1,BTBD8
0.738395895365657,-0.581868027155462,0.042,0.046,1,ZNF436-AS1
0.432880196883469,-0.582447136436575,0.042,0.034,1,FLJ35934
0.0341596770923494,-0.582690785804206,0.09,0.059,1,TP53AIP1
0.383760945942265,-0.583345232261364,0.022,0.015,1,HOXA4
0.784806972229899,-0.583833401993711,0.03,0.032,1,CDK18
0.265392282544676,-0.583982657958021,0.15,0.127,1,KIAA0196
0.599473727245686,-0.584170851621612,0.053,0.046,1,ABCB10
0.667225188160441,-0.584258091087734,0.198,0.2,1,FAN1
0.272410384555464,-0.58502088694565,0.017,0.01,1,MROH7
0.928514324863489,-0.585146909298184,0.082,0.083,1,ZNF440
0.667414684747991,-0.585334686887228,0.06,0.054,1,GATA3
0.560590980237265,-0.585363943561082,0.073,0.064,1,MDM1
0.399540600269484,-0.585501652766588,0.186,0.164,1,AGR2
0.335424538958346,-0.586118944847141,0.099,0.083,1,MEN1
0.428725520125761,-0.586203417381768,0.037,0.029,1,ZNF8
0.0901830816583534,-0.58628390464733,0.231,0.19,1,ZC3H4
0.483053915663313,-0.586626490872998,0.189,0.169,1,PIGF
0.336039483645256,-0.586703471868296,0.006,0.01,1,DND1
0.719765128968842,-0.586931247395762,0.011,0.014,1,YPEL4
0.98123643756942,-0.588062871179429,0.032,0.032,1,LINC00671
0.934791225593843,-0.588246350902645,0.05,0.051,1,FLRT2
0.0294121472398311,-0.588455040665415,0.17,0.125,1,KIAA0825
0.273041176858963,-0.588515310416414,0.044,0.056,1,DAPK3
0.290198113712405,-0.588619093238271,0.137,0.115,1,PACS1
0.899882489158266,-0.588679243347745,0.019,0.02,1,MYBBP1A
0.884887610089705,-0.588768264520903,0.036,0.034,1,FANCC
0.360119669893866,-0.589343909772714,0.072,0.085,1,NHSL1
0.565074240011012,-0.589688441617668,0.068,0.059,1,PCDHGA8
0.287625198282084,-0.589779622044675,0.009,0.015,1,TPTE
0.0310603975303747,-0.590328768342495,0.06,0.034,1,BCL9
0.0272197070988875,-0.590431328872903,0.219,0.164,1,MMP13
0.308098548284359,-0.590489444057155,0.101,0.085,1,FAM133B
0.625786038367735,-0.590941863935341,0.031,0.036,1,HESX1
0.833319708118791,-0.591292360924923,0.031,0.029,1,ZNF256
0.430668000444204,-0.591367722210525,0.162,0.142,1,PIP4K2B
0.377257256343369,-0.591444681759557,0.073,0.061,1,ORAI1
0.33554445629829,-0.591445429657965,0.026,0.019,1,CD52
0.464830743948522,-0.591471123371574,0.026,0.02,1,ZNF763
0.517304573662314,-0.591913688524002,0.039,0.032,1,LOC101928103
0.730967770492799,-0.591955361050605,0.01,0.008,1,KCNJ3
0.520423508056735,-0.592078207426136,0.101,0.088,1,C3orf70
0.527989381574024,-0.593126501046357,0.033,0.039,1,EP300-AS1
0.136231905639314,-0.593770295189334,0.282,0.232,1,LMX1B
0.975253450300629,-0.594860971802063,0.014,0.014,1,PDZD7
0.78221602640636,-0.595486589654485,0.018,0.02,1,DNA2
0.143557632481218,-0.595695310640275,0.19,0.157,1,DPP9
0.844640123598875,-0.595795201928624,0.031,0.029,1,VWA2
0.430842913626161,-0.595810134818176,0.14,0.124,1,C1orf54
0.318959065530591,-0.595913019563068,0.021,0.014,1,RASIP1
0.676738067337728,-0.596776334651997,0.013,0.01,1,IGFBPL1
0.140941972386253,-0.597006850666749,0.233,0.196,1,NADK
0.753346607148444,-0.597082204846752,0.094,0.088,1,IL15RA
0.790457704394956,-0.597354886439877,0.082,0.078,1,SNTA1
0.434851676775096,-0.597496346685332,0.015,0.01,1,RAB9B
0.125611167296745,-0.5977646009431,0.033,0.049,1,PTPRG
0.0415403985614975,-0.597860040129121,0.008,0.02,1,CCR7
0.934891555752438,-0.597885542309041,0.144,0.144,1,METTL3
0.22843098021868,-0.597978005200629,0.027,0.039,1,LOC100996437
0.401580772414888,-0.598094145319986,0.033,0.025,1,SNORA67
0.673434313839141,-0.598219232215278,0.044,0.039,1,TRIM9
0.759650895204263,-0.59838774147707,0.014,0.012,1,MOCOS
0.440952589189441,-0.598776279487096,0.019,0.025,1,SDPR
0.139399775361148,-0.598871506384159,0.281,0.308,1,INTS10
0.00236311387818798,-0.598878939556972,0.103,0.056,1,AGMAT
0.251781473405756,-0.599177595971227,0.259,0.228,1,LOC101929567
0.696564998333312,-0.599373947641307,0.151,0.154,1,SMIM8
0.0464098093850722,-0.599715706337538,0.014,0.003,1,ABCC13
0.694906817079616,-0.600218016687294,0.139,0.142,1,URB1-AS1
0.62793485014475,-0.600469221442243,0.139,0.147,1,RGN
0.742586698786704,-0.600593689557637,0.048,0.044,1,PSRC1
0.308103994415949,-0.600788289487759,0.182,0.154,1,PCMTD2
0.502248888285719,-0.601210442049816,0.103,0.09,1,EXD2
0.0513340275233688,-0.601210940262966,0.205,0.157,1,RAB23
0.663212572395746,-0.601276501521658,0.321,0.294,1,SLC25A46
0.52162884738296,-0.601286485928958,0.162,0.171,1,ZNF217
0.132091049255416,-0.601371464131921,0.129,0.1,1,RREB1
0.0784746247413908,-0.601586384773607,0.032,0.017,1,LOC101927972
0.531389021839205,-0.601667324803476,0.058,0.066,1,LOC100507291
0.556760291869713,-0.601891831652312,0.019,0.015,1,KIAA1958
0.862793207414063,-0.60199270097364,0.103,0.098,1,PIGL
0.121754350248776,-0.602058889077524,0.181,0.146,1,SHKBP1
0.322446351658635,-0.602689614308064,0.007,0.012,1,B4GALNT4
0.932260357031067,-0.60274340147253,0.047,0.046,1,ZNF799
0.16243757157062,-0.602787080462468,0.019,0.01,1,PLS3-AS1
0.0791478869353599,-0.603116035722847,0.274,0.22,1,PCNX
0.575529479354088,-0.603325735485095,0.024,0.029,1,ACADS
0.140722671008477,-0.603749938989055,0.304,0.249,1,ACAP1
0.785487614300903,-0.604153094853611,0.01,0.012,1,ANKDD1B
0.121389999422947,-0.604248824973794,0.019,0.032,1,MEX3B
0.250105396821263,-0.604352427289795,0.024,0.015,1,LOC101929660
0.111334794913564,-0.604392328123657,0.715,0.648,1,JUN
0.0598099692155078,-0.604542564581221,0.158,0.118,1,KIAA1456
0.941540187130741,-0.604740913236221,0.011,0.012,1,KIF15
0.043976105227449,-0.604892493182939,0.184,0.142,1,PENK
0.388945654657175,-0.604934359328827,0.036,0.027,1,IGF2BP2-AS1
0.639624865348985,-0.605055579413673,0.127,0.134,1,BRWD3
0.333831531745693,-0.605250044732128,0.054,0.042,1,LOC100294145
0.97683825441346,-0.605690100900357,0.034,0.034,1,ATP6AP1L
0.809877308636212,-0.606413779326166,0.222,0.212,1,TMEM80
0.629115082704192,-0.606722022628682,0.042,0.047,1,HDHD1
0.0158068236073135,-0.606822140650493,0.125,0.083,1,KBTBD8
0.60846240028511,-0.607458852784836,0.032,0.027,1,PMCHL2
0.509845782331561,-0.607510897531769,0.055,0.063,1,NID1
0.336462802910901,-0.607511263312621,0.006,0.01,1,CCDC88C
0.39548363905611,-0.607602753084692,0.135,0.117,1,DOT1L
0.420817177246117,-0.607637631839778,0.19,0.168,1,NUP133
0.342915461299817,-0.607682797753421,0.046,0.036,1,PRICKLE3
0.709492698565468,-0.608328404366223,0.058,0.063,1,GIN1
0.933432766793984,-0.608707932232949,0.054,0.052,1,GPR19
0.782648661956879,-0.608783719183114,0.069,0.064,1,APOL2
0.965525999631164,-0.609060892491724,0.038,0.037,1,LINC00899
0.1580287383597,-0.609240871797895,0.044,0.029,1,CCDC40
0.397987935295263,-0.610009648785939,0.168,0.144,1,CSRP2
0.490558316938193,-0.610308635862882,0.007,0.01,1,LOC283299
0.486500090934053,-0.610370319710748,0.088,0.098,1,ZNF121
0.555933119320201,-0.610892295218168,0.095,0.085,1,LOC100288911
0.677526535523619,-0.611329613721011,0.097,0.09,1,ZNF516
0.0195969923780127,-0.611706018637683,0.158,0.112,1,GADD45G
0.186020454501008,-0.612108561566353,0.069,0.051,1,CENPH
0.99057255847118,-0.612359561083326,0.135,0.132,1,ZNF557
0.939379105355036,-0.612575773860408,0.011,0.012,1,GSTTP2
0.1092930362543,-0.614208820104433,0.176,0.137,1,CDC23
0.904342438803911,-0.614313630879156,0.226,0.223,1,CNOT10
0.97475188699374,-0.614380599895517,0.101,0.1,1,RHOBTB1
0.458393285903206,-0.614641504121967,0.008,0.012,1,COL4A5
0.460193950020405,-0.614646739942966,0.021,0.015,1,TMEM151A
0.190167692007705,-0.614707877701134,0.173,0.146,1,IFI30
0.456761509284702,-0.614728767666907,0.081,0.069,1,TBC1D22B
0.0565480038587783,-0.615182531369547,0.178,0.135,1,RBM43
0.0460825027080643,-0.615343854780738,0.014,0.003,1,LHFPL3-AS2
0.674256421036335,-0.615450175881275,0.013,0.01,1,ZNF782
0.277762358794981,-0.615469233277051,0.038,0.027,1,LOC101927021
0.257560792584111,-0.615624831221249,0.119,0.098,1,HSPA4L
0.515628064206992,-0.615816669724815,0.065,0.056,1,AKR1D1
0.0080606387859205,-0.615908016825378,0.251,0.183,1,OLFML2B
0.107384864252458,-0.615981775583002,0.003,0.01,1,G6PC
0.453401162462131,-0.616002661313302,0.085,0.073,1,DPH6
0.739946067705308,-0.616458946016896,0.465,0.426,1,DFFA
0.204112231209871,-0.616600213408514,0.006,0.012,1,HCG25
0.766838364218342,-0.616729461589923,0.03,0.027,1,FAM21EP
0.763743029544296,-0.616836751116182,0.143,0.146,1,AMT
0.253375737319129,-0.617049760122535,0.011,0.019,1,LOC101927619
0.969218654468819,-0.617260625923589,0.052,0.051,1,SIDT2
0.777506733019216,-0.617296429527659,0.03,0.027,1,NEURL1
0.37849724084207,-0.617581218613831,0.017,0.024,1,GPR35
0.57191910128374,-0.618233072501287,0.186,0.168,1,ODF3B
0.389904205715061,-0.618486643679296,0.094,0.08,1,MMAA
0.108446968113491,-0.618639063483439,0.27,0.296,1,STEAP4
0.786575726546321,-0.619052526257189,0.07,0.073,1,BMPR1B
0.560909931281102,-0.619343883589878,0.071,0.078,1,ZNRF3
0.550124200892054,-0.619457078436851,0.019,0.015,1,AQP11
0.811798836685283,-0.619575775771435,0.025,0.027,1,LOC100652768
0.086924321682205,-0.619861446801003,0.104,0.074,1,TP53I3
0.228462000486273,-0.620573173467785,0.026,0.037,1,SLC38A4
0.564692069885574,-0.621245155076393,0.072,0.064,1,POLRMT
0.616122536604154,-0.621848013183469,0.014,0.017,1,LINC00638
0.879513807173992,-0.621876078203054,0.046,0.044,1,TMCO4
0.105949699858119,-0.623264391960014,0.046,0.029,1,PPFIA4
0.689367137231397,-0.623560389057559,0.168,0.154,1,DZIP3
0.148365977751356,-0.623638952049681,0.046,0.03,1,PDE8B
0.573616392701122,-0.623815812219818,0.128,0.115,1,SLC25A53
0.0741198832947679,-0.623828479237135,0.025,0.012,1,TMPRSS3
0.341092127788707,-0.624045298796781,0.171,0.147,1,HCG11
0.67687205768422,-0.62405812111666,0.231,0.228,1,DIRAS3
0.00927723232751574,-0.624299302534851,0.237,0.174,1,CCNYL1
0.946490151096237,-0.62432487407552,0.164,0.157,1,ARNT
0.66580529009081,-0.624346872068715,0.008,0.01,1,EXD1
0.293128782908902,-0.624649950131541,0.027,0.037,1,HIST1H1A
0.619584549291225,-0.624702476732816,0.026,0.022,1,EBF3
0.0681767059311334,-0.625230528740683,0.094,0.066,1,FAM71F2
0.00220760056027697,-0.625525640915775,0.045,0.015,1,TAT
0.740002063950208,-0.625525774397772,0.088,0.091,1,ARHGAP5-AS1
0.0880966473434981,-0.625850025372683,0.276,0.222,1,WLS
0.475249072222956,-0.625941426034308,0.038,0.03,1,LOC729970
0.288549651445152,-0.626076199377782,0.009,0.015,1,DACT3-AS1
0.491803704084376,-0.626172662130744,0.084,0.093,1,IKZF4
0.377614302357398,-0.626311706811928,0.162,0.139,1,DLEU1
0.0440777745689532,-0.626342082782633,0.105,0.073,1,TYMP
0.0847438454720072,-0.626359961929036,0.017,0.007,1,SPX
0.332838981699792,-0.626629649207644,0.014,0.02,1,SSBP3-AS1
0.602235783883804,-0.626840758943717,0.065,0.058,1,HCST
0.264946518316803,-0.627009309727873,0.019,0.012,1,PRDM14
0.44301464055539,-0.627066851804018,0.04,0.032,1,EPM2A
0.559199614991915,-0.627149923594594,0.065,0.073,1,FITM2
0.639986391273616,-0.627557062411173,0.174,0.159,1,GEMIN6
0.82606350341176,-0.627738048835938,0.017,0.019,1,ZNF571
0.944079563846614,-0.627804334394043,0.047,0.046,1,TSPAN11
0.285883333265474,-0.627816860436712,0.123,0.102,1,ETV1
0.377624232027014,-0.62824924799314,0.134,0.115,1,FAM111A
0.751644691475543,-0.628315597563036,0.015,0.017,1,LINC01061
0.0759480673438912,-0.628376786959296,0.099,0.069,1,ZNF252P
0.158722458647655,-0.628429217490881,0.017,0.008,1,TBC1D30
0.304632769174962,-0.629008213430113,0.033,0.024,1,LINC01441
0.464281389367951,-0.62908130390405,0.194,0.205,1,LINC00641
0.303823812688749,-0.629261121074141,0.015,0.022,1,REPS2
0.258950000284578,-0.629498542214782,0.171,0.14,1,ETV3
0.572750139258969,-0.629903299131424,0.063,0.056,1,TXNRD3
0.0388342991663597,-0.629968680883366,0.092,0.061,1,CCBE1
0.723272114652353,-0.630214587308556,0.157,0.146,1,PCED1A
0.399246707388553,-0.630416152576262,0.01,0.015,1,TMEM51
0.488987440752988,-0.630734108363379,0.013,0.017,1,NOD2
0.895476611373222,-0.63081396641989,0.109,0.105,1,TMEM254
0.538969409931633,-0.631487924455538,0.016,0.02,1,HERC2P3
0.704445320234743,-0.631792898531226,0.115,0.107,1,PPP3CB-AS1
0.50970719801863,-0.631860560709189,0.137,0.147,1,SMYD3
0.163637778392545,-0.632475036199246,0.094,0.073,1,EHBP1L1
0.0435813261475742,-0.632530802846229,0.414,0.33,1,LIX1L
0.166079388747846,-0.632556744623056,0.054,0.037,1,TRAF2
0.0432280952756479,-0.632606306555289,0.172,0.205,1,OLFML3
0.102235474386123,-0.632650300624148,0.173,0.135,1,NOS2
0.667880988756538,-0.632800155026639,0.235,0.215,1,MDK
0.164326228792727,-0.632927581237852,0.022,0.012,1,HMMR
0.397161012650655,-0.632936963081868,0.019,0.014,1,NDUFAF4P1
0.240745246906514,-0.633221465073353,0.066,0.051,1,ZNF737
0.699526738393109,-0.633620858518931,0.029,0.032,1,C15orf41
0.614888338260417,-0.633663784463652,0.039,0.044,1,ZNF420
0.124702538121747,-0.634014522501316,0.2,0.161,1,RNASEH2B
0.717297264572795,-0.634500078344685,0.011,0.014,1,CDK8
0.838205171988211,-0.634685534542922,0.078,0.08,1,ARHGEF9
0.0948062667860056,-0.634860515903187,0.905,0.871,1,MTRNR2L2
0.408993539760789,-0.634969423246769,0.047,0.037,1,THRB-AS1
0.780316367847822,-0.635163460175185,0.092,0.093,1,LINC00470
0.158807912276151,-0.63521945624907,0.124,0.096,1,PCAT6
0.786041446471894,-0.635503787739541,0.042,0.039,1,RILPL1
0.912713962415053,-0.635882519410333,0.04,0.039,1,MOB3B
0.677201688627377,-0.636190998666292,0.151,0.156,1,DGCR2
0.483796538741038,-0.636405147498858,0.01,0.007,1,GIMAP6
0.637851575588288,-0.636598773311587,0.167,0.171,1,C4orf47
0.598857021473272,-0.636926711072713,0.047,0.041,1,SNORA84
0.887364979499361,-0.637438813572287,0.053,0.054,1,LINC00312
0.959187784278119,-0.638063046189662,0.041,0.041,1,ZNF573
0.0442842152881271,-0.638535205413928,0.014,0.029,1,PRKRIP1
0.277849686554512,-0.638640899428873,0.01,0.005,1,SNORA6
0.753421127352059,-0.639107206103422,0.015,0.017,1,USP3-AS1
0.296574268002598,-0.639571401516117,0.14,0.118,1,MAP3K7CL
0.461433017545396,-0.639573272840001,0.115,0.1,1,LRCH3
0.425692914297185,-0.639593243890746,0.009,0.014,1,CCL16
0.332901600654456,-0.639808589555664,0.102,0.117,1,SMG1P3
0.370732980132572,-0.639899981282266,0.011,0.007,1,ZNF396
0.22435105582756,-0.639922704390221,0.101,0.08,1,SMARCAL1
0.744353881943804,-0.640253220543996,0.08,0.074,1,ZNF362
0.01544271867646,-0.640337710105058,0.726,0.709,1,ID3
0.125416318384617,-0.640527452219456,0.221,0.178,1,CBLL1
0.164396884589748,-0.640639142055434,0.137,0.11,1,TAB3
0.862500062336341,-0.640747907545642,0.058,0.056,1,SOCS1
0.670885311373402,-0.640898577570302,0.008,0.01,1,ATP2C2
0.54649844264968,-0.641114348818825,0.014,0.01,1,PSD
0.439171514565259,-0.641612038689741,0.057,0.047,1,ZNF287
0.660803500535677,-0.641810372266566,0.25,0.228,1,RIT1
0.581574389810342,-0.641840667271744,0.015,0.019,1,DARS-AS1
0.634429577580267,-0.641842271622827,0.157,0.144,1,FAM117B
0.986627056462293,-0.642066955445975,0.085,0.083,1,TWIST1
0.226887383657874,-0.642238099272079,0.137,0.113,1,INPP5B
0.675664189388677,-0.642444563963372,0.175,0.181,1,CAMKK2
0.860502185798042,-0.642763068857822,0.032,0.03,1,SOX12
0.581514709196347,-0.642908373804504,0.011,0.008,1,SNAP91
0.54638978487816,-0.642964748756519,0.033,0.039,1,DAAM2
0.125868855410505,-0.643293220742089,0.804,0.772,1,RNU6-2
0.00327336236804462,-0.643502669997417,0.265,0.184,1,TNFAIP8L1
0.0042571249881253,-0.643680253916307,0.123,0.073,1,LINC01551
0.189791259412146,-0.643700122638906,0.008,0.015,1,MYO3B
0.261767680994177,-0.643760290504452,0.019,0.012,1,PRNCR1
0.256023794884672,-0.643820209432185,0.247,0.213,1,ZNF518A
0.0285069434284558,-0.643884908195823,0.003,0.014,1,ACHE
0.484446111807918,-0.644124192545478,0.018,0.014,1,CCL26
0.584630848579089,-0.644159863186366,0.072,0.064,1,TRERF1
0.32093179116613,-0.644319283233386,0.007,0.012,1,ATP4B
0.786225317963255,-0.64439843552397,0.069,0.064,1,ACBD4
0.321309994842832,-0.644430162703622,0.007,0.012,1,CASC10
0.642856127271943,-0.644963203155778,0.052,0.046,1,ZCWPW2
0.825190466074106,-0.645327125482579,0.222,0.21,1,CEP44
0.0382415665048902,-0.645484012994476,0.251,0.196,1,EXOSC6
0.678953489051666,-0.645508661946027,0.088,0.093,1,IMMP1L
0.764549446470897,-0.645717586264865,0.014,0.012,1,PCDH7
0.242256631019456,-0.64599930213535,0.013,0.02,1,SRRM2-AS1
0.914146300614999,-0.646148836139462,0.023,0.022,1,CX3CL1
0.340939172793845,-0.646608211817658,0.194,0.206,1,WDR54
0.480197833754684,-0.646740996345705,0.323,0.321,1,ABHD3
0.133599259608137,-0.646761115494757,0.129,0.102,1,LINC00472
0.87810734677667,-0.646933710058139,0.112,0.112,1,C3orf14
0.209109887146085,-0.647112130724153,0.021,0.012,1,MCTP1
0.494768908622024,-0.647241224694464,0.013,0.017,1,NPC1L1
0.718777631010378,-0.647381180294046,0.011,0.014,1,LINC01006
0.252229450324645,-0.647397133937532,0.221,0.19,1,SFXN1
0.701488105779847,-0.647431214203166,0.034,0.03,1,KAZN
0.13790388039167,-0.647530985607131,0.111,0.085,1,PRKAR2A-AS1
0.425566587562478,-0.647578476826543,0.039,0.047,1,LOC728673
0.66635996464818,-0.647832865312392,0.013,0.015,1,COL23A1
0.116039832675149,-0.647963839779264,0.208,0.166,1,CUTC
0.221333222116832,-0.648149532594208,0.144,0.118,1,VPS8
0.0434915384016372,-0.648389424352285,0.18,0.135,1,ZNF273
0.462545327559583,-0.648567779534691,0.013,0.008,1,LOC644936
0.856051165964589,-0.649080226719086,0.056,0.058,1,RIBC1
0.49224275169405,-0.649111389303966,0.19,0.169,1,MPZL2
0.885895176271827,-0.649131081605933,0.016,0.017,1,SIRPG-AS1
0.877882068656255,-0.649318299533336,0.152,0.151,1,PRUNE2
0.0510904311109828,-0.650543767914745,0.155,0.113,1,LINC00342
0.435708378851196,-0.650962939839412,0.152,0.134,1,CYGB
0.603216420432292,-0.651149800440024,0.221,0.201,1,COMMD8
0.139926154884942,-0.651607245206288,0.057,0.076,1,HOXA6
0.0388416421027369,-0.652534353740044,0.085,0.054,1,LRSAM1
0.358649357361086,-0.653003706402406,0.105,0.088,1,PRDM5
0.951992508287577,-0.653014448286012,0.044,0.042,1,MLIP
0.814952105424254,-0.653835120128995,0.011,0.01,1,PCDHGA3
0.684115798440152,-0.65397134554865,0.143,0.132,1,HOXA10
0.451430791896509,-0.654068964145522,0.135,0.12,1,MAN2A2
0.553507088886667,-0.654285407092749,0.104,0.093,1,USP31
0.111620579477145,-0.654322550067295,0.041,0.025,1,KANK3
0.779036216639647,-0.654506917450629,0.033,0.03,1,SVEP1
0.987628246491158,-0.655455170036144,0.048,0.047,1,FLJ41200
0.560375387600793,-0.655473151097012,0.141,0.127,1,CTB-178M22.2
0.89293541304141,-0.65562955360258,0.134,0.129,1,CD24
0.697701922720866,-0.655759302853179,0.27,0.247,1,TARSL2
0.284863838482813,-0.656438535038213,0.009,0.015,1,FABP2
0.910612814154781,-0.657557712708362,0.062,0.059,1,NFATC4
0.444204012673636,-0.65776966838548,0.019,0.025,1,LOC101929415
0.0773788292953886,-0.657941976722637,0.03,0.015,1,LCTL
0.723352995537098,-0.657986585392887,0.147,0.135,1,IFT81
0.400527278426023,-0.658543484937559,0.249,0.218,1,TTC28-AS1
0.46211921316436,-0.659323572793996,0.013,0.008,1,CFAP45
0.636534993718266,-0.659800032082287,0.231,0.213,1,RAB3B
0.408992204295354,-0.659906973003749,0.18,0.157,1,SEPT8
0.361378263869288,-0.660712465175521,0.058,0.069,1,PPM1J
0.987572833475584,-0.660766292544311,0.135,0.13,1,SP110
0.949451758626491,-0.662587980659732,0.068,0.068,1,SLC4A8
0.679396831978511,-0.662634591304267,0.093,0.085,1,STAC2
0.589647507143317,-0.662887502210882,0.017,0.014,1,HMGN2P46
0.206196355717392,-0.664542212150693,0.038,0.025,1,OR51E2
0.959774119246408,-0.664581843984858,0.407,0.386,1,TRIM38
0.748980557200863,-0.664755857768199,0.023,0.025,1,TSNAXIP1
0.838919126512179,-0.664909410167142,0.125,0.118,1,SETD1A
0.833156314627571,-0.66503569510716,0.087,0.09,1,RFXANK
0.852190001569045,-0.66548647405648,0.048,0.046,1,COX10-AS1
0.544926389967346,-0.666208819392885,0.025,0.02,1,LOC653602
0.0969086254077203,-0.666829407090134,0.238,0.19,1,ING5
0.750445913492935,-0.666881287289451,0.15,0.14,1,ZEB2
0.17969299797841,-0.667089097767226,0.01,0.019,1,ARL15
0.960826911093478,-0.667219138958361,0.09,0.088,1,MYLPF
0.494627954798881,-0.667479265724776,0.007,0.01,1,EXTL3-AS1
0.115463598995249,-0.667931689747395,0.01,0.02,1,ZNF833P
0.197694126216122,-0.667977072193897,0.123,0.098,1,LINC00936
0.63634879514523,-0.668095379333042,0.022,0.025,1,MRPS24
0.917787876249049,-0.66825765384761,0.037,0.037,1,LOC100289361
0.0555638736739051,-0.668392539808774,0.024,0.01,1,CHIAP2
0.790582028937976,-0.668690447843525,0.062,0.064,1,NARFL
0.807898434226823,-0.668888166406671,0.025,0.027,1,PLEKHG1
0.173744355976877,-0.66975013786429,0.108,0.085,1,HDAC4
0.72193668688852,-0.669761609753627,0.054,0.058,1,SHOX2
0.370315895198541,-0.66984787710634,0.112,0.096,1,RNF135
0.982710152832946,-0.669917609521118,0.01,0.01,1,PDF
0.0493745905222384,-0.669947134405319,0.112,0.08,1,TAOK2
0.316135040340921,-0.670045059685706,0.333,0.296,1,PAN3
0.660772359330824,-0.670321168122777,0.061,0.066,1,CASP12
0.771708868874225,-0.670446194360714,0.112,0.117,1,C1QTNF6
0.824652055489805,-0.670611496150667,0.04,0.042,1,ZNF862
0.205318243030525,-0.670631283516575,0.038,0.025,1,FMO5
0.23565702231188,-0.670644937710129,0.029,0.019,1,FAM86HP
0.854110985917742,-0.670850525340348,0.104,0.1,1,RNF212
0.938122247447822,-0.670857208006317,0.123,0.117,1,LINC00702
0.721741526939813,-0.670879710090517,0.011,0.014,1,FOXD4L5
0.984093876040811,-0.671431527442322,0.048,0.047,1,RPL13P5
0.522612345347254,-0.672305902125342,0.11,0.096,1,ZNF337-AS1
0.672515154986328,-0.672337685121731,0.087,0.08,1,IRX2
0.0403403387835863,-0.672431897752507,0.018,0.036,1,MAFG-AS1
0.740503960558073,-0.672583571934625,0.178,0.162,1,C11orf71
0.971284088378461,-0.673752510801951,0.101,0.1,1,LINC00242
0.818350773836164,-0.673759576799979,0.017,0.019,1,RECQL4
0.145810369865591,-0.673760221573344,0.174,0.14,1,IKZF3
0.77683870629048,-0.673939202417689,0.03,0.027,1,ZFP82
0.989624354920225,-0.674143704004118,0.038,0.037,1,LY75
0.573537554643272,-0.674496941691311,0.064,0.056,1,ST3GAL3
0.64264026358059,-0.674895982765661,0.039,0.034,1,SNORA58
0.352021366834659,-0.674948720703432,0.117,0.098,1,FRK
0.536932633380406,-0.675122195534835,0.021,0.025,1,LINC01600
0.758048024385622,-0.675220239927062,0.055,0.051,1,RNF217-AS1
0.982332076074794,-0.675521367910433,0.452,0.433,1,CD83
0.95852336587475,-0.6756479742779,0.069,0.068,1,IFFO1
0.122579751717081,-0.675691809877228,0.045,0.063,1,ERI2
0.877817274793943,-0.675962227098724,0.056,0.058,1,MX1
0.899776445450443,-0.676279147811801,0.093,0.09,1,NPHP4
0.547686607494436,-0.676391753105682,0.071,0.078,1,ABCA6
0.671379326217366,-0.676854648566864,0.013,0.015,1,ZNF219
0.238412757712758,-0.676974029458102,0.052,0.037,1,LOC100505658
0.782018955597721,-0.677755520170484,0.017,0.015,1,AHCTF1P1
0.292614211585263,-0.6784969211163,0.025,0.017,1,GNAT2
0.456176669372138,-0.678853997047865,0.013,0.008,1,LINGO1
0.526507235538669,-0.67914546130518,0.046,0.052,1,LOC729950
0.766020860852156,-0.679471366655857,0.014,0.012,1,TRPM6
0.278054511223223,-0.679636214832561,0.082,0.098,1,TRAF1
0.925579178801452,-0.679656313190119,0.084,0.081,1,PEX11A
0.929597030782647,-0.679756516394038,0.148,0.142,1,SLC7A8
0.867101592316803,-0.67987825427282,0.284,0.274,1,ZNF143
0.526586574015634,-0.680002383381226,0.022,0.017,1,IL13RA2
0.191685333655996,-0.680096694504274,0.231,0.193,1,TRMT13
0.647088895690654,-0.680178935532404,0.042,0.037,1,RAB17
0.352277189171244,-0.680250076479041,0.04,0.03,1,FRMPD4
0.711746621903999,-0.680319450740763,0.094,0.086,1,COQ3
0.022448046115255,-0.680445131173497,0.016,0.003,1,CHD5
0.689647668922509,-0.681352241124522,0.031,0.027,1,C19orf57
0.781139281665473,-0.681417164852068,0.017,0.015,1,RHBDL3
0.118539812524746,-0.681520289670912,0.006,0.014,1,C1orf146
0.488032873865189,-0.681992445160419,0.018,0.014,1,ZBTB20-AS3
0.53694658304738,-0.682838788408756,0.052,0.044,1,ARHGAP18
0.134204232463601,-0.682865774867713,0.104,0.129,1,ZNF559
0.5253309697517,-0.683152003036952,0.078,0.068,1,ZMIZ2
0.0801233887920208,-0.683159923089642,0.163,0.125,1,CSK
0.249878402230676,-0.683458808262773,0.093,0.074,1,WFDC2
0.983174833792767,-0.683557705601304,0.088,0.086,1,POLM
0.256288044204426,-0.683629349230217,0.1,0.081,1,PRR11
0.517370001339223,-0.684032094985208,0.093,0.102,1,ZBTB22
0.439782293694853,-0.684515647417785,0.015,0.01,1,C2orf72
0.675139143797514,-0.684562786980351,0.128,0.12,1,CLASRP
0.845614331831542,-0.684691781319846,0.009,0.01,1,MTTP
0.214564847721038,-0.684738912470526,0.016,0.008,1,ATP7B
0.100033918733342,-0.685608431712405,0.247,0.206,1,LOC642361
0.864235978033978,-0.68563509804653,0.062,0.059,1,MPPE1
0.774989462895562,-0.686850756944828,0.017,0.015,1,PTPRC
0.637870355112359,-0.686923686676074,0.05,0.056,1,GRAMD2
0.228773364081243,-0.687644116938965,0.021,0.03,1,ALOXE3
0.153751499945449,-0.687773937854104,0.066,0.047,1,TMEM130
0.121420591016543,-0.688164431871883,0.062,0.042,1,PABPC1L
0.0370651188425295,-0.688270945632907,0.397,0.33,1,LEPR
0.20927040668388,-0.688581974137036,0.027,0.039,1,RNF222
0.335026510694616,-0.688883699748613,0.018,0.012,1,LINC00999
0.979393429672713,-0.689434340607549,0.034,0.034,1,TOR2A
0.320649209286502,-0.689636775662608,0.493,0.428,1,MEF2C
0.904337360145449,-0.68990006157374,0.034,0.036,1,PHKG1
0.276272912338944,-0.689978576173932,0.057,0.071,1,NECAB3
0.429655180386028,-0.690001455675001,0.066,0.076,1,INVS
0.513512469094792,-0.690432883550471,0.016,0.012,1,MSS51
0.291626093030838,-0.691074774915366,0.049,0.037,1,TMEM79
0.13079309495249,-0.691113064183208,0.105,0.129,1,MOB3C
0.485599702165439,-0.691464590762185,0.057,0.066,1,SCFD2
0.459991930894777,-0.691728151096942,0.013,0.008,1,C22orf34
0.827009868503043,-0.691767961889807,0.044,0.046,1,RNF32
0.356534977805522,-0.692149801715807,0.013,0.019,1,DTL
0.555592178591541,-0.692222283819945,0.04,0.034,1,GPR176
0.665906177128389,-0.692286533644073,0.018,0.015,1,HJURP
0.847955805979117,-0.693448853543389,0.009,0.01,1,AMBP
0.57420960111775,-0.693541699752787,0.04,0.034,1,LOC101928401
0.621417350232007,-0.693722022698402,0.018,0.022,1,LOC283038
0.20563839950329,-0.693984600258353,0.064,0.047,1,NUDT16P1
0.520468060610253,-0.694284794170147,0.107,0.093,1,PSMD5-AS1
0.720512708645274,-0.695200516152462,0.024,0.027,1,PODXL2
0.745902717707015,-0.695399402364078,0.131,0.134,1,CYP39A1
0.277849686554512,-0.696103930899556,0.01,0.005,1,HLA-DRB6
0.805373175977362,-0.696478757901315,0.021,0.019,1,LOC100507140
0.464555308858332,-0.696479951486528,0.225,0.205,1,FEZ2
0.74298633452889,-0.696553296320046,0.045,0.041,1,PRIM1
0.582404112508974,-0.696663555031421,0.017,0.014,1,LOC389332
0.974327621981624,-0.696702189160097,0.107,0.103,1,SEPT4
0.741815822458725,-0.6967883218272,0.159,0.151,1,NUP37
0.888625889198359,-0.696834019108578,0.066,0.068,1,STRADB
0.887605603617637,-0.696918980620499,0.281,0.266,1,GSTM2
0.450215933053344,-0.697072500034301,0.236,0.205,1,PARP14
0.341657276531285,-0.697173338599858,0.478,0.437,1,COX16
0.198483311822191,-0.697185971795928,0.025,0.015,1,POM121L8P
0.147901093158514,-0.697422754112384,0.17,0.139,1,INAFM1
0.483730477920148,-0.69777678781056,0.018,0.014,1,TEX41
0.618102860550024,-0.698137288178816,0.018,0.022,1,LINC01428
0.0282516168170595,-0.698198698179072,0.108,0.073,1,SHROOM1
0.269689611548668,-0.698605603567744,0.081,0.064,1,TSR3
0.976948273753064,-0.698920582556575,0.01,0.01,1,LOC440390
0.278207119763392,-0.699866752064447,0.01,0.005,1,SUV420H2
0.488843755779998,-0.70002536084014,0.032,0.039,1,PCDH12
0.683518137082438,-0.700096916327343,0.022,0.019,1,TMPRSS11B
0.456131178402784,-0.700399437479423,0.008,0.012,1,LOC100505817
0.0696820018163513,-0.700484451521168,0.053,0.032,1,TMEM45B
0.690538725477581,-0.700702278720319,0.06,0.054,1,CCHCR1
0.727566375268754,-0.701410396255068,0.027,0.03,1,ISM1-AS1
0.884879713054642,-0.701523583056941,0.096,0.091,1,WDR78
0.982133919372269,-0.701629199065738,0.01,0.01,1,TIE1
0.83327252063543,-0.701825346419617,0.118,0.112,1,MTA3
0.116922047940934,-0.702072371113001,0.062,0.042,1,SLC35D2
0.577105443827434,-0.702798612097213,0.093,0.1,1,C1QTNF1
0.806555632991651,-0.702946302775763,0.086,0.081,1,PARP16
0.705944496553834,-0.703433096700629,0.769,0.697,1,IFI6
0.780396705763209,-0.704356625492425,0.087,0.081,1,ZNF483
0.521133099282405,-0.70455453505059,0.038,0.044,1,LOC101929372
0.0864182663022439,-0.705308971889025,0.208,0.24,1,SMIM3
0.138109389140407,-0.705388361589367,0.025,0.039,1,RPARP-AS1
0.833915430034222,-0.705910331097188,0.021,0.022,1,DMBX1
0.172505402922382,-0.706756357403622,0.032,0.02,1,C19orf35
0.618538604148948,-0.707290980444744,0.056,0.049,1,MRPL45P2
0.151773646041827,-0.707680971040228,0.054,0.037,1,SCML2
0.208887897394918,-0.707935841934074,0.349,0.298,1,SPC25
0.344978575608819,-0.708523186863718,0.088,0.074,1,IL2RG
0.0296813006522517,-0.708858787124767,0.086,0.054,1,HTR5A-AS1
0.737621796487092,-0.708985681115835,0.032,0.029,1,MMACHC
0.349807872535983,-0.709209894382367,0.069,0.056,1,GALNT3
0.109083812923915,-0.709552051045852,0.132,0.102,1,NEDD4L
0.394167887979868,-0.709806388394789,0.026,0.034,1,CMTM5
0.273424154106855,-0.710718714797233,0.01,0.017,1,SKA3
0.798399600144128,-0.710969348738792,0.047,0.044,1,GTDC1
0.260612319927883,-0.711151486392528,0.105,0.086,1,BMP2K
0.682587480625247,-0.711271216254706,0.058,0.063,1,KCNIP4
0.15104112251151,-0.711422904264554,0.125,0.098,1,ZNF346
0.833197215557667,-0.711612624152248,0.046,0.047,1,MDP1
0.161329901636635,-0.712296308390561,0.024,0.014,1,PIN4P1
0.614987636982092,-0.712316933014905,0.054,0.047,1,ZNF446
0.632728581997398,-0.712342886228255,0.03,0.025,1,FAAHP1
0.548696305889469,-0.712388663224636,0.014,0.01,1,LOC100289495
0.829385960865525,-0.712608573785301,0.061,0.063,1,CTC-338M12.4
0.375158944763177,-0.712914188053342,0.078,0.09,1,RNF144A
0.214568956419441,-0.71306701289908,0.197,0.166,1,AREL1
0.563755499863323,-0.713444552152556,0.053,0.046,1,LRRC34
0.233546421565793,-0.713543508354858,0.065,0.049,1,FAM149B1
0.991670664756892,-0.713992277528607,0.046,0.046,1,MFSD4
0.941874252856708,-0.714612477115484,0.072,0.073,1,ZNF318
0.376545931376112,-0.714817709076859,0.049,0.039,1,SBF2-AS1
0.710686925825175,-0.715047684092398,0.025,0.022,1,PGR
0.347715139356065,-0.715473820604853,0.079,0.064,1,ZNF584
0.580432165013501,-0.715666165909977,0.023,0.019,1,HCAR1
0.399586531789009,-0.716021516058842,0.062,0.051,1,KLHDC8B
0.672582014568107,-0.716427400358814,0.008,0.01,1,LOC101929340
0.193936824915498,-0.716583166678759,0.633,0.56,1,TAGLN
0.331801167383022,-0.716685285581122,0.125,0.139,1,PSMB8
0.588763214724646,-0.716967887595279,0.027,0.032,1,WDHD1
0.287389912628179,-0.71721493130633,0.064,0.078,1,C20orf96
0.468620524807735,-0.717424177651619,0.026,0.02,1,CPB2-AS1
0.360554281636298,-0.717602258672483,0.148,0.129,1,PUS7
0.912428970506913,-0.717620489869187,0.016,0.015,1,LOC100130705
0.627965797395947,-0.718172623781946,0.207,0.191,1,NSD1
0.408589676664313,-0.718269387888147,0.116,0.102,1,C18orf32
0.527989381574024,-0.718424325268525,0.033,0.039,1,CENPF
0.498992745966635,-0.718598002313148,0.071,0.061,1,PLXNC1
0.324049777933832,-0.718869998444898,0.014,0.02,1,C1QC
0.501376127902925,-0.719543185473014,0.08,0.069,1,KHDRBS3
0.246284881241345,-0.720810664134558,0.013,0.02,1,ZSWIM8-AS1
0.145950406307585,-0.720910881356718,0.15,0.117,1,HIST2H2AC
0.179853066109453,-0.720958036663064,0.072,0.054,1,ADCK2
0.0627565331232925,-0.720962941342437,0.005,0.014,1,ANO8
0.958665782869911,-0.721191452558178,0.072,0.071,1,FLJ31356
0.865245662738598,-0.721355512523205,0.221,0.206,1,ABCD4
0.978640327577029,-0.72172419967656,0.038,0.037,1,KBTBD12
0.435962620292136,-0.721794633279993,0.034,0.027,1,SOX13
0.95375027665612,-0.72219890640854,0.015,0.015,1,SNORA68
0.777580208172476,-0.722627344213834,0.048,0.044,1,LOC101927415
0.195507502928421,-0.722824615882161,0.09,0.108,1,DPCR1
0.596505084647591,-0.723590382091907,0.06,0.052,1,GSAP
0.172034186747791,-0.723931923957596,0.113,0.09,1,ZC3H12D
0.974753685226248,-0.723953043604273,0.014,0.014,1,EFHB
0.531661790747874,-0.724120492352538,0.084,0.073,1,STPG1
0.964852329814034,-0.724190248997922,0.124,0.12,1,CROT
0.732578664683576,-0.724227572989688,0.251,0.23,1,C5orf42
0.894415040209894,-0.724783427420404,0.07,0.071,1,SLC36A2
0.865033812134651,-0.725937162015755,0.084,0.085,1,EFCAB7
0.589272675788576,-0.725980840059848,0.147,0.152,1,HILPDA
0.175754821528954,-0.726335898812083,0.034,0.022,1,ADAM32
0.747385289762004,-0.726428643091201,0.026,0.024,1,CDK1
0.107799934635189,-0.726918695844473,0.205,0.166,1,GUCD1
0.840483741359652,-0.727102686799215,0.015,0.014,1,ADH4
0.00622713839103011,-0.727109714533005,0.173,0.122,1,ATP13A1
0.855339078746289,-0.727166262039043,0.041,0.039,1,ZFPM2
0.46767899586317,-0.727274529454382,0.038,0.03,1,SUFU
0.363097259206571,-0.727474076982099,0.046,0.036,1,BEST1
0.506424697491841,-0.727885189523561,0.435,0.394,1,MTRF1L
0.202964901863153,-0.728031595503404,0.006,0.012,1,PCDHB3
0.697764827991116,-0.728633284885253,0.047,0.042,1,KRT16P1
0.97845533211032,-0.728640065537153,0.181,0.174,1,AHR
0.106818178414745,-0.72900029837813,0.174,0.201,1,MN1
0.327994115805186,-0.729615452819513,0.126,0.107,1,TFCP2
0.805777269424469,-0.729712082530544,0.021,0.019,1,LOC101927854
0.687799047726895,-0.730173334725816,0.117,0.107,1,IFT122
0.595248994090313,-0.730229850849808,0.037,0.042,1,SGK223
0.598542243701981,-0.730908366324361,0.026,0.022,1,KCNAB2
0.37476831130868,-0.731074644248785,0.263,0.269,1,DRAM2
0.323103389057969,-0.731225890472493,0.045,0.034,1,CEP128
0.415005376426997,-0.731548914321729,0.056,0.066,1,SMPD2
0.897583673347542,-0.731741376155646,0.102,0.102,1,LOC440982
0.566190765174066,-0.732204372168731,0.029,0.024,1,SEC31B
0.863800711946601,-0.732542859999624,0.129,0.13,1,TMEM44-AS1
0.00424552240630714,-0.732714868928894,0.037,0.012,1,CSMD1
0.668809288789237,-0.732985427114151,0.013,0.01,1,MME
0.486380158199234,-0.733076760471551,0.044,0.051,1,SHANK2-AS1
0.782261689896712,-0.733177554006198,0.01,0.012,1,SCARNA21
0.28209761574171,-0.733209544323858,0.013,0.007,1,OMG
0.420217129730191,-0.733224707827473,0.139,0.122,1,RRAGD
0.344130100393572,-0.733277601602239,0.052,0.041,1,LPAL2
0.0591285026208957,-0.733398675761888,0.072,0.047,1,WASH1
0.41929120909706,-0.733504232111608,0.025,0.032,1,C7orf13
0.941436721209442,-0.734611976374649,0.044,0.042,1,ABCD1
0.975219930860075,-0.7348238520055,0.01,0.01,1,KCND1
0.483679006237342,-0.73520895493528,0.044,0.036,1,FAM171B
0.698863250919622,-0.735553116838042,0.016,0.019,1,KIAA1210
0.978447656932122,-0.736043374379981,0.029,0.029,1,LOC100506321
0.359311740808785,-0.736412852128705,0.014,0.008,1,CDKL2
0.649494442049234,-0.73652541130052,0.048,0.042,1,SLC25A42
0.855216974549315,-0.736626860885574,0.025,0.024,1,CEBPA
0.344355943133122,-0.737123834155689,0.116,0.096,1,RNASEH2A
0.320176256727423,-0.737439460230172,0.007,0.012,1,ZNF750
0.822146171118746,-0.737813242538761,0.131,0.132,1,SAMD9L
0.173259243087391,-0.737986786905934,0.087,0.066,1,LOC646762
0.66749694164024,-0.738250598237315,0.008,0.01,1,LOC101928446
0.119089744222037,-0.739229485371638,0.006,0.014,1,C6orf141
0.945496371837977,-0.739950997137872,0.198,0.19,1,PLEKHA2
0.6551807432107,-0.740143686421598,0.017,0.02,1,SELPLG
0.545832120471385,-0.740457563852109,0.181,0.19,1,CRYZL1
0.462025709228291,-0.740494441602249,0.008,0.012,1,RNF122
0.369934440879712,-0.741140493899099,0.011,0.007,1,MYO7A
0.900568039288405,-0.741280168640166,0.036,0.034,1,ZNF14
0.780585052368711,-0.741834979970816,0.018,0.02,1,LOC101927131
0.587289776057448,-0.742172234896884,0.071,0.063,1,EMX2
0.7000542002969,-0.742560785674724,0.04,0.036,1,ATP6V1G2
0.0764776062796911,-0.742683650794136,0.032,0.017,1,PTOV1-AS2
0.47721602575294,-0.743181032558453,0.032,0.025,1,GPR146
0.210238552252435,-0.743349768556354,0.149,0.12,1,RPUSD3
0.843859119440213,-0.743413201848451,0.009,0.01,1,SLC25A19
0.730764959392115,-0.743498880570248,0.126,0.117,1,ZMAT1
0.576003663558427,-0.743519376697446,0.047,0.041,1,RAB3IL1
0.66749694164024,-0.743540188796941,0.008,0.01,1,SYPL2
0.790643978061723,-0.74363736633137,0.188,0.178,1,ERCC4
0.0289555436032396,-0.743900133811828,0.119,0.081,1,CAPN10-AS1
0.0382337138759815,-0.744667278471945,0.058,0.034,1,NEK10
0.241918053352862,-0.74479240847221,0.031,0.042,1,CCNF
0.980981480715853,-0.745112362147688,0.01,0.01,1,CD101
0.349044757993317,-0.745142935138556,0.026,0.019,1,FGB
0.777335645855634,-0.746409637975049,0.055,0.051,1,TAS2R20
0.692967483671096,-0.747085226940922,0.022,0.019,1,RTN4R
0.158312330820678,-0.747223638419421,0.014,0.024,1,TEC
0.333085851781632,-0.747447889362654,0.006,0.01,1,LOC284379
0.928469538554796,-0.747714416173431,0.099,0.096,1,PCCB
0.438018922647416,-0.748686297491214,0.023,0.017,1,LAMA5
0.70975835041233,-0.74884083739832,0.105,0.098,1,DIRC2
0.787165791980513,-0.749077061468745,0.053,0.056,1,RASL12
0.843859119440213,-0.749391043467209,0.009,0.01,1,C19orf73
0.206850138743862,-0.749545235191227,0.016,0.025,1,SEC16B
0.0913323253528644,-0.749817439258861,0.107,0.08,1,FBXW8
0.845614331831542,-0.749997453807249,0.009,0.01,1,TACR2
0.930490122230754,-0.750435441553601,0.023,0.022,1,ENDOG
0.160929895807826,-0.75068444263851,0.054,0.071,1,PLEKHA8P1
0.668061201719429,-0.751936845967883,0.008,0.01,1,DLEC1
0.000755202549014723,-0.752024417638664,0.162,0.1,1,DEAF1
0.157398297534538,-0.752410821747344,0.1,0.076,1,WASH7P
0.25599481774761,-0.75267790568286,0.127,0.103,1,AGO1
0.97810056297747,-0.753008097196965,0.01,0.01,1,OR6W1P
0.527163641963562,-0.753016508460445,0.055,0.063,1,KIF18A
0.88012781962054,-0.753318141019374,0.125,0.124,1,FEZ1
0.0603378113934884,-0.754100006321469,0.036,0.056,1,TTYH3
0.433574703558051,-0.754491583717033,0.168,0.181,1,TRAPPC2B
0.324663961534434,-0.755140208961085,0.186,0.159,1,ZFP90
0.474644578085691,-0.755940743690628,0.01,0.007,1,PRICKLE2-AS2
0.902445269000342,-0.755969205910162,0.38,0.359,1,TPM1
0.120742278209068,-0.756034027233201,0.007,0.015,1,CRHBP
0.36527673170437,-0.756151626576019,0.153,0.132,1,CCDC173
0.265221988963283,-0.756296676780553,0.072,0.056,1,LCA5
0.47592109327455,-0.756341063892888,0.077,0.066,1,PPM1F
0.593300728584298,-0.756536392152065,0.023,0.019,1,MARVELD2
0.117421410020856,-0.756753740320807,0.009,0.019,1,SCN8A
0.654923360700702,-0.757010597330178,0.018,0.015,1,ARHGAP9
0.114414860964533,-0.757335161506161,0.005,0.012,1,CRHR2
0.273480935956195,-0.757445895624529,0.017,0.01,1,VAT1L
0.514868947495948,-0.757819533631094,0.062,0.069,1,LOC100130992
0.619651898854418,-0.758670508368486,0.046,0.041,1,MTFR2
0.198004240054121,-0.759037694116075,0.081,0.063,1,ARHGEF26-AS1
0.359799510291088,-0.759329884625851,0.105,0.088,1,CECR5
0.314807440779365,-0.760464746688811,0.036,0.046,1,HELZ2
0.57349767392416,-0.76060250414193,0.01,0.014,1,CDH3
0.0494481616071917,-0.761174645811936,0.055,0.032,1,SLC24A4
0.0188688367617141,-0.763138083079615,0.031,0.012,1,GTF2H4
0.215310497512837,-0.763549392521634,0.095,0.076,1,CDC37L1-AS1
0.232522082568659,-0.764685430961451,0.241,0.208,1,PIM2
0.0403011775607887,-0.764861769616599,0.079,0.051,1,MYBL1
0.809867111728741,-0.765195287661095,0.05,0.047,1,LOC100130357
0.645450150731398,-0.765630225663496,0.104,0.108,1,ANKAR
0.829077610080265,-0.765734658768215,0.104,0.098,1,C7orf60
0.981633981482331,-0.76587742484631,0.017,0.017,1,AIPL1
0.378914925923504,-0.766194516234441,0.041,0.051,1,ZNF821
0.361094118312297,-0.766524203283254,0.014,0.008,1,LOC284581
0.274230586457789,-0.766800178022252,0.233,0.252,1,CPM
0.0935860586531434,-0.76715889663087,0.109,0.081,1,TRMT44
0.534585590238433,-0.767636826637035,0.134,0.12,1,GLIPR2
0.416748916134949,-0.7679513301899,0.104,0.115,1,INTS8
0.1706862027433,-0.768656877608276,0.152,0.122,1,SLC13A1
0.0939139978230884,-0.768743094826,0.057,0.037,1,SLC2A5
0.600812672791055,-0.769648940936967,0.036,0.041,1,PABPC1P2
0.72360773917633,-0.770022831743712,0.047,0.042,1,ALDH3B1
0.392634188974589,-0.770327815570143,0.214,0.222,1,NR1D1
0.100721208407667,-0.770777651531898,0.215,0.174,1,SCG5
0.576480067639717,-0.772288859214847,0.015,0.019,1,LINC00941
0.914739779980641,-0.772590346541814,0.116,0.112,1,LIPT1
0.276511059939122,-0.772616529472241,0.038,0.027,1,PVRL4
0.92113238924375,-0.772810166793948,0.281,0.272,1,PTN
0.205166071463568,-0.773222287465303,0.005,0.01,1,LOC101927196
0.983250879400406,-0.773290959530478,0.014,0.014,1,AP4B1-AS1
0.461570779465517,-0.77336987498399,0.008,0.012,1,PCDHGA9
0.665241783390862,-0.773461145653371,0.008,0.01,1,PPIAL4G
0.488951712456002,-0.773672310516997,0.173,0.181,1,NTHL1
0.0563105494227501,-0.774681671397464,0.003,0.012,1,TSPAN18
0.765814806061288,-0.774919645662966,0.06,0.063,1,TRAPPC9
0.794151969456188,-0.77492277806147,0.04,0.037,1,ESRRG
0.900828517407204,-0.775269996813133,0.071,0.068,1,PMS2P5
0.50146142735892,-0.775365852640403,0.039,0.046,1,LOC100419583
0.908279783738799,-0.775545069314213,0.04,0.039,1,ZNF578
0.754565488637979,-0.775577605045136,0.095,0.098,1,MED15P9
0.0262198895597957,-0.775629063027842,0.017,0.036,1,PLEKHA6
0.654950203890412,-0.775760829259609,0.052,0.046,1,TSEN54
0.929046521767054,-0.776556260545087,0.088,0.085,1,AP3M2
0.982784927070141,-0.777954340220294,0.338,0.315,1,IRF1
0.1578433604433,-0.777959376909187,0.015,0.007,1,IPCEF1
0.198693361635524,-0.778340319526251,0.007,0.014,1,KIAA2012
0.642241740286491,-0.778795611945545,0.131,0.135,1,LCOR
0.175925491557671,-0.778816316796801,0.108,0.083,1,CAPN1
0.752088677506759,-0.779598095152624,0.015,0.017,1,COPG2
0.370420470579167,-0.779840688298322,0.055,0.044,1,UAP1L1
0.784109981675139,-0.779997451857403,0.046,0.042,1,C6orf136
0.215564547739434,-0.780133922677491,0.084,0.064,1,UBE2T
0.648683909130954,-0.780854420172748,0.042,0.037,1,MAP6
0.95636694465847,-0.780953571756329,0.054,0.052,1,PARK2
0.65135223047302,-0.781118463912402,0.046,0.041,1,SPESP1
0.674692753218408,-0.781498923118843,0.027,0.024,1,TBC1D31
0.917534632953135,-0.7815968257552,0.076,0.073,1,SH3PXD2B
0.782458897220055,-0.781604427348611,0.017,0.015,1,CTNND1
0.669755106770191,-0.782595241627253,0.008,0.01,1,RLN2
0.0426687312486829,-0.78411973794104,0.01,0.024,1,PRH1
0.849634989523205,-0.784537058007075,0.266,0.247,1,VTRNA2-1
0.335616507300762,-0.784845391801243,0.006,0.01,1,NDST3
0.438405852760177,-0.785183323897546,0.057,0.047,1,ANKRD45
0.314920105666413,-0.785427472405694,0.007,0.012,1,LOC101927954
0.231523575621379,-0.785910580953723,0.194,0.212,1,CTSS
0.567169395388468,-0.786005604940468,0.129,0.135,1,TMEM116
0.517463388760924,-0.786049885310692,0.016,0.012,1,IL18BP
0.27919896567143,-0.786094602406413,0.013,0.007,1,CSF1R
0.535156547442875,-0.786372388027335,0.03,0.036,1,IRX5
0.915677192111395,-0.786448877423253,0.016,0.015,1,TRAM1L1
0.848541385088783,-0.786768195813643,0.009,0.01,1,NLGN3
0.194618909731845,-0.786771156276186,0.04,0.027,1,LOC102724450
0.636393879330669,-0.78702784002287,0.079,0.085,1,AMN1
0.940999875708903,-0.787462546106562,0.011,0.012,1,LOC101927964
0.118249581651331,-0.787625033017696,0.016,0.007,1,RGS7BP
0.273336279578159,-0.787675951096837,0.951,0.936,1,TMSB4X
0.902280154907142,-0.787880787464355,0.013,0.012,1,DCDC5
0.00826814120174438,-0.787918260284681,0.108,0.066,1,CACNG8
0.927753479725297,-0.788280083787787,0.033,0.032,1,BEST4
0.668819667189952,-0.788788000893858,0.025,0.029,1,PSKH1
0.492429994796817,-0.788930836104279,0.03,0.024,1,TMED6
0.77962912213024,-0.789094782835933,0.03,0.032,1,POLN
0.29962779519287,-0.789100864069767,0.039,0.029,1,KIAA0754
0.973030400272891,-0.789155822464025,0.024,0.024,1,NEU3
0.043920076505783,-0.78996601665303,0.027,0.047,1,SP2-AS1
0.0960253344198379,-0.790369952716277,0.024,0.012,1,GPC3
0.804241511375819,-0.7908617874594,0.17,0.159,1,ZNF407
0.0614683677947255,-0.791388732607746,0.094,0.064,1,SEMA4C
0.94208052545827,-0.791427614893077,0.011,0.012,1,TRIM46
0.630422921326808,-0.791434038740572,0.031,0.036,1,ARHGAP11A
0.756597053796876,-0.79150504425831,0.036,0.032,1,ZNF570
0.014522263658198,-0.791901006036987,0.07,0.039,1,MAFA
0.880469213293197,-0.791918324065327,0.016,0.017,1,GCM1
0.249373630110195,-0.792994525413299,0.045,0.058,1,HLX
0.830048813727299,-0.793302558800792,0.058,0.061,1,SAMD9
0.8599121648012,-0.793333693887974,0.07,0.071,1,DCP1B
0.601318197245485,-0.793722777399021,0.023,0.027,1,HOXA7
0.687409529289432,-0.793851224521893,0.246,0.244,1,LGI4
0.89876387039503,-0.793879425736934,0.065,0.063,1,AGAP5
0.0479612134915586,-0.795267786400128,0.037,0.019,1,RAB40C
0.158167586108214,-0.796555603222969,0.017,0.008,1,EMB
0.662264284993611,-0.797536687911104,0.013,0.015,1,SUSD2
0.383517415842882,-0.797742530131498,0.036,0.027,1,SYT17
0.14973916700717,-0.798016474821013,0.121,0.144,1,ARMCX4
0.895748929323231,-0.798628096531472,0.087,0.088,1,PTGFR
0.135232804082593,-0.798734927657113,0.032,0.047,1,EID2B
0.800981058474735,-0.799011672195907,0.037,0.034,1,MSC
0.578645904468226,-0.799084772314158,0.141,0.127,1,AGAP3
0.830355667703828,-0.800371674344022,0.017,0.019,1,SEMA6A
0.363382787677937,-0.800414562388255,0.156,0.132,1,ARSK
0.048020265934056,-0.801000746160224,0.588,0.518,1,SDHA
0.621655885545064,-0.801054072715867,0.234,0.213,1,IRAK2
0.56743610762886,-0.801595345287418,0.094,0.083,1,LCORL
0.497202836596764,-0.801835584371455,0.082,0.071,1,SEPSECS
0.385306178040271,-0.802012593589137,0.066,0.054,1,ADCY9
0.617622555121105,-0.802570605618851,0.066,0.059,1,PAXBP1-AS1
0.37691582961535,-0.802584489403884,0.095,0.08,1,SYTL2
0.996048723048162,-0.802705433037318,0.041,0.041,1,MSL3P1
0.109868467973725,-0.803485442355069,0.054,0.036,1,RHEBL1
0.0554045398500578,-0.805441220623186,0.003,0.012,1,OPRK1
0.0488646948064879,-0.805606464547309,0.046,0.025,1,ZNF485
0.612078647716116,-0.805646145260888,0.009,0.012,1,TREML2
0.771515812657382,-0.805716642501736,0.124,0.117,1,TNFRSF18
0.872447179001921,-0.805871141817123,0.08,0.081,1,MBNL1-AS1
0.95472982920879,-0.805875161829958,0.018,0.019,1,PCDHGA10
0.791089559718931,-0.806064223880163,0.033,0.03,1,FLJ12825
0.189273756016295,-0.807229664241543,0.025,0.037,1,PNLDC1
0.976875021079931,-0.808168400277662,0.095,0.095,1,TRDMT1
0.518518276766738,-0.808285374555506,0.325,0.294,1,COL9A1
0.575202728027075,-0.808970835110683,0.056,0.049,1,MYO15B
0.690450176381238,-0.809202997762443,0.202,0.2,1,AASDH
0.256183135321342,-0.80922399283723,0.011,0.019,1,LOC101929420
0.696199008588688,-0.809500532470254,0.025,0.022,1,STAB2
0.22033148259906,-0.809604029209936,0.102,0.122,1,TMEM147-AS1
0.114716000383014,-0.810017899780239,0.016,0.007,1,SIDT1
0.85302133354813,-0.810137389274484,0.07,0.066,1,KIAA0195
0.382860285600716,-0.810487369780877,0.011,0.017,1,GFRA1
0.804075438440797,-0.810588651158144,0.068,0.069,1,SPTY2D1-AS1
0.131627407715892,-0.810743442015532,0.361,0.31,1,ALKBH3
0.768148984642779,-0.811419650821362,0.046,0.042,1,PPTC7
0.203277513120949,-0.811445048929063,0.005,0.01,1,ANKRD20A5P
0.0301346884240603,-0.811664486702351,0.071,0.102,1,RARRES3
0.0907562958604552,-0.812254509014044,0.149,0.115,1,DTX3L
0.653619753031648,-0.81351880292806,0.017,0.02,1,LOC101928137
0.611768216251341,-0.814572667893699,0.182,0.168,1,LOC100505915
0.79908504056584,-0.814669220183275,0.04,0.037,1,CORO2A
0.164958315084017,-0.814920620806731,0.057,0.041,1,CABLES1
0.616434605092916,-0.814944993839824,0.104,0.093,1,TMEM135
0.857233492435209,-0.815035746642673,0.039,0.041,1,ZNF790
0.952066769097689,-0.815079279900142,0.108,0.105,1,RBM26-AS1
0.846236302701095,-0.815114133781354,0.073,0.074,1,HSD17B11
0.891173410555376,-0.815228309796852,0.415,0.384,1,LINC00963
0.00198694735650122,-0.815381794101993,0.053,0.02,1,DFFB
0.74059867578543,-0.815491182083611,0.034,0.037,1,ZSCAN5A
0.379138363282122,-0.815547328667174,0.022,0.015,1,LOC101927274
0.427728188792548,-0.815763938024416,0.009,0.014,1,PLIN1
0.15350382024102,-0.816310562376557,0.031,0.019,1,DCLK2
0.843354834088537,-0.816461950914365,0.015,0.014,1,JAKMIP3
0.0459195797260072,-0.816554599863721,0.014,0.003,1,FLJ45513
0.500502413089766,-0.816941712377882,0.031,0.037,1,STXBP6
0.470114195874309,-0.816990851641742,0.055,0.046,1,MORF4L2-AS1
0.272677753160948,-0.817196588570938,0.017,0.01,1,RIPK3
0.984198698485552,-0.817208348384195,0.031,0.03,1,PRR7-AS1
0.366543690974934,-0.817854019676171,0.03,0.022,1,HTR7P1
0.187343239277219,-0.81804440495989,0.03,0.019,1,STARD8
0.464768170828388,-0.818195746244325,0.196,0.206,1,HEIH
0.733397708525046,-0.818264723084538,0.019,0.017,1,ADAMTSL1
0.0478281676602696,-0.818356048369113,0.058,0.085,1,CD4
0.0361707937543573,-0.818466039727944,0.134,0.095,1,GGA1
0.441078659572672,-0.819190892112875,0.078,0.088,1,LY96
0.689725046341354,-0.819375288228315,0.086,0.078,1,LOC283683
0.089894299700982,-0.81962752447005,0.088,0.063,1,LINC00341
0.898257878305468,-0.820002762742953,0.058,0.056,1,MCTP2
0.0574478141517681,-0.820968047717189,0.234,0.181,1,PYCARD
0.336886465075069,-0.821286464721311,0.006,0.01,1,FBXO24
0.2252104436444,-0.82168023117491,0.105,0.085,1,TIGD7
0.362276306143878,-0.822226252491408,0.038,0.029,1,ZNF845
0.764645070815312,-0.822766117426616,0.046,0.042,1,WDR90
0.0625289654407655,-0.823418647261667,0.005,0.014,1,ANKRD36BP2
0.261021272789047,-0.823479609433898,0.145,0.122,1,TRUB1
0.8612037436412,-0.823481346713833,0.097,0.093,1,MSH2
0.660765132789051,-0.8236619262154,0.11,0.1,1,PDE6B
0.211820313847519,-0.823776433647436,0.014,0.007,1,LINC01266
0.644641437326682,-0.823818125348621,0.022,0.025,1,LINC01530
0.943701699396769,-0.824069399150185,0.011,0.012,1,MAGI1-AS1
0.926221055116956,-0.824161094888242,0.026,0.027,1,CCDC157
0.538241928220276,-0.824240365290811,0.016,0.02,1,ZNF474
0.718354212569856,-0.824468962694787,0.057,0.061,1,PCAT7
0.963405655855399,-0.824562679200752,0.025,0.025,1,PSMC3IP
0.997830457138495,-0.824738296440136,0.055,0.054,1,SNX33
0.895433113823272,-0.825197638994592,0.045,0.046,1,CDC20
0.78096821570033,-0.826149414299427,0.042,0.039,1,LINC01152
0.0495975962566226,-0.826289207650839,0.034,0.017,1,LOC101928597
0.264701052088861,-0.826834218836122,0.019,0.012,1,PDCD1LG2
0.774749170421029,-0.826966283120774,0.01,0.012,1,UNC80
0.280806816708547,-0.827122426130596,0.013,0.007,1,INHBB
0.78945100403472,-0.827181261070039,0.057,0.054,1,ZNF623
0.991316074917919,-0.827435748017224,0.094,0.091,1,KIAA1841
0.484907480405705,-0.827494620411009,0.064,0.054,1,SLX4IP
0.668314952886529,-0.827706161695144,0.013,0.01,1,POF1B
0.908556029772041,-0.828422244059228,0.013,0.012,1,LINC00857
0.646813725640476,-0.828459956865057,0.024,0.02,1,GALNT8
0.455514831161228,-0.828593876521566,0.044,0.036,1,LOC643770
0.698984411600809,-0.828856504444591,0.228,0.227,1,FAM49B
0.700412643527209,-0.830264500832999,0.306,0.288,1,BCYRN1
0.627591163181027,-0.830325896481722,0.064,0.069,1,SLC25A23
0.430574228489223,-0.830668169289988,0.167,0.179,1,TTC28
0.029677514689511,-0.831040509822617,0.039,0.019,1,ITGA9
0.873356162299013,-0.831206788674498,0.013,0.014,1,SNORA31
0.529197043444461,-0.832991150396264,0.011,0.015,1,LOC101928306
0.120627076698677,-0.833212255726126,0.033,0.049,1,RNASEL
0.781724398086198,-0.833363020344518,0.01,0.012,1,ZNF610
0.750756966109509,-0.833460657977565,0.015,0.017,1,CFAP46
0.0676937732960718,-0.834385695096118,0.025,0.042,1,IRX3
0.796899378650752,-0.834735367050701,0.021,0.019,1,RPL23AP32
0.936138324537737,-0.835580082484221,0.011,0.012,1,WNT9A
0.460014259948272,-0.836296591709672,0.014,0.019,1,ITPK1-AS1
0.801709741379029,-0.836603256773492,0.024,0.022,1,ESRRA
0.821665905951251,-0.837214846020872,0.027,0.025,1,TAGAP
0.86388655197838,-0.837275147032541,0.024,0.025,1,ZNF425
0.967655658711753,-0.83742733202258,0.018,0.019,1,ZFPM1
0.961249309193803,-0.837526843348487,0.06,0.059,1,FBXO46
0.431511934840254,-0.838107584955069,0.055,0.046,1,POU2AF1
0.756639751611333,-0.838906651308517,0.053,0.056,1,FBXO16
0.583064651559884,-0.839133251914818,0.053,0.059,1,CTC1
0.0291786161941778,-0.839224740430647,0.097,0.063,1,NOTCH3
0.457531210353605,-0.839356688707177,0.014,0.019,1,LOC151475
0.822565230516328,-0.839524261277868,0.011,0.01,1,CPEB2-AS1
0.192508881614272,-0.841623425597811,0.04,0.054,1,CDNF
0.826929091777242,-0.841627500318769,0.079,0.074,1,ZNF354B
0.589244008819771,-0.841896833395424,0.017,0.014,1,C6orf165
0.372333266077244,-0.841960618525783,0.011,0.007,1,CECR2
0.832486925361346,-0.842233014713216,0.029,0.03,1,HELB
0.1491381219387,-0.84256234293618,0.034,0.049,1,UBL7-AS1
0.878065180901485,-0.842647741005791,0.056,0.058,1,MAP3K6
0.966740376226664,-0.842779392699487,0.049,0.049,1,H1FX-AS1
0.657070463746983,-0.844100675432261,0.027,0.024,1,C9orf84
0.925838964013909,-0.844478697379642,0.052,0.052,1,ZNF347
0.692876960015334,-0.844539215795654,0.049,0.044,1,LOC101927683
0.492837702475256,-0.844581654884665,0.013,0.017,1,LOC101928882
0.090841760186468,-0.844607289576432,0.063,0.042,1,SLC2A6
0.832357709625606,-0.845602657921432,0.05,0.047,1,GOLGA6L5P
0.837136815744787,-0.845686258728689,0.015,0.014,1,ANKEF1
0.462861242208905,-0.846021578218844,0.014,0.019,1,DPYSL5
0.278726788756948,-0.846619816929335,0.148,0.164,1,DUSP2
0.79601192319253,-0.846691351377711,0.055,0.051,1,LZTS2
0.338262480591679,-0.846990181079055,0.018,0.012,1,PLA2G4D
0.0707095956029427,-0.846997551905041,0.024,0.041,1,ZNF501
0.845764983615747,-0.847812679890905,0.021,0.022,1,HNF1A-AS1
0.208950206034937,-0.848065954967021,0.142,0.115,1,SCARB1
0.600550876030858,-0.848359260801013,0.031,0.036,1,ZNF230
0.462736858818475,-0.84875031239307,0.141,0.152,1,ZNF268
0.701993471858162,-0.84912447067454,0.058,0.063,1,ALG1
0.419015418679664,-0.849914076229622,0.082,0.069,1,TRPV1
0.733650480561284,-0.849987706370772,0.286,0.267,1,ZNF652
0.10718186169583,-0.849996705423434,0.003,0.01,1,CHRM2
0.320830782047238,-0.850058393464199,0.031,0.022,1,MEFV
0.792053639751639,-0.850538559270585,0.022,0.024,1,ANGPTL6
0.00404882969619722,-0.850646152543289,0.089,0.049,1,RRM2
0.959139433157201,-0.85131543339542,0.16,0.154,1,EPC2
0.20447624412913,-0.851340048974426,0.118,0.093,1,PLEKHG4B
0.552597961925465,-0.851530159858629,0.227,0.205,1,DSG3
0.661015899094885,-0.851691122273778,0.018,0.015,1,SCEL
0.907575403445285,-0.852199561766963,0.06,0.058,1,MAPKBP1
0.708520549638462,-0.852515291109302,0.065,0.059,1,HTR3B
0.184018857106715,-0.852883379030901,0.009,0.017,1,GOLGA8K
0.54649844264968,-0.854009740971184,0.014,0.01,1,CYP46A1
0.866272433316267,-0.854066145268024,0.013,0.014,1,WEE2-AS1
0.432159429634417,-0.854587020328056,0.015,0.02,1,SLAMF1
0.0346747952763203,-0.854804438013135,0.079,0.049,1,GCA
0.948988461765661,-0.854999378801341,0.015,0.015,1,PCDHGA2
0.628354244616992,-0.855130863547251,0.036,0.03,1,LOC101929450
0.590095009526938,-0.855721972223162,0.152,0.137,1,TAF6
0.397487581154826,-0.856082093782378,0.016,0.022,1,OSR1
0.607092238587143,-0.856184467738691,0.089,0.08,1,HOXA5
0.172310451556479,-0.856440178821309,0.168,0.139,1,CDH13
0.437774021267281,-0.856657186520441,0.101,0.086,1,TBL1X
0.149547491749575,-0.85691142700047,0.013,0.005,1,RAD21-AS1
0.503654169393433,-0.857029106815428,0.088,0.076,1,PCYOX1L
0.878950343889951,-0.857323441955965,0.084,0.08,1,LRRC28
0.17666309909661,-0.857875729699106,0.01,0.019,1,LINC01039
0.882022574758087,-0.858449317806366,0.102,0.102,1,GLMN
0.980250059493482,-0.85861883418889,0.053,0.052,1,IRAK1BP1
0.0852999267123665,-0.858798156366892,0.029,0.046,1,CECR5-AS1
0.915830770409692,-0.858840807717764,0.019,0.019,1,NETO2
0.701745182195903,-0.859757483968812,0.016,0.014,1,HRH4
0.904002857337557,-0.859871500715288,0.026,0.027,1,ETV2
0.287908860463544,-0.860090910011454,0.055,0.069,1,LSM14B
0.76396713353992,-0.860348515862163,0.071,0.066,1,KLF8
0.788182680471592,-0.860572805996505,0.046,0.042,1,LOC102724094
0.615194488366326,-0.861852050395542,0.045,0.039,1,PSMD6-AS2
0.482300932515005,-0.862772878278387,0.018,0.014,1,PSD4
0.157992043955802,-0.862798770020639,0.119,0.093,1,NAPEPLD
0.933421240198772,-0.862883440809751,0.037,0.037,1,CLSTN3
0.85621966898019,-0.86297941547693,0.064,0.066,1,NPM3
0.99984537294411,-0.863381985189325,0.17,0.164,1,EPHA3
0.203905620953954,-0.863520294925838,0.005,0.01,1,PCED1B-AS1
0.0234265370084066,-0.863574790223822,0.117,0.078,1,TBC1D22A-AS1
0.614666708922379,-0.864700852084549,0.041,0.036,1,RPL23AP87
0.935719914919896,-0.864818389415728,0.119,0.113,1,LPCAT2
0.50917402181514,-0.865281167807763,0.03,0.024,1,MEF2C-AS1
0.444110538669012,-0.865732981051274,0.034,0.027,1,OVGP1
0.868343824849463,-0.866434590695211,0.027,0.029,1,ZNF860
0.0457437116788304,-0.86689025570381,0.002,0.01,1,LINC01360
0.373408542909224,-0.867010402641696,0.022,0.015,1,LBP
0.727597385871893,-0.86749363714201,0.01,0.008,1,GYS2
0.908556029772041,-0.867694909793169,0.013,0.012,1,CRAT37
0.290470708802285,-0.867810970608216,0.027,0.019,1,PEX11G
0.202378988717916,-0.868530597714105,0.016,0.025,1,TMEM232
0.347066263995652,-0.868767354409302,0.104,0.086,1,SLC48A1
0.461267642029081,-0.869018150938398,0.013,0.008,1,SNORA19
0.499666007262368,-0.869553337606263,0.017,0.022,1,WNT5A
0.516542098383942,-0.871264462032046,0.066,0.058,1,KCNK6
0.457630262700278,-0.871539412788512,0.085,0.095,1,LINC00910
0.216937846568563,-0.871939261858964,0.042,0.056,1,LINC01356
0.128025489506936,-0.872840036116803,0.042,0.059,1,KCNQ1-AS1
0.30548140902399,-0.873058066898215,0.023,0.015,1,PRSS12
0.615630996786002,-0.873581577811319,0.009,0.012,1,CATIP-AS1
0.281028835405509,-0.87407029683852,0.079,0.063,1,DEPDC7
0.645684292848362,-0.874237267259411,0.039,0.034,1,THSD4
0.872849837850846,-0.874453409875289,0.013,0.014,1,ENO4
0.254741882133674,-0.87542036355415,0.05,0.037,1,FAT3
0.256583737369836,-0.875859679894588,0.156,0.176,1,MSL1
0.656077107468072,-0.876056161902919,0.073,0.066,1,ZNF254
0.346409433012314,-0.876094464726824,0.077,0.063,1,ERCC8
0.426913399907191,-0.876218600540777,0.009,0.014,1,TMEFF2
0.569804154230275,-0.876332474966517,0.01,0.014,1,AP3S2
0.166876144913097,-0.876671056624149,0.019,0.03,1,NUAK2
0.501969101432075,-0.876919907049164,0.022,0.027,1,LOC101927740
0.430371203285815,-0.877304899336421,0.058,0.068,1,CXCL12
0.779576274772365,-0.877412734009226,0.01,0.012,1,IGSF9
0.589112837096374,-0.878846697052135,0.023,0.019,1,LINC00525
0.225642422106144,-0.878906666306214,0.014,0.022,1,LOC643623
0.256952525039813,-0.87924302031643,0.011,0.019,1,SLC25A21
0.0613870282674338,-0.879747529448093,0.176,0.21,1,STMN1
0.58370475262247,-0.879949554669123,0.096,0.085,1,TBL3
0.519256558974981,-0.880255563006516,0.23,0.203,1,CALHM2
0.698863250919622,-0.881470067833154,0.016,0.019,1,NFAM1
0.898795715217743,-0.881848233879506,0.153,0.146,1,HEATR5B
0.0508575355382571,-0.882998850620227,0.039,0.02,1,C12orf79
0.685364113527276,-0.884686813631237,0.037,0.041,1,FAM212A
0.335199941760728,-0.884921172950504,0.037,0.027,1,DBF4B
0.489756194402156,-0.885741864418714,0.013,0.017,1,PPEF2
0.615614587346626,-0.88592911307553,0.026,0.022,1,NUDT17
0.349000606953857,-0.886180326764446,0.072,0.059,1,BAX
0.843096804499121,-0.88633031325298,0.157,0.147,1,RBFA
0.119399058079756,-0.886760603277662,0.424,0.435,1,HSPA6
0.872161839257758,-0.886802560379309,0.029,0.027,1,MDFI
0.0613512208678462,-0.88710896152718,0.017,0.032,1,SMCR5
0.143830020448449,-0.887500773602661,0.345,0.291,1,C12orf75
0.711968495528813,-0.887776667422578,0.016,0.014,1,GPC6-AS2
0.73641577415381,-0.888219906485297,0.192,0.178,1,ZNF280D
0.706183599685056,-0.888281397963618,0.016,0.014,1,LOC100132077
0.775821115409532,-0.888710080500104,0.01,0.012,1,LINC01410
0.672890347077634,-0.889282348895029,0.086,0.078,1,MAPK8IP3
0.803902205736997,-0.890153174569167,0.271,0.25,1,ZNF850
0.461116099998979,-0.890586335960119,0.008,0.012,1,LOC100506022
0.768606573302864,-0.89100615883938,0.042,0.039,1,TCF19
0.605714244526378,-0.891229239841655,0.094,0.1,1,AKNA
0.409209322852464,-0.891977683297145,0.025,0.032,1,ACOT1
0.153259273892034,-0.892673881295232,0.124,0.098,1,BCL2L1
0.593689477079968,-0.893374791345946,0.017,0.014,1,BEX1
0.622523893806785,-0.893659787097205,0.018,0.022,1,LOC100506085
0.737303946100984,-0.893886651301652,0.032,0.029,1,ADAMTS7
0.284001042981032,-0.894017145721043,0.027,0.019,1,ACKR4
0.984342176907673,-0.894116184403829,0.041,0.041,1,PFKFB4
0.859552349107278,-0.89436668771246,0.058,0.056,1,LINC01560
0.305483111614029,-0.894377255885987,0.15,0.127,1,PLEKHG2
0.0979805171484949,-0.894434657473936,0.026,0.014,1,VSIG1
0.0411211378026643,-0.894484036799293,0.025,0.01,1,ERCC5
0.339041673486487,-0.894715721459209,0.062,0.049,1,FJX1
0.154476661684998,-0.894776615018752,0.096,0.118,1,AKNAD1
0.423761765964047,-0.894848140885835,0.03,0.037,1,C5orf66
0.454303819738394,-0.895143590185665,0.021,0.015,1,TMTC2
0.9726424177031,-0.89533728803745,0.025,0.025,1,ZGRF1
0.634718355526387,-0.895458855080308,0.057,0.063,1,USP20
0.979829081749507,-0.896063423778736,0.01,0.01,1,DPH6-AS1
0.9390269295732,-0.896088860255926,0.068,0.066,1,NEMP1
0.846707105816883,-0.896370344424694,0.038,0.036,1,LOC101928222
0.870501179010595,-0.896477826636849,0.034,0.036,1,LL22NC03-63E9.3
0.35621397053007,-0.896494412880061,0.018,0.025,1,VWF
0.842104682097102,-0.897322381864267,0.009,0.01,1,PCDH15
0.226968318170718,-0.897661217901743,0.156,0.129,1,LINC01278
0.171690285752726,-0.897830640557017,0.049,0.034,1,LOC101929140
0.456469354008126,-0.897969066581315,0.014,0.019,1,SLC1A3
0.125057761416194,-0.898009049448167,0.025,0.014,1,TMC6
0.60547518568063,-0.898027102933912,0.06,0.052,1,SNORA57
0.931865638162481,-0.898364656920289,0.302,0.294,1,PPIF
0.0855441795305868,-0.898864930787579,0.14,0.105,1,ZNF33B
0.362304674793051,-0.899246530430195,0.024,0.017,1,MAB21L1
0.517808525455686,-0.899754088634079,0.039,0.032,1,PCDHB6
0.506687615098585,-0.899755633142577,0.186,0.169,1,HLA-DPA1
0.821506036051064,-0.899811741621163,0.047,0.049,1,HAO1
0.986989254220304,-0.900265183148579,0.165,0.157,1,CCDC30
0.0610254275906212,-0.900546945670878,0.055,0.034,1,L1TD1
0.192782662815266,-0.900859349098275,0.024,0.036,1,SLC24A2
0.801509783990078,-0.901454146890698,0.022,0.024,1,VSIG10L
0.971727001276208,-0.902810561506762,0.14,0.137,1,MICAL1
0.988602611265331,-0.903026368305736,0.024,0.024,1,PIP5KL1
0.204220204000389,-0.903228650909925,0.005,0.01,1,ZNF726
0.68880377855266,-0.903403842821771,0.022,0.019,1,TNFRSF8
0.276943996315213,-0.903539473796548,0.015,0.008,1,RHOH
0.0232366945651105,-0.903546886168191,0.438,0.349,1,MYL9
0.68313586455221,-0.903620181222904,0.037,0.041,1,DNM3
0.814645723558593,-0.904956112042319,0.027,0.025,1,LOC100505715
0.777966285199967,-0.905523087663677,0.01,0.012,1,CDC42BPG
0.097429943486326,-0.90559597698147,0.078,0.054,1,MACROD1
0.345861239581562,-0.906080057368898,0.034,0.025,1,ZNF213
0.937591719854061,-0.90644318344843,0.04,0.039,1,ICOSLG
0.782623919877831,-0.907182986400751,0.018,0.02,1,PRICKLE2-AS1
0.106574677707189,-0.909486988369729,0.003,0.01,1,RBFOX1
0.539333335503345,-0.909634429391869,0.016,0.02,1,EVI5L
0.943433029867346,-0.909648275433403,0.044,0.042,1,PRRT3-AS1
0.303974734629855,-0.909689805781532,0.026,0.036,1,FGD5P1
0.399246707388553,-0.910229933099766,0.01,0.015,1,PKD1L1
0.627780394086555,-0.910907214453625,0.036,0.03,1,ST3GAL4
0.821510665297785,-0.911105607859876,0.068,0.069,1,RNF144A-AS1
0.163754700343095,-0.911630941137932,0.085,0.064,1,CCR6
0.348199916864216,-0.911871737784171,0.104,0.086,1,TTC39B
0.900712124317543,-0.911933743470749,0.013,0.012,1,NRL
0.0319048350412639,-0.912062242974956,0.029,0.012,1,SNORA32
0.326668223080389,-0.912071744730046,0.037,0.027,1,MTSS1L
0.943103797955413,-0.912214069036144,0.025,0.025,1,LINC01299
0.591666906683458,-0.912215864944486,0.017,0.014,1,GVINP1
0.474948979447723,-0.912519148625666,0.044,0.036,1,INTS6-AS1
0.459823118677965,-0.913123574924199,0.134,0.144,1,BMP8A
0.793633590484745,-0.91385948172214,0.033,0.03,1,LDHD
0.205588327325441,-0.915126465600933,0.056,0.041,1,ICA1
0.568882550407071,-0.917080019548173,0.01,0.014,1,MIAT
0.0421732099342095,-0.917147868987063,0.104,0.071,1,LINC00261
0.271370625918205,-0.917656299491194,0.023,0.032,1,PHACTR1
0.19163353488555,-0.91868896297609,0.04,0.027,1,TRAF5
0.87083203101364,-0.919873960384669,0.031,0.032,1,DGKB
0.0264263399833347,-0.920133284971937,0.016,0.034,1,EFCAB5
0.988758586092381,-0.920208025181595,0.129,0.127,1,TUBGCP4
0.274391981845206,-0.920320725889894,0.048,0.036,1,TSHB
0.157269250140936,-0.920779316749613,0.026,0.015,1,SSUH2
0.190738297142923,-0.920784875451242,0.008,0.015,1,PAPL
0.960329760255905,-0.920949076903241,0.018,0.019,1,LINC01114
0.61955765232006,-0.922818405468778,0.139,0.127,1,VPS11
0.599974621675774,-0.923054080713222,0.173,0.156,1,CENPBD1P1
0.578053503899147,-0.924562818881229,0.011,0.008,1,MVB12B
0.113004077565269,-0.924954325252755,0.022,0.036,1,SAMD1
0.62813843110893,-0.925261560147814,0.102,0.107,1,BRDT
0.789154276458284,-0.925339157665957,0.074,0.076,1,ARHGEF19
0.48978111090587,-0.92599943415374,0.052,0.059,1,AADAT
0.953868492727102,-0.926468218056956,0.018,0.019,1,LIMD1-AS1
0.494682934915181,-0.926627000815493,0.03,0.024,1,LOC100507431
0.954534785939697,-0.927763695407947,0.047,0.046,1,HIST2H2BC
0.458393285903206,-0.927887151139399,0.008,0.012,1,LRRC69
0.980876562502932,-0.929839544236319,0.036,0.036,1,SLC15A1
0.425692914297185,-0.929949727978794,0.009,0.014,1,RASSF6
0.537514939542274,-0.929951941038707,0.016,0.02,1,LOC494141
0.757694158834438,-0.92999071446059,0.014,0.012,1,MAFK
0.966852439740481,-0.930727168919902,0.116,0.115,1,FILIP1L
0.305738832448349,-0.931037744017513,0.085,0.098,1,SLC16A2
0.588067999368542,-0.933033554486126,0.023,0.019,1,BCDIN3D-AS1
0.458430127956292,-0.933611623319514,0.05,0.059,1,LOC101927780
0.895403345858921,-0.933859692561895,0.016,0.017,1,LOC100130950
0.200420306014386,-0.93481683612376,0.176,0.147,1,AKR1C3
0.847743381897367,-0.934944074735968,0.021,0.022,1,SLC15A3
0.851035326567281,-0.936272424942292,0.046,0.047,1,GCK
0.909903615592468,-0.936769550969171,0.058,0.059,1,ZNF668
0.162872734113128,-0.937679119542644,0.013,0.022,1,MATN1-AS1
0.719765128968842,-0.938010451185038,0.011,0.014,1,LOC100506125
0.253736253243744,-0.938621727111971,0.131,0.107,1,DKFZP434L187
0.984637606758313,-0.939125946519392,0.048,0.047,1,ACSL5
0.1794951375234,-0.939712524500485,0.034,0.022,1,GAST
0.650008509477854,-0.940433217245218,0.038,0.042,1,C1orf145
0.858141023491488,-0.940830314772477,0.116,0.112,1,DNAJC14
0.426913399907191,-0.941265637122134,0.009,0.014,1,LOC157273
0.441666754451486,-0.941460965898654,0.023,0.017,1,LOC441455
0.980405276121167,-0.943169463776594,0.01,0.01,1,CCR1
0.481861889646692,-0.94386708943237,0.01,0.007,1,PLEKHS1
0.372333266077244,-0.943928157913736,0.011,0.007,1,RPL34-AS1
0.864795953447715,-0.943979835812403,0.022,0.02,1,ADAM19
0.682619192982175,-0.94439500322547,0.065,0.059,1,CLIC2
0.042230915264289,-0.944645814541387,0.062,0.037,1,MARVELD3
0.6701524500939,-0.9448611471851,0.048,0.052,1,C10orf90
0.589315854204178,-0.945073881569503,0.113,0.102,1,ZFP14
0.208610805752554,-0.945728235602314,0.085,0.066,1,SLC22A15
0.674145279318601,-0.94611673147422,0.029,0.032,1,RPP21
0.74212366660823,-0.946304095626817,0.191,0.176,1,FCAR
0.345944996611735,-0.946602302877109,0.144,0.125,1,ME2
0.72556446195176,-0.947153595512182,0.047,0.051,1,SORD
0.775033474836954,-0.947349545923392,0.369,0.335,1,RBM47
0.232895905540802,-0.947353912025938,0.049,0.036,1,RGS14
0.922228718625758,-0.948538981600556,0.04,0.041,1,CELF4
0.339009918546375,-0.949254860044157,0.006,0.01,1,DCTN1-AS1
0.115005716452986,-0.950248229645832,0.034,0.051,1,DUS2
0.574682120046874,-0.950567176370568,0.199,0.181,1,AQP1
0.192403976250794,-0.950758503772669,0.008,0.015,1,MUSK
0.821564767529629,-0.951536996389126,0.179,0.168,1,SSH1
0.307752843554604,-0.951636496173004,0.021,0.029,1,ART5
0.495843441344992,-0.952262904276025,0.1,0.108,1,CCDC125
0.000335243852659556,-0.952540716445411,0.507,0.411,1,S100A2
0.750185290982234,-0.952657464893999,0.111,0.103,1,SNX16
0.444621945694739,-0.954025892469961,0.047,0.056,1,FGL2
0.974151896833547,-0.95457412239187,0.078,0.076,1,CHDH
0.477125546014052,-0.954987701613824,0.826,0.795,1,COL1A2
0.00943978274017204,-0.955291905759949,0.011,0.03,1,EMILIN2
0.952321551052548,-0.956303833811695,0.015,0.015,1,SH3BP5L
0.779466116840081,-0.956463586646359,0.062,0.058,1,AVEN
0.759414812655999,-0.956648545364112,0.088,0.081,1,ADAT2
0.911780809516402,-0.956680753804975,0.044,0.044,1,ZSCAN12P1
0.579050624829701,-0.956921214531591,0.094,0.085,1,UNKL
0.865766856492561,-0.957073538734726,0.013,0.014,1,LINC01132
0.530459966791836,-0.957094302517739,0.011,0.015,1,FAM35DP
0.202391024839742,-0.957521472532256,0.025,0.015,1,HSD17B13
0.330556198210648,-0.957736486690631,0.014,0.02,1,LOC102724814
0.908254842001199,-0.958218923564464,0.016,0.015,1,CKAP2L
0.135587708203969,-0.958361433895686,0.113,0.088,1,TMEM55B
0.610272659875327,-0.958531125207888,0.062,0.054,1,MFSD3
0.898461273960784,-0.958548319709753,0.074,0.071,1,LOC101930071
0.325699350802748,-0.958810589656892,0.108,0.09,1,RBPMS
0.336462802910901,-0.95945119423224,0.006,0.01,1,SEMA4G
0.775285089388726,-0.960236317649014,0.01,0.012,1,TFAP2A
0.561577162789808,-0.961050097528596,0.019,0.015,1,ZNF784
0.976259968350123,-0.961526192360984,0.017,0.017,1,HOXA2
0.786563744608618,-0.961761841157751,0.01,0.012,1,BRSK2
0.00901750936219602,-0.963839296462996,0.039,0.015,1,LOC389641
0.427239745619885,-0.964694882017646,0.015,0.02,1,LRCH2
0.14230826845481,-0.966519363503631,0.086,0.107,1,FBXW9
0.838650884994736,-0.967000004001663,0.021,0.022,1,ZNF17
0.0397575176198645,-0.967881856599432,0.017,0.005,1,DOK3
0.788743869780722,-0.968042347646238,0.078,0.073,1,CLEC2B
0.261342689757486,-0.968167458360723,0.011,0.019,1,GDF9
0.434659996619379,-0.968620364869819,0.054,0.063,1,GPSM2
0.558980959723215,-0.969077773226525,0.019,0.015,1,MBLAC1
0.116683656380401,-0.969288538742735,0.021,0.034,1,DDX60
0.661015899094885,-0.96991353867173,0.018,0.015,1,FAM83H
0.376515560142522,-0.969950825500724,0.032,0.041,1,UBE2C
0.520358453042833,-0.97008344718397,0.042,0.049,1,PPP1R26
0.564221834100938,-0.970881758525325,0.058,0.051,1,RHBDL2
0.838556575682911,-0.970952540924761,0.038,0.036,1,THRIL
0.371932793773175,-0.971134315522323,0.011,0.007,1,SFTA1P
0.630132686769908,-0.971960977428467,0.031,0.036,1,RNF128
0.666518926637441,-0.972405488830201,0.025,0.029,1,TTYH2
0.0391255952813651,-0.974346371056933,0.007,0.019,1,LDLRAD1
0.763832337961445,-0.976498731453867,0.084,0.078,1,ZNF701
0.623822976147842,-0.976780094868059,0.058,0.064,1,LINC01353
0.439178221845824,-0.977357980363183,0.037,0.029,1,PLD6
0.625200854973033,-0.977456744778743,0.036,0.03,1,ZNF846
0.656092254266505,-0.977674642251193,0.048,0.052,1,LAMB1
0.925106832735135,-0.977696452305361,0.019,0.019,1,TRG-AS1
0.058604212722169,-0.977742709257729,0.053,0.076,1,WISP2
0.52037815449594,-0.978027802399227,0.179,0.188,1,LYVE1
0.180015422356622,-0.978054188942409,0.045,0.03,1,LOC284865
0.905936968371137,-0.978325743324775,0.016,0.015,1,COL4A4
0.660310240241711,-0.979854058763432,0.033,0.037,1,REM2
0.76068811882131,-0.980096349531123,0.071,0.066,1,TNFRSF14
0.759869721286042,-0.980116315722191,0.158,0.151,1,BCL2A1
0.106372890003229,-0.980485907938732,0.003,0.01,1,STAU2-AS1
0.418809088446877,-0.980707664775974,0.03,0.037,1,ARHGAP27
0.00864198801245241,-0.980767043869821,0.187,0.13,1,KIAA0101
0.983250879400406,-0.981469450810846,0.014,0.014,1,HPX
0.762529204473907,-0.981767057232418,0.026,0.024,1,CLDN15
0.673208203746842,-0.981784832552476,0.013,0.015,1,CASZ1
0.373400254673063,-0.982151761866747,0.301,0.306,1,IFI16
0.866905371165325,-0.982184408120009,0.061,0.058,1,HERC5
0.166554335987869,-0.982282620750264,0.021,0.032,1,TRIM61
0.209017321106985,-0.982491945161316,0.014,0.007,1,FAM106A
0.210665039160231,-0.984809019343283,0.018,0.01,1,C1orf228
0.745880401710762,-0.98499208871272,0.015,0.017,1,ZDHHC19
0.443015191790192,-0.985200211830566,0.037,0.029,1,LINC01160
0.0432474331080566,-0.986090448083981,0.009,0.022,1,WDR17
0.705821099216141,-0.986329569737641,0.047,0.042,1,LRRC2
0.629786163763308,-0.986671808323478,0.034,0.039,1,FADS6
0.331159124582606,-0.987573825063395,0.082,0.096,1,APOL6
0.0677255265640915,-0.988216395982006,0.006,0.015,1,CSMD3
0.807344760942154,-0.988359050615623,0.033,0.03,1,CCDC89
0.534544085041252,-0.98849476743377,0.093,0.1,1,DNAAF5
0.818212778862333,-0.98874863807142,0.011,0.01,1,LYG1
0.693052459398292,-0.989331000827085,0.016,0.019,1,AGAP2-AS1
0.829808714429874,-0.99043723046129,0.081,0.076,1,KIAA1407
0.949980585551024,-0.990497530679866,0.06,0.059,1,BATF3
0.766761411225828,-0.990954590684999,0.018,0.02,1,DNASE1L1
0.977603380149335,-0.991895072698011,0.017,0.017,1,C11orf98
0.256096485044347,-0.991987423281903,0.053,0.066,1,ZNF334
0.717518035291685,-0.992655822743296,0.01,0.008,1,CCL8
0.105110660515231,-0.99296284743109,0.031,0.047,1,TARBP1
0.801879953263604,-0.993256014533783,0.025,0.027,1,CCDC102A
0.299748419126801,-0.993483756217318,0.087,0.102,1,DBP
0.54751721837168,-0.993593171199898,0.061,0.052,1,TMUB1
0.627493553171146,-0.994965123664208,0.036,0.03,1,MOBP
0.438322245237137,-0.995135237433418,0.023,0.017,1,CTSZ
0.717608589764176,-0.995335991857237,0.163,0.152,1,EFHD2
0.793564607957757,-0.995467678376448,0.022,0.024,1,IFI44L
0.00118707728878999,-0.996080998062971,0.116,0.063,1,NAIP
0.367582847234217,-0.996816340546033,0.081,0.068,1,CLSPN
0.710482350948792,-0.998169012451821,0.036,0.039,1,FKBP1AP1
0.100696645217419,-0.998219829843286,0.044,0.063,1,C18orf54
0.0170783944748844,-0.998231238503154,0.198,0.144,1,PTK6
0.304855569992307,-0.9989076215635,0.144,0.159,1,CENPQ
0.767074817100109,-0.999505752861342,0.082,0.086,1,P2RX5-TAX1BP3
0.810373223863234,-1.00035327652244,0.029,0.03,1,ST3GAL5
0.00574392149717049,-1.00050645773646,0.205,0.146,1,COL18A1
0.363598745117343,-1.00076329590229,0.014,0.008,1,FTO-IT1
0.890177116906107,-1.00086625106527,0.069,0.066,1,IL32
0.397288641568268,-1.00169089186667,0.08,0.068,1,RNPEPL1
0.942560084149868,-1.00189822420261,0.105,0.105,1,ALCAM
0.424880389888908,-1.00261455354855,0.009,0.014,1,CDH4
0.526586574015634,-1.00272137339048,0.022,0.017,1,CTB-113P19.1
0.846199573394941,-1.00275583244481,0.009,0.01,1,LINC01220
0.489756194402156,-1.00314823976034,0.013,0.017,1,PFN4
0.204220204000389,-1.00325341686792,0.005,0.01,1,LOC105376360
0.548696305889469,-1.0039958918041,0.014,0.01,1,VGLL3
0.519792123837538,-1.00404456942797,0.022,0.017,1,MURC
0.465499897169349,-1.0042313475507,0.082,0.091,1,C4BPA
0.989963557694809,-1.00570329548878,0.021,0.02,1,COL19A1
0.0659726921457335,-1.00589800708634,0.015,0.029,1,HIF1A-AS2
0.649180271242968,-1.00645121383162,0.11,0.1,1,PAMR1
0.871331177795168,-1.00679188889531,0.013,0.014,1,SNORA13
0.397403298857005,-1.00726728064599,0.01,0.015,1,TERC
0.877145263064328,-1.00870357798455,0.053,0.054,1,HIST1H2BC
0.576871190319657,-1.00943250304549,0.015,0.019,1,GOLGA8O
0.0705665338727725,-1.0109509596857,0.009,0.02,1,SHROOM2
0.614437463859278,-1.01162298239165,0.032,0.027,1,ARMC2
0.109582170665129,-1.01291072241712,0.041,0.025,1,LOC100128239
0.940459591440526,-1.01443487217479,0.011,0.012,1,LOC101929234
0.556724477147534,-1.01591760918435,0.046,0.039,1,LINC01057
0.819844299390316,-1.01742818886407,0.011,0.01,1,DSCAML1
0.439401880070488,-1.01776594170797,0.015,0.01,1,PYGM
0.160961031213615,-1.01778264198157,0.194,0.218,1,C10orf10
0.212671687518896,-1.01820403895922,0.016,0.008,1,TENM4
0.204989118584533,-1.01831044146611,0.182,0.151,1,LOC439994
0.572017793566123,-1.0183231782696,0.037,0.042,1,SKIDA1
0.471840574382379,-1.01858820087779,0.026,0.02,1,RGS11
0.360948597507568,-1.01927266047286,0.057,0.068,1,TNNC1
0.932048316507218,-1.0195030032256,0.023,0.022,1,ADCY1
0.135893144078875,-1.02002279561832,0.269,0.22,1,LOC646214
0.162957826739985,-1.02034918129052,0.236,0.262,1,CXCL2
0.149758736568945,-1.02064502020756,0.013,0.005,1,LINC00622
0.929074052353079,-1.02076998259719,0.151,0.151,1,SNN
0.553885018398577,-1.02136056706921,0.024,0.029,1,OLFML2A
0.68156791828415,-1.02163650325556,0.041,0.046,1,IKZF2
0.53787837221786,-1.02208905718304,0.016,0.02,1,LOC101928812
0.0918132040950598,-1.02215537616602,0.033,0.051,1,PTGIR
0.264761425172058,-1.0221682525712,0.132,0.107,1,KIAA0586
0.878760155294475,-1.02275476577706,0.076,0.073,1,NAB2
0.79458817000586,-1.02315342657566,0.033,0.03,1,TMEM143
0.935058296678843,-1.02430619024399,0.011,0.012,1,FAM90A25P
0.311284795633378,-1.02491193159843,0.056,0.044,1,EVI2B
0.352804760105932,-1.02519416404336,0.013,0.019,1,AIFM3
0.408308888672465,-1.02616574610487,0.033,0.025,1,MGC16275
0.447003138547496,-1.02671534675066,0.05,0.059,1,SARS2
0.0739740778007821,-1.02714781897245,0.044,0.025,1,LOC442028
0.323014427341804,-1.02763363804875,0.045,0.056,1,NEK3
0.147756030825442,-1.02772693859988,0.143,0.164,1,NVL
0.614107451822002,-1.02881791828354,0.009,0.012,1,LOC400958
0.758197915585501,-1.0289073858225,0.062,0.058,1,BRE-AS1
0.558036392264061,-1.0291556516816,0.037,0.042,1,ZNF503-AS1
0.373536285623679,-1.02918369400699,0.011,0.007,1,FAM150B
0.310275745251354,-1.02929507792902,0.183,0.156,1,CPT1A
0.196871747984125,-1.02946940517512,0.007,0.014,1,RNASE6
0.790166027922499,-1.02951029929813,0.022,0.024,1,BCRP2
0.454702675872096,-1.03056042858651,0.014,0.019,1,LOC101928979
0.569872422836454,-1.03084978427233,0.045,0.051,1,ZBTB20-AS1
0.341762070272258,-1.03208574687688,0.019,0.027,1,CORO7
0.567041482138789,-1.03384664058096,0.01,0.014,1,PDZRN4
0.608509946194499,-1.0342479311071,0.049,0.054,1,PSMB9
0.0103797197352826,-1.03479454295285,0.063,0.1,1,ZNF529-AS1
0.969634040890456,-1.03512812087666,0.065,0.064,1,CLDND2
0.962558057380582,-1.03539641972619,0.058,0.058,1,ARGFX
0.0599855147010314,-1.03542212689051,0.027,0.046,1,FBXL13
0.630274320156881,-1.03542287151012,0.038,0.042,1,MRPS31P5
0.645750240904498,-1.03566913708206,0.052,0.046,1,CAPN3
0.411926362757069,-1.03655308707496,0.06,0.049,1,ASAP1-IT1
0.642515412314967,-1.03754844352823,0.068,0.061,1,ZMYM1
0.993591401614853,-1.0377086685847,0.038,0.037,1,PDE1C
0.762848972317187,-1.03772380553631,0.03,0.027,1,AGER
0.391632097610881,-1.03800897245115,0.07,0.058,1,NACC2
0.58231540740909,-1.03870462244655,0.036,0.041,1,C5orf30
0.118356945118195,-1.03905271251619,0.006,0.014,1,GJC3
0.118722901405576,-1.03910843173642,0.006,0.014,1,MGC12916
0.630484871583797,-1.03944433277605,0.068,0.073,1,ZNF709
0.405783963851724,-1.04030652346367,0.105,0.091,1,PITPNM1
0.567041482138789,-1.04039837785618,0.01,0.014,1,SIGLEC16
0.252013477675813,-1.04093437734609,0.024,0.015,1,CCDC74B
0.203905620953954,-1.04131749161905,0.005,0.01,1,ANK1
0.314436500004798,-1.04183241937162,0.049,0.061,1,SLC7A7
0.367147979000971,-1.04200973860974,0.011,0.007,1,BUB1B
0.461281146057507,-1.04272709704993,0.086,0.095,1,CASP7
0.76548509870109,-1.0434244545246,0.219,0.201,1,LPXN
0.741090355591654,-1.04482027258854,0.045,0.041,1,B4GAT1
0.509490870557416,-1.04526539848044,0.073,0.063,1,CTPS2
0.466389389243389,-1.04565088988053,0.06,0.068,1,CHIC1
0.616964241496502,-1.04586388732791,0.014,0.017,1,CSTA
0.979842539108466,-1.04631117449894,0.017,0.017,1,CHRM3
0.399601994537322,-1.04655460342676,0.016,0.022,1,USP35
0.289965741037497,-1.04662220205468,0.016,0.024,1,ADGRF3
0.820388313264465,-1.04863777471233,0.011,0.01,1,CADM2
0.535645072307033,-1.04870559290049,0.038,0.044,1,C17orf96
0.0329086433068926,-1.04923718740957,0.005,0.015,1,C14orf105
0.303735119508104,-1.04926774646094,0.151,0.127,1,CBL
0.596100208935669,-1.05026879420232,0.023,0.019,1,CPN2
0.725353381909447,-1.05073652295681,0.01,0.008,1,MUC22
0.843833553087536,-1.05119469819675,0.015,0.014,1,FREM2
0.716243919952578,-1.05126562724365,0.073,0.078,1,C5orf56
0.214914627429012,-1.05212419688013,0.022,0.032,1,PHF7
0.524160691732462,-1.05256088429302,0.011,0.015,1,RSG1
0.75886586961465,-1.05279749202444,0.03,0.027,1,HDAC7
0.387810931679541,-1.05355097258956,0.036,0.027,1,MTHFS
0.65135595775972,-1.0540787822081,0.03,0.025,1,GRIN2A
0.522878076869993,-1.05442310248075,0.053,0.059,1,ZNF660
0.649004811363875,-1.05618099857377,0.072,0.064,1,ZNF615
0.699972650053241,-1.05618680353572,0.016,0.014,1,CEP72
0.546052013063828,-1.05792072490125,0.037,0.03,1,PELI3
0.0425520957781521,-1.05794485696914,0.072,0.046,1,LRRC74B
0.8291500282544,-1.05881058058186,0.061,0.063,1,DSCC1
0.954509321560204,-1.0607443834848,0.04,0.039,1,POLE2
0.267047320733984,-1.06118629892588,0.115,0.095,1,ABCA13
0.0038081096377222,-1.06229940784869,0.132,0.081,1,KIAA1324
0.510192336661065,-1.06236339919844,0.022,0.027,1,LOC101926963
0.93721846992318,-1.06377876330492,0.011,0.012,1,TMPPE
0.734536399349566,-1.06505312445665,0.029,0.025,1,MACC1
0.12694842968445,-1.06538348660048,0.026,0.041,1,CEP131
0.584985574602435,-1.0663489658205,0.011,0.008,1,LGALS9
0.515183578826431,-1.06663977372888,0.054,0.061,1,ZNF524
0.730105305437965,-1.06706750888404,0.088,0.081,1,KCNE4
0.803353490427536,-1.06722970145033,0.021,0.019,1,ENO3
0.490552105413131,-1.06736980385271,0.018,0.014,1,ZSCAN20
0.353891734942888,-1.06757548224432,0.042,0.052,1,SCARA5
0.901397804848612,-1.06766500806094,0.068,0.068,1,PCBP1-AS1
0.664682264881638,-1.0677440240273,0.018,0.015,1,HOXA1
0.847370310783574,-1.06814931551229,0.009,0.01,1,TMEM14E
0.0439925080380802,-1.06882528951729,0.07,0.044,1,GDF11
0.666378966802107,-1.07017823661517,0.062,0.056,1,COL21A1
0.200968391089863,-1.07027541864644,0.006,0.012,1,HIST1H4B
0.668809288789237,-1.07063975802218,0.013,0.01,1,WWTR1-AS1
0.25598209325361,-1.07158239397987,0.034,0.024,1,UCHL1
0.278564865817207,-1.07418344710914,0.01,0.005,1,LRRC70
0.318668679586087,-1.07427086558563,0.007,0.012,1,WDR49
0.617664969090715,-1.07492134920767,0.009,0.012,1,SCARNA5
0.620354259833527,-1.07500270066372,0.116,0.103,1,FAM198B
0.439773643464036,-1.07532246315937,0.019,0.025,1,ISPD
0.697280194914205,-1.07659372406807,0.031,0.027,1,LINC00886
0.382023449003577,-1.07743251789658,0.022,0.015,1,ZNF454
0.977396979336756,-1.07840502432709,0.027,0.027,1,CCDC102B
0.370011556884556,-1.07871338496417,0.011,0.017,1,TMEM253
0.788892314182526,-1.07911663222762,0.052,0.054,1,LYSMD1
0.360737199889437,-1.07969867545263,0.014,0.008,1,LOC440028
0.100308925366042,-1.08053249338438,0.015,0.027,1,DAPK1
0.56059419149572,-1.08055692785386,0.079,0.069,1,MAP2K5
0.511044270347157,-1.08131825916373,0.062,0.052,1,ANAPC15
0.775623238584541,-1.0821156590717,0.042,0.039,1,ZFYVE26
0.112067646235377,-1.08272896804537,0.029,0.044,1,CAPN5
0.215729386800833,-1.08275392700069,0.055,0.069,1,RSAD2
0.6551807432107,-1.08353446825153,0.017,0.02,1,FAM71E1
0.172288352375747,-1.08379320446992,0.01,0.019,1,ZIM2-AS1
0.24881183936145,-1.0840090558368,0.132,0.149,1,CADM1
0.0978505731027514,-1.08506463217923,0.015,0.027,1,GOLGA2P5
0.318668679586087,-1.08540009065949,0.007,0.012,1,CCDC64B
0.495929570885997,-1.08602925481025,0.013,0.017,1,MS4A4A
0.883948153880805,-1.08614750909462,0.036,0.034,1,CDCA2
0.724098499101407,-1.08615357458393,0.045,0.041,1,NAALAD2
0.698032047225933,-1.08726126803143,0.016,0.019,1,C5orf64
0.525013251182173,-1.08727392905639,0.016,0.012,1,MANEA-AS1
0.756930479838584,-1.08788524848957,0.068,0.063,1,GBP3
0.00269076515296845,-1.08853065784635,0.284,0.342,1,PIK3R1
0.546584725246208,-1.0888965340352,0.037,0.03,1,LINC00471
0.39841435062889,-1.08921668983808,0.019,0.014,1,LOC100506023
0.807798512655915,-1.09087834204789,0.021,0.019,1,COL6A4P2
0.730870594540082,-1.0925095607331,0.069,0.063,1,LINC00578
0.0139612138648349,-1.09327014621001,0.087,0.125,1,MLKL
0.416005866400494,-1.09353878547937,0.066,0.076,1,CCDC113
0.185643591876531,-1.09402648126914,0.063,0.046,1,LOC403312
0.139008740126512,-1.09451790562858,0.139,0.108,1,PIGM
0.705374002051759,-1.09510860975436,0.025,0.022,1,LOC100507462
0.416315295885206,-1.09546149266335,0.095,0.081,1,SLC9A8
0.39942636962594,-1.0960389391253,0.115,0.127,1,DHRS4-AS1
0.618975738291246,-1.09609851738546,0.151,0.135,1,BNC2
0.0104574752788077,-1.09626613888853,0.053,0.086,1,TUBB1
0.0769745903417773,-1.09635405742614,0.036,0.054,1,LRP5
0.27482916774122,-1.0967114360863,0.04,0.029,1,WDR11-AS1
0.94555891826009,-1.09705558348318,0.047,0.047,1,FLJ42102
0.237245605716084,-1.09731956024744,0.141,0.115,1,BNIPL
0.162700170375762,-1.09737133527728,0.013,0.022,1,EPHX4
0.460369595921178,-1.09844043249875,0.014,0.019,1,TULP2
0.439401880070488,-1.09853534484222,0.015,0.01,1,ZNF624
0.513846455471948,-1.09903248547907,0.055,0.063,1,CCDC69
0.60660756793227,-1.09963063319254,0.026,0.03,1,GGT8P
0.975253450300629,-1.09966405502522,0.014,0.014,1,RGS13
0.311359892324434,-1.10242083827712,0.039,0.049,1,STAMBPL1
0.28226272619782,-1.10274883754775,0.038,0.027,1,DMD
0.144021466486959,-1.10316931603972,0.016,0.027,1,FOXM1
0.84287617295824,-1.10378120804951,0.015,0.014,1,MYZAP
0.719893834337871,-1.10505941649124,0.038,0.034,1,TRIP13
0.762373290317932,-1.10529186673793,0.023,0.025,1,NGFR
0.369934440879712,-1.10602167139576,0.011,0.007,1,CDH18
0.186723835102185,-1.1072047289779,0.03,0.019,1,PRSS27
0.933849442199939,-1.10813230950034,0.27,0.259,1,TMEM199
0.348176845682193,-1.10832711646628,0.013,0.019,1,SARDH
0.997695493630586,-1.10901349569945,0.032,0.032,1,IL1R2
0.351036790796828,-1.10906425373722,0.026,0.019,1,TOP2A
0.495885212925222,-1.11020130095239,0.031,0.037,1,OSCAR
0.335616507300762,-1.11033012881678,0.006,0.01,1,SMCO2
0.829980533437029,-1.11056529127095,0.034,0.032,1,RGPD3
0.274646858790679,-1.11089954400152,0.01,0.005,1,FAM155A-IT1
0.901667558183575,-1.11110049557044,0.048,0.049,1,MFSD6
0.660264347475229,-1.11116259438411,0.017,0.02,1,SUPT20HL2
0.899523632742062,-1.11254743993764,0.048,0.049,1,JPH1
0.889414337658793,-1.11297411867454,0.032,0.03,1,LOC100288152
0.546288024509897,-1.11332946123998,0.115,0.122,1,RFPL1S
0.252106755771995,-1.11367624577756,0.011,0.019,1,NLRP3
0.176996598114111,-1.11382494551836,0.058,0.074,1,CA12
0.938838904033272,-1.11625774319752,0.011,0.012,1,GDAP1L1
0.492451946582421,-1.11630259635103,0.013,0.017,1,SNORA20
0.0628705735120623,-1.11777817064517,0.005,0.014,1,FER1L5
0.164914702745448,-1.11813803608956,0.019,0.01,1,ADD3-AS1
0.856859179502122,-1.11966101959808,0.018,0.017,1,F2RL2
0.846951906722294,-1.12049452332455,0.021,0.022,1,LOC731157
0.867825785567318,-1.12052652144147,0.062,0.059,1,TPRN
0.240142891739532,-1.12079161004252,0.013,0.02,1,KCNK2
0.627201580871296,-1.12111525681818,0.015,0.012,1,FLG
0.662666404911135,-1.12129396724111,0.046,0.041,1,FAM212B
0.818505020488191,-1.12141536931451,0.027,0.025,1,ZWINT
0.190975599220058,-1.12196041189022,0.008,0.015,1,RBPMS-AS1
0.110022781185252,-1.12249656676271,0.041,0.025,1,SPN
0.095456149410951,-1.12290066963988,0.038,0.022,1,ITGA9-AS1
0.938298730855662,-1.12328306880481,0.011,0.012,1,EIF1B-AS1
0.399616005602859,-1.12456683531494,0.01,0.015,1,MAMDC2-AS1
0.359147997142931,-1.12681618974232,0.032,0.024,1,ZNF606
0.775278398855156,-1.12762795865854,0.026,0.024,1,ZNF768
0.227504433379896,-1.12820559093133,0.021,0.03,1,VTRNA1-2
0.117390596394404,-1.12901620717997,0.008,0.017,1,LST1
0.549262405796365,-1.12994647454162,0.162,0.168,1,DNAAF2
0.264542294597034,-1.13142174526821,0.054,0.041,1,LINC00514
0.0917451073551894,-1.13158612133455,0.025,0.041,1,AMBN
0.962483250559625,-1.13202956173313,0.032,0.032,1,AIM1
0.353061988649418,-1.13254382464613,0.018,0.025,1,JADE3
0.772038425612492,-1.13254606526522,0.018,0.02,1,LRRN3
0.670008943258458,-1.13292211909593,0.013,0.015,1,ACTR3C
0.350448855455225,-1.13371341402711,0.018,0.025,1,HAR1A
0.110009247274953,-1.13458068201017,0.011,0.022,1,SLC37A1
0.159825623953869,-1.13458766977065,0.101,0.078,1,F2R
0.623483706138985,-1.13469284097465,0.036,0.03,1,PHLDB3
0.675949686544067,-1.1349199822303,0.117,0.105,1,SIRT6
0.626862453205601,-1.13505978670751,0.103,0.108,1,LOC101929698
0.722477502275501,-1.13662522615426,0.046,0.049,1,RAB3A
0.875393968496244,-1.13679914118084,0.813,0.763,1,IBSP
0.228884138825878,-1.13690563995957,0.014,0.022,1,FAM159A
0.396667374821632,-1.1372244728685,0.01,0.015,1,PCDHB7
0.707946458665941,-1.13743378488969,0.011,0.014,1,H3F3C
0.333348977578468,-1.13820227502648,0.05,0.039,1,LOC101927811
0.601808674030781,-1.14173420629204,0.026,0.022,1,DNM1P46
0.0987937940610878,-1.14251731675588,0.029,0.015,1,LINC01433
0.506833646250063,-1.14305004250088,0.022,0.027,1,WNT11
0.270312153925669,-1.14337267623089,0.072,0.086,1,SLC24A1
0.813338839283139,-1.14397999540671,0.148,0.147,1,GORASP1
0.81676973591735,-1.14584393779523,0.025,0.027,1,ANGEL1
0.00389994960045467,-1.14761079485462,0.093,0.051,1,IL17B
0.35966777333381,-1.14858698223489,0.014,0.008,1,RPL31P11
0.794473260405532,-1.14908971926392,0.069,0.071,1,KIAA1671
0.76021409003736,-1.15056642307313,0.023,0.02,1,C8orf31
0.260372969157942,-1.15110920628358,0.032,0.022,1,CENPU
0.456118824859537,-1.15140811182927,0.101,0.112,1,APOLD1
0.37680378165439,-1.15192464548537,0.017,0.024,1,C8orf46
0.415891779248629,-1.15236594286125,0.135,0.146,1,EPHA1-AS1
0.852755177501958,-1.15382628370503,0.038,0.036,1,TOP3B
0.858648759834982,-1.15390960740301,0.034,0.036,1,IMPG2
0.674764213234595,-1.15673532392479,0.021,0.024,1,HDX
0.0701227556545795,-1.15722638974856,0.007,0.017,1,C16orf71
0.647779572386557,-1.15835396862598,0.017,0.02,1,LBX2-AS1
0.538404069954098,-1.15888968787504,0.029,0.034,1,CYP2C18
0.200353414080259,-1.15954222516664,0.016,0.025,1,CNGB1
0.198954594795977,-1.16056997769437,0.007,0.014,1,SIX3
0.329702772721419,-1.16066908983616,0.014,0.02,1,KIF21B
0.820932413566878,-1.16317139803963,0.011,0.01,1,SLC44A5
0.984769223076158,-1.1632395304606,0.017,0.017,1,TCONS-00029157
0.751540580731048,-1.16381152593589,0.052,0.054,1,COL5A3
0.424955105255853,-1.16387026691164,0.015,0.02,1,SLC19A1
0.492082318445869,-1.16407622585929,0.007,0.01,1,DMBT1
0.585482197489067,-1.16455471602742,0.011,0.008,1,KSR1
0.356825717722211,-1.16541910600542,0.014,0.008,1,SLURP1
0.241080721297796,-1.16604780351793,0.013,0.02,1,PIK3C2B
0.998474127765129,-1.16740193967731,0.038,0.037,1,LINC00240
0.726676800265261,-1.16758731126682,0.055,0.058,1,ENTPD1-AS1
0.13005683281696,-1.16799264585432,0.032,0.047,1,OR7E47P
0.0419923213778326,-1.16825696388542,0.008,0.02,1,HAR1B
0.304243329876087,-1.16859383157649,0.049,0.037,1,PARP8
0.576886129020368,-1.16877396300967,0.041,0.036,1,AJUBA
0.983409904436733,-1.16902599799663,0.021,0.02,1,POU3F3
0.853401750777731,-1.16914072275893,0.018,0.017,1,OPTC
0.000446304780379849,-1.16920988375806,0.246,0.164,1,RAMP2
0.859457417761153,-1.17081491908157,0.024,0.025,1,PCSK6
0.108467089944171,-1.17135570153427,0.014,0.005,1,KCNMA1-AS1
0.922255411851233,-1.171643307539,0.072,0.073,1,LOC100996251
0.52347965314561,-1.17166716022753,0.076,0.066,1,ZNF550
0.357935825688847,-1.17204419859079,0.046,0.036,1,NRM
0.661271885192359,-1.17252933016952,0.025,0.029,1,XRCC2
0.113853265846405,-1.17257035652105,0.044,0.027,1,FANCD2
0.439635157168292,-1.17281833539234,0.198,0.201,1,SERTAD4
0.664083349218612,-1.17546778227135,0.013,0.015,1,DIP2A-IT1
0.673760515678856,-1.17560287902295,0.013,0.01,1,PKP2
0.946608226671152,-1.17588527575663,0.015,0.015,1,USP2-AS1
0.839182365203848,-1.1771252211692,0.009,0.01,1,SLC16A12
0.568454249005103,-1.17732289630075,0.1,0.105,1,HP09025
0.751200787630906,-1.1774249653767,0.015,0.017,1,RCOR2
0.718086204084554,-1.17798735438226,0.024,0.027,1,ZNF208
0.278207119763392,-1.17850986418917,0.01,0.005,1,VN1R1
0.0917479321449603,-1.17974906011914,0.017,0.03,1,FAM86B1
0.594784493330543,-1.18020444835654,0.05,0.056,1,RARA-AS1
0.124768303736336,-1.18165923263997,0.087,0.11,1,BASP1
0.579203393008188,-1.18359731541466,0.034,0.029,1,RAPGEF3
0.945852162016278,-1.18385869245806,0.239,0.23,1,MMP2
0.2266011309841,-1.18561754787178,0.021,0.03,1,SNORA80E
1,-1.18580644408193,0.052,0.051,1,ZNF174
0.803839159143917,-1.18948008540518,0.014,0.015,1,GOLGA6L10
0.337310470114627,-1.18987878012775,0.006,0.01,1,GRIA4
0.982904643651426,-1.19139955498525,0.024,0.024,1,MYOZ3
0.938838904033272,-1.19389601008453,0.011,0.012,1,CAHM
0.269781183693896,-1.19415606127475,0.01,0.017,1,TLR5
0.388095729471288,-1.19451499439675,0.058,0.047,1,SFRP2
0.343540605086588,-1.19454273236125,0.042,0.032,1,RPSAP52
0.0458508526066731,-1.19455507898928,0.002,0.01,1,PAK3
0.310886689919759,-1.19504373778439,0.053,0.041,1,NOS3
0.836465567877441,-1.19510955572088,0.042,0.044,1,IL1RL2
0.300591369211309,-1.19522384334963,0.008,0.014,1,LOC100996583
0.124872114109421,-1.19587878987156,0.03,0.017,1,RIPPLY3
0.355911554768248,-1.19666913526413,0.013,0.019,1,CSRNP3
0.321702151926825,-1.1968746269393,0.079,0.064,1,SPRY1
0.0378401973605518,-1.19748159215409,0.03,0.051,1,MORN1
0.252106755771995,-1.2004940932909,0.011,0.019,1,ATP1B4
0.0613539546452577,-1.20161301372919,0.191,0.147,1,SCARF2
0.469703043150976,-1.20443683273486,0.023,0.029,1,LOC643733
0.281120102452006,-1.20492213194552,0.054,0.041,1,P3H2-AS1
0.447817829148407,-1.20558676561863,0.048,0.039,1,ATOH8
0.985591449438648,-1.20581741327818,0.01,0.01,1,IGSF22
0.489756194402156,-1.20627017270088,0.013,0.017,1,FAM19A3
0.508358881723615,-1.2063522495435,0.022,0.027,1,CFAP58
0.889968176538972,-1.20712080608099,0.016,0.017,1,RGS4
0.0676974386165422,-1.20719677867632,0.175,0.134,1,COL4A1
0.0202958881872686,-1.20819273960222,0.006,0.019,1,PRH2
0.0221073661340873,-1.20833322734964,0.002,0.012,1,OR7E5P
0.103135118346976,-1.20898620905456,0.023,0.037,1,GGT7
0.614020483442479,-1.21148011868353,0.014,0.017,1,LOC101929586
0.283068351772393,-1.21189520253185,0.013,0.007,1,EDNRB
0.107384864252458,-1.21211144331049,0.003,0.01,1,LAMA3
0.778501943955492,-1.21312398843555,0.017,0.015,1,GPR1
0.104499832913103,-1.21353650524654,0.289,0.24,1,PTH1R
0.301604402773872,-1.21413033629724,0.008,0.014,1,LINC01063
0.178770563013397,-1.21540109644591,0.042,0.058,1,ALKBH4
0.388932747233001,-1.21668062329654,0.111,0.122,1,PMS2P3
0.179008808522863,-1.21799894012247,0.063,0.046,1,CCNJ
0.114028720247523,-1.21819226445572,0.005,0.012,1,GABRB2
0.0781648409286425,-1.21873072010807,0.039,0.022,1,BCAS1
0.978676724877195,-1.21967125346654,0.01,0.01,1,LINC00842
0.134737807342183,-1.22004997348148,0.032,0.047,1,CASC2
0.0283850444354523,-1.22156618609433,0.003,0.014,1,LOC102546298
0.841822416656592,-1.22227604054228,0.103,0.103,1,TMEM119
0.0996936740393844,-1.22321531664539,0.233,0.19,1,VTRNA1-3
0.203277513120949,-1.22427611226392,0.005,0.01,1,UBXN10-AS1
0.775285089388726,-1.2256003635606,0.01,0.012,1,LOC101927472
0.637445075437892,-1.22624852374134,0.038,0.042,1,RFTN1
0.861618362585101,-1.22641038315792,0.022,0.02,1,KCNQ5-AS1
0.302853842415097,-1.22752692347862,0.144,0.159,1,MARCKS
0.896873249732797,-1.2277832655327,0.029,0.027,1,CPXM1
0.867789491312313,-1.22950014528247,0.013,0.014,1,HOXC11
0.693052459398292,-1.23056604612441,0.016,0.019,1,ZNF114
0.508248118113787,-1.23111672608383,0.031,0.037,1,FAM124A
0.582577772276851,-1.23208908860551,0.04,0.034,1,PLCL2
0.904894383592088,-1.23216940821471,0.013,0.012,1,LOC101926915
0.679720680886313,-1.23284855695997,0.013,0.01,1,PRKG2
0.774636690167951,-1.23579396131956,0.068,0.063,1,OCLN
0.719700478473411,-1.23650276319564,0.062,0.056,1,LINC00884
0.00131966752547757,-1.23719961825277,0.097,0.051,1,LPIN3
0.117317000089882,-1.23746538793242,0.08,0.058,1,STXBP4
0.70142736641233,-1.23802916818445,0.031,0.027,1,LINC01277
0.804312495521117,-1.23850803566917,0.014,0.015,1,BCL11A
0.319045137398829,-1.23967028465671,0.007,0.012,1,HRASLS5
0.611065358858632,-1.24116624747395,0.009,0.012,1,TMEM198
0.148727044255091,-1.24123203674965,0.029,0.042,1,SEMA5A
0.273507538438793,-1.24265866302572,0.057,0.071,1,NR2F2
0.665241783390862,-1.24303128720592,0.008,0.01,1,BMP3
0.282120467051127,-1.24345958638489,0.009,0.015,1,KCNJ8
0.492082318445869,-1.24443046767018,0.007,0.01,1,LOC101928335
0.722011327179897,-1.24497883553689,0.027,0.03,1,STRC
0.0311321269324628,-1.24501753025395,0.026,0.047,1,ATP8B4
0.682210029336415,-1.24564254248222,0.013,0.01,1,SMC2-AS1
0.75959871596312,-1.24567585836903,0.052,0.047,1,FAM105A
0.247716046162131,-1.24626999059277,0.03,0.041,1,HYDIN
0.0275125759251272,-1.24713534533832,0.026,0.047,1,RBMS3-AS3
0.0626426638270854,-1.24870038720067,0.005,0.014,1,RAET1K
0.87146743056644,-1.24883788539576,0.027,0.029,1,ZNF443
0.975812179192791,-1.24900926416378,0.017,0.017,1,ACPP
0.45560905307889,-1.25150399848449,0.021,0.015,1,TAGLN3
0.940741715834177,-1.25323424270345,0.03,0.03,1,IL10RA
0.202165018766702,-1.25483112083504,0.023,0.034,1,AIF1
0.93721846992318,-1.25496884205305,0.011,0.012,1,NUDT9P1
0.369798131912352,-1.25510903228539,0.017,0.024,1,DDX60L
0.754309835672722,-1.25625191975283,0.015,0.017,1,IQCC
0.905417353964273,-1.25705432363596,0.013,0.012,1,LINC00284
0.541884256108796,-1.25713001823327,0.016,0.02,1,IDI2-AS1
0.395597688791037,-1.25879710359515,0.019,0.014,1,ZNF658
0.0654170139533125,-1.25887211733191,0.092,0.064,1,LCN2
0.302958645916569,-1.25968151315749,0.008,0.014,1,MUC19
0.201537354926378,-1.2599254192849,0.006,0.012,1,CACNA1D
0.504331361807618,-1.26027635657092,0.1,0.088,1,WFDC21P
0.190196362359844,-1.26237217625708,0.054,0.069,1,SLFN11
0.229287872276732,-1.26250233490191,0.053,0.066,1,PLXDC1
0.678228743931835,-1.26303230374306,0.013,0.01,1,USH2A
0.0817358593432571,-1.26648808466093,0.085,0.11,1,CRX
0.985750459036691,-1.26704787609177,0.014,0.014,1,C3orf35
0.912511237904337,-1.2687499921035,0.023,0.024,1,CENPM
0.656367846343023,-1.27050373879269,0.025,0.029,1,NXNL2
0.194320674063953,-1.27432604640559,0.008,0.015,1,KIAA0319
0.584985574602435,-1.27668849385751,0.011,0.008,1,NPPA
0.741013995978795,-1.27720553748717,0.015,0.017,1,CFHR1
0.218900573961657,-1.27775995330375,0.053,0.068,1,CAMKK1
0.655571226652547,-1.27853210592386,0.017,0.02,1,TSPAN15
0.39483116634944,-1.27882203482405,0.01,0.015,1,PTGDS
0.958164310250132,-1.27905897850076,0.049,0.049,1,LINC01347
0.14024588147166,-1.28111092894394,0.108,0.085,1,SETD6
0.380974173799781,-1.28235467544679,0.055,0.044,1,TRMT61B
0.615026181873361,-1.28340006106862,0.082,0.073,1,LOC100130691
0.304316925978148,-1.28381481961056,0.008,0.014,1,GPR65
0.403876414965507,-1.28388762843216,0.039,0.047,1,TNFRSF19
0.135644684265705,-1.28407598335683,0.087,0.108,1,RCAN2
0.593523730118765,-1.28439310258022,0.027,0.032,1,SRGAP3
0.317541052058415,-1.28452144875242,0.007,0.012,1,ARHGEF25
0.246995207257484,-1.28499280241768,0.045,0.032,1,RBM38
0.752976895581881,-1.28502673391975,0.015,0.017,1,IL15
0.459753564536949,-1.28508213056236,0.008,0.012,1,KDM8
0.782094803286484,-1.28598127752855,0.042,0.039,1,ABCA11P
0.672568529929898,-1.28625892869061,0.066,0.059,1,DOHH
0.914781910286265,-1.28710220305312,0.033,0.032,1,LMOD1
0.540579538782583,-1.28795190591446,0.025,0.03,1,GPSM3
0.439782293694853,-1.28829817079475,0.015,0.01,1,BRD7P3
0.424474467702066,-1.2886260364267,0.009,0.014,1,COLQ
0.856228035718462,-1.28965592806773,0.048,0.046,1,NEK2
0.53063324114777,-1.29022213801793,0.016,0.02,1,TMPO-AS1
0.492082318445869,-1.29067403077867,0.007,0.01,1,GRM3
0.206327457627361,-1.2911454113549,0.023,0.014,1,TIRAP
0.247525390505827,-1.29155415058596,0.053,0.039,1,UCKL1-AS1
0.366848169608951,-1.29168785576508,0.024,0.017,1,IL18R1
0.926595815041962,-1.29269441556828,0.023,0.022,1,CEACAM22P
0.045816201101807,-1.29305713310782,0.024,0.042,1,MEX3A
0.205166071463568,-1.294242322943,0.005,0.01,1,TNFSF4
0.945409286549502,-1.29496071777766,0.078,0.078,1,CTDP1
0.552007064994391,-1.29743060605254,0.025,0.02,1,GALNT6
0.695434621478778,-1.29958793424159,0.054,0.058,1,UBE2Q2L
0.300591369211309,-1.30002309945423,0.008,0.014,1,TCP10L
0.900843429470701,-1.30048666638652,0.016,0.017,1,TBXAS1
0.778501943955492,-1.30201203921076,0.017,0.015,1,SCN4B
0.629312035823104,-1.30277236394696,0.024,0.02,1,RAC2
0.530942888385507,-1.30306789087831,0.027,0.022,1,SUSD3
0.822565230516328,-1.30571290118519,0.011,0.01,1,LRMP
0.699062412762807,-1.30574179391109,0.071,0.074,1,ERICH2
0.820491469908806,-1.30575172485408,0.017,0.019,1,CACNA1E
0.583077269473003,-1.30579477518283,0.04,0.046,1,GAPLINC
0.482162061653744,-1.30596378206285,0.026,0.032,1,KBTBD11
0.459935321026421,-1.3070303092811,0.032,0.039,1,ROPN1B
0.917424000963449,-1.30778813579357,0.044,0.044,1,TFAMP1
0.666368985549626,-1.31051726350982,0.008,0.01,1,AGBL4
0.590299791901938,-1.31351331089499,0.047,0.041,1,SHF
0.409967868325546,-1.31459459672829,0.016,0.022,1,UNC13D
0.902230611806845,-1.31586902672872,0.048,0.046,1,RAI1
0.94293144151863,-1.31699822176227,0.04,0.039,1,PRTG
0.118169970970194,-1.31988226299928,0.007,0.015,1,LOC152225
0.912595504403729,-1.32028253803837,0.026,0.027,1,C2CD4A
0.0969991074744066,-1.32274256568237,0.031,0.047,1,ZNRD1-AS1
0.893274227823201,-1.32288696821563,0.019,0.02,1,WDR31
0.276943996315213,-1.32582642161277,0.015,0.008,1,TMEM86B
0.864929275987722,-1.32608764541852,0.052,0.052,1,GPR153
0.458918203868573,-1.32693032210862,0.018,0.024,1,CDS1
0.892035989119784,-1.32866355438762,0.019,0.02,1,KCNMA1-AS3
0.280083246235025,-1.3288967678482,0.046,0.034,1,SLX4
0.985138094682832,-1.32903810517552,0.074,0.073,1,CTSH
0.866783061899379,-1.33030038656639,0.022,0.02,1,MYPOP
0.0570165607528912,-1.33043755453003,0.021,0.037,1,PPP1R1C
0.786706124512109,-1.3314443513417,0.018,0.02,1,ZNF415
0.20721784961443,-1.33594566597684,0.141,0.112,1,ALPL
0.0940348358392235,-1.33676075263714,0.017,0.03,1,SNAI3-AS1
0.284429294922184,-1.33770411602344,0.027,0.019,1,HPN-AS1
0.276943996315213,-1.33787606075787,0.015,0.008,1,EHF
0.957222479174845,-1.33920777979061,0.032,0.032,1,PABPC5
0.964685124669436,-1.33933002014214,0.022,0.022,1,OR7E37P
0.896762915912611,-1.34160675321351,0.016,0.017,1,GS1-259H13.2
0.19765093654659,-1.34166362914816,0.007,0.014,1,ZNF813
0.555633035603159,-1.34183730369775,0.04,0.046,1,POM121L10P
0.660178762593347,-1.3420412284442,0.008,0.01,1,LINC01336
0.0612642469972043,-1.34463452607361,0.055,0.034,1,FRMD4A
0.0777790271658517,-1.34534015201227,0.03,0.015,1,PNPLA3
0.318668679586087,-1.34558301488596,0.007,0.012,1,PRCD
0.645452550505746,-1.34581673825715,0.038,0.042,1,FAM102B
0.319310710076176,-1.34586215472159,0.031,0.022,1,PTENP1-AS
0.341008841512443,-1.34592965146104,0.047,0.058,1,NAT6
0.985750459036691,-1.34692324061131,0.014,0.014,1,LINC00536
0.372757369899408,-1.34745102920343,0.04,0.049,1,KIAA0895L
0.430548269382341,-1.34761552745848,0.031,0.024,1,MMP25-AS1
0.529197696069725,-1.34813136541812,0.03,0.036,1,HOXA3
0.494862264155776,-1.35099434519009,0.031,0.037,1,IL4R
0.92426311424801,-1.35207484050195,0.019,0.019,1,THEMIS2
0.114028720247523,-1.35294714865625,0.005,0.012,1,RNASEH2B-AS1
0.795832512168856,-1.35480378780767,0.022,0.024,1,FAM170B
0.851717145035582,-1.35486637425677,0.024,0.025,1,S1PR1
0.456041874339566,-1.35504021846701,0.048,0.056,1,FAAP24
0.662427090905688,-1.35570720468212,0.008,0.01,1,ZNF418
0.0267454193899737,-1.35745978300759,0.014,0.03,1,CLUHP3
0.973493041672837,-1.35806459320965,0.073,0.073,1,DGKZ
0.101386515761009,-1.35817650229589,0.014,0.025,1,LOC100289561
0.204353491438503,-1.36057226841855,0.126,0.142,1,RUNX2
0.727597385871893,-1.36170125491087,0.01,0.008,1,CXorf58
0.00740753012108245,-1.36301872311392,0.047,0.081,1,RGS1
0.571649495508012,-1.36329843773776,0.01,0.014,1,MEOX1
0.641306157941038,-1.36400730210433,0.089,0.08,1,TAP1
0.231967714158115,-1.36445174544716,0.029,0.019,1,LOC100506679
0.377193320849026,-1.3691970824263,0.044,0.034,1,PLS1
0.43017798163688,-1.36928088515963,0.009,0.014,1,SALRNA1
0.545041523491586,-1.37140332541954,0.021,0.025,1,FLJ36777
0.704407023174766,-1.37193447060293,0.016,0.014,1,FBN2
0.804196339708587,-1.37312816309227,0.056,0.052,1,LOC101928402
0.938838904033272,-1.38107863177608,0.011,0.012,1,KIF6
0.983750782959283,-1.38159974151931,0.014,0.014,1,GPR135
0.5717963802406,-1.38218492595522,0.015,0.019,1,ZNF616
0.215499344847293,-1.38419650611839,0.018,0.01,1,C18orf61
0.338262480591679,-1.38440498124932,0.018,0.012,1,LRRK2
0.333928031569219,-1.38529011280261,0.006,0.01,1,PTPN20
0.25530734251215,-1.38565416960847,0.081,0.064,1,NRXN3
0.943276702769408,-1.38589849035476,0.015,0.015,1,MAP6D1
0.203591390711082,-1.38626835662366,0.005,0.01,1,KLHL7-AS1
0.54474329776451,-1.38758527654243,0.014,0.01,1,CIRBP-AS1
0.548558511983314,-1.38878192257086,0.061,0.052,1,GRAMD4
0.528121868080612,-1.38900513070094,0.038,0.044,1,MEPE
0.442403757414994,-1.38941218626933,0.145,0.127,1,COL4A2
0.336462802910901,-1.39013987145053,0.006,0.01,1,ABCG5
0.0623020806673458,-1.39088355813943,0.005,0.014,1,CAND1.11
0.90521102644703,-1.39096119581456,0.023,0.022,1,C3orf67
0.226366086845666,-1.39164169901367,0.062,0.046,1,DOCK6
0.950347161470838,-1.39197172507919,0.034,0.034,1,FAM159B
0.42658626208274,-1.39262782934085,0.015,0.02,1,RAD9B
0.325582223138373,-1.39269375626366,0.03,0.039,1,ITGAM
0.565595104297207,-1.39481959050496,0.489,0.474,1,COL1A1
0.036897537239561,-1.39514466975576,0.019,0.037,1,LRFN3
0.490912565462655,-1.39608495336292,0.018,0.014,1,HCG14
0.283068351772393,-1.39657366040413,0.013,0.007,1,KIAA2022
0.628792277449031,-1.39683822604469,0.03,0.034,1,SPDYE1
0.91773673288286,-1.39733960487861,0.047,0.047,1,TP53I11
0.0402009070390401,-1.39734246550929,0.029,0.049,1,CD53
0.929060165181318,-1.39834290537575,0.049,0.047,1,IFIT1
0.932437906005388,-1.39911861736141,0.023,0.022,1,USP27X
0.955591218563898,-1.39941299994107,0.018,0.019,1,TMEM71
0.00175999097841522,-1.39964720206069,0.007,0.027,1,TFEC
0.622831607261391,-1.4002890657717,0.053,0.058,1,CCBL1
0.74765253197271,-1.40134314517318,0.015,0.017,1,LOC101926940
0.336515332947552,-1.40231690842422,0.024,0.032,1,LOC284648
0.290207884617529,-1.40500015237825,0.016,0.024,1,TMPRSS12
0.473533845599824,-1.40523780104794,0.032,0.039,1,NPFF
0.0155227200086214,-1.40537730250278,0.011,0.029,1,TIGD2
0.862734556087674,-1.41203916831216,0.013,0.014,1,IMPA2
0.744109614755239,-1.41338319623146,0.015,0.017,1,CXCR3
0.164432024329783,-1.41419072915586,0.013,0.022,1,ABCG1
0.115746695196927,-1.41486601492289,0.01,0.02,1,LACE1
0.215277906022481,-1.41560247903031,0.016,0.008,1,RASGRP4
0.88084252444378,-1.41580343227261,0.08,0.076,1,FLI1
0.424068772289601,-1.41604016009257,0.009,0.014,1,FAM87B
0.270789403195409,-1.41665497148968,0.048,0.036,1,KIAA1919
0.738535993142894,-1.41882352216792,0.023,0.025,1,WNT10B
0.841520043347654,-1.42002687760471,0.009,0.01,1,ZNF530
0.712862551917076,-1.42031678400221,0.011,0.014,1,LOC100303749
0.0101085452764555,-1.42092062901068,0.023,0.047,1,NRG2
0.583496881950124,-1.4209397241252,0.011,0.008,1,HOXC4
0.331405609136996,-1.42141224791858,0.006,0.01,1,LINC01585
0.143739863061055,-1.42275129054948,0.016,0.027,1,DOCK10
0.625101652886408,-1.42341809559969,0.102,0.107,1,TRIM56
0.982977624540194,-1.42401484913217,0.017,0.017,1,SLC29A2
0.204112231209871,-1.42522289971954,0.006,0.012,1,PP14571
0.213884891381982,-1.4254821635711,0.015,0.024,1,CCNJL
0.63919626959279,-1.42579382169663,0.069,0.061,1,PTX3
0.0329722796732084,-1.4269417887674,0.005,0.015,1,C4orf51
0.77720226021396,-1.42703268517953,0.048,0.051,1,CR1
0.211820313847519,-1.42883127336708,0.014,0.007,1,NUTM2D
0.713751822330522,-1.42916448369604,0.016,0.014,1,KIF23
0.673264752061844,-1.42950479038997,0.013,0.01,1,POM121L9P
0.961526399740285,-1.43215289314056,0.041,0.041,1,ZNF304
0.415884356895241,-1.43250694495816,0.042,0.051,1,NMUR1
0.730071210186175,-1.43362390688098,0.053,0.047,1,SLIT3
0.622680560475117,-1.43816128180243,0.021,0.017,1,LOC100288637
0.949227785963035,-1.44023482467515,0.022,0.022,1,BDKRB2
0.562909549721272,-1.44297116957892,0.01,0.014,1,CHTF18
0.457548041880352,-1.4429830909228,0.037,0.044,1,LOC143666
0.430989405360061,-1.44442085920712,0.019,0.025,1,PBX4
0.226838904481956,-1.44537901253476,0.052,0.037,1,EDNRA
0.0426043952873918,-1.44591268924956,0.036,0.058,1,GPR88
0.728091847618019,-1.4474417035489,0.108,0.1,1,LOC100128288
0.865766856492561,-1.44889139330335,0.013,0.014,1,POU3F2
0.0689399071444465,-1.44895651226512,0.007,0.017,1,JAG2
0.669190284561663,-1.44936583371914,0.008,0.01,1,CASS4
0.562290242087827,-1.45196877478561,0.086,0.093,1,RASL11B
0.841520043347654,-1.45884110456158,0.009,0.01,1,SMAD5-AS1
0.705942974233017,-1.45891443218606,0.016,0.019,1,PLVAP
0.420247540043343,-1.46258690135643,0.017,0.012,1,LOC100190940
0.355293730201613,-1.46273602929078,0.026,0.019,1,ZNF214
0.317165758188512,-1.46349906214084,0.007,0.012,1,LOC101926944
0.501845702896347,-1.46500062808308,0.024,0.019,1,STAG3L5P-PVRIG2P-PILRB
0.868771012618307,-1.46521129193209,0.022,0.02,1,OPLAH
0.228397233840156,-1.46656556812364,0.032,0.044,1,SLC12A9
0.499976660343291,-1.46764512547627,0.05,0.058,1,MMP19
0.939569601527954,-1.46953116243893,0.057,0.058,1,RBL1
0.203277513120949,-1.46971339756181,0.005,0.01,1,EEF1DP3
0.209173582406644,-1.4721322100535,0.054,0.039,1,LINC01492
0.28209761574171,-1.4722233220065,0.013,0.007,1,CD86
0.725564381427992,-1.47525170702376,0.046,0.049,1,POLE
0.275477540344891,-1.47533782365245,0.017,0.025,1,DPF3
0.361772473085021,-1.476180309821,0.024,0.017,1,MAP3K10
0.301266472673269,-1.47806309811288,0.008,0.014,1,EBI3
0.34848416746844,-1.47884986227561,0.013,0.019,1,DHX58
0.200831364958502,-1.48003707676672,0.04,0.027,1,C4orf19
0.235326329234749,-1.48090789284277,0.039,0.027,1,PECAM1
0.647616004311002,-1.48780424873503,0.069,0.061,1,MATN4
0.370333576825804,-1.48792078289489,0.011,0.007,1,MCF2
0.117708953155369,-1.48939475370851,0.008,0.017,1,SLC9A7P1
0.657055777731981,-1.48952731073989,0.024,0.02,1,PCAT5
0.615630996786002,-1.48972171168718,0.009,0.012,1,SEPT7-AS1
0.492590882799389,-1.48991161875364,0.007,0.01,1,C17orf77
0.808336345848429,-1.49064258577492,0.022,0.024,1,CYSRT1
0.137671467328212,-1.49080729918295,0.049,0.066,1,HILS1
0.000401564347674714,-1.49245038052321,0.003,0.024,1,PPP1R3G
0.233897007794695,-1.4941851994804,0.036,0.047,1,C4orf29
0.0707005697137297,-1.49482648947859,0.008,0.019,1,IL20
0.0919057575516574,-1.49618753507264,0.025,0.041,1,TTC30A
0.731530008565562,-1.49686812080047,0.01,0.008,1,MAPK8IP2
0.895826905476181,-1.49718599951482,0.029,0.027,1,LOC100128233
0.0703058227861449,-1.49737630528873,0.011,0.024,1,ANKS1B
0.49106603534098,-1.4974521106297,0.007,0.01,1,LOC102723517
0.844791164002789,-1.49790270827061,0.015,0.014,1,RPA4
0.328283571148765,-1.49919637854743,0.014,0.02,1,PDCL3P4
0.972650694524415,-1.49945375169939,0.024,0.024,1,PYCARD-AS1
0.367296041982282,-1.50097613150432,0.017,0.024,1,TMCO6
0.702191668451727,-1.50102900411992,0.016,0.019,1,ENPP7P13
0.978820445957476,-1.50218864389622,0.027,0.027,1,CAP2
0.106574677707189,-1.50675384116328,0.003,0.01,1,FAM92B
0.240142891739532,-1.50774712453042,0.013,0.02,1,LOC102723701
0.202650815293714,-1.50999679008364,0.005,0.01,1,CLDN5
0.163737623923146,-1.51010211866559,0.013,0.022,1,TMEM169
0.0220532900950356,-1.51029908687202,0.002,0.012,1,PPP2R2B
0.0105941276785469,-1.5111798457924,0.017,0.039,1,PHF24
0.717770017018725,-1.51415578323612,0.016,0.014,1,LRGUK
0.727597385871893,-1.51437531624161,0.01,0.008,1,CPA4
0.080039500949086,-1.51638032794781,0.032,0.017,1,BCL2L15
0.175756672401373,-1.51689394209698,0.208,0.227,1,SERPINF1
0.75308381128141,-1.51713917367983,0.048,0.051,1,DLX4
0.110661549533794,-1.52790095747727,0.011,0.022,1,NIPAL2
0.89981757883801,-1.52827674454863,0.153,0.149,1,F3
0.244456896424781,-1.52892002343176,0.031,0.042,1,ITGB2
0.132617222044392,-1.52961581738376,0.017,0.029,1,POPDC2
0.457487688801613,-1.53082016307966,0.008,0.012,1,PGCP1
0.316416043408452,-1.53142021152905,0.007,0.012,1,SH3GL1P2
0.113836035024238,-1.53158806958224,0.005,0.012,1,HLA-DOB
0.457487688801613,-1.53385635579837,0.008,0.012,1,SPATA42
0.537514939542274,-1.53424872287356,0.016,0.02,1,IQGAP3
0.724268161596712,-1.53741452213702,0.038,0.034,1,ROR1-AS1
0.733942343899585,-1.53825512077042,0.049,0.052,1,ZNF85
0.599322819317345,-1.53830433113594,0.038,0.032,1,LOC100049716
0.0832924776704874,-1.5395364967773,0.092,0.064,1,ZNF43
0.715817959222205,-1.54177165013856,0.011,0.014,1,NTNG1
0.818756531936887,-1.5427727491185,0.011,0.01,1,L3MBTL4-AS1
0.0231764118827277,-1.54283789456322,0.107,0.069,1,RPS26P11
0.0280822599292014,-1.54287325568877,0.003,0.014,1,LOC653786
0.577559838166514,-1.54428957618346,0.011,0.008,1,LOC284412
0.685072600544445,-1.54791336535506,0.036,0.039,1,MAST3
0.783544708786548,-1.55342599419385,0.085,0.088,1,RNASE1
0.453875362580445,-1.55344557162617,0.008,0.012,1,PROZ
0.342470499328959,-1.55795180296473,0.05,0.039,1,INAFM2
0.566581661610042,-1.56166036528244,0.01,0.014,1,DPYSL4
0.287625198282084,-1.56293789906626,0.009,0.015,1,LOC101928880
0.373211487092061,-1.57003736518831,0.037,0.046,1,DPY19L2
0.833429359526127,-1.57074860901685,0.07,0.071,1,CCDC170
0.233036377717198,-1.57235181573603,0.078,0.095,1,CHST2
0.045423553677064,-1.57451281265259,0.002,0.01,1,NFIA-AS1
0.276836039818389,-1.57713284857965,0.017,0.025,1,CALCRL
0.30228101977413,-1.57777541600574,0.008,0.014,1,LOC101929128
0.585482197489067,-1.58108264294136,0.011,0.008,1,ABCC3
0.873682528394733,-1.58385011678159,0.025,0.024,1,LOC100506804
0.0622120216295894,-1.58463789973515,0.045,0.066,1,FCGR2A
0.203591390711082,-1.58792889097345,0.005,0.01,1,DPYS
0.489543727299913,-1.58859339452065,0.007,0.01,1,ZNF572
0.176061714839148,-1.58860098764904,0.01,0.019,1,LOC101928551
0.346642822051133,-1.58947768015408,0.013,0.019,1,FBXW4P1
0.449881540937589,-1.59113152862505,0.032,0.039,1,COX6A2
0.124583796209034,-1.59133245958337,0.019,0.032,1,C1QA
0.71549471421678,-1.59259588822952,0.027,0.03,1,LINC00265
0.277377147125984,-1.59287503137949,0.03,0.02,1,TCERG1L-AS1
0.269211402299373,-1.59578051149221,0.023,0.032,1,LAX1
0.11325951743568,-1.59666195220497,0.005,0.012,1,LRRC43
0.790963543877832,-1.60054310584289,0.076,0.078,1,ANPEP
0.495320908608564,-1.60096507275717,0.022,0.027,1,FDXACB1
0.667539444795831,-1.60220800410202,0.018,0.015,1,CTNNA3
0.884424834613479,-1.60379716470022,0.025,0.024,1,TRPV2
0.94280085040759,-1.60471331612737,0.015,0.015,1,LOC101929095
0.152464536171659,-1.60514458867755,0.029,0.017,1,TK1
0.288998527093856,-1.60526086967648,0.016,0.024,1,C2orf88
0.497985665775357,-1.60638668417293,0.04,0.047,1,ATXN7L1
0.491295650953755,-1.60872884817113,0.013,0.017,1,PTPRN2
0.0714235403364834,-1.61151222403572,0.008,0.019,1,LPL
0.850612538720352,-1.61353230826492,0.024,0.025,1,STAB1
0.464251975083454,-1.61434286379175,0.013,0.008,1,LINC00954
0.977841567355649,-1.61789121487435,0.048,0.047,1,RCSD1
0.283787080785871,-1.62189144794163,0.027,0.019,1,ECSCR
0.112239538028669,-1.62252714170925,0.011,0.022,1,ZNF48
0.457736464206682,-1.62326867276469,0.061,0.069,1,MIPEP
0.29958060567943,-1.6268355730544,0.008,0.014,1,A1CF
0.968208237654798,-1.62762642575909,0.025,0.025,1,ADAM8
0.456131178402784,-1.63091609114249,0.008,0.012,1,LINC00539
0.53923913820215,-1.63372338420068,0.029,0.034,1,PPP1R42
0.904894383592088,-1.63372806286602,0.013,0.012,1,LOC344967
0.916605516506875,-1.63411245047044,0.016,0.015,1,ZNF607
0.338792753099503,-1.63631320324748,0.034,0.025,1,OIP5
0.490552105413131,-1.63704218770573,0.018,0.014,1,GLYATL1
0.280358290173231,-1.63806507714657,0.01,0.005,1,LKAAEAR1
0.0218917517746834,-1.64003808235559,0.002,0.012,1,LVCAT5
0.78323092806898,-1.64021140741962,0.021,0.019,1,CCDC13
0.315494825101617,-1.64401332565417,0.021,0.029,1,PIK3R5
0.19765093654659,-1.64545590465445,0.007,0.014,1,FRAT1
0.191450855126311,-1.64623101452413,0.008,0.015,1,CD70
0.64451756170847,-1.64644358019418,0.034,0.039,1,BMF
0.508012340311927,-1.64665121789298,0.087,0.096,1,LAPTM5
0.0453214427153003,-1.64865385035706,0.046,0.069,1,IL1RN
0.455679511455471,-1.64973505023493,0.008,0.012,1,LPP-AS2
0.200968391089863,-1.65164673855321,0.006,0.012,1,PTPRO
0.0639580891391674,-1.65239211358533,0.015,0.029,1,ADGRD1
0.80620655690373,-1.65335790191135,0.014,0.015,1,LOC101928100
0.0549561103598518,-1.65499204899162,0.003,0.012,1,TFAP4
0.206988964390729,-1.65523946999129,0.034,0.047,1,MEIS1
0.3478052015511,-1.65957276884494,0.034,0.025,1,NDC80
0.499988978518089,-1.66135373078801,0.026,0.032,1,CALCA
0.0617378468796029,-1.66190467088129,0.005,0.014,1,PPEF1
0.843859119440213,-1.66280292663865,0.009,0.01,1,CDC20B
0.281126679105396,-1.66455589848656,0.05,0.063,1,MKL2
0.747897909659085,-1.6655744632675,0.023,0.025,1,ITGAL
0.713354821950328,-1.66900304635858,0.011,0.014,1,CEMP1
0.126404100434073,-1.67361734499798,0.031,0.046,1,FNDC5
0.128918668329438,-1.67651023719147,0.037,0.052,1,IGDCC4
0.453292111415741,-1.67796790373092,0.014,0.019,1,FDXR
0.849326792194772,-1.67821463282033,0.021,0.022,1,PCNXL2
0.489122577496829,-1.6787390138308,0.069,0.078,1,PRSS35
0.0551799453924332,-1.68112440327361,0.003,0.012,1,ADAM20P1
0.29958060567943,-1.68215239546164,0.008,0.014,1,DLGAP2
0.0218381349397694,-1.68295972058485,0.002,0.012,1,SLC26A7
0.83681316449334,-1.68320575334335,0.036,0.037,1,ZDHHC1
0.818417358284157,-1.68474876627538,0.088,0.09,1,IFIT3
0.640799890647491,-1.68512115944324,0.017,0.02,1,RORB
0.597744080964393,-1.69062837809348,0.017,0.014,1,PPP1R37
0.353341645953451,-1.69465324485268,0.139,0.151,1,SMYD4
0.937114215906055,-1.70427496158259,0.023,0.022,1,C5orf38
0.632906854178187,-1.70523206382653,0.022,0.025,1,LINC01273
0.69331479675332,-1.70540706972087,0.036,0.039,1,ATG16L2
0.963757428471994,-1.7078054987282,0.021,0.02,1,DAPP1
0.256289930923591,-1.70784804720637,0.024,0.015,1,TINAGL1
0.872340858195921,-1.70830749798979,0.016,0.017,1,OOEP
0.523796549560886,-1.71038866607264,0.016,0.02,1,RGPD4
0.144986279026345,-1.71237872160401,0.241,0.261,1,HSPA7
0.731090598619684,-1.71403287699691,0.133,0.122,1,SBF2
0.11708306126366,-1.71509911445007,0.006,0.014,1,SNORA72
0.973127029453519,-1.71637378082561,0.027,0.027,1,CDCA5
0.847300486755601,-1.71997771194669,0.024,0.025,1,ZNF891
0.66580529009081,-1.72758736073855,0.008,0.01,1,LOC101927143
0.986344457341503,-1.72794849081802,0.065,0.064,1,PDLIM1
0.0621888939151558,-1.72839904845172,0.005,0.014,1,C6orf10
0.732654917050318,-1.73358429335735,0.01,0.008,1,LOC440896
0.843859119440213,-1.73360388367779,0.009,0.01,1,DACH1
0.165562356859652,-1.73658495087125,0.021,0.032,1,ALKBH3-AS1
0.0689399071444465,-1.74089096223547,0.007,0.017,1,CCDC81
0.0701567762074053,-1.7421020029827,0.013,0.025,1,PICK1
0.263894454924171,-1.74366790068439,0.017,0.025,1,PCBP2-OT1
0.463691167185998,-1.7461272162126,0.08,0.09,1,SLIT2
0.336039483645256,-1.74749801171362,0.006,0.01,1,BMP8B
0.0409654121607899,-1.74883265077405,0.008,0.02,1,CTBP1-AS
0.00599410226583928,-1.75458102980462,0.025,0.052,1,PLEKHH3
0.106227574756883,-1.75738288124216,0.274,0.301,1,CD74
0.579718915486989,-1.75784169370582,0.029,0.024,1,KSR2
0.843274220457235,-1.75840882465178,0.009,0.01,1,EPGN
0.394022928560517,-1.76133210960621,0.077,0.064,1,TSC22D1-AS1
0.415359489191461,-1.76270086360812,0.021,0.027,1,TNN
0.629472843807248,-1.76592226113255,0.022,0.025,1,PDE1A
0.123046746636018,-1.76869611133447,0.048,0.066,1,HVCN1
0.0267238001421905,-1.77022452705475,0.038,0.063,1,IGF1
0.708796901261947,-1.77356743490842,0.05,0.054,1,XAF1
0.0677194442971946,-1.77410446081707,0.013,0.025,1,WDR93
0.205700456188105,-1.77917178092216,0.027,0.039,1,CCDC36
0.309557380936875,-1.77979574136648,0.015,0.022,1,GCNT4
0.675045218791162,-1.77979667694883,0.121,0.112,1,E2F2
0.938298730855662,-1.78434385215378,0.011,0.012,1,LMTK3
0.28467787241264,-1.78529347212291,0.081,0.096,1,FCER1G
0.484388601330975,-1.78707502192526,0.013,0.017,1,VWCE
0.0190153008843245,-1.78867140860389,0.029,0.052,1,TRANK1
0.0195211014379424,-1.78954586446346,0.034,0.059,1,AMDHD2
0.114608316867866,-1.7917155234832,0.005,0.012,1,ADAM11
0.315293653627838,-1.79489284118575,0.007,0.012,1,INHA
0.782261689896712,-1.79618515497458,0.01,0.012,1,PRR22
0.017941888641422,-1.79703200494927,0.504,0.526,1,CXCL8
0.475269996642887,-1.79756705594584,0.018,0.024,1,C1QB
0.978676724877195,-1.79935375797297,0.01,0.01,1,LINC01226
0.0174213619262005,-1.80106926435763,0.078,0.112,1,GMFG
0.252613815661389,-1.80295580939136,0.011,0.019,1,LOC100288748
0.281493608026061,-1.80464435345684,0.032,0.042,1,LOC100128531
0.961548959263175,-1.80477368342508,0.275,0.262,1,IFI27
0.769948747815727,-1.80558739025518,0.014,0.012,1,GNAO1
0.842104682097102,-1.80885076934377,0.009,0.01,1,HIST1H2AM
0.527976367549334,-1.80990988095911,0.055,0.063,1,HES7
0.122647506372201,-1.81373517941559,0.018,0.03,1,SLC22A11
0.660509475603394,-1.81456070956786,0.029,0.032,1,IL23A
0.762098979445579,-1.81573878596672,0.014,0.012,1,HOXD3
0.455408884437993,-1.81602791663111,0.014,0.019,1,CPNE5
0.462830758042136,-1.81823177999995,0.032,0.039,1,MKLN1-AS
0.110269802654058,-1.81967990477189,0.011,0.022,1,ADCK5
0.821776530816142,-1.8249170662267,0.017,0.019,1,LOC100507373
0.330876440482582,-1.82551914198995,0.08,0.091,1,LGALS3BP
0.755250421367041,-1.82836573675639,0.014,0.012,1,LINC00987
0.428856365750383,-1.83025865120801,0.061,0.071,1,ANKRD44
0.720259053486248,-1.83136307782222,0.011,0.014,1,GTSF1
0.316416043408452,-1.83257637252293,0.007,0.012,1,LOC654841
0.114028720247523,-1.83367582029382,0.005,0.012,1,FFAR4
0.407780781528738,-1.83426029429341,0.064,0.052,1,CHKB
0.525836742113591,-1.83434157943539,0.011,0.015,1,APOA1
0.538682353941861,-1.8362514470675,0.029,0.034,1,GPC4
0.987006548652012,-1.83711796229633,0.027,0.027,1,PCDHB19P
0.00541807024843003,-1.83759404679243,0.006,0.022,1,LINC01247
0.20988451940886,-1.83879037506979,0.038,0.025,1,FRMD3
0.546584725246208,-1.84366728893907,0.037,0.03,1,GINS4
0.034197309056944,-1.8456200366145,0.041,0.066,1,LCP1
0.166584051740369,-1.84697805324103,0.019,0.03,1,CDH17
0.323546457879833,-1.8480017512821,0.034,0.044,1,IQCD
0.663552398597698,-1.84882542150008,0.008,0.01,1,CD200
0.203591390711082,-1.85387354017398,0.005,0.01,1,SAMD3
0.193590023849801,-1.85516893861949,0.017,0.027,1,KLLN
0.881911722970558,-1.85557083691193,0.022,0.02,1,AK7
0.270016198605318,-1.85761528887027,0.071,0.085,1,IFITM5
0.115328628445188,-1.8596169047269,0.009,0.019,1,IHH
0.257234430514563,-1.86264826599748,0.048,0.061,1,GUCY1A3
0.0300026710123555,-1.86468155374858,0.082,0.113,1,GPNMB
0.114996000787515,-1.86520985545345,0.005,0.012,1,PDZRN3-AS1
0.830538554507714,-1.86585499274477,0.054,0.056,1,QPRT
0.14870478552519,-1.86595090411797,0.013,0.005,1,NHLH1
0.973261393467612,-1.87023116448202,0.164,0.156,1,COL14A1
0.202393001817574,-1.87177225566856,0.006,0.012,1,SLC13A5
0.649334854690581,-1.8719593017151,0.017,0.02,1,IGF2BP3
0.0620758773426732,-1.87312893700929,0.005,0.014,1,FRAS1
0.838014056629683,-1.87358377872295,0.009,0.01,1,ANKRD29
0.865988116756373,-1.87766046975163,0.022,0.02,1,NRARP
0.461116099998979,-1.87865891057893,0.008,0.012,1,NCAPG
0.228299235712986,-1.87962294518276,0.026,0.037,1,FAM90A1
0.816038643461106,-1.88088058357445,0.011,0.01,1,KANK4
0.0457544578752454,-1.88237747897745,0.033,0.054,1,SFRP4
0.581601861988897,-1.88854040292614,0.017,0.014,1,SV2B
0.119641673451613,-1.89106359023853,0.006,0.014,1,STAT4
0.199477814048517,-1.89139012069692,0.007,0.014,1,PDGFB
0.532054604913428,-1.8924733345061,0.022,0.017,1,ANO2
0.73316339464218,-1.89507931115214,0.019,0.022,1,MSLN
0.82147660004488,-1.89571653807995,0.011,0.01,1,KCNIP3
0.949464564098457,-1.89666409796731,0.015,0.015,1,SLN
0.593300728584298,-1.89807626854451,0.023,0.019,1,NLRP12
0.253711444336711,-1.89963809030769,0.024,0.034,1,DISC1
0.0753460893848252,-1.89972779096773,0.039,0.022,1,ALOX5AP
0.768336895263271,-1.90332198574273,0.03,0.032,1,ARL11
0.423258062074764,-1.90405331984037,0.009,0.014,1,FAM13C
0.791272166373975,-1.90730092461157,0.017,0.015,1,ACKR1
0.982251092208899,-1.91253565326631,0.014,0.014,1,OGFR-AS1
0.368738637642701,-1.91698887510185,0.011,0.007,1,CHP2
0.542444756513677,-1.91859476414566,0.057,0.064,1,HLA-DRB1
0.262617371496936,-1.9194566339155,0.022,0.014,1,SLC2A4
0.0220056510827844,-1.92072678938958,0.007,0.02,1,TMEM74
0.209533942086909,-1.92239375438686,0.015,0.024,1,LINC00839
0.662718864793622,-1.92274169094342,0.013,0.015,1,SYNDIG1
0.844444104539754,-1.92342148643242,0.009,0.01,1,NLRC5
0.674256421036335,-1.92828359587924,0.013,0.01,1,TMEM108
0.733644687504689,-1.93087314841233,0.044,0.039,1,APOBEC3F
0.0141708083468997,-1.93611115090489,0.001,0.01,1,KCNJ6
0.0410809025439895,-1.93986974679569,0.014,0.029,1,RSPH1
0.176991298462296,-1.94533240070183,0.018,0.029,1,GNG8
0.333928031569219,-1.94763883817943,0.006,0.01,1,LOC100505625
0.809940671690383,-1.94934081315977,0.064,0.066,1,CECR1
0.035924369490289,-1.95292344536922,0.006,0.017,1,TRDN
0.672769130373303,-1.95716044633663,0.013,0.01,1,ALDH8A1
0.254139257864232,-1.96522790188407,0.011,0.019,1,PARP10
0.548384415330569,-1.96835581048566,0.024,0.029,1,SERPINI2
0.945979877106712,-1.97443148404061,0.044,0.044,1,FMNL1
0.0686201725229249,-1.9750802456826,0.007,0.017,1,PPL
0.664115337369279,-1.97587079118315,0.008,0.01,1,TMEM27
0.730405676902624,-1.97908364843241,0.01,0.008,1,FLJ33360
0.666786259852201,-1.98667825238465,0.021,0.024,1,SIRT4
0.702188569359171,-1.98886533370648,0.016,0.014,1,ADM5
0.905940365357464,-1.9903191231165,0.013,0.012,1,AMZ1
0.0217846324111504,-1.99051023143009,0.002,0.012,1,TDRD12
0.0452111658802009,-1.99289015861372,0.002,0.01,1,ATP6V0E2-AS1
0.414832272227859,-1.99633923814912,0.147,0.159,1,CXCL3
0.11325951743568,-1.99779687464008,0.005,0.012,1,HOPX
0.00493744497007118,-2.00162256447118,0.002,0.015,1,PPP4R1-AS1
0.167313129371662,-2.00271390369268,0.011,0.02,1,PTPRZ1
0.00305434998342642,-2.00281209499178,0.038,0.073,1,DTWD2
0.696179871595946,-2.00355465484322,0.082,0.074,1,FLJ31104
0.799582388073729,-2.00581998383735,0.014,0.015,1,DLG5-AS1
0.594904536193936,-2.00601566309829,0.017,0.014,1,C10orf126
0.765530295308129,-2.01093579553341,0.014,0.012,1,TFAP2E
0.0899442086635872,-2.01275830871862,0.019,0.008,1,EML2-AS1
0.203905620953954,-2.01527956692574,0.005,0.01,1,PRRT4
0.259114204315444,-2.02155284113659,0.045,0.058,1,LRRC37A8P
0.664678465725289,-2.02520732399389,0.008,0.01,1,SGPP2
0.269995206134805,-2.02995004760785,0.023,0.032,1,HFM1
0.679720680886313,-2.03241781962179,0.013,0.01,1,SYT2
0.56872355958659,-2.03326096229142,0.019,0.024,1,SLCO4A1
0.668958378494283,-2.03520266587014,0.021,0.024,1,ZKSCAN7
0.682210029336415,-2.03676677185823,0.013,0.01,1,TCAM1P
0.113451433823394,-2.0375654098434,0.005,0.012,1,KLRAP1
0.30911372351426,-2.03943227748415,0.025,0.017,1,AICDA
0.139979425996807,-2.04361494969052,0.016,0.027,1,FOLR2
0.317165758188512,-2.04372165793038,0.007,0.012,1,LOC101927284
0.0197360905421016,-2.05176907676985,0.006,0.019,1,SH3BP1
0.142188230208504,-2.0624400521962,0.05,0.034,1,ESAM
0.20555401408283,-2.0634984590582,0.079,0.096,1,XKR9
0.983819479556865,-2.07068552918724,0.021,0.02,1,LOC730202
0.0215188274596107,-2.0723176230918,0.002,0.012,1,SIGLEC11
0.294244557531224,-2.07620147655198,0.125,0.14,1,RGS5
0.985750459036691,-2.08436886144982,0.014,0.014,1,BLNK
0.11157989971612,-2.08538769198977,0.011,0.022,1,IL7R
0.453875362580445,-2.09278143020172,0.008,0.012,1,CYP2B6
0.462148576955517,-2.09507049374172,0.014,0.019,1,PRMT5-AS1
0.315293653627838,-2.10096821985888,0.007,0.012,1,PRKCB
0.0159175209667578,-2.10728642989968,0.017,0.037,1,ACACB
0.203824957427839,-2.10926728138124,0.006,0.012,1,ZNF732
0.0707749335664726,-2.11449926238825,0.007,0.017,1,PARVG
0.483624414034028,-2.11624290994925,0.013,0.017,1,PSMB8-AS1
0.427728188792548,-2.1222394113698,0.009,0.014,1,LINC01599
0.657933498266592,-2.12470739258665,0.008,0.01,1,VAV3-AS1
0.106776768703591,-2.13064064795968,0.003,0.01,1,LOC105447648
0.941173869298956,-2.13232093067119,0.049,0.047,1,SMPD3
0.423663303723319,-2.13418706013119,0.009,0.014,1,LOC101928940
0.00735288794958216,-2.14723785008428,0.04,0.071,1,BST2
0.113994893987795,-2.14765926794326,0.034,0.051,1,FAM189A2
0.614860925447479,-2.15619411280023,0.014,0.017,1,GPR84
0.161496083793227,-2.16237898745053,0.013,0.022,1,SLC25A35
0.419214007562756,-2.16506594118873,0.017,0.012,1,BMP5
0.497506840155883,-2.16732679163154,0.03,0.024,1,CAGE1
0.257216491956616,-2.17961217842863,0.018,0.027,1,SYK
0.118680963890108,-2.18078705126764,0.007,0.015,1,BGLAP
0.203591390711082,-2.1840475941312,0.005,0.01,1,LOC388780
0.332665276476444,-2.19091407868009,0.006,0.01,1,MSH4
0.612585570738719,-2.19152175011296,0.009,0.012,1,DUSP15
0.892910116873714,-2.20243897743261,0.044,0.044,1,DOCK4
0.675027008606182,-2.20397372012786,0.027,0.024,1,MBLAC2
0.116281667605733,-2.20601992825426,0.008,0.017,1,PODN
0.711386460000053,-2.21223351722054,0.011,0.014,1,WASIR2
0.671353738265067,-2.21460454995892,0.027,0.024,1,MTBP
0.937671257384904,-2.21478270237242,0.036,0.036,1,CHN1
0.0694755175674015,-2.22587246287967,0.007,0.017,1,LYPLAL1-AS1
0.491574035901558,-2.22616122364503,0.007,0.01,1,KLKB1
0.484765441250263,-2.23355749926872,0.01,0.007,1,LY9
0.20171340965601,-2.23500291108176,0.005,0.01,1,C1orf87
0.148945782009871,-2.24037599683572,0.014,0.024,1,E2F5
0.201537354926378,-2.2463303814082,0.006,0.012,1,RNU12
0.00486042862791244,-2.25164810805676,0.002,0.015,1,AREG
0.824942957186053,-2.25178063733879,0.024,0.022,1,CUEDC1
0.00672760546062666,-2.25566948730159,0.007,0.024,1,PIK3CG
0.109472804116185,-2.26277885070863,0.088,0.064,1,MCAM
0.108299327339523,-2.27035814076934,0.093,0.068,1,ATP8B1
0.224783527290504,-2.27057359810116,0.014,0.022,1,ROPN1
0.585399156604338,-2.27488493306032,0.12,0.107,1,ISG15
0.11708306126366,-2.27584459080275,0.006,0.014,1,ZNF492
0.365552321899624,-2.28819698006348,0.04,0.049,1,TYROBP
0.113079211057361,-2.2935688679112,0.01,0.02,1,ZGLP1
0.000555040622202241,-2.29844120623512,0.013,0.041,1,ST3GAL6-AS1
0.314920105666413,-2.29939104108163,0.007,0.012,1,LOC100129617
0.0104142980768015,-2.30071716884295,0.002,0.014,1,STOX1
0.915677192111395,-2.30312051874537,0.016,0.015,1,TBX2
0.546443108878074,-2.30582601882437,0.054,0.046,1,HAVCR2
0.851742251675277,-2.30832575606149,0.134,0.13,1,ITGAX
0.203104239581102,-2.30843096462376,0.023,0.014,1,BISPR
0.0698868171939032,-2.31100282641603,0.009,0.02,1,SNCAIP
0.919624210642163,-2.31154795285274,0.019,0.019,1,SAP25
0.333085851781632,-2.31476286489383,0.006,0.01,1,SLA2
0.525683015003337,-2.32650085994667,0.021,0.025,1,GPD1
0.841520043347654,-2.32823007605972,0.009,0.01,1,QRFPR
0.0955238145940115,-2.33082985297862,0.024,0.039,1,LINC00501
0.278564865817207,-2.33179494981661,0.01,0.005,1,FAM167B
0.53586646250419,-2.33404087968075,0.025,0.03,1,PLA2G7
0.48083595448278,-2.33854630171761,0.05,0.058,1,CAPN6
0.24883896236502,-2.34424483184289,0.024,0.015,1,LOC100134368
0.333506770152258,-2.34561367833314,0.006,0.01,1,ANKRD20A19P
0.841520043347654,-2.34636682306227,0.009,0.01,1,LINC00900
0.859886686770012,-2.34692902187422,0.018,0.017,1,ASB11
0.66749694164024,-2.34963515834417,0.008,0.01,1,APOC1P1
0.0453172548989518,-2.36505104808094,0.002,0.01,1,SCNN1B
0.491574035901558,-2.36802208421467,0.007,0.01,1,CES3
0.112685302660544,-2.37337924646937,0.005,0.012,1,WEE2
0.446574293291354,-2.37345069655167,0.061,0.051,1,DNASE1
0.564959792915977,-2.37991153225299,0.019,0.024,1,GGN
0.595309808116302,-2.38130568610524,0.017,0.014,1,GAS2
0.0850599260398069,-2.38577479488017,0.056,0.036,1,LINC00243
0.205166071463568,-2.39410701253357,0.005,0.01,1,SAXO1
0.353880957304823,-2.39472717620308,0.286,0.257,1,LOC648987
0.873356162299013,-2.39667933979345,0.013,0.014,1,GCGR
0.081578871879435,-2.4015372157155,0.019,0.034,1,FERMT3
0.0616255092023505,-2.40449314745445,0.005,0.014,1,PHEX
0.66180982960539,-2.41715480497028,0.013,0.015,1,TMCC1-AS1
0.107821859309621,-2.4172174032569,0.013,0.024,1,NEFM
0.0141708083468997,-2.42190480477719,0.001,0.01,1,ASB4
0.201537354926378,-2.42321601808496,0.006,0.012,1,LOC101927822
0.614615115531157,-2.42766150711237,0.009,0.012,1,AFAP1L1
0.0682865878853404,-2.44115363536898,0.011,0.024,1,GUCY1A2
0.00693327484600979,-2.44709204495459,0.003,0.017,1,LOC100507053
0.0751195342042586,-2.44949756962041,0.021,0.036,1,SLC8A3
0.113357697128891,-2.45167518816007,0.01,0.02,1,HOXA-AS3
0.235749783967357,-2.4582190886047,0.021,0.03,1,ZNF366
0.0651525504976768,-2.4670611391155,0.014,0.027,1,ZBTB20-AS4
0.607524718887533,-2.47085631102434,0.009,0.012,1,LINC01213
0.660742206335709,-2.47631645121669,0.055,0.059,1,CCRL2
0.523485415517674,-2.47954760488655,0.039,0.046,1,IFIT2
0.195578102692828,-2.48796767572714,0.007,0.014,1,CTD-2270F17.1
0.184892121542293,-2.5226908944907,0.009,0.017,1,C3
0.609825892178066,-2.5353669552999,0.014,0.017,1,PPP1R14A
0.0377709381442672,-2.54224477659407,0.027,0.047,1,C10orf128
0.986750331432954,-2.55428124884131,0.014,0.014,1,CXorf36
0.299441954315848,-2.55461596038564,0.015,0.022,1,LOC389705
0.819636738434511,-2.55907297960869,0.212,0.21,1,CCL4
0.0556831990377202,-2.55915755610608,0.229,0.181,1,DNAJC18
0.680954188300068,-2.56271987495691,0.021,0.024,1,TSPAN7
0.154136988255273,-2.56330988416953,0.021,0.032,1,LDB2
0.0677735012144432,-2.5668245105031,0.007,0.017,1,CYLC2
0.233420485207643,-2.57185732484797,0.013,0.02,1,AGAP7P
0.216550247446966,-2.58135168277875,0.032,0.044,1,TMEM170B
0.113685568892795,-2.58296124608961,0.019,0.032,1,IFIH1
0.568882550407071,-2.58642297360361,0.01,0.014,1,LOC399715
0.0612895110511259,-2.59428003399616,0.005,0.014,1,LOC100507065
0.937745918060191,-2.59455230236742,0.022,0.022,1,ARHGAP28
0.00487318873057729,-2.6003464285001,0.002,0.015,1,C16orf54
0.108496036068188,-2.607121289086,0.027,0.042,1,IFI44
0.440362890063229,-2.61296111051712,0.019,0.025,1,CD163
0.767113443867877,-2.61475810334113,0.064,0.068,1,EREG
0.42595016153033,-2.62018223120438,0.05,0.059,1,PLAU
0.365014315455815,-2.63509443210762,0.011,0.017,1,OLFML1
0.073614644987044,-2.63534902947669,0.022,0.037,1,CARD16
0.0680188646681961,-2.6408926194129,0.032,0.051,1,KYNU
0.844444104539754,-2.64455220714263,0.009,0.01,1,CMPK2
0.319045137398829,-2.64864076556052,0.007,0.012,1,POLQ
0.848623887941408,-2.65300568181061,0.015,0.014,1,SRRM4
0.844444104539754,-2.66899026414849,0.009,0.01,1,CASP10
0.735376371403005,-2.69582200848111,0.041,0.037,1,EMCN
0.594795825123971,-2.69999822936616,0.023,0.027,1,CDH2
0.0655075976989503,-2.70934045584491,0.006,0.015,1,KCCAT333
0.990890959386279,-2.72283837121703,0.048,0.047,1,IGLL5
0.583496881950124,-2.73288870464106,0.011,0.008,1,CYP24A1
0.0922054248014169,-2.73304899577837,0.084,0.107,1,SPARCL1
0.284366183494632,-2.74479920103533,0.013,0.007,1,MGAM
0.251002062429646,-2.74628959630199,0.018,0.027,1,RHBG
0.28060413894639,-2.74933987468092,0.009,0.015,1,ARMC4
0.113451433823394,-2.75573737050842,0.005,0.012,1,LMO3
0.0883453865860773,-2.75594901192414,0.025,0.041,1,TNFRSF4
0.179034032201881,-2.76830462317331,0.041,0.056,1,CD36
0.0193704257624354,-2.78467152682943,0.006,0.019,1,PRDM8
0.451180902766365,-2.79156898639774,0.014,0.019,1,LOC101060542
0.440025759413858,-2.81942257558625,0.029,0.036,1,LOC100288254
0.0215717614140091,-2.82720073932094,0.002,0.012,1,CDRT4
0.110323912552598,-2.83577201972213,0.01,0.02,1,NOSTRIN
0.490603042444403,-2.84745662676827,0.036,0.042,1,PLAC8
0.0142541085856606,-2.8684077292868,0.001,0.01,1,OAS3
0.428876003819562,-2.8686268385239,0.015,0.02,1,JAKMIP2
0.459304048679385,-2.87045942285082,0.014,0.019,1,MYO1G
0.264241884407833,-2.87387646442661,0.01,0.017,1,CYBB
0.455228096288033,-2.87461486976059,0.008,0.012,1,DIO3OS
0.845029175441648,-2.8799670852776,0.009,0.01,1,CD209
0.195836331971091,-2.88101964001435,0.007,0.014,1,ACVRL1
0.206100009031413,-2.8911315060071,0.016,0.025,1,KMO
0.0412201237379156,-2.89444513196283,0.008,0.02,1,LCK
0.138766375136339,-2.89543330984837,0.023,0.036,1,MS4A7
0.283956344021372,-2.90399942769633,0.016,0.024,1,OAS2
0.610052814225665,-2.91828053997829,0.009,0.012,1,EDN1
0.490558316938193,-2.93352053285193,0.007,0.01,1,NEURL1B
0.0955630211251462,-2.93865691210175,0.061,0.041,1,UCMA
0.333928031569219,-2.94347764839809,0.006,0.01,1,ABCC6P1
0.00231194196011789,-2.97112744746972,0.002,0.017,1,TBX5
0.730845416404655,-2.9893797444841,0.019,0.022,1,CYTIP
0.11325951743568,-2.99512289574351,0.005,0.012,1,FAM111B
0.118722901405576,-2.99984792487257,0.006,0.014,1,ENTPD3
0.554945182060722,-3.03142299197416,0.029,0.034,1,CXCR4
0.580432165013501,-3.03257632924874,0.019,0.024,1,GDF15
0.551780626984243,-3.04066008230963,0.014,0.01,1,PLN
0.423258062074764,-3.06592318046811,0.009,0.014,1,DTX4
0.0692124838477078,-3.06892569363587,0.009,0.02,1,DUXAP8
0.0694751612391162,-3.07703388529443,0.008,0.019,1,OAS1
0.932703976971054,-3.10107591712865,0.019,0.019,1,ST8SIA4
0.190501212206366,-3.10340172129919,0.008,0.015,1,KLHL6
0.982133919372269,-3.10563143552968,0.01,0.01,1,CLEC4E
0.395211794688519,-3.1189542973099,0.058,0.047,1,LAIR1
0.0750074616057149,-3.12364767483079,0.042,0.063,1,PLEK
0.315667492570907,-3.1392102279503,0.007,0.012,1,ADAM28
0.0668310520941821,-3.16778699259358,0.006,0.015,1,RASAL1
0.0104408100787527,-3.16826066993233,0.002,0.014,1,LILRB1
0.865915771141654,-3.17341387100567,0.027,0.029,1,SLAMF7
0.33434963601291,-3.20608993907168,0.006,0.01,1,MRVI1
0.203905620953954,-3.25473653648618,0.005,0.01,1,MPEG1
0.936678382663344,-3.25644454690408,0.011,0.012,1,CD38
0.236429164531791,-3.28157851715543,0.031,0.042,1,LCP2
0.730904865183985,-3.32016858795347,0.149,0.139,1,LYZ
0.200684349047477,-3.32421755381413,0.006,0.012,1,ADAP2
0.613092679228521,-3.36070474603103,0.009,0.012,1,PIK3AP1
0.906325181335894,-3.36257799994096,0.033,0.034,1,RASSF2
0.66749694164024,-3.37468441494055,0.008,0.01,1,TMEM52B
0.0279019287121595,-3.41122087462307,0.003,0.014,1,LINC00992
0.58896402702099,-3.4265734524495,0.011,0.008,1,APLNR
0.00682033875682046,-3.49531654583238,0.089,0.132,1,HLA-DRA
0.283716765117633,-3.50320781091004,0.013,0.007,1,TSPAN8
0.0275442595502942,-3.53516846188118,0.003,0.014,1,SLC16A14
0.0684076939446922,-3.54931044635041,0.007,0.017,1,OLR1
0.0294485948669089,-3.55919196588484,0.194,0.232,1,CCL3
0.0547330328805183,-3.58712173551431,0.003,0.012,1,CST7
0.278388113318854,-3.59907826308777,0.033,0.044,1,TMEM156
0.11073379353551,-3.60117578537781,0.01,0.02,1,MMP15
0.00535295818103889,-3.63590230267465,0.013,0.034,1,SEL1L3
0.561993319251189,-3.69316113938793,0.01,0.014,1,HPD
0.282420943254884,-3.69612771924442,0.013,0.007,1,NBEAL2
0.56107781003305,-3.6963679539185,0.01,0.014,1,CLEC5A
0.788656823777367,-3.70729869947713,0.022,0.024,1,HLA-DQA1
0.933438479581358,-3.72727619201671,0.011,0.012,1,TM4SF18
0.820728882901779,-3.72944283898518,0.036,0.037,1,CCL22
0.205798416538043,-3.82297191760584,0.005,0.01,1,RNF126P1
0.00286753319644682,-3.84109475236793,0,0.01,1,CEBPE
0.00286753319644682,-3.84394512347629,0,0.01,1,HTRA4
0.763012199843791,-3.85788802199456,0.038,0.041,1,LOC731424
0.674118106824742,-3.8914591484602,0.022,0.019,1,ANO5
0.984769223076158,-3.9145864966489,0.017,0.017,1,TNFSF14
0.150196853546762,-3.95194994905562,0.029,0.042,1,FGR
0.21272355886753,-3.97543328205803,0.022,0.032,1,IL1A
0.116396941587963,-3.98374177725704,0.116,0.142,1,S100A9
0.0168884844296694,-3.99222688235077,0.103,0.142,1,IL1B
0.065071277367328,-4.22466276714409,0.006,0.015,1,ARHGAP30
0.609041015382551,-4.26125851828735,0.009,0.012,1,SPI1
0.0325920364048211,-4.26260612132089,0.005,0.015,1,TMCC3
0.0393775031201235,-4.39181179241124,0.017,0.005,1,CAMP
0.105568766497122,-4.53362306600499,0.003,0.01,1,GPRIN3
0.790375237038263,-4.5641263403634,0.037,0.039,1,LOC646471
0.054621777638825,-4.83817662964195,0.003,0.012,1,NCKAP5
0.217089900914168,-5.28924535877604,0.015,0.024,1,OLFM4
0.310925359130416,-5.55732253085476,0.021,0.029,1,SERPINB2
0.00172459727491742,-5.6451668996284,0.092,0.144,1,TNF
0.829067480661059,-6.17932798408353,0.017,0.019,1,MZB1
0.801799625543717,-6.1965710214705,0.046,0.042,1,S100A8
0.391884376422589,-6.91218085724956,0.022,0.029,1,LTF
