p_val,avg_log2FC,pct.1,pct.2,p_val_adj,gene
3.13204280032414e-111,7.58499682580881,1,0,7.56482297562288e-107,PIEZO1
5.61600012308616e-10,0.610804442146652,1,0.988,1.356432509729e-05,ANKH
5.90974885002813e-10,0.562824370039495,0.965,0.959,1.42738163974729e-05,COL6A3
6.05409144004836e-09,0.669761854131519,0.882,0.763,0.000146224470551488,SIPA1L2
6.68173259807449e-09,0.774902817752345,0.912,0.88,0.000161383887441293,COL5A1
1.01900123592685e-08,0.540797330561108,0.998,0.996,0.000246119368513412,COL6A2
1.45977823455251e-08,0.518438656778472,0.79,0.548,0.000352580236991469,TMEM248
5.45702482216345e-08,0.882598764743837,0.996,1,0.00131803520529714,HTRA1
5.6657265178777e-08,0.459093297336349,1,1,0.001368442925863,COMP
1.5260219602463e-07,0.467212136833608,0.992,0.983,0.00368580084058289,COL6A1
3.28714757970472e-07,0.77575586426349,0.988,0.983,0.00793944754926081,CRTAC1
3.76797033218318e-07,0.607365671680356,0.642,0.436,0.00910077874332202,ERO1LB
3.91790600528208e-07,0.515402744764778,0.719,0.523,0.0094629183745578,IQSEC1
8.35074102038447e-07,0.564082754640713,0.931,0.88,0.0201695447865346,SRPX2
9.34372620949234e-07,1.68493062003944,0.22,0.075,0.0225679019137869,ADGRG1
1.00370493002779e-06,0.509856227380768,0.971,0.959,0.0242424851749613,CILP2
1.0986680802714e-06,0.715024226009432,0.67,0.494,0.0265361301427952,THBS3
1.18707514295558e-06,1.24191748035778,0.393,0.22,0.0286714259278062,FBXO33
1.59498011686307e-06,0.430995196177684,1,1,0.0385235547625937,SLC39A14
1.68298991662163e-06,-0.541332151691865,0.988,0.967,0.0406492554561623,FRZB
1.69251128687665e-06,0.430653348060864,1,1,0.0408792251119317,FN1
1.71776384813297e-06,0.936012063333155,0.468,0.278,0.0414891502239556,SYNJ2BP
1.78436452607634e-06,0.450557898914542,0.76,0.602,0.0430977563983217,ADSS
1.8910461778556e-06,0.594794005242969,1,1,0.0456744383337463,COL2A1
1.93230260515325e-06,0.744323097920772,0.688,0.539,0.0466709048222664,STEAP3
2.42415685831285e-06,0.923786358620784,0.585,0.427,0.0585506605988302,CAPS
2.62137518722347e-06,0.605471566832329,0.888,0.834,0.0633140748970085,USP12
2.69883393370836e-06,0.862153476977148,0.517,0.349,0.0651849360008579,TEAD1
2.72315910437e-06,0.485276983603851,0.916,0.817,0.0657724618478486,NFIL3
2.96497232202717e-06,0.305079171373681,1,1,0.0716129764939221,RPS2
3.36304915467519e-06,0.868310635828182,0.458,0.282,0.0812277262328699,MBD2
3.60295798061863e-06,0.514919601678308,1,0.971,0.0870222441058818,PMEPA1
3.69079039833262e-06,0.753738513324643,0.829,0.768,0.0891436604909278,OGT
4.45013991898499e-06,0.527111275562716,0.78,0.635,0.107484229463245,FAM134B
4.50401308487489e-06,1.08315159308339,0.43,0.274,0.108785428038983,GALNT16
5.00397746519565e-06,0.298435398412426,1,1,0.120861067716871,BGN
5.19475096232703e-06,0.421296736860774,0.676,0.49,0.125468819993085,ANKLE2
6.46390723140843e-06,1.09740352225689,0.515,0.382,0.156122751360208,PXDN
6.70454033976929e-06,0.527895332285713,0.754,0.589,0.161934762826448,PDLIM7
6.77836104864928e-06,0.795846003660406,0.747,0.643,0.163717754408026,RB1CC1
6.93736840789693e-06,0.358038262499349,0.76,0.631,0.167558259155935,ADGRG2
7.29516369788872e-06,0.589205295736585,0.652,0.477,0.176200088795106,RAP1A
7.32895661585468e-06,0.860746433049544,0.552,0.398,0.177016289142738,KRR1
7.77623866735071e-06,0.680838901145134,0.556,0.382,0.187819492532522,CCNY
8.43630050598666e-06,0.59673734141792,0.988,0.959,0.203761966121096,NFATC2
9.48397677632709e-06,1.53871204714334,0.193,0.066,0.229066491078628,FGD5
9.63395564194965e-06,0.802326577700844,0.723,0.577,0.23268893062001,ANK3
1.00087409235105e-05,0.678196649141247,0.849,0.763,0.24174111952555,ASAP2
1.00239765647119e-05,0.680599006013845,0.701,0.556,0.242109105967487,ZSWIM6
1.01986777362784e-05,0.694821602743184,0.904,0.896,0.246328663364333,CDON
1.05487463758188e-05,1.02808766129306,0.464,0.32,0.254783871215151,KREMEN1
1.26098994798191e-05,0.641610914210314,0.678,0.502,0.30456690213607,MAN1A2
1.32343752418816e-05,0.876146222578694,0.67,0.552,0.319649865217167,DNER
1.33743565122829e-05,0.657961298603108,0.454,0.274,0.323030832841169,PDDC1
1.40222946049179e-05,0.622834188328422,0.611,0.456,0.338680481592583,RBBP5
1.50478425516307e-05,0.561337900709524,0.772,0.66,0.363450541149537,HTRA3
1.64638719593708e-05,0.34366816780663,0.709,0.573,0.397651899434682,MAST4
1.80673280800272e-05,0.821634960001129,0.986,0.975,0.436380175116896,COL3A1
1.91572396076684e-05,0.549102681172064,0.933,0.88,0.462704808244014,NPTN
2.02741253570443e-05,0.484867572159955,0.996,1,0.48968094974869,OGN
2.02888466080339e-05,1.33078442752962,0.283,0.141,0.490036512123843,FAM193A
2.11876099183379e-05,0.909756765662251,0.884,0.842,0.511744342357616,TNC
2.19495602953532e-05,0.756725420670007,0.585,0.444,0.530147729813666,SLAIN2
2.26464246466291e-05,0.492220682528847,0.837,0.73,0.546979094490034,ATP2A2
2.28896562487316e-05,0.620699250162032,0.56,0.386,0.552853867375615,SYTL4
2.29687222986734e-05,0.33893517073693,0.589,0.402,0.554763549679859,MRPL37
2.31104313461014e-05,0.585418678383066,0.825,0.718,0.558186248302388,PDK3
2.4668308874522e-05,0.575056331907961,0.745,0.581,0.59581366424633,MED13
2.46726221469652e-05,0.378042428635509,0.998,0.996,0.595917842715651,ANGPTL2
2.5751643896578e-05,0.528715770790103,0.69,0.564,0.621979455034048,DKK3
2.63428698563113e-05,0.453753111743986,0.892,0.759,0.636259335639486,RBMS1
2.65460851065108e-05,0.566462527159661,0.684,0.552,0.641167593577555,KIF1B
3.12166962008169e-05,0.660184421051744,0.654,0.519,0.753976863338331,MYCBP2
3.14704464397298e-05,0.251514791578532,0.982,0.975,0.760105692858795,COL5A2
3.15550763447297e-05,0.790117910969254,0.485,0.324,0.762149758954256,FCF1
3.34800821508028e-05,0.360287245730035,1,0.996,0.80864442418834,UGDH
3.36033005776213e-05,1.17249841807313,0.269,0.137,0.811620518851288,TRAPPC8
3.62246756008217e-05,0.400288384004568,0.668,0.535,0.874934589786646,FAM43A
3.67923128070879e-05,0.549766680385201,0.666,0.531,0.888644731229595,UNC5B
3.71844892403333e-05,0.348905363501105,0.69,0.548,0.89811696862177,CMSS1
3.8196896232537e-05,0.619033371925075,0.615,0.436,0.922569634704466,MGEA5
4.20244423395265e-05,0.895836075580342,0.829,0.759,1,COL15A1
4.21278900908895e-05,0.507372911850209,0.878,0.784,1,NGF
4.21559287407913e-05,0.623623214220662,0.847,0.755,1,PPP1R14C
4.30375624447988e-05,0.781367381098741,0.456,0.32,1,MFSD11
4.52251321148091e-05,0.436674001674298,0.864,0.734,1,HNRNPAB
4.64390080224953e-05,0.766123465755782,0.532,0.369,1,ANKRD40
4.70204698904883e-05,0.362400999526414,0.831,0.693,1,TRIP12
4.9516043143844e-05,0.572192390349228,0.466,0.307,1,TCTA
5.07028013899746e-05,0.443064483766151,0.896,0.842,1,SUSD5
5.36484673607634e-05,0.645891556265895,0.493,0.353,1,GNA12
5.83968109977451e-05,0.599503519184709,0.695,0.56,1,LINC01279
5.94723216825876e-05,0.653730916383959,0.788,0.668,1,ITPRIPL2
5.96393032190058e-05,0.874655280659054,0.538,0.394,1,MYO1C
6.11805963203662e-05,0.384150725062732,0.64,0.461,1,ARHGEF12
6.21746889314479e-05,0.810750215221878,0.468,0.32,1,COPRS
6.26246706388895e-05,0.578783645092067,0.914,0.855,1,ITGB5
6.49535823373445e-05,0.756877901987082,0.454,0.307,1,MAP2K2
6.66969690546581e-05,0.384358808005878,0.965,0.921,1,NR3C1
6.98652509590307e-05,0.435669672553295,0.589,0.452,1,PPP1CC
7.08101810664827e-05,0.805001504389469,0.827,0.759,1,SERPINE1
7.2078866711702e-05,0.48123775944462,0.617,0.465,1,WIPI2
7.3778572982134e-05,0.598898111833214,0.957,0.942,1,FSTL1
7.5826603585536e-05,0.470528988008928,0.992,0.988,1,SERPINE2
7.63393351728298e-05,0.764532044842405,0.491,0.353,1,PTGES
8.5278159241735e-05,0.47098836821051,0.971,0.942,1,P3H2
8.72194107301653e-05,0.441295906571847,0.772,0.685,1,PLEKHA1
8.93092641983756e-05,0.549573235611598,0.941,0.925,1,NT5E
8.95016951363926e-05,0.612576259157504,0.34,0.199,1,BCL2L12
9.4674844574345e-05,0.529609012435168,0.906,0.834,1,ST3GAL1
9.88894483235078e-05,0.492708865269956,0.849,0.751,1,SEMA3E
9.91958849924873e-05,0.294961643883375,0.747,0.61,1,EIF3B
0.000100544970547416,0.690939401867563,0.552,0.394,1,TMEM185B
0.000100827516126054,0.366162664788356,0.931,0.876,1,RYBP
0.000102517218369249,0.492822126012355,0.764,0.635,1,TNS1
0.000103421813223589,0.851988656739257,0.36,0.216,1,P2RY6
0.000105274936823042,0.764566039803226,0.58,0.477,1,TMEM214
0.000105817757615541,0.605875325475511,0.432,0.286,1,AMMECR1L
0.000106290233413753,0.364448525399629,0.853,0.743,1,ARL8B
0.000108203844462229,1.18005353251076,0.273,0.145,1,TMEM231
0.000109674717822916,1.2126023973427,0.342,0.216,1,SMURF1
0.000111947833678324,0.403173328173427,0.992,0.975,1,LRRFIP1
0.000112989261051983,0.385394760250846,0.678,0.515,1,SPTSSA
0.000113532032192771,0.433344131406274,0.737,0.602,1,SSPN
0.00011805025064683,0.412497650274138,0.674,0.548,1,AMOTL2
0.000119049163136677,0.537712262640341,0.525,0.378,1,ROCK2
0.000122966753840462,0.815774461126151,0.324,0.191,1,PRDM4
0.00012502042025564,0.37221184879283,0.925,0.88,1,COPB1
0.000128029541183686,0.706471386944072,0.788,0.73,1,RPS6KA3
0.000136049454604436,0.481717437293968,0.542,0.39,1,ABCC1
0.0001392152215901,0.546719091281539,0.623,0.494,1,TMEM47
0.000141181097064557,0.592965251259971,0.46,0.328,1,HGSNAT
0.000146235972071725,0.678096165975453,0.607,0.473,1,ANOS1
0.000146717175524303,0.336183410488825,0.782,0.651,1,DCHS1
0.000147499440135403,0.36405940392991,0.99,0.971,1,FERMT2
0.000149902511407375,0.409685615841114,0.65,0.485,1,SEC16A
0.000150442774005514,1.14198623732777,0.246,0.129,1,KLF7
0.000150661012203487,1.02718833608565,0.338,0.212,1,RCC2
0.000151093546634255,1.07958120246091,0.574,0.481,1,MXRA5
0.00015167076003586,0.76097246735121,0.224,0.108,1,FBXW4
0.00015259970597772,0.281683084705167,0.819,0.697,1,GCC2
0.000154394707516842,1.12986025904519,0.24,0.12,1,CTDSPL
0.00015684770812025,0.618773646254869,0.454,0.32,1,AQP3
0.000161549245679753,0.509791717513322,0.393,0.257,1,BAALC
0.000164336119793863,0.809975634399223,0.456,0.311,1,ELK4
0.000169064211803523,0.975840484885654,0.277,0.154,1,KLHL2
0.000174489703848655,0.569505054412016,0.68,0.581,1,FAM129B
0.000176967524051512,0.878199875667427,0.367,0.232,1,CNNM4
0.000183552082545931,0.56905408213847,0.383,0.249,1,ZSWIM8
0.000184055390776593,0.77661023487089,0.796,0.722,1,B3GNT5
0.000189658729913941,0.359599968488311,0.198,0.087,1,DENND6A
0.000203854144711024,0.830963738089864,0.253,0.133,1,SOX11
0.000204055491528142,0.65298712315053,0.517,0.373,1,SEMA3A
0.000204146876794672,0.431877173209408,0.711,0.577,1,GPX8
0.00020437645787321,0.398267147907332,0.511,0.357,1,YKT6
0.000206735326548591,0.674233667952727,0.674,0.556,1,FNIP2
0.000207411997718347,0.573841642116364,0.676,0.573,1,MYL6B
0.000207905670478588,0.672575665493452,0.479,0.328,1,RDH10
0.000210262644333745,-0.349967450386598,0.969,0.996,1,NGFRAP1
0.000211607743859864,0.580264827410326,0.697,0.593,1,MDFIC
0.000212530290276497,0.313108952081872,0.821,0.714,1,ATXN10
0.000215641135587096,0.796539849860566,0.22,0.104,1,ICMT
0.000219893527441947,0.254516229729083,1,0.992,1,ITGB1
0.000220174893090207,1.2290915283973,0.248,0.133,1,CHST1
0.000227401570373992,0.383746984980682,0.735,0.577,1,KDM7A
0.000228443002211046,0.345351498964446,0.933,0.834,1,MFI2
0.000233186445456551,0.695636569020122,0.42,0.278,1,WIPF2
0.000234814676950105,0.523277143424252,0.974,0.983,1,S100A4
0.000241315894517969,0.615226233001868,0.633,0.498,1,IRS2
0.000245572974257996,0.32929666268895,0.927,0.884,1,SSR1
0.000262656457651481,0.719670414985755,0.713,0.602,1,APP
0.000263205853660805,-0.372439392880452,0.998,0.996,1,SERPING1
0.000268566522279497,0.56969036787563,0.937,0.884,1,KDM6B
0.000271899278695678,1.7864707462058,0.079,0.012,1,ZNF175
0.00027376906087095,0.48328363249903,0.552,0.419,1,UBAC2
0.000275098522031131,0.418226481175409,0.933,0.896,1,SLC7A2
0.000282441457871146,0.437466370372239,0.619,0.473,1,CNOT1
0.000285569363607906,0.281836116411919,0.982,0.983,1,TSPAN2
0.000291473147336463,1.0721458949534,0.185,0.083,1,ATG4C
0.000292601559266023,0.489530202182584,0.847,0.801,1,PLEC
0.00029845481419711,0.769438859159207,0.212,0.104,1,DFNB31
0.00030091462797236,0.810790319365447,0.356,0.224,1,GGA2
0.000314069066268542,0.251503746451269,0.532,0.369,1,MARVELD1
0.000319207932570582,-1.76246953397792,0.002,0.033,1,ANKRD36BP2
0.00032061408709944,0.561902114721261,0.513,0.378,1,MTUS1
0.000320969013470188,0.353736146169763,0.743,0.593,1,HIPK3
0.000326110332369134,0.451042452407308,0.607,0.452,1,NBPF15
0.000326329564116005,0.414667980006751,0.996,0.992,1,UGP2
0.000333802560000902,0.526135583354333,0.521,0.39,1,AKT3
0.000335490399678752,0.281735653595099,0.982,0.954,1,TMED2
0.000338888004466821,-0.629669273324491,0.002,0.033,1,PPP1R3G
0.00034120157002716,0.695138414964807,0.405,0.278,1,EXOC1
0.000344886764291442,0.970958530640035,0.336,0.212,1,TOM1L2
0.000353705908813664,0.900583703471322,0.395,0.266,1,KIFC3
0.000355727126590557,0.965515807640601,0.253,0.141,1,PKP4
0.000357425547902058,0.583547684532243,0.576,0.456,1,MAP3K4
0.000364988073215852,1.65988287333229,0.136,0.05,1,SNTB1
0.00037292312276402,0.464780930191614,0.904,0.884,1,WAC
0.000375147598033221,0.460179524390339,0.88,0.801,1,CTDSP2
0.000382471681631011,1.30765328477159,0.246,0.137,1,TRIO
0.000384348599560492,0.397464839734868,0.941,0.9,1,HMGA1
0.000394132054977349,0.383393239885752,0.994,0.975,1,SOX9
0.000399133250708385,1.01055330176336,0.554,0.452,1,VCAN
0.000403895347630927,0.434961505751203,0.811,0.71,1,MXD1
0.000405502846088024,0.550355433103918,0.546,0.394,1,RTKN
0.000408214760781673,0.94206017270676,0.106,0.029,1,FIZ1
0.000409949315595881,1.09264814376104,0.617,0.544,1,CRLF1
0.000425692167304839,1.53162799384501,0.208,0.104,1,TSPYL4
0.000426199523662161,0.354744681123797,0.947,0.905,1,PAPOLA
0.000432000359478547,0.323194052322148,0.849,0.759,1,METRNL
0.000447740555754303,0.395522065728462,0.778,0.68,1,CGGBP1
0.000449863402959353,0.626981940587802,0.452,0.32,1,TNIP1
0.000452210430324961,1.02449923575535,0.342,0.224,1,GAMT
0.000457301401633856,0.751985394629962,0.242,0.129,1,CRTC1
0.000460492910358114,0.730776609284864,0.426,0.303,1,MAPKAP1
0.000461942293443687,0.607414883705181,0.259,0.141,1,SLC9C1
0.000463198540457846,0.29068490408828,0.921,0.876,1,SREK1IP1
0.00046587214401173,0.607779866266195,0.246,0.133,1,DLG5
0.000468861173398725,0.525863501619461,0.446,0.315,1,ST6GAL1
0.000469149845490984,0.34682611996841,0.648,0.527,1,PNPLA2
0.000471888924037035,0.361881939198852,0.444,0.307,1,NDN
0.0004739620940253,0.387858437413384,0.914,0.876,1,CHPF
0.000480421557505714,0.400611523527646,0.916,0.855,1,JUND
0.000486086846771606,0.528396136566298,0.277,0.158,1,FAM89B
0.000491958178065592,0.506063945602807,0.405,0.282,1,ERGIC1
0.00049569856796245,0.85577638167616,0.509,0.398,1,FEM1B
0.000495850688342067,0.354986564459051,0.733,0.622,1,CREBBP
0.000501659473128456,0.446155461648445,0.916,0.867,1,SNX9
0.000508998150649993,0.420895540638808,0.729,0.602,1,GOLGA2
0.000515826103372448,0.688946942186463,0.283,0.166,1,EPHA4
0.000522222158040098,0.401082927777896,0.723,0.602,1,HNRNPUL1
0.000533335372842186,0.468015170897124,0.305,0.183,1,C11orf54
0.000536010833295486,0.642762751873329,0.462,0.324,1,C5orf28
0.00053904375013532,0.451872599993075,0.625,0.49,1,NRIP1
0.00054230766410148,0.643112586206137,0.564,0.44,1,ARIH1
0.000542885982815239,0.664248055980989,0.285,0.166,1,CHADL
0.000549598805044674,0.656711240642663,0.477,0.349,1,FSTL3
0.000555189900403187,0.678424389680747,0.481,0.369,1,PLAA
0.000574552177383809,0.763502304736976,0.391,0.27,1,AKT1
0.000575335534352603,0.433449807148624,0.609,0.49,1,SF3A1
0.000582145013013231,0.49805792236682,0.737,0.643,1,FKBP14
0.000582931707307816,0.492793671914858,0.456,0.328,1,ARHGAP17
0.000587198987036015,0.363697944580932,0.678,0.544,1,AMFR
0.00059493536924883,0.427353863139082,0.662,0.548,1,ZNF638
0.000598514767755362,0.442439940605805,0.829,0.797,1,PID1
0.000600283671955572,0.34533327871467,0.615,0.469,1,DECR1
0.000608121828892494,0.788955421545787,0.784,0.718,1,LGALSL
0.000614297025952101,0.358189023021938,0.544,0.419,1,GPC1
0.000614896713331834,0.253112691687065,0.876,0.73,1,PLP2
0.000617204950411492,0.288346996900216,0.578,0.432,1,AGFG1
0.000618760278493449,0.405171002395932,0.705,0.56,1,NMT1
0.000635370339272663,0.705479845173815,0.662,0.585,1,C16orf72
0.000640119297345797,1.05006681481777,0.234,0.129,1,MARK2
0.000644503891137597,0.462547494493329,0.36,0.228,1,RNF111
0.000647768227624236,0.798041129465512,0.53,0.407,1,NOVA1
0.000661171330691431,0.402314503054986,0.788,0.651,1,PLRG1
0.000661245164371851,0.552876368442942,0.269,0.149,1,SLC9A1
0.000664558258523072,0.376511144244314,0.98,0.95,1,CPEB4
0.000667436539181963,0.326018717870347,0.906,0.826,1,TRPS1
0.000667980826852242,0.773778002696736,0.379,0.253,1,DDHD1
0.000668486429919063,1.51827315400911,0.094,0.025,1,MFSD7
0.000670375733569431,0.440220943787596,0.297,0.174,1,SOBP
0.000672728986264363,1.10941130779018,0.061,0.137,1,RGS1
0.000690946153916129,-3.02965111307736,0.006,0.041,1,PIK3CG
0.00069353587145208,0.286881655074047,0.21,0.104,1,MAP3K3
0.000694517333562608,0.725463474580479,0.212,0.108,1,FARS2
0.000695255696567681,0.491896868736819,0.782,0.701,1,STAU1
0.000704201128045143,0.491133020978129,0.279,0.162,1,OLFML2B
0.000706744409144974,0.310509870970301,0.884,0.813,1,SEPT2
0.000717185481442014,0.48668864476446,0.912,0.855,1,PEA15
0.000721064344049847,0.268176536267882,0.874,0.805,1,GLIS3
0.000732623999505964,0.64273720658401,0.617,0.473,1,PGM2L1
0.00073387833533312,0.265979294633115,1,0.996,1,PAPSS2
0.000734173009934976,0.284592677959471,0.969,0.954,1,YWHAB
0.000744482532229338,0.411781799742341,0.475,0.332,1,AP3D1
0.000752011687323684,0.883149259686813,0.155,0.066,1,GPM6B
0.000755701188611103,0.747328903256287,0.202,0.1,1,ZNRF2
0.000776095378555263,0.38454342865728,0.375,0.249,1,SLC12A4
0.000776121926960841,0.251523463154202,0.845,0.797,1,NEBL
0.000806509353341021,0.805188145985438,0.297,0.187,1,ACKR2
0.000815698884538685,0.260587473812942,0.859,0.759,1,SLU7
0.000817467919349297,0.443122924439567,0.36,0.241,1,DOCK9
0.000818355178531418,0.308852900078694,0.925,0.871,1,MARCH6
0.000819265808066803,0.683071063717212,0.31,0.191,1,RBM15
0.000823085069052046,0.425286172136863,0.532,0.39,1,ANKRD17
0.000824993421260144,0.60960735838941,0.418,0.29,1,UTP3
0.000828622058090354,0.319912491897901,0.965,0.946,1,PRKAR1A
0.000839314549795436,0.490620087193586,0.833,0.743,1,SLC4A7
0.000854971579924898,0.884052929259974,0.356,0.245,1,TNKS1BP1
0.000856925652954948,0.257375104933102,0.849,0.763,1,MAPKAPK2
0.000870670717756189,0.74006288183618,0.214,0.116,1,RARRES1
0.000883800901859659,0.338169871745475,0.888,0.805,1,GOLGA4
0.000885951851721578,0.451762997811616,0.43,0.295,1,TIMM21
0.000886858168394809,0.369403597438076,0.668,0.539,1,G3BP2
0.000890786165120856,1.03372562508813,0.175,0.083,1,CMTM4
0.000895142970250165,0.280115555857176,0.984,0.971,1,EIF3E
0.000896166487335561,0.651060518718185,0.409,0.29,1,SUDS3
0.000898415331583611,0.965091597985335,0.124,0.046,1,LOC100506388
0.00090317105241176,0.334735207329618,0.326,0.199,1,PPP5C
0.000903577156079326,0.31159514266142,1,0.996,1,RGCC
0.000917100013708574,0.361092741101119,0.633,0.49,1,KPNB1
0.000924540214204874,1.25942336235413,0.183,0.091,1,ZDHHC7
0.00092651859254067,0.615110603669048,0.308,0.191,1,NUDT11
0.000940496922001497,0.428443989876296,0.312,0.191,1,CSNK2A2
0.000953180802580522,2.37876609803647,0.069,0.012,1,RPS6KA1
0.000970215361721454,0.432499188297804,0.503,0.386,1,ORMDL3
0.000975396098281839,0.693887219818088,0.448,0.336,1,OSTM1
0.00097663766133962,0.509091043493732,0.823,0.743,1,XYLT1
0.000992509028736504,0.446845378516204,0.684,0.568,1,EVI5
0.000993069636620026,0.338320181620167,0.658,0.544,1,PAFAH1B1
0.000997545322030744,0.358771813771274,0.719,0.589,1,NOMO1
0.00100774606514062,0.418828830936555,0.925,0.842,1,ACLY
0.00100952792755762,0.824833970511428,0.646,0.552,1,PCSK1N
0.00101205912859292,0.824123754735237,0.389,0.274,1,FERMT1
0.00102022093003143,0.526848052185021,0.375,0.253,1,UROC1
0.00102735532984513,0.487294688417933,0.827,0.755,1,STK40
0.00105454335331213,0.515347582352026,0.552,0.419,1,OTUD5
0.00105730590177578,0.255880397117484,0.232,0.124,1,IFNAR2
0.00106974704300195,0.518793207744158,0.76,0.668,1,TMCO3
0.00107053652002925,0.481177862745512,0.898,0.838,1,ABI3BP
0.00107621798230951,0.801139197310396,0.336,0.22,1,CDC42BPB
0.00107708191259467,0.72300724387004,0.346,0.232,1,POMGNT1
0.0010835114053229,0.579623025658411,0.342,0.228,1,POFUT1
0.00108693582869703,0.35476963834283,0.756,0.635,1,CLSTN1
0.00108751139502074,0.795704343318239,0.259,0.149,1,ZC3H18
0.00109400730596232,0.333038394513378,0.42,0.286,1,SMURF2
0.00109688322862152,1.22506407194533,0.155,0.071,1,BTBD11
0.00110494125518014,0.478691873687158,0.851,0.793,1,SLC7A5
0.00111252001611455,0.598642019939495,0.324,0.203,1,LANCL1
0.00112334383371799,0.687832552530151,0.611,0.519,1,SOS2
0.0011261136737554,-1.88434990232611,0.026,0.079,1,RPARP-AS1
0.00113374086425772,0.350926068507428,0.483,0.349,1,ARAF
0.00113695244634164,0.789689932565777,0.444,0.328,1,C16orf52
0.00114612218823239,0.342080840963144,0.8,0.697,1,PTPN11
0.00114717103559892,1.43092933446657,0.136,0.058,1,C10orf105
0.00115385670811546,0.628919027975547,0.314,0.199,1,RBM4B
0.0011560145774399,0.283510565513205,0.855,0.739,1,RBBP6
0.00115643188372205,0.644476472613271,0.654,0.593,1,STARD7
0.00115803661918806,-0.454279290202829,1,1,1,FGFBP2
0.0011603179817681,0.423329558606766,0.458,0.328,1,ZNHIT6
0.00116564903005612,0.533406512992005,0.646,0.548,1,PKD2
0.00118032973639013,0.369565778870881,0.855,0.842,1,SLC1A4
0.00118739354493699,1.05167709306185,0.299,0.195,1,TJAP1
0.00120657145844064,0.363660225826986,0.68,0.568,1,GOLPH3
0.00121926276283884,0.417706422523426,0.336,0.216,1,THADA
0.00122638821948369,0.289348292478407,0.819,0.763,1,LIMS1
0.00123371559701371,0.546636718124866,0.56,0.461,1,SLC6A8
0.00123534294935739,0.945806022570983,0.183,0.091,1,CDC42EP5
0.00126517445624702,0.583527243422271,0.377,0.266,1,MEMO1
0.00129425834856451,0.34165952808043,0.978,0.963,1,IL6ST
0.00129611512772001,0.331306252008732,0.605,0.461,1,SLC41A3
0.00131112795865722,0.268701872606745,0.521,0.398,1,CD276
0.00131291730675295,0.505260406569551,0.617,0.494,1,FZD8
0.00132539883322464,0.578399962128168,0.253,0.154,1,CLIC6
0.00133168687011713,0.790651927080862,0.611,0.535,1,SMOC1
0.00133293291610416,0.472013116570262,0.365,0.241,1,CACHD1
0.00135327291119137,0.645429401937359,0.418,0.311,1,CCZ1
0.0013655993169758,0.407182484860714,0.886,0.842,1,PABPC4
0.00137083087477618,0.464398571002085,0.817,0.734,1,RAD21
0.00137782993155043,0.455153436161791,0.862,0.83,1,MRC2
0.00137997334494049,0.594982641516332,0.267,0.158,1,CRTC2
0.00138987761862605,0.589461589866752,0.497,0.373,1,RAI14
0.00139814617966602,0.279321115404585,0.743,0.672,1,USP9X
0.00141447818872909,0.476905283523244,0.338,0.224,1,ATP6V0A2
0.00141840668212812,0.286571593147815,0.611,0.473,1,ASAP1
0.00142528764169086,1.35165153846504,0.295,0.195,1,FAM110C
0.00142607713912961,0.405234309053301,0.729,0.647,1,NIPBL
0.00144250400645135,0.411093125214642,0.527,0.407,1,ZC3H14
0.0014427341397095,0.405776400511418,0.802,0.763,1,PSMD2
0.0014444396737222,0.445210571042691,0.475,0.349,1,JMJD8
0.00145104525855172,0.4814744081669,0.996,0.983,1,CHI3L2
0.00146355875652182,0.786628198503093,0.273,0.166,1,APOOL
0.0014663114642352,0.265931560306368,0.941,0.871,1,MAGED1
0.0014694998675274,1.17986711509818,0.236,0.137,1,C5AR1
0.00147335948740017,0.388789139962951,0.428,0.307,1,ITGA11
0.00149069689709991,0.371078152495835,0.548,0.427,1,AGPAT4
0.00150104973541343,0.563798520977018,0.432,0.328,1,SCML1
0.00150364804348223,0.949275673888167,0.322,0.216,1,SGPP1
0.00151073950863064,0.543936659618929,0.703,0.606,1,IFITM10
0.00151146356743209,0.278917728357876,0.864,0.83,1,PITPNB
0.00151917001576077,0.287908594188542,0.841,0.747,1,CARS
0.00152539799762227,0.372180144855787,0.56,0.448,1,TNRC6B
0.00153591847305427,0.845956896526954,0.373,0.274,1,PIK3C3
0.00153689970202183,0.326595881109235,0.45,0.315,1,CD8B
0.00153878612072685,0.343813340065685,0.198,0.104,1,USP13
0.00154878897315485,0.563102732976654,0.391,0.274,1,LOC101926898
0.00155090966556043,0.584869099741196,0.214,0.116,1,SLC16A10
0.00158745598430725,0.393603065638272,0.927,0.884,1,ISLR
0.00158761230086516,0.406087734847027,0.721,0.647,1,CCND2
0.00159423561057525,0.512694366118851,0.434,0.315,1,CNEP1R1
0.00159980307996778,0.803722169675775,0.426,0.311,1,B3GNT2
0.00160565054397624,0.311516398823111,0.287,0.178,1,MFAP2
0.00160756140216354,0.35265059751508,0.921,0.892,1,FGFRL1
0.00162350130643993,0.40846525942985,0.47,0.349,1,BMS1P20
0.00162531837426979,0.580100276258312,0.703,0.589,1,LRRC8C
0.00165851954231265,0.602774040570243,0.334,0.22,1,AIDA
0.00166629688440622,0.884469057977118,0.741,0.643,1,GALNT15
0.00167296961003013,0.459848102147225,0.853,0.801,1,FAM3C
0.00169098131253925,0.629545399710235,0.525,0.398,1,NRP2
0.00169557118369566,0.391059663337273,0.595,0.465,1,NCOA3
0.00170549355855746,0.59160070767403,0.597,0.49,1,UBE2Z
0.0017102875934786,0.434358208514152,0.88,0.83,1,AXL
0.0017129985754783,0.547534620181581,0.601,0.494,1,OSGIN2
0.00172031908336139,1.57976748436421,0.134,0.058,1,NDRG4
0.00172961217195638,0.622463103720695,0.487,0.365,1,SLC35E1
0.00173527193467527,0.328436549668669,0.64,0.527,1,BMPR2
0.00174626874471758,0.351645916057165,0.633,0.502,1,SHC1
0.00174753669072734,2.59204092635567,0.057,0.008,1,CACNA1A
0.00175149991717907,0.561581050852027,0.395,0.282,1,RIPK4
0.00177094469241327,0.406146662069884,0.485,0.369,1,PPP4C
0.00177611698042,0.953152929523785,0.179,0.091,1,MTFP1
0.00178223765691165,0.390154951482898,0.878,0.834,1,SMOX
0.00178586059914039,0.548150105073955,0.851,0.813,1,GAS1
0.00178610236820021,-0.323315419001855,1,0.992,1,ADIRF
0.00178692084442492,0.625074558335089,0.36,0.245,1,RPUSD4
0.00178717644406899,0.887205067522109,0.511,0.419,1,PPM1B
0.00179091455569258,0.51169614099951,0.458,0.328,1,TRIOBP
0.0017954037710281,0.328212425474761,0.8,0.71,1,DENND5A
0.00180018970165132,0.307882914235236,0.69,0.606,1,BRD8
0.00180201202866976,0.593169321832359,0.377,0.261,1,ABRACL
0.00181048849051715,0.539280213369904,0.756,0.651,1,LAMP1
0.00182178563757123,0.39957930735644,0.554,0.432,1,PTPRD
0.00182886271825235,0.627329482035616,0.377,0.266,1,FAM8A1
0.00182946014313253,0.400522231179924,0.762,0.647,1,TPD52
0.00183207992778662,1.79342919801569,0.116,0.046,1,OGFR
0.00183512309122304,0.326018023847376,0.293,0.187,1,AHCYL2
0.00183631179713357,0.827899007169235,0.413,0.299,1,UBTD2
0.00186771821512044,-0.447633479121491,0.927,0.929,1,CHID1
0.00187674120078802,0.689034100308768,0.45,0.332,1,WDR82
0.0018773728963296,0.470075266788693,0.42,0.295,1,SART3
0.00189188246279468,0.291437211182814,0.587,0.452,1,CHST6
0.00189324908494781,0.540040834892368,0.183,0.091,1,ARHGEF10
0.00191783698313896,-0.330013268239841,0.947,0.954,1,TMED4
0.00193240439529416,1.06354231133058,0.141,0.062,1,SLC27A1
0.00194347298355252,0.39294433659918,0.937,0.892,1,GBE1
0.0019651442574366,0.293869973371058,0.67,0.556,1,BAG1
0.00197704860483588,1.92775266886245,0.271,0.178,1,DUSP4
0.00197901790877954,0.445667962146761,0.982,0.988,1,AEBP1
0.00199413270185475,1.84321712178212,0.039,0,1,GDF6
0.00200745435766637,0.576920165604401,0.611,0.506,1,SDK2
0.0020230168438596,0.439351379282456,0.328,0.212,1,GFOD2
0.00202544646389144,-0.460508144908403,0.996,0.992,1,CFH
0.00203250360219407,0.264245955992595,0.47,0.34,1,B4GALT2
0.00204442733365171,0.286233994938873,0.32,0.207,1,NCBP1
0.00205349467807773,0.300173867448526,0.591,0.477,1,IFNGR2
0.00208043962285151,0.782439274935964,0.303,0.199,1,IRAK1
0.00208783309443785,0.37790789981977,0.47,0.357,1,HMOX2
0.0021077250070866,-0.596996502435686,0.356,0.245,1,LAMB3
0.00210775376044137,0.299750242876179,0.811,0.705,1,ADI1
0.00210854313622684,1.29709048065153,0.071,0.017,1,CHST13
0.00211775407387943,0.279197069041201,0.711,0.568,1,TIAM2
0.0021293738603713,0.342850791553586,0.774,0.693,1,USO1
0.00214726379558352,0.440195265877424,0.727,0.664,1,SBSPON
0.00217115221891535,-0.441947121439283,0.067,0.137,1,BRF1
0.00217854574015295,0.351113629357897,0.635,0.527,1,GIGYF2
0.00218280780467795,0.426430721558721,0.686,0.581,1,ATL3
0.00219685116506059,0.326378938693249,0.367,0.245,1,MTAP
0.00223155376231306,0.622249772418793,0.585,0.473,1,YAP1
0.00227811432311791,0.944280173433397,0.232,0.137,1,WHAMMP3
0.00228027893289028,0.35878100076796,0.674,0.552,1,AUTS2
0.00228460225398988,0.334384841931983,0.519,0.369,1,DHX8
0.00230431874246824,0.958576315991881,0.098,0.033,1,AP4M1
0.00230560982334285,0.353559040498181,0.955,0.909,1,PELI1
0.0023135389061278,0.513964115727255,0.552,0.444,1,UBAP2L
0.0023207353415057,0.362670993095471,0.774,0.714,1,FAM101B
0.00233527167605636,0.520557468249244,0.385,0.266,1,STK38
0.00233579154982851,0.540781266787438,0.181,0.095,1,PARVB
0.0023377325035681,0.508035884923618,0.686,0.589,1,MPP6
0.00234014236302761,0.519319683874453,0.902,0.838,1,LTBP2
0.00234305613654199,0.372175339818329,0.47,0.344,1,CRLS1
0.00235684286295851,0.489590664609823,0.499,0.378,1,PDE8A
0.002364652611621,0.302987749608854,0.692,0.556,1,TACC1
0.00237445327638218,0.478601437421173,0.629,0.502,1,TGM2
0.0024105616332887,0.291103537953223,0.933,0.867,1,PFKP
0.00241112748334701,0.96970141762119,0.084,0.025,1,ZNF75D
0.00241227958172507,0.3769262192061,0.652,0.531,1,TAOK1
0.00242731153402517,0.316342906135708,0.055,0.008,1,MAPK8IP1
0.00243364139235974,0.358477628047581,0.923,0.88,1,SPAG9
0.00243768961219162,0.294285018327539,0.098,0.033,1,PTK7
0.0024435529355287,0.320038597893237,0.554,0.423,1,NUDT5
0.00245913918232046,0.330947418036438,0.66,0.544,1,LINC00506
0.00246580126253768,0.624885048042177,0.473,0.357,1,SORT1
0.00246617524638797,-1.27027286727638,0.071,0.141,1,ZNF529-AS1
0.00248526401211621,0.261026376187558,0.523,0.386,1,SIK3
0.00249296872837533,0.860558510986919,0.415,0.311,1,MFAP3
0.00251433146427554,0.70617286551541,0.64,0.544,1,SDC1
0.00252125784042,0.496913703403419,0.462,0.344,1,ARF3
0.00252615693085393,0.392413710396061,0.67,0.535,1,PIGH
0.00252951940743508,0.303628835692356,0.815,0.751,1,TMEM165
0.00253696622576849,0.422450404376348,0.66,0.56,1,TMEM33
0.00255101837168389,1.21078310504534,0.126,0.054,1,SPATA6
0.00263380503756754,0.564666489568192,0.503,0.386,1,DENND3
0.00264268127828199,0.393762845038918,0.597,0.494,1,PGD
0.00265237578813959,0.530893292070689,0.664,0.585,1,USP7
0.00269763610625471,0.596549738229714,0.31,0.207,1,HS6ST1
0.00270726753930374,1.15282168980174,0.169,0.087,1,SLC2A4RG
0.00273166617270691,-0.608217808748332,0.859,0.851,1,RARRES2
0.00274191353148212,0.488093741776096,0.464,0.349,1,REV1
0.0027736332759207,0.362701824238556,0.776,0.647,1,KCTD9
0.00277881793184739,0.421751682431991,0.648,0.539,1,YY1
0.00280037829373274,0.416586428855493,0.703,0.602,1,SLC22A17
0.00281107306927082,-3.02227539134644,0.002,0.025,1,RERG-AS1
0.00284243859718533,1.08535685565995,0.324,0.232,1,GFRA2
0.00285192834843798,-2.86726705431894,0.002,0.025,1,SCNN1B
0.00285197467052913,-0.3109540808176,0.998,0.996,1,SSR3
0.00285225189953136,0.580302663590195,0.505,0.386,1,VPS4A
0.0028555021752918,1.39568276772928,0.104,0.183,1,HLA-DRA
0.00287255862997701,-2.12475695690416,0.002,0.025,1,ENTPD3
0.00288696736718225,0.701374494173955,0.731,0.697,1,LTBP4
0.0029163877154299,0.292048970349014,0.888,0.822,1,PPP2CB
0.00291890975243592,2.1644153131962,0.159,0.083,1,PWWP2A
0.002923391941036,0.341662764278575,0.625,0.515,1,XIAP
0.00292809624251683,1.74489945670868,0.081,0.025,1,MARCH9
0.00292871738028756,-0.283648850695815,0.937,0.929,1,FCGRT
0.00293452433565092,0.562519214861011,0.358,0.257,1,EGFLAM
0.00294958952106141,0.624869152415972,0.171,0.087,1,FAM43B
0.00295585394373797,0.350770272552774,0.855,0.788,1,CEBPB
0.00296243075895761,0.628432910795618,0.36,0.253,1,SAMD4B
0.00299704479884308,0.386129786992908,0.479,0.357,1,SGMS1
0.00300491027858,0.409390862422062,0.845,0.768,1,KPNA4
0.00301520814523648,0.46066283995539,0.464,0.353,1,SNX14
0.00301535379250051,1.94683552176732,0.045,0.004,1,TMEM171
0.00302465938443336,0.302558086904675,0.617,0.527,1,BRD4
0.00302643050360633,0.422321526239036,0.458,0.34,1,ADAMTS6
0.00304097774490832,0.437711088511634,0.261,0.158,1,TNPO2
0.00309465668058534,0.665224295315396,0.387,0.278,1,VHL
0.00311502483990832,1.51728447334124,0.067,0.017,1,DFFB
0.00311767142551948,0.331114903480557,0.937,0.913,1,SLC1A5
0.00313500004051354,0.492558803339636,0.409,0.311,1,ARHGEF40
0.00314921708736682,0.531797428450635,0.542,0.423,1,GNS
0.0031639720353996,0.660050451352889,0.436,0.328,1,PPRC1
0.00317978066948249,0.332339892282972,0.599,0.498,1,PIM1
0.00320425113013847,0.383464331122574,0.554,0.432,1,LEMD3
0.00323121739784269,1.07147896119127,0.163,0.083,1,PCGF6
0.00323924426887367,0.63151153454581,0.45,0.344,1,SIRT1
0.00323934449743525,0.768488797202649,0.273,0.178,1,STX4
0.00324658324048728,0.28078005114687,0.222,0.129,1,SENP1
0.00324842928473473,0.339572120815247,0.892,0.809,1,TGFBR2
0.00326924081430665,0.289881055923175,0.904,0.846,1,MXRA7
0.00327837752414724,0.832130764327156,0.088,0.029,1,ZNF385D-AS1
0.0032961189545067,0.760291322638008,0.244,0.149,1,SP1
0.00329844634123962,1.13622486728982,0.303,0.212,1,TMEM64
0.00330375388137084,0.464045103132105,0.303,0.199,1,CCDC91
0.003341067275876,0.353375008362464,0.974,0.917,1,MYADM
0.00336134285052582,0.472649147075156,0.196,0.108,1,ASPSCR1
0.00336429012550301,0.572949759139073,0.473,0.373,1,SPG21
0.00338509910074212,0.433178291302057,0.403,0.286,1,LOXL3
0.00341199691878057,0.32344237096243,0.644,0.548,1,NEK7
0.0034516623360816,0.389014134908008,0.699,0.606,1,DPYSL2
0.00346169122324366,-0.923948311793233,0.02,0.062,1,ST3GAL6-AS1
0.00346429279553398,0.297350654925921,0.318,0.22,1,ING2
0.00347376926045425,0.497823830108107,0.289,0.187,1,TSPAN4
0.0034738562623576,0.252527942970283,0.811,0.693,1,RDH11
0.00348000427510999,0.504907384305871,0.473,0.361,1,AGPAT5
0.00350855246513512,0.644635268051708,0.334,0.232,1,MPST
0.00350962051878197,0.333427843507829,0.747,0.643,1,RBM17
0.00355857207340801,0.546366677852803,0.261,0.166,1,GOLGA1
0.00356057046237919,2.86540947826572,0.059,0.012,1,PTGER1
0.00356615891162035,1.02448500391105,0.295,0.207,1,GLRX5
0.00358869717105956,0.804693447590284,0.271,0.174,1,MGRN1
0.00359212172045832,0.514428726493488,0.64,0.535,1,SPSB1
0.00361358587899402,1.32638342906274,0.116,0.05,1,TSHZ3
0.00361494713713848,0.537417685345151,0.64,0.548,1,CUL3
0.00362987036474782,0.360661644920373,0.338,0.228,1,STK25
0.00363696523537469,0.695211958306443,0.369,0.266,1,RFX1
0.00363747397693486,1.41810119164842,0.348,0.245,1,WNT16
0.00367192593118919,0.286956568564486,0.106,0.041,1,GCA
0.0036770011800245,0.400117448541364,0.976,0.967,1,RUNX1
0.00369347077873342,0.452443156505664,0.78,0.71,1,LRRC8A
0.00370388586668838,0.285962544874822,0.862,0.797,1,DLGAP4
0.00371697043183667,-0.681096415856167,0.061,0.124,1,TUBB1
0.00372029188563296,0.486235158314437,0.536,0.436,1,CLPTM1L
0.00375957503615222,0.591579740430771,0.489,0.382,1,SSBP3
0.00376513274553614,0.270918513980899,0.764,0.668,1,GALNT1
0.00378377021486662,1.22107807409472,0.149,0.075,1,RFX2
0.00379149230987348,0.33710373297479,0.733,0.651,1,SEC24A
0.00381121880890408,1.26248560082894,0.092,0.033,1,FBXL14
0.00381291869424929,0.346795315558741,0.839,0.763,1,LHFP
0.00383585736944074,0.662324393797749,0.332,0.232,1,PHYKPL
0.00384119111830014,0.428330831226804,0.542,0.411,1,SYNPO
0.00384684073310937,0.267815188921828,1,1,1,CTGF
0.00391273052565188,1.0708107940523,0.116,0.05,1,PRKX
0.00391512164845446,0.28774696134246,0.976,0.954,1,PLAUR
0.00394724829515958,1.04709667553532,0.043,0.004,1,EN1
0.00396621226086733,0.37294047488198,0.56,0.456,1,PLXNB2
0.00397433871966109,0.781575180975677,0.169,0.091,1,CNOT3
0.00398042807246326,0.507852886772222,0.735,0.643,1,SAMD4A
0.00398293508710499,0.311090769156458,0.703,0.56,1,P3H3
0.00398811768313089,0.292336019963926,0.68,0.568,1,STAG2
0.00399815355530493,0.471541175196715,0.961,0.896,1,HSPB8
0.00399971663906639,-1.44082162390311,0.004,0.029,1,ASB15
0.00401950716622194,1.15596461626719,0.212,0.124,1,ADARB1
0.00403388807705919,0.272540306850843,0.593,0.485,1,COL8A2
0.00405324291596192,0.275459981099638,0.424,0.315,1,RICTOR
0.00406335994828672,0.492245418122799,0.277,0.178,1,FDX1L
0.00407446819165361,-1.40234140367445,0.004,0.029,1,PRH2
0.00409476770867663,0.51530278265961,0.538,0.448,1,PLEKHB2
0.00411212289920228,0.468544527521873,0.363,0.253,1,MYO5A
0.00412378506984906,1.39794636281752,0.257,0.17,1,CCND1
0.00413343751685492,-0.515506595372279,0.9,0.938,1,PPP1R3C
0.00416115677865335,0.357865168323968,0.155,0.079,1,DNAL4
0.00416797331669896,0.411779100575719,0.517,0.394,1,CFAP97
0.00417199336663553,1.22192824553387,0.138,0.066,1,SFT2D3
0.0041785646794775,0.821149320501829,0.079,0.025,1,CMTM8
0.00417997385722459,0.701407053087745,0.222,0.133,1,OTUD3
0.00418989882153526,0.330094915363384,0.585,0.473,1,CUX1
0.00419527279005923,0.416033103981687,0.293,0.195,1,F5
0.00421406227241091,0.343357758690545,0.079,0.025,1,MSTO1
0.00421596487351786,-2.23928548445495,0.014,0.05,1,HIF1A-AS2
0.00421596487351786,-4.31260436991962,0.014,0.05,1,SEL1L3
0.00424821448321759,-2.32531342221505,0,0.017,1,AADACL4
0.00424821448321759,-3.16102860027996,0,0.017,1,LOC100507053
0.00424821448321759,-1.70737320203762,0,0.017,1,LVCAT5
0.00431323874477112,0.885559083065372,0.116,0.05,1,TMCC1
0.00433964113028577,0.479358192798506,0.79,0.701,1,GIPR
0.00443692711586983,0.365713450575645,0.933,0.888,1,SF1
0.00447458818516402,0.49677770321832,0.418,0.32,1,CYFIP1
0.00448189408948771,0.647863826363246,0.336,0.237,1,MFN2
0.0045077134793477,1.07445293766494,0.151,0.075,1,MGAT4B
0.00451999841473343,0.365825953361346,0.326,0.22,1,DNASE2
0.00453362146715775,0.580925962000944,0.405,0.311,1,MOB1B
0.00453454144534622,0.31135820892195,0.703,0.627,1,ZMIZ1
0.00454428845037547,0.423812687038147,0.334,0.237,1,TMEM189
0.00458561224977605,0.343248368672405,0.346,0.237,1,FAM126B
0.0045870725497341,-0.427067394575486,0.786,0.797,1,POLD2
0.00458972678292853,0.502642501092278,0.717,0.627,1,PTEN
0.00460784540259496,0.351893093587921,0.464,0.357,1,ZMYND11
0.00461384212057887,0.714787924192307,0.012,0.046,1,TFEC
0.00464573914931163,0.690117561228333,0.033,0,1,PMS2P9
0.00464573914931163,2.08450155678341,0.033,0,1,SCGB3A1
0.0046463878715629,0.304447133839274,0.988,0.971,1,NDRG1
0.00465622233913207,0.253557007857709,0.64,0.51,1,FAM168B
0.00466738605203065,0.725800377525629,0.631,0.581,1,SMPD1
0.0046845630198162,1.48502049844061,0.509,0.456,1,IGFBP5
0.00468950050235375,-1.10182653169104,0.006,0.033,1,PARVG
0.00469003774515956,1.05032518117967,0.065,0.017,1,KNTC1
0.00470046262999064,0.62681625222286,0.45,0.353,1,RAD23B
0.0047240771609885,0.450327282837825,0.454,0.349,1,PLEKHA3
0.00474709894396105,0.381883245139778,0.377,0.27,1,ASF1A
0.00476155900080935,0.951308463079214,0.263,0.17,1,OSER1-AS1
0.00476293886870231,0.43286685643761,0.656,0.556,1,KDM2A
0.00477750330435027,0.320239671059111,0.234,0.149,1,NELFA
0.00478518683523488,0.353873424676821,0.764,0.689,1,MFSD1
0.00479446160178034,-0.282306758569968,0.992,0.996,1,HLA-C
0.00480289861496243,0.98145523679015,0.228,0.141,1,GCC1
0.00480499185783693,0.877034299679522,0.138,0.066,1,SBNO2
0.00482038952788819,-1.85691408715424,0.006,0.033,1,LOC101927653
0.00484151853074985,0.275428774972605,0.324,0.216,1,CTDSP1
0.00484971503286013,0.419131131197466,0.597,0.527,1,DESI2
0.00491962605325119,0.560393427836191,0.104,0.041,1,ZNF518B
0.00492110582069683,0.689786587281894,0.057,0.012,1,DCAF4L1
0.00493781519577867,0.564879403452084,0.299,0.203,1,SLC5A10
0.00494071912308045,-0.352958297419776,0.68,0.776,1,PNKD
0.0049492154048992,0.803989710678792,0.393,0.299,1,SMARCD1
0.00496023288404201,0.916718650065221,0.342,0.241,1,VTRNA1-1
0.00496796089183828,0.650707273304793,0.444,0.34,1,SNX7
0.00497269604844796,0.797644155618964,0.222,0.137,1,AGPAT4-IT1
0.00497278094527227,-0.858179399563609,0.114,0.191,1,TOP1MT
0.00503512133110432,0.266926545120826,0.373,0.266,1,TM7SF3
0.00503990357683042,0.440101523934032,0.326,0.232,1,STX2
0.00506570101363631,0.716168317657859,0.532,0.448,1,CCDC50
0.00510958747751404,-1.80344378578926,0.024,0.066,1,ZNF501
0.00511242687197354,-0.418448475426109,0.165,0.083,1,FBXL2
0.00511285086595007,0.613098691532006,0.629,0.519,1,BRI3
0.00511586204360956,2.62130452182349,0.049,0.008,1,LRRIQ1
0.00511724097366984,0.277923905276501,0.739,0.643,1,RNF114
0.00512201591065372,0.400218351439482,0.477,0.369,1,SLC10A3
0.00513873997208317,0.936845223628418,0.202,0.12,1,UBE2O
0.00517415023440876,0.318765168616438,0.988,0.971,1,TGFBR1
0.00517490807767902,1.29798700525565,0.291,0.212,1,HHIPL1
0.00519527833057014,0.668954512757578,0.287,0.195,1,NEO1
0.00519916346748045,0.381904902801401,0.635,0.535,1,CHMP4B
0.00520555026654769,1.53530517208891,0.057,0.012,1,PPARGC1A
0.00520667764050904,0.54361119329886,0.248,0.158,1,CAPN15
0.00520795972046272,0.301866870218665,0.794,0.718,1,PRAF2
0.0052334651982032,0.869480881823898,0.279,0.191,1,SLC2A12
0.00524145433031994,0.264738874272774,0.762,0.66,1,DDR2
0.0053066276146463,1.0870923568766,0.141,0.071,1,BAHD1
0.00531906201618844,0.416762260325144,0.778,0.73,1,SEL1L
0.00532175547270017,1.89400916087469,0.251,0.17,1,SHROOM4
0.00534932248138368,0.405582288060931,0.375,0.274,1,PPP1R18
0.00538430205393583,0.583131148895136,0.55,0.436,1,SSRP1
0.00538561438869632,-0.301605307934852,0.959,0.979,1,ATPIF1
0.00541149308409851,0.286010441979803,0.68,0.573,1,PRKDC
0.00545701246769693,0.432423817840923,0.501,0.382,1,DCTN4
0.00546224078476777,0.51788109195529,0.198,0.112,1,LSM11
0.00551224076252306,0.402547105094303,0.31,0.207,1,PRRX2
0.00551702955728046,0.271671902344342,0.666,0.548,1,PACSIN2
0.00553963063925456,0.583534155722131,0.672,0.573,1,BAZ1A
0.00554300630451417,0.391180581076141,0.656,0.568,1,NRBP1
0.00564525910630332,0.599086903236443,0.407,0.295,1,TPRA1
0.0056725243663795,0.722693314526078,0.424,0.336,1,CDK16
0.00568183518027011,0.492727187769387,0.505,0.402,1,ZC3H8
0.00568507193893232,1.57433626757706,0.132,0.066,1,LOC101927056
0.00571524166006644,0.375192146300168,0.049,0.008,1,KCNK15
0.0057158497624062,-0.611190007886003,0.104,0.178,1,TNF
0.00572204376783239,0.53682211026997,0.365,0.266,1,GSS
0.00573543770895976,0.458121796965876,0.631,0.539,1,ETFA
0.00577615106294329,0.360760533948668,0.786,0.689,1,IMPAD1
0.00578755555625519,0.80728514276737,0.214,0.133,1,AKT2
0.00581620253986538,0.971891183297941,0.44,0.336,1,LINC00346
0.00581926533458242,0.330196991489777,0.833,0.772,1,FBXO2
0.00582561673998795,0.443450162320925,0.248,0.158,1,NOM1
0.00583159184737681,0.717844634521449,0.501,0.415,1,LRP4
0.00584538950905987,0.25470821121588,0.963,0.929,1,PPP1CB
0.0058523350857418,0.379914073432541,0.589,0.473,1,ZFYVE16
0.00589880544920905,0.77887840264897,0.224,0.141,1,AXIN2
0.00589948852804984,0.450494183653204,0.375,0.282,1,AP1AR
0.00591035869405267,0.437829350763904,0.582,0.481,1,NFIX
0.005917640760166,0.348083792371381,0.487,0.369,1,DOCK7
0.00592215024752448,0.285488533669415,0.876,0.817,1,SNX3
0.00593280866269638,0.675732216440991,0.163,0.087,1,NFATC2IP
0.00594246437443707,0.428599711006308,0.619,0.523,1,ATP5E
0.00596401287857631,0.428060834669338,0.458,0.361,1,ARMCX2
0.00597036307936689,0.369223528883396,0.574,0.465,1,PURA
0.00597598136488436,0.266075212643548,0.259,0.166,1,AVIL
0.00604220626548323,0.358954225959544,0.297,0.191,1,FBXL7
0.00604711803067452,0.584779617689799,0.283,0.191,1,VILL
0.00605945474695368,-1.65241232625505,0.022,0.062,1,NRG2
0.00607164066821693,0.478332766144656,0.523,0.432,1,TAB2
0.00608597474394488,0.261554475056826,0.961,0.938,1,RGS3
0.00608640928007557,0.517507323281676,0.523,0.432,1,FOXN3
0.00608716523361609,0.504917366368633,0.112,0.05,1,HUNK
0.00609401656546216,0.324238601400098,0.426,0.315,1,MAPK8
0.00609665804764588,0.50577107327156,0.47,0.373,1,LDLRAD3
0.00611390774735753,0.772850043845392,0.444,0.349,1,ACOT7
0.00612464054148185,0.382032993166716,0.424,0.324,1,NDNL2
0.00613292182789613,0.412405595232095,0.511,0.407,1,HEBP2
0.00617510024556741,1.47148235107682,0.189,0.112,1,MPP7
0.00623373037770688,0.328676853637509,0.069,0.021,1,RILP
0.00625651554796504,0.396270457781892,0.493,0.39,1,KHNYN
0.00627164213488541,0.412847236706146,0.701,0.589,1,TMEM2
0.00628325232558072,0.28093087508218,0.415,0.303,1,POM121
0.00630996703985206,0.412472588733369,0.391,0.29,1,RAB3GAP2
0.00631058885208751,0.904841936919308,0.145,0.075,1,LMNB2
0.00633750521249822,0.404894150583228,0.538,0.436,1,CYP27C1
0.00635196346053961,0.297336266649423,0.527,0.407,1,AGO2
0.0063689818024336,0.383195419341749,0.405,0.295,1,SH3D19
0.0063712661363449,0.266891789105834,0.729,0.656,1,GALNT18
0.00642568605416683,0.787128663462732,0.477,0.419,1,WNT5B
0.00643818382937493,-0.269556487176267,0.971,0.979,1,PRDX2
0.00644468191339563,0.690760762766285,0.399,0.303,1,GPSM1
0.00644657763661392,0.49167716139178,0.251,0.162,1,RPS4Y1
0.00644677731267096,-0.66235248799966,0.32,0.22,1,LOC101928580
0.00646601582745995,1.16638412089959,0.395,0.307,1,IGFBP4
0.00648871068226759,0.488576767909193,0.287,0.195,1,NUP205
0.00649025435176571,0.971695171157442,0.265,0.178,1,SQRDL
0.00651688245098752,1.76110792748187,0.104,0.046,1,C1orf106
0.0065216127612428,0.262405018752677,0.544,0.432,1,TXNL4A
0.00655227104356437,0.441947056074014,0.859,0.817,1,RNF149
0.00655364621838774,0.698974954763569,0.301,0.199,1,CLIC3
0.00655848652648112,0.426929285545338,0.485,0.369,1,MED1
0.00656415734111824,0.458835221151802,0.242,0.154,1,PTK6
0.0065772687125644,0.55226418279456,0.136,0.066,1,FAM189B
0.00657872589091791,0.713739619904625,0.44,0.344,1,ARID1B
0.00660617024270512,-0.45542883461057,0.642,0.676,1,SLC14A1
0.00662603177680636,0.689194785426257,0.122,0.058,1,SLC36A1
0.00662774854986248,0.337584607868885,0.483,0.353,1,LOC643406
0.00663131628604973,0.29763365581867,0.89,0.851,1,CCPG1
0.00664655155782974,-1.16915999685891,0.057,0.112,1,DNASE1L3
0.00673536676295134,0.273108389188392,0.723,0.618,1,LARP6
0.00675036156379477,0.398549154622626,0.179,0.104,1,FGF5
0.00678695107477819,0.312637670792421,0.754,0.672,1,CNOT2
0.006815122483949,0.511266717301418,0.198,0.116,1,DEAF1
0.0068248354622445,1.86622853215869,0.098,0.041,1,NOP9
0.00682986645999532,0.494195935860183,0.707,0.614,1,ABL2
0.00684241075801313,0.938906707021468,0.226,0.141,1,DIS3L
0.00686592478952356,0.87155552578019,0.212,0.133,1,SPPL2B
0.00687800048173093,0.283681339701287,0.967,0.95,1,HMOX1
0.0068787120061716,0.630932121977725,0.094,0.037,1,TMEM265
0.00689441405052786,0.521541117867952,0.271,0.183,1,SLC52A2
0.00694714314370659,0.403082119802581,0.458,0.361,1,EI24
0.00695024455708106,0.403711700552129,0.654,0.568,1,FLT1
0.0069654813109815,0.34200117155843,0.772,0.705,1,TPBG
0.00696595044304475,-0.601841337629766,0.124,0.058,1,NOTCH3
0.00699668029293338,0.314036088749426,0.76,0.643,1,IBTK
0.00699881249422446,0.260114847605973,0.982,0.938,1,KIAA0040
0.00700037153054403,0.539951697220515,0.383,0.286,1,BCAS4
0.00709519817749976,1.72241405003106,0.061,0.017,1,LOC81691
0.00710078598099444,0.885584269296068,0.094,0.037,1,SASS6
0.00711788641421649,0.535681881523396,0.436,0.349,1,WIPI1
0.00712544305987984,0.654972892786392,0.574,0.494,1,GPT2
0.00713759480592577,0.310570641897578,0.762,0.66,1,LSM14A
0.00718582993608842,0.298013617475038,0.21,0.124,1,GUF1
0.00720383572825676,0.403769011251821,0.354,0.257,1,XPO1
0.00720728495365189,0.261425455220054,0.411,0.299,1,CS
0.00728510875935192,-0.405664703553661,0.713,0.768,1,RASD1
0.0072990949017685,0.391064180881699,0.312,0.212,1,CDADC1
0.00735898855641778,0.656353033845569,0.118,0.054,1,FLYWCH1
0.00736998271026636,0.717958949141258,0.202,0.12,1,TBC1D7
0.00738325306983505,-1.35555845258808,0.039,0.004,1,TECRL
0.00738690563364602,0.934729705508777,0.092,0.037,1,SPRY1
0.00740697159952069,0.507724044905855,0.711,0.651,1,CDA
0.00741759605732559,0.319304470924795,0.58,0.494,1,MRPL15
0.00746200553795264,0.282982621496074,0.566,0.461,1,SENP2
0.00746935905091535,0.412449041963973,0.273,0.178,1,ARHGAP23
0.00748083302348645,0.395676427138299,0.297,0.203,1,MAGI1
0.00750440043297855,-1.98237239350849,0.018,0.054,1,DAAM2
0.00751255417529019,0.834731910319776,0.283,0.195,1,AP1B1
0.00751356711867485,0.426622699858109,0.198,0.12,1,RAB30
0.00751777705618178,0.552213370055995,0.151,0.079,1,EXOC6B
0.00755635986832392,0.402868937422544,0.356,0.261,1,PPP3CC
0.00757907913744303,0.315228404449393,0.794,0.722,1,NKX3-1
0.00757946953409076,0.290778951589668,0.609,0.49,1,PLIN3
0.0075841998813983,0.748935528802474,0.342,0.253,1,NUP214
0.00759055737765322,0.681493583148737,0.291,0.203,1,EVL
0.00759195919082917,0.94858075997121,0.22,0.137,1,HNRNPUL2
0.00763946046033467,0.386342580145121,0.642,0.548,1,UBR4
0.00767224677780999,0.418796702961907,0.788,0.701,1,NR4A3
0.0076750557148522,0.337298529124302,0.825,0.772,1,GAS6
0.00769052842049709,1.08346205611448,0.143,0.075,1,ZNF629
0.00774478574145673,-0.389454178240962,0.76,0.826,1,ADM
0.00776931975008636,0.412379874989897,0.8,0.73,1,ANKRD11
0.00777532124401959,0.532299082535569,0.1,0.041,1,PRKAR2A
0.00780175594734986,0.266046631485102,0.91,0.871,1,TNS3
0.00785922731126986,0.343780425557753,0.967,0.95,1,SFPQ
0.00788571499831072,0.846650006751912,0.12,0.058,1,USP12-AS1
0.007895727144342,0.273287018248043,0.996,0.992,1,CRIP1
0.00790557865996078,0.278395200946529,0.784,0.672,1,HOOK3
0.00794419249292037,0.453616384887718,0.625,0.531,1,RNF6
0.00794819950881074,0.636759180358538,0.216,0.133,1,THAP11
0.00797238464738013,0.261430392124249,0.786,0.718,1,CTHRC1
0.00799050152376031,-1.42675688417952,0.037,0.083,1,CNFN
0.00800634255571127,0.252615797875104,0.267,0.178,1,CYB561A3
0.00800729218861239,0.3232480291166,0.923,0.896,1,SDF4
0.00806522018219145,1.10709498612725,0.079,0.029,1,B3GALT4
0.00806691423772295,0.427716278614283,0.666,0.606,1,WDR26
0.00806842530038519,0.259588259236945,0.635,0.535,1,COLGALT1
0.00807068271734869,0.330371093399367,0.242,0.154,1,GAS2L3
0.00810744258182899,0.357709880824695,0.919,0.88,1,SNHG16
0.0081166253339237,0.317165569063696,0.64,0.564,1,DESI1
0.00811864272915118,0.718846884070196,0.55,0.465,1,SLC30A5
0.00812603749731624,0.987939974843985,0.391,0.32,1,CITED4
0.00818873303260541,0.287020423913871,0.572,0.456,1,GAREM
0.00819161262212204,1.49798394570776,0.029,0,1,CNTN4
0.00822553202650855,0.409291360967736,0.743,0.643,1,HRH1
0.0083713994865065,0.607683150824,0.593,0.51,1,ALDH1A3
0.00840304333420181,0.389764417117224,0.086,0.033,1,LOC103344931
0.00841299994616758,0.406612790611229,0.53,0.427,1,NPIPB3
0.00842175464474696,0.30003482459212,0.338,0.237,1,ZNF654
0.00843138392243451,0.439088210316277,0.244,0.154,1,HACD4
0.00847608090272585,0.623950971640991,0.348,0.257,1,SLC39A3
0.00850355355180847,0.564537262617682,0.185,0.112,1,DYSF
0.00850815313657235,0.347722600544184,0.595,0.515,1,SCAMP1
0.00855309189546324,0.260138372748906,0.002,0.021,1,GNA15
0.00861726721727639,0.692994421939178,0.251,0.17,1,NCAPD3
0.00864158401280245,0.299132144934136,0.705,0.639,1,ITIH5
0.00867097341168865,0.58688193395804,0.277,0.187,1,DDX3Y
0.00871041988953191,0.621047741720354,0.358,0.27,1,KATNBL1
0.00873517383925799,1.02959253561138,0.092,0.037,1,C9orf50
0.00876629651888472,0.271711610582769,0.196,0.116,1,GIPC1
0.00878199975374995,0.368891599612588,0.707,0.627,1,LPAR1
0.00879368342976187,0.475949094831124,0.448,0.34,1,MREG
0.00879801836385537,0.581978835056374,0.269,0.178,1,EXOSC2
0.00881181102227389,0.936288973900006,0.177,0.104,1,ARHGEF26
0.00882705407529731,0.29883296746058,0.385,0.286,1,UBP1
0.00883025240054015,0.300573747222165,1,0.988,1,FGF2
0.00892871019982281,0.425614833151191,0.271,0.178,1,ZMYM4
0.00894282570008514,0.252596226945985,0.688,0.589,1,BAG6
0.00896764457140354,0.6207235517983,0.448,0.353,1,FLNB
0.00899264503956643,0.650986862510872,0.487,0.415,1,MAN2A1
0.00899562411498829,0.505672701615899,0.202,0.12,1,FAAH
0.00904898076511152,0.491843803237842,0.589,0.51,1,IL11
0.0090935331187501,1.47604900712429,0.045,0.008,1,PRORSD1P
0.00909483135117005,0.591037883840981,0.552,0.456,1,SEC23B
0.00912697397878177,-0.792394276812078,0.016,0.05,1,PLEKHA6
0.00914615339686823,1.1936321017945,0.138,0.075,1,NFRKB
0.00915362587876936,1.07928577642608,0.059,0.017,1,LRRC75B
0.00920762429777595,0.263762215902462,0.676,0.577,1,HMGCS1
0.00921288026343358,0.326617779257184,0.515,0.415,1,EML1
0.009219199113734,0.411916431845135,0.432,0.32,1,MELK
0.00923087914978364,0.437620874076031,0.422,0.336,1,ADAMTS2
0.00924658934251408,0.692415173683471,0.261,0.174,1,ATG7
0.00927127162007129,0.468109051767164,0.191,0.112,1,CASD1
0.00929467671830013,0.645921095154607,0.147,0.079,1,SLC35E2B
0.00929896561891019,0.495498790995162,0.322,0.232,1,CLPTM1
0.00929955848434028,0.344968741159649,0.36,0.261,1,CIZ1
0.00934890669352149,0.282671900630495,0.727,0.631,1,BTAF1
0.00935050030396587,0.32659045514526,0.758,0.693,1,RHOU
0.00939657906462019,0.561378300302339,0.46,0.373,1,VASP
0.00939931483506559,0.679529154347791,0.283,0.199,1,TMEM59L
0.00940091871529665,1.27978719577866,0.196,0.124,1,ABCB9
0.00940781762412469,0.462227761781935,0.609,0.535,1,SLC39A13
0.00942582389271281,0.307376172353561,0.597,0.494,1,CPNE1
0.00943369624923289,0.435549169533857,0.338,0.245,1,CHSY3
0.00944333359996361,-0.398803526259102,0.672,0.739,1,MRPL54
0.0095275590170629,-0.331502283664246,1,1,1,GPX3
0.00953234918104788,0.430059252452508,0.519,0.415,1,MCRS1
0.00954043852444526,0.368877642548298,0.363,0.261,1,KLHDC10
0.00957761807875799,0.735470310643433,0.393,0.299,1,DIO2
0.00958984711618731,0.490718045615591,0.509,0.423,1,DYRK1A
0.00961997463794612,0.798562068437424,0.187,0.112,1,GRK6
0.00962539922118957,0.829191777777185,0.365,0.27,1,INO80
0.00965190595445168,0.324022384000857,0.996,0.996,1,FGF1
0.00967745246258852,-1.28821522864392,0.014,0.046,1,EFCAB5
0.00969401175535926,0.386244203230572,0.371,0.266,1,RAB5C
0.00970108629866669,1.25005996051416,0.202,0.129,1,ZNF662
0.00970670339374752,0.345319402856289,0.572,0.477,1,TTC17
0.00971352789611432,1.08260443939798,0.112,0.054,1,SLFN5
0.00973668980216524,0.475391459848082,0.42,0.324,1,CUL4A
0.00975230132414129,1.02430746796386,0.334,0.249,1,USP24
0.00978093356145444,0.31937987753711,0.666,0.577,1,BCL2L13
0.00978891106430513,-0.513996868785075,0.045,0.008,1,ZMAT5
0.0097974947316134,0.382580411554112,0.487,0.39,1,SORBS3
0.0098150185049545,0.800475626545939,0.314,0.232,1,P4HA3
0.00986724318968959,0.326332264142424,0.395,0.29,1,MRPL49
0.00989347762760949,0.587266156371402,0.244,0.158,1,MTA1
0.00996906492165145,0.486042813569059,0.58,0.485,1,NOP2
0.00999349053820074,-1.97262863121191,0.014,0.046,1,SMCR5
0.0100166811714404,1.68909097506339,0.071,0.025,1,BIK
0.010021218829748,-1.49209063504122,0.012,0.041,1,PRH1
0.0100442504110977,-0.888569037741506,0.248,0.332,1,CPM
0.0100463180466055,0.521517475185345,0.525,0.432,1,PHF20L1
0.0101083896869346,0.333493804989185,0.707,0.643,1,HIVEP2
0.0101099842375626,0.300611833444585,0.261,0.17,1,SLC2A10
0.0101620135608365,0.547549605103778,0.098,0.041,1,MPL
0.0101822241557647,0.488879679049742,0.422,0.32,1,TMEM91
0.0101914422195942,0.574815820725408,0.375,0.278,1,TRIM23
0.0102223787518725,0.474043997725955,0.308,0.216,1,KIF16B
0.0102350118870796,0.341886567757241,0.279,0.183,1,C11orf72
0.0102447714581496,0.517596031272454,0.35,0.249,1,NEK9
0.0102552595583228,1.06493105142453,0.263,0.183,1,MORC4
0.0102824816754761,0.369341670374373,0.363,0.278,1,SH3KBP1
0.0103561321913598,2.99373273487335,0.112,0.054,1,TMEM132C
0.010356474613321,0.282442145664648,0.206,0.129,1,SYVN1
0.01046977805583,0.412814116186055,0.637,0.523,1,RAB27A
0.0104895927156829,0.412713576205691,0.21,0.133,1,DOK5
0.0105789580336258,0.373566149153129,0.701,0.622,1,KDELC2
0.0106436697625808,-0.312163952737117,0.163,0.087,1,MLX
0.0106436697625808,0.778596227903524,0.161,0.091,1,CPED1
0.0106884331761496,0.732914625929412,0.114,0.054,1,TNFRSF21
0.0106908276313146,0.316431008959816,0.933,0.892,1,ATP13A3
0.0106936957501825,0.301251621287773,0.914,0.867,1,PDE4B
0.0107419696806921,0.457751552746483,0.475,0.398,1,CCDC101
0.010781202835052,0.424502604919532,0.729,0.68,1,DIXDC1
0.0107822410594454,0.292890560834326,0.798,0.718,1,KCNK1
0.0108422180171258,-2.02398747548264,0.004,0.025,1,C16orf54
0.0108422180171258,-1.19684735926948,0.004,0.025,1,OPRK1
0.0108537772721635,0.707236839565744,0.397,0.307,1,UBN2
0.0108595130491216,0.73740704850484,0.077,0.029,1,SLC2A5
0.0108715424740836,-0.573023966116155,0.155,0.083,1,NAIP
0.0108940394071648,0.789627643887876,0.026,0,1,CFAP52
0.0108940394071648,1.14456632078963,0.026,0,1,M1AP
0.0108940394071648,0.586735123963234,0.026,0,1,PQLC2L
0.0109459747926559,0.485328690936212,0.363,0.27,1,NOL8
0.0109461398723041,0.339496188066962,0.458,0.369,1,UBXN6
0.0110346376239665,1.51036531429147,0.126,0.066,1,MORC2
0.0110363091215764,-2.39555824793024,0.004,0.025,1,PDZRN3-AS1
0.0110363091215764,-2.44900868515156,0.004,0.025,1,STOX1
0.0110640311252386,-1.08193210983741,0.163,0.091,1,TBC1D22A-AS1
0.0110859097835233,0.266944866264358,0.365,0.266,1,PNPO
0.0111016887533116,-1.2002149577871,0.004,0.025,1,ACHE
0.0111177951435337,0.277244263140996,0.829,0.801,1,REEP3
0.0111254641128754,0.596698924771823,0.151,0.083,1,CELSR1
0.0111267583675237,0.848262292465522,0.312,0.224,1,ZSCAN2
0.0111300831467567,0.345105089902973,0.992,0.988,1,PTGS2
0.0111308925974986,0.914296608751717,0.405,0.32,1,YOD1
0.0111342240497682,0.973538188900694,0.118,0.058,1,TMEM104
0.0111834402173259,-1.18799104953185,0.012,0.041,1,EMILIN2
0.0111839947781018,0.3066940716069,0.631,0.556,1,ERO1L
0.0112111032046989,0.343297972486541,0.191,0.116,1,ACAD8
0.0112384461421135,0.531962828833477,0.198,0.12,1,STRN
0.0112547970787663,0.27149822079513,0.631,0.519,1,ACTR2
0.0113025504247145,0.981711478325012,0.275,0.195,1,DOCK8
0.0113222161105727,0.666164167402312,0.301,0.216,1,LDOC1L
0.0114052105268877,0.844689262280603,0.106,0.05,1,NPL
0.0114240574600982,-1.42028891338845,0.145,0.079,1,RPS15AP10
0.0115273401248729,0.403615070350289,0.155,0.087,1,BECN1
0.0115608785285464,0.392826081964383,0.743,0.664,1,GNB1
0.0116408704738665,0.3573773025473,0.409,0.307,1,CRNKL1
0.0116691062379028,0.328369550321409,0.599,0.498,1,MGLL
0.0117051729807511,0.296189159826658,0.328,0.228,1,SNRNP70
0.0117477734718559,-0.60206769361198,0.411,0.49,1,UNK
0.0117855803828007,0.492111091069996,0.214,0.133,1,CBX7
0.0118148697585248,0.378948024949056,0.273,0.187,1,AP4S1
0.0118565603750989,0.517391582061574,0.473,0.378,1,MUC1
0.0118797532536895,0.967881777243198,0.112,0.054,1,C5orf34
0.011888602269909,0.454216139533169,0.745,0.697,1,LOXL2
0.0119440302324507,0.42648337018192,0.45,0.357,1,FBXW11
0.011961846850241,0.819170101645094,0.273,0.195,1,WWP1
0.0120121083384969,0.333578676102484,0.521,0.423,1,ADAM12
0.0120188458204502,-1.5782333869942,0.01,0.037,1,C16orf71
0.0120836758526813,0.400515954782871,0.358,0.261,1,LRCH1
0.0121822187299307,0.293324763804258,0.536,0.432,1,MARCH7
0.0121899455705288,0.349442883351214,0.752,0.693,1,CHD4
0.0122454478581247,0.33050628391889,0.546,0.448,1,SAFB
0.0123294634219462,1.41632605708864,0.035,0.004,1,ABCC2
0.0123746944546065,0.961341237354539,0.301,0.228,1,RBSN
0.0123802385021909,-1.38340973128662,0.006,0.029,1,C9orf131
0.0124491665167718,0.547819282338146,0.281,0.195,1,RNF40
0.0124615154484164,0.330479747530423,0.68,0.568,1,MAP4K4
0.0125155421230935,0.312161473145909,0.578,0.485,1,SOX5
0.0125275325476564,0.910978004446237,0.11,0.054,1,TNRC18
0.012587390072568,0.570359612152246,0.257,0.174,1,ATP11C
0.0126121002908301,0.442737932549671,0.167,0.095,1,ZBTB3
0.0126490960105529,0.529035190187102,0.432,0.349,1,HSCB
0.0126494038511009,-0.682512632047585,0.008,0.033,1,CRABP1
0.0127316636867587,0.516479630758276,0.542,0.432,1,PXN
0.0127833380077586,0.649778820672081,0.367,0.286,1,JDP2
0.0127907906710444,-0.342190791675509,0.183,0.108,1,FAF1
0.0128115706151225,-0.666992609650647,0.204,0.278,1,STMN1
0.0128140241232308,0.921135951351578,0.088,0.037,1,ACSF3
0.012816884876787,0.256428298000883,0.591,0.49,1,TIPRL
0.012836830392765,0.761644370673618,0.389,0.307,1,BARX2
0.0128398285640222,0.253957584595684,0.261,0.174,1,UBFD1
0.012848434067296,0.313788075022197,0.318,0.237,1,UBTF
0.0128510750542196,0.671113205530088,0.057,0.017,1,CYP27B1
0.0128685018987975,0.43354898182767,0.403,0.307,1,CASK
0.0128910579465186,0.368709170921268,0.552,0.465,1,SEMA3D
0.0129136027044577,0.381858444749613,0.138,0.075,1,SLC38A7
0.0129416461307536,0.459423655045111,0.244,0.162,1,RAB23
0.0129779558149748,0.26785248564818,0.642,0.544,1,YES1
0.0132291723719535,0.898453954094557,0.226,0.154,1,WISP1
0.0132353880418693,0.909089215626257,0.132,0.071,1,METTL25
0.0133010013971755,0.466767580327488,0.415,0.336,1,LRP12
0.0133626614946497,-2.36615584674006,0,0.012,1,ADCYAP1R1
0.0133626614946497,-1.31584240467263,0,0.012,1,CDK11A
0.0133626614946497,-1.11436500067737,0,0.012,1,CEBPE
0.0133626614946497,-1.3036387188894,0,0.012,1,CLCA4
0.0133626614946497,-1.60832681769961,0,0.012,1,GLYCTK-AS1
0.0133626614946497,-1.69974973369362,0,0.012,1,GPR156
0.0133626614946497,-2.62154007963668,0,0.012,1,KIAA1257
0.0133626614946497,-2.52676597661465,0,0.012,1,LINC00366
0.0133626614946497,-2.52007041540522,0,0.012,1,LOC101927870
0.0133626614946497,-2.71684938563188,0,0.012,1,LOC101928035
0.0133626614946497,-1.19341959079368,0,0.012,1,LOC101928539
0.0133626614946497,-1.82282844768839,0,0.012,1,LOC101929125
0.0133626614946497,-1.24735520072153,0,0.012,1,LOC101929331
0.0133626614946497,-2.35014617678003,0,0.012,1,LOC102724849
0.0133626614946497,-2.46067415771841,0,0.012,1,MED4-AS1
0.0133626614946497,-2.11559596174089,0,0.012,1,NFIA-AS1
0.0133626614946497,-1.17378470267657,0,0.012,1,SNORA77
0.0133626614946497,-2.18476432647709,0,0.012,1,TBX2-AS1
0.0133626614946497,-1.30095294306446,0,0.012,1,VN1R10P
0.013372190186913,-0.736154285337452,0.253,0.332,1,CCDC18
0.0133900461006322,0.353012457556181,0.711,0.602,1,SPG20
0.0134107848838172,0.58230864439631,0.318,0.232,1,RBBP8
0.0134303944932759,1.22597418435572,0.126,0.066,1,TNFSF15
0.0134332143276324,0.718612648410986,0.587,0.515,1,MBOAT1
0.0134378679021339,0.811013424181336,0.371,0.29,1,MESDC1
0.0134546295855677,0.425172673758091,0.365,0.27,1,ZNF704
0.0134839193878241,0.708778763600741,0.063,0.021,1,KIF3C
0.0134893993930038,0.316060529606819,0.32,0.228,1,ZNF703
0.0135009765062229,0.57427558025607,0.79,0.739,1,NFKBIZ
0.0135621897574796,0.306429366702385,0.605,0.527,1,SMAD5
0.0135709375590121,1.19904394772216,0.049,0.012,1,USF1
0.0136116408739738,0.325407881413716,0.122,0.062,1,EML6
0.0136389403986746,0.556219536307603,0.56,0.469,1,MARK3
0.0136942923017409,0.643479545988514,0.564,0.49,1,AHCTF1
0.0137314210854012,1.74437800500463,0.092,0.041,1,SIMC1
0.0137320139396684,0.364817828214099,0.481,0.394,1,CTDNEP1
0.0137665442545362,0.395752687983793,0.24,0.162,1,HCFC1
0.0137849808486677,0.971810234567723,0.328,0.241,1,AHSA2
0.0138091009941066,0.323104185880042,0.33,0.245,1,ATRN
0.01383882355059,0.877066680655258,0.069,0.025,1,LRRN1
0.0138488368135137,0.488034958999188,0.55,0.469,1,CTBP2
0.0138702247004395,0.333487143773153,0.128,0.066,1,ZNF250
0.013878733965732,0.399114114990755,0.409,0.32,1,LYPLA1
0.0139100601971254,0.351418876232026,0.122,0.062,1,SPATA17
0.0139203793111613,0.988584460445451,0.049,0.012,1,VSNL1
0.0139812581883325,0.451165913642899,0.566,0.485,1,ZMPSTE24
0.014030017118864,0.915187018969807,0.136,0.075,1,IL17RA
0.0140366635750082,0.546016166578527,0.088,0.037,1,PXN-AS1
0.0141216454919517,0.526592284094437,0.273,0.191,1,TYW1
0.0141432472553382,0.471368998205639,0.185,0.112,1,GPR137
0.0141558673548338,0.325609743896373,0.489,0.386,1,PTBP2
0.0142282372506976,0.346084182431845,0.55,0.456,1,TP53BP1
0.0142353842378942,0.321159251050352,0.792,0.73,1,RAB6A
0.0142371897089838,0.385288265643789,0.354,0.27,1,FLVCR1
0.0143054690310299,1.00513387969111,0.147,0.083,1,BARD1
0.0143480360838264,0.473146122138444,0.47,0.382,1,SIRPA
0.014383119468152,1.21246949345608,0.149,0.087,1,MPP3
0.0143942512512025,0.543448199758431,0.295,0.216,1,AGO3
0.0144349239519283,0.698924723188829,0.385,0.307,1,SLC38A6
0.0145073539607781,2.25404345038942,0.024,0,1,DCT
0.0145073539607781,1.15278093137731,0.024,0,1,NLRC4
0.0145073539607781,0.45135173301339,0.024,0,1,TINAGL1
0.0145510489343741,1.12168831777939,0.049,0.012,1,DLL3
0.0146081873720747,0.769880121918539,0.415,0.328,1,ARHGEF1
0.0146399218313572,0.745111803610624,0.279,0.199,1,BRMS1L
0.0146410339736923,0.431957156881481,0.562,0.481,1,PKD1
0.014729839287356,-0.503165665355514,0.053,0.1,1,FCGR2A
0.0147739936364602,0.362246324751588,0.627,0.552,1,COPS7A
0.0149038418096684,0.680201468751967,0.134,0.075,1,TYMP
0.0149160910156414,-0.273004697085565,0.409,0.295,1,VPS51
0.0149276329001045,0.36709264432764,0.523,0.436,1,MCMBP
0.0149408370596722,0.289168033301956,0.886,0.876,1,COPA
0.0149443173911415,-0.525062489733911,0.136,0.207,1,FAM180B
0.0150113952456669,0.312100296491049,0.804,0.751,1,RAB21
0.01502127741263,0.900158064185051,0.126,0.066,1,SLC25A51
0.0150808128186323,0.567638275525789,0.088,0.037,1,LOC729732
0.0150823742452017,0.615397553600895,0.479,0.411,1,DCAF10
0.0151093430738725,-0.817192086944499,0.931,0.913,1,RBP4
0.0151170499296212,-0.266968098259766,0.945,0.963,1,ATP6V1F
0.0151235348347724,0.855828800972527,0.387,0.307,1,BTBD7
0.0151466901950285,-0.395415883585518,0.927,0.946,1,NAA38
0.0151746449372349,0.250856157596596,0.923,0.892,1,C6orf62
0.0152132526318125,0.559143320645553,0.295,0.216,1,ASB6
0.015228025376456,1.36628511083552,0.138,0.079,1,EXTL3
0.0152291671065126,0.96353470056148,0.271,0.191,1,KCNQ5
0.0152800507614499,0.311843153332321,0.165,0.095,1,LOC101927027
0.0153105242609925,0.656018020982691,0.177,0.108,1,SPAG1
0.0154220662917584,0.403726431740911,0.68,0.664,1,STEAP1
0.0154245278740378,0.46529719560981,0.261,0.183,1,GRIPAP1
0.0154594041277024,0.360512670817161,0.358,0.266,1,KIAA2013
0.0155357398031196,0.758029914042511,0.12,0.062,1,PAPLN
0.0155462398198153,0.86851427416041,0.434,0.369,1,TNFSF10
0.0156136933098015,0.273094031461727,0.456,0.357,1,SNTB2
0.0156321218118666,2.23175986544431,0.096,0.046,1,LAMC3
0.0157567089949819,0.63292007417397,0.126,0.066,1,AP2A1
0.0157655043966461,-1.20747241059011,0.029,0.066,1,IRX3
0.0157826764117005,0.870772373129626,0.041,0.008,1,GTF2H4
0.0158175571647912,0.327475695576724,0.181,0.108,1,FAM122A
0.0158531093846869,0.546730656729521,0.073,0.029,1,ATF6B
0.0158587811936202,0.423155366020489,0.369,0.278,1,FRMD4B
0.0158652298952606,0.596398683959659,0.8,0.772,1,NFATC1
0.0158694445162055,0.508857696955959,0.54,0.473,1,PDCL3
0.0159515572946735,0.358431646482512,0.835,0.776,1,FURIN
0.0159559885807062,0.459842518063841,0.456,0.369,1,HSPA14
0.0160092639969088,0.72016018573537,0.214,0.137,1,PHF21A
0.0160253726626291,1.48419480210681,0.079,0.033,1,TMEM63B
0.0160309034205369,0.994034460742274,0.13,0.071,1,RAP1GAP
0.0160628300225615,0.777076859121596,0.32,0.241,1,HMG20A
0.0161289392282124,2.41170417817779,0.09,0.041,1,CPTP
0.016157032005934,0.260458586225414,0.399,0.303,1,PDXK
0.0161753577501938,0.802185999083135,0.055,0.017,1,RNF125
0.0161955188096303,2.06266514430661,0.21,0.278,1,CCL3
0.0161974161497298,1.25497443946244,0.061,0.021,1,WBSCR17
0.0162185487667501,1.27623109012088,0.079,0.033,1,PLCG1-AS1
0.0162736955497577,0.803902039816394,0.312,0.22,1,ULBP1
0.0162765055149866,0.35142234455996,0.778,0.722,1,DHX9
0.016291704788081,0.277387662081423,0.287,0.203,1,B4GALT5
0.0163085421447929,0.344947664070028,0.373,0.286,1,MANBA
0.0163433487660636,0.359898852073287,0.12,0.062,1,UBA6-AS1
0.0163493823698086,0.375204254682471,0.086,0.037,1,CATSPER2P1
0.0163572452754815,1.63174781923952,0.033,0.004,1,C1orf194
0.0163997727232658,0.728743556951566,0.352,0.274,1,PAPD5
0.0164142253487964,-0.262277687206738,0.251,0.162,1,HYAL2
0.0164167341414101,0.268601983782113,0.697,0.598,1,SOWAHC
0.0164681121578739,-0.920917449551141,0.061,0.112,1,PLEKHA8
0.0165386072648002,0.585548077353169,0.086,0.037,1,CASC15
0.0165559739457984,-0.32066786857984,0.224,0.141,1,TBC1D12
0.0166651977650503,0.814273939280347,0.328,0.253,1,SSC5D
0.0167410313737406,0.318219135298328,0.468,0.386,1,PPP1R13L
0.0167707792485974,0.349448109000302,0.78,0.722,1,JHDM1D-AS1
0.0167717289414452,0.99250649304661,0.257,0.178,1,POSTN
0.0168091735460078,0.714009507232659,0.161,0.095,1,TRRAP
0.0168795884684047,0.473237525124402,0.809,0.768,1,ADAMTS1
0.0168834720242594,0.338511047876489,0.379,0.299,1,UPF1
0.01688741037523,0.614853506120164,0.436,0.353,1,PLEKHM2
0.0169455039809123,-0.554123672320466,0.564,0.631,1,TCEA3
0.01703711919829,0.341606354882811,0.542,0.452,1,EIF4G3
0.0170980023131354,0.285342164134925,0.644,0.552,1,LINC00673
0.0171005150434254,0.353873369315123,0.735,0.685,1,CCDC90B
0.017108694581026,0.461655145654032,0.47,0.386,1,SRPK2
0.0171752689979966,0.694904509846317,0.261,0.191,1,FGF18
0.0171773863594055,0.755442849341053,0.122,0.066,1,NXPE2
0.017202564990881,0.316967280493876,0.222,0.141,1,ZNF160
0.0172974648951383,0.532708997239719,0.079,0.033,1,TBC1D9
0.0173035635823991,1.12897588028287,0.21,0.141,1,TSPAN5
0.0173179299334956,0.279165960492797,0.845,0.793,1,WBP11
0.0173250135428984,0.943694723217711,0.116,0.062,1,PCBP4
0.017354973918517,0.334596170664583,0.212,0.137,1,KIF1C
0.0173877929910436,-1.47237702632301,0.084,0.137,1,DPCR1
0.0173879936674008,0.525794342946195,0.348,0.266,1,GXYLT1
0.0174142844951183,0.962796068774356,0.143,0.083,1,NR2C2
0.0174421776374242,0.632204795869082,0.167,0.1,1,TDRP
0.0174845236468874,-0.273416828545174,0.931,0.946,1,SIVA1
0.0174930039242005,0.320667440999195,0.89,0.863,1,GCLM
0.01750811507342,-0.305383899707016,0.925,0.917,1,U2AF1
0.0175462607161761,-0.272977088878944,0.138,0.075,1,OTX2-AS1
0.0175588045025589,-0.881134953348564,0.126,0.191,1,HMBS
0.0176311927137358,0.393283894426826,0.764,0.71,1,CKAP4
0.0176782936622119,0.32432486361261,0.336,0.245,1,IKBKAP
0.0177245827487361,0.740050244877148,0.232,0.158,1,ARAP2
0.0177268617808177,1.80766441792793,0.171,0.104,1,CPZ
0.0177386661308589,1.32493282909904,0.047,0.012,1,B3GNTL1
0.017744145298708,0.38484909710553,0.196,0.124,1,SETMAR
0.0178402459251007,0.263903842433041,0.929,0.892,1,SDC4
0.0179195519164032,1.2718923106968,0.244,0.17,1,ACRC
0.0179820272538525,0.257999402219064,0.483,0.419,1,MED17
0.0180833784580788,0.355308266012037,0.073,0.029,1,NUDT13
0.0180964923600409,0.75032904213524,0.169,0.104,1,R3HDM1
0.0181127919515527,0.839683260508012,0.697,0.635,1,TPPP3
0.0184567989772303,0.498410707848158,0.177,0.108,1,GREB1
0.0184699042125114,0.407304184007129,0.47,0.398,1,NABP2
0.0185105948854001,-0.282225293525085,0.21,0.133,1,ZFP90
0.0185362952005805,0.264198310427041,0.633,0.56,1,ANGPTL5
0.018538846308327,0.277869146485743,0.943,0.946,1,ACTN1
0.0185605267390094,0.570314053710153,0.342,0.261,1,TPRG1L
0.0185742273446099,0.274444110166771,0.851,0.834,1,SRPR
0.0186464338010939,0.354030466548112,0.391,0.303,1,JOSD1
0.0187229337364289,0.317564799401286,0.456,0.365,1,COX11
0.0187520320137188,0.318900796795871,0.246,0.17,1,PDPR
0.0188074301487468,1.1449955755992,0.053,0.017,1,ECT2
0.018851660869376,0.287591544255871,0.902,0.876,1,CDK2AP1
0.0189443491370332,0.566367992804212,0.21,0.137,1,PGAP2
0.0189565514317533,0.830187149987042,0.153,0.091,1,PHKA1
0.0190708186078196,-0.297752618651501,0.955,0.963,1,CNPY2
0.0191179886302123,0.566763829341236,0.473,0.378,1,FGFR3
0.0191270755948763,0.971301789118334,0.171,0.104,1,CEP120
0.0191287704399988,1.17759966831458,0.603,0.502,1,MMP10
0.0191554183973736,0.627677659543745,0.332,0.249,1,UNC119B
0.0192118656061783,-2.14197074101424,0.033,0.071,1,CECR5-AS1
0.0192428517218577,0.427180206656356,0.206,0.137,1,NRIP3
0.0192669180356825,0.789621605831171,0.09,0.041,1,VPS9D1
0.0193239937545925,0.259712901851131,0.925,0.892,1,MCL1
0.0193508682658671,0.313237725584616,0.022,0,1,CD7
0.0193508682658671,1.84172868237743,0.022,0,1,DNAI1
0.0193508682658671,1.3658988747816,0.022,0,1,FAM155A
0.0193508682658671,0.795649363740385,0.022,0,1,FAM83D
0.0193508682658671,2.60268909613821,0.022,0,1,FANCB
0.0193508682658671,1.70852403325355,0.022,0,1,OSBPL10-AS1
0.0193527842814061,0.421162199222704,0.305,0.216,1,NPAS2
0.019405792560606,0.305893366496917,0.666,0.535,1,SMG1
0.0194516443550328,0.951030323439938,0.143,0.083,1,MAP7
0.0195354770202885,0.967653078459124,0.318,0.241,1,FMNL2
0.019535541515824,0.27924852724501,0.552,0.461,1,SPIN1
0.019535938790591,0.391560206411667,0.521,0.461,1,ORAI2
0.01964380440704,0.945133480447251,0.053,0.017,1,GATS
0.0196470692230387,0.297355797555176,0.308,0.224,1,ZNF585A
0.019672592104456,-0.368062561735792,0.403,0.498,1,NUPR1L
0.0197360517093188,0.481351475798842,0.196,0.124,1,GLCCI1
0.0197681725719366,0.404457908253757,0.556,0.465,1,UGGT1
0.0198103491119806,-0.306081487482857,1,1,1,C2orf82
0.0198711276318406,0.919446469120112,0.279,0.207,1,CBX4
0.0198867852984463,0.439796905817505,0.532,0.448,1,LARP1B
0.0198881766047642,0.380734550675466,0.544,0.477,1,HIPK2
0.0199335359772617,0.384971088635359,0.582,0.515,1,KCMF1
0.0199443222705576,0.312629919772758,0.35,0.253,1,BAZ2A
0.0201307565887651,0.293265252036965,0.587,0.49,1,TMEM50B
0.0201341463534207,0.360974098115327,0.448,0.361,1,METTL10
0.0201809134721298,0.269911794517681,0.892,0.846,1,DSP
0.020289431937082,0.323976733806969,0.232,0.158,1,DZIP1
0.020315225210723,0.405182401079757,0.289,0.207,1,TPT1-AS1
0.0203730208021501,0.28779404609646,0.715,0.598,1,CPSF6
0.0203947560501932,1.14699709142891,0.053,0.017,1,ETV4
0.02044256126106,0.323698718677363,0.096,0.046,1,CSMD2
0.0204845897517597,0.507632604848172,0.295,0.22,1,CDK6
0.0205123188936105,-0.295948051844483,0.776,0.672,1,ISG20
0.0205320645312115,0.533638422873882,0.316,0.228,1,HDAC1
0.0205517855367807,0.347194971852955,0.933,0.905,1,PPP3CA
0.0206080687193104,0.287260052932228,0.599,0.494,1,ITPR1
0.0206128352915109,0.339335691712702,0.935,0.876,1,GLUL
0.0206322649719006,-0.410191589115184,0.741,0.78,1,NELFE
0.0206526661352466,0.274589945885454,0.682,0.589,1,SMIM12
0.020695281832802,0.816460131402527,0.084,0.037,1,TCF7L1
0.0207046989960225,1.4148050389943,0.202,0.133,1,LOC100506127
0.0208312402621705,0.305968452299485,0.324,0.241,1,DRAM1
0.0208373048824302,0.505386023874629,0.371,0.299,1,NUDT15
0.020841547442468,0.302995947059969,0.876,0.809,1,ADK
0.0208870635644969,0.562106031219789,0.556,0.498,1,BCL6
0.021004118911742,0.950416495676517,0.185,0.12,1,WDTC1
0.0210383521863216,0.252760935570271,0.495,0.402,1,SP100
0.0210526089281005,1.17819210310468,0.11,0.058,1,ULK4
0.0210594762520899,0.544746416595099,0.112,0.058,1,LOC646762
0.0210625658536568,-1.75354575882538,0.031,0.066,1,AMBN
0.0210632870522138,0.433338164201577,0.468,0.39,1,HYOU1
0.021174569228249,0.424253850723737,0.2,0.129,1,CSK
0.02121766532985,1.20237600715413,0.251,0.174,1,DNAJC22
0.0212248353195668,0.373271574614766,0.55,0.477,1,SLMO2
0.0212283051590577,-1.85137555408639,0.014,0.041,1,WDR93
0.0213079504584184,0.330881861218682,0.564,0.473,1,MLXIP
0.0213248038475952,0.469882856927499,0.206,0.137,1,KIAA0319L
0.0213268686403832,0.293011779492848,0.464,0.361,1,DPY19L3
0.0213393132709014,0.355028482358159,0.173,0.108,1,TMEM129
0.0214126085988678,1.41508890259564,0.088,0.041,1,NCS1
0.0215205803530346,0.656995203790282,0.196,0.129,1,NPR3
0.0215977401425949,-0.801916986974384,0.024,0.058,1,TFCP2L1
0.0215992275827428,0.262299721955001,0.878,0.842,1,NFE2L2
0.0216203897463274,0.772754455664447,0.151,0.091,1,NKX2-5
0.0216214103014041,1.08365451056743,0.853,0.83,1,KRT16
0.0217096652447014,0.255888217896961,0.187,0.12,1,SLC9A6
0.0217197396251105,0.720464086489486,0.287,0.212,1,GTPBP10
0.021732992747779,-0.297471535930347,0.102,0.05,1,KIAA0895
0.0217334184887923,0.568971970897148,0.171,0.104,1,ZBED6
0.0217382605299205,0.290191012253362,0.556,0.465,1,EPS8L2
0.0218051654892908,0.578452215860533,0.11,0.058,1,LLGL1
0.0218688534087183,0.787696693752363,0.116,0.062,1,COG8
0.0218718466307016,0.406564928552513,0.548,0.469,1,GID8
0.0218825100412167,0.623640299663064,0.031,0.004,1,RIMBP2
0.0218900436312908,0.457923172482201,0.224,0.149,1,PRRG4
0.0218974611840861,0.294867865293007,0.039,0.008,1,CCDC168
0.021929664017133,0.687933366269801,0.065,0.025,1,FAM131A
0.0219300013137641,0.356676724832383,0.479,0.382,1,C16orf58
0.0219673162768843,0.275965378737166,0.031,0.004,1,HOXD10
0.0219739761944811,-1.33246638969143,0.022,0.054,1,ACTG1P17
0.0219922016115742,0.628207942892865,0.132,0.075,1,STAT6
0.0220038410709654,1.18921292014164,0.094,0.046,1,DYRK1B
0.0220454478926385,0.39268584103018,0.334,0.253,1,TATDN1
0.0220537800673467,0.292643449939621,0.09,0.041,1,EFHC2
0.0221606633508177,0.291109283547549,0.483,0.39,1,KIAA1279
0.0222576766224102,0.408760545578895,0.138,0.079,1,IQCE
0.0223069157767656,0.446589840261242,0.695,0.635,1,KLF3
0.0223094069918644,0.370251643634361,0.031,0.004,1,ACTBL2
0.0223821338565751,0.519440238829001,0.489,0.411,1,LARP4
0.0223926456268808,0.842633816551402,0.267,0.195,1,PQLC1
0.0224391208744788,0.433603790425379,0.236,0.162,1,E2F3
0.0225005607028685,0.447623443386636,0.236,0.162,1,PHF19
0.0225623741027843,0.979930025869586,0.059,0.021,1,DPY19L2P3
0.0225741551213647,0.297278384835837,0.556,0.494,1,C11orf24
0.0225789156119945,0.823439483854534,0.151,0.091,1,SNX24
0.0225859532919295,1.86173856462409,0.045,0.012,1,CXorf57
0.0226559986022653,0.277445465756311,0.21,0.137,1,MPV17L2
0.0227134258171561,0.308294716150631,0.432,0.349,1,DHRS7B
0.0227433558738129,0.521292688554,0.385,0.303,1,RB1
0.0227517794435673,0.569078657212433,0.153,0.091,1,PITX1
0.022774589938347,0.63804702362162,0.326,0.253,1,GNAQ
0.0228108831728657,-0.604299698954162,0.039,0.079,1,NAP1L2
0.0228908678783979,1.40769231660964,0.124,0.071,1,PLAT
0.0229382631606663,-1.53227093232622,0.045,0.087,1,FAM189A2
0.0229574610604994,-1.40108534961687,0.149,0.087,1,DCLK1
0.0230315820970763,-0.917833148367956,0.141,0.203,1,DNAH11
0.0232825175489293,1.17746950931226,0.165,0.104,1,RNF219
0.0233302224923319,-0.475130204897862,0.894,0.846,1,COL1A2
0.0234092258757773,0.294062647437009,0.448,0.357,1,SNIP1
0.0234331903440867,-1.69509130885951,0.043,0.083,1,LINC01554
0.023459623029512,2.00385533945406,0.057,0.021,1,SUGCT
0.0234663991387057,1.53210368511525,0.075,0.033,1,LOC101927189
0.0235157452487185,3.26147960650885,0.081,0.037,1,ESM1
0.0235630588056815,0.383981332145824,0.42,0.336,1,PHF14
0.0235854013510053,0.858908876971111,0.045,0.012,1,HAL
0.0236010659954545,0.31912572596761,0.189,0.12,1,PARG
0.0236771466498643,0.375337258882476,0.497,0.407,1,H2AFY
0.0237058958283256,0.365317109508434,0.839,0.805,1,JAG1
0.0237675344890935,-0.280176473589138,0.352,0.261,1,UTP14C
0.0238253117256667,0.530277575446159,0.458,0.378,1,SMEK1
0.0238330828009432,0.265691786395522,0.574,0.477,1,DCUN1D1
0.0238472855490159,2.07039854112949,0.102,0.054,1,ATAD3B
0.023868713422794,0.636846835286701,0.088,0.041,1,DENND4B
0.023913714895183,1.85742934131999,0.063,0.025,1,IFT140
0.0239515340140996,1.16484293582865,0.045,0.012,1,GIPC2
0.0240338219784587,-0.362643001216578,0.273,0.353,1,CXCL2
0.0240676751367282,0.399162513212026,0.692,0.656,1,RNF19B
0.0241272767316988,1.60566793048645,0.069,0.029,1,LGR6
0.0241657120277476,2.25793940602096,0.057,0.021,1,PDZK1IP1
0.0241668333464116,-0.690745910941367,0.173,0.104,1,LINC01551
0.0242214966290396,0.297698598388689,0.668,0.598,1,SLBP
0.0242258975638662,0.678120445096159,0.405,0.34,1,WDR41
0.0242326261115393,0.355437981558468,0.381,0.307,1,LATS1
0.0242587286241957,0.626990951298028,0.051,0.017,1,FAM45A
0.0243300855246192,0.769726733245102,0.094,0.046,1,ASF1B
0.0243478856375846,0.436514199342288,0.326,0.237,1,CDC16
0.0243693650738181,0.405623578773612,0.556,0.469,1,GABPB1-AS1
0.0243767834334544,0.729038534272561,0.271,0.195,1,FAM89A
0.0244449258832622,-3.36854136107766,0.002,0.017,1,ATP6V0E2-AS1
0.0244449258832622,-3.11860863042008,0.002,0.017,1,RNASEH2B-AS1
0.0244462119135475,0.617421682855904,0.248,0.174,1,PHTF1
0.0244780383671165,0.289505209828084,0.271,0.187,1,MTMR12
0.0245476000415539,0.879866575496307,0.045,0.012,1,LOC100507557
0.0245754528167453,0.411617442908134,0.208,0.137,1,CENPW
0.0246108953674414,-2.66272545378133,0.002,0.017,1,CDRT4
0.0246108953674414,-2.74899912371756,0.002,0.017,1,PYDC1
0.0246108953674414,-2.37256378322469,0.002,0.017,1,TDRD12
0.0246251917913019,0.717225104683514,0.23,0.158,1,ANAPC1
0.024650025448751,0.273007490457774,0.444,0.361,1,WDR20
0.0247170879657832,0.442962085373689,0.118,0.066,1,NYNRIN
0.0248035902681118,0.716007719556804,0.452,0.373,1,STRN3
0.0248194357185475,1.29535748206905,0.051,0.017,1,LOC100335030
0.0249398518184305,0.408176343646676,0.418,0.32,1,C18orf8
0.0249457650823167,-1.39889819831502,0.002,0.017,1,SLC36A3
0.0250190370885061,0.743329272357142,0.1,0.05,1,RNF123
0.0251021106290029,0.272784788249553,0.132,0.075,1,SNORA61
0.0251107449991314,0.268973719083397,0.495,0.419,1,NUDCD1
0.025114674508029,-0.858183695780748,0.002,0.017,1,FHOD3
0.025114674508029,-1.33718392936829,0.002,0.017,1,ITPR1-AS1
0.025114674508029,-1.11821538523714,0.002,0.017,1,LOC283177
0.0251439314249783,0.260265788702778,0.888,0.867,1,GNG12
0.0251452396086026,0.269162221532634,0.992,0.996,1,MSN
0.0251623952164502,0.902023135563469,0.155,0.095,1,C10orf76
0.0252240533792794,0.522897941239812,0.299,0.224,1,HCFC2
0.0252495428327631,0.845707077496048,0.206,0.141,1,LINC00467
0.0252648806972061,1.21171788381136,0.145,0.087,1,KPNA7
0.0252651929926673,-1.43474639045192,0.059,0.104,1,HOXA6
0.0254754172811784,0.494202248325426,0.12,0.066,1,MSMP
0.0254885715124205,-2.66925349786165,0.01,0.033,1,SHROOM2
0.0254996965278784,0.415800654497205,0.699,0.622,1,LHFPL2
0.0255649794987656,-0.35786096272074,0.057,0.021,1,PCDHA9
0.0255775529642673,1.04552126389813,0.191,0.129,1,LMBR1
0.0255798888612774,-1.07721434644911,0.959,0.967,1,APOD
0.0255807548038689,0.330786583902153,0.399,0.324,1,RPP38
0.0256079914336406,0.330932581309199,0.833,0.788,1,IPO7
0.0256604733635474,-0.435891196511305,0.44,0.332,1,SULF1
0.0256901287637832,0.432418275284601,0.153,0.091,1,MBTD1
0.0257018280596881,1.05663758056055,0.057,0.021,1,VLDLR-AS1
0.0257102909173135,0.361652794841981,0.466,0.394,1,C14orf132
0.0258215805280382,0.64706767498526,0.167,0.104,1,NNT-AS1
0.0258428367311861,0.41813371188665,0.126,0.071,1,USP54
0.0258637976428924,0.321775925974831,0.02,0,1,CLCN2
0.0258637976428924,0.997122203957292,0.02,0,1,HSD11B2
0.0258637976428924,1.02403639706577,0.02,0,1,LHFPL3-AS2
0.0258637976428924,0.99098302422325,0.02,0,1,LINC00852
0.0259058839437874,0.341588408340613,0.78,0.747,1,RIF1
0.0259085287101014,0.647182795256755,0.236,0.166,1,BCL2L2
0.0259572906651787,0.373468280938232,0.473,0.373,1,SLC35E4
0.0259949037302558,0.418729719193546,0.251,0.178,1,PRKACA
0.0260189367132277,0.793527950418387,0.285,0.207,1,PER1
0.0261165088737264,0.256924414578362,0.819,0.793,1,HSPA13
0.0261349936908296,0.274344516561724,0.821,0.759,1,PTMS
0.0261750076104865,1.42824682543709,0.124,0.183,1,IL1B
0.0261914807070409,0.805067216297843,0.069,0.029,1,C1orf112
0.0261937213652357,0.699840781344296,0.098,0.05,1,LINC01024
0.0261962896880478,1.18274092898702,0.051,0.017,1,TBX19
0.0261997065263949,1.65006240471485,0.063,0.025,1,TRIM35
0.0262501700115667,0.690873012282736,0.261,0.187,1,THG1L
0.0263010735116699,0.535358486893447,0.263,0.195,1,RXRB
0.0264163718119487,0.288156893797833,0.705,0.627,1,SEPT6
0.0264261928787167,0.39426803587975,0.699,0.606,1,PART1
0.0264322367407447,0.259139353613836,0.754,0.701,1,PSMD1
0.0264944214316794,0.667778510687692,0.051,0.017,1,VWC2
0.0264961981918291,0.2585699378931,0.721,0.66,1,PPP2R2A
0.0265064704783014,0.534099786715438,0.367,0.282,1,PPM1K
0.0265065078611218,0.950804328522307,0.086,0.041,1,SLC2A6
0.0265263862795239,0.254409859461394,0.493,0.398,1,SCAMP2
0.0265394614043131,0.479710330897792,0.24,0.166,1,C1QTNF8
0.0266290107695285,1.35008587455876,0.169,0.108,1,FBXO45
0.0266864938666159,1.15566882092603,0.037,0.008,1,ZNF404
0.0267076990353344,-0.555645310421065,0.495,0.552,1,CMTM7
0.0267112802655372,-0.303420543142539,0.118,0.183,1,ABCB6
0.0267113403403413,0.700882217656848,0.257,0.183,1,ASUN
0.0267288909290418,0.385629294111215,0.405,0.324,1,ZNF395
0.0267578150943555,0.676522806533936,0.177,0.112,1,ADAT1
0.0268415156923306,0.263582430545689,0.326,0.237,1,LOC101927374
0.0268500526039909,0.32594084448243,0.202,0.133,1,PPP1R13B
0.026859061691457,0.714309055094629,0.128,0.075,1,PP7080
0.0268934273516534,0.271868899072187,0.369,0.282,1,TMEM173
0.0269652151341646,0.349272330239032,0.202,0.133,1,BOP1
0.0270048227186954,0.421553592109899,0.316,0.237,1,STRN4
0.0270201499557472,0.716548947596158,0.069,0.029,1,MGARP
0.0270255305134584,0.736447747231286,0.275,0.203,1,ZNF335
0.0270970877557145,0.546126645203047,0.155,0.095,1,GPATCH1
0.0271288157903789,0.263497402586648,0.916,0.896,1,CD151
0.0271354228493588,0.332590708825305,0.088,0.041,1,PTPN6
0.0271471367569412,-0.290392969466954,0.271,0.191,1,CEP162
0.0271673217976861,-1.41170165070018,0.13,0.187,1,ARMCX4
0.0272042237820927,0.984133081135218,0.075,0.033,1,NLK
0.0272059275710837,0.433371852081528,0.202,0.137,1,MICALL1
0.0272145640485881,0.455552462098486,0.069,0.029,1,UPK3B
0.0272153354759969,0.345092542113692,0.699,0.635,1,ANKRD28
0.0272526048562251,0.261741438840292,0.051,0.017,1,OSBP2
0.0273543253802717,0.481178843836085,0.377,0.295,1,GOLGA7B
0.0273597722772113,0.41396413081308,0.609,0.527,1,ATM
0.0273857152736032,0.508578040749359,0.281,0.203,1,RAMP2
0.0274089948791555,0.363642693030354,0.314,0.241,1,GTF3C5
0.0274521541963583,0.408285875280197,0.969,0.934,1,VEGFA
0.027479584464788,0.591132816826789,0.13,0.075,1,ARFGEF3
0.0276913143901325,0.557578216499821,0.126,0.071,1,WDR63
0.0277083551431876,0.804074356414278,0.248,0.178,1,EXT1
0.0277823956926531,1.24993885801025,0.122,0.071,1,SLC15A2
0.0278229609183883,-1.37073633410069,0.01,0.033,1,MCM10
0.0278914965561446,0.467186185729327,0.187,0.12,1,NIPSNAP1
0.027903150468628,-0.26887331371958,0.377,0.282,1,TNFAIP2
0.0279097082502627,0.251398730094252,0.741,0.68,1,NCOA7
0.0279422340718215,0.460527112185186,0.479,0.386,1,MRPS10
0.0279696395269214,-0.485792606745107,0.652,0.714,1,CLEC11A
0.0279749369776504,0.339427522192781,0.468,0.378,1,RFK
0.0280144976806797,0.421977779168757,0.312,0.232,1,HDAC8
0.0281404772119925,0.559288716649685,0.193,0.129,1,SLC5A6
0.028146075474757,0.570052851769262,0.092,0.046,1,ENOX1
0.0281636669088861,-0.435042245507113,0.037,0.008,1,AOAH
0.0282311284192446,0.480951688036407,0.481,0.402,1,SLC31A2
0.0283204876860196,0.952333524299153,0.086,0.041,1,NDOR1
0.0283502125808104,-0.39382853463709,0.057,0.021,1,IRF6
0.0284515794406495,-1.21441694228681,0.035,0.071,1,CMTM5
0.0284543099926933,-0.372899909189973,0.802,0.838,1,POLR1D
0.0284811432127627,0.434267802572743,0.198,0.133,1,LIAS
0.0285550747569535,0.256518362703264,0.827,0.801,1,COX14
0.0286008660678329,0.648323145473972,0.063,0.025,1,ALDH16A1
0.028721967651086,1.71236655050042,0.073,0.033,1,RBL1
0.0287377574204123,0.448475598163762,0.735,0.689,1,CREB5
0.028747073667494,0.779741623835267,0.102,0.054,1,CRMP1
0.0287481079930916,-1.31881573392482,0.094,0.145,1,RCAN2
0.0287646904117448,-1.24184301485469,0.004,0.021,1,SLC9A7P1
0.028794921346852,-1.48558635190295,0.02,0.05,1,FOXM1
0.0288784495062552,-1.1493905461747,0.008,0.029,1,FRRS1
0.0289182840689395,0.277072284238201,0.747,0.689,1,SEC23A
0.0289262685092793,-1.21070869302908,0.004,0.021,1,APOBEC3D
0.0289511198883335,0.424077689982969,0.206,0.137,1,FAAP100
0.0290886273250345,-2.29980877926565,0.004,0.021,1,LOC100507065
0.0290886273250345,-2.01467924152596,0.004,0.021,1,SH3BP1
0.0291167756861311,-1.05059899478514,0.187,0.124,1,TNNI2
0.0291169867089622,0.250730667774659,0.976,0.975,1,OSTC
0.0291478687505305,0.624379426682826,0.43,0.34,1,OTULIN
0.0292517698369854,-2.04284649177251,0.004,0.021,1,LOC101927196
0.0292925590574512,1.58206419221487,0.029,0.004,1,DDI2
0.0293335064302174,1.47410576971684,0.106,0.058,1,AMMECR1
0.0293548592001282,2.01698795810465,0.043,0.012,1,CELF2
0.0293548592001282,1.72265445733549,0.043,0.012,1,HEATR3
0.029415699029832,-2.12375082619584,0.004,0.021,1,CCDC88C
0.029415699029832,-1.61076841836972,0.004,0.021,1,GPR65
0.029415699029832,-2.40239689941454,0.004,0.021,1,GRIA4
0.0294578474399437,0.657483087628784,0.075,0.033,1,CYP2B7P
0.0294992533529635,0.428426743530719,0.44,0.357,1,TGFBR3
0.0295056623235333,0.501727877814925,0.248,0.174,1,ASCC1
0.0295747089116315,-0.306639874094349,0.825,0.892,1,CDK2AP2
0.0295804178949875,-1.41429619393255,0.004,0.021,1,ANK1
0.0295804178949875,-1.40045937654673,0.004,0.021,1,CAND1.11
0.0295804178949875,-1.12239542712127,0.004,0.021,1,G6PC
0.0295804178949875,-1.44698627933846,0.004,0.021,1,PANO1
0.0295993692733341,0.926657363705996,0.21,0.145,1,RAB12
0.0296069773569551,0.379164483841923,0.216,0.149,1,FOXN2
0.0296248076826337,0.979605665812861,0.043,0.012,1,UTY
0.0296637439852795,-1.27922281781098,0.008,0.029,1,RAET1K
0.0296637439852795,-0.8465642464589,0.008,0.029,1,TPTEP1
0.0296859950618846,0.454877079668717,0.234,0.162,1,ANKRD26
0.0297459294305672,-1.35260215060633,0.004,0.021,1,ANKDD1B
0.0297459294305672,-1.32281237466982,0.004,0.021,1,KIAA0319
0.0297979399123476,-3.65999214494933,0.006,0.025,1,LINC00992
0.029843795434226,1.30398267809726,0.774,0.718,1,MAEA
0.0298806327907817,0.432681774517941,0.44,0.365,1,RNF145
0.0299921129210245,-0.44459996823787,0.114,0.062,1,LOC101927181
0.030057355944885,-0.869766056204904,0.189,0.257,1,TRIT1
0.0300763765218132,0.377766696547904,0.31,0.237,1,RRAGB
0.0300793425388996,-1.04490197271862,0.004,0.021,1,FER1L5
0.0301048251042202,0.578232225472565,0.208,0.141,1,KLC2
0.0302888985252945,0.760696321905384,0.102,0.054,1,GNAL
0.0303440136104625,1.05873084645613,0.143,0.087,1,UBTD1
0.030389887903701,-1.93322403104226,0.006,0.025,1,LOC101929340
0.030389887903701,-1.6534766415164,0.006,0.025,1,SLC13A5
0.0305216955960954,1.01455778586643,0.106,0.058,1,SLC25A22
0.030539443734627,-1.3587237081366,0.006,0.025,1,CDH16
0.0305731910233949,1.13656190836344,0.185,0.124,1,ATP9B
0.0307048431798945,0.567187601008122,0.126,0.075,1,EHBP1L1
0.0307536859688652,0.705021836887594,0.086,0.041,1,C17orf100
0.0307859980331686,-0.964463823311746,0.073,0.12,1,C20orf96
0.0308609013416646,0.398248161789954,0.481,0.398,1,KLF13
0.0309351071531809,0.296412839262243,0.552,0.469,1,DCP1A
0.031014562519979,0.441403802011157,0.136,0.083,1,ZFP64
0.0310394784543373,0.297544754832584,0.377,0.286,1,LRRC16A
0.0310442748242705,0.538843056406192,0.092,0.046,1,ST3GAL2
0.0310600401473869,0.377435496921129,0.155,0.095,1,ZNF431
0.0311272352878955,1.2396794351778,0.116,0.066,1,DHX37
0.0312059882810055,1.0317118046087,0.179,0.12,1,NANOS1
0.0312321245826805,1.34182709927188,0.132,0.079,1,NOV
0.0312709305997428,0.645941020625237,0.277,0.207,1,AKIP1
0.0313329663922396,0.28702450879271,0.473,0.394,1,TEX264
0.0313477207865902,0.731216865171207,0.534,0.444,1,CCL20
0.0315117416746785,0.286762553992173,0.301,0.228,1,TRAPPC2
0.0315734427650464,1.2179357046431,0.222,0.158,1,PUS1
0.0316268357649654,0.759910672968124,0.118,0.066,1,PIH1D2
0.0317130766081661,0.393098029874331,0.251,0.174,1,DENND5B
0.0317728088631273,-0.492901458451217,0.079,0.037,1,PDE6A
0.0318043954747359,0.762359989360783,0.212,0.145,1,CEP170B
0.031883743941325,0.277133462610686,0.342,0.257,1,KDM3B
0.0319733980321729,-0.508151266225456,0.609,0.643,1,MAF
0.0320773259802169,1.08923660707235,0.285,0.228,1,SEPHS2
0.0320964992048393,-0.35344856548158,0.065,0.112,1,LOC730102
0.0321215439790537,0.619197167258543,0.185,0.12,1,ZNF555
0.0322585545743264,0.454702630690827,0.542,0.477,1,POLR3C
0.0322919038971274,-0.983246522057934,0.041,0.079,1,ATXN7L1
0.0323024031077663,0.591428782285875,0.269,0.199,1,GTF3C1
0.0323462223579866,0.251587524081518,0.043,0.012,1,ITGA2B
0.0323469976495916,0.307548183379901,0.375,0.303,1,TBC1D9B
0.032395527647684,0.610366480665052,0.187,0.124,1,CLLU1
0.0324482897020443,0.276633663828138,0.346,0.261,1,PRR34-AS1
0.0324741628539977,1.17668363118093,0.073,0.033,1,MBD6
0.0325627522750726,-0.387696772414822,0.202,0.133,1,EXOC2
0.0325789190477434,0.646462566770119,0.102,0.054,1,LINC00574
0.0326857831553402,-0.812075767631951,0.035,0.071,1,TRANK1
0.0327342760535794,0.981265445199198,0.096,0.05,1,SLC46A3
0.0327680910118817,1.65203520887532,0.073,0.033,1,LINC01136
0.0327837646885694,0.671107730869087,0.255,0.183,1,PAX8-AS1
0.0328058141070924,0.260357911582703,0.165,0.104,1,CYB5R2
0.0328258782925957,-0.655319292928312,0.067,0.029,1,KRTAP2-3
0.0329631766478966,0.491832766571271,0.206,0.141,1,PTPN9
0.0329690595323452,1.03334912689387,0.055,0.021,1,ZNF525
0.0329745044659268,0.436762180133934,0.55,0.477,1,SMC4
0.0329920680445776,0.465091194581095,0.124,0.071,1,N6AMT1
0.0329978361899948,0.350453378749296,0.175,0.112,1,ARMCX5
0.0330352193447705,0.513083103449851,0.387,0.307,1,COG6
0.0330513321414769,-1.07225251657743,0.167,0.228,1,CENPQ
0.0330841163904154,0.461715198255912,0.106,0.058,1,TDRD7
0.0331156585574741,0.304484567927745,0.601,0.539,1,MAN1A1
0.0331339793297902,0.542514646775298,0.263,0.191,1,PIP4K2C
0.0331347687137641,0.545153867349384,0.236,0.166,1,ZW10
0.033164231621559,-1.99666345040904,0.059,0.1,1,PRMT5
0.0332056494986244,-1.60813154805084,0.071,0.116,1,PTCH1
0.0332481826832936,-0.979085089316373,0.132,0.191,1,LCOR
0.0332617629090366,0.462211800106093,0.367,0.286,1,AKAP8
0.0333155280646029,-0.332609844963251,0.055,0.021,1,C4orf19
0.0334007431242569,0.285618724798705,0.257,0.183,1,TBCCD1
0.0335008334170341,-0.472344512433252,0.189,0.12,1,NR2F6
0.0335212627435193,0.678263491068531,0.185,0.124,1,PIGN
0.0336130159123143,0.360609161537579,0.36,0.282,1,PTCHD4
0.0336827437229167,0.444186285752429,0.454,0.378,1,ETV5
0.0337659466012484,2.44345359359068,0.035,0.008,1,FAM198A
0.0338069833881299,1.40504717918563,0.094,0.05,1,GSDMB
0.0339867050835146,0.256347949915145,0.405,0.328,1,CNOT6L
0.0340025503955443,-0.291814859745833,0.067,0.029,1,SCML2
0.0340876851129897,0.70536022181462,0.367,0.299,1,CDKL1
0.0341857465822667,0.705611190991275,0.222,0.158,1,EHBP1
0.0341900240756356,0.365425583414411,0.505,0.432,1,PVRL3
0.034292219507766,0.91089223386603,0.181,0.12,1,VTI1A
0.0344577300634427,-0.279348563893775,0.894,0.896,1,BCAP31
0.0344591256262769,0.556843645626424,0.234,0.166,1,VRK3
0.0344985798951964,0.584594406283308,0.153,0.095,1,INO80E
0.0345091109731137,0.625575343257343,0.141,0.087,1,BANP
0.0345106669285734,0.312919948348393,0.462,0.382,1,ZNF322
0.0345112455635448,0.841008926721378,0.66,0.585,1,SHISA2
0.0345251937381518,0.51300397234029,0.049,0.017,1,PITPNM3
0.0345537772455338,0.46513733063371,0.31,0.237,1,VRK2
0.0346558251415047,-0.748438325361946,0.018,0,1,ACKR1
0.0346558251415047,1.6492668234342,0.018,0,1,C20orf195
0.0346558251415047,2.72755738852366,0.018,0,1,CCDC160
0.0346558251415047,0.61460214689049,0.018,0,1,CCNT2-AS1
0.0346558251415047,-0.78306422572546,0.018,0,1,DPPA4
0.0346558251415047,-0.704786054109456,0.018,0,1,LINC00507
0.0346558251415047,0.736732192702026,0.018,0,1,RNF148
0.0346691161884214,0.402882164304351,0.246,0.178,1,DLST
0.0347987570589864,0.436898969740502,0.167,0.108,1,LEMD2
0.0348068752440369,0.450876308617874,0.067,0.029,1,ZNF528-AS1
0.0348746250513392,0.463372821521101,0.393,0.324,1,TAF2
0.0349134458005919,0.304668266125433,0.055,0.021,1,FZD10
0.035028967650616,0.287630565881167,0.141,0.083,1,TONSL
0.0350297455643964,-0.581543855919643,0.151,0.091,1,COMTD1
0.0350308942468903,1.70664756221321,0.035,0.008,1,NLGN4Y
0.0350861300866919,0.404428530614493,0.53,0.469,1,IMPA1
0.0351303481680126,0.310445863809718,0.862,0.801,1,EGR2
0.035169747691541,0.640480197721185,0.2,0.133,1,RELB
0.0352038250310059,2.51420108563452,0.088,0.046,1,NSMF
0.0352634748978369,0.534324478419956,0.727,0.668,1,B4GALT1
0.0353001225778062,0.321568003180791,0.391,0.315,1,AAED1
0.03530216242444,0.48958957876681,0.181,0.116,1,PRICKLE1
0.0353293640945122,1.35698497015983,0.126,0.075,1,ZNF669
0.0353860088109815,0.337568915083939,0.079,0.037,1,PRKAA2
0.0354122036396997,-0.286068997903353,0.11,0.166,1,LINC00693
0.0354161330267695,0.676445568639406,0.273,0.199,1,ZNF2
0.0355007996319042,1.47140059419844,0.035,0.008,1,NFASC
0.035552297869382,-0.835585697754111,0.055,0.021,1,FANCD2
0.0355652553227067,0.870609590572953,0.106,0.058,1,TADA1
0.0356126685569706,0.360712882185648,0.47,0.39,1,SPRYD7
0.0356543201865665,0.257476583825882,0.53,0.448,1,SPTLC2
0.0357159632681931,0.472735620952396,0.444,0.357,1,ATP10A
0.0357996611453913,0.250420046664073,0.281,0.203,1,WDR35
0.0358030956136615,0.370949650079317,0.273,0.199,1,LINC01105
0.0359104915785461,0.300766065248763,0.267,0.199,1,ZC2HC1A
0.0360397214666692,0.280826161441139,0.525,0.456,1,C19orf48
0.0360578847617456,0.256181804996591,0.815,0.73,1,HK1
0.0360957347785758,-0.533142272597962,0.035,0.008,1,HSD17B13
0.0362289502698245,0.942022664486796,0.1,0.054,1,FLJ23867
0.0363028484758498,0.55814035452743,0.22,0.154,1,CA11
0.0363474266589645,-0.25313593787188,0.061,0.025,1,LOC101929140
0.036378983522742,0.257409104985335,0.811,0.801,1,AP2S1
0.0364567598266274,0.41991847968332,0.035,0.008,1,ZMAT4
0.036582848637918,0.759326790488674,0.163,0.108,1,CLIP3
0.0366555119299036,0.571595833062005,0.132,0.079,1,PFN1P2
0.0367382813710711,0.29441133554307,0.568,0.494,1,RALY
0.036756634739953,1.59473430072518,0.204,0.141,1,IBA57
0.0369841845676745,-2.71778095222578,0.016,0.041,1,ACACB
0.0370626715479037,1.30677520609972,0.409,0.357,1,TMEM100
0.0372210627459526,-0.335063863061703,0.257,0.178,1,PACS2
0.03725421911845,0.257916702395316,0.322,0.245,1,MICAL2
0.0372559966333028,-0.645194638975734,0.024,0.054,1,OXCT2
0.0372746499039205,0.342344225400036,0.214,0.145,1,TSPAN12
0.037328688395564,0.50986775973487,0.399,0.332,1,MTERF4
0.0373626417565735,-1.60748668227971,0.016,0.041,1,SEC16B
0.0374229807704345,0.647866848565835,0.12,0.071,1,SPATA5L1
0.0374775637695397,4.27476211751542,0.075,0.124,1,MMP9
0.0374895244624313,-1.45129182469993,0.016,0.041,1,LINC01121
0.0376008778079745,0.271646535751721,0.159,0.1,1,MC1R
0.0376061251669412,-0.319255223147654,0.061,0.025,1,TSHB
0.0376129792081755,0.714265876161842,0.134,0.083,1,BCAS3
0.0376281939261399,0.609556753452068,0.026,0.004,1,CHD5
0.0376427413419037,0.452787222088811,0.697,0.635,1,FYTTD1
0.0376460258999395,0.592416025951164,0.094,0.05,1,HSDL1
0.0376564736828857,0.348605066201423,0.554,0.465,1,MAP3K2
0.0377304844574834,1.10739601411909,0.114,0.066,1,FANCF
0.0377368148558264,1.53841645006283,0.065,0.029,1,ELOVL6
0.0377476842363856,0.327506804697047,0.293,0.22,1,PVRL2
0.0378130908354311,0.258928444467731,0.747,0.697,1,VPS37B
0.0380333871635251,0.746851819325509,0.145,0.091,1,DAGLB
0.038093382068353,0.267154337217053,0.674,0.622,1,DIS3
0.0381308687468933,0.348644979969567,0.428,0.353,1,LVRN
0.0381490705417411,0.393688125622927,0.448,0.357,1,CTPS1
0.0382019354528568,0.447774376466776,0.293,0.224,1,PAXBP1
0.038224123495903,-1.64858157888146,0.037,0.071,1,FNDC5
0.0382528792134011,-0.28050042779408,0.925,0.942,1,PSMB6
0.0382846473677603,0.372752751470412,0.548,0.481,1,ZNF503
0.038317956640738,1.45045281504515,0.059,0.025,1,SYCP3
0.0383547668299331,-0.374487186890623,0.026,0.004,1,LOC341056
0.0383995561819807,0.589785099653656,0.489,0.419,1,AEBP2
0.0384148900816051,0.364506541548727,0.55,0.469,1,ZNF800
0.0385203708058511,0.310291132301023,0.183,0.12,1,ZADH2
0.0385833650826018,0.261216390618896,0.338,0.261,1,CCDC167
0.0386788458901119,0.897828132520619,0.155,0.1,1,ZNF503-AS2
0.0387234486678178,0.323019775343334,0.47,0.398,1,CASC3
0.0387383815758667,1.44647533023423,0.092,0.05,1,IGFBP2
0.0387909198681326,0.869974897753298,0.283,0.216,1,ASH2L
0.0388025735460124,1.48395165600781,0.124,0.075,1,BDNF-AS
0.0388025735460124,0.94869120886119,0.124,0.075,1,ZSCAN9
0.0388436744721855,1.04165155137706,0.226,0.162,1,LOC100506746
0.0388586286927988,0.764532169988144,0.401,0.332,1,ACER3
0.0388853869641115,0.489339601739498,0.169,0.112,1,MCCC1
0.0388884328866339,0.588837083284276,0.509,0.427,1,MCOLN3
0.0390409378471208,-3.07541003158155,0.016,0.041,1,NEFM
0.0390932316686279,0.611163297690078,0.026,0.004,1,SH3BP5
0.0391360669728511,0.316917810462317,0.64,0.544,1,ABHD5
0.0391455491658657,0.448524941555818,0.411,0.34,1,DICER1
0.039164617645898,-0.399713287854939,0.827,0.809,1,ALDOC
0.0391690551045336,0.475701267406214,0.183,0.124,1,INSC
0.0392460058745795,0.323617564393161,0.503,0.432,1,PPID
0.03930886155128,0.521345093670352,0.208,0.145,1,TMEM186
0.0393230290437139,-0.283231155976223,0.786,0.822,1,TMEM98
0.0393581494859972,0.254489199965839,0.585,0.481,1,SMCO4
0.0393787042675691,-0.398435988216236,0.735,0.755,1,UBE2V2
0.0394931796548908,0.377929179633531,0.448,0.382,1,ATG4B
0.0395160284802968,-0.289579675836085,0.432,0.344,1,MOXD1
0.0396727014063525,-0.524819230169523,0.684,0.726,1,DMKN
0.0396877871291722,0.549276121202229,0.391,0.311,1,C4orf32
0.0397111644288908,0.512320332811013,0.422,0.357,1,C2CD2
0.0397262472002139,0.428509170326291,0.527,0.461,1,RPRD1A
0.0397790292873465,0.484865880164403,0.141,0.087,1,REXO1
0.0398316980672318,0.439275718180669,0.084,0.041,1,ZNF320
0.0398807120615065,0.703608077195892,0.189,0.133,1,USP19
0.0401746320587318,0.402604469211725,0.31,0.237,1,CSTF1
0.0401985990120105,1.27148706707217,0.041,0.012,1,PLEKHG3
0.0403361469691585,0.709831470540749,0.183,0.124,1,RABL2A
0.0403692175159594,1.4148628819669,0.053,0.021,1,ZNF778
0.0403813006870876,-1.27294146740054,0.055,0.095,1,SPSB2
0.0403827771615899,0.358101994456038,0.173,0.112,1,LOC79160
0.0403961596346489,-0.27377611950091,0.238,0.162,1,FGD1
0.0404366090198877,-0.6368778819359,0.352,0.407,1,ABHD3
0.0405005240498338,0.509600922746452,0.171,0.112,1,SLC37A2
0.0406488146921622,0.807566771210091,0.289,0.228,1,OLFM1
0.0407402631478486,0.616010533283037,0.065,0.029,1,ZNF41
0.0408515068309232,0.58482312344799,0.2,0.137,1,ANKRD54
0.0408526688273128,0.436985567048481,0.444,0.365,1,GNB4
0.0408753116348014,0.345794780103911,0.485,0.407,1,NEK1
0.0409095244740425,0.262285089913718,0.613,0.531,1,FAM208B
0.0409110883854394,0.414254847471164,0.42,0.34,1,HMGXB4
0.0409195144464333,-0.377043288326978,0.016,0.041,1,N4BP3
0.0409221727041124,0.790124487799051,0.041,0.012,1,POLR2M
0.0409562733888261,0.535591186694358,0.367,0.299,1,TFDP1
0.0409747722330074,-0.398686690811009,0.33,0.241,1,QRSL1
0.0409940828665519,2.85778767960822,0.075,0.037,1,MCPH1-AS1
0.0410572534871959,-0.440236159386314,0.094,0.05,1,PTGES3L
0.0411658035351737,1.02268385067053,0.041,0.012,1,AURKAPS1
0.0411720632871984,0.770621604308616,0.187,0.129,1,ADO
0.041237148912905,0.537907800480106,0.2,0.137,1,NLRP1
0.041277883225619,0.278431392627334,0.179,0.116,1,GIT1
0.0412880790084613,0.390609880281058,0.041,0.012,1,CFAP43
0.0413425967349082,0.408373424218602,0.487,0.411,1,ERC1
0.0413671874071238,0.29374509770583,0.11,0.062,1,ATAD5
0.0413690296818003,0.399865425531821,0.277,0.207,1,DOCK5
0.0414227143946509,0.268508685970509,0.525,0.448,1,DNAJB12
0.0414475745348211,-1.66737549240246,0.059,0.1,1,SARS2
0.041479398684752,0.785084402336549,0.088,0.046,1,CHML
0.0418481854468336,0.945526594998152,0.053,0.021,1,FRAT2
0.0419399917005298,0.576634389928051,0.379,0.311,1,MPDZ
0.0419857900909985,0.406653208282056,0.228,0.162,1,TSTD1
0.0421609664320839,0.314715058694826,0.77,0.71,1,WAC-AS1
0.0421710539664323,0.388373397516928,0.065,0.029,1,ADAMTS4
0.0422634285997745,-0.763746206160828,0.175,0.241,1,PEX11B
0.0423006860200846,0.265832221873142,0.648,0.606,1,PLAGL1
0.0423372753981482,-0.630507691634597,0.037,0.071,1,EEF2KMT
0.0423727825609431,0.320589838460151,0.295,0.224,1,MYO5B
0.0423744741318332,-1.63873521774818,0.102,0.149,1,GMFG
0.0424888476336976,0.269477137131369,0.878,0.83,1,VASN
0.0425749278315297,-0.45136203642212,0.198,0.129,1,PRR3
0.0426447389274028,0.487132501656663,0.352,0.286,1,UBE2E1
0.0427819565672068,0.822850513167793,0.134,0.083,1,PIGV
0.0428229672890227,1.41091851779213,0.053,0.021,1,NR6A1
0.0428927022365423,0.951756694323986,0.088,0.046,1,KLHL25
0.0429741102981904,0.252581534658193,0.475,0.394,1,POLDIP2
0.042992701120551,-0.489567184782966,0.405,0.461,1,FABP3
0.0432677167886255,0.397249988854268,0.104,0.058,1,ZNF853
0.0432888323566816,-0.275545586198515,0.13,0.079,1,ZNF350
0.0433176908349487,0.35572110746893,0.328,0.257,1,ATP5S
0.0434011390283078,0.674754316706015,0.088,0.046,1,ACVR1C
0.0436937426568796,0.990295638173537,0.169,0.116,1,PARP9
0.0437333315968844,-0.278226460758543,0.145,0.091,1,LOC401052
0.0437573148516082,0.338362504375801,0.165,0.108,1,ZNF614
0.0439735534600346,0.304122512786547,0.151,0.095,1,CCDC34
0.0442054181627999,0.717025855478744,0.145,0.091,1,TNXB
0.0442592224482405,1.29082040592562,0.369,0.303,1,CXCL14
0.0442991712568511,0.260649549768553,0.385,0.307,1,STX11
0.0443456171275479,0.295455614989014,0.684,0.639,1,LIN7C
0.044383924502868,-0.364181063378502,0.202,0.137,1,COPS7B
0.0444886796735301,-0.445433094040912,0.31,0.224,1,MTFR1
0.0445334854823305,0.293400941020531,0.525,0.44,1,ATP6V1H
0.0446371890490647,0.367939559416638,0.688,0.627,1,RELT
0.044743874311728,0.311835606528998,0.297,0.22,1,DCAF5
0.0448410792953043,0.265384710765907,0.574,0.498,1,TIAL1
0.0448462469655604,0.271239835064031,0.898,0.88,1,TRIB1
0.0448658688311629,0.802744549863616,0.403,0.34,1,ZNF532
0.0449260935510929,0.293048546315495,0.324,0.249,1,CCDC144CP
0.0449570966793092,0.53477093222255,0.088,0.046,1,JMJD7
0.0450553769354553,0.560224128378971,0.033,0.008,1,AARD
0.0452668546241244,0.500972392778409,0.236,0.174,1,ARID1A
0.045278566567421,-0.28105843670414,0.303,0.224,1,C11orf95
0.0453246616663916,-0.644218162224547,0.014,0.037,1,ANKS1B
0.045404571947286,1.05966677361948,0.108,0.062,1,ZNF300
0.0454072364104351,-0.476222612439201,0.132,0.079,1,BACH2
0.0454338802399086,0.436511632790455,0.31,0.237,1,CENPB
0.0454804144377535,0.516005362701681,0.173,0.116,1,AP5Z1
0.045501024780365,0.613924615639085,0.344,0.286,1,SLC1A1
0.0455371763052031,0.725435801568867,0.161,0.108,1,BTBD2
0.0455667218717518,1.43955534616142,0.069,0.033,1,SLC13A4
0.0456322702398218,-0.855647283752241,0.022,0.05,1,SFXN2
0.0456343026446993,0.676020221118016,0.118,0.071,1,NEXN
0.045638727757412,0.455664355737238,0.275,0.212,1,ADGRA3
0.0456478843606953,0.591783942137332,0.149,0.095,1,TNIK
0.0456855691858119,0.429999415593911,0.326,0.257,1,FAP
0.0456986061318499,0.256827954246663,0.923,0.934,1,ACSL3
0.0457656605438389,-1.15932723606264,0.022,0.05,1,SYK
0.0458370341180689,0.586756183914539,0.446,0.378,1,SPRY4
0.0459042732570668,0.35339637118148,0.503,0.427,1,UBASH3B
0.0459520118340521,0.518829441679253,0.297,0.232,1,ZNF37A
0.0459978083356276,0.381753329201891,0.703,0.66,1,DSC2
0.0460035864616055,-0.819238485654166,0.224,0.286,1,TSPAN31
0.0460886508778016,0.637599323770792,0.415,0.357,1,SPIRE1
0.0462331683247929,0.276149137553809,0.9,0.892,1,ETF1
0.046255692125785,0.300219416728837,0.397,0.307,1,SPG11
0.0462814248272612,-0.759199185306023,0.014,0.037,1,SNAI3-AS1
0.0463682725774086,0.779806579887451,0.136,0.087,1,ABHD15
0.0463727193892592,-0.384943078924889,0.275,0.199,1,STAT2
0.0464276618118395,0.611002680477262,0.159,0.104,1,RBP1
0.0465124939462933,0.458215545276649,0.444,0.378,1,SRF
0.0465274776332849,-0.961211890647631,0.049,0.087,1,RAPGEF4
0.0465602178697919,-0.295077343209465,0.118,0.071,1,SMIM5
0.04658327442047,-0.350064274879746,0.016,0,1,ADGRE2
0.04658327442047,0.468720249568596,0.016,0,1,APC2
0.04658327442047,0.694418599947234,0.016,0,1,ASPM
0.04658327442047,1.03823520308512,0.016,0,1,C10orf71
0.04658327442047,0.808645851024722,0.016,0,1,C15orf26
0.04658327442047,-0.733661072878474,0.016,0,1,CYP21A1P
0.04658327442047,1.6338850098312,0.016,0,1,DDX11-AS1
0.04658327442047,0.545214278170753,0.016,0,1,LINC00460
0.04658327442047,0.936882717999703,0.016,0,1,MPPED1
0.04658327442047,1.32687449151388,0.016,0,1,PCDHGA12
0.04658327442047,-0.703482039754369,0.016,0,1,PRR23A
0.04658327442047,-0.756253558526182,0.016,0,1,RPL13AP3
0.04658327442047,1.75101904409445,0.016,0,1,SLC26A4-AS1
0.04658327442047,1.05929289714244,0.016,0,1,TICRR
0.04658327442047,-0.50029209919355,0.016,0,1,TUBB8
0.04658327442047,1.2223140297978,0.016,0,1,ZIC1
0.0467396490264299,0.267483603695308,0.562,0.49,1,ENAH
0.0467440222252859,0.327134935599047,0.538,0.465,1,PCNA
0.0467796531531969,-0.47782361021256,0.167,0.108,1,C1orf35
0.0468065371076594,1.15834520963157,0.116,0.071,1,ITIH4
0.0468320514526036,0.387583930114845,0.334,0.278,1,ARMC10
0.0468670715882608,0.781663389245493,0.033,0.008,1,PDCD1LG2
0.0469896506768346,0.414934399103679,0.33,0.253,1,LOXL4
0.0470207747014784,0.478941307915876,0.033,0.008,1,LOC101929162
0.0470629234619575,0.308946463843888,0.422,0.349,1,TSR1
0.0471026297162436,0.26946405347767,0.108,0.062,1,SSX2IP
0.047187134700133,0.573489302863507,0.67,0.618,1,FOXO1
0.0472238805166458,0.646528870106888,0.456,0.394,1,RRAS2
0.047235304297004,-0.284503505314343,0.094,0.05,1,ZNF765
0.047384497521004,0.321326818730873,0.265,0.195,1,YARS2
0.0473910277849793,0.73551906511807,0.334,0.253,1,FLJ46906
0.0474391494002698,0.727290683830258,0.116,0.071,1,ZNF736
0.0475126402987566,0.325661549728622,0.57,0.515,1,JOSD2
0.0475218345329409,-1.53882217572895,0.515,0.556,1,HSPA6
0.0475646994022606,0.668814486385212,0.143,0.091,1,TMEM241
0.0476678773541025,-0.65839671354913,0.022,0.05,1,PHF24
0.0477194699162411,0.469798802524263,0.318,0.249,1,MTX1
0.0477349030715334,0.299691937857337,0.487,0.402,1,FBXO28
0.0477866311995601,0.268932751840165,0.556,0.473,1,TRPC1
0.047795665194715,-0.317716497497156,0.033,0.008,1,ATP1A2
0.0478226897717119,-0.679478980649411,0.151,0.207,1,CLEC18B
0.0479145361625504,0.280842495504197,0.299,0.228,1,OXSR1
0.0479519243907792,0.389998353558587,0.033,0.008,1,LAMA5
0.0480007554183741,0.30667966072609,0.143,0.091,1,SEPN1
0.0480050575290878,-1.16236955461471,0.029,0.058,1,ALOXE3
0.0480532001882094,1.17061945545267,0.039,0.012,1,FAM166A
0.04816096525604,-0.647613437466457,0.772,0.797,1,ID3
0.0482976966340115,0.443720032970628,0.599,0.548,1,GATAD2A
0.048303431592264,0.339350939751355,0.289,0.216,1,CSAD
0.0483094404019422,-0.419847939549972,0.65,0.676,1,VAMP5
0.0484155387853296,0.601788803936392,0.081,0.041,1,IFT172
0.0484695148533055,1.96713032464801,0.057,0.025,1,SCARNA2
0.0485812606739327,-0.698968891956136,0.033,0.008,1,AICDA
0.0486033665721688,0.355386914480929,0.287,0.22,1,GLRB
0.0487649656694393,0.386507123027335,0.281,0.216,1,MSANTD4
0.0488278921747116,0.266886568358656,0.574,0.51,1,SLC39A1
0.0488633089991578,1.12892742298732,0.118,0.071,1,LPIN3
0.0489844717890519,0.34200396079567,0.493,0.432,1,NECAP2
0.0491175169026282,0.690713743340049,0.171,0.116,1,MDC1
0.0491326804984019,0.297013672084243,0.54,0.485,1,GNB2
0.0493890491676898,-2.19429653641454,0.012,0.033,1,SRRM2-AS1
0.0494927656521495,1.35903625278132,0.039,0.012,1,TMEM177
0.0494934468235668,0.970319678810926,0.069,0.033,1,TTC25
0.0495346112327517,-0.321915880270854,0.914,0.892,1,SCAND1
0.0496275321964006,1.01123760120881,0.116,0.071,1,FMNL3
0.0497116370489072,-0.745448962708692,0.236,0.307,1,HIST2H2BE
0.0497485302676912,0.264352456111284,0.228,0.162,1,EHMT1
0.0498151898408894,0.7007118583679,0.069,0.033,1,PARTICL
0.0498722147563239,0.573535135026536,0.308,0.249,1,IP6K1
0.0499527244032874,-0.399756796794333,0.613,0.664,1,NME3
0.0500156827425232,0.316339059671951,0.31,0.241,1,HMGCL
0.0501166582644337,-1.18061695643811,0.688,0.602,1,SDHA
0.0501192482926957,1.86130931981655,0.051,0.021,1,ARHGEF33
0.0502085158886862,0.862126492788649,0.116,0.071,1,CHCHD4
0.0503005401574448,0.452990005018331,0.232,0.17,1,TCOF1
0.0503024844237856,0.281660192526372,0.358,0.282,1,KIF3B
0.0503501172179164,-1.15952922845477,0.053,0.091,1,ALKBH4
0.0504773744372353,1.12760316138574,0.024,0.004,1,LOC100505984
0.0504773744372353,0.567084311545801,0.024,0.004,1,SGOL1
0.0504773744372353,1.67176817912156,0.024,0.004,1,ZNF618
0.0504879242749589,0.996632561416294,0.136,0.087,1,BRD3
0.0505097619643288,0.28100180839873,0.379,0.299,1,AP1S2
0.0505367844116619,0.301891552027849,0.42,0.344,1,KIF2A
0.0505986152080075,0.949139688643282,0.057,0.025,1,LINC00880
0.0505986152080075,0.986664507764914,0.057,0.025,1,PRIM2
0.0506417107053842,0.28466676862138,0.261,0.199,1,HNRNPU-AS1
0.0506684969888489,0.535020064806775,0.075,0.037,1,PLCB1
0.0506724644959903,-0.874281344569963,0.012,0.033,1,KLF17
0.0506844394723237,1.60128288112335,0.079,0.041,1,ADNP-AS1
0.0506916228563759,0.313878198146933,0.092,0.05,1,GUSBP11
0.0507364494996273,0.372621156056773,0.713,0.697,1,CD58
0.0509285275702981,0.302524694976984,0.674,0.618,1,CDH19
0.0510546078845438,0.667299764956215,0.132,0.083,1,PSMD5-AS1
0.0510548181713876,1.55434394810979,0.024,0.004,1,LOC101927190
0.0510785125613329,0.924292607099916,0.167,0.116,1,WDR89
0.0510822419088814,1.05522837154704,0.057,0.025,1,LOC100505549
0.0511756776296398,-0.393711552315568,0.102,0.058,1,LRRC6
0.0512037515605402,0.956166205385565,0.057,0.025,1,ZNF432
0.0512173675874231,0.280609214752709,0.106,0.062,1,ATP11A
0.0512485244537072,0.502116283495513,0.024,0.004,1,KIAA1549L
0.0512678269794299,0.304991117605413,0.039,0.012,1,XKR5
0.0514428456460742,-0.608003228339956,0.024,0.004,1,NLRP12
0.0514428456460742,0.56874915446277,0.024,0.004,1,RFX8
0.0514843842352874,-1.32431248166016,0.02,0.046,1,MEX3A
0.0515286798432086,0.836155529551643,0.045,0.017,1,SLC25A10
0.0515307715139969,0.971057128305699,0.051,0.021,1,PHLDB2
0.0515554703097086,0.508112228638817,0.375,0.32,1,DUSP7
0.0515609149316099,-0.365663981567275,0.069,0.033,1,LINC00678
0.0515687912012919,0.88180979708352,0.039,0.012,1,MB21D1
0.051599644312837,0.256268896555747,0.118,0.071,1,UBQLN4
0.0516061980105538,-1.8364142511342,0.012,0.033,1,ADCK5
0.0516456247816218,0.33405624636281,0.092,0.05,1,OR7E14P
0.0516717019290671,0.277614792859112,0.069,0.033,1,SHROOM3
0.0517852999377522,0.470488081978113,0.189,0.133,1,BTRC
0.051813573305,-0.457448373912858,0.134,0.083,1,DHFR
0.0518210931180042,-2.3886281307369,0.039,0.071,1,KIAA0895L
0.0518333385090557,-0.302402119455337,0.024,0.004,1,SNORA63
0.0520044090453208,0.940615639829597,0.126,0.079,1,ZNF689
0.0520295130569485,0.741274892448445,0.024,0.004,1,SLC18B1
0.052061112172289,0.468224478928683,0.057,0.025,1,PNMA2
0.0520699538145376,0.463265094031082,0.493,0.432,1,HBP1
0.0521350576692502,-0.530366618293534,0.707,0.73,1,USE1
0.052182962847975,0.768382663545963,0.24,0.183,1,DGKI
0.052226373210988,0.673454429437195,0.079,0.041,1,UPK1B
0.0522420493650657,0.719243553910185,0.216,0.154,1,LACTB
0.0523276762107946,0.33822834401554,0.039,0.012,1,RTCA-AS1
0.0523276762107946,0.596334770261972,0.039,0.012,1,STAC3
0.0523406147752572,0.357067963526135,0.069,0.033,1,LOC100506207
0.0524031218651312,-1.38263169859597,0.061,0.1,1,C10orf90
0.0525193350230487,-0.28585980992067,0.145,0.091,1,SIPA1L3
0.0525860596858868,0.87342228310523,0.153,0.104,1,DGKA
0.052623208472765,0.557717831802427,0.24,0.174,1,LRRC37A4P
0.0527334489818136,0.349785807226101,0.102,0.058,1,LINC00607
0.0528796464402281,0.379961423162157,0.591,0.527,1,C15orf61
0.0529238437919742,0.772764427159196,0.086,0.046,1,FMO4
0.0529419318833747,-1.19056569801664,0.153,0.203,1,URB1-AS1
0.0529966006366742,0.307458246758459,0.462,0.394,1,QRICH1
0.0530848964865192,0.852803384451646,0.248,0.191,1,PALM2
0.0531690758624593,0.555114295475968,0.22,0.158,1,LOC101927755
0.0531932860228235,1.49242014897472,0.09,0.05,1,SLC22A23
0.053250642593686,-1.20437933059672,0.039,0.012,1,GGT5
0.0532543768462886,-0.744864221380301,0.126,0.079,1,FBLIM1
0.0533605961920762,0.387087119823374,0.214,0.154,1,DNAJC17
0.0533768808255508,0.413773436608748,0.338,0.27,1,BRD1
0.0534775656121769,-0.446534187241234,0.289,0.207,1,PARP14
0.0534780895498361,0.799278797255608,0.216,0.162,1,C5orf22
0.0536660523663206,0.513715521284978,0.395,0.299,1,ADRBK2
0.0537498409562963,0.29745898075213,0.312,0.237,1,DAXX
0.0538394523476412,-2.18118695078175,0.02,0.046,1,CAPN5
0.0539847786361347,0.457743277443013,0.617,0.56,1,CRCP
0.0540483297088533,0.421436537844014,0.501,0.427,1,DNAJC21
0.0541787962675921,1.49183081435384,0.151,0.104,1,KLHL3
0.0541921822782797,0.509892586636273,0.226,0.166,1,PLXNA2
0.0542166092484865,0.384300731137,0.196,0.137,1,CCNO
0.0542536910871611,0.417369702433305,0.334,0.261,1,BOK
0.0542718714758496,0.414651494159783,0.554,0.49,1,ATXN1
0.0542752957570426,-0.63992921940474,0.069,0.033,1,EDNRA
0.0543231822107252,0.474260063557932,0.436,0.373,1,STAT1
0.0543232571095756,0.354644133743196,0.566,0.498,1,LRPPRC
0.0543298016903162,0.443315402134609,0.136,0.087,1,PHRF1
0.054373310362286,0.901617269148599,0.045,0.017,1,WDR81
0.0545041917197464,-0.266617149460704,0.866,0.884,1,SH3BGRL
0.0547182923066642,0.599925252814596,0.55,0.494,1,OTUD4
0.0547300297199733,0.555883518586025,0.112,0.066,1,SLC9A9
0.0547697497883872,0.28172346521157,0.23,0.166,1,CHCHD10
0.0547854925833985,0.493695499681679,0.493,0.423,1,PI4K2A
0.0547949604910422,0.675185165908188,0.116,0.071,1,PIK3R2
0.0548788253393586,0.354933705204127,0.768,0.714,1,TNFRSF10D
0.0549910094886316,0.467708441329002,0.236,0.174,1,FAM175B
0.0550310944374207,-1.96357746377042,0.026,0.054,1,SLC38A4
0.055300439679584,0.336807685915065,0.473,0.411,1,GFM1
0.0553018130002255,0.822663025780096,0.564,0.589,1,CXCL8
0.0553115084255726,0.514129914199578,0.073,0.037,1,KCNS3
0.0553514067832294,0.769832538560804,0.057,0.025,1,CDHR3
0.0553895758947237,-0.707995551490464,0.112,0.162,1,ZNF559
0.0553937005962326,0.266562013431298,0.405,0.32,1,STAG1
0.0554987123205241,0.280154796631106,0.601,0.523,1,UBE3C
0.0555285448670638,0.693550862756036,0.1,0.058,1,CD79B
0.0556954994382681,0.480900962311529,0.045,0.017,1,DCLK2
0.0557545113410154,0.410736992892196,0.181,0.124,1,BDNF
0.0557876567963441,-0.957432678176593,0.02,0.046,1,HMGN3-AS1
0.0558025264455168,0.608562057689127,0.189,0.133,1,NDC1
0.0559381785448955,-0.579217851902346,0.134,0.187,1,SRC
0.0559448040723524,0.340357868035716,0.234,0.174,1,MAML1
0.0560143566094359,0.348077710993373,0.527,0.473,1,SRSF8
0.0560181851724273,0.969141350103097,0.1,0.058,1,CCDC142
0.0560438128496293,0.445415757426412,0.34,0.274,1,TTN
0.0561227687316414,0.340897530703105,0.305,0.245,1,POMT2
0.0561348310630761,-0.356898234549398,0.057,0.025,1,LOC442028
0.0561363753873414,0.692412836722149,0.094,0.054,1,LRRC37B
0.0562889413648721,0.750342622226632,0.422,0.361,1,MAP7D1
0.0563490027897108,0.587053894636544,0.179,0.124,1,TMEM110
0.0564516320945674,-2.79853108016248,0.01,0.029,1,ARHGAP30
0.056631754235248,2.12990494361767,0.175,0.124,1,TREM1
0.0566496198557056,2.57622589000139,0.067,0.033,1,PRKY
0.056743238279548,-0.611621868596123,0.316,0.369,1,PIK3R1
0.0567749325390788,-0.426174213756722,0.106,0.062,1,TNFSF11
0.0567899841077378,0.563075686346781,0.432,0.378,1,NFIB
0.056805229264496,0.619030017271595,0.073,0.037,1,KLHL22
0.0572069215655486,0.839825890507481,0.13,0.083,1,STX1B
0.0572644117450989,0.264676190489987,0.536,0.465,1,MYOF
0.0573401978391418,-4.18774813944542,0.033,0.062,1,CXCR4
0.0574055589965131,0.472291171111765,0.56,0.485,1,OAF
0.0575926250102527,0.563484739325043,0.322,0.253,1,GNE
0.0577511073685078,0.360513932819235,0.365,0.303,1,FASN
0.0577769703422113,-1.15680762735745,0.01,0.029,1,CTBP1-AS
0.0577769703422113,-1.7397634300088,0.01,0.029,1,SNORA13
0.0578067165353771,-1.27071801928751,0.071,0.112,1,CASP12
0.0578154037203414,-0.320693908490195,0.114,0.066,1,MCM5
0.0578819720390349,-1.46639363532784,0.026,0.054,1,TRIM61
0.057934182016068,0.389781740001533,0.297,0.232,1,RAI2
0.0580155836897428,1.21848774709741,0.179,0.129,1,LMTK2
0.0581484050725705,0.808961775747326,0.118,0.075,1,WHAMMP2
0.0582050330038366,0.344420673828378,0.157,0.104,1,NELFB
0.0582244569582806,-2.29487978611888,0.01,0.029,1,LOC101929128
0.0582764845670435,-0.579230535464927,0.652,0.656,1,NDRG2
0.0582799923877307,0.600080768265626,0.232,0.174,1,NIPAL3
0.0584270966666846,-0.254658139608045,0.063,0.029,1,BCL9
0.0584701931882002,1.25007992729065,0.134,0.087,1,C1QTNF7
0.0586280614100609,0.261481096997277,0.886,0.855,1,CAPG
0.0586306975645332,0.360435534487257,0.46,0.394,1,CLCC1
0.0586522783429244,-1.28857221269231,0.026,0.054,1,STXBP6
0.0586730640892817,0.687418091900644,0.116,0.071,1,FAM109A
0.0586975470395283,1.71783589437642,0.031,0.008,1,FAM69B
0.0588090516066236,0.475944533655643,0.104,0.062,1,PAXIP1
0.0588269204230811,0.309191328571826,0.236,0.174,1,GK
0.0588590591917695,0.566368039129729,0.246,0.191,1,S100PBP
0.0588733225088901,-0.335776891711312,0.682,0.598,1,C11orf91
0.0590486148044268,0.697566463381774,0.073,0.037,1,FPGT
0.0590525212434312,-0.454118848369361,0.198,0.137,1,HOOK2
0.0591280706185399,-0.619813713268562,0.01,0.029,1,LCK
0.0591280706185399,-0.59477813104527,0.01,0.029,1,ZNF833P
0.0592713944136123,1.68400542420023,0.031,0.008,1,TC2N
0.0594326336011318,0.317447190110774,0.34,0.27,1,ATXN1L
0.0595821679206269,0.595849210481216,0.257,0.195,1,KDELC1
0.0596565399342835,1.86593066674067,0.031,0.008,1,NAP1L6
0.0597221432036153,0.409420824180952,0.212,0.154,1,ZNF469
0.059846661777198,-0.360331728044501,0.263,0.328,1,EIF3J-AS1
0.0598884108514247,0.383852135449527,0.308,0.241,1,FBXO25
0.0600437592612928,1.68290742882941,0.031,0.008,1,ABALON
0.0601414419376524,0.298292885761422,0.69,0.639,1,LPIN2
0.0601736187382582,0.259955445025608,0.289,0.22,1,NKILA
0.0601956877921708,0.700068141449334,0.352,0.299,1,MEGF10
0.0602171317454361,0.751130315785216,0.084,0.046,1,SPRED3
0.0602211174029421,0.313801455239445,0.316,0.241,1,BTBD10
0.0603623121829268,1.21947408546307,0.24,0.183,1,PRDM1
0.0604330603958697,1.13614468432793,0.031,0.008,1,GPR158
0.0605072241071889,-0.505257871782872,0.24,0.166,1,SHPRH
0.0606765127508614,0.733427920497884,0.354,0.299,1,NCOA5
0.0607373936079948,-0.865916579749817,0.01,0.029,1,DNAJC28
0.0609088496925852,0.531563206375541,0.218,0.154,1,TMEM254-AS1
0.0609159945584719,0.348810484661251,0.574,0.519,1,ATXN2L
0.0609443895903311,0.470616619052004,0.193,0.137,1,WWC2
0.0609664620651054,0.262940799517033,0.275,0.212,1,RPL39L
0.0610076252545854,-0.744136209551267,0.32,0.394,1,THBS4
0.0611476798632902,0.265451648557782,0.613,0.556,1,NUS1
0.0611741002167743,0.294632674965388,0.424,0.349,1,RYK
0.0611921652874349,0.505742360517083,0.2,0.145,1,SAP30
0.0612033648846091,0.956396573730184,0.077,0.041,1,ADAMTS14
0.0612510801146165,-1.17894967063212,0.116,0.166,1,AKNAD1
0.0612585456431223,0.524364918751894,0.409,0.349,1,TTC19
0.061349406052288,0.277958601123071,0.762,0.71,1,PXK
0.0614383265954172,-1.39774130298627,0.018,0.041,1,RNF5P1
0.0614471827029111,-0.997743572334885,0.081,0.124,1,FAM217B
0.0614598672809872,-0.461276985442491,0.67,0.693,1,PARM1
0.0614932556046534,0.710181382492276,0.328,0.261,1,SH3BP2
0.0617321647962075,-0.433395170542284,0.729,0.743,1,ARRDC3
0.0618121243304089,0.406181594168588,0.031,0.008,1,PGR
0.061968290865351,0.72387372869379,0.181,0.129,1,IRAK3
0.0620112433489644,-0.450749381172725,0.031,0.008,1,TLR3
0.0620669087634098,0.925765184005244,0.177,0.124,1,C9orf85
0.0620973408722657,0.843674267800325,0.061,0.029,1,PLA2G4C
0.0621206651580626,0.304569525323597,0.521,0.444,1,KLHL24
0.0621449020606703,1.04457305274373,0.206,0.154,1,UNC119
0.0621709816665714,0.280451264434775,0.324,0.257,1,INTU
0.0621793945935661,-0.351195251792825,0.1,0.058,1,FADD
0.0622301896556554,0.89618621901534,0.128,0.079,1,FAM227A
0.0622565769153285,-1.62557177850939,0.033,0.062,1,HESX1
0.0622868540384074,0.363058320293919,0.171,0.116,1,UVRAG
0.0623214968742303,-2.11457479749357,0.045,0.079,1,LRRC37A8P
0.0624039032014866,-0.286542936540008,0.766,0.788,1,CD14
0.0624225030887272,-0.422484842320282,0.564,0.618,1,ATF1
0.0626560568898375,0.347187540800211,0.21,0.154,1,NDP
0.062715312273948,-0.398544258664158,0.711,0.751,1,CCDC53
0.0627770015346908,0.384535561597196,0.686,0.622,1,TGFB1
0.0627963141605484,-0.640673670472928,0.026,0.054,1,LINC00672
0.0628476363811855,0.744461391742681,0.067,0.033,1,ICA1
0.0628676661432921,1.08141074133405,0.014,0,1,ARHGEF37
0.0628676661432921,0.642716763270025,0.014,0,1,EPB41L4A-AS2
0.0628676661432921,0.676760985107784,0.014,0,1,HIST1H2AK
0.0628676661432921,-0.824257707416195,0.014,0,1,KCNJ3
0.0628676661432921,0.898819872472792,0.014,0,1,LMOD3
0.0628676661432921,1.01542560671095,0.014,0,1,PSD2
0.0628676661432921,0.829500110214253,0.014,0,1,SFTA1P
0.0629975504354268,0.312706566058901,0.418,0.336,1,TGFA
0.0630242699279817,-0.299036235488138,0.077,0.041,1,HPS6
0.0630291050774342,0.325550441707226,0.185,0.129,1,C12orf60
0.0630302364590858,1.2205687674689,0.049,0.021,1,SSSCA1-AS1
0.0630671199993814,-0.485850601653199,0.112,0.066,1,LRSAM1
0.0632153901916345,0.307856045707994,0.652,0.585,1,KLC1
0.0632880232919567,0.332364736534921,0.346,0.286,1,PRICKLE2-AS3
0.0633280441468938,0.325131202458493,0.316,0.253,1,TAF3
0.0633480069890149,0.46521318624634,0.261,0.199,1,LGALS8
0.0634721974115166,-0.260258677682841,0.09,0.05,1,HSH2D
0.0635436473644772,-0.344615596051649,0.206,0.145,1,SREBF1
0.063561927526296,0.28326236029346,0.285,0.22,1,C6orf1
0.0635885600715424,0.579955574226086,0.407,0.349,1,ZBTB10
0.0637368922678104,-0.451406008506595,0.273,0.207,1,CLVS2
0.0640034692638018,-1.74436455548765,0.043,0.075,1,ZNRD1-AS1
0.0641326175857048,0.273494398871937,0.756,0.701,1,SUMO3
0.0641471999053603,0.357897833893751,0.191,0.137,1,FAM69A
0.0641732793963276,1.43453120968001,0.055,0.025,1,KIF4A
0.0641835690846905,0.68900860122965,0.061,0.029,1,ZNF416
0.064386373286415,0.296733923865429,0.34,0.274,1,SLC11A2
0.0644558780882675,-3.36550168881392,0.008,0.025,1,PRDM8
0.0646076829608041,0.663634868407169,0.061,0.029,1,SLC27A3
0.0647866018728484,-0.555721844542188,0.21,0.145,1,ABHD4
0.0648327847684646,0.675591584345271,0.255,0.195,1,BBS2
0.0648605390827903,0.307337519521824,0.352,0.278,1,GLT8D1
0.0649919446751405,-3.016087803894,0.008,0.025,1,CES3
0.0650093169667382,-0.263754164150657,0.872,0.896,1,TCP1
0.0650134243601569,0.517576703254459,0.149,0.1,1,TMEM158
0.0650382196834667,0.261101009081879,0.143,0.095,1,GRIA2
0.0650434873430862,-0.757394946669155,0.214,0.27,1,FBLN1
0.0650992237452198,0.482224091930061,0.094,0.054,1,MYO19
0.0651182388205784,0.748431225523072,0.157,0.108,1,DMPK
0.0651369455085146,-0.70632666260031,0.236,0.29,1,CDK10
0.0652374523959863,1.17238575757405,0.098,0.058,1,CETN4P
0.0652374523959863,0.814451767112279,0.098,0.058,1,SUZ12P1
0.0653894515740167,0.281000736413511,0.346,0.27,1,CANT1
0.0653924468841516,1.14649324435544,0.124,0.079,1,YEATS2
0.065483105977703,-0.344308058001815,0.037,0.012,1,FGB
0.0654996308686659,-0.437232223740988,0.11,0.066,1,EVA1A
0.065573628435319,0.351792859058516,0.167,0.116,1,LRBA
0.0656471792382135,0.782996865593937,0.277,0.224,1,FAM63B
0.0656714964959878,0.74209857063973,0.037,0.012,1,CUEDC1
0.0656714964959878,0.897543854828212,0.037,0.012,1,LOC101929319
0.0657803606171649,1.05543448554793,0.613,0.564,1,S100A2
0.0658029359862723,-0.706282259033859,0.008,0.025,1,TMCC3
0.065833870680352,0.435450857783941,0.226,0.166,1,EFCAB11
0.0658732424625618,-2.13708390557276,0.024,0.05,1,GGT7
0.0659084200783188,0.289041854226484,0.283,0.216,1,TRIM33
0.0659549395949873,0.531655496281116,0.116,0.071,1,ZNF707
0.0659688413223168,0.306801111030256,0.248,0.187,1,DDX55
0.0661100110358336,0.378166168401284,0.633,0.56,1,LOC101928841
0.0661287207294761,0.275458719273298,0.442,0.361,1,NAA35
0.0661780370982777,0.472189233726884,0.173,0.12,1,DUSP16
0.0662150067950069,0.891095007698184,0.049,0.021,1,CENPU
0.0662988620556916,1.21569515993775,0.173,0.124,1,HMCN1
0.0663482169968566,-1.65445787524273,0.008,0.025,1,JAG2
0.0663482169968566,-1.81109567739485,0.008,0.025,1,LINC01247
0.066444688103096,0.478525210672387,0.222,0.166,1,TRAK2
0.0665328777415371,0.975011273438083,0.022,0.004,1,HIST1H4H
0.0665328777415371,1.23827409122051,0.022,0.004,1,KCTD16
0.0665328777415371,1.39698573156805,0.022,0.004,1,NMNAT3
0.0665328777415371,1.19749148984778,0.022,0.004,1,TEDDM1
0.0665740444566548,0.312632250406349,0.672,0.622,1,ADNP
0.0666173764786885,-1.16437546461542,0.049,0.083,1,NR2F2
0.066622250197428,-1.26333790614572,0.008,0.025,1,DPYSL5
0.0667925375026294,0.425918936193864,0.259,0.199,1,ERLIN1
0.0668676110214323,1.04979225321468,0.049,0.021,1,EPHB6
0.0668972148217877,-1.4544508517551,0.008,0.025,1,SEPT7-AS1
0.0668972148217877,-1.45304634090057,0.008,0.025,1,WDR17
0.0669918570547163,0.941914902923368,0.228,0.17,1,LOC729603
0.0671086626792379,-0.281009481982669,0.216,0.149,1,MICALL2
0.0671731130915937,-1.48758477256046,0.008,0.025,1,FBXO24
0.0671731130915937,-2.86520943422337,0.008,0.025,1,ZNF732
0.0672713489532397,-0.851423897717953,0.456,0.498,1,TMEM176A
0.067288331364687,1.1816043796229,0.022,0.004,1,CENPV
0.0673089973902094,0.373351327406169,0.094,0.054,1,PDE11A
0.0673089973902094,-0.610606983243492,0.094,0.054,1,SUSD1
0.0673691962892596,0.685438597158353,0.275,0.22,1,B9D2
0.0674499472296465,-1.24466938247403,0.008,0.025,1,ATP4B
0.0674499472296465,-1.48293050076033,0.008,0.025,1,LACE1
0.06747254768049,0.84913111158071,0.114,0.071,1,DUSP19
0.0674795191411004,0.298546062184975,0.13,0.083,1,SV2A
0.0675417125924308,-0.683129963871026,0.022,0.004,1,LILRA5
0.0675417125924308,0.827493681274632,0.022,0.004,1,SYN1
0.0677415364792881,0.33776060126903,0.395,0.332,1,NAT10
0.0677890107639328,-0.388722809838003,0.061,0.029,1,HOXA11-AS
0.0677958783280308,-0.671527371796219,0.022,0.004,1,LOC100996351
0.0678287702218928,-3.28509818206064,0.055,0.025,1,UCMA
0.0679514794441132,0.432604370488479,0.487,0.423,1,HUS1
0.0680508302713498,0.873433968945023,0.022,0.004,1,C6orf163
0.0680508302713498,1.33006599228561,0.022,0.004,1,LINC01432
0.0680758887130224,-0.308473014693913,0.961,0.95,1,ZRANB2
0.0681143126976802,0.425445118715766,0.45,0.39,1,TRIM4
0.0682310697673736,0.480768617656867,0.175,0.12,1,ACADSB
0.0683065701230053,-0.691751559966136,0.022,0.004,1,SMC2-AS1
0.0683569802414916,-1.46188265680714,0.102,0.145,1,CRX
0.0683972162563003,0.274756061501007,0.43,0.369,1,GPATCH2L
0.0685197793399067,-1.04706003222587,0.043,0.075,1,FAM225A
0.0685223154608948,-0.539427630434476,0.049,0.021,1,LINC01482
0.0685513594436686,-0.722897127430522,0.037,0.012,1,C20orf203
0.068563099584357,0.311097362178425,0.022,0.004,1,ADAMTS10
0.0685729897606082,0.896459455125742,0.265,0.212,1,TAF4B
0.0686107674047279,0.335629191314702,0.141,0.091,1,PTK2B
0.0686609690744446,0.493846280546182,0.114,0.071,1,NUDT14
0.0686609690744446,0.362148298583909,0.114,0.071,1,PSEN2
0.0686764621112171,0.275475406972411,0.727,0.668,1,TUBE1
0.0687831926224749,0.314095736080405,0.542,0.481,1,KLHL28
0.0688647501759043,0.315139725677712,0.456,0.378,1,ABTB2
0.0688877362376818,-0.524179695412504,0.114,0.162,1,MLKL
0.0690004580804552,0.326679504504222,0.187,0.133,1,ZNF746
0.0690252397277755,0.282876753556183,0.049,0.021,1,STAG3L5P
0.0690594167814196,0.311161737953435,0.515,0.456,1,RAD1
0.0693313356453259,0.404709860020693,0.554,0.485,1,GRSF1
0.0693481087911472,0.615288543341935,0.157,0.108,1,GALNT5
0.0694447276425904,-1.026817476015,0.09,0.05,1,ABLIM3
0.0694614799878117,0.377289411873912,0.572,0.51,1,TJP1
0.0696692879392843,0.448725460073669,0.084,0.046,1,TTTY15
0.0698956424331998,0.252658197371799,0.546,0.494,1,COA5
0.0699530706881277,-0.462658631943956,0.829,0.83,1,GDF10
0.0700117760416781,0.357659387112137,0.454,0.39,1,AAR2
0.0700304771291876,0.283465636838409,0.489,0.432,1,SETD3
0.0701354208688969,0.341880557822544,0.79,0.739,1,ACKR3
0.0701721834130121,-0.325239616953282,0.067,0.033,1,AP1S1
0.0702105291014802,0.859561256131115,0.049,0.021,1,GNB1L
0.0703227706531298,0.484593957588787,0.065,0.033,1,LIMD2
0.0703862572660841,0.814797465506175,0.071,0.037,1,CCDC129
0.0704867725705352,-1.99134096494336,0.041,0.071,1,ZSCAN5A
0.0707795972741521,-1.17468619067097,0.202,0.145,1,EFNB2
0.0708840208442397,0.343360704535855,0.646,0.606,1,EDEM3
0.0709057978956314,0.262995917256637,0.208,0.154,1,KIAA0825
0.0710155089955151,0.360897828262964,0.385,0.32,1,ZFAND3
0.0710710997512565,0.251756058747141,0.248,0.183,1,GBA
0.0712313854860393,0.438960073662563,0.071,0.037,1,PDSS1
0.0712405166778827,-0.714738817917969,0.09,0.133,1,RFXANK
0.0712954757472392,0.260238208358888,0.58,0.519,1,MAF1
0.0716902603356354,-1.9533838545262,0.006,0.021,1,BSN-AS2
0.0717092857259287,0.462291438820196,0.088,0.05,1,GDF11
0.0721052551733203,-0.525423434740212,0.11,0.158,1,DCPS
0.0721057500960978,0.622391103403024,0.171,0.12,1,BCR
0.0721065358095504,-0.446913478333309,0.794,0.784,1,DDIT3
0.0721068281568161,-1.73307959997527,0.049,0.021,1,PNPLA3
0.0721339047753254,0.509566473737563,0.255,0.191,1,RFWD2
0.0722838801005921,-2.00952772145874,0.002,0.012,1,LINC00184
0.0722838801005921,-1.15273046818298,0.002,0.012,1,LINC00637
0.0722838801005921,-2.31876747737897,0.002,0.012,1,LOC101926960
0.0722838801005921,-2.09108035164106,0.002,0.012,1,LOC101928992
0.0722838801005921,-2.63867687083654,0.002,0.012,1,MESP1
0.0722838801005921,-2.15269419129536,0.002,0.012,1,ZSCAN23
0.0723107148231219,0.664924915967036,0.108,0.154,1,FCER1G
0.0723157118449708,0.612083748395815,0.462,0.398,1,SMAD3
0.0723185921427627,0.270434277891227,0.214,0.158,1,RCAN3
0.0723219719640963,-0.815060335692755,0.024,0.05,1,MAFG-AS1
0.0725101581933733,-1.15145315902141,0.132,0.083,1,CABP4
0.0726411070705609,0.252162973072379,0.499,0.436,1,KIAA0232
0.0726535399619108,0.263123246868866,0.31,0.245,1,FAM65A
0.0726722322825087,-2.62677319469998,0.006,0.021,1,FRAT1
0.0727472739519077,-2.59431999969601,0.002,0.012,1,FAM92B
0.0727472739519077,-1.10320088201907,0.002,0.012,1,LHX4
0.0727472739519077,-2.22808903730921,0.002,0.012,1,LOC100996634
0.0727472739519077,-1.83200839044925,0.002,0.012,1,PSPN
0.0727472739519077,-1.92555200058893,0.002,0.012,1,S100A7
0.0727899370300271,0.296961229488952,0.682,0.622,1,WNK1
0.0728067076527497,-1.82503454549602,0.031,0.058,1,PNLDC1
0.0729012090387336,0.835400078184204,0.102,0.062,1,LOC101929767
0.0730019925924444,-2.42618877190609,0.006,0.021,1,BGLAP
0.0730019925924444,-1.0914874492611,0.006,0.021,1,LRRC43
0.073138384769811,0.301552295384596,0.358,0.295,1,DRG2
0.0731985769514108,0.365192965435811,0.57,0.498,1,CHMP1A
0.0732130963675572,-1.2065577544589,0.002,0.012,1,APOF
0.0732130963675572,-1.63087513422619,0.002,0.012,1,COX8C
0.0732130963675572,-1.15561324595553,0.002,0.012,1,HRASLS2
0.0732130963675572,-2.26403021518268,0.002,0.012,1,NLRP2
0.0732130963675572,-1.24035829852177,0.002,0.012,1,PCED1B-AS1
0.0732130963675572,-3.1932615010473,0.002,0.012,1,S100Z
0.0732637470408202,0.25587212078317,0.391,0.324,1,OPA1
0.0733329762654541,-1.67865495772675,0.006,0.021,1,LINC01599
0.0733329762654541,-1.69673459361236,0.006,0.021,1,ZNF311
0.0733628904403707,0.525524715533784,0.246,0.187,1,TMEM259
0.0733803409726225,0.303643727765281,0.295,0.232,1,ADGRE5
0.073434276104253,0.510275157094343,0.69,0.627,1,SLC7A11
0.0735039834592456,0.2583943687255,0.407,0.344,1,SIAH2
0.0735160273595353,0.512412831420443,0.267,0.212,1,XPO5
0.0735344937153999,-0.261932298524026,0.969,0.967,1,TPM2
0.0735747861393946,0.328130802258948,0.287,0.228,1,SLC16A3
0.0736651864227869,-1.43170930992201,0.006,0.021,1,C4orf51
0.0736651864227869,-2.49112236588609,0.006,0.021,1,HEYL
0.0736651864227869,-1.63318863047139,0.006,0.021,1,ZNF99
0.0736813561017259,-1.03779680991948,0.002,0.012,1,FAM74A3
0.0736813561017259,-0.728240271089925,0.002,0.012,1,NR2E1
0.0736813561017259,0.345813282343092,0.002,0.012,1,ZCCHC16
0.07372856238899,0.900018095523277,0.173,0.12,1,DLL1
0.0739280771770337,-0.289229231076406,0.208,0.145,1,RMND5B
0.073998626186774,-1.48989144191142,0.006,0.021,1,RBM12B-AS1
0.0740018279263618,1.20243850949967,0.112,0.071,1,ZNF713
0.0743332986807927,-1.61201433716791,0.006,0.021,1,DLGAP4-AS1
0.0743332986807927,-1.90151472940308,0.006,0.021,1,HAR1B
0.0743363213712492,0.270586692610437,0.58,0.51,1,PHC2
0.0743538187461956,0.770902844323531,0.175,0.124,1,GCSAM
0.0744037500304438,1.05057925055494,0.145,0.1,1,SEMA4A
0.0745007369112124,-1.8683826961033,0.016,0.037,1,ACADS
0.0746692070292298,-1.05166129864791,0.006,0.021,1,CRHBP
0.0747505674994518,0.543146685148926,0.432,0.357,1,PPP4R2
0.0747511964888911,0.389071574197799,0.257,0.195,1,PFKM
0.0747649388820094,1.36807521367628,0.079,0.046,1,MERTK
0.0748572895341648,0.636357112348067,0.283,0.224,1,RAP1GAP2
0.0748625098922394,0.55370585501828,0.399,0.349,1,PBX3
0.0750063543574458,-0.354065695112833,0.006,0.021,1,PDE3A
0.0750173111742738,0.476691895647233,0.401,0.357,1,DPYD
0.0751537821904573,0.312991517255834,0.196,0.145,1,ATP13A1
0.075187649682771,0.336547257630921,0.281,0.22,1,CDYL
0.0752950561132563,1.13516344612931,0.065,0.033,1,BHMT2
0.0753029030073153,0.267858795393352,0.108,0.066,1,A4GALT
0.0753771056925502,0.574430620924633,0.21,0.154,1,TAF1
0.0754599539524016,-0.298019175991336,0.705,0.718,1,SS18L2
0.0755175583019094,0.722093884945026,0.092,0.054,1,ZBTB39
0.075582650670288,-0.585674964766577,0.071,0.037,1,LINC00243
0.0756734321839564,0.321058657744493,0.301,0.241,1,TRMT1
0.0756843784593046,-0.327808510156475,0.006,0.021,1,MAMSTR
0.0757268985918284,0.543126966935227,0.218,0.162,1,RAB32
0.0757789357738461,0.406304053096604,0.428,0.365,1,GGCT
0.075788396442179,0.420192652438975,0.283,0.228,1,AFF3
0.0759650998264608,-0.330029074953508,0.998,1,1,PLAC9
0.0760027848180931,0.733163082306002,0.112,0.071,1,UROS
0.0761971318846901,-1.31765692675074,0.004,0.017,1,UTS2B
0.0762488089370187,0.295081175060898,0.768,0.734,1,SEC24D
0.0765068669105044,0.73627248933116,0.167,0.116,1,LINC01558
0.0765924915368809,-2.54611415223003,0.004,0.017,1,C5orf66-AS1
0.0765924915368809,-2.16252279460811,0.004,0.017,1,KLRC3
0.0765924915368809,-3.21079599157047,0.004,0.017,1,LEF1-AS1
0.0765924915368809,-2.28509448837027,0.004,0.017,1,PPAP2C
0.0766004628979723,1.86545404485268,0.09,0.054,1,PTGER4
0.0766264504016623,0.355796456488313,0.277,0.212,1,NPIPB15
0.0770149241967606,0.389678131488243,0.065,0.033,1,GOLGA8M
0.0770675746649025,-0.744729963676326,0.12,0.075,1,PLXNA4
0.0771619818976752,1.30258561078649,0.029,0.008,1,SENP3
0.0773882285755056,-2.80509380347544,0.004,0.017,1,ABCC6P1
0.0773882285755056,-1.27369661164702,0.004,0.017,1,FCGR3A
0.0773882285755056,-1.11517694609465,0.004,0.017,1,LOC100506444
0.0773882285755056,-1.2979716382538,0.004,0.017,1,LOC102723885
0.0773882285755056,-1.53233691463555,0.004,0.017,1,PPP4R1-AS1
0.0773882285755056,-1.6725234065665,0.004,0.017,1,WFDC10B
0.077408070327596,2.03329488614141,0.029,0.008,1,LRP5L
0.0774416304278422,0.668370048973791,0.112,0.071,1,MTHFD2L
0.0774947081485256,0.427631527602977,0.132,0.087,1,ACP6
0.0774972573987853,0.933389857933769,0.092,0.054,1,DDX11
0.0775854113514333,0.332373578068726,0.585,0.535,1,HDGF
0.0775905431980077,0.442874428281736,0.42,0.361,1,CHD1L
0.0777162557158482,0.40730349940666,0.352,0.282,1,ADNP2
0.0777726685467018,-1.92655801677649,0.293,0.34,1,HSPA7
0.0777886155644367,-1.73124702089834,0.004,0.017,1,OCA2
0.0778509135179773,0.410662926729209,0.102,0.062,1,DTX2
0.0778509135179773,0.295132065802644,0.102,0.062,1,ZNF814
0.0779004203935755,0.253917086048463,0.399,0.328,1,ETFDH
0.0779170155389489,-1.0167370100558,0.096,0.137,1,ZNF121
0.0779718020727238,0.444739707461101,0.326,0.266,1,UBXN2A
0.0781906879367188,-0.903564839543305,0.004,0.017,1,ANO8
0.0781906879367188,-1.050995185391,0.004,0.017,1,LOC440446
0.0781906879367188,-1.69570710261179,0.004,0.017,1,PM20D1
0.0782425901933721,0.435666102732355,0.059,0.029,1,GPD1L
0.0782668546555304,0.376953329377491,0.458,0.402,1,CSPP1
0.0783988255128303,0.88374660024542,0.029,0.008,1,SLC7A11-AS1
0.0784355919215173,0.332264777672813,0.717,0.685,1,ZNF655
0.0785944504963961,-1.20485699246578,0.004,0.017,1,LOC100506639
0.0785944504963961,-1.10353554784187,0.004,0.017,1,TBC1D10C
0.0786189995839845,1.2002080147032,0.11,0.071,1,USP21
0.0786481203060262,1.86738369698956,0.029,0.008,1,TOP2A
0.0786601689366506,-1.32706563331927,0.057,0.091,1,LARGE
0.0787663347128136,0.367649614526665,0.371,0.311,1,PPP4R1
0.0788149032374256,1.06821703769529,0.086,0.05,1,MYBL1
0.0789725232920279,0.624217118550567,0.279,0.224,1,RBMS2
0.0790131048562664,0.273248981747412,0.293,0.224,1,RFT1
0.0790697205210763,0.372265830684632,0.342,0.286,1,XPR1
0.079108284109674,0.63376612250221,0.269,0.216,1,RASSF5
0.0791090780221548,0.660431099196206,0.169,0.12,1,DTX3
0.0791599007173377,0.662329888327968,0.171,0.124,1,TNP1
0.079234114419352,-0.370581566179079,0.157,0.104,1,RREB1
0.079236717630754,0.700778205519265,0.069,0.037,1,KCTD11
0.0792555375551631,-0.649591110710705,0.277,0.344,1,GDAP2
0.0792663745664664,0.269860429487668,0.701,0.647,1,STEAP2
0.0792684299555939,0.494715352938951,0.126,0.083,1,LINC00997
0.0793802728781585,-0.298634657514512,0.163,0.112,1,PACS1
0.0793998771008268,0.603559509488327,0.029,0.008,1,RANBP17
0.0794070653989286,-1.01968018545923,0.004,0.017,1,RNF126P1
0.0794120198540449,0.29430098146601,0.287,0.232,1,FAM214B
0.0794208744665881,0.40018774972722,0.118,0.075,1,KDM4B
0.0794280660123484,1.41122177477932,0.047,0.021,1,ASAP1-IT2
0.0795933454343061,-1.72528831519791,0.022,0.046,1,ART5
0.0795989419069411,0.635198941210593,0.424,0.378,1,PPP4R4
0.0797839614435202,0.46141926386956,0.248,0.191,1,GBA2
0.0798128438649306,-0.692782416376815,0.132,0.083,1,EVC2
0.0799042865773639,0.881247180121754,0.029,0.008,1,ARL10
0.0799351360567636,0.261610524495065,0.493,0.427,1,ECD
0.0800051465658334,0.871611325343632,0.047,0.021,1,PSORS1C1
0.0801772597890238,0.380012158631546,0.424,0.365,1,C16orf45
0.0802870659921523,-0.251037486376011,0.261,0.195,1,CAAP1
0.0803690701073006,0.864390019255255,0.224,0.17,1,TINCR
0.0803964014156662,-0.620639040084088,0.114,0.071,1,HTR5A-AS1
0.0804466716430213,-0.334968374580577,0.183,0.133,1,DTX3L
0.0804517844766442,0.256747009377351,0.059,0.029,1,ZNF697
0.0805388407567743,0.906549356449572,0.096,0.058,1,CLCN6
0.0806657807516775,0.826762285415155,0.029,0.008,1,ERBB3
0.0806657807516775,0.908597137466198,0.029,0.008,1,MEIS3
0.0806884357409646,0.307927696398589,0.358,0.29,1,URB1
0.080721419671933,0.570219240767121,0.177,0.129,1,FAM58A
0.0808189789492426,0.286480565932331,0.334,0.266,1,ECSIT
0.081057395881486,0.261802876098438,0.53,0.448,1,MBIP
0.0811759297034333,0.473521899804472,0.214,0.158,1,TRADD
0.0812168115813831,0.268470225637632,0.081,0.046,1,ZNF397
0.0814683633273079,0.299924547612861,0.238,0.183,1,SH3TC1
0.0814802109265829,0.442991321251527,0.322,0.253,1,STX6
0.081545455938744,-0.425828931623453,0.212,0.154,1,DNAJC16
0.0816402289339158,1.40119777383776,0.035,0.012,1,PLEKHH1
0.081663473966375,0.319151205849429,0.589,0.519,1,NSUN2
0.0816795655802495,0.309005180340244,0.263,0.203,1,TRAPPC10
0.0817568571991142,1.44153543093638,0.047,0.021,1,RIMS2
0.0817640761199938,-1.217983582753,0.029,0.054,1,CCDC36
0.0821951964704787,0.465359726484195,0.36,0.295,1,MLLT3
0.0822064485550975,-0.460705318609267,0.029,0.008,1,PIWIL3
0.0822794634065618,0.296461369815428,0.238,0.183,1,EDEM2
0.0825556042764778,0.486057470867024,0.418,0.378,1,SLC12A2
0.082561933784101,0.851363825486788,0.228,0.174,1,PKN1
0.0825914206344467,1.20555983041813,0.169,0.22,1,CXCL3
0.0826353623047285,0.826775814176818,0.041,0.017,1,CROCC
0.0827189619920484,-0.511347917659804,0.075,0.041,1,SLC46A1
0.0827252759194748,-1.86425794326933,0.029,0.008,1,TIRAP
0.0827740457752089,0.355815296370793,0.132,0.087,1,BCO2
0.0827814334328505,0.695419939148708,0.1,0.062,1,DNAJC12
0.0828194133497905,1.10828298827708,0.136,0.095,1,CCM2
0.0829027942781542,0.319370934128056,0.328,0.261,1,MED15
0.08290899895324,0.270412944879335,0.992,0.983,1,TIMP2
0.0829177785288108,0.578427138117526,0.053,0.025,1,AURKA
0.0829418565596145,0.516676531113026,0.047,0.021,1,SFRP2
0.0829755207450232,0.423667554056552,0.479,0.411,1,C17orf75
0.0830508402619152,-1.70239599711152,0.075,0.112,1,LOC100996251
0.0831346608740228,0.487075106013708,0.189,0.141,1,JMJD4
0.0835395543666184,1.04967186801869,0.047,0.021,1,C16orf86
0.0839273952777644,0.420349767755284,0.336,0.274,1,MEX3C
0.0839384121346589,0.305642853505371,0.21,0.158,1,TRIM36
0.0839399539584176,0.712220590626963,0.047,0.021,1,GMPR
0.0839732970154682,0.32955809750086,0.31,0.261,1,TRIM29
0.0840403310696522,0.343319155718212,0.138,0.091,1,LENG8
0.0840410055695813,0.31326268728712,0.701,0.676,1,FGD5-AS1
0.0841391337538235,-0.381410091415593,0.104,0.062,1,KIF24
0.0841653928523393,-0.831036358435927,0.051,0.083,1,REM1
0.0842382861614713,0.303621222490846,0.2,0.145,1,LINC01138
0.0843182867650775,-0.254577386827611,0.823,0.846,1,RBBP7
0.0843762169993369,0.377969372799671,0.096,0.058,1,SGSM2
0.0845012391920435,0.5617036155396,0.141,0.095,1,SPINT1
0.0845607445353176,0.559582499600193,0.189,0.137,1,METTL22
0.0846996675833351,0.353365163992784,0.418,0.361,1,CRBN
0.0847161626570272,0.423059693407482,0.086,0.05,1,PINLYP
0.0847648365224257,0.343672359626721,0.189,0.137,1,BTBD16
0.0847977547796957,0.545897151573746,0.053,0.025,1,MYL10
0.0848031576376573,0.698579473789087,0.23,0.178,1,GFOD1
0.0851065109869229,-3.8388649769275,0.014,0.033,1,MMP15
0.0851660559880943,0.259073666837366,0.458,0.39,1,TPGS2
0.0852324449818522,0.475999667409138,0.312,0.253,1,RNF126
0.0852884399169453,0.998812794241481,0.012,0,1,ADRA1B
0.0852884399169453,-0.594428196892896,0.012,0,1,ADRA1D
0.0852884399169453,0.914104480107599,0.012,0,1,AK8
0.0852884399169453,0.752327509962202,0.012,0,1,C8orf34
0.0852884399169453,-0.773641497989332,0.012,0,1,CTRC
0.0852884399169453,-0.535413317427545,0.012,0,1,DNAJB5-AS1
0.0852884399169453,1.00713858284966,0.012,0,1,FAM86JP
0.0852884399169453,-0.428685446991435,0.012,0,1,FOXQ1
0.0852884399169453,0.337183249216047,0.012,0,1,FRMD7
0.0852884399169453,0.475777793146987,0.012,0,1,GATA6
0.0852884399169453,1.21872706343136,0.012,0,1,HRASLS
0.0852884399169453,0.622456714202015,0.012,0,1,ITGA4
0.0852884399169453,-0.354433067882975,0.012,0,1,LANCL1-AS1
0.0852884399169453,-0.815826679346887,0.012,0,1,LINC00703
0.0852884399169453,0.608055883998715,0.012,0,1,LINC01291
0.0852884399169453,0.35150869329612,0.012,0,1,LINC01589
0.0852884399169453,-0.869676258895519,0.012,0,1,LINC01602
0.0852884399169453,-0.737486846626051,0.012,0,1,LOC101926933
0.0852884399169453,-0.352609749888146,0.012,0,1,LOC339666
0.0852884399169453,0.560865478055745,0.012,0,1,MAGI2-AS2
0.0852884399169453,-0.438362345488426,0.012,0,1,PKIA-AS1
0.0852884399169453,0.317537481980837,0.012,0,1,SALL4
0.0852884399169453,0.883363025290113,0.012,0,1,SORCS1
0.0852884399169453,1.0006751529842,0.012,0,1,STMN2
0.0852884399169453,0.931170349057381,0.012,0,1,THPO
0.0852884399169453,-0.482137667375063,0.012,0,1,TMEM191B
0.0853886715038477,0.497075005227578,0.075,0.041,1,FLNC
0.0855478577152962,0.984630010059758,0.053,0.087,1,LCP1
0.085557441502354,2.22181572103138,0.063,0.033,1,HYMAI
0.085629636798066,0.980446380829592,0.2,0.149,1,MFSD5
0.0859653143667555,0.409870658131724,0.047,0.021,1,ZNF544
0.0860015343665748,-0.623300509237253,0.322,0.369,1,PARP1
0.0860608552017448,0.478048860274812,0.283,0.224,1,ZNF672
0.0861063217587101,0.897174080082579,0.041,0.017,1,WBSCR27
0.0863750868987942,0.509235940146181,0.047,0.021,1,DEPDC1B
0.0863750868987942,0.378297484909693,0.047,0.021,1,NDUFV2-AS1
0.0864970509683594,-0.311785830480773,0.081,0.046,1,MLYCD
0.0865966277207483,0.436181383752845,0.246,0.191,1,CWF19L1
0.0866880592847082,0.387104363498657,0.308,0.245,1,PKN3
0.0866898846099093,0.777837325848337,0.09,0.054,1,PPAPDC2
0.0867864355663493,0.994289786652505,0.047,0.021,1,IQUB
0.0871007317471718,0.290835481564303,0.171,0.12,1,VPS8
0.0871993643623217,0.390521090531697,0.047,0.021,1,DMD
0.0872882115681374,0.430188568668343,0.208,0.154,1,TUSC1
0.0874904633357727,0.370981117891517,0.464,0.411,1,RNF41
0.0875605562929179,0.369235546497041,0.34,0.282,1,HAUS2
0.087810603619377,0.51594542108391,0.269,0.216,1,POC1B
0.0878320406766665,0.350434749818489,0.33,0.261,1,CCDC71L
0.0880353306695691,0.388898278332859,0.572,0.515,1,EHD2
0.0880487550702709,-0.258770648906788,1,1,1,HSPB1
0.0881325051109665,-0.585447064651156,0.193,0.137,1,CTNNBIP1
0.0886248280270404,0.953579787241391,0.073,0.041,1,SPATA24
0.0887140641013097,1.61907490419871,0.057,0.029,1,PARS2
0.088771766370751,-1.30998889056789,0.141,0.191,1,S100A9
0.0888461496038446,0.962836506312419,0.02,0.004,1,DOK3
0.0889564700482306,1.43088846879575,0.073,0.041,1,LRFN4
0.0890064879356297,-0.529386330202322,0.202,0.257,1,FN3KRP
0.0893341277007062,0.492268481036519,0.248,0.191,1,ESYT1
0.0893357262137427,0.36626406213656,0.318,0.266,1,FAHD1
0.0895875540710685,-0.298358981875825,0.405,0.315,1,TP53BP2
0.0895936368786678,-1.04110515016034,0.014,0.033,1,FCGBP
0.0895937167537412,0.446037349368173,0.187,0.137,1,GATSL2
0.089603271474938,-0.938404489225996,0.096,0.133,1,ACOX3
0.0896941225450896,-0.554186202116094,0.041,0.017,1,CSMD1
0.089812620838921,0.384517769449024,0.605,0.535,1,TCF4
0.089844081625899,1.04902976712082,0.02,0.004,1,CIRBP-AS1
0.089844081625899,1.80365465737444,0.02,0.004,1,DDIAS
0.0899888061964104,0.860374413920448,0.114,0.075,1,ARHGEF11
0.0901790035731722,-1.17225885071488,0.065,0.1,1,SMPD2
0.0906575191940264,0.251963690808876,0.214,0.162,1,GLIPR1L2
0.090851017210395,1.20515922605989,0.02,0.004,1,HSPB9
0.090851017210395,1.02073037853485,0.02,0.004,1,IL7
0.090851017210395,-0.474625418577218,0.02,0.004,1,TESPA1
0.0909037382039242,0.277685708089357,0.955,0.934,1,CRY1
0.090941749041438,-0.55775305322248,0.173,0.12,1,LINC00342
0.091188672314203,1.12398932200598,0.02,0.004,1,TAF7L
0.0912821568075304,-0.898053848155612,0.992,0.983,1,HSPA1A
0.0912917849642498,0.294152093827928,0.189,0.137,1,TYK2
0.091385161286364,1.33093856018734,0.057,0.029,1,PMS2
0.0914274337814865,0.576662475238604,0.104,0.066,1,FIG4
0.0915273356272924,-0.421233934457186,0.02,0.004,1,RHOF
0.0916442506679175,0.313095513482708,0.216,0.162,1,CERS6
0.0918640502850756,-1.10217290446228,0.077,0.112,1,FABP4
0.0918670091018598,0.329468484331741,0.02,0.004,1,CCL26
0.0918670091018598,1.43327794709559,0.02,0.004,1,LINC01480
0.0918988857325216,0.809602694416412,0.165,0.12,1,WDR92
0.0919658670849894,1.05184514036905,0.057,0.029,1,CCDC65
0.092063853109813,-0.464567777292937,0.424,0.465,1,BLCAP
0.0922149724455923,0.616758360797036,0.167,0.12,1,ADAM15
0.0922582547926741,-0.288370629716064,0.053,0.025,1,GPR18
0.092366605626444,0.706953364811677,0.084,0.05,1,STK36
0.092522562576661,0.308495086521136,0.383,0.332,1,SORBS2
0.0928876980592591,0.534634280487411,0.108,0.071,1,TMLHE
0.0928985679132897,-0.420740047094344,0.373,0.286,1,SLC39A7
0.0930262765109852,0.351205478503686,0.523,0.461,1,TAF1D
0.0930824500418621,0.387248438355984,0.014,0.033,1,PTPRB
0.093150322401236,-0.263420954812951,0.189,0.137,1,GGA3
0.093585624723792,-0.918052173252021,0.047,0.021,1,OAZ3
0.0937690845873596,0.498569165948112,0.371,0.315,1,NHLRC3
0.0940387516220126,-0.391753282017447,0.289,0.224,1,S1PR2
0.0941638462594627,1.17819642406402,0.177,0.133,1,SEPT9
0.0941835134416923,0.459029025169514,0.255,0.195,1,SATB2
0.0942456060087014,-2.03444375316671,0.02,0.041,1,FBXW4P1
0.0942473076459764,-0.264135273317129,0.051,0.083,1,ELF3
0.0942615236859624,-0.82441077169127,0.029,0.054,1,PPP1R1C
0.0942693277533218,0.534431662661592,0.014,0.033,1,MGAT3
0.094305743632042,1.27611364926097,0.084,0.05,1,UBE3D
0.0943108016958283,0.453789383501378,0.098,0.062,1,SELL
0.094429076053625,0.326649022980638,0.063,0.033,1,ATP1A1-AS1
0.094429076053625,0.366555834940856,0.063,0.033,1,LRCH4
0.0945032347587625,0.800048313946252,0.181,0.133,1,TACSTD2
0.0945381287176683,0.413394860735416,0.458,0.402,1,DENND1B
0.0947340946528147,-0.304633159191275,0.326,0.249,1,FBXW7
0.0947649735450561,-1.09832290389174,0.02,0.041,1,FUT6
0.094873331116605,-0.484867502590642,0.36,0.274,1,MAPK3
0.0949711861511302,0.39734647342816,0.371,0.32,1,SCAF4
0.0952941135139934,-0.287880378800931,0.438,0.365,1,DLGAP1-AS1
0.0953625445738186,0.25362076520386,0.731,0.701,1,SLC35B1
0.0955126225372346,-0.521129734889942,0.057,0.029,1,GPR12
0.0955501762858148,0.424887262601937,0.623,0.585,1,ACSL4
0.0961473700728032,0.259023002910845,0.236,0.183,1,LHPP
0.0961547300774377,0.613309508799396,0.23,0.183,1,PPAT
0.0962010309034905,0.284017588534574,0.363,0.299,1,INPP5K
0.096514977331816,0.409526987757173,0.12,0.079,1,TTC38
0.0965846579486429,-0.413171173360397,0.104,0.145,1,ZBTB11-AS1
0.0966477490024658,-0.433172989482308,0.114,0.075,1,ZNF480
0.0967267000909009,0.320526976924866,0.155,0.108,1,GDPD5
0.0968186624412351,0.367966703595306,0.318,0.253,1,ZNF621
0.0968332594097427,-0.378547521997352,0.79,0.772,1,LLPH
0.096925363955247,0.424776481604265,0.108,0.071,1,MGST1
0.0970237767127422,0.454537463456113,0.344,0.295,1,NAGLU
0.0971237238184935,-4.56472126365223,0.039,0.066,1,TMEM156
0.0971261884536801,0.531033752871005,0.153,0.108,1,CEP85
0.0971348270888579,-0.395856489346853,0.259,0.311,1,BIRC3
0.097156696595678,0.685942132790636,0.094,0.058,1,CENPE
0.0972234851706289,0.560433912350169,0.163,0.116,1,SCUBE2
0.097387309895508,0.342700424478132,0.271,0.216,1,CCBL2
0.0975134543221683,0.537341183026698,0.275,0.216,1,DNAJC18
0.0976273206389878,0.361692197313073,0.153,0.108,1,TFCP2
0.0976304499850283,0.503532509352832,0.094,0.058,1,LRRC29
0.0977279311337664,0.64438953344536,0.171,0.124,1,C9orf24
0.097756350210295,0.660577123059721,0.073,0.041,1,FRMD4A
0.0977632172435438,0.593084523977969,0.202,0.154,1,LACC1
0.0977852568493711,-0.500085423692984,0.731,0.714,1,C15orf57
0.0978173779743284,0.780716067963374,0.206,0.158,1,NUDT4
0.0979068180812127,0.519804314968165,0.328,0.278,1,ALPK3
0.0979822039872192,0.275442863709113,0.582,0.519,1,ZFHX3
0.0980343697798665,0.283355778355595,0.051,0.025,1,RNF215
0.0982421676699888,0.425212144994021,0.358,0.307,1,PRKRIR
0.0982509927739594,1.16449498279681,0.051,0.025,1,PWWP2B
0.0983110517826989,0.964709056677497,0.275,0.224,1,NUP107
0.0983615010422932,0.616419923520602,0.067,0.037,1,LINC01117
0.0985071211055602,0.305008021768883,0.253,0.203,1,IGSF3
0.0985190438667784,0.377349773647823,0.395,0.332,1,UBE2E2
0.0985815053266196,0.307917295601194,0.481,0.419,1,PDLIM2
0.0986894096247786,-0.38524928001298,0.473,0.373,1,LIX1L
0.0987891792791047,0.267752561957122,0.509,0.448,1,OGFOD3
0.098926393161022,0.762385491601411,0.067,0.037,1,ZNF343
0.0992160474228856,-0.458847289509818,0.483,0.544,1,MICU2
0.0993026556500778,0.572700987141335,0.232,0.178,1,GABBR1
0.0993460145713002,0.593215000531417,0.226,0.174,1,AGO4
0.0995978039537012,0.869800584341412,0.112,0.075,1,TAF5
0.0996432141260813,0.465647775943615,0.864,0.846,1,NR4A2
0.0998601893238329,-0.712100423292734,0.079,0.116,1,NOC2L
0.0998814993735399,-0.469032398769072,0.206,0.261,1,N4BP2L1
0.0999049573083012,0.252175383361711,0.198,0.145,1,LIN7B
0.0999242484785123,0.323762052207881,0.42,0.357,1,MTIF3
0.100243138930094,-0.364379397527465,0.405,0.332,1,ATP8B5P
0.100344046438001,-0.559503673929685,0.026,0.05,1,MEX3B
0.100396835862843,0.272428128336793,0.578,0.531,1,TEX261
0.100493683306095,-0.447431612197804,0.418,0.344,1,REV3L
0.100592091780717,-0.296623404021704,0.745,0.768,1,SCIN
0.100852206699214,0.565793817161131,0.34,0.303,1,NSMAF
0.100880398029531,0.702190307114365,0.051,0.025,1,MASP2
0.100905075476206,-2.63195424047479,0.012,0.029,1,TMEM232
0.101030843369224,0.267627869386047,0.393,0.336,1,RP2
0.101191070657734,0.729062689274041,0.185,0.141,1,KAZALD1
0.101225298467419,0.708342925371831,0.297,0.249,1,CINP
0.101324034017028,0.781012354814235,0.051,0.025,1,CENPO
0.101346096797347,0.334814511769809,0.088,0.054,1,PAXBP1-AS1
0.101556841578272,0.296989652552784,0.104,0.066,1,PACSIN3
0.101714265772146,-0.562542741776485,0.096,0.058,1,DOCK6
0.101727575889744,-0.520692922769007,0.02,0.041,1,PIK3R5
0.10174832621614,0.276213726224961,0.124,0.083,1,ZNF133
0.101964614546529,1.19341931632331,0.026,0.008,1,ONECUT2
0.102085103320281,-0.279689038283002,0.505,0.444,1,PPM1A
0.10217946742789,0.400091552997282,0.104,0.066,1,CHAMP1
0.102221283415767,-1.29280835467663,0.045,0.075,1,SGK223
0.102282530276119,0.358208233830764,0.026,0.008,1,LINC00999
0.102418035690217,1.07779822825413,0.248,0.203,1,C1GALT1
0.10250495687774,0.631902595111691,0.196,0.149,1,B3GALT6
0.102601234276061,0.879288626502187,0.026,0.008,1,ANKRD24
0.102601234276061,0.835942141513878,0.026,0.008,1,FAM188B
0.103013843480347,-0.601027530019635,0.248,0.303,1,MUS81
0.103062544267903,0.358565795866245,0.026,0.05,1,HLA-DMB
0.103203136699311,0.266135419578522,0.898,0.871,1,EFEMP1
0.103241011968623,-0.357838976101704,0.026,0.008,1,TOM1L1
0.103408563770979,0.369862330158584,0.153,0.108,1,KCTD7
0.103636299068645,-2.69360312940341,0.012,0.029,1,CD79A
0.103683458060847,1.69514853588179,0.033,0.012,1,TMC6
0.103693904887839,0.587124485314472,0.167,0.12,1,MSRB2
0.103759618884188,1.22928071684976,0.061,0.033,1,LYSMD4
0.103792496146639,0.466113455663837,0.094,0.058,1,NACC2
0.103811878580223,-0.541942129777798,0.073,0.041,1,GLIS3-AS1
0.10388395738132,1.18201356562575,0.026,0.008,1,LOC100507634
0.103905634794809,-0.971038483474161,0.132,0.178,1,C1QTNF6
0.103931271808295,0.757931268995633,0.067,0.037,1,GSTCD
0.1039653037694,1.16345091634572,0.061,0.033,1,PIGZ
0.10397046331973,1.36695520141506,0.033,0.012,1,CACNB4
0.103985696987272,-0.561458580412775,0.092,0.129,1,PRKCZ
0.104175071364416,-0.37126024601678,0.662,0.689,1,PSMB7
0.10418825326811,-1.38882319221526,0.053,0.083,1,GPSM2
0.104258099432818,1.35448776378713,0.033,0.012,1,ACKR4
0.10428415925436,-0.790902980894511,0.136,0.091,1,CAPN1
0.104377645324525,1.04801741001842,0.061,0.033,1,LOC101927257
0.104386076352749,1.37939713113845,0.092,0.058,1,TRAK1
0.104530080261205,0.995212377557612,0.026,0.008,1,ZNF319
0.104587044528269,-0.583951766745179,0.305,0.365,1,PI4KB
0.104633034862934,1.87691206076995,0.075,0.046,1,AGTR1
0.104862364034749,0.465938433657444,0.153,0.108,1,AP1G2
0.104969720472636,0.72022984623232,0.102,0.066,1,FBXO27
0.105031426392299,0.33579077513218,0.045,0.021,1,DLK1
0.105049996192913,-1.90458736270668,0.079,0.112,1,CA12
0.105051286689295,-0.438369466011813,0.393,0.311,1,DNTTIP1
0.105296686951633,1.82910555926357,0.039,0.017,1,LOC100270746
0.105372936762176,-1.08380726682969,0.012,0.029,1,ZNF442
0.105414969640157,0.901469045353737,0.033,0.012,1,ANKRD53
0.105414969640157,0.584378199924834,0.033,0.012,1,SCNM1
0.105417960098101,0.297958674178032,0.283,0.224,1,TMIGD2
0.10546732817659,0.699553242030395,0.112,0.075,1,SLC22A15
0.105505243628095,0.266938499437281,0.026,0.008,1,SYNGR3
0.105529612780577,-0.792113255743293,0.189,0.241,1,MSL1
0.105621362143139,0.83978748484086,0.112,0.075,1,GALC
0.105704602864315,-1.57333658405082,0.053,0.083,1,POLE
0.105723019769203,-1.05304217716236,0.012,0.029,1,IL20
0.105872387776999,0.286809604351665,0.285,0.228,1,TMEM101
0.105983911721817,0.276230191094729,0.279,0.224,1,C17orf62
0.105997212234025,1.44701544119695,0.033,0.012,1,NMNAT2
0.105997212234025,1.35779467821263,0.033,0.012,1,RBM44
0.106558373632669,-0.928971848804952,0.145,0.187,1,CES1
0.106577798016909,0.304741983386646,0.723,0.71,1,RLIM
0.106582002315458,0.346605114852599,0.033,0.012,1,LGR5
0.106582002315458,1.85038458558448,0.033,0.012,1,TPX2
0.106654287772529,0.451359564275791,0.13,0.091,1,VRK1
0.106687973001402,2.10969631049889,0.055,0.087,1,SAMSN1
0.106707971617661,-0.464005042480431,0.218,0.27,1,PLCG2
0.106823384945351,-0.374079924370305,0.363,0.286,1,HPCAL1
0.106828014183172,0.454308118502863,0.136,0.095,1,ZNF641
0.106875354808556,1.06588200020801,0.033,0.012,1,RHD
0.10690982169073,0.887195951324687,0.102,0.066,1,PFAS
0.106955824090615,-0.419592506782969,0.515,0.568,1,WRB
0.106965333164705,0.415200611271646,0.493,0.432,1,FNDC1
0.107000475960553,-0.387489924998982,0.045,0.021,1,SERPINA11
0.107127517613741,0.42951246710836,0.397,0.34,1,CRK
0.107144666091948,-0.313675927405729,0.464,0.382,1,RPS6KB1
0.107150563424672,0.279696370646615,0.792,0.751,1,CHSY1
0.107169346746085,0.468738172019493,0.033,0.012,1,RORC
0.107415493645524,0.616474097829117,0.483,0.444,1,SPRED1
0.107463978984594,0.268443344082053,0.033,0.012,1,ASIC3
0.107464231030622,-0.419945644561706,0.128,0.087,1,HDAC4
0.10754597277108,0.372386856048442,0.261,0.207,1,HHAT
0.107698746767593,0.314994793094589,0.039,0.017,1,PRSS27
0.107739497791011,0.485675858011717,0.134,0.091,1,LINC01184
0.107842931969533,-0.451076107096243,0.012,0.029,1,ACSBG1
0.107851800022297,-0.37578758515183,0.285,0.344,1,OTUD1
0.107966860388186,0.651454631061665,0.136,0.095,1,CTF1
0.107968299391447,0.95889085103954,0.039,0.017,1,ABHD1
0.107995909931645,-0.283846369425482,0.045,0.021,1,MYO3A
0.1080750134194,0.55163896831117,0.187,0.141,1,ARNTL2
0.10813043159359,-1.12093793180799,0.067,0.1,1,PLEKHA8P1
0.108523910579582,0.301459596113025,0.179,0.133,1,ACTN2
0.108570723694937,0.342069294184731,0.251,0.199,1,LETMD1
0.108616083841629,0.382581798784967,0.114,0.075,1,CDC6
0.108800733431983,0.278934823650787,0.293,0.237,1,ASB8
0.108833985834696,0.50379827151127,0.263,0.212,1,ANGEL2
0.108886965056657,-0.716707822748494,0.033,0.058,1,SYTL3
0.108906829779368,0.391540669590823,0.236,0.183,1,WIZ
0.108915435874214,-0.267955740110322,0.012,0.029,1,LOC100505921
0.108946774637699,0.705719547939284,0.033,0.012,1,PANK1
0.108955365716504,0.435376149672984,0.523,0.477,1,LATS2
0.109071209719587,0.760044377968901,0.187,0.141,1,RBAK
0.109169539808129,0.369266292052193,0.442,0.398,1,LAPTM4B
0.109318677092709,0.441780481674128,0.077,0.046,1,ZMYM3
0.1093261208195,0.343405587102188,0.501,0.444,1,CRKL
0.109544404931148,0.390689029230023,0.033,0.012,1,FIGNL1
0.109848608226946,-0.455506675264705,0.1,0.062,1,FAIM2
0.109963371652096,1.33167171994585,0.071,0.041,1,FAM133CP
0.110016331670607,0.27453456762675,0.701,0.668,1,AHCYL1
0.110020296461486,-1.12951981033148,0.193,0.232,1,PIP5K1A
0.110096992477324,0.427784796534457,0.33,0.274,1,ST7L
0.110132447219193,-0.585605343599867,0.128,0.087,1,JRK
0.110144623767649,0.257051879840741,0.033,0.012,1,ANXA3
0.110229643757358,1.39957558031271,0.092,0.058,1,C19orf47
0.110510883227177,0.597300653540346,0.334,0.282,1,ICE2
0.110522469186273,0.389539984220402,0.171,0.124,1,TCHP
0.110564401820022,0.527263391873858,0.136,0.095,1,DUSP8
0.110573986630357,0.394110251540068,0.116,0.079,1,NDE1
0.110695507172017,0.291413218112243,0.216,0.166,1,PHLDA3
0.110828148518826,-0.94412910930096,0.043,0.071,1,LOC728673
0.11091659356756,0.261336772076009,0.532,0.465,1,MED27
0.110958548451501,-0.453546468301721,0.094,0.058,1,CCDC110
0.110991973560879,0.46018215930249,0.47,0.436,1,HLA-F
0.111054004560888,1.5263869614325,0.167,0.124,1,SFN
0.111223753620269,0.566581383312272,0.36,0.299,1,TENM2
0.111314245080217,-1.69511061381837,0.037,0.062,1,OR7E47P
0.111392880353333,-0.250126908106425,1,1,1,PLA2G2A
0.111398084708249,-1.19757842984848,0.067,0.037,1,TMEM45B
0.111415763280219,1.15692181243986,0.183,0.141,1,AP4E1
0.111787864094608,0.313788069396588,0.169,0.124,1,NFS1
0.111999040674465,0.37094955077058,0.546,0.502,1,MAN2B2
0.112063106121288,0.367906054580208,1,1,1,NEAT1
0.112458637253527,-1.01771844724218,0.212,0.253,1,NTHL1
0.112461597576684,0.628213264456017,0.061,0.033,1,TTC4
0.112632686064259,0.314158255051432,0.532,0.469,1,ITGAE
0.112676742424508,0.503716593399991,0.157,0.112,1,ELMOD1
0.112703242472616,-1.11046384245876,0.081,0.116,1,CCT6B
0.112805207169828,0.423354667780488,0.255,0.199,1,DLEU2
0.112905580660868,0.340291711665638,0.442,0.386,1,ARHGAP42
0.112911591505599,-0.532312760087879,0.267,0.311,1,LYRM5
0.112953577552554,0.338334293836307,0.251,0.195,1,AREL1
0.113013493658499,0.310505481406919,0.57,0.527,1,CDK4
0.113013519328123,0.739335299267187,0.081,0.05,1,ZNF16
0.113204984622231,0.420373513950623,0.128,0.091,1,VPS16
0.113264494400687,0.338872051655167,0.686,0.647,1,FAM107B
0.113342951930726,-2.45086534467496,0.018,0.037,1,ROPN1
0.113363335424682,0.344156896702258,0.373,0.328,1,GPS1
0.113386719303753,0.267072640834551,0.165,0.12,1,SLC12A6
0.113435643863658,0.591072941398025,0.187,0.137,1,CSNK1G2
0.11348912855578,1.29348693592531,0.106,0.071,1,ZBTB34
0.113836653159994,0.611713174421028,0.065,0.037,1,ZNF155
0.113964685489252,0.46869770302218,0.149,0.108,1,FOXJ2
0.114003219337608,0.843058217234669,0.061,0.033,1,LOC400940
0.114072567489518,0.772527176934786,0.291,0.249,1,PIGG
0.114490081194942,-0.265049358510724,0.328,0.253,1,H6PD
0.114595345495236,-1.1341506335949,0.071,0.104,1,SMIM2-AS1
0.114599184533176,-0.881580436102437,0.039,0.017,1,CHN1
0.114649563026248,-0.442601301880471,0.289,0.232,1,SCG5
0.115044950607165,1.23133821317642,0.299,0.266,1,PAQR3
0.115076848161389,0.374558537661879,0.22,0.17,1,TRIM24
0.115344151357102,0.26322744378992,0.796,0.78,1,HCFC1R1
0.115375778743688,-0.26323570696339,0.986,0.992,1,PDPN
0.115479893850453,0.281540893281635,0.271,0.224,1,SOS1
0.115533778068489,-1.05772662416122,0.031,0.054,1,C7orf13
0.115588657548167,0.299601892053797,0.552,0.494,1,TOPORS
0.115750802831147,-0.293608455723378,0.171,0.124,1,SIPA1
0.115769672019822,-1.4413389237241,0.047,0.075,1,RFTN1
0.115830948705354,0.276257216306652,0.155,0.112,1,LPCAT1
0.115896020967503,-0.462663143985173,0.338,0.386,1,ITGBL1
0.116197195012311,0.367034553642742,0.248,0.195,1,FBXW5
0.11620247986891,0.404285776176977,0.246,0.195,1,RPRD2
0.116325504083209,0.340566019263785,0.424,0.361,1,RRP8
0.116354102716881,-0.274603185121339,0.269,0.207,1,DHRS1
0.116515395378951,-0.796232997757147,0.01,0,1,AATBC
0.116515395378951,-0.753900428290828,0.01,0,1,ACSM3
0.116515395378951,1.16463499682055,0.01,0,1,CACNG1
0.116515395378951,0.797014848327722,0.01,0,1,CALB2
0.116515395378951,0.366215339906321,0.01,0,1,CD8A
0.116515395378951,0.591720863313044,0.01,0,1,DEGS2
0.116515395378951,-0.862439673994873,0.01,0,1,EDNRB
0.116515395378951,0.933252051290689,0.01,0,1,GABBR2
0.116515395378951,-0.534173354766875,0.01,0,1,GALNT9
0.116515395378951,0.376022940650674,0.01,0,1,GDPGP1
0.116515395378951,-0.724698366726142,0.01,0,1,GIMAP6
0.116515395378951,-0.415339203327044,0.01,0,1,GK3P
0.116515395378951,1.02666510851433,0.01,0,1,HAND2
0.116515395378951,-0.313946493415991,0.01,0,1,HNF4A
0.116515395378951,1.01204777976899,0.01,0,1,HUS1B
0.116515395378951,-0.853844636866557,0.01,0,1,IGFBPL1
0.116515395378951,0.792866353202446,0.01,0,1,IGSF6
0.116515395378951,0.856146946834074,0.01,0,1,IMPG1
0.116515395378951,-0.382100767312084,0.01,0,1,LINC00239
0.116515395378951,0.281450149290318,0.01,0,1,LINC00950
0.116515395378951,-0.82544353373054,0.01,0,1,LOC101927829
0.116515395378951,0.683477580316043,0.01,0,1,LRIT3
0.116515395378951,-0.252361277063362,0.01,0,1,MSANTD1
0.116515395378951,-0.704462739347787,0.01,0,1,MTL5
0.116515395378951,-0.829902455574312,0.01,0,1,OR4F13P
0.116515395378951,0.58509023620893,0.01,0,1,P2RY11
0.116515395378951,1.03257943535448,0.01,0,1,PCSK1
0.116515395378951,0.971774664309772,0.01,0,1,PDE6G
0.116515395378951,-0.661167542642793,0.01,0,1,PON1
0.116515395378951,-0.547632047995896,0.01,0,1,RBM20
0.116515395378951,0.253742394143353,0.01,0,1,RCVRN
0.116515395378951,-0.915773764977435,0.01,0,1,RPEL1
0.116515395378951,-0.833065754954883,0.01,0,1,SELE
0.116515395378951,0.596108163426534,0.01,0,1,SEPT7P9
0.116515395378951,-0.667321339617149,0.01,0,1,SERPINA2
0.116515395378951,0.737781793003385,0.01,0,1,SH2D2A
0.116515395378951,-0.415555096112906,0.01,0,1,SLC26A8
0.116515395378951,0.711204613351818,0.01,0,1,SLC47A2
0.116515395378951,-0.763442859032241,0.01,0,1,SNORA16A
0.116515395378951,0.570160412698606,0.01,0,1,SUMO4
0.116515395378951,0.486559014737014,0.01,0,1,SYCP1
0.116515395378951,-0.904320051857769,0.01,0,1,THSD4-AS2
0.116515395378951,0.792762179535618,0.01,0,1,TIE1
0.116515395378951,-0.561289838394152,0.01,0,1,TMEM221
0.116515395378951,-0.882759725642248,0.01,0,1,TNFSF13
0.116559028248736,0.331957393411184,0.413,0.361,1,POM121C
0.116677209663986,0.814669296828484,0.071,0.041,1,TXLNGY
0.11670864846848,0.351457043671635,0.297,0.241,1,RPS6KB2
0.116732605549615,0.39644239689216,0.077,0.046,1,FLT3LG
0.117389146225536,0.739112883234514,0.106,0.071,1,MED20
0.117426981332597,0.253112074267726,0.136,0.095,1,RFX5
0.117530000092911,0.503941952485379,0.104,0.066,1,SUV39H1
0.117606587667214,0.863703090195469,0.12,0.083,1,CDK5R1
0.117616650168472,0.585109685366358,0.092,0.058,1,RASSF4
0.117843138925582,-0.270328635431047,0.132,0.091,1,HRCT1
0.117930846597073,0.888862603401933,0.12,0.083,1,MYLPF
0.118408927130334,-1.26977077008146,0.031,0.054,1,DOCK3
0.118485745255685,-0.903681000128869,0.018,0.037,1,LOC101928847
0.118563049273777,0.501887086678906,0.071,0.041,1,KHK
0.118781963975576,-0.621388936709776,0.603,0.527,1,MT1A
0.118799269687841,0.539720922174189,0.102,0.066,1,RBKS
0.118913715968186,-0.450912276763511,0.193,0.141,1,LINC01278
0.119031613077447,0.269685559704467,0.31,0.257,1,SP2
0.119103818460693,-1.1769747831143,0.01,0.025,1,CCL16
0.119175821344906,0.811889852065691,0.1,0.066,1,TST
0.119316688526428,0.341535175960237,0.018,0.004,1,LOC100131496
0.119316688526428,0.599875629837888,0.018,0.004,1,LOC100133286
0.119576659043412,-0.480662631916066,0.405,0.448,1,CRYL1
0.11975609416469,1.85913408931612,0.018,0.004,1,GLDC
0.11975609416469,0.639208569152295,0.018,0.004,1,LOC101927543
0.11975609416469,0.714044478316913,0.018,0.004,1,PLA2G4E-AS1
0.11975609416469,-0.328727725706597,0.018,0.004,1,PNPLA1
0.11975609416469,0.390297001931891,0.018,0.004,1,TMEM86B
0.119760212711307,-0.323537057287225,0.043,0.071,1,ZFAND4
0.11979715241035,0.965182202095446,0.134,0.095,1,FBLN5
0.119965068510943,-0.512110761913946,0.238,0.183,1,KIAA0101
0.120068976584828,0.374639187480312,0.424,0.365,1,ZNF385A
0.120196766291141,1.27890054470753,0.018,0.004,1,LINC00515
0.120196766291141,0.823916746563838,0.018,0.004,1,LOC101928043
0.120272429107676,-0.325553497511756,0.389,0.32,1,NAB1
0.120445835699704,0.876875148755019,0.181,0.141,1,NLE1
0.120500390486428,0.34184919165245,0.271,0.224,1,NOC4L
0.120638707043707,1.60946924122709,0.018,0.004,1,ARID3A
0.120638707043707,-0.405664639115564,0.018,0.004,1,BCL11A
0.120638707043707,1.57371756897639,0.018,0.004,1,C9orf47
0.120638707043707,1.00142263990334,0.018,0.004,1,COL25A1
0.120785260798539,-2.7634029597766,0.01,0.025,1,LINC00536
0.120793783031291,-0.292492102015065,0.055,0.029,1,LOC101928530
0.120848021147278,0.579484402104512,0.265,0.22,1,CASP8AP2
0.120892607876743,0.41772033645447,0.122,0.083,1,RPS6KA6
0.120938822185426,0.738512978242368,0.075,0.046,1,PPIP5K1
0.121064059115264,1.76150980632802,0.532,0.477,1,KRT17
0.121081918557772,1.30305159458195,0.018,0.004,1,ZNF730
0.121104433422128,1.20575042611404,0.049,0.025,1,SYT13
0.121128755214158,-0.329076338601973,0.283,0.228,1,LOC55338
0.121208510414152,-1.22233842482674,0.01,0.025,1,LOC100996583
0.121208510414152,-2.07917912694611,0.01,0.025,1,LOC102723517
0.121208510414152,-2.28211976330975,0.01,0.025,1,NIPAL2
0.121208510414152,-2.33426466669486,0.01,0.025,1,ZDHHC19
0.121258013390437,0.440161887178078,0.112,0.075,1,KLHL26
0.121309951487218,0.498108664843095,0.126,0.087,1,DHX32
0.121318049962092,0.280637127640297,0.33,0.274,1,NUTM2A-AS1
0.121364502017655,1.44706825508316,0.049,0.025,1,ALOX5AP
0.121435297373772,0.356128118265582,0.088,0.054,1,BVES-AS1
0.12146870158452,0.414230610708258,0.24,0.187,1,MORN4
0.121504356401493,-0.70057358731173,0.081,0.116,1,PEX11A
0.121526402966148,0.73745073922265,0.018,0.004,1,CD86
0.121526402966148,-0.332972042733425,0.018,0.004,1,NBEAL2
0.121621277320653,-0.305945727987798,0.218,0.166,1,LINC01207
0.121718720582131,0.2602580929322,0.595,0.535,1,FAM50A
0.121948826028685,0.920796414919713,0.065,0.037,1,ENPEP
0.122058489452823,-2.06975379019616,0.01,0.025,1,TMEM74
0.122305171526038,0.51514700401324,0.236,0.187,1,CCDC92
0.12231696871999,0.587633479768081,0.206,0.162,1,FAM199X
0.122419198984064,0.275474706909777,0.018,0.004,1,DIRC3
0.122448469238542,0.307836013171059,0.448,0.386,1,KDM5C
0.122630708430319,0.26778008375076,0.44,0.382,1,TPP2
0.122706577863853,1.19506741497727,0.069,0.041,1,ACP2
0.122867514846116,-0.424830668781222,0.018,0.004,1,FBXO10
0.122867514846116,-0.701335460489619,0.018,0.004,1,HIST3H2A
0.122867514846116,-0.980457665192,0.018,0.004,1,LINC00622
0.122867514846116,-1.02550274953858,0.018,0.004,1,LOC440896
0.122867514846116,-0.76280271311407,0.018,0.004,1,MGAM
0.122867514846116,-0.913793839886479,0.018,0.004,1,SYT2
0.12293371864695,-0.583472256060301,0.108,0.071,1,SETDB2
0.123228719707707,0.538099992348895,0.081,0.05,1,SLC25A34
0.123340306294731,1.0476957919636,0.1,0.066,1,APCDD1L
0.123342185241224,-1.07856608610317,0.01,0.025,1,LDLRAD1
0.123342185241224,-1.22716017463192,0.01,0.025,1,SLC25A21
0.123599916485004,-0.2938020021614,0.293,0.232,1,CCNYL1
0.123670829857442,-0.360911072632729,0.037,0.062,1,TARBP1
0.12372481862435,1.13329216500594,0.049,0.025,1,C22orf31
0.123772418473085,-0.996648466889065,0.01,0.025,1,FUT2
0.123772418473085,-0.263647765842076,0.01,0.025,1,SPTB
0.123821222358868,0.541764658351353,0.212,0.166,1,GPR161
0.123892298163799,0.339688624911641,0.289,0.232,1,MID2
0.124115221109662,-0.379946608904844,0.077,0.046,1,TMUB1
0.124203822088855,-2.44621395254043,0.01,0.025,1,LOC101928880
0.124295144575657,1.94391598561105,0.043,0.021,1,KIAA0754
0.124488182765271,-0.582209877362272,0.018,0.037,1,RAD51AP1
0.124525400404155,0.335041752001711,0.373,0.32,1,INF2
0.124686429710438,-0.266652217759051,0.293,0.344,1,DYRK3
0.124723423621228,0.786496801894252,0.214,0.174,1,RANGAP1
0.124765895178844,0.342458185023932,0.287,0.237,1,MSL2
0.124785281647905,0.587711800023615,0.049,0.025,1,LEKR1
0.124907297895709,0.29252670891603,0.202,0.158,1,GIGYF1
0.125089511543641,0.310061516079483,0.155,0.112,1,SOX6
0.125217028496172,-0.581550126730078,0.175,0.22,1,UBAC1
0.125222481784054,0.339058644914564,0.145,0.104,1,SLC10A7
0.125236374518524,-1.03020418152074,0.041,0.066,1,FBXL13
0.12525366930767,-0.289655943324699,0.055,0.029,1,KANK3
0.12531816436923,0.365565392555309,0.049,0.025,1,CEP128
0.125328744632976,-0.508918807886708,0.106,0.145,1,C8orf44
0.125401809778127,-0.291043795615086,0.23,0.174,1,ERF
0.125460733271811,0.434813552466192,0.314,0.257,1,HMGXB3
0.125461196301417,0.288567766659746,0.275,0.22,1,DHRS4
0.125505073589867,-1.3454904700375,0.01,0.025,1,CLUHP3
0.125885525574959,0.730943545597751,0.167,0.124,1,KLF16
0.12593030761873,0.282862975811833,0.1,0.066,1,C19orf54
0.125970292846009,0.349722538665303,0.214,0.166,1,SRCAP
0.126287386533151,0.368035727083998,0.251,0.199,1,GSTZ1
0.126378460111121,-1.1199075216687,0.01,0.025,1,RASAL1
0.126693885059015,0.351063270488928,0.21,0.162,1,ARAP1
0.126923308614466,0.957088234893607,0.136,0.1,1,FAM73B
0.126982379107008,0.862443655480032,0.065,0.037,1,LOC101928150
0.127036401105204,1.19130072018601,0.096,0.062,1,C17orf97
0.127256572092767,-0.426365852171816,0.01,0.025,1,UNC79
0.127314144239841,-0.633965469622995,0.159,0.203,1,HSD11B1
0.127531227914825,-0.956107417751298,0.055,0.029,1,NCALD
0.127552996401767,-0.684843445363383,0.081,0.05,1,MAFA
0.127709482906462,-1.05241973603232,0.051,0.079,1,TPTE2P5
0.127712105140173,-0.642538274942314,0.053,0.083,1,KLHL13
0.128200070162702,-1.20679724635097,0.024,0.046,1,CORO7
0.128313598053107,0.292198649775272,0.426,0.373,1,EFTUD2
0.128321937154986,1.31089509415122,0.043,0.021,1,NEURL4
0.128352459054153,0.302894722625486,0.754,0.726,1,PIM3
0.128419565137052,-0.86477433113975,0.295,0.336,1,LAMA4
0.12845059478224,0.472859747064016,0.22,0.174,1,NUBPL
0.128522353517305,0.400635783960136,0.248,0.199,1,PLEKHO1
0.128553911056816,0.962016613314461,0.267,0.22,1,HDAC9
0.128619809969867,0.486528182008453,0.018,0.037,1,LOC101929524
0.128681745308349,0.577918550916001,0.358,0.311,1,LIN37
0.128723388549163,0.546367878023107,0.092,0.058,1,ZNF844
0.128852339386758,0.643452712105682,0.065,0.037,1,ZC3H10
0.128871364146019,0.601471169818422,0.086,0.054,1,ZNF788
0.128905379541421,0.925231472250219,0.043,0.021,1,PITRM1-AS1
0.129044511188342,-0.488822286829394,0.053,0.083,1,DTWD2
0.129087581096331,0.602291130819765,0.065,0.037,1,BIRC5
0.12912605980082,0.319927344346755,0.395,0.336,1,PRKD3
0.129468814311453,0.482625808442205,0.147,0.108,1,KCNA1
0.129474828061348,0.431418824975417,0.124,0.087,1,PKD1P1
0.129526039929744,-1.13715118510043,0.051,0.079,1,ZNF696
0.129817938715926,0.529733051806172,0.059,0.033,1,ELOVL7
0.129865386602895,0.405321693141374,0.189,0.141,1,SFMBT1
0.1305566954379,1.01482975931814,0.079,0.05,1,SMC5-AS1
0.130614962761899,0.34722414744521,0.179,0.137,1,TPST2
0.13072944404046,0.358422171782753,0.169,0.12,1,FZD2
0.130900536907964,-0.317243716355225,0.024,0.008,1,PTGES2-AS1
0.130935497363242,0.474817130779428,0.379,0.328,1,DPF2
0.130938449549089,-0.293837378897979,0.134,0.095,1,CACNG8
0.13096366898055,0.699237564077404,0.043,0.021,1,NDUFB2-AS1
0.131292623989735,-0.958832191812985,0.124,0.162,1,PSMB8
0.131556408874213,0.802959564796746,0.043,0.021,1,GINS2
0.131652750635746,-0.604777674465039,0.088,0.054,1,MPHOSPH9
0.131893091388057,-0.656798627744365,0.102,0.066,1,CCDC57
0.131960342700353,-0.747837752119822,0.096,0.129,1,GP2
0.131981797216455,0.35888305736277,0.513,0.469,1,FBXO11
0.132012742726137,0.254655936835881,0.23,0.187,1,NPHP3
0.132397061832676,0.389561629070074,0.32,0.27,1,PIGA
0.132857460509979,0.498593672727564,0.807,0.763,1,CDR1
0.132938957428578,0.4070245477077,0.238,0.187,1,FADS3
0.133021855835796,0.254346398100566,0.086,0.054,1,ALKBH8
0.133030969675738,0.308366181197837,0.389,0.336,1,ARHGAP31
0.133054359109302,0.423886581506246,0.037,0.017,1,PLB1
0.133257126577604,-1.18473666676785,0.055,0.083,1,ERI2
0.133280839818903,0.252640038189747,0.615,0.556,1,UPF2
0.133315861590891,1.14577081278488,0.024,0.008,1,CCL13
0.133334154457234,-2.49656272807516,0.022,0.041,1,SLC22A11
0.133335993661122,0.706621287769789,0.069,0.041,1,PPAN
0.133347108897408,0.365972708222674,0.043,0.021,1,TMEM86A
0.13334939954776,0.289904314835489,0.316,0.266,1,DNAJB2
0.13336472061113,-0.488327233238869,0.89,0.905,1,CCL2
0.13351766967323,0.884355227655621,0.128,0.091,1,CDC14A
0.133522244892064,0.298733530707322,0.389,0.328,1,ERAL1
0.133704981306054,0.891223775004089,0.037,0.017,1,ATP2B3
0.133721747836703,1.06147939616173,0.024,0.008,1,IQSEC3
0.133819973328429,0.262280447267998,0.222,0.174,1,SNRK
0.133933280645861,1.85727714846629,0.031,0.012,1,FOXF2
0.134003452819371,0.538899633566432,0.277,0.228,1,C11orf74
0.134163289440174,0.250619504691538,0.344,0.282,1,MTF1
0.134232583606768,0.776608956813693,0.2,0.158,1,SNX12
0.134274012807654,-0.274863783832233,0.155,0.112,1,ERMAP
0.134456999924757,0.557010324482523,0.352,0.299,1,LRRC47
0.134541668518586,-0.421118175391175,0.442,0.481,1,SLC40A1
0.134654390090287,0.926053531429258,0.031,0.012,1,SNORA40
0.134661103385794,0.260559954961139,0.316,0.266,1,AKAP10
0.134848530224627,1.64522018362687,0.073,0.046,1,DKFZp779M0652
0.135111318759154,-2.04389899397015,0.016,0.033,1,LOC400684
0.135125030511328,-1.06667030434623,0.069,0.1,1,FUT1
0.135236735488132,0.28584868627939,0.595,0.544,1,SDE2
0.135354858994521,0.442839141421382,0.024,0.008,1,HPCAL4
0.135368117169242,-0.511677667652136,0.059,0.033,1,LINC00887
0.135708313461381,0.499951327882212,0.548,0.506,1,C3orf58
0.135765534546225,0.681217166742225,0.024,0.008,1,POC1A
0.135922597852872,0.51366814375968,0.1,0.066,1,CNKSR3
0.136133728685585,0.349932951276164,0.128,0.091,1,RDH13
0.136254705940494,0.913121114671426,0.053,0.029,1,CNNM2
0.136317320188011,0.603373237484056,0.141,0.104,1,SLC22A5
0.136326475318619,-0.651748497776869,0.303,0.249,1,NUMBL
0.136373453138656,-1.52665619640681,0.043,0.021,1,NUP50-AS1
0.136445218532978,-0.746777680235263,0.204,0.245,1,MN1
0.136543358016129,0.512429684073725,0.134,0.095,1,METRN
0.136589771645121,1.12292866511223,0.024,0.008,1,EGF
0.136589771645121,-0.595939915117784,0.024,0.008,1,LINC00700
0.136647754891378,0.444407494937312,0.297,0.249,1,SH3YL1
0.136663281351767,0.838372710313691,0.037,0.017,1,MALRD1
0.136686518210393,-0.291922684842416,0.157,0.112,1,CHEK1
0.13678583225702,0.286652299876482,0.491,0.452,1,SEC23IP
0.136801047045788,-0.342202742871725,0.652,0.672,1,MRPL55
0.136887005319693,0.489704576529924,0.202,0.158,1,CNOT11
0.136938803866612,0.469199797275658,0.326,0.278,1,PRPSAP2
0.137003335665226,0.651615956578459,0.024,0.008,1,KCNJ13
0.137372391240034,-2.25633743459572,0.022,0.041,1,WNT11
0.137417864977955,-0.355929393228069,0.024,0.008,1,ADD3-AS1
0.137417864977955,0.31630121555428,0.024,0.008,1,BCL2L10
0.137445108061999,-1.37774004122528,0.029,0.05,1,SNURF
0.137492057246279,0.545774811037793,0.403,0.349,1,DPY19L1
0.137568872368568,1.03979050034732,0.031,0.012,1,HTR2B
0.137579950226568,0.940400174591935,0.222,0.178,1,PELP1
0.137620418327131,1.13168409296451,0.053,0.029,1,H19
0.137817879513319,-1.88085970182352,0.016,0.033,1,SH3BP5L
0.137950750612436,0.537149330899489,0.059,0.033,1,ZC3H12B
0.138305038277904,0.702118375108833,0.031,0.012,1,EBF4
0.138474864364762,0.417799918453511,0.161,0.12,1,SIRT3
0.138994375032926,0.6426519976482,0.059,0.033,1,LOC101929486
0.13899890148106,0.326349550353453,0.037,0.017,1,C21orf58
0.139044235945248,-0.263740947598426,0.031,0.012,1,COL6A4P2
0.139044235945248,0.257459223743648,0.031,0.012,1,VSIG1
0.13913024138644,0.90298888202345,0.132,0.095,1,APCDD1L-AS1
0.139367169389809,0.692673097471721,0.251,0.212,1,TRIM11
0.139371421254004,0.328290160228274,0.124,0.087,1,FYB
0.139407051043719,0.281367010237342,0.613,0.56,1,CITED2
0.139466891639571,0.700782769331059,0.369,0.324,1,UHRF2
0.139476369090982,0.475053856097715,0.073,0.046,1,LPAL2
0.139479768364781,0.797029931225041,0.193,0.154,1,ZDHHC18
0.139593871934772,-0.341274520133748,0.259,0.307,1,SMIM3
0.139678599619841,-1.74935996665739,0.039,0.062,1,AMDHD2
0.139786472149127,0.392618626755023,0.031,0.012,1,HMMR
0.139786472149127,-0.814622019282862,0.031,0.012,1,LOC101928600
0.139786472149127,0.761410887764114,0.031,0.012,1,RTN4RL1
0.139789279175088,0.561418249729073,0.291,0.237,1,ZBTB8A
0.140105265893439,1.32983546292045,0.053,0.029,1,BRCA1
0.140457652087732,0.513015863915848,0.181,0.141,1,ZNF766
0.140542770337462,-0.889946019861498,0.029,0.05,1,TTC30A
0.140566044782006,-1.23430187130398,0.016,0.033,1,NOTUM
0.140727935015756,0.778238780813617,0.069,0.041,1,LOC100506302
0.140892984616467,-0.306120165519876,0.931,0.921,1,LSP1
0.141358924829114,-1.53161054656432,0.016,0.033,1,LRRC56
0.141417303496034,0.836262925548402,0.094,0.062,1,GJC1
0.141440024737048,0.743431044753551,0.141,0.104,1,ZNF787
0.141752409504189,-2.23328632761901,0.008,0.021,1,PRKCB
0.141932569314403,0.344017066935213,0.365,0.315,1,RGL2
0.142052638966765,-0.629657883827911,0.466,0.502,1,SNRNP40
0.14206007255316,-0.350293602966818,0.067,0.1,1,FGF14
0.142192945114958,-0.465240650202913,0.212,0.162,1,MRI1
0.142415511665665,0.390906424858047,0.295,0.245,1,TEKT4P2
0.142426973650953,-0.926208568795194,0.029,0.05,1,ATP8B4
0.142812069845307,-2.11460849766314,0.008,0.021,1,INHA
0.143150993129913,-0.287684265150216,0.075,0.046,1,RGS14
0.143164317743991,-0.760397892196071,0.031,0.012,1,ARHGAP28
0.143190833910148,-0.352128992216631,1,1,1,CRYAB
0.143204312749786,-0.471634944602452,0.849,0.846,1,INHBA-AS1
0.143356159240677,-1.87957208550959,0.016,0.033,1,GS1-259H13.2
0.143356159240677,-0.334011283644554,0.016,0.033,1,LOC100133985
0.143693843911454,-0.73909576553944,0.029,0.05,1,TEX14
0.143714731927288,-1.00007854188259,0.059,0.087,1,ACTR5
0.143805196927556,1.13266424529287,0.108,0.075,1,CLSPN
0.143837847811734,-0.282616710628925,0.202,0.149,1,SLC7A8
0.143877799378222,-1.89371867463115,0.008,0.021,1,MYOZ1
0.143877799378222,-2.24199984795715,0.008,0.021,1,OASL
0.144192133703204,0.290778766213609,0.363,0.311,1,SMARCC1
0.14441294587003,-1.11317049828112,0.008,0.021,1,LINC01429
0.144452784153383,-1.10993380883174,0.037,0.017,1,CHIAP2
0.14460780854669,0.594909621759312,0.053,0.029,1,MRM1
0.144667360491513,-2.06527358508492,0.039,0.062,1,TMEM170B
0.144714677016288,-0.316570666357916,0.352,0.29,1,PCNX
0.144762685942768,-0.550709082160229,0.141,0.183,1,FLJ37453
0.144829749226532,-0.513125541669091,0.269,0.311,1,SNRNP35
0.144892857116598,1.03026057155343,0.053,0.029,1,PCDH19
0.14494961658396,-0.922174983308603,0.008,0.021,1,LOC100303749
0.14494961658396,-1.81081028381401,0.008,0.021,1,LOC101926944
0.14494961658396,-1.49703449094759,0.008,0.021,1,TIGD2
0.144966007722542,0.369149346624612,0.334,0.29,1,AAGAB
0.14510991142589,-0.315049173854635,0.904,0.905,1,C19orf53
0.145339531479848,-0.954966426665137,0.132,0.17,1,MOB3C
0.14534535274479,0.530961354882793,0.063,0.037,1,ATP6V0A4
0.145403362763317,-0.251898768098973,0.157,0.116,1,SRPX
0.145524747377098,0.323537929453714,0.381,0.324,1,RAB29
0.145568661745249,0.547869154873119,0.206,0.166,1,CAMSAP1
0.14569829200687,-1.23453325862409,0.049,0.075,1,CDNF
0.146354484516888,-0.320378353907698,0.363,0.407,1,PPP1R3B
0.146411007611117,0.507180293929556,0.169,0.129,1,GMEB2
0.146425621624009,0.266863300642933,0.868,0.842,1,FAM127A
0.146568797009429,-0.271895159238005,0.008,0.021,1,LINC01220
0.146573367327174,1.27155435236102,0.047,0.025,1,CPS1
0.146917772303791,-0.58537031782508,0.065,0.037,1,SLC24A4
0.146991942400416,0.663180222849303,0.084,0.054,1,DTNA
0.147111587537256,-1.25788767238639,0.008,0.021,1,MGC12916
0.147201930754289,-0.436100011690598,0.338,0.386,1,PTPN22
0.14723265080504,1.73453606381632,0.067,0.041,1,FANCI
0.147294826980291,1.23738551549395,0.196,0.149,1,FBXL18
0.147381957104794,-0.407591079214824,0.686,0.71,1,ALG13
0.14738819972061,0.290453802828846,0.257,0.207,1,LRIG1
0.147599040808224,-0.665649133009954,0.185,0.232,1,RNF121
0.147655913724231,-1.14502375013841,0.008,0.021,1,AMDHD1
0.147825980913545,0.827230226641018,0.094,0.062,1,KHDRBS3
0.1478595698215,-0.397712119541954,0.358,0.398,1,TOPORS-AS1
0.147877947578313,-0.324137970706911,0.141,0.1,1,RFX3
0.148163803879133,0.422961622702567,0.466,0.432,1,RBM33
0.14841909046009,-2.27365375577948,0.033,0.054,1,RBMS3-AS3
0.148642159602468,0.540103167551628,0.299,0.257,1,CEP85L
0.148841568993417,-0.37781249842333,0.21,0.253,1,GSDMD
0.148843435784599,-0.35054206458235,0.509,0.544,1,GOT2
0.148941598548677,-0.27314614783979,0.22,0.162,1,LRRC23
0.149324692620481,0.373378292258389,0.293,0.241,1,CRY2
0.149622587331325,0.329989167696934,0.167,0.124,1,PIFO
0.150055323083777,0.957714253162734,0.067,0.041,1,LINC01605
0.150354280652154,-1.13471080218002,0.059,0.087,1,WDR24
0.150600536929468,-0.771487756582322,0.059,0.033,1,ATOH8
0.150616687941939,0.552190870267752,0.42,0.378,1,HIVEP1
0.150918388958286,0.517621124836959,0.281,0.237,1,C19orf25
0.150956256119833,0.703448985198389,0.116,0.083,1,NAPRT
0.151149579678406,-0.644073241432085,0.022,0.041,1,DOCK10
0.151618451235845,-1.33057515917237,0.069,0.1,1,LINC01353
0.151640980554781,-0.476884522238236,0.171,0.124,1,PLA2R1
0.151693272753418,0.407238550313537,0.185,0.145,1,BMPR1A
0.151713038472891,0.518351205311627,0.063,0.037,1,RAD51D
0.151884715461226,0.518580001747664,0.179,0.137,1,TADA2B
0.151917294734975,0.427569949015036,0.108,0.075,1,KGFLP2
0.151994746742609,0.384242404612341,0.943,0.946,1,MT1G
0.152471144810113,-0.83345337423232,0.1,0.133,1,VMO1
0.153154587603996,0.280360235481826,0.079,0.05,1,ZNF502
0.153174497686767,0.434918486365431,0.102,0.071,1,MCAM
0.153427784155181,0.312949212569916,0.047,0.025,1,SHE
0.153473290886391,-0.325130538251156,0.395,0.328,1,CCDC82
0.15379070630315,0.299670879902436,0.216,0.17,1,DBT
0.154035175194228,-0.277488660919129,0.145,0.104,1,CUBN
0.154055537713653,0.348838586451826,0.242,0.195,1,TMEM185A
0.154062802722621,0.791317137200235,0.047,0.025,1,ASPHD2
0.154318474778432,0.255637566361391,0.147,0.108,1,LOC102723354
0.154455771345014,1.30305624234028,0.057,0.033,1,LINC00597
0.154708586263618,-0.962792828515085,0.063,0.091,1,ZNF334
0.154772846141077,-0.982645616387948,0.067,0.095,1,ZNF34
0.154804206825461,0.895999803271886,0.157,0.12,1,IPO13
0.15486780066639,0.551810508928667,0.077,0.05,1,COL21A1
0.154918477965497,0.82065736031866,0.169,0.133,1,YJEFN3
0.155033623330492,0.932169243608973,0.175,0.137,1,TOP3A
0.155461396370888,0.586472116805434,0.191,0.154,1,MAGEF1
0.155518383801876,-2.95970240615733,0.026,0.046,1,IL23A
0.15564616327573,-0.716681521630921,0.039,0.062,1,EID2B
0.156074763143755,-0.283511831709636,0.063,0.037,1,FAM229A
0.156250548928608,-0.345428033601002,0.108,0.145,1,TMEM147-AS1
0.156986776949937,-0.415971345229581,0.503,0.56,1,DIEXF
0.156999385549354,1.10750382811026,0.092,0.062,1,LOC145783
0.157122309058925,1.78211625752229,0.081,0.054,1,EMC3-AS1
0.157355024213862,0.576191602223093,0.242,0.199,1,VWA5A
0.157380978866792,0.398484211725314,0.202,0.162,1,RRP1
0.157405669969973,0.933305516895118,0.041,0.021,1,IL4R
0.158007605125514,0.316978721850822,0.277,0.232,1,UBR2
0.158270285038304,0.264223378970427,0.605,0.556,1,MAP7D3
0.158290993464113,0.63303139072514,0.063,0.037,1,SOCS2-AS1
0.158309093862077,-0.302884675732486,0.367,0.278,1,C12orf10
0.158563984446079,-1.31445588040061,0.033,0.054,1,LOC284648
0.158645219167928,0.59796082968459,0.308,0.266,1,GTF2E2
0.158726263375275,0.256810272347539,0.77,0.751,1,ZFR
0.158728010136745,-0.457587076336902,0.059,0.087,1,DENND6B
0.158784754701998,-0.49942285521272,0.788,0.739,1,JUN
0.158876269940417,0.530246682014347,0.224,0.178,1,HECTD4
0.159077086919969,0.336430215563612,0.721,0.643,1,GPR183
0.159147553984796,0.368314437062381,0.275,0.232,1,KATNAL1
0.159148777285814,1.22693391360733,0.041,0.021,1,CRTAM
0.159408682348906,0.517923741870452,0.47,0.44,1,CPXM2
0.159445476264967,1.85184617102925,0.016,0.004,1,CERS1
0.159445476264967,0.682442279813325,0.016,0.004,1,COL17A1
0.159445476264967,1.54314316612963,0.016,0.004,1,PRDM11
0.159445476264967,-0.509075514487662,0.016,0.004,1,SNORA21
0.159445476264967,-0.522395681861544,0.016,0.004,1,TMEM5-AS1
0.159468549418594,0.311160743591157,0.348,0.307,1,FPGS
0.15968702019652,-0.666821399713239,0.094,0.062,1,TCEANC2
0.159706644155831,-1.16830494741967,0.043,0.066,1,CCDC146
0.160021270944647,0.600654623628267,0.112,0.079,1,TLDC1
0.160024152024418,0.861863723915675,0.016,0.004,1,GYPE
0.160024152024418,1.86564557265916,0.016,0.004,1,HSD17B2
0.160164024503227,-0.841237589446849,0.193,0.232,1,FBXO34
0.160383649346183,0.380286959189992,0.281,0.237,1,GGTA1P
0.160453635131861,-0.279561346452462,0.039,0.062,1,CCDC15
0.160525898732738,-0.645578507857824,0.238,0.282,1,NAA16
0.160583558047496,-0.307281091259709,0.78,0.768,1,C19orf60
0.160604414288033,0.937012034332271,0.016,0.004,1,CDKL2
0.160604414288033,1.31414663616664,0.016,0.004,1,LINC01150
0.160604414288033,0.925945570480318,0.016,0.004,1,PCOLCE-AS1
0.160604414288033,1.03140478437001,0.016,0.004,1,ST7-AS1
0.160604414288033,-0.764581886300181,0.016,0.004,1,TRPM6
0.160694170867123,1.44799281178655,0.051,0.029,1,PPIL2
0.160747339187642,0.262812361795697,0.666,0.639,1,SWAP70
0.160884493040201,0.37638598654046,0.151,0.112,1,RHOT1
0.161048086119939,0.595008229930792,0.181,0.141,1,NID2
0.16108015287776,0.346250091402235,0.389,0.336,1,UHMK1
0.16118626519592,1.01980966919708,0.016,0.004,1,CELSR2
0.16118626519592,1.0026667535379,0.016,0.004,1,PTP4A3
0.161313968443,-0.823374573728253,0.079,0.05,1,PCDHB10
0.161438537280093,0.367737571323103,0.336,0.286,1,CLOCK
0.161470175931161,0.644293089992287,0.057,0.033,1,FLJ27354
0.161600404048503,0.544391657075076,0.155,0.116,1,TMEM154
0.161613612812329,-0.336029102089127,0.041,0.021,1,ANKRD30BP2
0.161672970608038,1.63426516567375,0.035,0.017,1,HTR7P1
0.161722068166414,-1.01204403130705,0.122,0.158,1,MPPED2
0.161769706881961,1.01702351070718,0.016,0.004,1,CPNE4
0.161769706881961,0.546656553532339,0.016,0.004,1,HCG17
0.161769706881961,1.1777543294094,0.016,0.004,1,STAG3
0.161839577379327,-0.726940433904693,0.047,0.025,1,RAB40C
0.161913507823714,0.420985730141076,0.102,0.071,1,ACADL
0.162025166090723,0.47561235361496,0.303,0.261,1,STARD10
0.162201388788541,-0.340073435791683,0.171,0.129,1,TBC1D4
0.162341334150374,1.65914873069298,0.061,0.037,1,GTDC1
0.162354741473776,1.13437250567132,0.016,0.004,1,ARHGAP11B
0.162354741473776,0.789227676984345,0.016,0.004,1,CDIPT-AS1
0.162354741473776,0.433436115216269,0.016,0.004,1,CSF1R
0.162354741473776,0.413706399860787,0.016,0.004,1,GPR87
0.162354741473776,0.579038361818397,0.016,0.004,1,LDLRAD4-AS1
0.162354741473776,0.766873298295142,0.016,0.004,1,RPS10P7
0.162354741473776,0.955877976597399,0.016,0.004,1,SAPCD2
0.162358278996816,0.991426236612653,0.183,0.141,1,CBR3-AS1
0.162652650785175,0.277658193290283,0.336,0.286,1,CHM
0.162776349235393,0.269698270479911,0.295,0.245,1,LIN54
0.162778306241979,0.57880954978318,0.098,0.066,1,FOXC2
0.162794823184042,-0.296050152430949,0.063,0.037,1,CHAF1B
0.162881326006267,0.427977082135123,0.332,0.29,1,SNX19
0.16294137109268,0.343103316053606,0.016,0.004,1,HAGLROS
0.16294137109268,-0.761480484777911,0.016,0.004,1,IL21R
0.16294137109268,1.48765214564265,0.016,0.004,1,TNRC6C-AS1
0.163179476278922,-0.331137955768605,0.098,0.133,1,PRKCQ-AS1
0.163233919403497,-1.29261442709939,0.09,0.12,1,MSH2
0.163259112743682,0.657863527852627,0.265,0.22,1,FAM135A
0.163281391309571,-0.416787713668731,0.063,0.091,1,SHISA3
0.163282404531875,0.68032883976682,0.189,0.149,1,NEK4
0.163391780302325,0.713438053236055,0.041,0.021,1,PCDHGA5
0.163407966268476,1.0064863501562,0.067,0.041,1,F11R
0.16352959785364,-0.807529208682322,0.016,0.004,1,C18orf61
0.16352959785364,-0.293701338809659,0.016,0.004,1,C2orf66
0.16352959785364,-0.262757125610257,0.016,0.004,1,GBAT2
0.16352959785364,-0.316305734462745,0.016,0.004,1,LINC01372
0.163864114238908,-1.83865818269413,0.014,0.029,1,TMEM253
0.164119423865237,-0.968447268488467,0.016,0.004,1,AZU1
0.164119423865237,-0.449550555179166,0.016,0.004,1,FAM27E3
0.164119423865237,-0.595320513167103,0.016,0.004,1,PROSER2-AS1
0.164119423865237,-1.26163700613754,0.016,0.004,1,WASIR2
0.164319161162295,0.68822906077719,0.214,0.166,1,WWC1
0.164404645240015,-0.301509710592363,0.155,0.112,1,MAGI2
0.164430170156766,0.443460955133036,0.084,0.054,1,ZNF69
0.164780372196112,-1.07274562566909,0.057,0.083,1,FAM120C
0.165032863800127,-0.272277957588639,0.904,0.909,1,CLDND1
0.165179342357156,-0.788974678952792,0.295,0.332,1,UMAD1
0.165184657031793,0.588646888218794,0.041,0.021,1,ARMC2
0.165212248555154,-0.771082856162902,0.026,0.046,1,KCNH6
0.165308369921053,0.267581118971097,0.916,0.88,1,LIF
0.165470262382532,0.719300612265482,0.149,0.112,1,TCAF2
0.165494019572132,0.339446027676957,0.483,0.448,1,ACTN4
0.165770917840146,-1.58368660262698,0.014,0.029,1,CNGB1
0.16584078574606,-1.01874616815429,0.09,0.12,1,LOC100499489
0.165900827572233,0.373673785378576,0.183,0.145,1,ZNF597
0.166018175973256,0.793682123297595,0.124,0.091,1,ACSS2
0.166250216780346,-1.04492860790433,0.014,0.029,1,GOLGA2P5
0.166360921432538,0.37177395952408,0.279,0.232,1,SORBS1
0.166399545127748,-0.46460855965576,0.114,0.079,1,ADAT2
0.166666229083311,0.572943945956122,0.238,0.195,1,TBC1D10B
0.166679405522337,0.392260277585862,0.22,0.178,1,WTIP
0.166730557105033,-1.4590429035076,0.014,0.029,1,RBPMS-AS1
0.167156007798448,0.525927990978743,0.159,0.12,1,TMEM8A
0.167185596218604,-1.90295606669739,0.006,0.017,1,MUC15
0.167388151666183,-0.296106356714954,0.562,0.473,1,NOC3L
0.167451274251664,-1.55203878208672,0.061,0.087,1,SLFN11
0.16753533334577,-2.64066285495009,0.037,0.058,1,LOC100128531
0.167572397620235,0.903677717910417,0.081,0.054,1,TPRG1
0.167802554880233,-1.27738991994242,0.102,0.133,1,DBP
0.167849061962965,-0.865762333848985,0.126,0.162,1,ROR2
0.167864799297447,-1.86290707183928,0.006,0.017,1,LOC388282
0.16792521569858,0.630133584649476,0.232,0.195,1,ZNF664
0.167929702266269,0.863318687707139,0.035,0.017,1,NRSN2-AS1
0.16800994454957,-0.890406812064315,0.118,0.149,1,MVK
0.168123511911258,0.363426466160257,0.391,0.353,1,EFNA5
0.168146226877372,-0.251331866457532,0.067,0.041,1,ZNF18
0.168177837166329,-0.753112983511667,0.014,0.029,1,ACOX2
0.168177837166329,-2.85643642716061,0.014,0.029,1,ZBTB20-AS4
0.168198933408711,-0.457405968678113,0.084,0.054,1,SGOL2
0.168360959424486,0.513762144505546,0.153,0.116,1,MFI2-AS1
0.168546072375305,-2.29733538344245,0.006,0.017,1,COLQ
0.168559706337867,-1.93662249284008,0.063,0.037,1,LOC101927415
0.168662353795284,-1.74970746689045,0.014,0.029,1,KLLN
0.168789994662608,0.461006344906007,0.088,0.058,1,ZFP28
0.169147917177843,-0.844569415710743,0.014,0.029,1,LINC01265
0.169229418433748,-1.17045632614901,0.006,0.017,1,CST7
0.169229418433748,-2.14332850421173,0.006,0.017,1,KY
0.1692442185151,0.308302943383295,0.399,0.349,1,TAF11
0.16927945799563,0.417235131176967,0.169,0.129,1,ATP7A
0.169310926414936,0.353378228711528,0.251,0.203,1,HIVEP3
0.169521929916446,1.11120783375883,0.035,0.017,1,TMEM121
0.16955289460061,-0.64987941117953,0.067,0.095,1,CAMK1
0.169634528379355,-1.36897080731064,0.014,0.029,1,AIFM3
0.169893962788602,-0.890395438303098,0.198,0.149,1,PDGFRB
0.169914840443202,-1.09055767705884,0.006,0.017,1,CCDC81
0.169914840443202,-1.8286619739075,0.006,0.017,1,FFAR4
0.169914840443202,-1.50945588257825,0.006,0.017,1,MUC19
0.169950660698725,0.450938095549015,0.322,0.274,1,KLHL18
0.16995461276432,0.333191758846519,0.057,0.033,1,ZSWIM3
0.170122188462311,-1.37897588179895,0.014,0.029,1,KRT73-AS1
0.17041443510287,-0.757440371562774,0.026,0.046,1,CARD16
0.170476802541235,-0.974032975210857,0.02,0.037,1,MAST1
0.170502597608524,0.900073922512362,0.022,0.008,1,TBC1D30
0.170602341362869,-1.59446966486779,0.006,0.017,1,DPYS
0.170602341362869,-1.063114880196,0.006,0.017,1,LOC101927166
0.170602341362869,-1.24304565707359,0.006,0.017,1,LOC400612
0.170839169808641,0.768033648909993,0.096,0.066,1,ANKZF1
0.170878458583471,-1.03725420408151,0.112,0.145,1,C5orf60
0.170953762882419,-0.324572710370039,0.585,0.602,1,DGCR6L
0.171017912307932,0.382062648975699,0.707,0.672,1,P3H4
0.171064455037093,-0.929955170178144,0.988,1,1,DNAJB1
0.171100659508148,-0.565788883395269,0.014,0.029,1,ARL15
0.171100659508148,-0.48172179441711,0.014,0.029,1,HIST1H3A
0.171107779886931,0.821974353627557,0.029,0.012,1,LINC01252
0.171114428044073,0.377356178465848,0.387,0.34,1,EIF2B4
0.171180835069788,-0.411304415686998,0.994,0.992,1,HSPE1
0.171291924140652,-0.977870544672953,0.006,0.017,1,CLDN14
0.171291924140652,-1.70401998942667,0.006,0.017,1,GNMT
0.171291924140652,-0.785473736154101,0.006,0.017,1,MSR1
0.171291924140652,-1.14221079461441,0.006,0.017,1,PRRT4
0.171291924140652,-1.42001843912585,0.006,0.017,1,RAI1-AS1
0.171291924140652,-2.07253560543234,0.006,0.017,1,TNFSF4
0.171313651243382,0.583623831682888,0.462,0.423,1,FAM91A1
0.171371445806654,0.368015955459596,0.301,0.253,1,NUP62
0.171531225514763,-0.289339408979211,0.24,0.29,1,RAET1G
0.171554076115844,1.0651687503222,0.029,0.012,1,PIDD1
0.171661228871298,0.319393643551795,0.393,0.344,1,CMTM3
0.171743783322139,-1.14989152981517,0.02,0.037,1,LRFN3
0.171776638741071,-0.39113665245692,0.477,0.51,1,KMT2E-AS1
0.171931458887486,0.426389425061317,0.035,0.017,1,FZD10-AS1
0.17198359171308,-2.0586763311837,0.006,0.017,1,LOC105447648
0.17198359171308,-1.24415723615096,0.006,0.017,1,SHC3
0.172001243126485,0.867683411424761,0.029,0.012,1,TMEM71
0.172003082142421,-1.09810548275706,0.24,0.274,1,NR1D1
0.172076469112231,0.392561456227147,0.314,0.266,1,NT5C3B
0.172125175523281,0.485836790553671,0.067,0.041,1,TTC9
0.172172825359708,0.969890881806032,0.185,0.149,1,HEG1
0.172540104058627,0.414761468953228,0.022,0.008,1,NRXN1
0.172576259084149,-2.11167113667592,0.014,0.029,1,GCNT4
0.172591998307936,1.78885691109146,0.045,0.025,1,CCDC134
0.172677347005226,-0.601024584487998,0.006,0.017,1,ALB
0.172677347005226,-0.593905479337721,0.006,0.017,1,C16orf89
0.172677347005226,-0.99404196854888,0.006,0.017,1,FFAR2
0.172756908357199,-1.15418110306657,0.224,0.174,1,ZNF273
0.172900515424778,-0.721602582672666,0.342,0.373,1,GSTT1
0.172969482504735,0.542221072739705,0.153,0.116,1,ATP9A
0.173014355443344,-0.57771271311291,0.807,0.863,1,ID1
0.173027632424207,0.629758095897262,0.134,0.1,1,MAD2L1
0.17306111338514,-0.655510873947686,0.026,0.046,1,ATRIP
0.173070234606296,-0.769629217483907,0.014,0.029,1,GRIK4
0.173205083049507,-0.324101927935764,0.124,0.087,1,ZNF100
0.173335459082364,0.353694608025424,0.562,0.51,1,MYO1E
0.173373192930631,-0.715613445160254,0.006,0.017,1,ADAM20
0.173373192930631,-0.882780202692569,0.006,0.017,1,LOC102546298
0.174029115214164,-0.929023159112763,0.061,0.087,1,SIGLEC10
0.174061355402798,-0.59154517842041,0.014,0.029,1,SLC13A3
0.174080144360087,1.04317091130822,0.022,0.008,1,MICALCL
0.174080144360087,0.65192855231003,0.022,0.008,1,SCGB2A2
0.174702575612465,-0.389169466686846,0.029,0.012,1,LOC101927274
0.174779554730611,0.457617080114008,0.226,0.183,1,AP2A2
0.174791428242373,0.430170446875045,0.248,0.212,1,MTHFD1
0.174813409441603,-0.285303662280376,0.976,0.975,1,BNIP3
0.174925621054679,-0.470311739341963,0.167,0.124,1,ILDR1
0.174977928893335,0.924851489722109,0.114,0.083,1,AKAP1
0.175025713933933,-0.78165290141778,0.057,0.083,1,ZFP69B
0.175053051204457,0.432026474923069,0.061,0.037,1,SEZ6L2
0.175074270722035,0.486414235710533,0.13,0.095,1,PAFAH2
0.17511252695393,0.509936845197307,0.022,0.008,1,LOC101559451
0.175155860055552,0.738715948449755,0.029,0.012,1,ARHGAP19
0.175155860055552,0.71533586776641,0.029,0.012,1,MYH11
0.175209042247117,1.62274592394039,0.128,0.095,1,SLFNL1-AS1
0.175222113465473,0.723600247346278,0.071,0.046,1,PPP1R3F
0.175610021530321,1.32828439645326,0.029,0.012,1,RASD2
0.175936663130327,0.594770786442379,0.238,0.199,1,KMT2B
0.175970348230079,-1.01204360793274,0.328,0.266,1,LOC646214
0.175976477216842,-1.92847111937486,0.031,0.05,1,SERPINI2
0.176043550089353,0.303378756511878,0.116,0.083,1,PRMT6
0.176045165282905,0.603014776889232,0.283,0.237,1,ZBTB40
0.176065060808788,0.51142074457435,0.029,0.012,1,PCED1B
0.176123378308263,0.636414887585207,0.026,0.046,1,C1QA
0.176124296410933,0.444393388120293,0.11,0.079,1,PTPN3
0.176149471539677,-0.613565242479337,0.022,0.008,1,ADRA1A
0.176149471539677,0.632244032372353,0.022,0.008,1,BEX1
0.176179785139471,0.33454165975964,0.161,0.124,1,SPON1
0.176333811576057,-0.30134179490999,0.212,0.162,1,C11orf71
0.176520978660889,0.643244033737798,0.029,0.012,1,GSC
0.176669657439972,0.559508448362593,0.022,0.008,1,AKR1E2
0.176669657439972,0.283707013477155,0.022,0.008,1,HERC2P4
0.176669657439972,0.534393637487115,0.022,0.008,1,SLC22A18AS
0.176726094542797,0.719445590666429,0.407,0.361,1,LETM1
0.176856840903316,-0.551206487132443,0.118,0.083,1,KIAA1324L
0.176968181993691,-0.757034687750839,0.096,0.129,1,SCAND2P
0.177011212719661,-0.806156582839901,0.041,0.021,1,PTOV1-AS1
0.177060095477633,0.345670743688073,0.196,0.154,1,CEP76
0.177102041775918,-0.554553497290144,0.267,0.307,1,FAM49B
0.177235281166039,-0.367871754854854,0.159,0.12,1,CSTF2T
0.177315547012722,-0.861652633505353,0.02,0.037,1,SERHL2
0.177435453155292,1.83174696516076,0.029,0.012,1,PLA2G10
0.177435453155292,0.762752397517175,0.029,0.012,1,SHC2
0.177444755139041,-0.362915150846572,0.228,0.174,1,CSDC2
0.177564290268423,0.386481978539461,0.303,0.266,1,SPTLC3
0.177682758036951,0.461240452745139,0.332,0.282,1,MAOB
0.178269003240992,0.271319514494296,0.081,0.054,1,C9orf116
0.178480904455524,-0.276614903934009,0.354,0.282,1,ARV1
0.178611056925604,-0.884905598853593,0.061,0.087,1,GPRC5B
0.178621445940076,-1.51961522285884,0.108,0.137,1,ADAMTS9-AS2
0.178858352829634,0.845045411322468,0.096,0.066,1,ZNF550
0.179021428926382,1.28226349174928,0.045,0.025,1,ARHGAP39
0.179073748353655,0.302987012309567,0.743,0.714,1,SLC19A2
0.179247096034607,0.344710827691662,0.299,0.257,1,POLH
0.179287768429153,-0.324691582622646,0.022,0.008,1,LOC101927142
0.1794784076988,-0.260518715077807,0.312,0.261,1,PGAM5
0.179642420909175,-1.02952359212787,0.031,0.05,1,FGD5P1
0.179673049513032,0.626267374338372,0.086,0.058,1,SMG1P7
0.1797370679213,-0.389218757896403,0.029,0.012,1,DPY19L2P1
0.1797370679213,-1.92077461107003,0.029,0.012,1,PIN4P1
0.179965835535349,0.401591118823305,0.525,0.481,1,DSE
0.180041556915262,-0.767182585638603,0.057,0.083,1,YTHDF3-AS1
0.180110097747915,1.41587946458728,0.045,0.025,1,MCMDC2
0.180148347420144,-1.25804948391477,0.035,0.017,1,ZNF223
0.180167874406542,-0.287851092305002,0.326,0.278,1,C1QTNF3
0.180207802850094,-0.656242961166223,0.332,0.369,1,GSTM2
0.180392404323853,0.464591079896099,0.106,0.075,1,KATNB1
0.180414127043367,0.314606750628576,0.081,0.054,1,FJX1
0.180415378594395,0.433258963825725,0.377,0.32,1,EIF2AK1
0.180441082791817,-0.323755175078857,0.627,0.664,1,RTCB
0.180610571736664,0.325238086365692,0.444,0.407,1,NRAS
0.180697757836051,0.296281483994344,0.092,0.062,1,RCCD1
0.180838604868609,0.721823072739926,0.045,0.025,1,NEMP2
0.180872420730353,-0.595811851026753,0.022,0.008,1,LINC00691
0.18091464985888,0.351392342675116,0.375,0.328,1,ELOVL1
0.180960252834844,0.503276689657811,0.169,0.133,1,MAMLD1
0.180963661310815,0.255038994003324,0.179,0.141,1,ZNF286B
0.181128646613484,-0.794069309090341,0.029,0.012,1,C8orf31
0.181165216735008,-1.08572857152004,0.088,0.116,1,HSD17B11
0.181177696154068,-0.500731656843761,0.246,0.29,1,SEPT1
0.181440232739278,0.504790800525972,0.344,0.303,1,RNF2
0.181581555734706,-0.502621012572854,0.275,0.315,1,MAPKAPK5
0.181764806342159,0.41182712018264,0.375,0.332,1,SPHK1
0.182320967683625,0.600625275139838,0.187,0.149,1,HOMER3
0.182500431313022,-0.528436232249274,0.208,0.253,1,PEBP4
0.182558495749008,-0.865684808301163,0.037,0.058,1,LOC100130872
0.182594647753891,0.37590835601647,0.096,0.066,1,UQCRBP1
0.18260580985094,0.39007336526634,0.263,0.22,1,CCNK
0.182730854559592,-0.257240599192016,0.051,0.029,1,CLDN23
0.182967908794923,-0.263943754177257,0.888,0.88,1,PSMA6
0.183237179560707,0.563741286331693,0.071,0.046,1,FAM105A
0.183283364767485,-0.393508703376233,0.295,0.237,1,FRMD8
0.183940745182822,-0.295741809159712,0.037,0.058,1,LOC101929541
0.183974858005101,-0.609893990900464,0.161,0.199,1,ZNF268
0.18408384749257,-0.420108439909723,0.147,0.108,1,HSPA4L
0.184091094154525,0.303680217497752,0.246,0.207,1,HMBOX1
0.184283826224339,-1.1499273619383,0.057,0.033,1,C12orf79
0.184865150277195,0.393499411853605,0.183,0.145,1,KAT7
0.184884540592416,1.21006090396146,0.045,0.025,1,EPM2A
0.184977771146289,-0.347358316177291,0.163,0.12,1,PIGM
0.185226160796929,0.436207353713466,0.222,0.178,1,KAT8
0.185480433801244,-0.644426473109068,0.088,0.058,1,PEX6
0.185699479331455,-0.915396465217113,0.02,0.037,1,LCA10
0.185752044999267,0.70047375645288,0.228,0.183,1,TLR4
0.185768987378549,0.905286908868679,0.086,0.058,1,LIMK2
0.185846896435557,-0.42697763655195,0.255,0.295,1,ABHD14B
0.186067330539687,0.555013558796931,0.116,0.083,1,VPS33A
0.186120142278888,0.778798698196386,0.175,0.141,1,HS2ST1
0.186934265571512,0.331923395537631,0.401,0.365,1,WDR46
0.186957314260422,0.463154792747414,0.328,0.282,1,CBY1
0.187502631738987,0.475657269789192,0.212,0.17,1,NAP1L3
0.188070691679703,0.864964462932079,0.428,0.39,1,FGD6
0.188107989051332,-0.844095515948337,0.328,0.257,1,TNFAIP8L1
0.188202466101343,0.287903712798601,0.112,0.145,1,APOL1
0.188416037771526,-0.414974486468063,0.128,0.162,1,SLC39A11
0.188532032262205,0.25515346708666,0.332,0.286,1,ATG9A
0.188665041143258,0.915600272120946,0.187,0.149,1,KIF18B
0.188949895847702,-0.418578505935744,0.096,0.066,1,CD163L1
0.189013817758529,0.90283307477664,0.09,0.062,1,NAPB
0.189030442054856,0.321906632582257,0.47,0.427,1,CCND3
0.189058787696355,0.341056402096521,0.157,0.12,1,SPIN2B
0.189439069205125,-0.422151995535354,0.031,0.05,1,SLC24A2
0.189499819224757,-0.678430757645091,0.088,0.058,1,LURAP1L
0.189561740979476,0.694951748894661,0.055,0.033,1,SPRY4-IT1
0.189667050901035,-0.852848282976993,0.053,0.079,1,H1FX-AS1
0.189751990909459,0.579729769759478,0.045,0.025,1,TCTEX1D1
0.189758790185564,0.349855547514113,0.11,0.079,1,RRM2
0.18977080062212,0.283967989901357,0.193,0.154,1,MUM1
0.189814830646007,-0.44271750045766,0.281,0.22,1,ECE1
0.18988196954164,1.47272911776271,0.065,0.041,1,MFHAS1
0.190238804366106,-0.770950788669249,0.334,0.378,1,CD74
0.190271830974688,0.393136786493091,0.444,0.394,1,UBR7
0.190319301713547,-0.456079735774255,0.167,0.124,1,C14orf37
0.190391178407612,-0.251671571260069,0.077,0.05,1,BEND5
0.190529237606171,0.467417229030704,0.173,0.137,1,GTF2IRD2
0.190582260445511,1.88152495524409,0.055,0.033,1,C9orf66
0.190641301954961,0.478692919145228,0.273,0.224,1,RIC3
0.19119295882252,0.512778684205651,0.086,0.058,1,MED14OS
0.191199406733626,0.414793362068982,0.308,0.266,1,CCDC126
0.191269015588901,-1.00083726890158,0.057,0.033,1,LOC100505658
0.191331269415075,-1.67131955661326,0.149,0.178,1,RUNX2
0.191371908951545,0.340336224837498,0.143,0.108,1,NPTXR
0.191415280153343,0.535235180508312,0.228,0.278,1,AARS2
0.191622789632909,0.685327647429863,0.114,0.083,1,ATXN7L3
0.191770304608811,0.45547041714427,0.141,0.104,1,DCUN1D2
0.192097187545741,-0.887029888037624,0.118,0.149,1,GDAP1
0.192168046545951,0.438226246299244,0.075,0.05,1,DGUOK-AS1
0.192652285173802,-1.89253677591292,0.045,0.066,1,KCNQ1-AS1
0.192773840380945,-0.627870787125323,0.138,0.1,1,ETV1
0.193012600878878,-0.360133184967661,0.953,0.954,1,TF
0.193295858489897,0.292566885181255,0.22,0.178,1,C1orf229
0.193342532379563,-0.355575111518429,0.772,0.78,1,COPS5
0.193461602094125,0.495120918539826,0.12,0.091,1,PPP1R35
0.193559951614989,-0.443138570747549,0.045,0.025,1,LRRC17
0.193769305919264,-0.680934747363196,0.088,0.116,1,ZNF514
0.193943812382227,-0.903430469764903,0.045,0.025,1,ADAMTS7
0.193948249421353,0.431907061742509,0.086,0.058,1,SLC25A40
0.194145010211693,-2.19482697499091,0.004,0.012,1,CNTD2
0.194145010211693,-3.37192762443015,0.004,0.012,1,FLJ13224
0.194145010211693,-3.00896978968604,0.004,0.012,1,GPR55
0.194145010211693,-2.42545082990772,0.004,0.012,1,RALYL
0.194145010211693,-1.88496480133746,0.004,0.012,1,SLC16A13
0.194145010211693,-2.3309660680005,0.004,0.012,1,YIPF7
0.194200375725173,-0.707659530921646,0.155,0.191,1,HOXD8
0.19441308757341,-0.458946774909953,0.112,0.079,1,C8orf48
0.194450810347165,0.477703910435531,0.354,0.311,1,IRF7
0.194482577762146,-1.06108101177063,0.031,0.05,1,LINC00969
0.194555440446401,-0.591781030843712,0.037,0.058,1,MTCP1
0.194640736398051,0.338246750060908,0.257,0.212,1,TULP4
0.194934015521462,0.894590698604329,0.039,0.021,1,ENTPD5
0.195041973585444,-2.71684966380389,0.004,0.012,1,ANKRD20A19P
0.195041973585444,-1.66984022597403,0.004,0.012,1,CORO1A
0.195041973585444,-1.09300162651985,0.004,0.012,1,LINC00327
0.195041973585444,-1.26323969162706,0.004,0.012,1,LOC100506606
0.195060954179943,0.524985753038435,0.143,0.108,1,RAD51B
0.195085505885815,0.582731558406596,0.165,0.129,1,ST6GALNAC5
0.195121707565821,-0.655974203514188,0.157,0.195,1,METTL6
0.195336776133328,-0.262700026173923,0.086,0.058,1,HIST1H2AC
0.19538388413607,0.406812656928392,0.36,0.32,1,CHCHD3
0.195398199870979,0.3246372921048,0.055,0.033,1,LINC00511
0.195481627603702,-0.718936544745878,0.456,0.473,1,GOLGA5
0.195765958636568,1.23599775219001,0.039,0.021,1,TAGAP
0.195791325116253,-0.479944339927693,0.061,0.087,1,SNORA70
0.195941972475576,-1.96227605611112,0.004,0.012,1,ABHD11-AS1
0.195941972475576,-1.50292420520471,0.004,0.012,1,C6orf10
0.195941972475576,-2.43935619203952,0.004,0.012,1,C7orf65
0.195941972475576,-1.36573905058757,0.004,0.012,1,CATSPER3
0.195941972475576,-2.26754569697414,0.004,0.012,1,LOC100128076
0.195941972475576,-1.50983602689036,0.004,0.012,1,LOC100129518
0.195941972475576,-2.31021867307379,0.004,0.012,1,LOC101243545
0.195941972475576,-1.25109959922063,0.004,0.012,1,LOC101928336
0.195941972475576,-1.62200871926516,0.004,0.012,1,LOC101929549
0.195941972475576,-2.81773196735466,0.004,0.012,1,TSL
0.195941972475576,-1.7731044622663,0.004,0.012,1,WDR49
0.195941972475576,-1.41274469757918,0.004,0.012,1,ZFP57
0.195941972475576,-1.92508638464467,0.004,0.012,1,ZNF726
0.196055632198125,0.28455677550605,0.104,0.075,1,SRRD
0.196194056342137,0.542369665032325,0.065,0.041,1,ZCWPW2
0.196238853639626,-0.527788950243356,0.277,0.228,1,ZNF829
0.196258718088204,-0.447782366411416,0.045,0.025,1,CCDC40
0.196299729064296,0.285071669895072,0.173,0.137,1,MCM4
0.196316339819514,-0.470010926691103,0.611,0.618,1,TXN2
0.19684501101624,-0.741039019669168,0.004,0.012,1,C4orf45
0.19684501101624,-1.05324071864475,0.004,0.012,1,CYP1A1
0.19684501101624,-1.09674152047667,0.004,0.012,1,LINC00028
0.19684501101624,-1.16711175200067,0.004,0.012,1,LINC01285
0.19684501101624,-1.37069643050034,0.004,0.012,1,LOC101928738
0.19684501101624,-1.99745397838655,0.004,0.012,1,LOC388780
0.19684501101624,-0.774004600112312,0.004,0.012,1,LZTS1-AS1
0.19684501101624,-1.54697795066178,0.004,0.012,1,NAV2-AS2
0.19684501101624,-1.14052622588371,0.004,0.012,1,ST8SIA2
0.19684501101624,-1.00144484291194,0.004,0.012,1,TBX5
0.19684501101624,-1.50452343595822,0.004,0.012,1,TEX29
0.19684501101624,-2.02164240138471,0.004,0.012,1,TMEM52B
0.19684501101624,-1.39885956221498,0.004,0.012,1,YBX2
0.19684501101624,-0.939424783357702,0.004,0.012,1,ZNF648
0.196899082164729,0.451926900193852,0.36,0.32,1,NAV2
0.197121575939072,-0.2795573369781,0.878,0.9,1,FXYD1
0.197378227699697,-0.257829131896235,0.169,0.129,1,TMEM234
0.197391657747698,-0.335172835831358,0.214,0.257,1,SCMH1
0.197457907995477,-0.375883987551665,0.236,0.183,1,TRAF6
0.19760404720456,-2.74743521049916,0.055,0.079,1,QPRT
0.197650979493718,0.26024906351019,0.132,0.1,1,PFDN6
0.197751093314156,-1.69368781828704,0.004,0.012,1,ABCG5
0.197751093314156,-0.913294651551283,0.004,0.012,1,CHRM2
0.197751093314156,-1.12855746631506,0.004,0.012,1,CORT
0.197751093314156,-0.480441662147383,0.004,0.012,1,CRHR2
0.197751093314156,-0.920309333283397,0.004,0.012,1,DDX11L2
0.197751093314156,-1.08088711326706,0.004,0.012,1,GREM2
0.197751093314156,-1.39535743527112,0.004,0.012,1,LHFPL3
0.197751093314156,-1.53299115164809,0.004,0.012,1,LINC01516
0.197751093314156,-1.02723911964342,0.004,0.012,1,TMPRSS11E
0.197751093314156,-0.986282087484393,0.004,0.012,1,VIPR1
0.197854467205991,0.304413793461373,0.086,0.058,1,NR3C2
0.197854467205991,0.467941695525828,0.086,0.058,1,TNK1
0.197857195947844,1.75113181651186,0.039,0.021,1,CLDN10
0.197857490353071,-0.331411658771731,0.112,0.079,1,TSR3
0.197958668967246,-2.82238059842199,0.018,0.033,1,CDH17
0.198138017855577,-0.439999671430077,0.242,0.195,1,SF3A2
0.198189916378455,0.577582916797621,0.055,0.033,1,AGAP4
0.198277397426974,1.08271978876188,0.039,0.021,1,SDHAP3
0.198660223448435,-0.551946578285511,0.004,0.012,1,HULC
0.198660223448435,-0.663454302402043,0.004,0.012,1,LOC389033
0.198660223448435,-0.365283971998524,0.004,0.012,1,OTOGL
0.198660223448435,-0.700220235424135,0.004,0.012,1,PRIMA1
0.198660223448435,-0.3838144027792,0.004,0.012,1,SLCO5A1
0.198660223448435,-0.662784158963373,0.004,0.012,1,WDR72
0.198949354173034,1.19934263303882,0.049,0.029,1,ZBTB7C
0.198953814863018,0.806843571536564,0.079,0.054,1,LOC101928068
0.199541917128616,0.774811955459027,0.039,0.021,1,CLDN20
0.199541917128616,0.421695447316632,0.039,0.021,1,POLD1
0.199572405470401,0.59487091128524,0.004,0.012,1,DSCAM-AS1
0.199572405470401,-0.32498564531922,0.004,0.012,1,LINC00524
0.199572405470401,-0.605394882363276,0.004,0.012,1,PPP2R2B
0.199596665090828,-0.818945074730617,0.041,0.062,1,ZNF563
0.199604034491959,-1.13121520688609,0.012,0.025,1,LOC100505817
0.19965109968656,0.406162541058982,0.409,0.369,1,KRAS
0.199765860629187,-0.422524672416478,0.183,0.224,1,SRGAP2
0.199806723147567,-0.284376238310905,0.456,0.373,1,METTL9
0.199908380651528,-0.254719998577923,0.8,0.78,1,SCP2
0.199963096718833,-0.419439797576166,0.336,0.378,1,INTS10
0.199964730112267,0.393747337863702,0.039,0.021,1,DNAH5
0.199964730112267,0.474510683451832,0.039,0.021,1,PROSER3
0.200085227166994,-0.630618143914046,0.161,0.12,1,RPS26P11
0.20008892328274,0.294357766412705,0.747,0.73,1,UBE2S
0.20025215514697,-1.4939145251939,0.024,0.041,1,FGD3
0.200388196965105,0.535228165200813,0.039,0.021,1,ADA
0.200388196965105,1.09752940368744,0.039,0.021,1,BATF
0.200491744771988,-0.836380313870668,0.059,0.083,1,LOC729950
0.200501985343879,0.50008069641774,0.122,0.091,1,SMPDL3A
0.200558438750795,0.293847200180748,0.389,0.34,1,ERCC3
0.201111649875176,0.30726658232149,0.434,0.382,1,GLI3
0.201137196238121,-1.22147821298666,0.024,0.041,1,TMPRSS12
0.201387934430361,-1.97385134927018,0.012,0.025,1,IGSF9
0.201457736396853,-2.3237229970715,0.018,0.033,1,LOC102723701
0.201564256512671,0.389876147510548,0.66,0.622,1,CMAHP
0.201626296374212,-0.363477331718657,0.277,0.22,1,MTX3
0.201699268467585,-1.11186777661007,0.035,0.054,1,MRPS24
0.201779154282587,-1.30310098789808,0.136,0.1,1,SYT11
0.20180824442518,0.252609617150807,0.851,0.838,1,MYH9
0.201885961749802,0.397802374679717,0.36,0.324,1,IGF2BP2
0.202092328888671,-1.12460869044591,0.116,0.145,1,FBXW9
0.202146912224548,1.57283090899438,0.096,0.066,1,GAS6-AS1
0.202300199695619,0.785122486512506,0.049,0.071,1,TYROBP
0.202470102946754,-0.560641905790192,0.024,0.041,1,HECW1
0.202515353034406,-0.352094479486141,0.039,0.021,1,OLFM2
0.202515353034406,0.556219959701781,0.039,0.021,1,PHLDB3
0.202583643726474,-1.06019581339909,0.012,0.025,1,LOC101928551
0.202583643726474,-1.44087924538615,0.012,0.025,1,USP18
0.203183434404128,-1.75142343625844,0.012,0.025,1,HBG1
0.203277913836466,1.30634457372734,0.13,0.166,1,TNFAIP3
0.203362275959003,-0.859019132917039,0.024,0.041,1,TMEM183A
0.203440285750415,0.53367944937741,0.202,0.166,1,C11orf30
0.203611848855914,0.63457424362024,0.059,0.037,1,RPS2P32
0.203738030300782,0.400520443380451,0.116,0.087,1,SMARCD2
0.203784517191225,-1.47517531851223,0.012,0.025,1,DACT3-AS1
0.203784517191225,-1.59559331242525,0.012,0.025,1,IDI2-AS1
0.203784517191225,-1.17971709725911,0.012,0.025,1,LOC101928812
0.203951803524905,1.14400017367678,0.033,0.017,1,MARCH1
0.204003459585202,-1.08273379646678,0.035,0.054,1,LOC100506188
0.204195106589701,0.32707573567232,0.358,0.311,1,CHTF8
0.204386044900081,0.311367887112462,0.136,0.104,1,PITPNM1
0.204492659167697,-1.40849806910137,0.018,0.033,1,EHHADH
0.204578728956169,-0.447670394511303,0.393,0.444,1,YPEL2
0.204622398097819,-1.32828533800362,0.049,0.071,1,LOC100130357
0.20486605137796,0.795830323601392,0.073,0.05,1,ZNF749
0.204869090578676,-0.335721190761154,0.271,0.22,1,TRMT13
0.20499056333227,-0.792498411041816,0.012,0.025,1,OXER1
0.205095349747649,0.340826383100672,0.849,0.851,1,C1R
0.205215691698494,0.410032102425967,0.32,0.278,1,ARL4A
0.205262745111768,0.26009101489884,0.094,0.066,1,AGTPBP1
0.205349850897285,0.711292307522958,0.104,0.075,1,RNF31
0.205354540785172,-1.20098891992845,0.242,0.27,1,LPXN
0.205595528792657,-1.58875366813603,0.012,0.025,1,ZNF48
0.205633369159567,-0.273263972520184,0.308,0.249,1,CCZ1B
0.205685524692423,0.525540240499632,0.151,0.12,1,TSSC1
0.205721719372396,0.717590509574928,0.116,0.087,1,OSBPL5
0.205833886204255,-0.257065937463454,0.033,0.017,1,NCRUPAR
0.205979611285935,0.393403982649104,0.47,0.448,1,HDGFRP3
0.206022532042916,-2.23099518217183,0.018,0.033,1,LOC101927131
0.206055962452521,-0.91075187192605,0.024,0.041,1,FLJ36777
0.206179217086444,-0.31120656616035,0.34,0.282,1,RIPK1
0.20620179057532,-0.793590247154053,0.012,0.025,1,LINC00167
0.206306372269405,0.977643454936366,0.033,0.017,1,CEACAM19
0.206326516564632,0.309870592089136,0.106,0.075,1,TMOD2
0.206383659303796,0.263865427434411,0.385,0.332,1,TRIM47
0.206652910232278,0.627581055198857,0.079,0.054,1,LINC00601
0.206664270455638,-0.36229581164357,0.185,0.145,1,ZNF417
0.206978714635558,0.391477386199357,0.161,0.124,1,GIT2
0.207047055677278,-1.09851353241109,0.018,0.033,1,FAM159A
0.207216355109715,0.939500870395028,0.161,0.129,1,SSBP4
0.207440164519765,1.50807249472838,0.163,0.129,1,KLRD1
0.208004785618821,0.33422408468691,0.31,0.266,1,UBE4B
0.208294650414084,-0.653136072011524,0.238,0.27,1,C20orf27
0.208427844443952,0.816032682605198,0.049,0.029,1,ZNF790
0.208679268086003,0.276041795114703,0.171,0.133,1,SYT15
0.208918631457583,-0.427200099077621,0.041,0.062,1,LCA5L
0.209231241163707,-1.21303189749272,0.024,0.041,1,NGFR
0.209257806982398,-0.370818193129316,0.473,0.407,1,EID3
0.20928253746038,0.263728692170724,0.244,0.203,1,UST
0.209397836945717,-0.623487554662524,0.069,0.095,1,C22orf46
0.209611781842226,0.410266651852615,0.065,0.041,1,LOC101928514
0.209866641930891,-0.687630475918458,0.012,0.025,1,MAP7D2
0.210107194145064,0.511603912001863,0.159,0.124,1,NPAS3
0.210147894139548,0.778079090934064,0.326,0.295,1,CHST15
0.21059422654296,1.20802121038796,0.033,0.017,1,DHRS4L1
0.21059422654296,-0.702200997806983,0.033,0.017,1,SSUH2
0.21059422654296,-0.251093683698806,0.033,0.017,1,TK1
0.210799524908483,-0.867739074677125,0.086,0.058,1,TMEM130
0.210962874424565,-0.717787956310644,0.112,0.141,1,IMMP1L
0.210998856896374,-0.398907670510146,0.155,0.116,1,PCAT6
0.211107249326967,-1.01137231621614,0.045,0.066,1,TRIM9
0.211170159210542,-0.266605707319676,0.147,0.108,1,ETAA1
0.211430265277646,1.45765818704695,0.096,0.071,1,NCF2
0.211521047935494,-0.303690816995926,1,0.996,1,PCOLCE
0.211543930101801,-0.600581669484539,0.269,0.22,1,SFXN1
0.211716651046042,0.259145693094471,0.012,0.025,1,MYEF2
0.211963632334149,0.467097819790517,0.277,0.237,1,SERGEF
0.212046832931547,-1.35600770475214,0.049,0.071,1,MRPS31P5
0.212478612558065,0.563456751765295,0.179,0.145,1,TOPBP1
0.212520497135877,0.656375461963085,0.033,0.017,1,DOK6
0.212712444310562,-0.528458066441724,0.079,0.108,1,ZNF138
0.2129549013921,-0.765937344817475,0.039,0.021,1,STAG3L5P-PVRIG2P-PILRB
0.213027565546048,-0.786708955002229,0.063,0.087,1,ZNRF3
0.213097140455558,-0.38715354938482,0.222,0.266,1,NPRL2
0.213098258097972,0.567782894428294,0.285,0.249,1,MAU2
0.213203969194636,-1.70098013205116,0.029,0.046,1,BDKRB2
0.213251595560333,-2.04762754738699,0.039,0.058,1,HECTD2-AS1
0.213252336721744,0.294225658615723,0.218,0.178,1,SENP7
0.213271910655595,-0.69127216593187,0.018,0.033,1,LINC01428
0.213328928275298,-0.253611297235604,0.837,0.768,1,IER5
0.213340117130577,0.578206633403395,0.088,0.062,1,RAB11FIP1
0.213791857897549,0.334858721524529,0.181,0.145,1,ASAP3
0.213796681657512,-1.7385313158144,0.018,0.033,1,OLFM4
0.213876685233912,-0.291419888183737,0.049,0.029,1,SLC19A3
0.213952566768902,0.661323897815148,0.069,0.046,1,PLAG1
0.214008764084626,-0.928542839953329,0.297,0.245,1,EPYC
0.214098589626229,-0.569592847775647,0.075,0.05,1,ARHGEF17
0.214393276227138,-0.314380451423569,0.644,0.685,1,KIAA1143
0.214459461245231,-0.971012317717682,0.033,0.017,1,LOC101929660
0.214479901711428,-0.380435634791431,0.014,0.004,1,CDH12
0.214479901711428,0.57634786416213,0.014,0.004,1,EXO1
0.214479901711428,0.337850708759024,0.014,0.004,1,MVB12B
0.214479901711428,0.580660214100949,0.014,0.004,1,PLAC8L1
0.214479901711428,0.418112207152734,0.014,0.004,1,RHBDL1
0.214479901711428,0.847652954246452,0.014,0.004,1,SIGLEC1
0.214479901711428,1.88367415800192,0.014,0.004,1,SUPT20HL1
0.214479901711428,1.26225031236283,0.014,0.004,1,TOB2P1
0.214480723551339,-0.327255267603334,0.193,0.154,1,RBM43
0.214834523023118,-0.461431210439205,0.326,0.27,1,CDC42SE2
0.214849017021812,1.38064767269889,0.018,0.033,1,SLAMF1
0.214871089890406,0.827688082477641,0.126,0.095,1,MGC72080
0.215085938978297,-0.813513283128048,0.126,0.091,1,LINC00936
0.215197384811025,0.52272482092136,0.059,0.037,1,DNAJC11
0.215243570692594,0.706911646913371,0.014,0.004,1,GGACT
0.215243570692594,-0.681135434281721,0.014,0.004,1,HLA-DRB6
0.215243570692594,0.646522450163136,0.014,0.004,1,LINC00893
0.215243570692594,-0.620890990741556,0.014,0.004,1,MTRNR2L3
0.215243570692594,0.503344179303545,0.014,0.004,1,SNORA44
0.215243570692594,0.954851822383353,0.014,0.004,1,ZNF19
0.215433712598625,-1.75989234931181,0.033,0.017,1,CTU1
0.215637985713594,1.14323352898074,0.134,0.104,1,MPV17L
0.215693991140031,0.549170648184476,0.354,0.324,1,MLLT1
0.215815728720863,0.282396795132677,0.468,0.432,1,ILKAP
0.215905080726363,1.31086871486338,0.018,0.033,1,KLK10
0.215922032195966,-0.541250421144891,0.033,0.017,1,DHRS13
0.216009196919076,0.907316972824132,0.014,0.004,1,ADAMTSL5
0.216009196919076,1.55919200387241,0.014,0.004,1,CYP19A1
0.216009196919076,-0.844070606343633,0.014,0.004,1,DCAF12L2
0.216009196919076,0.670638499197425,0.014,0.004,1,LOC101929295
0.216009196919076,0.579092046159451,0.014,0.004,1,TRIM46
0.21609405056389,-0.601778742380349,0.045,0.066,1,FAM212A
0.216145513322935,-0.728015145729935,0.086,0.058,1,LINC00884
0.216434512143209,-0.387603912489173,0.018,0.033,1,LOC101929057
0.216449659658728,0.457721048970089,0.46,0.411,1,KLF5
0.216776782132581,-0.649359543460273,0.014,0.004,1,CDH18
0.216776782132581,0.514362663545312,0.014,0.004,1,CSRNP3
0.216776782132581,-0.312637543274337,0.014,0.004,1,KIFC1
0.216776782132581,0.764558059905141,0.014,0.004,1,KRT23
0.216776782132581,0.342553889907936,0.014,0.004,1,MISP
0.216822320865059,0.259882032824177,0.273,0.237,1,RNF217
0.216885451473174,-0.288377991823969,0.204,0.162,1,SP4
0.216998666871478,0.567308712292169,0.084,0.058,1,ZNF484
0.217036070931512,0.56496701550056,0.049,0.029,1,GPR176
0.217075239410113,0.411621728905119,0.297,0.261,1,KLHL11
0.217326639496692,-0.257316738429687,0.155,0.116,1,ENKUR
0.217359802106631,0.926524807900561,0.026,0.012,1,AKR7L
0.217546328062533,0.725190836819047,0.014,0.004,1,ANKRD44-IT1
0.217546328062533,0.328545645111273,0.014,0.004,1,FLJ42351
0.217546328062533,0.694844643559663,0.014,0.004,1,GNG3
0.217546328062533,0.735575197856019,0.014,0.004,1,LOC101928295
0.217546328062533,0.305150607300605,0.014,0.004,1,MORN5
0.217546328062533,0.503053364530222,0.014,0.004,1,RPA4
0.217546328062533,0.439625168113674,0.014,0.004,1,SLC26A9
0.217546328062533,1.20268500215397,0.014,0.004,1,USP27X-AS1
0.217853184381417,0.685095730701809,0.253,0.224,1,DDHD2
0.217883280566323,-0.647216510257849,0.033,0.017,1,LINC01441
0.217907806869139,0.708393047409339,0.026,0.012,1,GLUD1P3
0.217993681006997,-0.789179044548989,0.073,0.1,1,TMEM63A
0.218157542017744,0.546308679808261,0.257,0.22,1,BACE1
0.21828669643535,0.693650477222271,0.198,0.166,1,TRAF3
0.218298171555128,0.354665906640219,0.365,0.307,1,PIGX
0.218316857837027,0.275453038019559,0.208,0.249,1,PAN2
0.218318026401476,-1.77733588492459,0.039,0.021,1,LINC00933
0.218613868735397,1.14774393199455,0.063,0.041,1,KPTN
0.218646288924314,0.522888396478093,0.358,0.311,1,MTURN
0.218655726115963,-0.308522389995526,0.216,0.17,1,DLAT
0.218830115436788,-0.551300726440109,0.157,0.191,1,ZNF91
0.218908525979773,-0.685028682114218,0.029,0.046,1,PHACTR1
0.21900679439621,0.963295814454982,0.026,0.012,1,NLRX1
0.219091308927764,-0.377307852212645,0.014,0.004,1,ADAMTS12
0.219091308927764,-0.640646638159378,0.014,0.004,1,ATG4D
0.219091308927764,-0.855416585845044,0.014,0.004,1,FENDRR
0.219223570183296,-0.270368992320883,0.175,0.137,1,WNK3
0.219270986476816,0.345041345148283,0.305,0.27,1,PCYT1A
0.219319123530518,0.306389138281979,0.147,0.116,1,LOC100129034
0.219362597793551,-1.26910933058997,0.033,0.017,1,SIGLEC8
0.219866747260017,-1.41302792998784,0.014,0.004,1,DNMT3B
0.219866747260017,-0.435512506275349,0.014,0.004,1,FANCA
0.219866747260017,0.381146695581949,0.014,0.004,1,LINC01144
0.219866747260017,-2.57160598367245,0.014,0.004,1,NHLH1
0.219866747260017,-1.10788186437584,0.014,0.004,1,SLC22A3
0.219866747260017,-0.697492015713146,0.014,0.004,1,TMEM220-AS1
0.219894768476333,0.80410911550229,0.043,0.025,1,ZNF808
0.219982135842836,0.263195859276512,0.216,0.174,1,HCG11
0.220119095667537,-0.512821214589003,0.198,0.232,1,TRIM58
0.220202459066949,-0.337876189368067,0.519,0.465,1,KLF9
0.220364736113696,-1.03521479213764,0.448,0.485,1,TRIM38
0.220849111882533,-0.26473788715303,0.033,0.017,1,IL12A
0.221047987674209,0.43498920275605,0.116,0.087,1,MAP2K7
0.221131519914834,-1.30456178077906,0.029,0.046,1,ZNF443
0.221216698462692,1.01187615753572,0.026,0.012,1,EFCAB6
0.2212214657524,-0.427115175143343,0.839,0.817,1,NOLC1
0.221332986305409,0.9580860107809,0.088,0.062,1,ETNK2
0.221343167896654,0.448596080747679,0.161,0.129,1,ZNF567
0.221349883511308,-1.20938182330051,0.039,0.058,1,LOC339874
0.2217022195003,0.300904423628287,0.112,0.083,1,LOC100287015
0.221752980471779,0.412433262412327,0.175,0.145,1,SETDB1
0.221782589866206,0.998421822570181,0.02,0.008,1,C19orf18
0.221962001034794,-0.661738251240919,0.069,0.046,1,RAB11FIP3
0.222327624603516,-0.663994643634166,0.026,0.012,1,TMPRSS3
0.222327624603516,0.78500124365924,0.026,0.012,1,TRPM3
0.22237865402705,-0.458926101282056,0.079,0.054,1,LOC101928844
0.222422905609238,0.524071056646544,0.02,0.008,1,HOXB-AS1
0.222426617627948,0.50176676187863,0.108,0.079,1,CLUH
0.222679549447584,1.4822875785377,0.053,0.033,1,GHET1
0.223064543878647,0.848611711097201,0.02,0.008,1,AQP11
0.223064543878647,0.422233577044821,0.02,0.008,1,CDCA8
0.223064543878647,1.95004637730803,0.02,0.008,1,HP09053
0.223064543878647,1.21555517227598,0.02,0.008,1,KLRG1
0.223197372194165,-0.452754130067418,0.1,0.071,1,CLIP4
0.223304833102181,1.45045595726121,0.077,0.054,1,ARAP3
0.223455269671123,-0.544851348851299,0.049,0.029,1,ANXA2P2
0.223707505567314,1.7103667346346,0.02,0.008,1,C9orf153
0.223759498528927,0.436170295442923,0.141,0.108,1,CYP7B1
0.223916575825786,-0.724848374025847,0.059,0.037,1,RPSAP52
0.224001494751725,0.637421522728246,0.026,0.012,1,LAMA1
0.224088030381649,0.350919662376151,0.403,0.369,1,TNKS2
0.224269336606681,0.323095380890905,0.2,0.166,1,CARD8-AS1
0.224561448716737,-0.364899740157871,0.026,0.012,1,GRHL3
0.224911422597938,-0.376076501967085,0.132,0.1,1,MAPK7
0.224997402745252,0.649663276342273,0.02,0.008,1,PRNCR1
0.225067749429081,1.64581819810352,0.102,0.075,1,ANPEP
0.225122402268528,1.09303460277149,0.026,0.012,1,HIST1H3D
0.22551248821361,0.835721975982669,0.043,0.025,1,PBLD
0.22560655354617,0.277960059858223,0.468,0.419,1,KANSL3
0.225684355979556,-0.508209459087897,0.026,0.012,1,LOC100288637
0.225764975266634,-0.370543908124679,0.44,0.49,1,C15orf40
0.225776430759572,0.267725608115857,0.308,0.27,1,OSBPL6
0.225843057935498,0.449302699491304,0.106,0.079,1,SEPP1
0.226013327852989,0.456174532052418,0.157,0.124,1,ECI1
0.226098664021038,0.811068986766202,0.163,0.133,1,TLCD2
0.226149921151936,-0.528999769913787,0.065,0.041,1,ANKS6
0.226292604171045,0.470705627595023,0.02,0.008,1,TTC21A
0.226385767788072,0.862116899582392,0.043,0.025,1,LOC145474
0.226519994227385,-0.604394172448255,0.151,0.183,1,BMP8A
0.226565367615665,-0.260743452171523,0.397,0.328,1,MR1
0.226691250341315,0.291402755302097,0.312,0.27,1,FAM13A
0.226710360614467,0.289222776922692,0.157,0.124,1,ALOX12P2
0.226942196147804,0.615983602688949,0.02,0.008,1,SPAG6
0.226942196147804,-0.523187981309826,0.02,0.008,1,ZDHHC8P1
0.227165531330992,-0.522314516875195,0.084,0.058,1,KIF14
0.227419576509395,0.433581428290181,0.069,0.046,1,MAATS1
0.227593116779985,0.620214161745086,0.02,0.008,1,BIN3-IT1
0.227593116779985,0.639242882398302,0.02,0.008,1,LOC101928471
0.227593116779985,0.305825549268061,0.02,0.008,1,ZNF784
0.227599899428749,-0.380796281771557,0.179,0.141,1,ZNF263
0.227638548393818,0.278429629319932,0.377,0.336,1,ADSSL1
0.227920472278319,0.316143557270186,0.523,0.473,1,TAC1
0.227942183749621,-1.02960423690609,0.026,0.012,1,CEACAM1
0.227942183749621,-1.18072376629453,0.026,0.012,1,LRRK2
0.22800750594715,-0.41543423085809,0.251,0.195,1,FBXO17
0.228034901488741,-0.478048653376608,0.151,0.112,1,GGA1
0.228040315451772,0.693646886418273,0.13,0.1,1,CRIPAK
0.228245366919915,0.473314307029702,0.02,0.008,1,LRRC39
0.228407144683952,0.40675437271696,0.067,0.046,1,LINC01560
0.228509146727985,-0.264898976548122,0.026,0.012,1,MARVELD2
0.228579515315022,0.348996897804077,0.043,0.025,1,EPHB2
0.228615984057952,0.436075859326707,0.088,0.062,1,HOXC8
0.228630954841402,0.288869206106206,0.106,0.079,1,TSC22D1-AS1
0.228705866579002,0.347581019763959,0.173,0.141,1,ZNF546
0.22889894741405,-0.921224268157827,0.02,0.008,1,TENM4
0.229023117056902,-0.937497725937715,0.059,0.083,1,LOC101927780
0.229033324701329,0.813222681981848,0.118,0.091,1,SDHAP1
0.229278193316933,0.792845345345839,0.049,0.071,1,IFIT2
0.229341581213181,0.732989364122312,0.12,0.091,1,ADCK4
0.229371281198145,-1.00705224153505,0.057,0.079,1,CCDC69
0.229553859102952,-0.731744313755975,0.02,0.008,1,CXorf36
0.229553859102952,1.03138986934202,0.02,0.008,1,NR2F1-AS1
0.229646083807144,-0.395243247970281,0.026,0.012,1,SAMD13
0.229777557943195,-1.14404897432043,0.077,0.054,1,SRSF9
0.229805308143618,1.29509936173835,0.067,0.046,1,GKAP1
0.230082477477242,0.378071681676612,0.717,0.664,1,MKLN1
0.230136354827632,-1.00098821192836,0.102,0.129,1,LINC00260
0.230210102821279,-0.849187104974041,0.02,0.008,1,PTPRD-AS2
0.230315409539284,0.84865924881466,0.106,0.079,1,RNF166
0.230469705357017,-0.33060344619085,0.039,0.058,1,LOC100506730
0.230924882147934,0.352335537015088,0.866,0.809,1,LOX
0.230935276900126,0.950394826518232,0.122,0.095,1,ZNF565
0.231040768134445,0.490755570817302,0.177,0.145,1,FBXO42
0.231075829995648,-1.69377906078648,0.114,0.083,1,IL17B
0.231080200581521,0.447697906556433,0.204,0.17,1,DUS1L
0.231359025419121,-1.01660614910118,0.026,0.012,1,PRDM16
0.231442395963816,-0.474375406442787,0.153,0.187,1,ZNF557
0.231688534621697,-1.19748330887926,0.033,0.05,1,RNF222
0.231714092844132,-1.18750442291322,0.022,0.037,1,OR7E156P
0.231763121603701,0.269700046756785,0.204,0.166,1,LOC441081
0.23201408414033,-0.356361914613802,0.389,0.419,1,PLEKHB1
0.232027152155873,-2.13701894692136,0.029,0.046,1,CYSRT1
0.232067097286282,0.663964241918029,0.092,0.066,1,HOXB2
0.232186834410314,-0.771460058296784,0.02,0.008,1,ST13P4
0.232360151085615,0.345948894291674,0.169,0.137,1,RIPPLY2
0.232429200330571,0.551697971239159,0.073,0.05,1,MAB21L2
0.232583241139783,0.410557111691192,0.462,0.44,1,GALNT7
0.232783151156389,0.80227388013055,0.428,0.394,1,MT1H
0.232848414474031,-0.799771349168231,0.02,0.008,1,LINC00173
0.232932684820546,-0.555175556476604,0.171,0.133,1,GNG7
0.233017752443413,2.01172337988331,0.037,0.021,1,SLFN12
0.233113046788471,-0.385488003222078,0.234,0.187,1,LINC00888
0.233325683678832,-0.915258735820836,0.191,0.22,1,DNAAF2
0.2334650387143,-0.295887463294761,0.46,0.394,1,DUSP12
0.233703311554105,0.536430132139853,0.053,0.033,1,LOC101927204
0.233983405894321,-0.279466032055477,0.079,0.054,1,LOC105747689
0.234024284524793,-0.929306378288159,0.059,0.037,1,SCAMP5
0.23439992323002,0.32992852909751,0.236,0.199,1,AMPD3
0.234505270922393,0.551570358703573,0.053,0.033,1,ADHFE1
0.234634120061862,-1.0496027872599,0.34,0.373,1,BCYRN1
0.234668267284918,-0.516306526427208,0.136,0.104,1,BDH1
0.234796460786394,0.527849992471713,0.098,0.071,1,PPM1F
0.234813821508544,0.567638188763133,0.102,0.075,1,TENM3
0.234906980767464,0.507521671719554,0.053,0.033,1,FAM196A
0.235043131134043,-0.445638017978723,0.324,0.361,1,PLSCR4
0.235084735172945,0.457957816198394,0.094,0.066,1,PIEZO2
0.235171126635163,0.328459176801212,0.538,0.519,1,PBXIP1
0.23520166704456,-1.4139165856034,0.033,0.05,1,SOX7
0.235231942723045,1.30597882021537,0.108,0.079,1,ZFP30
0.235275658268155,-1.46232286875543,0.029,0.046,1,ALKBH3-AS1
0.23530923914437,0.442566729291586,0.167,0.133,1,IRF2BP1
0.235428841275985,-0.318184442684418,0.283,0.228,1,COMMD9
0.23543972351376,-0.295144264920477,0.232,0.191,1,DPP9
0.235701103141001,-0.440278676101126,0.043,0.025,1,VWA2
0.235851796772377,-0.357443883712874,0.063,0.041,1,LINC00665
0.235852209974755,-1.75210471684868,0.022,0.037,1,PHF7
0.236209687849166,-0.262360170226851,0.029,0.046,1,EVC
0.236260483931095,0.82415620613288,0.208,0.178,1,TOR4A
0.236263241834266,-1.25891591417746,0.1,0.124,1,ARHGAP5-AS1
0.236518691896881,0.44816135092327,0.053,0.033,1,VPS18
0.23693991816001,0.572765088506478,0.108,0.079,1,EGFL7
0.23704194094487,-0.774452363050095,0.124,0.091,1,PREX2
0.237212942872354,0.458775353808119,0.242,0.207,1,PRR14L
0.237327472891426,-0.890429794633498,0.053,0.033,1,GINS4
0.237330528402456,-0.329429203083928,0.063,0.041,1,ABHD8
0.237477772691993,0.581890852404393,0.136,0.104,1,FAM198B
0.237982352621372,-0.412950611792253,0.108,0.137,1,THTPA
0.238033592247151,0.468861816460176,0.295,0.257,1,IGF1R
0.238200302832293,-0.8412724312673,0.132,0.1,1,HOXD1
0.238247415463391,0.428419330481987,0.261,0.207,1,MMP13
0.238248108640045,-0.765602557619453,0.116,0.145,1,ALCAM
0.238287621546953,-2.23296350072037,0.043,0.062,1,FAM90A1
0.238442213008465,-0.838272033258705,0.094,0.066,1,FBXL17
0.238549749909505,-0.775047012368352,0.774,0.734,1,AMTN
0.23863486120709,-0.617842190419832,0.104,0.075,1,SH3BP4
0.238646364114507,-0.337405092899312,0.346,0.402,1,SPAG4
0.238944756567179,0.289423031194562,0.277,0.241,1,WRNIP1
0.239004523086228,-0.478437651126494,0.446,0.473,1,BEX2
0.239790784573121,-0.423229729341043,0.652,0.668,1,PIGP
0.239934046878981,-0.28148001079095,0.063,0.041,1,PAQR7
0.239934281904025,0.344390773452071,0.301,0.266,1,SLC17A5
0.240042339210506,-1.51693468627473,0.022,0.037,1,POLN
0.240110411748733,-1.09855914059919,0.01,0.021,1,PCAT18
0.240307615241634,-0.634922489087732,0.063,0.041,1,XYLB
0.240322776336145,-0.273747513621548,0.837,0.838,1,PSENEN
0.240355443658986,0.399366787989815,0.092,0.066,1,SHB
0.240440123960522,-0.414666711571887,0.336,0.278,1,TTI2
0.240808649639265,-0.40390471575141,0.393,0.423,1,FRY
0.240851581468962,-2.11450914318238,0.01,0.021,1,SMAD5-AS1
0.240940931120182,0.618529964187923,0.145,0.116,1,DEXI
0.241353949454609,-2.58077580161333,0.016,0.029,1,IFIH1
0.241400685465301,0.393801869310138,0.053,0.033,1,COL8A1
0.241437367021233,-0.455944516136728,0.295,0.32,1,JPX
0.241601908536917,-0.632846918833701,0.043,0.025,1,LOC101927666
0.241675066252513,0.978637316577774,0.124,0.095,1,PRR11
0.241743557578344,0.771141641951903,0.136,0.108,1,MICU3
0.241963286700475,-2.29135943365372,0.016,0.029,1,OGFR-AS1
0.241982656569484,-0.25047739036715,0.745,0.759,1,DHRS7
0.242062879956739,-0.267824788464652,0.216,0.174,1,NCOA6
0.242121724720144,-0.710309977380642,0.147,0.174,1,HSD17B14
0.242181604429082,1.286291714874,0.049,0.071,1,PLEK
0.242338751488123,-1.9785387837789,0.01,0.021,1,LOC100289561
0.242338751488123,-1.10424037725053,0.01,0.021,1,RASSF6
0.24234067481948,-0.946346797247792,0.033,0.05,1,CDC7
0.24277914955978,-0.853830427595307,0.118,0.145,1,FAM41C
0.242791869536147,-1.85488659207957,0.033,0.05,1,DISC1
0.243081915770998,-1.79587488722429,0.151,0.116,1,KIAA1324
0.243084753676603,-2.43585702019595,0.01,0.021,1,DTX4
0.243084753676603,-1.58231406041857,0.01,0.021,1,PLIN1
0.243219179336245,-0.59889537327211,0.022,0.037,1,MBNL3
0.243322823788941,-0.325774030243083,0.155,0.12,1,HACD1
0.243392053822908,0.991613060809994,0.067,0.046,1,CAPN3
0.243684505878489,-0.423405499470804,0.179,0.212,1,POLR3H
0.243688179915872,0.329246528519552,0.063,0.041,1,RNVU1-19
0.243832368562386,-1.15385810083425,0.01,0.021,1,FOXD4L5
0.24384361571067,0.289682070615242,0.124,0.095,1,ATAD3A
0.244145542748567,0.341542252640783,0.305,0.261,1,ARFGAP1
0.244281058631139,-0.307579841080228,0.053,0.033,1,STAM-AS1
0.244411456816402,-1.01727861443718,0.016,0.029,1,CCNJL
0.244581597067713,-2.11515785818765,0.01,0.021,1,LOC654841
0.244581597067713,-1.79088075718236,0.01,0.021,1,PRCD
0.244581597067713,-1.65617318307233,0.01,0.021,1,PTPRO
0.244795986390256,-0.680214028246068,0.037,0.021,1,IFNE
0.244821985480962,-1.16234019466363,0.043,0.025,1,BCL2L15
0.245026207173582,-0.834519235491266,0.016,0.029,1,CKM
0.245074396994683,-0.490216541182319,0.283,0.32,1,SLC44A3
0.245442421134803,-1.44602244902091,0.065,0.087,1,CTC-338M12.4
0.245489492933954,-0.863550915300322,0.126,0.154,1,RFPL1S
0.245560021125657,0.67114977741671,0.289,0.257,1,DENND4A
0.24556736069464,-0.612206984684606,0.073,0.05,1,IL12RB1
0.245642041665787,-3.12117864288205,0.016,0.029,1,CPNE5
0.245771505180708,-0.541862075167893,0.053,0.075,1,LINC01013
0.246025717909757,-0.74125502734342,0.079,0.104,1,MIF4GD
0.246069254892193,-0.452470400832293,0.059,0.083,1,NUDT6
0.246081431389175,0.255102540577334,0.477,0.444,1,GSKIP
0.246258960787716,-1.86865394953248,0.016,0.029,1,SLC29A2
0.246297134684595,0.809028211054445,0.037,0.021,1,ROCK1P1
0.246748791236188,-0.46742822324371,0.145,0.112,1,ZFYVE19
0.246800546945285,-0.396031516811722,0.143,0.108,1,PTGER3
0.24683897338719,-1.58217371483064,0.01,0.021,1,MAMDC2-AS1
0.246920864882109,-0.26106647298262,0.104,0.075,1,ABHD17C
0.246937989941568,0.298267385418371,0.42,0.386,1,FBXL20
0.24714642874804,-0.344393948995676,0.275,0.311,1,FLJ32255
0.247185477903269,-0.64067839931353,0.053,0.033,1,EIF2B5-AS1
0.247198193443587,0.971352232457471,0.057,0.037,1,TRAM2-AS1
0.247496054878946,-1.52133632570811,0.016,0.029,1,LRRN3
0.247496054878946,-1.43800491388082,0.016,0.029,1,RSPH1
0.247500763731074,-0.924982628326684,0.022,0.037,1,BRI3BP
0.247578643025104,-1.3939115251872,0.075,0.1,1,MIPEP
0.247594665411335,-1.48611427333975,0.01,0.021,1,LOC100506022
0.247594665411335,-0.363147054732663,0.01,0.021,1,LOC102724814
0.247594665411335,-1.2780722480944,0.01,0.021,1,MYH15
0.247594665411335,-1.21844732791455,0.01,0.021,1,PCDHB7
0.247598656686563,0.616913568773142,0.057,0.037,1,ZBTB46
0.247749652090411,0.395090877015289,0.143,0.112,1,PPM1M
0.247810792976514,0.490082123738317,0.116,0.087,1,IQCH-AS1
0.247878070709099,0.399738896093947,0.324,0.282,1,WDR18
0.248020698484041,0.319670615220154,0.318,0.274,1,CLN8
0.24830868465953,0.912874755417596,0.037,0.021,1,NDC80
0.24830868465953,0.775063525580148,0.037,0.021,1,TSNARE1
0.248351975529656,-1.00961304165093,0.01,0.021,1,NDST3
0.248507880907896,-0.559065092801564,0.084,0.058,1,LMNTD1
0.248682125585696,0.813068271050058,0.086,0.062,1,ERAP2
0.248685740780304,0.54031292518809,0.151,0.12,1,ZMIZ1-AS1
0.248737493322343,-1.0725259201376,0.016,0.029,1,GOLGA8K
0.248813362970351,0.305139767523006,0.037,0.021,1,LARGE-AS1
0.249092985871677,-0.304388843601735,0.053,0.075,1,PAQR8
0.249110904609564,-0.99265942617498,0.01,0.021,1,LBHD1
0.249202859791183,0.319806036935622,0.34,0.311,1,SUCLG2
0.249448728759461,-1.00397191230993,0.12,0.087,1,AGMAT
0.249475378750182,-0.262978253616399,0.336,0.274,1,STAT5B
0.249607784502657,1.17269070164439,0.057,0.037,1,CLDN1
0.249871453509233,-1.03604554731376,0.01,0.021,1,KCNH1
0.250203399840886,-0.917075777201148,0.022,0.037,1,SNAR-E
0.250578897862908,1.01079912979014,0.047,0.029,1,SLC4A4
0.250607804961048,-1.28575593951035,0.016,0.029,1,LOC157273
0.250621429181922,0.428527032843884,0.106,0.079,1,TRNP1
0.250771091025002,-1.49541814334907,0.09,0.116,1,CHST2
0.250827525646124,-0.701870187975516,0.159,0.12,1,PLEKHM1P
0.250839247081832,-0.58377060772312,0.037,0.021,1,ZNF768
0.250918703283234,-0.381883364369306,0.589,0.614,1,RSBN1
0.25092029674405,-0.375677187302699,0.106,0.079,1,LINC00341
0.251077854774853,0.304842396000754,0.507,0.477,1,CPAMD8
0.251103003354967,0.301949101353928,0.224,0.187,1,HERC3
0.251223268309042,0.831164404584258,0.057,0.037,1,CCNA1
0.251397414154177,-0.753353520175801,0.01,0.021,1,FAM65C
0.251397414154177,-1.44847576867903,0.01,0.021,1,ZGLP1
0.251444400435031,0.505039959452068,0.291,0.253,1,TBX18
0.25168130283261,0.66325617384983,0.114,0.087,1,TCAIM
0.251812232331969,-0.950165301709973,0.071,0.095,1,CD4
0.251918950977946,-0.316445405283194,0.424,0.369,1,C17orf85
0.252145491933997,1.20214688054989,0.031,0.017,1,METAP1D
0.252149753042267,0.496909628049739,0.312,0.278,1,MRPL30
0.252220573493205,-0.683155288829833,0.053,0.033,1,DNMBP-AS1
0.252417070879915,0.393633954672245,0.367,0.34,1,PON2
0.252501549281817,-0.95432661183859,0.11,0.137,1,C1QTNF1
0.252549049310484,-0.362082895596623,0.13,0.1,1,MED9
0.253017596799453,-0.4823834994269,0.305,0.336,1,DLGAP1-AS2
0.253288432476399,-0.821667193159191,0.405,0.423,1,TMEM176B
0.25369852468974,-0.269748727131169,0.01,0.021,1,MASP1
0.253798088173365,-0.616741448968782,0.033,0.05,1,LOC728743
0.25399514256874,-0.941334487445138,0.057,0.079,1,GATA3
0.254017983091611,-1.0829545406835,0.084,0.108,1,AOX1
0.254272630565996,0.547737749821924,0.2,0.166,1,CYS1
0.2543311761277,0.585312852829227,0.261,0.224,1,KANK2
0.254377828227414,-0.713169501476405,0.016,0.029,1,ACTR3C
0.254422150295432,-0.584965848352739,0.128,0.158,1,EFCAB1
0.254620400251689,-1.13123329052128,0.047,0.029,1,MTSS1L
0.254799162142452,0.491954369542251,0.081,0.058,1,C12orf71
0.254952818226464,1.59391615546413,0.031,0.017,1,KCNJ12
0.25500998178439,-0.741055057917848,0.016,0.029,1,PRKRIP1
0.255240720893471,0.477514842928965,0.01,0.021,1,STXBP2
0.255394260632556,-0.957277533822412,0.055,0.075,1,GABRA2
0.255587472636165,-0.374098277896676,0.077,0.054,1,LAIR1
0.256056047194001,0.687919993501572,0.096,0.071,1,WDPCP
0.256113437450368,0.259518052741459,0.057,0.037,1,THSD7A
0.256193938748085,-0.407828503299242,0.232,0.187,1,RNF170
0.256317487101494,-0.321047991824026,0.189,0.154,1,CYSLTR1
0.256370498853042,0.317123731685445,0.141,0.112,1,PRPF19
0.256626666827368,0.252706857610303,0.114,0.087,1,TMEM260
0.256710708278637,-1.51443533085226,0.051,0.071,1,IL1RL2
0.257318697146152,0.295643826931725,0.346,0.311,1,MSRB1
0.257515465682923,0.805549249380236,0.234,0.203,1,KIF1A
0.257577510710334,0.33222005030914,0.346,0.303,1,DUSP18
0.257579906527225,-0.507060313416639,0.218,0.249,1,PCSK7
0.257634528059374,-0.299954971956958,0.503,0.423,1,CTNNBL1
0.257758091695692,-0.807047179795207,0.057,0.037,1,MPP2
0.258187196897564,-0.557476812844393,0.281,0.232,1,ING5
0.258218432699758,-0.470052834580029,0.279,0.232,1,C5orf42
0.258230958347815,0.443150439632373,0.143,0.112,1,SCAMP1-AS1
0.258350206676364,1.91107511966781,0.031,0.017,1,ZNF70
0.258394547592995,0.499198891092499,0.071,0.05,1,ABHD6
0.258500783339715,0.527526785853018,0.149,0.12,1,DIAPH2
0.25865173281879,-0.31250991733038,0.246,0.199,1,DMAP1
0.258968691051611,0.345501674166331,0.189,0.158,1,BBS5
0.259443871106033,-0.318518827996875,0.136,0.104,1,RBBP9
0.259795708188891,0.298507540166964,0.55,0.519,1,EVI2A
0.259858823676791,0.877155412105396,0.051,0.033,1,TFR2
0.259882806822505,-0.934954484267464,0.285,0.303,1,DIRAS3
0.259967284593754,0.924198511258562,0.281,0.237,1,CLDN4
0.259976057315393,-0.252265613916173,0.155,0.12,1,TUBG1
0.260022902019121,0.615394400368988,0.155,0.191,1,ARL4C
0.260060618371066,0.897501073398219,0.031,0.017,1,LOC101928674
0.26006937248916,-0.478254343519076,0.287,0.324,1,LOC102724050
0.260210339283034,-1.30626610169109,0.051,0.071,1,ZNF613
0.260227035630471,0.880186613623736,0.175,0.145,1,SYT8
0.260529290807248,0.251163888955803,0.281,0.241,1,ACO1
0.260536626291937,-0.273989000140868,0.187,0.145,1,MLST8
0.260645758545356,0.460887643893887,0.141,0.112,1,CPSF4
0.260653833186016,-0.630154140703969,0.057,0.037,1,BREA2
0.260665298459509,0.634312121022401,0.094,0.071,1,ZNF880
0.261085326895242,-1.31377049199979,0.261,0.286,1,SERPINF1
0.261205237891539,1.23998655687517,0.031,0.017,1,CHAF1A
0.261350583146265,-0.377188839295109,0.147,0.112,1,ZNF25
0.261778852004051,0.374716990970073,0.031,0.017,1,LINC01224
0.261830007212994,-0.253662128125476,0.782,0.788,1,C9orf16
0.262060074170203,0.50353958167256,0.086,0.062,1,CLEC7A
0.26235333604947,0.767031966526643,0.031,0.017,1,LIPC
0.262410956898689,-0.413693974530147,0.043,0.062,1,STEAP1B
0.263049850582617,0.830113028580664,0.13,0.104,1,C4orf46
0.263214346147103,-0.275036284594969,0.196,0.158,1,GADD45G
0.263370393233986,-0.56487127230968,0.418,0.365,1,C12orf75
0.263373550459178,-0.354582541008607,0.668,0.68,1,UXS1
0.263441193068426,0.442682337466262,0.104,0.079,1,MIER2
0.263766636197869,0.298536391010846,0.086,0.062,1,FOXRED2
0.263858751067045,0.282412618180796,0.175,0.141,1,PHF6
0.263909535720534,-0.895447569823006,0.061,0.083,1,OSMR-AS1
0.26391482355586,-1.27564014626357,0.037,0.054,1,DUS2
0.263998022118932,-1.44944450215184,0.175,0.133,1,ALPL
0.264013186417999,0.408689454457466,0.191,0.162,1,FBXL12
0.26408201047026,0.43258175770197,0.031,0.017,1,LINC01433
0.264132718037965,0.377958658316117,0.11,0.083,1,BEND3
0.264162864599237,0.358072094827706,0.183,0.149,1,CD274
0.264173229996846,-0.413867494955809,0.287,0.324,1,IL17RB
0.264368687566006,-0.269609456583022,0.456,0.49,1,PMVK
0.264780812412478,0.40687626543904,0.177,0.145,1,AGPS
0.26481512280968,0.612214863601375,0.026,0.041,1,CD163
0.264868202086531,0.335763074663041,0.532,0.494,1,SRXN1
0.264939396601082,1.2740618548486,0.061,0.041,1,NTF3
0.265029456859665,-0.999788120744517,0.108,0.133,1,NPHP4
0.265065520040113,-0.394295893351364,0.153,0.12,1,PAMR1
0.265098008749006,-0.610400542127521,0.216,0.245,1,WDR54
0.265248376575438,-0.514035340700249,0.106,0.079,1,ACTR3B
0.265427117065344,-0.533474672783587,0.301,0.241,1,AP5M1
0.265461789230729,0.552192319033686,0.118,0.091,1,BRF2
0.265463604412089,-0.868592017418666,0.151,0.116,1,PRKAR2A-AS1
0.266083882892094,-0.481231580656506,0.047,0.029,1,EN2
0.266083882892094,-0.645107463138605,0.047,0.029,1,OR51E2
0.266220021676462,0.824228754945289,0.071,0.05,1,BLM
0.266220021676462,-0.780036655536253,0.071,0.05,1,WASH1
0.266525712371077,-0.936156066497667,0.151,0.116,1,ISG15
0.266982739118059,0.313681233199387,0.13,0.104,1,STRBP
0.267336260151055,0.38772256293973,0.128,0.1,1,ICAM4
0.267562883088628,-0.270396492214756,0.031,0.017,1,DOPEY2
0.267687961214427,0.470373029078284,0.081,0.058,1,RCBTB1
0.26788741567821,-0.330699015830742,0.36,0.39,1,MRPS27
0.26820309264629,-0.553448952554025,0.057,0.037,1,C16orf70
0.268419529576557,-0.372932736880672,0.515,0.544,1,RERG
0.269016484940701,0.482230783171078,0.263,0.228,1,DIP2A
0.269315094893873,-0.323057939088289,0.031,0.017,1,ENO3
0.269590795501592,-0.369323036587923,0.026,0.041,1,C19orf38
0.269628435292408,0.268248153370604,0.173,0.137,1,FDPSP2
0.269696262526225,-1.01808627320657,0.212,0.245,1,CLEC2D
0.270003195387319,0.300532948821786,0.071,0.05,1,ADAMTS3
0.270125050599616,-3.1907191439028,0.026,0.041,1,TNN
0.270487601831799,-0.511716550150162,0.031,0.017,1,RHCE
0.270526567419937,-0.957130029855768,0.202,0.232,1,TRAPPC2B
0.270660031317063,-0.945633029476534,0.026,0.041,1,HFM1
0.270821463851331,-0.305243646087737,0.682,0.685,1,A2M
0.270914530538709,-0.251121615494931,0.165,0.133,1,PLAGL2
0.270958104012594,0.548372595035184,0.051,0.033,1,POLR3G
0.271157417285525,-0.552724402353282,0.191,0.228,1,DYRK2
0.271175357871203,-0.347436705410618,0.173,0.207,1,ZNF333
0.271437336777222,0.290597327604153,0.597,0.568,1,NFKB1
0.271593198676701,1.5750812080792,0.079,0.058,1,SIM2
0.271606071808967,-0.578285241351488,0.057,0.037,1,ACAD10
0.271875150311796,-0.328001653832314,0.12,0.149,1,ZNF354A
0.271909799876464,0.731259224145389,0.165,0.137,1,TBC1D8
0.272316558694034,0.481148039479848,0.212,0.178,1,TRABD2B
0.272329552740658,-0.797976859760162,0.181,0.141,1,FOCAD
0.272410390688368,-0.485456337518168,0.377,0.328,1,MTFMT
0.272656347634267,-0.418622226915478,0.047,0.029,1,POU2F3
0.272978580064639,0.262479141880359,0.191,0.158,1,TRIM5
0.273145105441065,-0.382585743093646,0.147,0.178,1,BTBD3
0.273153030789089,0.478117840960932,0.09,0.066,1,KCNMB3
0.273434162712572,-0.375920137309304,0.031,0.017,1,CORIN
0.273523115917292,-0.49527346597583,0.102,0.075,1,FKBPL
0.273624268286367,0.362857718254841,0.202,0.17,1,IPO8
0.273747887163423,-0.766981185365408,0.057,0.037,1,ITGB7
0.273818876406277,1.53740670435479,0.024,0.012,1,TEPP
0.273818876406277,0.951747681153931,0.024,0.012,1,ZNF774
0.274408873487165,-0.544983857581802,0.334,0.369,1,HSPB2
0.274787477302578,-1.11244590202269,0.204,0.232,1,ALS2
0.274810950304984,0.636316597903857,0.104,0.079,1,POMC
0.274966019826743,0.472591993867496,0.026,0.041,1,CDH15
0.275038503035829,-0.698300533824204,0.057,0.037,1,ZBTB7B
0.275150115654397,1.62465072142535,0.024,0.012,1,LINC01504
0.275202296438002,0.482362484583592,0.409,0.382,1,FNTA
0.275212961637727,-0.447704136945365,0.218,0.249,1,RABGGTA
0.275507538714156,-1.10195730439538,0.026,0.041,1,LOC102724434
0.275732987232082,-0.700305119801437,0.069,0.091,1,RAD54L
0.275899936630747,-0.62154232005192,0.312,0.34,1,ANKRD35
0.276027722009307,-0.312645977334298,0.303,0.253,1,GINS3
0.27630618889162,-0.51926354771488,0.041,0.025,1,LINC00923
0.27640259351527,-0.548799199432441,0.031,0.017,1,NRG4
0.276619570434652,0.424524865417435,0.065,0.046,1,TDRD9
0.276932439378328,-0.470048898652579,0.181,0.145,1,LOC105377348
0.276972341044506,0.29381358246351,0.161,0.129,1,KDM2B
0.277035140140788,0.825261896923162,0.075,0.054,1,FOLR1
0.277155245995396,0.926505175303773,0.024,0.012,1,HPSE2
0.277155245995396,0.678280945128602,0.024,0.012,1,PRRT2
0.277198747556985,-0.776994863283006,0.057,0.037,1,ARRB2
0.277330938849779,0.559732382119621,0.041,0.025,1,GATM
0.277330938849779,0.513676910659933,0.041,0.025,1,OVGP1
0.277330938849779,0.849291362351784,0.041,0.025,1,ZNF81
0.277680888505939,-0.664023076827438,0.026,0.041,1,TDRKH
0.277768210191473,-0.283422010576972,0.379,0.32,1,HNRNPLL
0.277771449857912,0.463971936507669,0.051,0.033,1,RBP7
0.277818616282087,-0.81384091442912,0.092,0.116,1,IFFO2
0.277825829647266,-0.440674839403268,0.024,0.012,1,FLJ44635
0.277897731237535,-0.699060913581068,0.047,0.029,1,PCAT19
0.278085000441384,-1.03604746142423,0.077,0.054,1,PMEL
0.278257691022029,0.708001569913743,0.116,0.091,1,ZFP37
0.278480802430736,-1.04307246945124,0.055,0.075,1,PGBD2
0.278550795630957,0.621425167136498,0.532,0.49,1,IL1RL1
0.278615512859246,-2.42223983400399,0.031,0.046,1,ZKSCAN7
0.278771930057426,0.973077790886362,0.026,0.041,1,LRG1
0.278775840675072,-0.790373295263227,0.037,0.054,1,RNF128
0.278949983508914,-0.282989902235397,0.411,0.344,1,WDR60
0.279170308922839,0.608781353913122,0.024,0.012,1,DNAJC9-AS1
0.279318543010609,-0.481942159280365,0.026,0.041,1,ACP5
0.279329007453835,-0.361771681446165,0.281,0.232,1,ALDH7A1
0.279339027426403,-0.973213667775113,0.047,0.029,1,NCAPH
0.279726454994633,1.28228015514282,0.238,0.203,1,PENK
0.27984420508521,0.988408685003137,0.024,0.012,1,LINC00309
0.27984420508521,0.686285057220665,0.024,0.012,1,PKD1L3
0.279914583572365,0.326502540942086,0.132,0.104,1,PARP4
0.280155956644217,0.255077342794986,0.994,0.988,1,TIMP3
0.280197688039555,0.352497822266959,0.037,0.054,1,ARHGAP11A
0.280342830772918,0.279451166085635,0.269,0.232,1,GEMIN5
0.280420708130517,-1.65402132331435,0.041,0.025,1,ADAMTS13
0.280595187246416,-1.17565177198507,0.031,0.017,1,HIST1H2BN
0.280718390814983,0.617490693705563,0.23,0.203,1,AKTIP
0.280781750869162,-0.431331897344709,0.381,0.324,1,IL6R
0.280901441227376,-0.27141773877111,0.185,0.22,1,USP36
0.280936494235454,-0.37150454835937,0.527,0.544,1,CLK3
0.280962752280219,1.48710925516751,0.026,0.041,1,CXCL1
0.281195311771005,-0.719159638945995,0.024,0.012,1,MS4A10
0.281222641636654,1.34071784124643,0.13,0.108,1,KCNC4
0.281228896147685,0.606591913407129,0.147,0.116,1,KLHDC1
0.281268649369523,-0.881201106371099,0.047,0.029,1,C1orf101
0.281357250342216,-0.777139396252403,0.081,0.104,1,INVS
0.28162445423401,-0.552378112400986,0.037,0.054,1,KYNU
0.281683687904099,-0.291705951378572,0.096,0.071,1,TPCN2
0.281872522805229,1.48934008932544,0.024,0.012,1,KLHL31
0.281872522805229,-0.629082286641144,0.024,0.012,1,LINC00508
0.282010808632707,-0.678310277421132,0.116,0.087,1,SOGA1
0.282018586621008,-0.968929048186554,0.059,0.079,1,ZNF823
0.282500517434511,0.255902952003666,0.09,0.066,1,SAP30L-AS1
0.282768299713833,0.542884426971862,0.236,0.261,1,CCL4
0.282797611504766,0.639011991708058,0.055,0.037,1,RALGAPA2
0.282904180302187,-1.34301335837504,0.02,0.033,1,PACRG
0.283383848998259,-0.459741587802656,0.096,0.071,1,ZNF398
0.283533776341608,-1.86628662586132,0.041,0.025,1,MEG9
0.283778757675614,0.280719396061053,0.149,0.12,1,MED26
0.283794251139993,-1.52199297351918,0.031,0.046,1,NEURL1
0.284027790656047,1.04494115350019,0.069,0.05,1,TLN2
0.284149085392521,-0.568287907659687,0.02,0.033,1,NLRP3
0.284387034774632,0.260193745746462,0.464,0.419,1,LEPR
0.284592423959011,-0.504310783384868,0.024,0.012,1,C10orf126
0.284592423959011,-0.429422747568862,0.024,0.012,1,RPL23AP32
0.284592423959011,0.729286427845436,0.024,0.012,1,ZNF619
0.284860590956066,-0.733248019607422,0.061,0.041,1,LOC101927811
0.285275164685105,-0.636126590478361,0.024,0.012,1,LAMP3
0.285397693265173,-1.79170207979993,0.02,0.033,1,DNA2
0.285580786540401,-0.457154102374439,0.061,0.083,1,ZNF347
0.285633166473008,-0.319931276062645,0.051,0.033,1,FOXL2NB
0.28576826431484,-0.848137066566277,0.041,0.058,1,PPP1R1B
0.285883881792189,-1.32442949658365,0.031,0.046,1,TDRD6
0.285959012043166,-0.386309213265153,0.024,0.012,1,LOC101928266
0.28602338617947,-1.05602411327576,0.02,0.033,1,FAM19A2
0.286343864730333,1.63297065922973,0.033,0.05,1,DPP4
0.286407909991444,-1.59806617428296,0.031,0.046,1,WNT10B
0.286574904165167,-0.252311260291068,0.214,0.178,1,VANGL1
0.286650005304258,-1.29039389807428,0.02,0.033,1,TMCO6
0.286710604490635,-0.51568067135064,0.505,0.523,1,MIDN
0.286919009149195,-0.654938660516798,0.118,0.087,1,TMEM65
0.287187493739196,-0.437967196765853,0.45,0.481,1,PRPS1
0.287330027531242,-0.870814162959219,0.024,0.012,1,OLFML2A
0.287482970611268,-0.446171263432844,0.059,0.079,1,WISP2
0.287587932573694,-0.251258019212856,0.248,0.295,1,MEF2BNB
0.287605209142079,-0.297423901168787,0.026,0.041,1,VASH1
0.287828613796359,-0.517232114447665,0.305,0.344,1,SIRT5
0.287831760183797,-0.493192989336135,0.104,0.079,1,HIRA
0.287979300102818,1.10947891486342,0.018,0.008,1,LINC01550
0.288276817171348,-0.336429757488903,0.061,0.041,1,IL10RB-AS1
0.288337757187831,-0.37642230044983,0.143,0.112,1,ZNF346
0.28838450718542,0.363072684160994,0.338,0.299,1,NF1
0.288479232433211,-0.27652675061868,0.198,0.162,1,APITD1
0.288705472127961,-1.08586323484551,0.024,0.012,1,FAM184A
0.288705472127961,-0.539164268029513,0.024,0.012,1,MROH7
0.288730928518612,1.21433436904058,0.108,0.083,1,LPAR6
0.289457189504712,0.363100921184613,0.126,0.1,1,NPTN-IT1
0.289533011418241,0.950841404250963,0.012,0.004,1,DIAPH3
0.289533011418241,0.803384972170569,0.012,0.004,1,RLN2
0.289562090007522,-1.28379011138739,0.11,0.083,1,FLJ31104
0.289589742144444,-0.334230851372297,0.149,0.116,1,CECR5
0.289748773947244,0.266340287326665,0.275,0.237,1,SHTN1
0.289796999735136,-0.831617292849183,0.02,0.033,1,C1orf116
0.289822173272706,-0.763162536005191,0.138,0.166,1,ZNF101
0.289948475920599,0.403930394160485,0.269,0.232,1,CEP83
0.289948800022611,-0.276778946600885,0.291,0.324,1,NUDT16
0.290073885543247,0.302301261657119,0.259,0.224,1,C9orf156
0.290268728373344,1.31174669794521,0.071,0.05,1,IL6
0.29038849411789,0.531098000251027,0.018,0.008,1,ADAMTS16
0.290439061861873,-0.702243955185223,0.238,0.261,1,CUL2
0.290538942435604,1.01974575575527,0.012,0.004,1,BUB1
0.290538942435604,1.21640497293489,0.012,0.004,1,C11orf21
0.290538942435604,-0.84570123387349,0.012,0.004,1,CPA4
0.290538942435604,0.619062636173414,0.012,0.004,1,FGFBP3
0.290538942435604,0.975336437313533,0.012,0.004,1,LAMB2P1
0.290538942435604,-0.393362893636959,0.012,0.004,1,MSTO2P
0.290538942435604,1.11727407578063,0.012,0.004,1,NLGN1
0.290644177992411,0.331583429022348,0.275,0.241,1,YEATS4
0.290776947143665,-0.471224450668058,0.024,0.012,1,CCDC148
0.290776947143665,-0.651376390543964,0.024,0.012,1,HCG14
0.290776947143665,-0.897417226264948,0.024,0.012,1,ZNF211
0.291025737092084,0.317578771340359,0.257,0.22,1,CLPX
0.291126200736529,1.02712072185289,0.084,0.062,1,FAM63A
0.291194564063172,1.55486184901869,0.018,0.008,1,PRSS3
0.291547222219006,1.14559431971026,0.012,0.004,1,BTBD8
0.291547222219006,0.317145746450035,0.012,0.004,1,FAM124B
0.291547222219006,0.373062098183883,0.012,0.004,1,HEATR4
0.291547222219006,-0.424307999695552,0.012,0.004,1,LY6G6C
0.291547222219006,0.904831130229765,0.012,0.004,1,MMP7
0.291547222219006,1.2419656744399,0.012,0.004,1,TMEM37
0.291547222219006,0.668833448708295,0.012,0.004,1,TMPRSS9
0.291628685726179,-0.39565226701153,0.244,0.274,1,ATAT1
0.291696320950306,-1.73985493953678,0.02,0.033,1,CFAP58
0.291696320950306,-0.296621767237323,0.02,0.033,1,KMO
0.291704599367778,-1.00256578155348,0.084,0.108,1,RNPEPL1
0.291725592724651,0.977441334679079,0.073,0.054,1,RABEP2
0.291745957179191,-1.36397014354492,0.045,0.062,1,ZNF503-AS1
0.291799203430505,-0.517355362277367,0.202,0.162,1,DPP8
0.291945358547094,-0.350480331361019,0.124,0.095,1,KCNMB4
0.292002137137902,0.35259385143706,0.018,0.008,1,CASC8
0.292002137137902,1.78319480071253,0.018,0.008,1,LINC01606
0.292002137137902,0.375646206806912,0.018,0.008,1,SYN2
0.292002137137902,1.06708491861225,0.018,0.008,1,TESC
0.292194647412814,-1.10048826746212,0.045,0.062,1,ZNF420
0.292221025543175,0.375731373458652,0.065,0.046,1,CSRP2BP
0.292244701435545,0.906361844179819,0.055,0.037,1,HCLS1
0.292331282983144,-1.12349693288588,0.02,0.033,1,JADE3
0.292420777049668,0.634454702785453,0.09,0.066,1,TLR2
0.292557851331974,1.04133397112245,0.012,0.004,1,BTN2A3P
0.292557851331974,0.477921457631756,0.012,0.004,1,C16orf47
0.292557851331974,0.432194543389123,0.012,0.004,1,CKMT2
0.292557851331974,1.01672534211002,0.012,0.004,1,CSNK1G2-AS1
0.292557851331974,-0.392309747207182,0.012,0.004,1,LMF1-AS1
0.292557851331974,-0.835502899602432,0.012,0.004,1,LOC101928567
0.292557851331974,0.686413160985131,0.012,0.004,1,SCGB1B2P
0.292557851331974,-0.35199439224624,0.012,0.004,1,SPDYE3
0.292557851331974,0.444148599718601,0.012,0.004,1,TMEM14E
0.292557851331974,-0.522902197366466,0.012,0.004,1,TSGA13
0.292587854324303,0.478221024247961,0.134,0.108,1,RAD52
0.292650393480065,-0.704700061396792,0.092,0.116,1,TLCD1
0.292655250500419,-0.652600148487971,0.511,0.515,1,MTRF1L
0.292746850575598,-1.27457726127232,0.031,0.046,1,MROH6
0.292759188807738,-0.264243772360468,0.251,0.203,1,NTAN1
0.292811213624437,1.11135959209772,0.018,0.008,1,GS1-279B7.1
0.292811213624437,0.481965869563629,0.018,0.008,1,LOC441204
0.292858396475115,-1.0938661236339,0.024,0.012,1,PLA2G4D
0.293058214224844,0.355928438608292,0.065,0.046,1,TUBA8
0.293093417891105,-1.03892022325397,0.045,0.062,1,CCDC138
0.293570830316443,0.46026113916332,0.012,0.004,1,GYS2
0.293570830316443,-0.251366093591396,0.012,0.004,1,KIZ-AS1
0.293570830316443,0.352911956193654,0.012,0.004,1,LINC00550
0.293570830316443,-0.271291875511094,0.012,0.004,1,LKAAEAR1
0.293570830316443,-0.556772940893862,0.012,0.004,1,LOC101927267
0.293570830316443,0.573817667796698,0.012,0.004,1,LOC101928885
0.293570830316443,0.50980058506558,0.012,0.004,1,LOC102723729
0.293570830316443,-0.650939699518944,0.012,0.004,1,LOC102724596
0.293570830316443,-0.588308969780283,0.012,0.004,1,NCOR1P1
0.293621793796281,0.827069967319427,0.018,0.008,1,DLGAP3
0.293621793796281,0.812592923783393,0.018,0.008,1,TMEM102
0.293675749936771,1.1201362216568,0.069,0.05,1,ACAP3
0.293686076600008,0.882620484550347,0.035,0.021,1,EPB41L4B
0.293781075032923,0.313463466169686,0.132,0.104,1,BCL9L
0.293838552560835,-0.409973240831049,0.652,0.589,1,INO80C
0.294241735850015,-0.81810501916044,0.02,0.033,1,FAM83G
0.294241735850015,-0.790599095830284,0.02,0.033,1,GPR35
0.29430286454268,-0.275784303180344,0.075,0.054,1,ZXDA
0.294362383200168,-0.981362431222806,0.236,0.195,1,HEY1
0.294427398393434,0.266880612304922,0.21,0.178,1,INTS7
0.294433877918071,1.38604199570894,0.018,0.008,1,BIRC7
0.294443757656537,0.641780971825515,0.106,0.083,1,ASB13
0.294537101545418,-2.08769803776132,0.008,0.017,1,OPN1SW
0.294586159692699,-0.446564160490285,0.012,0.004,1,AKR1B15
0.294586159692699,-0.357989317052317,0.012,0.004,1,AMER1
0.294586159692699,0.256409173494975,0.012,0.004,1,C10orf55
0.294586159692699,0.456664413074812,0.012,0.004,1,CACNG2
0.294586159692699,-0.499023752398058,0.012,0.004,1,LOC100506985
0.294586159692699,-0.280548591589821,0.012,0.004,1,LOC414300
0.294586159692699,-0.469007327302085,0.012,0.004,1,PLEKHN1
0.294586159692699,-0.483560899178586,0.012,0.004,1,SEPSECS-AS1
0.294586159692699,-0.387054284823577,0.012,0.004,1,TNNC2
0.294664180420485,-0.27059657217138,0.077,0.1,1,FOXCUT
0.294759435960308,-0.294210140002906,0.422,0.44,1,CYB5A
0.295066557965141,0.270130112825822,0.648,0.627,1,LMBRD1
0.295099040100991,0.561748645226317,0.098,0.075,1,FGF13
0.295162174166312,0.272901907121143,0.145,0.116,1,VWA8
0.295247466245554,-0.428450967824891,0.018,0.008,1,ASIC4
0.295247466245554,-0.537122777945024,0.018,0.008,1,BIRC6-AS2
0.295247466245554,0.280786035715288,0.018,0.008,1,C2orf16
0.295247466245554,0.534707574309963,0.018,0.008,1,LDHC
0.295247466245554,-0.776433503351013,0.018,0.008,1,LHFPL5
0.295247466245554,0.423171947492891,0.018,0.008,1,LOC101929555
0.295423940870501,1.84277888773292,0.035,0.021,1,MYBPH
0.295489530368324,-1.45044060668649,0.008,0.017,1,HEPHL1
0.295603839959323,-1.55386541479695,0.012,0.004,1,ABCC13
0.295603839959323,-0.928832673094054,0.012,0.004,1,ERVV-1
0.295603839959323,-0.682183103262177,0.012,0.004,1,FGL1
0.295603839959323,-0.847198957804839,0.012,0.004,1,GUSBP5
0.295603839959323,-0.87394338765507,0.012,0.004,1,HIST1H2BG
0.295603839959323,-0.597767481031521,0.012,0.004,1,LOC101928837
0.295603839959323,-0.869164535332187,0.012,0.004,1,MBL1P
0.295603839959323,-0.911222371556773,0.012,0.004,1,MNDA
0.295603839959323,-1.069234543283,0.012,0.004,1,PLN
0.295603839959323,-0.98839317424804,0.012,0.004,1,PYGM
0.295603839959323,-1.0466883892149,0.012,0.004,1,SCN9A
0.295603839959323,-1.25864008572134,0.012,0.004,1,TMEM238
0.295603839959323,-1.74237196866307,0.012,0.004,1,VGLL3
0.295603839959323,-0.740370057270034,0.012,0.004,1,ZNF497
0.295824892971123,0.269883523279806,0.809,0.776,1,ETS2
0.296004756299469,0.874232627240096,0.035,0.021,1,LINC01510
0.296063968901395,-0.381151458092339,0.061,0.041,1,PRRG1
0.29614322362748,-0.42794469902954,0.434,0.369,1,LRTOMT
0.296301857789781,-0.540351634424718,0.33,0.349,1,DRAM2
0.296387257778713,-1.9738017171844,0.102,0.124,1,IFITM5
0.296444019414038,-2.54381913900505,0.008,0.017,1,HIST1H4B
0.296444019414038,-1.60434757827973,0.008,0.017,1,METTL21EP
0.296593799186354,0.380945092187029,0.094,0.071,1,TEAD3
0.296879156496031,0.745957544974437,0.018,0.008,1,C11orf65
0.296879156496031,-0.400326395534665,0.018,0.008,1,LURAP1
0.296985860636899,-0.340254194602658,0.051,0.033,1,NKAPP1
0.296997441588892,-0.809675793791998,0.114,0.087,1,PCDH10
0.297024757449044,-0.346193373283568,0.031,0.046,1,MORN1
0.297065894580741,-0.594847113840528,0.149,0.178,1,TMEM44-AS1
0.297266152363231,0.499874940625585,0.177,0.149,1,OPA3
0.297293507541806,-0.743059331609658,0.041,0.025,1,FGF7
0.297400569058317,-2.31097988547297,0.008,0.017,1,KANK4
0.297400569058317,-2.41687965814199,0.008,0.017,1,LOC101929626
0.297400569058317,-1.53470514728908,0.008,0.017,1,SLC25A19
0.297442286620005,0.578242532798291,0.084,0.062,1,TTC31
0.297444387326324,-0.966891895874598,0.02,0.033,1,SAMD1
0.297832112299763,0.558029446546875,0.124,0.095,1,ARHGAP26
0.298208277577624,-0.561617542926581,0.179,0.207,1,PRUNE2
0.298359179660129,-1.47794349084178,0.008,0.017,1,CACNA1D
0.298359179660129,-1.78554543420448,0.008,0.017,1,CSF2RB
0.298359179660129,-2.43598156518145,0.008,0.017,1,FAM221B
0.298359179660129,-2.27884531847255,0.008,0.017,1,LOC100505625
0.298359179660129,-2.1493869843074,0.008,0.017,1,LOC101928335
0.298359179660129,-1.43297209802349,0.008,0.017,1,SLC10A1
0.298659233545465,0.477681644548092,0.055,0.037,1,TOX
0.29892029229491,-0.260679944036209,0.035,0.021,1,KANTR
0.299201481097401,-0.462893591969463,0.637,0.672,1,CAMTA2
0.299262026409496,0.816600915032455,0.098,0.075,1,VIM-AS1
0.299319851561612,-1.13191867539977,0.008,0.017,1,LOC101927284
0.299319851561612,-1.46116634161235,0.008,0.017,1,LOC647323
0.299319851561612,-1.05096577652356,0.008,0.017,1,OLR1
0.299319851561612,-1.61835852001807,0.008,0.017,1,SLC16A6
0.299319851561612,-1.29916941976153,0.008,0.017,1,SPATA42
0.299337979294939,-0.9178250505563,0.018,0.008,1,LOC284581
0.29942286038296,0.314352836697028,0.075,0.054,1,PCLO
0.299514226921877,0.270251652582258,0.214,0.183,1,RPGRIP1L
0.299590788742241,0.266402915224337,0.079,0.058,1,C6orf52
0.299936794265013,0.418550298070321,0.181,0.149,1,TRIM59
0.300034007976359,-0.260127407733071,0.501,0.427,1,CPEB2
0.300049902123707,-0.292588461642335,0.224,0.253,1,RGS12
0.300188230649636,-0.268167214719176,0.167,0.199,1,RGN
0.300282585088032,-1.27884254397178,0.008,0.017,1,FIGN
0.300282585088032,-1.6797469136115,0.008,0.017,1,LMO3
0.300282585088032,-0.96611221095969,0.008,0.017,1,LOC100131315
0.300282585088032,-1.39362214144989,0.008,0.017,1,NT5M
0.300310467196934,-0.373251756435042,0.22,0.178,1,EPS15L1
0.300509093043836,-0.943572566025278,0.055,0.037,1,PLS1
0.300678783770812,0.332519543775937,0.035,0.021,1,C10orf25
0.300678783770812,0.448296090346848,0.035,0.021,1,COL26A1
0.300678783770812,0.789027852968119,0.035,0.021,1,RTN1
0.300888188868802,0.622411706899925,0.051,0.071,1,C18orf54
0.300984721904811,-0.813243055173656,0.018,0.008,1,SNORA19
0.301109477189508,-0.387334680538467,0.363,0.315,1,PTPRA
0.301247380547745,-1.89657960757673,0.008,0.017,1,HLA-DOB
0.301254466687838,-0.339202982406148,0.179,0.145,1,ANAPC4
0.301295424846469,0.347601831293076,0.312,0.27,1,SPAG5
0.301318215860528,-0.341180501546192,0.02,0.033,1,ECT2L
0.301436880293524,-0.553328331493126,0.055,0.037,1,HIF3A
0.301810352011914,-1.19857656164212,0.018,0.008,1,ABCC3
0.301810352011914,-1.80918424061722,0.018,0.008,1,KIAA2022
0.301810352011914,-0.741675727264423,0.018,0.008,1,NPPA
0.301878180615168,-0.959840034505484,0.014,0.025,1,ALDH1L1-AS1
0.301887129131581,-0.363840946705328,0.031,0.046,1,C17orf59
0.302214238232157,-0.666223671129994,0.008,0.017,1,C1orf146
0.302214238232157,-1.76610864798193,0.008,0.017,1,CASS4
0.302401040828219,-0.376502957562144,0.045,0.029,1,ANKRD19P
0.302444027363168,0.982332135393942,0.189,0.166,1,RHNO1
0.302471776466438,0.356123658214655,0.106,0.083,1,NACC1
0.302483396360737,-0.421781590227766,0.128,0.1,1,RGL3
0.302783018383136,-1.2237662268126,0.149,0.116,1,AKAP5
0.30318315841568,-2.42034379307438,0.008,0.017,1,DMRT1
0.30318315841568,-1.42415292343919,0.008,0.017,1,LPAR2
0.30318315841568,-0.878857478925501,0.008,0.017,1,MUSK
0.30318315841568,-0.741129703212728,0.008,0.017,1,SNCAIP
0.303421266236313,0.912421625763978,0.226,0.195,1,SS18L1
0.303562591655051,-1.71389407058932,0.045,0.062,1,PLAC8
0.303745767070843,-0.63351170172721,0.051,0.033,1,SFI1
0.3037646848292,0.356345200725182,0.055,0.037,1,LOC102724719
0.3037646848292,0.847913653623995,0.055,0.037,1,MAPK12
0.30379765855287,-0.33573057611369,0.47,0.49,1,ATP1B2
0.304041474158329,-0.3395008858477,0.09,0.066,1,CTBP1-AS2
0.304154141355697,-1.02034054102394,0.008,0.017,1,FRAS1
0.304154141355697,-1.52818671194183,0.008,0.017,1,LOC101927164
0.304167893741713,-1.00569331483449,0.014,0.025,1,EME1
0.304253318129595,0.731774055336012,0.222,0.187,1,ZEB1-AS1
0.304324605673231,-0.31851766264139,0.332,0.373,1,HELQ
0.30437982747677,-0.347274800367053,0.11,0.083,1,BZRAP1
0.30457195928174,0.650166008135537,0.02,0.033,1,DTL
0.304602817906939,0.250111549780345,0.179,0.149,1,TET1
0.304670711755932,-0.281240011998351,0.564,0.564,1,METTL5
0.304933687857422,-0.879840345921066,0.014,0.025,1,GRIK1
0.304933687857422,-0.988731521444516,0.014,0.025,1,LOC101927924
0.304946233219931,-0.431567268481435,0.045,0.062,1,ZNF549
0.305053562323107,0.666544684001999,0.124,0.1,1,ZNF582-AS1
0.30512718729252,-0.529910986282543,0.008,0.017,1,EDA
0.30512718729252,-0.343099234826712,0.008,0.017,1,PCDHB3
0.305401733183935,0.663216997642687,0.035,0.021,1,TTLL1
0.305597180473133,-0.596357160201551,0.128,0.1,1,WASH7P
0.305809191327209,-0.967772972696075,0.053,0.071,1,MDP1
0.306104401332182,0.362473238282623,0.055,0.037,1,GCSHP3
0.306319386333485,-0.360092522464643,0.21,0.174,1,PLCD3
0.30633405356397,-0.894641741779477,0.045,0.062,1,BST2
0.306336054954802,0.2540653759454,0.43,0.386,1,PTCD3
0.306389848684444,0.755650662731666,0.159,0.133,1,FSIP1
0.30646911136679,-1.80765605733467,0.014,0.025,1,OAS1
0.307022481503149,-0.298553582837499,0.509,0.444,1,ALDH6A1
0.307039631003265,0.530955025227424,0.54,0.477,1,SLPI
0.307068577604764,-0.331083004022159,0.035,0.05,1,TMEM180
0.30707946903224,-0.356093496790675,0.008,0.017,1,HCG25
0.30707946903224,-0.615323689347638,0.008,0.017,1,LINC00266-1
0.30707946903224,-0.291363930128087,0.008,0.017,1,PLA2G12B
0.30711126303265,-1.42612108349866,0.024,0.037,1,DTNB
0.307238740959966,-2.29659851872213,0.014,0.025,1,PRR22
0.30741516130455,0.804687485528279,0.075,0.054,1,GPLD1
0.307578803825852,-0.457031821897404,0.059,0.079,1,NRAV
0.307613374164735,0.541374743391911,0.224,0.195,1,SFXN4
0.30762970532119,-0.301052489146408,0.189,0.22,1,ZNF217
0.307739852975681,-0.53375744403768,0.094,0.116,1,ABHD11
0.30778142127005,-1.51339323298463,0.071,0.05,1,P3H2-AS1
0.30798475320326,0.525507135695432,0.055,0.037,1,PDCD4-AS1
0.308004735011019,-0.352022286535791,0.092,0.116,1,TNFAIP1
0.308058705230053,-0.379862879424573,0.008,0.017,1,LOC100289473
0.308084237891045,0.286128522845591,0.122,0.1,1,PCDHB14
0.30811225302242,0.418326527758521,0.045,0.029,1,XYLT2
0.3084147926497,-0.403154467412842,0.11,0.083,1,SLC37A4
0.308720425436527,0.648647483016672,0.212,0.187,1,ATAD2
0.308754600251476,0.492548867222836,0.275,0.241,1,PRKCD
0.309053291994673,-0.661599711206907,0.063,0.083,1,CFL1P1
0.309214598241327,-0.349085510366483,0.356,0.307,1,MRRF
0.309483643692047,0.257386593646294,0.098,0.075,1,CCDC171
0.309523606198267,-0.316171848991799,0.222,0.249,1,LOC100506990
0.30957446827302,-0.361366471848353,0.035,0.021,1,LINC01301
0.309682161462503,0.326576338851265,0.045,0.029,1,SYT17
0.309797634339425,0.903663609244954,0.159,0.133,1,SLC45A1
0.30986873817616,0.455495452638542,0.251,0.216,1,EHD4
0.309965313214433,-0.36048669580614,0.09,0.066,1,SEMA7A
0.31017363358678,-0.653439440467255,0.035,0.021,1,NUDT17
0.310277179977534,-0.626297991113148,0.165,0.191,1,ZNF542P
0.310277329471599,-0.268616028648828,0.719,0.697,1,DDX46
0.310338067061661,-0.41124250584567,0.09,0.066,1,DGKG
0.310567644625429,-0.95382055419554,0.136,0.104,1,TP53I3
0.311215393133653,0.722769361173793,0.031,0.046,1,ADGRF2
0.311264688668386,0.545610865492114,0.385,0.365,1,GPD2
0.311395437360992,-1.17803238001195,0.024,0.037,1,LINC01600
0.311832040540931,-0.683748770967896,0.09,0.066,1,DNAJC6
0.312509306022936,-0.834863526219808,0.049,0.066,1,SNTN
0.312757938592669,-0.78387070748235,0.065,0.046,1,LOC100133091
0.312766752331275,-0.270943860368605,0.132,0.104,1,KDM4A
0.313180938283873,-0.580385813146478,0.035,0.021,1,ZNF239
0.313377223689643,0.476769275058597,0.24,0.212,1,TNIP2
0.313441816377326,-1.04277817486304,0.014,0.025,1,ANKLE1
0.313520424086741,-1.1095576930323,0.067,0.087,1,GABRB1
0.31360353863208,-0.679040617800095,0.224,0.249,1,SNCA
0.313718208403726,-0.265116096240435,0.22,0.187,1,NCDN
0.313894373686473,0.374479681676908,0.045,0.029,1,N4BP2L2-IT2
0.314148575053558,-0.443636081582291,0.055,0.037,1,LINC01122
0.314217454888321,-1.35493903786734,0.081,0.104,1,PRSS35
0.314231623940541,0.254497401949991,0.049,0.033,1,GSTM1
0.314253890498354,-0.286292543711892,0.234,0.191,1,NIPAL1
0.314289136181711,-1.22691430170637,0.061,0.079,1,SIRT7
0.314423538076997,-0.833040144680114,0.035,0.05,1,FAM178B
0.314479577982789,0.289246166843139,0.024,0.037,1,ZNF556
0.314540130781853,0.404414716828068,0.11,0.087,1,SMG1P1
0.314626052823565,0.350066910256297,0.055,0.037,1,ZNF551
0.314656768613265,-0.415332702988942,0.206,0.174,1,GEMIN2
0.314840997676569,-0.442790513269252,0.055,0.075,1,VAC14
0.314976025581867,-0.738430433345564,0.263,0.286,1,ZHX2
0.314982870109146,0.890811935181568,0.165,0.141,1,SCN1B
0.31499450436848,-0.794434555358691,0.035,0.021,1,GPR22
0.315022450301953,-1.81304517835096,0.075,0.095,1,LOC101928402
0.315341950706562,0.904730617753864,0.063,0.046,1,HYKK
0.315480641105732,-0.256945159423061,0.945,0.954,1,CHMP1B
0.315600557032401,-1.46458323922599,0.035,0.021,1,CPN2
0.315624535224693,0.507884837336383,0.059,0.041,1,LOC100294145
0.315906263621045,-0.620104314076671,0.159,0.187,1,SMYD3
0.316012354588991,-0.599021328826253,0.106,0.129,1,EFNB1
0.316014548642526,-0.313367201682083,0.045,0.029,1,IGF2BP2-AS1
0.316014548642526,0.508033917899659,0.045,0.029,1,MRC1
0.316232925106948,-0.547089304077347,0.177,0.141,1,SETBP1
0.316324857614782,-0.693748059155325,0.167,0.195,1,MPI
0.316866177963214,0.466380877299407,0.185,0.158,1,ZNF407
0.316879832841897,0.358269958837282,0.338,0.299,1,ZMYM6
0.316996620992904,0.939786706035728,0.055,0.075,1,PAN3-AS1
0.317020594453012,-0.56114644966384,0.055,0.037,1,LOC100505841
0.317149725807931,0.323623566380695,0.263,0.237,1,SLC17A9
0.317190008587363,-0.729476925017946,0.108,0.133,1,RASL11B
0.317423307043395,-0.70242644713823,0.035,0.021,1,IDH1-AS1
0.317835175065557,2.31766284399054,0.039,0.025,1,SEMA6C
0.318386454566089,0.35207148204613,0.151,0.124,1,TTI1
0.318491537777473,-0.494865370560842,0.029,0.017,1,LOC101928565
0.318750108699697,-0.377177744022914,0.155,0.124,1,CAD
0.318825466540678,0.508095482794289,0.246,0.216,1,BANK1
0.319269196090136,0.327978981630719,0.088,0.066,1,SRSF12
0.319455837108884,-0.939995383328793,0.024,0.037,1,ALS2CR11
0.319600477471143,-0.320185692803861,0.248,0.207,1,TRIM39
0.319889087309769,-0.363264515120624,0.189,0.158,1,KIAA0100
0.319912396859294,1.39391305581914,0.157,0.133,1,SGTB
0.320126853242949,-0.560765828925815,0.187,0.154,1,CLCNKB
0.320356323092041,0.532438648221716,0.11,0.087,1,ZNF700
0.320803034949156,0.350208280445274,0.088,0.066,1,RAB6B
0.321189395793819,1.22448777486169,0.029,0.017,1,MPO
0.321270909745052,-0.383112641824082,0.324,0.274,1,DNAJC4
0.321313523671775,0.262899173430655,0.226,0.203,1,PLXNA1
0.321335145357306,-1.08010949531705,0.024,0.037,1,LOC100128164
0.321356023019918,-0.64016739797014,0.045,0.029,1,ITGA9-AS1
0.321360039202123,0.474984239895057,0.073,0.054,1,ZNF596
0.321779185312328,0.40977397780622,0.073,0.054,1,MINOS1P1
0.321866185879426,0.764740128938525,0.029,0.017,1,LZTS3
0.322208626886864,0.874028210644056,0.041,0.058,1,XDH
0.322379883793449,-0.27737197470201,0.175,0.145,1,P2RY2
0.322567605376417,-1.22957644644225,0.049,0.066,1,XAF1
0.322768981064136,-0.408601372695749,0.409,0.436,1,PEMT
0.322835306083732,-0.699789215703714,0.071,0.091,1,ALG1
0.323222556603713,-0.578595650884515,0.029,0.017,1,CLEC19A
0.32340280260826,-0.803811229799688,0.075,0.054,1,CYP11A1
0.323504159837406,-0.453993928189763,0.185,0.212,1,TCF3
0.324483338008789,-0.633604490954515,0.024,0.037,1,HIST2H2BF
0.324491623089237,-0.376397121305935,0.236,0.199,1,NUP133
0.324582647873433,1.10482052529739,0.029,0.017,1,EFNA2
0.324582647873433,0.792056368228765,0.029,0.017,1,TEX41
0.324652213174564,-0.625366273820968,0.257,0.286,1,KDM3A
0.324954194676207,-0.520118902483064,0.079,0.058,1,TMEM206
0.325016507836489,-0.284028053208892,0.185,0.149,1,FGD4
0.325055552432903,-0.282557469154975,0.094,0.071,1,TSEN2
0.325093314057077,0.274326403591831,0.157,0.129,1,COX18
0.32511418644755,-0.424275023919417,0.2,0.162,1,GTPBP2
0.32526408862726,0.447032177106549,0.029,0.017,1,KIAA1107
0.325456375031963,-0.288022592126858,0.385,0.427,1,R3HDM2
0.32562230544525,-0.391897800361332,0.214,0.237,1,ZNF747
0.325726327854841,-1.374432287143,0.039,0.054,1,IQCD
0.325726327854841,-1.19248803799849,0.039,0.054,1,TNFRSF4
0.325875695245787,-0.560076555149066,0.09,0.066,1,DOHH
0.325946459407508,1.84970596738703,0.029,0.017,1,LOC100996286
0.325946459407508,0.663851144567606,0.029,0.017,1,TSPAN7
0.325946459407508,1.55068650505087,0.029,0.017,1,ZNF487
0.32648254444805,-0.447210833613544,0.116,0.141,1,ZBP1
0.326593969172552,-0.52069481663252,0.136,0.108,1,ASXL2
0.326629760169968,0.868155827408676,0.029,0.017,1,GHRLOS
0.326629760169968,1.21777405900726,0.029,0.017,1,GNAS-AS1
0.327085112282612,1.10805762789546,0.039,0.025,1,TENM1
0.327313990866797,0.415916050938715,0.029,0.017,1,ZNF132
0.327322152864899,0.425745403391785,0.124,0.1,1,SH3BP5-AS1
0.327643637905479,-0.39157049218009,0.263,0.22,1,GALT
0.32777147421847,-0.27116634280499,0.984,0.992,1,ITM2C
0.327999151446504,0.508892763666026,0.029,0.017,1,PAX1
0.328062851495864,-0.569776168032531,0.224,0.183,1,WDR5
0.328534031274545,0.448325260085526,0.073,0.054,1,ZNF227
0.328577216959115,0.54952920116124,0.049,0.033,1,CDC20
0.328607551901674,-0.3640697210855,0.697,0.676,1,MRPS15
0.328685241853953,-0.592819937228022,0.029,0.017,1,SBK1
0.328685241853953,0.78184338900179,0.029,0.017,1,WDFY4
0.32909729350206,-0.402538232378873,0.049,0.033,1,LOC100270804
0.329357531721056,-0.957561962644323,0.039,0.054,1,EFNA3
0.329372262030357,0.315021160064658,0.029,0.017,1,PRDM6
0.329559202727366,0.398740305606313,0.171,0.145,1,VARS
0.329562070530208,-0.458672991117072,0.024,0.037,1,FAM86B3P
0.330060211913271,0.618215239453299,0.029,0.017,1,LOC100130705
0.330060211913271,-0.678855074064277,0.029,0.017,1,SPATA19
0.330105208632331,-0.531297619534771,0.232,0.257,1,FAS
0.330124527252069,-0.378786258083727,0.059,0.041,1,TMED10P1
0.330538285204633,-0.401673229369695,0.297,0.324,1,GNPAT
0.330708445270814,-0.434160416763163,0.314,0.34,1,MITD1
0.330749091436589,-0.506066111785575,0.029,0.017,1,ZNF235
0.330863322738744,-0.28399350450298,0.086,0.108,1,FAM50B
0.330890142931738,0.751882965576688,0.088,0.066,1,SYCP2
0.331167734419021,-0.509298149600943,0.104,0.079,1,SUOX
0.331487192716188,-0.647108903070056,0.079,0.1,1,EEFSEC
0.331621505104563,1.17429603053103,0.063,0.046,1,ATP13A2
0.331677735448872,-0.55158963204716,0.246,0.203,1,ZUFSP
0.331822363455056,-0.315761770087554,0.198,0.162,1,LOC101927151
0.332201309331507,0.400758357445015,0.179,0.149,1,FOXRED1
0.332802165116296,-0.388797130198164,0.073,0.054,1,FBLN2
0.332956475878041,-0.279752914176867,0.503,0.539,1,NOB1
0.33296026146406,0.322447875136017,0.173,0.145,1,GTF2H2B
0.333014217171473,0.287618225015717,0.198,0.17,1,LRRC8B
0.333089208487134,-0.829205984882219,0.108,0.083,1,DEPDC7
0.333127015066964,-0.545930416009829,0.071,0.091,1,LOC554223
0.333496969644902,-0.380138934966671,0.045,0.062,1,SYN3
0.333833314513792,-0.671947121775786,0.267,0.29,1,TAF8
0.333863844220918,-0.730062722003332,0.035,0.05,1,FAM124A
0.334400923091328,-0.835430780464908,0.079,0.058,1,MFSD3
0.334576661927501,-0.421527972805718,0.44,0.39,1,PIKFYVE
0.334692013513137,0.59091694026155,0.024,0.037,1,C1QB
0.334809211292217,0.671301878409413,0.181,0.158,1,ARMC5
0.334878841532097,-0.398566141306907,0.108,0.083,1,ZNF583
0.334895718018813,-0.264550495538556,0.167,0.137,1,FBXO5
0.334995337264461,-0.490978346537946,0.13,0.154,1,LOC440982
0.335096116887193,-1.09842219221575,0.098,0.075,1,IFNLR1
0.335116488958182,-0.964790479699053,0.039,0.054,1,HOXC-AS3
0.33591077418891,-0.51550200660751,0.385,0.407,1,ATG14
0.336100867045665,-3.56102621071046,0.018,0.029,1,LINC01132
0.336293585533142,-0.398281006042545,0.029,0.017,1,NDUFA6-AS1
0.336335838984654,-0.533079414788936,0.071,0.091,1,LOC100507291
0.336677463069388,-0.401122234242681,0.165,0.133,1,SPATA33
0.336868160971279,-0.40959655116529,0.285,0.241,1,SLC35F6
0.337102780313309,-0.304173288425234,0.039,0.025,1,CCDC61
0.337353279945476,-0.391275747819293,0.098,0.075,1,PRC1
0.337418833944929,-0.412297276811916,0.167,0.133,1,ZNF32
0.337508031219425,1.23385516942442,0.222,0.199,1,UCP2
0.337569336788501,0.438302560762463,0.092,0.071,1,NDUFAF6
0.337774501908484,-0.28610622524502,0.059,0.041,1,MAP6
0.337970966634527,-0.353466645364026,0.073,0.054,1,PCCA
0.337992421928292,0.272471257583184,0.088,0.066,1,DAW1
0.338020146176107,-0.705347721597354,0.049,0.033,1,CEACAM5
0.338096613048802,0.591520190294393,0.063,0.046,1,LOC100507002
0.338355075103125,-0.805193014666418,0.22,0.241,1,TRMT61A
0.338388099874907,-0.303268445048195,0.029,0.017,1,SDCBP2-AS1
0.338480826983791,-0.292500863627578,0.116,0.091,1,ELMOD3
0.338608113141434,-0.327174290780136,0.717,0.668,1,PALMD
0.338683159409863,0.280204073865772,0.24,0.212,1,STRIP1
0.339113761167267,-0.386763115223839,0.214,0.178,1,DUS3L
0.339345316325579,-0.408911647582048,0.039,0.054,1,LOC100507144
0.339802671575961,-1.20449910322475,0.018,0.029,1,TCONS-00029157
0.339858674938941,0.538871299798217,0.204,0.178,1,PAAF1
0.339989803701594,-0.584423305641078,0.236,0.199,1,STON1
0.340238233686338,-0.364649758998655,0.279,0.237,1,COMMD8
0.340439771099618,0.500401839737678,0.067,0.05,1,TRIM65
0.340439771099618,0.526452368753492,0.067,0.05,1,TTLL12
0.340498347098951,-0.410344147088844,0.267,0.299,1,MARCKSL1
0.340546157512054,-1.13993273384876,0.018,0.029,1,RHBG
0.340547093696609,0.333230052942048,0.143,0.116,1,PET117
0.340685030410753,0.532311540502909,0.039,0.025,1,ZNF846
0.341155718723653,-1.14541383377608,0.145,0.166,1,AMY2B
0.341206144827366,-0.557007499797048,0.049,0.033,1,LOC284865
0.341364411555707,0.505994320513794,0.063,0.046,1,GLTSCR1
0.341685033056052,-0.602015086417896,0.444,0.44,1,NT5C2
0.342010283112025,-1.51737999489034,0.073,0.091,1,MDM1
0.342094700596532,0.506838672075944,0.118,0.095,1,AFAP1L2
0.342566539402851,-0.328898928279322,0.422,0.365,1,FAM3A
0.342806330114131,-0.452246456835539,0.049,0.033,1,GLS2
0.342820561451005,0.3202978636055,0.32,0.282,1,KIAA0226
0.342940273306191,0.478776449398344,0.1,0.079,1,ZMYND12
0.342986670931679,-0.517740627120099,0.381,0.398,1,STAMBP
0.343040424020787,-1.33312281930286,0.047,0.062,1,NPB
0.343086693452875,-0.845725614477678,0.039,0.025,1,B3GNT6
0.343099391791416,-1.07603752490249,0.059,0.041,1,ZNF213-AS1
0.343959226824702,0.692289898585334,0.138,0.116,1,TRIM32
0.344014319201855,-0.765635042710766,0.029,0.017,1,ZNF225
0.34427920438537,-0.566573523009613,0.018,0.029,1,LEMD1-AS1
0.3443001011589,0.679957760306881,0.187,0.162,1,RNU6ATAC
0.344361382555267,0.941730107506298,0.094,0.075,1,PCYT2
0.344411304019281,0.309808055609186,0.049,0.033,1,ASPRV1
0.344504229852631,-0.60352728612669,0.153,0.178,1,SPATA18
0.344639529267892,0.43669889344733,0.397,0.378,1,SLC25A44
0.344729973642411,-0.279737852212705,0.509,0.527,1,CFL2
0.344853036057792,0.334178324061311,0.312,0.286,1,ADAM10
0.34489622368174,0.33742141124866,0.191,0.166,1,EFHD2
0.344999804423671,0.342228870659911,0.165,0.141,1,L3MBTL2
0.345181110366954,-1.81515370677119,0.057,0.075,1,HES7
0.345225628213106,1.6958123894471,0.075,0.058,1,AKAP7
0.345227284492842,-0.447215096962877,0.58,0.598,1,LINC00674
0.345268704672182,1.57786859058531,0.022,0.012,1,AOX2P
0.345296837319921,-0.778803715028414,0.075,0.095,1,FITM2
0.345508417777415,-1.5135848725112,0.047,0.062,1,ROPN1B
0.345694437915278,-0.339941638337335,0.187,0.216,1,PARP2
0.345854907668559,0.459845836286895,0.053,0.037,1,CDC25A
0.345868657546621,0.400896508110537,0.46,0.444,1,EPM2AIP1
0.345953337345714,-0.40096345612579,0.143,0.112,1,SIRT6
0.346059952418951,-1.24404385234136,0.073,0.091,1,TNNC1
0.346103946536674,-0.566237778985451,0.039,0.025,1,DBF4B
0.346531520462511,-1.63872583673049,0.018,0.029,1,TNFRSF8
0.346540550940599,-0.288883082523776,0.21,0.178,1,DFNA5
0.346631187851282,-0.363315431985244,0.143,0.116,1,EZH1
0.346730430791951,-0.4340218377334,0.193,0.162,1,CHFR
0.347112856340399,0.478641705764836,0.153,0.129,1,PNKP
0.347212240780959,-0.325558628316776,0.108,0.083,1,CLHC1
0.347242730413733,1.29798574630072,0.057,0.041,1,PNMAL2
0.347284372776084,-1.18166851899626,0.018,0.029,1,ADAMTSL1
0.347467638218275,0.349752182975474,0.112,0.091,1,LRRK1
0.347548100749369,-0.64631987371116,0.287,0.32,1,TSLP
0.347635611018968,-2.65244340678236,0.049,0.033,1,MMP12
0.34767795569798,1.22780078830001,0.022,0.012,1,PCSK2
0.348021879138968,0.332115023923288,0.464,0.444,1,CTSO
0.348174856128396,-2.00964042293761,0.049,0.033,1,TCERG1L-AS1
0.348372990147662,0.581148057880707,0.169,0.145,1,CKMT2-AS1
0.348434761104825,-1.58354419565153,0.043,0.058,1,STAR
0.348539164233327,-0.265452793072742,0.029,0.041,1,CHST5
0.348762870430531,0.297131076311284,0.308,0.282,1,SMO
0.348793196719246,-1.04483304116749,0.018,0.029,1,LINC00941
0.349039192994598,-0.285236931271832,0.255,0.216,1,ALG9
0.349039869412151,-0.750572520175135,0.116,0.091,1,FAM220A
0.349045369899816,-0.394650277440602,0.2,0.162,1,TMEM223
0.349149433988039,-0.654381009288509,0.189,0.158,1,CBL
0.349742629641855,0.854652666728851,0.09,0.071,1,SDR42E1
0.350097871738299,0.715476592669972,0.022,0.012,1,SAMD11
0.350173529008961,0.57303136782057,0.081,0.062,1,DKFZP586I1420
0.350356405681961,-0.626651769482491,0.039,0.025,1,ZSCAN16
0.350646404539795,-0.281458919396978,0.077,0.058,1,SKP2
0.350984393164952,0.251696779460848,0.149,0.124,1,FAM222A
0.35106422797433,-1.07963705292759,0.018,0.029,1,EPHX4
0.35106422797433,-1.54309392050814,0.018,0.029,1,SLC25A35
0.351072700634819,0.694674589405103,0.126,0.104,1,HHEX
0.351117204317351,-0.762557789019907,0.061,0.079,1,FBXO16
0.351252046836093,0.694078602441268,0.108,0.087,1,CYP26B1
0.351368000889034,-0.361041449351442,0.279,0.232,1,CYTH1
0.351700793527792,0.71027174568594,0.043,0.029,1,RAD51
0.352084523321517,-0.251154955474419,0.289,0.253,1,EIF2B5
0.352269249797728,-1.10523734672479,0.173,0.137,1,ZNF33B
0.352271456318488,-1.06357385348922,0.029,0.041,1,FERMT3
0.35227995046998,1.02647916138134,0.043,0.029,1,MIPEPP3
0.35227995046998,0.656402505560725,0.043,0.029,1,SLC51A
0.352459649302284,-1.00736025641752,0.057,0.075,1,C8orf88
0.352508089535987,-0.444761375419192,0.222,0.187,1,SCARF2
0.352762045285698,-0.3545431263314,0.385,0.32,1,COQ9
0.352801197013202,-0.263204806547376,0.159,0.129,1,AGAP6
0.353039195428107,-0.401785974723553,0.248,0.207,1,CISH
0.353193462716194,-0.383429599473801,0.163,0.133,1,MED18
0.353231302213586,-0.803038826590933,0.279,0.295,1,LGI4
0.353341005074685,0.967857983711718,0.022,0.012,1,ACSS3
0.353341005074685,-0.718232887420832,0.022,0.012,1,ADH4
0.353344608661184,-1.74305381584467,0.018,0.029,1,VWF
0.353360172696153,0.394971357218286,0.418,0.394,1,SLC7A5P2
0.353486333601137,-0.382291736170662,0.884,0.88,1,MRPL36
0.353596522951047,-0.595662078027724,0.049,0.033,1,ENGASE
0.353631049261863,0.550446062456589,0.053,0.037,1,LINC00847
0.353734502939797,-0.40341006236384,0.124,0.1,1,ZNF558
0.353851482047348,-0.783472099014225,0.134,0.154,1,HENMT1
0.354106812190523,-1.31616000303405,0.018,0.029,1,MATN1-AS1
0.354147053949793,-1.18060008568202,0.029,0.041,1,C8orf46
0.354154747132896,0.995245019883567,0.022,0.012,1,ARHGAP4
0.354154747132896,0.732097662630914,0.022,0.012,1,SPATA41
0.354154747132896,1.32914842516732,0.022,0.012,1,SUSD4
0.35415737511931,1.00807110367642,0.063,0.046,1,SHF
0.355053494870687,0.814355561286956,0.033,0.021,1,C11orf80
0.355639817335035,-0.286680937586643,0.248,0.207,1,METTL21B
0.355745137756058,0.948763837311978,0.057,0.041,1,LOC728024
0.355780052155437,-0.269017160867416,0.049,0.033,1,TRIM14
0.356399649458906,-0.978675556592757,0.018,0.029,1,MYO1G
0.356601063385863,0.675826316416794,0.039,0.054,1,SLC22A1
0.356603069788866,0.580958585518654,0.022,0.012,1,HERC6
0.356603069788866,0.403584523275787,0.022,0.012,1,PGBD5
0.356657644890214,0.451969625413867,0.029,0.041,1,LAT
0.356772211070032,0.656978439698195,0.053,0.037,1,NID1
0.356773858180577,-1.29747918355604,0.033,0.046,1,RPP21
0.356884286949199,-0.435633976600902,0.13,0.104,1,WDYHV1
0.356931009171973,0.429335945728467,0.234,0.207,1,SMC6
0.357003233582577,0.305446799745173,0.143,0.12,1,BCL2L1
0.3570334502812,-1.41898827004128,0.143,0.116,1,ZC3H12D
0.357226445956588,-0.334222411879958,0.699,0.68,1,GPS2
0.357287040691172,0.453809459018602,0.029,0.041,1,FTCD
0.357287040691172,-0.311969507543428,0.029,0.041,1,VTRNA1-2
0.357421541859479,-0.719859895332641,0.022,0.012,1,MIATNB
0.357764628912445,0.539941307852893,0.057,0.041,1,SNORA18
0.357810225268319,2.42024195915329,0.061,0.079,1,IL1RN
0.35782315956654,0.339131928060171,0.053,0.037,1,SAMD15
0.35782315956654,-0.309822980162862,0.043,0.058,1,STK16
0.357963952400567,-1.76476260364312,0.033,0.046,1,LDHD
0.358241195686222,-0.743186040013393,0.022,0.012,1,LOC101927844
0.358241195686222,0.432963375736676,0.022,0.012,1,REEP1
0.358450550515693,-0.292816006256576,0.157,0.129,1,CDKL3
0.358460462661532,-0.325065349104772,0.077,0.058,1,EMX2
0.358708656126339,-0.574198169752213,0.073,0.054,1,CCDC163P
0.359082915605246,0.420550959134345,0.033,0.021,1,STMN3
0.359234005391493,0.624590349684271,0.204,0.178,1,HAUS8
0.359338217902087,0.318357763093435,0.126,0.104,1,SLC25A43
0.359757269374598,0.815885166959996,0.033,0.021,1,PLCB3
0.359884047356691,0.67188869974318,0.022,0.012,1,FOXN3-AS1
0.36046048727569,-0.270621816079209,0.882,0.851,1,TMX4
0.360860242307717,-0.362573495721751,0.218,0.183,1,B3GALNT2
0.361002716614986,-0.411409312595477,0.092,0.112,1,WASF1
0.361108361314463,0.861477027265553,0.033,0.021,1,SLC4A11
0.361376433022824,0.302140153564686,0.277,0.245,1,ZC3HC1
0.361418564465247,-0.295271902143554,0.764,0.743,1,UBXN1
0.361484628847141,-0.256824497349322,0.788,0.776,1,DPT
0.361516801308948,-0.532045973522427,0.043,0.058,1,IRX5
0.361570578162599,-0.358972050021127,0.047,0.062,1,CNBD2
0.36201133153568,-0.514804415194726,0.143,0.166,1,ZNF561
0.36221784181474,-0.397089539883485,0.043,0.029,1,LOC101927746
0.362357180047599,-0.716481772548343,0.022,0.012,1,ADCY1
0.362357180047599,-0.510155797597995,0.022,0.012,1,WWC2-AS2
0.362462631231992,0.902735774558622,0.033,0.021,1,LOC100505715
0.362584011566043,-0.628625320404709,0.092,0.071,1,KIAA1211
0.362677899887697,-0.344335627485282,0.128,0.154,1,ZNF44
0.362685600566095,-0.660291054087678,0.185,0.154,1,ARHGAP35
0.362807842197735,0.33251646151242,0.043,0.029,1,SLC6A20
0.363099241470742,-0.600065810341367,0.114,0.091,1,SMA5
0.363140957462747,0.98001928505016,0.033,0.021,1,LOC100288846
0.363183917654753,-0.339891380871095,0.022,0.012,1,TMEM151A
0.36322205841829,0.749423009065499,0.061,0.079,1,LINC01521
0.363398443882174,0.320310533310564,0.043,0.029,1,LOC729970
0.363619417130738,-0.269706749434659,0.029,0.041,1,HBG2
0.363675345072339,-0.431450276550409,0.061,0.079,1,DZANK1
0.364011834707327,-1.02974074598915,0.022,0.012,1,GRASP
0.364011834707327,-0.611436094259035,0.022,0.012,1,NUTM2D
0.364011834707327,-1.1745939446944,0.022,0.012,1,SCEL
0.364266352099995,1.1209866803038,0.061,0.046,1,MMP16
0.36487990045962,-0.412204800780787,0.303,0.257,1,HIBCH
0.365114092187554,-0.293224327509869,0.234,0.195,1,SMG6
0.365180698920309,0.310820630965322,0.033,0.021,1,ZP3
0.365671205721428,-2.02570793524666,0.022,0.012,1,LOC100190940
0.365671205721428,-1.16515027028516,0.022,0.012,1,OMG
0.365760334308399,-0.933268129520384,0.033,0.046,1,SPDYE5
0.36605226829189,-0.726798399794185,0.295,0.249,1,CALHM2
0.366082975061379,0.294140991749527,0.365,0.328,1,BFSP1
0.366149352107399,-1.47044740474708,0.012,0.021,1,DHX58
0.366149352107399,-1.36795334506246,0.012,0.021,1,STOX2
0.366171085370687,-0.894591280527665,0.047,0.062,1,PCDHB15
0.366262233305007,-0.515708990893658,0.32,0.344,1,DGCR6
0.366271262906945,-0.551527846956456,0.23,0.249,1,C2orf76
0.366298231666318,-1.1196500213516,0.022,0.033,1,AMER2
0.366373565621551,0.460077980383794,0.071,0.054,1,FOXL1
0.366523986033219,0.360768108572191,0.226,0.195,1,MTOR
0.366700053171433,-1.90507339034029,0.006,0.012,1,FCGR1B
0.366700053171433,-1.47684701009869,0.006,0.012,1,HOXA9
0.366700053171433,-2.57962637918863,0.006,0.012,1,LOC101928414
0.366834730041826,-0.432106880894239,0.043,0.058,1,LOC101928489
0.366858251022728,-0.496596939931713,0.073,0.054,1,SLC25A21-AS1
0.367227580326157,0.475835333252262,0.033,0.021,1,ABCC6P2
0.367853161890458,-0.439736942359136,0.365,0.307,1,RECK
0.36796584453281,-2.28997608486834,0.006,0.012,1,NPNT
0.36796584453281,-2.41698853239885,0.006,0.012,1,PCDH15
0.36796584453281,-1.61666840159797,0.006,0.012,1,SLA2
0.36796584453281,-1.83203765456126,0.006,0.012,1,SLC16A14
0.367987905219178,-0.300633402014309,0.214,0.178,1,TSKU
0.368024686936089,-1.3874987002541,0.012,0.021,1,IHH
0.368281625795004,0.528107063096064,0.112,0.091,1,RNF180
0.36829384028256,-0.547746524065059,0.153,0.174,1,SNX22
0.368439570619525,-0.73466438596413,0.053,0.037,1,LINC00471
0.368439570619525,-2.04225341462152,0.043,0.058,1,FAM159B
0.368740895959448,-0.295026784248851,0.043,0.029,1,ZFYVE28
0.368964592927658,-1.40018616582867,0.012,0.021,1,ADGRL4
0.368964592927658,-0.773200741722978,0.012,0.021,1,CELF5
0.368964592927658,-1.40472318552176,0.012,0.021,1,LINC00960
0.368975487006629,-1.0897914915499,0.053,0.037,1,CELF4
0.369004085040815,-1.67783837447047,0.022,0.012,1,RGS7BP
0.369176806620252,0.308236233365405,0.375,0.344,1,FRS2
0.369222012282998,-0.681219769720555,0.051,0.066,1,SP7
0.369234352964323,-2.37751616899528,0.006,0.012,1,ADAM28
0.369234352964323,-2.15907371134325,0.006,0.012,1,ADAP2
0.369234352964323,-2.72883167037601,0.006,0.012,1,ATP6V1B1-AS1
0.369234352964323,-1.76854790774391,0.006,0.012,1,C1QTNF9
0.369234352964323,-1.3825272455757,0.006,0.012,1,C1orf233
0.369234352964323,-1.56770874770282,0.006,0.012,1,CCDC175
0.369234352964323,-1.13770179231662,0.006,0.012,1,LOC645752
0.369272669698454,0.261788871521992,0.415,0.398,1,UCHL5
0.369281596087529,-0.628335966466962,0.033,0.021,1,GLYATL2
0.369905990560683,-1.26768836319537,0.012,0.021,1,EFCAB10
0.369967852420222,0.421856678381431,0.033,0.021,1,HOTAIR
0.369967852420222,-0.726008286631481,0.033,0.021,1,LOC101929194
0.370505577087117,-1.55126994101268,0.006,0.012,1,ATP8B3
0.370505577087117,-1.29825148442694,0.006,0.012,1,C19orf73
0.370505577087117,-0.935943076724945,0.006,0.012,1,EZR-AS1
0.370505577087117,-0.999581272356713,0.006,0.012,1,GOLGA8S
0.370505577087117,-1.64290415674475,0.006,0.012,1,KRT19
0.370505577087117,-0.879499235196217,0.006,0.012,1,LOC101927914
0.370505577087117,-1.71954276167276,0.006,0.012,1,SALL1
0.370654900592279,0.37534766122012,0.033,0.021,1,STAB1
0.371120688957631,-1.11121236427413,0.069,0.087,1,CCNE2
0.371255119682601,-0.53630105282199,0.112,0.133,1,ARHGEF9
0.371342740379332,-0.585934170194284,0.033,0.021,1,ALDH1L1
0.371420327515274,0.298701216663913,0.086,0.066,1,ZNF141
0.371552452659392,-0.587053378369899,0.136,0.108,1,ZNF785
0.371729929495667,-0.530034640498643,0.043,0.029,1,FAM86FP
0.371729929495667,0.428204679286996,0.043,0.029,1,HIC2
0.371732123336696,-0.266108750216102,0.749,0.743,1,NGDN
0.371779515488542,-0.931709075295431,0.006,0.012,1,DNAH9
0.371779515488542,-0.991044633478609,0.006,0.012,1,GABRB2
0.371779515488542,-1.10844981885296,0.006,0.012,1,LIN28B
0.371779515488542,-1.92578469599525,0.006,0.012,1,LINC-ROR
0.371779515488542,-1.24434449310169,0.006,0.012,1,LINC00310
0.371779515488542,-0.376533309437749,0.006,0.012,1,LOC285043
0.371779515488542,-1.22298026267409,0.006,0.012,1,PGCP1
0.372049547701397,-0.275989757823947,0.591,0.61,1,NUMB
0.37221543422347,-1.41573323569584,0.051,0.066,1,LYSMD1
0.372243048756934,-0.283467331696436,0.161,0.133,1,CXXC5
0.372337810193976,-0.524566258110993,0.196,0.224,1,METTL3
0.372550958896187,-0.350436692248532,0.2,0.224,1,POLR1B
0.373056166722106,-0.523496471611915,0.006,0.012,1,C14orf105
0.373056166722106,-0.946033504812279,0.006,0.012,1,HORMAD2
0.373056166722106,-1.54109321717436,0.006,0.012,1,LOC440173
0.373056166722106,-0.84950691327099,0.006,0.012,1,ZNF610
0.373248696363622,0.437661736389792,0.029,0.041,1,LRFN5
0.373411007143597,0.509584232028235,0.033,0.021,1,PLCXD3
0.37368463257537,-1.70200725798425,0.037,0.05,1,ZNF570
0.373686485949147,-0.50193203925715,0.012,0.021,1,DEPDC4
0.373686485949147,-2.40353432649465,0.012,0.021,1,LINC01226
0.373686485949147,-0.49133336018349,0.012,0.021,1,LRRC46
0.373686485949147,-1.12805937398779,0.012,0.021,1,SCARNA5
0.373695431744144,0.480621342034039,0.322,0.299,1,UTP20
0.374102011089344,-0.563856090466238,0.033,0.021,1,CCDC73
0.374102011089344,-0.412205818650281,0.033,0.021,1,LINC00649
0.37413194296915,-0.426395403535249,0.043,0.029,1,LOC441242
0.374335529307427,-1.89663198528131,0.006,0.012,1,CYP4F24P
0.374335529307427,-0.610451171655459,0.006,0.012,1,KLRAP1
0.374335529307427,-0.419857844898433,0.006,0.012,1,PCGF2
0.374335529307427,1.10262608575705,0.006,0.012,1,PLET1
0.374335529307427,-0.662721089164447,0.006,0.012,1,RGS7
0.374335529307427,-0.659231866165554,0.006,0.012,1,ROS1
0.374335529307427,-0.506762466494707,0.006,0.012,1,SLC22A9
0.374635333031434,-0.694116103684478,0.012,0.021,1,LOC100506125
0.374635333031434,-0.802228115894411,0.012,0.021,1,PRSS54
0.374635333031434,-0.286309098530473,0.012,0.021,1,TPO
0.374712880929971,0.364834271534606,0.171,0.149,1,NANP
0.374765635905642,-0.372972087003928,0.191,0.158,1,LOC154761
0.374958293221573,-1.49152899371173,0.022,0.033,1,ISPD
0.375282700037756,-0.42820068854005,0.104,0.083,1,CDAN1
0.375346106347322,-0.310175297285115,0.297,0.257,1,ZNF195
0.375379386807044,0.331257470297003,0.179,0.158,1,INTS1
0.375617601730183,-1.00682301552598,0.006,0.012,1,AANAT
0.375955373474495,-0.313799089779756,0.138,0.112,1,IFT122
0.376212021638538,0.770185331367328,0.075,0.058,1,RFXAP
0.37626606661738,-0.429183416102389,0.196,0.162,1,ZNF708
0.376366793340297,-0.774890565565594,0.081,0.062,1,CXADR
0.376524454914877,-0.776840893291242,0.047,0.062,1,LARS2
0.376537490764463,-0.463386349780716,0.012,0.021,1,CCR7
0.376537490764463,1.45851095456072,0.012,0.021,1,MS4A4A
0.376559218454799,0.340630797291996,0.155,0.133,1,UBL4A
0.377142922581366,-1.31094975256396,0.022,0.033,1,HFE
0.377142922581366,-1.62849552448007,0.022,0.033,1,KTN1-AS1
0.37739016473846,-0.601916598427338,0.067,0.05,1,PARP8
0.377490800141698,-0.860324775894775,0.012,0.021,1,ZBTB42
0.377699066830051,-0.294132720303527,0.106,0.083,1,TBC1D22B
0.37787287286936,-1.34917287599716,0.022,0.033,1,KCNQ5-AS1
0.378049617134194,0.498119206819191,0.016,0.008,1,B4GALNT3
0.378049617134194,0.894025996431671,0.016,0.008,1,GPR171
0.378049617134194,0.796214122993773,0.016,0.008,1,LDLRAD2
0.378049617134194,-0.413798895688307,0.016,0.008,1,OR7E12P
0.378049617134194,0.811112786187005,0.016,0.008,1,RAB41
0.378049617134194,-0.725728200003391,0.016,0.008,1,SEC1P
0.378234101839594,-0.27232294912664,0.46,0.485,1,ACAA2
0.378566110111401,-0.377165754789599,0.081,0.062,1,NFKBID
0.378603692920237,-2.03797298470624,0.022,0.033,1,PCNXL2
0.378636003289977,-0.860108297227807,0.063,0.046,1,ABCB10
0.378636003289977,-0.551036364399213,0.063,0.046,1,SSH3
0.378801731389192,0.4425944869234,0.308,0.29,1,OIP5-AS1
0.379051277103198,1.01869644619206,0.016,0.008,1,SMIM2
0.379193508358836,-1.06409133414359,0.033,0.046,1,RAB37
0.379335382436023,-1.92413093499049,0.022,0.033,1,DNM1P46
0.379401876656805,-0.630164950642671,0.012,0.021,1,B4GALNT4
0.379402993947427,0.526552608051762,0.057,0.041,1,LOC148413
0.380054568390261,0.792837332659516,0.016,0.008,1,CSPG5
0.380054568390261,0.78727334668276,0.016,0.008,1,PA2G4P4
0.380054568390261,0.446195042009191,0.016,0.008,1,PDCD1
0.380054568390261,0.688228403028162,0.016,0.008,1,VEPH1
0.380067941115216,-2.97862719694827,0.022,0.033,1,SELPLG
0.380331247743025,-0.366468870137185,0.081,0.062,1,FAM173A
0.380359642459498,1.32183742012767,0.012,0.021,1,IRF5
0.380413852392598,-0.524315959306459,0.169,0.191,1,GTF2H2
0.380693538445936,0.347400628595983,0.185,0.162,1,MMP14
0.380721702674942,-0.722323513701284,0.248,0.266,1,PHOSPHO1
0.380786832143056,-0.729845562819574,0.043,0.029,1,MEFV
0.380813389481223,-0.267823406837565,0.468,0.49,1,C10orf11
0.380839019018716,-0.273631988879617,0.493,0.502,1,CA2
0.381055484460681,0.603226060210051,0.033,0.021,1,BEND2
0.381059490213051,-0.359630395759495,0.016,0.008,1,CTAGE4
0.381059490213051,-0.476045725620985,0.016,0.008,1,SIDT1
0.381074485391006,-0.365463065263177,0.574,0.589,1,UHRF1BP1L
0.381226396522815,0.399355156553726,0.631,0.635,1,USP10
0.381285600884646,-1.39913739931146,0.051,0.066,1,SCARA5
0.381318892384998,-0.372158042847071,0.012,0.021,1,TMEM169
0.381375815239188,0.470463205018653,0.065,0.05,1,MTUS2
0.381435086694592,-1.41267145662553,0.053,0.037,1,WDR11-AS1
0.381465056386207,1.73448831277528,0.047,0.033,1,ASB5
0.381668117425869,-0.394389156740676,0.033,0.046,1,HIST1H1A
0.381793445483859,-0.357141573459932,0.051,0.066,1,LOC90768
0.382066041776795,-0.853900820586712,0.016,0.008,1,C22orf34
0.382066041776795,0.362374487089639,0.016,0.008,1,CORO6
0.382138185182924,0.390897939787877,0.334,0.307,1,LAMC2
0.38227082906525,-1.15069373309832,0.022,0.033,1,FBXO41
0.38227082906525,-1.65650715717663,0.022,0.033,1,SEC14L1P1
0.382279625739954,-0.385962346660192,0.012,0.021,1,ZNF625-ZNF20
0.382288314476467,-0.625940875204137,0.033,0.046,1,CDK18
0.3824726802448,-1.55240810050594,0.037,0.05,1,LRRC32
0.382520252326162,0.697333809432108,0.067,0.087,1,RALY-AS1
0.38256386797052,-0.396710831378242,0.061,0.079,1,LOC389906
0.382625996376734,0.530812563344973,0.047,0.033,1,LOC100506142
0.382625996376734,0.621610642761563,0.047,0.033,1,RSC1A1
0.38265513477482,-0.370112320373777,0.352,0.311,1,FAM180A
0.382880951275792,-0.268643444448837,0.153,0.124,1,TKFC
0.383006861312411,-1.4861912570975,0.022,0.033,1,MYOZ3
0.383074222274266,-0.27823912465736,0.016,0.008,1,CRB1
0.383074222274266,-0.744507088213519,0.016,0.008,1,CYP24A1
0.383074222274266,-0.875369553737579,0.016,0.008,1,LINC00330
0.383074222274266,-0.810271728242603,0.016,0.008,1,PRND
0.383074222274266,-1.20158492244285,0.016,0.008,1,SPX
0.383074222274266,-0.298689543609493,0.016,0.008,1,ZNF491
0.383211668339199,-0.393676388048778,0.067,0.05,1,NUDT16P1
0.383697628875535,-0.846845189533535,0.169,0.141,1,COL14A1
0.383780496131168,-0.727587516042028,0.079,0.1,1,LOC100287225
0.383828970309715,0.992351308990462,0.061,0.046,1,TTC12
0.383858949654977,-0.594333463474011,0.033,0.021,1,TPGS1
0.384084030885774,-0.540120017331638,0.016,0.008,1,CXorf58
0.384084030885774,0.392788907010051,0.016,0.008,1,SLC1A2
0.384378102880222,-0.258579196571549,0.458,0.49,1,BBIP1
0.384449265182328,0.377780982398135,0.075,0.058,1,LINC00431
0.384468991591166,0.315127986102947,0.365,0.332,1,PARD6G
0.384514143137202,-0.420920073427462,0.159,0.183,1,PYCRL
0.384775276124546,-1.61267813817519,0.033,0.046,1,IL10RA
0.384949816528944,-0.291306279130213,0.138,0.112,1,TEX9
0.384954364085265,-0.295990252349867,0.047,0.033,1,SMKR1
0.385010105500066,1.39478896758577,0.037,0.025,1,MARC1
0.385095466779152,-0.307137132547807,0.016,0.008,1,CD101
0.385095466779152,-0.556779256118323,0.016,0.008,1,FAM71D
0.385095466779152,-0.446517615904172,0.016,0.008,1,GPRC5D
0.385095466779152,0.373702932323011,0.016,0.008,1,LINC00854
0.385095466779152,-0.290693187954533,0.016,0.008,1,LOC344887
0.385095466779152,-0.405065575021926,0.016,0.008,1,TRIL
0.385200540497287,-0.397248776748731,0.057,0.041,1,PCDHB5
0.385227056303565,0.278551833954064,0.483,0.477,1,ZC3H7A
0.385537806692539,-0.421117203348874,0.047,0.033,1,MATN1
0.38565693121903,-0.354172646464574,0.069,0.087,1,ATP6V0E2
0.386108529109747,0.356876291097817,0.016,0.008,1,LOC101928731
0.386108529109747,-0.458643602841288,0.016,0.008,1,LOC388813
0.386398106676562,0.751487622688933,0.084,0.066,1,AGFG2
0.386492822245237,-1.55865040290557,0.041,0.054,1,STAMBPL1
0.386706311585868,0.254344072110349,0.047,0.033,1,LRRC61
0.386752635022864,0.441426860550541,0.098,0.079,1,LDB1
0.386756833736265,-0.26540807841733,0.719,0.668,1,PAFAH1B2
0.387041010240732,-1.00810282843093,0.157,0.174,1,TMEM116
0.38744126303686,-0.786998304234993,0.022,0.033,1,HERC2P3
0.387613688127734,0.61684909902408,0.067,0.05,1,NOX4
0.38779487262829,0.261570163941074,0.124,0.145,1,KCNN3
0.387794991342828,-1.06503808363764,0.2,0.216,1,OLFML3
0.388090720785343,-0.265308260035198,0.654,0.656,1,PQBP1
0.388139529641454,-0.753303235431321,0.016,0.008,1,CECR2
0.388139529641454,0.772653263303615,0.016,0.008,1,CYBB
0.388139529641454,-0.813779535577454,0.016,0.008,1,FTO-IT1
0.388401165760516,-0.61531606512352,0.037,0.05,1,CHRNA10
0.388443959361534,0.672104396653613,0.136,0.116,1,SETD6
0.388784512615721,-0.354039982905547,0.081,0.062,1,REEP2
0.388885073861833,-0.898099170537277,0.108,0.129,1,ANKDD1A
0.388927265097227,-0.39549050192239,0.295,0.253,1,UBE2D4
0.388933304192545,-0.2997449190657,0.114,0.091,1,CLEC16A
0.388946769755206,-0.308811729368347,0.061,0.046,1,SLC35G1
0.388997077012627,-1.11318747478835,0.037,0.05,1,STRC
0.389037094384588,-0.561209163824852,0.13,0.149,1,COG1
0.389157466090715,-1.39708014001451,0.016,0.008,1,APLNR
0.389163348602948,-0.307087705049659,0.58,0.585,1,CHMP4A
0.389231913636733,1.64761615766795,0.079,0.1,1,C4orf26
0.389484534896708,-0.620055324476222,0.081,0.1,1,ZNF429
0.39001091399443,-0.487212357582292,0.788,0.751,1,CACYBP
0.390177025473467,-0.888955544865952,0.016,0.008,1,GPC6-AS2
0.390238631416068,-1.20267931528078,0.124,0.145,1,DIRC2
0.390309328979635,1.35141663918654,0.037,0.025,1,LYPD5
0.39040700050952,-0.366802351435585,0.033,0.046,1,CEP131
0.390544174496305,2.03044042784712,0.073,0.058,1,RAB15
0.390893053005696,0.312667488043083,0.585,0.535,1,AASS
0.391071896054526,0.270603498371437,0.102,0.083,1,KBTBD7
0.391077174605372,-0.437394941982383,0.193,0.162,1,HOXC9
0.391480088538355,-0.782697006695641,0.108,0.129,1,LOC440434
0.391906826468666,0.653205960687636,0.022,0.033,1,AUNIP
0.391991275041093,-0.639440708629762,0.047,0.033,1,SPN
0.392118166037647,0.251893158383138,0.118,0.095,1,KIAA1841
0.392530387373481,1.05188005997354,0.01,0.004,1,C17orf64
0.392530387373481,-0.500733510666908,0.01,0.004,1,CMPK2
0.392530387373481,-0.380269462656355,0.01,0.004,1,OLFM3
0.392530387373481,-0.801177875534468,0.01,0.004,1,RETN
0.392530387373481,0.577847224371108,0.01,0.004,1,ROPN1L
0.392530387373481,-0.27285626877211,0.01,0.004,1,SNORA6
0.392567562010407,-0.336544877591068,0.648,0.639,1,TMEM11
0.392648524418204,-0.491566175411293,0.22,0.191,1,FER1L4
0.392877131383582,0.275373824754898,0.202,0.174,1,DGAT1
0.393034086683088,-0.714589948736157,0.24,0.261,1,RASL11A
0.393131092769954,-1.12115003424867,0.063,0.079,1,LINC01347
0.393407164913532,-0.795687546388708,0.289,0.307,1,TARSL2
0.393850219406057,0.795390233670831,0.01,0.004,1,ASB2
0.393850219406057,0.667340094756755,0.01,0.004,1,FREM1
0.393850219406057,-0.828600791805148,0.01,0.004,1,INSM1
0.393850219406057,0.387032333078189,0.01,0.004,1,KIAA1211L
0.393850219406057,0.391156045113241,0.01,0.004,1,LINC00968
0.393850219406057,-0.498341853419642,0.01,0.004,1,LINC01567
0.393850219406057,-0.707822366175989,0.01,0.004,1,LOC100507175
0.393850219406057,1.10963896624461,0.01,0.004,1,MYRF
0.393850219406057,0.258210249781738,0.01,0.004,1,PARPBP
0.393850219406057,-0.446758736065744,0.01,0.004,1,SH3GL1P2
0.393850219406057,-0.873521810740243,0.01,0.004,1,SLC16A9
0.393850219406057,1.02341315542363,0.01,0.004,1,TEX22
0.393850219406057,-0.643112655533487,0.01,0.004,1,TRPM2
0.393850219406057,0.306585149393521,0.01,0.004,1,USP50
0.394035513928152,-0.464009862314561,0.077,0.058,1,HIST1H2BJ
0.394312689033743,0.549288061293407,0.037,0.025,1,NHS
0.394312689033743,0.989509189337736,0.037,0.025,1,POT1-AS1
0.394443672984718,-0.377584855566274,0.381,0.398,1,HAGH
0.394901143359947,-0.668053344357345,0.022,0.033,1,TLL1
0.395172734458995,0.498237552992063,0.01,0.004,1,CLVS1
0.395172734458995,-0.670325032712342,0.01,0.004,1,CYP7A1
0.395172734458995,1.823382002548,0.01,0.004,1,FAM13C
0.395172734458995,1.66662290172841,0.01,0.004,1,LINC00961
0.395172734458995,1.04034976370502,0.01,0.004,1,RGS9
0.395172734458995,-0.659198049017137,0.01,0.004,1,RNASEK
0.395172734458995,-0.251864458489982,0.01,0.004,1,SPIN2A
0.395172734458995,0.714110912304812,0.01,0.004,1,STRA6
0.395172734458995,0.440832163320133,0.01,0.004,1,TM4SF1-AS1
0.395172734458995,-0.277107267199836,0.01,0.004,1,TPH1
0.395172734458995,-0.876138580722573,0.01,0.004,1,YBX3P1
0.395172734458995,0.730062699187678,0.01,0.004,1,ZIC4
0.395814818564107,-1.01006664972196,0.198,0.22,1,PXMP4
0.395902990249703,-0.714494429191739,0.183,0.203,1,SH3BGR
0.396032387639553,-0.647070687421831,0.055,0.071,1,SPATA7
0.39607238368716,0.997353922351016,0.051,0.037,1,CCDC103
0.396497930469161,0.275981165342287,0.01,0.004,1,ATE1-AS1
0.396497930469161,0.367577323658543,0.01,0.004,1,EDN2
0.396497930469161,-0.550892130632417,0.01,0.004,1,EVADR
0.396497930469161,0.609888165331516,0.01,0.004,1,HAP1
0.396497930469161,0.517717555354074,0.01,0.004,1,HCP5
0.396497930469161,0.329248648957154,0.01,0.004,1,KCNE2
0.396497930469161,-0.90527118849722,0.01,0.004,1,LOC101926892
0.396497930469161,-0.376153065761986,0.01,0.004,1,LOC101928324
0.396497930469161,0.375060440004425,0.01,0.004,1,LOC101929504
0.396497930469161,-0.432980935360461,0.01,0.004,1,MCF2
0.396497930469161,0.408487138387953,0.01,0.004,1,PSD
0.396497930469161,-0.907732611087596,0.01,0.004,1,SLFN13
0.396497930469161,0.601449392501412,0.01,0.004,1,WNT4
0.396567398109098,0.316331610861051,0.257,0.237,1,C6orf120
0.3965747731562,-0.311315279365396,0.12,0.095,1,ZDHHC14
0.39674539084939,-0.504398505218092,0.187,0.154,1,ARSK
0.396795344716429,0.445211137257859,0.232,0.203,1,ZNF507
0.397183804702595,0.797790503081186,0.222,0.199,1,WBP1L
0.397232983627078,-0.625164882988034,0.165,0.187,1,TUBGCP4
0.397361098500163,-0.297190044948225,0.026,0.037,1,HLA-DQA1
0.397369847149722,-0.604070611758693,0.187,0.154,1,SPECC1L
0.397398145849797,-0.851379726737386,0.037,0.05,1,TAB1
0.397825805338791,-0.893714006102528,0.01,0.004,1,ADGRF1
0.397825805338791,-0.485062952806188,0.01,0.004,1,C15orf52
0.397825805338791,-0.628915205368718,0.01,0.004,1,C9orf152
0.397825805338791,-0.865652924427415,0.01,0.004,1,CCDC108
0.397825805338791,-0.910866340050208,0.01,0.004,1,DLEU7-AS1
0.397825805338791,-0.333192340903942,0.01,0.004,1,EPCAM
0.397825805338791,-0.894630773953915,0.01,0.004,1,ERC2-IT1
0.397825805338791,-0.754915001812239,0.01,0.004,1,LINC00540
0.397825805338791,-0.514404024451422,0.01,0.004,1,LINC01587
0.397825805338791,-0.324591745166364,0.01,0.004,1,LOC100129617
0.397825805338791,-0.891243565463515,0.01,0.004,1,LOC101927973
0.397825805338791,-0.515906103483036,0.01,0.004,1,LOC102723831
0.397825805338791,-0.593090875720875,0.01,0.004,1,LOC400548
0.397825805338791,-0.286611907109848,0.01,0.004,1,TTK
0.397825805338791,-0.668752457347186,0.01,0.004,1,TXLNB
0.397861098761632,-1.17004406884934,0.063,0.079,1,ZNF287
0.398002203569386,-0.556198584187309,0.271,0.295,1,BBS12
0.398063673731814,-0.391496210246608,0.096,0.075,1,SFXN5
0.398169811364831,-0.371928848080838,0.198,0.162,1,RFC4
0.398667918778137,1.24596339880143,0.026,0.017,1,GDPD3
0.398667918778137,1.72951077516767,0.026,0.017,1,RPTN
0.399074857723033,-0.851611738538941,0.242,0.203,1,EEF2K
0.399154893460918,2.25782730337809,0.061,0.079,1,FGL2
0.399156356935459,-1.64105303293033,0.01,0.004,1,BCL6B
0.399156356935459,-1.13826693030832,0.01,0.004,1,DIAPH2-AS1
0.399156356935459,-1.0060948472607,0.01,0.004,1,DNASE2B
0.399156356935459,-1.50248804057349,0.01,0.004,1,DPP6
0.399156356935459,-1.18110173417956,0.01,0.004,1,F12
0.399156356935459,-1.03900013383493,0.01,0.004,1,FAM78B
0.399156356935459,-0.583375334807686,0.01,0.004,1,HIGD1C
0.399156356935459,-1.60758801784917,0.01,0.004,1,HS6ST3
0.399156356935459,-1.77048520832348,0.01,0.004,1,LOC101928834
0.399156356935459,-0.997470550139696,0.01,0.004,1,LOC103908605
0.399156356935459,-0.883243215330111,0.01,0.004,1,MAFTRR
0.399156356935459,-0.686570938750501,0.01,0.004,1,MGC16142
0.399156356935459,-1.19155501309699,0.01,0.004,1,OLFML1
0.399156356935459,-0.74825364808885,0.01,0.004,1,PCDHGA9
0.399156356935459,-1.55375217193963,0.01,0.004,1,PRSS8
0.399156356935459,-0.822647203527298,0.01,0.004,1,SCN3A
0.399156356935459,-1.1761678076386,0.01,0.004,1,SRL
0.399156356935459,-1.31706506062326,0.01,0.004,1,SUN3
0.399156356935459,-1.90725206140871,0.01,0.004,1,SYT1
0.400174370445148,-0.672933008733863,0.022,0.033,1,FGF14-IT1
0.400605364163876,0.878234694173555,0.088,0.071,1,ISM2
0.400606487933123,-0.576106884784021,0.157,0.129,1,DNAH17-AS1
0.400665841145181,0.759460993963804,0.079,0.062,1,LINC00482
0.40093112889195,0.545023788036882,0.022,0.033,1,C8orf37
0.401039917020343,0.271859083600619,0.037,0.025,1,UNC93B1
0.401062245590078,-0.619104514839737,0.026,0.017,1,IL23R
0.401103321253233,-0.477356324009496,0.21,0.174,1,HAUS1
0.401244896174268,-0.295904599628649,0.792,0.801,1,BDH2
0.401646066750705,2.18702767157486,0.191,0.162,1,CCL7
0.401757613372813,-0.581325125121049,0.169,0.191,1,REXO4
0.401851455526651,-1.84510743710199,0.088,0.104,1,SH3PXD2B
0.401997106985038,-0.791606575162718,0.041,0.054,1,FAM169A
0.402035228366724,0.339640933779574,0.102,0.083,1,TEAD2
0.402288760754561,-2.04112874981132,0.026,0.037,1,HMHA1
0.402455735384419,-0.282797310748188,0.393,0.34,1,MRPL24
0.402593847288147,0.406575467261054,0.326,0.303,1,LINC01426
0.40269181360463,-0.723868358959438,0.047,0.033,1,PDE1C
0.402709525444931,-0.2800899487668,0.096,0.075,1,SGSH
0.403196758510387,-0.512951992061251,0.232,0.261,1,RBM4
0.403465187171478,0.544656646267207,0.026,0.017,1,HS1BP3
0.403465187171478,-0.515714373322005,0.026,0.017,1,ZNF716
0.403530702909034,0.277640451160133,0.226,0.199,1,DNPEP
0.403698062766173,-0.655667056928848,0.086,0.104,1,RUNX3
0.403747320511453,0.483511986217128,0.084,0.066,1,PRX
0.404068937855989,0.827759003581855,0.051,0.037,1,KIF7
0.404116843396143,0.378793518244211,0.098,0.079,1,ENTHD2
0.404137432177993,-0.597476522812634,0.073,0.091,1,ALDH5A1
0.40426807983477,0.38155704357361,0.026,0.017,1,LOC101926940
0.405071927745156,1.04782400688174,0.026,0.017,1,ADAM19
0.405071927745156,0.725649521279651,0.026,0.017,1,SARM1
0.405071927745156,0.822560464109866,0.026,0.017,1,SCNN1D
0.40512094717489,-1.27520345425246,0.026,0.037,1,GNRHR
0.40512094717489,-1.7650772639111,0.026,0.037,1,MDFI
0.40532914003835,0.648965185990859,0.23,0.212,1,CDK2
0.40549529084559,-0.347519287919972,0.136,0.112,1,PPIEL
0.405767077644033,-0.327517363641143,0.179,0.149,1,MMS19
0.405817171218649,-0.365426460886816,0.566,0.556,1,LTV1
0.405830851728146,-2.96298353912599,0.026,0.037,1,OAS2
0.40590769212713,-0.354462037721524,0.037,0.05,1,DPY19L2
0.405980396543968,-0.668295340583025,0.063,0.079,1,CDKN2B-AS1
0.4062524633874,0.510998288265259,0.022,0.033,1,MAP2
0.406297208633723,-0.307248755157857,0.047,0.033,1,BHLHB9
0.406353555641117,-0.326087231754818,0.077,0.095,1,EFCAB13
0.406485297338993,0.647378332750405,0.145,0.124,1,POMT1
0.40666166099578,-1.53187647231795,0.041,0.054,1,SKIDA1
0.406682487305517,-1.05087772002432,0.026,0.017,1,FALEC
0.406682487305517,0.397794439961588,0.026,0.017,1,PALD1
0.407466144742784,0.557231518177002,0.281,0.253,1,ULK2
0.40750327612514,-0.40420379777628,0.047,0.033,1,MGC16275
0.40771210071247,-0.583079562807592,0.061,0.046,1,ADCY5
0.407835603320773,-0.773336369216958,0.037,0.025,1,MBLAC2
0.407909170252765,0.76939201276902,0.138,0.12,1,ARHGAP20
0.408023606877121,0.349220023098421,0.389,0.369,1,CASP3
0.408056432953812,0.456844353231776,0.11,0.091,1,DCAF17
0.408233524046437,-2.71746862616978,0.016,0.025,1,LOC100507140
0.408518925760151,-0.378713286144387,0.037,0.025,1,AGBL3
0.409122709288631,-1.83014227945023,0.016,0.025,1,WEE2-AS1
0.409296989955316,-0.315163968523405,0.13,0.154,1,ETV6
0.409299865615287,-1.31892025176069,0.061,0.046,1,LOC440600
0.409476397365795,-0.935215076337159,0.057,0.041,1,LOC642776
0.40978167552199,-0.457771241565821,0.218,0.191,1,DCUN1D3
0.409915047121992,-0.805087867954008,0.026,0.017,1,CBLN3
0.410013045978539,-2.23448648084841,0.016,0.025,1,E2F5
0.410146992048111,-0.372992208656948,0.12,0.1,1,KIAA0556
0.410572979469098,-0.425280545275482,0.037,0.025,1,FAM86HP
0.410572979469098,-1.31403654520591,0.037,0.025,1,SPDYE1
0.410891303321048,-0.268602000221512,0.061,0.046,1,MGC57346
0.411356881012889,-0.431315778642496,0.124,0.104,1,ZNF26
0.411795229788401,-0.637157874901162,0.055,0.071,1,ZNF112
0.411797170894252,-2.33897394038702,0.016,0.025,1,GVINP1
0.41213659623022,0.267331799771039,0.253,0.228,1,TMEM133
0.412264970614361,0.32758584744776,0.079,0.062,1,ZNF185
0.412633156054083,-0.956257353372188,0.037,0.025,1,LOC100132057
0.41265537866172,-1.84250522979226,0.031,0.041,1,PIP5KL1
0.413285240351856,0.483446476295813,0.242,0.216,1,GBP4
0.41332124070894,-0.462391945370879,0.037,0.025,1,LINC00853
0.413411017021991,-0.352761945384177,0.322,0.282,1,VPS13B
0.413535786181868,-0.277267494248515,0.108,0.087,1,PCYOX1L
0.413718736357194,-0.65513941359942,0.041,0.054,1,DNM3
0.413825650616507,0.540899392450199,0.055,0.041,1,DNAJB5
0.413834962485986,1.38300600132701,0.081,0.066,1,ARHGAP22
0.413977155063473,-1.08743070680034,0.026,0.017,1,LINC01411
0.414052181296969,0.336316250620182,0.073,0.091,1,PSTK
0.414139134603159,-0.288391746766862,0.079,0.062,1,ABCA9
0.414336630223669,-0.375396137795384,0.224,0.191,1,SRP14-AS1
0.414385741182461,1.1373351185703,0.055,0.041,1,ZNF767P
0.414481976408015,-1.27186280452503,0.016,0.025,1,AP4B1-AS1
0.414490988216774,0.811611880071713,0.051,0.037,1,CHRNA7
0.41537920685076,-1.50440833288904,0.016,0.025,1,RCOR2
0.415608644765986,-0.953631313429123,0.026,0.017,1,ANO2
0.41591660909672,-0.556858630612253,0.124,0.104,1,USP31
0.416557036772206,0.395939413075028,0.069,0.054,1,MAP3K6
0.416621678130397,0.514926431568427,0.096,0.079,1,TRIM41
0.417159477740388,-0.313985187214843,0.153,0.129,1,NME5
0.417177106215697,-1.26768135802815,0.016,0.025,1,CHMP1B2P
0.417293700938625,-0.68887210244451,0.061,0.046,1,TRIM60
0.417344189897393,0.936887397272312,0.041,0.029,1,FAM86C1
0.417627968502143,0.491255272041217,0.092,0.075,1,LRRC14
0.417628039904051,-0.950136304207216,0.149,0.12,1,MYD88
0.417950129300457,0.273074725855347,0.487,0.448,1,SDF2L1
0.418077773638916,-0.286000316414013,0.016,0.025,1,CNTNAP3
0.418156826960918,-0.840721020944193,0.037,0.025,1,CCDC102A
0.418583795010539,-0.47710096658718,0.122,0.1,1,LIPA
0.418653662396064,0.910503294423957,0.041,0.029,1,MDGA1
0.418773127657979,-0.281825703149228,0.477,0.411,1,OSR2
0.418874122091911,-0.431015658546515,0.037,0.05,1,FAHD2CP
0.418940179034308,0.615652074733574,0.381,0.39,1,CDKN2B
0.418979585212337,-1.00398157063172,0.016,0.025,1,CTNND2
0.419020829954633,-0.454028865607692,0.248,0.22,1,GUCD1
0.419137740360875,0.439200429981768,0.151,0.129,1,PXMP2
0.419622004235888,-0.254438296600072,0.64,0.647,1,GTF3A
0.419882540169998,-1.24883107201841,0.016,0.025,1,LOC151475
0.419882540169998,-1.33655544995705,0.016,0.025,1,NPC1L1
0.419942685042164,-0.270119744621566,0.075,0.058,1,TANC2
0.419948649868091,-0.427389501159634,0.589,0.581,1,TTC14
0.419965549835475,0.546602451201634,0.041,0.029,1,EMID1
0.420195896774615,-0.557562219786182,0.426,0.436,1,FARSB
0.420306173055541,0.368937857065593,0.094,0.075,1,MTMR7
0.42057627224517,0.62933335759652,0.055,0.041,1,POLA2
0.420786637739339,-0.788135679737616,0.016,0.025,1,DMBT1P1
0.420786637739339,-1.04175409900002,0.016,0.025,1,LOC643623
0.420931039352318,-0.401684821116588,0.202,0.17,1,DZIP3
0.421371264355692,-0.28627449464374,0.037,0.05,1,CASC2
0.421586765555022,-1.32792465619194,0.151,0.166,1,KIAA1467
0.421678587038992,-0.287669948130517,0.432,0.386,1,PMM1
0.421707629570656,0.585901475392697,0.055,0.041,1,FBXL19-AS1
0.421851250043106,-0.626044391410517,0.114,0.091,1,BCORL1
0.422160378717309,-0.275596126977348,0.079,0.062,1,LINC00545
0.422684754077519,-0.250382383379599,0.31,0.266,1,DHDDS
0.422723617377191,-0.766458953355025,0.191,0.212,1,ZNF581
0.422775681495612,0.476404771391284,0.179,0.158,1,LONRF3
0.422943310469419,0.338808634564823,0.084,0.066,1,ZSCAN30
0.423076242505247,-0.414421749981158,0.102,0.12,1,INPP5E
0.423213903030791,-0.639373895165789,0.061,0.046,1,LZTS2
0.423222733120253,-0.568208031302078,0.279,0.245,1,MBTPS2
0.423296254879105,-0.527634880403016,0.051,0.037,1,NBPF9
0.423337559908083,-0.3588538162044,0.324,0.344,1,ABCD3
0.423394556129794,-0.403753282363605,0.226,0.191,1,NIPSNAP3B
0.423505778292872,-1.05475237647113,0.016,0.025,1,DLX2
0.423505778292872,-1.3143142376793,0.016,0.025,1,FAM35DP
0.423743868550443,1.09458033720242,0.073,0.058,1,IRF8
0.423867914474029,-0.402761912768653,0.778,0.763,1,ARPC4
0.424190095672317,-0.768897685355364,0.1,0.079,1,ZNF337
0.424429798913891,-0.27215668027821,0.621,0.548,1,AK4
0.424478507249282,-0.959192383534485,0.051,0.037,1,INTS6-AS1
0.42451229758186,-1.07266022942992,0.065,0.05,1,LOC101927683
0.424836996488229,-0.323359205099838,0.061,0.046,1,SDSL
0.424850648864655,-0.282237202597866,0.825,0.776,1,SCPEP1
0.424922990578097,-0.431472697593064,0.126,0.145,1,ZNF76
0.425093513322348,0.377599062363049,0.342,0.324,1,INPP4A
0.42512227721828,0.302631985203345,0.165,0.145,1,DNAJC13
0.425261330440453,-0.300360379651877,0.222,0.195,1,LINC00485
0.425324237259689,-0.353722325033829,0.016,0.025,1,CD1D
0.425324237259689,-0.546470647241527,0.016,0.025,1,LOC101928882
0.425560462602451,-0.864538689209534,0.065,0.05,1,TPTE2P1
0.425681409101574,-0.255201920901121,0.055,0.041,1,PPTC7
0.425712567303784,0.419157782391032,0.299,0.274,1,SH2B3
0.426233964299156,-0.750092477405019,0.124,0.1,1,ZNF649
0.426561127240461,0.702807553505512,0.041,0.029,1,LINC00535
0.427084480916152,-0.88917893541486,0.049,0.062,1,PSMG3-AS1
0.427147247570611,-0.381638284804514,0.016,0.025,1,DSCAM
0.427147247570611,-1.06204071673343,0.016,0.025,1,UNC13D
0.427223990527115,0.422138102683794,0.041,0.029,1,ZNF865
0.427385833544797,-0.378309475243247,0.21,0.178,1,CEP41
0.427429063833275,0.462652202321004,0.411,0.402,1,XPO6
0.427478995379088,-0.257757575765807,0.251,0.22,1,WHAMM
0.428204342632363,-0.682134437457655,0.026,0.037,1,TMEM198B
0.428214784447688,-0.507414154603346,0.147,0.12,1,TTC5
0.428283498995715,-0.34410382895208,0.222,0.195,1,COQ10A
0.428324011772836,0.573444755305558,0.088,0.071,1,ZNF436
0.428450694832079,-0.576468227834901,0.055,0.071,1,PDCD6IPP2
0.428727724687053,-0.933139822258646,0.086,0.066,1,CTPS2
0.428791527473855,-0.379309640328992,0.407,0.423,1,AMPD2
0.429168807462522,-0.262254693949066,0.835,0.842,1,COL9A3
0.429216177647566,0.828024910894538,0.041,0.029,1,SLC25A25-AS1
0.429216177647566,0.513751489049664,0.041,0.029,1,ZNF423
0.429274911306062,-0.797034694140812,0.053,0.066,1,MFSD9
0.42962010148854,0.409958197597705,0.91,0.842,1,FOXK1
0.430287336136341,-0.593903924743688,0.293,0.307,1,COQ5
0.430434962866511,-0.366515915906773,0.754,0.726,1,EEF1E1
0.430467821518703,0.361508466396694,0.151,0.129,1,VSIG10
0.430547296898622,0.615180230906897,0.041,0.029,1,DLX6-AS1
0.430806895811513,-0.542535910834279,0.016,0.025,1,CHRFAM7A
0.431173775387013,0.277319051623604,0.073,0.058,1,C1QTNF2
0.431414155796669,-0.305208523295637,0.228,0.199,1,RBL2
0.431592121928358,-0.555822755505689,0.248,0.274,1,CA13
0.431724642057259,-0.923674482164308,0.016,0.025,1,SV2C
0.431880808719717,-0.930676901280125,0.041,0.029,1,GDNF
0.431993128802955,-0.763351752967041,0.151,0.124,1,C3orf14
0.432585773538366,-1.41292079680973,0.102,0.083,1,SLC28A2
0.432620288523672,0.682492839618654,0.183,0.162,1,ZYG11B
0.432643520270113,-0.265594566685917,0.016,0.025,1,CAPN12
0.43265735180872,-0.661923428871156,0.206,0.17,1,CDC23
0.432669749818025,-0.566866591791768,0.238,0.257,1,STAG3L4
0.433095047419004,-0.337373046932941,0.318,0.274,1,NAGA
0.433233802340992,-0.573869320187739,0.071,0.087,1,ZNF473
0.433277523117121,-0.773512121826446,0.169,0.191,1,CHCHD6
0.433569285350066,0.335397470076745,0.096,0.079,1,LINC01588
0.433624444238126,0.938682579827376,0.12,0.104,1,ZNF316
0.434103410301902,0.310111112640501,0.041,0.054,1,ZNF500
0.434166762574384,0.516895333672835,0.073,0.058,1,PROSER2
0.434484669129933,-0.295405717888205,0.016,0.025,1,ORC1
0.434662582803135,-0.667833155651924,0.075,0.058,1,ENTPD1-AS1
0.434767934110398,0.869639832171093,0.031,0.021,1,PCDHB2
0.434831886931568,0.309441985973522,0.026,0.037,1,LOC100506368
0.434908830375258,-0.348254828377926,0.145,0.166,1,METTL15
0.434994228560542,1.17113537252304,0.077,0.062,1,KCTD21
0.435719821933799,-0.314796600966227,0.713,0.718,1,TOMM34
0.435789189332427,-0.533209735514005,0.071,0.054,1,LINC00475
0.435941779318577,-2.0191604030261,0.035,0.046,1,PPP1R42
0.435999500259416,-0.392197419539283,0.055,0.041,1,SLAMF6
0.436074607700335,-0.508770519755096,0.338,0.303,1,ZSCAN22
0.436330335390253,0.674506813501796,0.016,0.025,1,IL7R
0.436349227644732,-0.476463256599621,0.181,0.203,1,UBXN11
0.436418063233324,-0.568834545414918,0.153,0.17,1,SLC26A11
0.436566903299977,-1.4560949850174,0.041,0.029,1,TRAF5
0.436576924296927,-0.443497989030002,0.055,0.041,1,AIMP2
0.436601405414433,-3.13311547001946,0.035,0.046,1,ZDHHC1
0.437008200583066,-1.14357386724856,0.051,0.037,1,IFIT1
0.43703427390955,-0.267076472903835,0.157,0.133,1,CCDC181
0.437066860305568,0.982530835003418,0.02,0.012,1,PRO1804
0.437095426491798,1.04338849809562,0.031,0.021,1,CX3CL1
0.437603277850656,0.595951609498647,0.059,0.046,1,MT1DP
0.437911148674412,0.636769222526264,0.041,0.029,1,LOC100507431
0.438050081431411,-1.2237769927085,0.031,0.041,1,HOXA3
0.438311837546053,0.683796479740684,0.055,0.041,1,ZNF154
0.438405597609585,0.272280771034587,0.523,0.506,1,MEDAG
0.438651065586194,0.870670884249718,0.031,0.021,1,C8orf58
0.438748671494846,-0.536537889225773,0.031,0.041,1,APLN
0.43878945482474,-0.614467061080823,0.065,0.05,1,LINC01492
0.438987507882243,0.848593637935436,0.02,0.012,1,LOC102724927
0.438996127808723,-0.474573991295701,0.069,0.054,1,RALGPS2
0.439271401816,-0.27405515989758,0.582,0.589,1,MOCS2
0.43941872822111,-0.371978227953639,0.051,0.037,1,GALNTL6
0.439735014739985,1.07245961798894,0.045,0.033,1,FGF9
0.439949646954897,0.8004181167408,0.02,0.012,1,NRGN
0.439949646954897,0.368078008053639,0.02,0.012,1,PKP1
0.439949646954897,0.743372322500959,0.02,0.012,1,SCN4B
0.440128783089001,-1.31230980832925,0.053,0.066,1,ICOSLG
0.440147770466425,-0.754469898849361,0.031,0.041,1,CCDC38
0.440345290739761,-0.957096910070945,0.132,0.108,1,TTC39B
0.440395748020844,1.0156376331747,0.059,0.046,1,APOE
0.440912994855325,0.974365873843826,0.02,0.012,1,CEP72
0.441212150129906,-1.08244707653761,0.055,0.041,1,MEPE
0.441515591053282,1.12341236797095,0.059,0.046,1,MYLK
0.441518270345971,0.543040956756323,0.026,0.037,1,C9
0.441551075787447,0.565120901467079,0.122,0.104,1,PCNXL3
0.441628203646797,-1.29178018100124,0.124,0.141,1,SYDE2
0.441771870420215,1.19470020507877,0.031,0.021,1,PILRA
0.441771870420215,0.673022362821316,0.031,0.021,1,SRRM3
0.44189907370541,-1.95716298433613,0.035,0.046,1,IFI44
0.441958139916511,-0.845371319256478,0.041,0.029,1,MCM9
0.442010995868025,0.637559488087597,0.065,0.083,1,LSM14B
0.442251210120456,-1.51191550013187,0.031,0.041,1,ANGEL1
0.442251210120456,-0.69329900058945,0.031,0.041,1,SPAG8
0.442273294113459,-0.459954288713159,0.118,0.095,1,CEP19
0.44230762820656,0.451191721257282,0.159,0.137,1,UNC13B
0.442419977529098,-1.0363020116877,0.098,0.079,1,TRPV1
0.442554053159411,-0.331780342821157,0.031,0.021,1,SCARF1
0.442638973700996,-0.576669426866386,0.269,0.286,1,C9orf142
0.442763915808549,-0.310194684524832,0.354,0.373,1,EBPL
0.442953632731853,-1.21145843196768,0.031,0.041,1,DEPDC5
0.442953632731853,-1.1160616840903,0.031,0.041,1,GPR88
0.443141581086297,-1.03705340458777,0.122,0.141,1,HOXC-AS1
0.443229217296846,-0.51896016617481,0.035,0.046,1,EYS
0.443810281175559,0.342805811943063,0.02,0.012,1,MEIG1
0.443830485904906,-0.421351980561209,0.454,0.461,1,DPCD
0.443958372585278,-0.623414374976834,0.2,0.216,1,CH17-340M24.3
0.444172040786306,-0.430153583840275,0.322,0.278,1,STARD13-AS
0.444193039402796,-0.822629400987874,0.216,0.241,1,BPI
0.444341821573142,-0.467523923857881,0.112,0.091,1,GLB1L
0.444463771844607,-0.67535476433986,0.257,0.274,1,SLC35A5
0.444652839419191,-0.721595250751419,0.108,0.087,1,SOCS7
0.444778454000975,-0.532656358784337,0.02,0.012,1,MAFK
0.444778454000975,1.31703959399109,0.02,0.012,1,ZNF221
0.444905348176641,-0.515053772953997,0.031,0.021,1,LOC101929199
0.444927516026631,0.29872916652355,0.092,0.075,1,STK11
0.445037685047856,0.270698777522196,0.136,0.116,1,IGHMBP2
0.445408857131352,-0.974423073367248,0.147,0.12,1,FAM84A
0.445619131747513,-2.42180222742238,0.02,0.029,1,C3orf35
0.445690693575355,0.571949753853887,0.031,0.021,1,PPM1N
0.445690693575355,0.471568359482857,0.031,0.021,1,TMEM191A
0.445747830422692,0.863932700120996,0.02,0.012,1,PRSS50
0.446443655047451,-0.263642084146778,0.741,0.747,1,JMJD6
0.446695943280007,-1.10604182474273,0.051,0.037,1,RAVER2
0.446706574154538,-1.82077802046993,0.041,0.029,1,LOC100128239
0.44671840937136,-0.3674980185347,0.02,0.012,1,DUOX1
0.44671840937136,0.320552534310407,0.02,0.012,1,IGSF9B
0.44671840937136,-0.612351811526671,0.02,0.012,1,LINC00839
0.447168369872792,-0.653637029649239,0.301,0.315,1,PDK1
0.447389421066704,-0.25226033737783,0.126,0.104,1,C7orf60
0.44769018976994,-0.868030890427841,0.02,0.012,1,ITGA8
0.44769018976994,0.555372056025063,0.02,0.012,1,PAPPA2
0.44769018976994,-0.452290245468519,0.02,0.012,1,UCN2
0.447836635937989,0.259988082008204,0.43,0.473,1,SOCS3
0.448028812485241,-0.739404129243385,0.13,0.108,1,ZNF248
0.448355808189289,-1.47709313870319,0.09,0.071,1,MATN4
0.44836921841157,-0.434678885714567,0.12,0.104,1,IL2RG
0.448512788598002,-0.340023995528395,0.112,0.091,1,TAF1C
0.448556162180019,-0.435759449038124,0.35,0.361,1,ILF3-AS1
0.448595924295489,0.42255857871975,0.031,0.041,1,CNTD1
0.448663170533705,-1.31782417223369,0.02,0.012,1,FREM2
0.448663170533705,-0.456451833590799,0.02,0.012,1,TMEM8C
0.449113182360016,0.588172184672223,0.206,0.187,1,DROSHA
0.449414464735576,0.538523744215481,0.281,0.261,1,ZNF506
0.449525263467326,-0.346018543180447,0.114,0.095,1,ZZEF1
0.449568457005817,0.254399192025508,0.399,0.378,1,BCKDHA
0.449587611368262,-0.641578121204976,0.238,0.207,1,GRTP1
0.449608104776152,-0.27393771449101,0.12,0.1,1,DYNLRB2
0.449612037072435,-0.446183139380242,0.436,0.39,1,MLH1
0.449637350570237,-0.480884802452066,0.02,0.012,1,ASGR1
0.449637350570237,-1.22969005058875,0.02,0.012,1,HOXC4
0.449637350570237,-0.547663627284708,0.02,0.012,1,LOC101929095
0.449637350570237,0.614765498268077,0.02,0.012,1,PANX3
0.449637350570237,0.798744069380744,0.02,0.012,1,PPP1R14A
0.449637350570237,-0.260065396977176,0.02,0.012,1,TMEM213
0.449756374020658,-0.579623918014179,0.267,0.286,1,STK17B
0.450612728779429,0.771852609493596,0.02,0.012,1,FAM64A
0.450612728779429,-1.01718874407199,0.02,0.012,1,PILRB
0.450612728779429,-0.793524121674063,0.02,0.012,1,ZNF114
0.450722257054441,-0.923350748536641,0.031,0.041,1,LTF
0.450768225421798,-2.88281108251131,0.01,0.017,1,ARMC4
0.450768225421798,-1.0531152427071,0.01,0.017,1,LOC101927954
0.450841305315343,-0.470643253242435,0.073,0.058,1,HTR3B
0.451582443433957,-0.53481095211194,0.377,0.386,1,ALKBH2
0.451589304053481,3.86074744038946,0.02,0.012,1,LCE1E
0.451589304053481,-0.28121937646576,0.02,0.012,1,LINC00269
0.451589304053481,-0.849211703880827,0.02,0.012,1,ZNF624
0.451721479263949,-0.271333481451572,0.079,0.095,1,SLC24A1
0.451771449603623,0.275845197249828,0.519,0.494,1,DHCR7
0.451796311202409,0.86153976026027,0.122,0.1,1,LOC284950
0.451808494981,0.32086325482662,0.096,0.079,1,FAM45B
0.451808494981,0.303911210401892,0.096,0.079,1,RASSF3
0.451879109747668,-0.337188212254894,0.295,0.253,1,MYO9A
0.451939075127376,-1.54768673685572,0.01,0.017,1,CDH4
0.451939075127376,-1.84621397245575,0.01,0.017,1,MUC22
0.451951020407287,0.602134633523076,0.112,0.095,1,SELO
0.452332302326368,-0.530294078749749,0.13,0.108,1,THOP1
0.452333080712141,-0.402765306327091,0.055,0.041,1,LOC100506136
0.452425576632786,-0.315436370023563,0.591,0.515,1,WDR77
0.452452003220049,-2.17729058248634,0.02,0.029,1,FAM170B
0.452511471279561,-0.687161279808374,0.141,0.158,1,FAM111A
0.452567075276902,-0.382598878554902,0.02,0.012,1,C11orf53
0.452567075276902,-0.713787096345626,0.02,0.012,1,KIAA1958
0.452567075276902,-0.469947328846868,0.02,0.012,1,LOC389247
0.452567075276902,-0.444371629334059,0.02,0.012,1,PCDHGB6
0.452599838199629,-0.269048301081148,0.735,0.743,1,DDOST
0.452733673653967,-0.559507783415466,0.147,0.166,1,ZNF107
0.452803192193321,0.619466285945743,0.053,0.066,1,TRH
0.452854147705163,-0.859470756773237,0.041,0.029,1,LINC00886
0.453111642277756,-2.34133226235373,0.01,0.017,1,LINC00857
0.453182786940011,0.294026919742014,0.454,0.432,1,POLR3D
0.453546041326509,-0.507471252885437,0.02,0.012,1,CFHR3
0.453547165970714,-1.19762936960337,0.1,0.116,1,ZNF23
0.453587460916654,0.256924409357564,0.031,0.021,1,RGS17
0.453628746700332,0.284435405229468,0.397,0.365,1,TSNAX
0.453952396818432,-2.49648746200793,0.035,0.046,1,CDH2
0.454041808308852,0.529921009053449,0.112,0.095,1,BAK1
0.454157575192758,0.275319701538861,0.069,0.054,1,THAP10
0.454207913666833,0.656266156294834,0.063,0.05,1,GALNT13
0.454285924933024,-1.81339088138725,0.01,0.017,1,DIO3OS
0.454285924933024,-1.41532969490575,0.01,0.017,1,LINC01176
0.454304547370337,0.409157491916318,0.206,0.183,1,SUGP1
0.454381456074147,-1.90279232066907,0.031,0.021,1,BMP5
0.454509669660617,-0.443366862800733,0.381,0.39,1,BHLHE41
0.454551711728634,0.277313697123018,0.151,0.133,1,LNPEP
0.454928683392548,1.05097497600777,0.067,0.054,1,SNORA33
0.454991996128777,-0.63996676239906,0.031,0.041,1,SRGAP3
0.455029511354219,-0.707182921417537,0.02,0.029,1,HCAR1
0.455029511354219,-0.985902043995426,0.02,0.029,1,PCDHGA10
0.455461921137392,-1.75482265630873,0.01,0.017,1,ADAM23
0.455461921137392,-1.39833251821728,0.01,0.017,1,CATIP-AS1
0.455461921137392,-1.47298012103641,0.01,0.017,1,ERICH1-AS1
0.455461921137392,-2.66824685152605,0.01,0.017,1,LOC284412
0.455461921137392,-1.11975392433711,0.01,0.017,1,P2RX1
0.455507553373074,-0.713047833676339,0.02,0.012,1,ALDH4A1
0.455525938074461,-0.636339080285949,0.291,0.249,1,ANKRD13A
0.455539363676716,-2.49096561491278,0.039,0.05,1,CALCA
0.455582903892876,-0.780636256327795,0.208,0.228,1,LYVE1
0.45575815190459,1.03832891078618,0.035,0.025,1,SLC6A16
0.45575815190459,1.16344810549945,0.035,0.025,1,ZNF295-AS1
0.455877585970251,-0.836265317132523,0.055,0.041,1,LINC00942
0.45592474243133,-0.449487278533541,0.084,0.1,1,CREB3L4
0.456290005874406,-1.77582610182039,0.041,0.029,1,PABPC5
0.456457861227702,-0.396483022497472,0.189,0.162,1,MARCH8
0.456490097085199,-0.825762659148803,0.02,0.012,1,C8orf49
0.456542302693845,0.762107501677674,0.124,0.108,1,TAMM41
0.456639628919192,-1.20720443526821,0.01,0.017,1,LINC00441
0.456639628919192,-1.00744500600601,0.01,0.017,1,LOC284379
0.456639628919192,-2.00931893782619,0.01,0.017,1,PPP1R26-AS1
0.456655872907381,-1.61760617108116,0.035,0.046,1,XRCC2
0.457000129304616,0.255872409214038,0.232,0.212,1,SDC3
0.457053544763165,-0.685984299945122,0.118,0.133,1,PTRH1
0.457089017315565,-1.23283490099527,0.175,0.187,1,NVL
0.457565258374743,0.550606473569056,0.031,0.021,1,APOBEC3A
0.457615268276592,-1.00782854177866,0.02,0.029,1,CALN1
0.457819046290882,-0.833180722668326,0.01,0.017,1,CDC42BPG
0.457819046290882,-1.28997285299344,0.01,0.017,1,DLEC1
0.457819046290882,-0.977247370556387,0.01,0.017,1,HOXA-AS3
0.457819046290882,-0.709865668882602,0.01,0.017,1,MAP3K15
0.457819046290882,-0.986452925239775,0.01,0.017,1,SKA3
0.457819046290882,0.401821178319783,0.01,0.017,1,TMEM191C
0.458010996908619,-0.936585654996422,0.035,0.046,1,LOC100288254
0.458085523363485,0.50492373003937,0.2,0.178,1,BLOC1S3
0.458458754117336,-1.21760892769774,0.02,0.012,1,SCARNA10
0.458567445910999,-0.488713580994938,0.031,0.041,1,PLEKHH3
0.458966486168004,-0.576762754062252,0.328,0.34,1,GCHFR
0.459000171249038,-0.92388654902313,0.01,0.017,1,DND1
0.459000171249038,-1.34889826344777,0.01,0.017,1,DUXAP8
0.459000171249038,-0.86909770787845,0.01,0.017,1,EBI3
0.459000171249038,-1.1586643254883,0.01,0.017,1,PTPN20
0.459000171249038,-0.939216378713438,0.01,0.017,1,TTC41P
0.459083028632251,0.709432588391732,0.116,0.1,1,PTDSS2
0.459397812831428,0.563547231431218,0.09,0.075,1,IDI2
0.459411714973966,-1.07655334476351,0.039,0.05,1,LOC100289361
0.459444865106348,-0.818600349904335,0.02,0.012,1,AGAP2-AS1
0.459740473204157,-2.67302514471493,0.041,0.029,1,ROR1-AS1
0.460090967139626,-0.344967483070411,0.593,0.527,1,KCTD12
0.46018300177436,-1.3736700625904,0.01,0.017,1,C1orf158
0.46018300177436,-1.02417562290505,0.01,0.017,1,PAPL
0.460209252933409,-0.917640926867899,0.02,0.029,1,SNHG4
0.460264044096907,-0.255370578593087,0.273,0.237,1,LRRC27
0.460521536750241,-1.84780861001324,0.045,0.033,1,EMCN
0.460761545784899,-1.72805989476524,0.031,0.021,1,IL18R1
0.460761545784899,-2.0401236045509,0.031,0.021,1,LOC441455
0.461179850547837,0.860302929892249,0.045,0.033,1,RASL10A
0.461367535831668,-0.683207389631827,0.01,0.017,1,LOC101929577
0.461367535831668,-0.873652589169957,0.01,0.017,1,SIX3
0.461454187751848,-1.32200824522266,0.043,0.054,1,CYP2C18
0.461764409058059,-0.849264621248262,0.163,0.137,1,NEK6
0.461972733998848,-0.465786353812725,0.079,0.095,1,ALG6
0.462441405797405,0.386225249409718,0.159,0.141,1,ZNF236
0.462553771369904,-0.523808707405579,0.01,0.017,1,LRRC75A
0.462553771369904,-0.353267003101038,0.01,0.017,1,VWA3A
0.46263339595192,-0.334721681197636,0.187,0.158,1,RIC1
0.462811443902426,-0.550033291255978,0.02,0.029,1,SLC37A1
0.462814650055083,0.332173153180945,0.104,0.087,1,HLA-J
0.463004026058595,-0.6921996928177,0.128,0.108,1,EHD3
0.463738164141894,-0.586301970534205,0.145,0.12,1,C16orf46
0.463741706322135,-0.348509879609894,0.01,0.017,1,FAM86C2P
0.463741706322135,1.34664581702269,0.01,0.017,1,LINC01206
0.463741706322135,-1.02048237846772,0.01,0.017,1,TLL2
0.463741706322135,-1.5340441243619,0.01,0.017,1,ZFHX2
0.463859776653906,-0.964773768497488,0.069,0.083,1,KCNIP4
0.464931338605548,-0.487472790079492,0.01,0.017,1,BMP8B
0.464931338605548,-0.285352776212971,0.01,0.017,1,RFPL3S
0.465140757136316,-0.848109471533937,0.045,0.033,1,BHLHE40-AS1
0.4652835559038,-0.454318766069493,0.077,0.062,1,TBC1D16
0.465421819392914,-0.909307594351474,0.02,0.029,1,PRR23C
0.46582282335833,-0.567814015368169,0.552,0.535,1,G0S2
0.465922678679161,-0.377031535839258,0.257,0.232,1,KANSL1
0.46609616040966,-0.971818504564892,0.185,0.199,1,LINC00160
0.466122666121456,0.309805767967299,0.01,0.017,1,CCL8
0.466888142748417,-0.364337373275045,0.619,0.614,1,GADD45GIP1
0.467020020525226,0.430204136388421,0.126,0.108,1,UVSSA
0.46706630624332,-0.435941069410102,0.206,0.178,1,CCDC30
0.467104694315756,-0.562623079670179,0.477,0.485,1,TIMM8A
0.467126857299207,-0.914543395524391,0.1,0.116,1,ZNF440
0.467315686755297,-0.875751360382012,0.01,0.017,1,APOBEC3B-AS1
0.467315686755297,-0.743243505799534,0.01,0.017,1,IPPK
0.467315686755297,0.934875804993699,0.01,0.017,1,KIF25
0.467747369970452,-0.319125230703361,0.234,0.203,1,COG7
0.46779183409226,-0.504369677634584,0.045,0.033,1,C5orf45
0.467872481409646,-0.620751358231273,0.073,0.058,1,TNFSF9
0.467941423384003,-1.14991257091334,0.053,0.066,1,FMNL1
0.468455909073032,-0.565662765753166,0.045,0.033,1,ZNF8
0.468962581524763,-0.662670119655138,0.191,0.162,1,SYCE1L
0.469016532966615,-0.999353165962463,0.116,0.133,1,PEX14
0.469055582370964,-0.450889498021023,0.299,0.261,1,TTC28-AS1
0.469197142158981,-0.514199797891944,0.283,0.245,1,SERTAD3
0.469252483289608,0.696637434400451,0.035,0.025,1,SYTL1
0.46935685637771,0.293510471989692,0.365,0.344,1,CEP95
0.469481237818141,-0.772616931374339,0.446,0.444,1,GABRA4
0.469836082657875,0.53269575316666,0.1,0.083,1,PDP1
0.469975540555705,-0.262697001110809,0.473,0.485,1,PLA2G16
0.470008592237157,0.759027996940084,0.035,0.025,1,LOC91450
0.470482877586138,-0.719433268191716,0.039,0.05,1,TEF
0.470749456815972,-0.550782884804232,0.102,0.116,1,COX20
0.4709289247379,0.49545138289045,0.086,0.071,1,TMEM164
0.470964464404016,1.06420386922427,0.108,0.091,1,CLEC2B
0.47099574963666,-0.461912391751198,0.094,0.075,1,LOC100130691
0.471604427841386,-0.277623213733702,0.379,0.394,1,SLC7A6
0.471784099968522,-0.305500829284019,0.045,0.033,1,FCHSD1
0.472047721875186,-0.757538674494316,0.141,0.158,1,TECPR2
0.472070623668213,-0.768277145778966,0.043,0.054,1,CLSTN3
0.472451791410017,-0.917743776410198,0.039,0.05,1,CRYM-AS1
0.472474014671533,0.350923328324386,0.236,0.22,1,ZNF277
0.472699283446669,-1.01447465326554,0.043,0.054,1,FAM83H-AS1
0.472708342216184,-0.276161571344791,0.267,0.278,1,ACYP1
0.472731774178649,-0.359670776853564,0.049,0.037,1,L1TD1
0.473025234033962,-0.54652489861017,0.147,0.124,1,ANKS3
0.473164059148867,-0.306748540572599,0.177,0.149,1,ACTG1P20
0.473307109368128,0.572213811181615,0.138,0.12,1,GAREML
0.473362652182404,-0.679200925234076,0.147,0.166,1,UCK1
0.473418117809545,-0.299736039595333,0.077,0.062,1,TRIM3
0.473526249940563,-0.797227050945217,0.059,0.046,1,MAMDC4
0.473529110363497,-0.500849329744711,0.214,0.237,1,TMEM175
0.47370550304401,-0.333314753530561,0.261,0.232,1,TET2
0.473787253831541,-1.24406733647827,0.045,0.033,1,LINC01311
0.473799215331904,0.770818235510074,0.035,0.025,1,ANKRD9
0.474559351743642,0.467687649697004,0.035,0.025,1,MMRN2
0.474750720162341,-0.58004817492687,0.114,0.095,1,CC2D1A
0.475076788398023,-0.601627018923428,0.181,0.154,1,ABHD10
0.475091190172054,-0.467029179446127,0.261,0.282,1,NT5C
0.475390775200761,0.444637402893092,0.063,0.05,1,NUDT7
0.47546306802801,-0.269996087867942,0.438,0.394,1,ANKRD13C
0.475585152930273,-0.259036905263073,0.224,0.245,1,GPC5
0.475684289919263,1.10346754382583,0.075,0.062,1,ZNF383
0.475696920755857,-0.594521718552224,0.756,0.747,1,COL12A1
0.476081631881779,0.80399076532635,0.035,0.025,1,TSNAXIP1
0.476198921967848,0.681406427762743,0.108,0.091,1,ZSCAN32
0.476567868660962,0.404565090081466,0.049,0.037,1,ZNF441
0.476874175138744,0.520716308356162,0.09,0.075,1,ADGRL1
0.476966742752132,-0.451422556139701,0.112,0.095,1,CENPL
0.477151971478998,-0.356680623476868,0.189,0.166,1,AMIGO2
0.477451993766242,-0.761827355039151,0.061,0.075,1,ZNF688
0.477563932769126,-0.393646987779515,0.071,0.087,1,C19orf44
0.477672710702712,0.397641340458855,0.071,0.058,1,L3MBTL3
0.477711128226232,0.750171176343509,0.02,0.029,1,MYH7B
0.477788944602519,-0.534496807876943,0.153,0.129,1,AGO1
0.478029271382337,-0.609022224121224,0.126,0.104,1,CDK20
0.478124172431839,-0.296084796334566,0.149,0.166,1,DISP1
0.478153767334834,-1.05532266529719,0.024,0.033,1,HOXA7
0.478211745585353,-0.447335514600111,0.088,0.071,1,LOC100420587
0.478434049958837,-0.685550600942407,0.234,0.203,1,CPT1A
0.478595676205127,-0.295853778525527,0.02,0.029,1,CALCRL
0.479134707837403,0.448369214613201,0.049,0.037,1,RASGEF1A
0.479293907253515,-1.24067098173754,0.047,0.058,1,HIPK1-AS1
0.479297928127709,-0.363335131872774,0.153,0.129,1,CFAP126
0.479431997600034,0.353582552085488,0.098,0.083,1,HINFP
0.479632417428826,0.667090637900954,0.147,0.129,1,MGC27345
0.479689761307341,0.906497009430763,0.106,0.124,1,ERMP1
0.479708839858389,-0.758752467507494,0.102,0.083,1,LRRC28
0.480548053658553,-0.767283298291493,0.059,0.046,1,INAFM2
0.481273918630935,-0.451067082283911,0.092,0.075,1,LOC101930071
0.481305472317059,0.607882554854309,0.173,0.158,1,VPS26B
0.481391619496734,0.4105144863363,0.32,0.303,1,PDGFD
0.481523533254906,-0.42887853378667,0.069,0.054,1,THRB-AS1
0.481582924884927,-0.824116246828545,0.226,0.249,1,SPTSSB
0.481734568968895,-0.384414631882686,0.367,0.336,1,SERPINA6
0.481840457616922,-0.450082746528701,0.428,0.444,1,MRPL19
0.482168615275814,-0.437399032211011,0.273,0.295,1,CEP44
0.482197433050768,0.546680304545924,0.035,0.025,1,STARD5
0.482249297380688,-1.33492533488636,0.024,0.033,1,CTD-2201I18.1
0.482456698509085,0.491453763606828,0.179,0.162,1,TTF2
0.482634386438352,-0.419005156875776,0.189,0.212,1,KRBOX1
0.482683231147847,-0.264996299584813,0.253,0.224,1,DUSP3
0.483212229843731,-0.570245682012054,0.116,0.133,1,MGME1
0.483395366438445,-0.917761563046433,0.204,0.174,1,KLF3-AS1
0.48345671536972,-1.16236915219705,0.043,0.054,1,CNKSR1
0.483509306631853,-1.16097046439348,0.13,0.108,1,TRIM16L
0.483733030375067,0.419396444484272,0.035,0.025,1,RASGRF2
0.483733030375067,-0.269371278260469,0.035,0.025,1,ZNF74
0.483955983173735,-0.324675266281164,0.515,0.535,1,LDOC1
0.484434184259428,0.471784092080768,0.193,0.174,1,ZNF574
0.484713404561194,-0.520168140724646,0.11,0.091,1,NAA40
0.484730324112883,-0.259575934553904,0.752,0.718,1,COPS3
0.484879529643981,-0.371069599699997,0.149,0.129,1,SUV39H2
0.48496612510562,-0.500405738740692,0.599,0.593,1,CRISPLD1
0.484967783956534,-0.368835891476258,0.053,0.041,1,LRAT
0.485091021735819,-0.563199559558518,0.092,0.075,1,CASP9
0.485126859694491,0.530741679178138,0.094,0.079,1,HERC2P7
0.485271277122239,-0.695688207720943,0.035,0.025,1,YPEL1
0.485271277122239,-2.36803099153142,0.029,0.037,1,COL19A1
0.485596639876634,0.272158509653763,0.116,0.1,1,F8
0.486047852976323,-1.01108897936416,0.092,0.075,1,ZNF615
0.486137370179319,-0.335551048805858,0.242,0.257,1,PLEKHA2
0.486517967550215,-0.656196418170294,0.212,0.178,1,OSBPL11
0.486632493956936,-0.754745932666895,0.014,0.008,1,STUB1
0.486632493956936,0.903785116574927,0.014,0.008,1,TEX12
0.486832951006387,0.601020730768295,0.169,0.149,1,RAB39B
0.486973262827138,-1.09030256670202,0.086,0.1,1,FLI1
0.486987932227164,-0.69600079429871,0.088,0.071,1,SFMBT2
0.487157638900039,-0.427008910010261,0.208,0.174,1,SIAE
0.487265223847997,2.52009034784095,0.102,0.087,1,GAL
0.487293408863009,0.362315388689322,0.153,0.137,1,EFCAB2
0.487601030132456,0.531292297600524,0.1,0.083,1,LOC101928093
0.487647695066361,-0.755429669354899,0.073,0.087,1,NAB2
0.487853958696494,0.755994914743972,0.014,0.008,1,ANKRD20A4
0.487853958696494,1.31058520268404,0.014,0.008,1,LOC100130417
0.487853958696494,1.80462147301662,0.014,0.008,1,LST1
0.487853958696494,1.39682514712346,0.014,0.008,1,SHANK2
0.487918469557772,-0.658583217462034,0.116,0.095,1,STAP2
0.488014933411571,0.86478575726068,0.024,0.033,1,AIF1
0.488429597684241,-0.688155247426043,0.169,0.187,1,MARCKS
0.488982422924573,-2.48201636682524,0.09,0.104,1,SLIT2
0.488985696093651,-0.609620868523491,0.073,0.058,1,NLRP8
0.489077075780257,0.982461224713589,0.014,0.008,1,LPAR5
0.489077075780257,0.851770419531306,0.014,0.008,1,RGS20
0.489102178727532,-0.632847494108452,0.132,0.112,1,SH3GLB2
0.489469864046742,0.611024261189946,0.136,0.12,1,ASTE1
0.489528845705396,-0.970815257537033,0.717,0.635,1,TAGLN
0.48960312803985,-0.27573829873674,0.358,0.32,1,NSUN6
0.490272869043647,0.322632727214434,0.495,0.448,1,XPNPEP3
0.490301842792615,0.418222795695948,0.014,0.008,1,C1orf204
0.490301842792615,-0.497579128778112,0.014,0.008,1,HIST1H2AM
0.490487589966398,-0.617782803791001,0.043,0.054,1,TIGD5
0.490664671271027,-0.316459237436125,0.595,0.544,1,SIKE1
0.490801815894573,0.433483941177241,0.094,0.079,1,CTDP1
0.490805186192717,-0.544697758549705,0.497,0.473,1,APEX1
0.491443945112672,1.33789470782808,0.024,0.017,1,LHX4-AS1
0.49145066242586,-0.370371548992456,0.035,0.025,1,STBD1
0.491528257302162,1.34527297848948,0.014,0.008,1,DCHS2
0.491528257302162,0.409382756824585,0.014,0.008,1,EHF
0.491528257302162,0.864220407453196,0.014,0.008,1,EPHA7
0.491528257302162,0.283476351795853,0.014,0.008,1,HCG4B
0.491528257302162,-0.622412471527394,0.014,0.008,1,LINC00982
0.491528257302162,0.271688835231246,0.014,0.008,1,LOC101927043
0.491528257302162,0.771600105785854,0.014,0.008,1,SAC3D1
0.491528257302162,-0.544907828014471,0.014,0.008,1,SLC2A14
0.491528257302162,0.911339501867112,0.014,0.008,1,TTTY14
0.491994497581903,-0.686919542032219,0.124,0.104,1,GNG2
0.491996299325424,0.308653748656129,0.179,0.162,1,POU2F1
0.492155901727915,-0.991615142138984,0.024,0.033,1,CLIC5
0.492155901727915,-0.750508994248271,0.024,0.033,1,LINC01431
0.492413562822943,0.629791805538124,0.118,0.104,1,ZNF561-AS1
0.492449939866493,-0.605458102891516,0.081,0.066,1,ANKRD45
0.492679792929322,-0.269222965900102,0.682,0.697,1,THAP9-AS1
0.492756316861699,0.272833898544946,0.014,0.008,1,ADCY10
0.492756316861699,-0.365726599804584,0.014,0.008,1,LOC494141
0.492756316861699,0.379900089456195,0.014,0.008,1,SLC26A1
0.493186353508989,-0.428761254681796,0.224,0.237,1,GTF3C2
0.493407927000815,0.28868796152755,0.613,0.598,1,JAM3
0.493468089089156,-0.453870003313715,0.081,0.066,1,CECR1
0.493714166058681,0.538937353183174,0.079,0.066,1,RUNX1T1
0.493724722644878,0.721242836546734,0.039,0.029,1,LINC01354
0.493733347609495,1.00124587429694,0.039,0.05,1,CPVL
0.493790106142525,0.62835567047312,0.071,0.058,1,HSD17B7P2
0.493949140822627,0.624465401070167,0.128,0.112,1,AR
0.493986019008245,0.514034547888171,0.014,0.008,1,FBXL22
0.493986019008245,-0.259938059496731,0.014,0.008,1,HAMP
0.493986019008245,0.489631522362044,0.014,0.008,1,KRT7
0.493986019008245,-0.69344518985382,0.014,0.008,1,MSS51
0.494170580354628,-0.53839104416352,0.242,0.212,1,TMEM161B
0.494222483777977,0.975108299349767,0.024,0.017,1,CCNA2
0.494541861916701,-0.439899252612469,0.159,0.178,1,MAN2A2
0.494649500519252,-0.779128854593966,0.024,0.033,1,ZDHHC23
0.494705089522698,-0.450790348040275,0.092,0.075,1,MAP3K11
0.494706447406277,0.570038158354909,0.098,0.083,1,TMOD1
0.494811372229086,-0.290482046156754,0.189,0.166,1,TAF6
0.494811796236853,-0.293120080638913,0.379,0.34,1,MYNN
0.495150527158819,-0.267393980405599,0.024,0.017,1,ROBO2
0.49521736126304,-0.991732623169933,0.014,0.008,1,LMNB1
0.49521736126304,-1.17144462669595,0.014,0.008,1,LOC101926911
0.49521736126304,-0.878724281173831,0.014,0.008,1,MAGEE1
0.49521736126304,-0.819463627448828,0.014,0.008,1,RAB40A
0.495334127722083,-0.77270969308321,0.035,0.025,1,SULT2A1
0.495347137509662,-0.608973209453994,0.049,0.037,1,PDIA3P1
0.49560144311264,0.640808874889985,0.132,0.116,1,MED25
0.495705798120278,0.386144195942775,0.23,0.216,1,CYP3A5
0.495910866679488,0.458127337271841,0.116,0.1,1,RAB3IP
0.496001673382519,-0.658547030394995,0.049,0.037,1,ZNF276
0.496058950488749,-0.634716529754919,0.273,0.282,1,TASP1
0.496079500676542,-0.347855539430704,0.024,0.017,1,THEM5
0.496079500676542,0.359427639709171,0.024,0.017,1,ZNF878
0.496315644412699,-1.24143843146723,0.024,0.033,1,GNRHR2
0.496450341131553,-0.601636081583838,0.014,0.008,1,CARNS1
0.496450341131553,-0.49195171868136,0.014,0.008,1,FBF1
0.496450341131553,0.68617131071294,0.014,0.008,1,LOC101927575
0.496552454643023,-0.831603273122473,0.059,0.046,1,ZSCAN12P1
0.49683732965829,0.391848681369225,0.053,0.041,1,SAXO2
0.496964160324236,0.425236502519406,0.165,0.149,1,TCIRG1
0.497009403257924,-0.400891598999027,0.024,0.017,1,CES4A
0.497249940457287,-0.327277786276945,0.297,0.332,1,AAAS
0.497551932400652,-0.999850722091368,0.081,0.066,1,GRAMD4
0.497684956103491,-1.10924717947225,0.014,0.008,1,CPEB1
0.497694891629672,-2.82022233625383,0.014,0.021,1,MBLAC1
0.497940233824662,0.952437410873102,0.024,0.017,1,CD248
0.49821989694915,-0.877123069964873,0.043,0.054,1,C1orf145
0.498348100067242,-0.680805394217107,0.051,0.062,1,LOC101928700
0.498452660834674,-1.70318952331809,0.029,0.037,1,SLC8A3
0.498481012984311,-0.430989309751582,0.102,0.083,1,GNG4
0.498540631096213,-1.03610143347977,0.114,0.095,1,GSR
0.498624425132465,-0.899734009313321,0.049,0.037,1,LOC101927018
0.498681471183046,-0.975373470035433,0.063,0.075,1,LINC00663
0.49887199129337,-0.967059710358212,0.024,0.017,1,C2orf15
0.498921203652807,-0.888626783224058,0.014,0.008,1,ANKRD29
0.498921203652807,-0.707870601046087,0.014,0.008,1,PCDH7
0.498938765920657,-0.429488584273334,0.187,0.166,1,KCNAB1
0.499330274776975,-0.65550053434387,0.289,0.257,1,EXOSC6
0.499514889837605,-0.956416762450552,0.043,0.054,1,LINC00115
0.499524829772437,0.306050423945681,0.242,0.224,1,TBCD
0.499601619120322,0.375690922467233,0.039,0.029,1,SVEP1
0.499656891591963,-0.730587860939742,0.024,0.033,1,PLA2G7
0.499780865977767,-0.579785398893786,0.094,0.108,1,OSGEPL1
0.499804674575586,0.490249446345169,0.024,0.017,1,TPTE2P3
0.499858862602169,-0.517127564201493,0.067,0.054,1,PSRC1
0.499858862602169,-1.98963795865939,0.059,0.071,1,ZNF174
0.500035922930582,-1.85251863020727,0.081,0.095,1,CLDND2
0.500159081237705,-0.886021382417795,0.014,0.008,1,KCNJ8
0.500204347278796,1.88908309706142,0.334,0.315,1,LOC648987
0.500738282577769,-0.69818475476997,0.024,0.017,1,RHBDL3
0.500754797214765,-0.340380836711904,0.155,0.137,1,MNS1
0.501161249651663,-0.676621783311877,0.063,0.05,1,TP53I11
0.50139858630065,-0.750358837552888,0.014,0.008,1,HOXA13
0.50139858630065,-1.216274528632,0.014,0.008,1,LOC101928858
0.50139858630065,-0.969548821848238,0.014,0.008,1,MANEA-AS1
0.50139858630065,-1.95105011280941,0.014,0.008,1,MMP11
0.50139858630065,-1.7881673689662,0.014,0.008,1,TCAM1P
0.501445736716554,-2.02511340643735,0.033,0.041,1,RASSF2
0.501497274210666,-0.332571887397349,0.477,0.44,1,TMEM170A
0.501580228347176,-0.664629832646318,0.196,0.216,1,VAV3
0.501993236911731,-1.96237551544529,0.014,0.021,1,NOD2
0.502168294857542,0.296925294599203,0.218,0.245,1,C10orf10
0.502170641734003,-0.949249740695613,0.024,0.033,1,C19orf35
0.502348431267592,-0.804055814630061,0.118,0.1,1,LOC100287846
0.50236546155216,-1.44296643880457,0.029,0.037,1,SAP25
0.502513318524529,0.40349878089911,0.053,0.041,1,LIG1
0.50253684145434,-0.560511295351595,0.096,0.112,1,FAM200A
0.502608268342503,-0.387687506336778,0.024,0.017,1,RAET1E
0.502608268342503,-0.284530134493187,0.024,0.017,1,RAPGEFL1
0.502672687968637,1.00374002620362,0.067,0.054,1,MMP19
0.503091102884046,-0.361476956006381,0.328,0.295,1,HMGN5
0.503302367805491,-0.483105706991751,0.479,0.498,1,SPRYD4
0.503544643892609,-0.565406221511901,0.024,0.017,1,THEMIS2
0.503800558249679,-1.31709933944153,0.059,0.071,1,NAT6
0.503829116886291,-0.307692865190028,0.387,0.344,1,TMEM181
0.504216596391091,1.30607578441805,0.114,0.1,1,MEN1
0.504481939737794,-0.458424417349918,0.024,0.017,1,ZNF879
0.505098112820309,-0.277750281906297,0.075,0.062,1,SAMD9
0.505229840834655,-0.814233459773517,0.014,0.021,1,LOC101927619
0.505804259743595,-0.467146485579145,0.179,0.195,1,SMIM8
0.505941247475005,0.566551686387804,0.106,0.091,1,DBNDD1
0.50616896939837,-0.448687743140203,0.051,0.062,1,MKL2
0.506311146409693,-1.47329888381828,0.014,0.021,1,AGAP7P
0.506311146409693,-1.21186488554436,0.014,0.021,1,LINC01317
0.506341163588812,-0.853093171809008,0.071,0.058,1,FZR1
0.50635928783277,-0.606019126396171,0.024,0.017,1,CDS1
0.506600296447081,-1.23374525445006,0.228,0.195,1,NOS2
0.50705556338722,-0.397503166968831,0.35,0.311,1,EXTL2
0.507130839052143,-0.57286980933286,0.09,0.104,1,EHMT2
0.5072412379653,-0.406960451567427,0.128,0.108,1,RANBP10
0.507299337829586,-0.709320120264996,0.024,0.017,1,EPPK1
0.507299337829586,-0.414509340834029,0.024,0.017,1,HOXA4
0.507299337829586,-0.818580803861878,0.024,0.017,1,PCAT5
0.507299337829586,-0.625918885098137,0.024,0.017,1,RGPD4
0.507536866735411,-0.61885598505876,0.165,0.183,1,CYP39A1
0.507748332135214,-0.505163464548057,0.34,0.299,1,PCNT
0.507973374568593,-0.673256492670989,0.039,0.05,1,LOC100996437
0.508114293766496,-1.19444454163224,0.033,0.041,1,CCDC152
0.508240303615537,-0.893008967894559,0.024,0.017,1,HMGN2P46
0.508325362796197,-0.559753071942158,0.067,0.054,1,ST6GALNAC2
0.508477403636366,-1.169756588275,0.014,0.021,1,ATP1B4
0.508486128499939,0.954803940264371,0.039,0.029,1,ZNF860
0.508530497254108,-0.43877754914258,0.295,0.257,1,EPB41L5
0.509091687647813,-0.624429931607095,0.063,0.075,1,PCAT7
0.509182184051491,-1.30491782817104,0.024,0.017,1,HSD17B6
0.509459884920349,-0.435854188085733,0.067,0.054,1,LOXL1
0.50949229541,-0.532976878775567,0.259,0.224,1,DPAGT1
0.509525407683043,-0.254526901136405,0.193,0.17,1,LOC643387
0.509562351815368,-1.05115887512949,0.014,0.021,1,IRX1
0.509720006755327,0.440702993636163,0.175,0.162,1,NPTX2
0.509825597066081,-0.282838341442188,0.462,0.415,1,RPL23AP53
0.509920777466889,0.41717379982948,0.09,0.075,1,SHPK
0.510239534895604,-0.733812252597939,0.029,0.037,1,USP44
0.510455203871733,-0.375102643980136,0.33,0.353,1,PRKACB
0.510579425816967,0.382285699799493,0.212,0.191,1,HABP4
0.51059570598125,0.404836762288491,0.193,0.178,1,TMPO
0.510648510708244,-0.968114282619388,0.014,0.021,1,HNF4A-AS1
0.510648510708244,-1.11903182689161,0.014,0.021,1,MLC1
0.510648510708244,-1.25580683898896,0.014,0.021,1,TCP10L
0.510768721434338,0.658750526947988,0.132,0.116,1,SLC25A45
0.511054765120379,-0.626973338594401,0.138,0.154,1,LIPT1
0.511159613305206,-0.571597622310318,0.242,0.253,1,FAN1
0.511268600846826,-0.259485716695826,0.208,0.178,1,OSGIN1
0.511732900389465,-1.02292141629039,0.067,0.054,1,NOS3
0.511735878556464,-0.983110756684528,0.014,0.021,1,LOC100288748
0.511735878556464,-1.28209663080708,0.014,0.021,1,PDZD7
0.511836705596055,1.03939506903303,0.043,0.033,1,RNF138P1
0.512063552339078,-0.34511263815857,0.112,0.095,1,WDR53
0.512237623530856,-0.585644498856039,0.222,0.237,1,CDK5RAP1
0.512824453592623,-1.68730355280869,0.014,0.021,1,PLLP
0.51307424293069,-0.806251691893269,0.126,0.141,1,CHEK2
0.513131619101715,-0.351782146066088,0.375,0.34,1,NMRAL1
0.513327475608396,-0.803113975352198,0.053,0.041,1,LOC100049716
0.513632663651104,0.398978312278021,0.411,0.394,1,ST6GALNAC6
0.513803791439198,0.830027454996936,0.061,0.05,1,PLD2
0.513905265757937,-2.03777292790229,0.024,0.017,1,LOC100506476
0.513914234040446,-1.1554645877975,0.014,0.021,1,C2orf88
0.513914234040446,-1.20288532027407,0.014,0.021,1,GDAP1L1
0.514034763579449,-0.422359859283278,0.047,0.058,1,EEPD1
0.514369519721205,-0.32978225191067,0.415,0.432,1,C4orf27
0.514954274591425,-0.253025330219561,0.332,0.299,1,CXorf40A
0.515109295376158,0.307388356439509,0.171,0.154,1,MAP1S
0.515158366012798,1.92288336908781,0.073,0.087,1,EREG
0.51543986024993,-0.603445714854808,0.397,0.411,1,UBR1
0.515598791228367,-0.413391173060729,0.13,0.145,1,CTU2
0.515797530875523,-0.699445696972923,0.096,0.079,1,KIAA1407
0.515891464815714,0.488302447200244,0.456,0.44,1,RASGEF1B
0.515952679549973,-0.372953024391162,0.039,0.029,1,GAST
0.516097404021656,-1.92113378840778,0.014,0.021,1,GFRA1
0.516097404021656,-0.548727444113753,0.014,0.021,1,LOC100133315
0.516097404021656,-1.00841189592882,0.014,0.021,1,SNORA20
0.516370341697541,0.49828425257607,0.075,0.062,1,GSAP
0.516716659084119,-1.45671584870925,0.175,0.191,1,ANGPT2
0.517167819696636,0.330046263519251,0.336,0.32,1,HSBP1L1
0.51719078995819,-0.579708177137255,0.014,0.021,1,GUCY1A2
0.5174506486039,0.401517649815237,0.075,0.062,1,LOC155060
0.517452785382404,-0.485545038477652,0.039,0.029,1,SAMD5
0.517890146246999,-0.280821077472435,0.134,0.116,1,AGPAT3
0.518285374112689,-0.796708362290872,0.014,0.021,1,KLHL6
0.518285374112689,-0.414464693828847,0.014,0.021,1,TTC23L
0.51895514557742,-0.375916334664797,0.039,0.029,1,ST3GAL5
0.518969260142478,-0.440942257205557,0.377,0.386,1,MRPL46
0.519203004626145,-0.351383681837208,0.159,0.141,1,ATF5
0.519381154664607,-1.83501250713028,0.014,0.021,1,POF1B
0.519538804633345,0.516466567864717,0.116,0.1,1,ATCAY
0.519591815369612,-0.844404595080873,0.145,0.124,1,LOC100996291
0.519820599314318,-0.40344226457102,0.073,0.087,1,TLE2
0.520478129784565,-0.85889810108038,0.014,0.021,1,PTPRN2
0.521279897860363,-0.26843921738948,0.24,0.212,1,GUSBP4
0.521370724125864,-1.05776579583214,0.029,0.037,1,CCDC157
0.521576297634351,-0.724553840772023,0.014,0.021,1,RGS4
0.521998560923654,-0.32036570041802,0.198,0.22,1,ALG10B
0.52203802654281,0.571395774780774,0.183,0.162,1,MMS22L
0.522038745515446,0.627451639421,0.088,0.075,1,RFC5
0.5220689028907,-0.929331460464781,0.165,0.145,1,CADM1
0.522298510787985,-0.715589865155214,0.055,0.066,1,ZNF599
0.522402366481137,-3.4018833513125,0.063,0.075,1,IGLL5
0.522675656366929,-0.31916519359987,0.014,0.021,1,ADCY4
0.52272668184698,-0.415956651241931,0.11,0.095,1,ORAI1
0.522823986772955,0.306979773524524,0.132,0.116,1,GEN1
0.522948457271562,0.937993623897505,0.065,0.054,1,MARK4
0.522969045985805,-0.744093441294075,0.053,0.041,1,HDAC10
0.52309822160232,1.94359847807476,0.033,0.041,1,SLCO2B1
0.523156902534751,0.373260591966989,0.092,0.079,1,DNHD1
0.523183767810509,-0.595829187554979,0.21,0.183,1,SKIV2L
0.523445955089883,0.638217089665353,0.159,0.141,1,SLC38A9
0.523776204126445,0.292761851802978,0.014,0.021,1,LRRC20
0.523791073556228,-0.288568204111687,0.043,0.054,1,IKZF2
0.523866364431556,0.75435598216106,0.029,0.021,1,SLAIN1
0.524147826672133,0.960238728590377,0.081,0.095,1,HLA-DRB1
0.524231091075388,-0.918143561099909,0.039,0.029,1,ADAMTS9
0.524231091075388,-0.736191716244639,0.039,0.029,1,FLJ43879
0.524248816557756,-0.385814022202236,0.224,0.195,1,MFSD8
0.52450147477136,-1.35174921697417,0.092,0.104,1,STPG1
0.524529597739556,-1.57392316466237,0.081,0.066,1,LOC403312
0.524640135036429,0.475767219653953,0.092,0.079,1,PROK2
0.524746142915571,0.767964257408845,0.029,0.021,1,NEU3
0.525691986952913,-1.28898287962566,0.051,0.062,1,ZNF578
0.525725150761018,-0.257718232794493,0.78,0.759,1,NMB
0.525980859258827,0.492694231408893,0.014,0.021,1,TCTEX1D4
0.525980859258827,0.535928390213137,0.014,0.021,1,TTR
0.526466283555252,-0.715408568976894,0.242,0.253,1,RRNAD1
0.526468646503625,-0.482874597895281,0.234,0.203,1,CBWD3
0.526678256819704,-1.47292093225825,0.094,0.108,1,CDC37L1-AS1
0.526820472408686,0.502856395371902,0.043,0.033,1,B3GALT2
0.526879334156608,-1.9262898021371,0.033,0.041,1,SLCO4A1
0.526916869331274,-0.330555329134015,0.289,0.257,1,DSG3
0.526979672081011,0.547202430258626,0.061,0.05,1,ERCC2
0.526982817087206,-1.80411972180982,0.029,0.037,1,DAPP1
0.527040742877764,-0.345300750399881,0.511,0.456,1,MEF2C
0.527390010479321,-0.468636064705556,0.029,0.021,1,ARHGAP9
0.527546086995698,0.555535285331734,0.2,0.178,1,PGAM2
0.527670021144564,-0.951010354356252,0.145,0.124,1,LOC727896
0.527690971821981,-0.340490368045367,0.208,0.187,1,QSOX2
0.528023018098756,-1.29819272369939,0.09,0.104,1,PRKXP1
0.528319344803562,-0.428757187608185,0.305,0.274,1,RMDN3
0.528470433062306,-0.417887700328264,0.407,0.415,1,TCEAL6
0.529066443283653,-0.598287237026106,0.157,0.137,1,HILPDA
0.529146131587924,-0.413303065325765,0.189,0.207,1,ANKRD36BP1
0.529156355994986,-0.554568225953659,0.029,0.021,1,SNORA8
0.529378740685979,-0.526639565449635,0.273,0.29,1,TPMT
0.529397403445869,-0.539458463394925,0.029,0.037,1,HSP90AB4P
0.529431225392905,-0.467761854439624,0.096,0.079,1,LGALS3BP
0.529496200352952,-1.84756301671593,0.045,0.054,1,SLC25A42
0.529566345286409,-0.285518692608417,0.344,0.307,1,VTRNA2-1
0.529686269327795,-0.414491461124552,0.071,0.058,1,CCNJ
0.529914237660234,-1.04904355503995,0.033,0.041,1,HERC2P9
0.530013405951003,-1.52959172592849,0.051,0.062,1,CD36
0.530040655990037,-0.510803545393163,0.029,0.021,1,GSG1
0.530524465302764,-0.307050208047686,0.43,0.382,1,AGPAT6
0.530969633550914,-0.262054161039435,0.232,0.207,1,STK10
0.531118951687634,-0.277039958253724,0.116,0.1,1,PIAS4
0.531142312287283,0.447548143357423,0.043,0.033,1,GMDS-AS1
0.531142312287283,0.665657234373335,0.043,0.033,1,UHRF1
0.532421413672298,0.309615196686212,0.118,0.104,1,TPCN1
0.532577046107018,-0.89254446536266,0.039,0.029,1,PCDH18
0.532586911465036,-0.891757646983757,0.037,0.046,1,SEC24B-AS1
0.532672945210394,0.535712309373203,0.106,0.091,1,PTGES2
0.532751784684226,-0.355637765459894,0.332,0.303,1,MOK
0.533571140286889,-0.937638878976256,0.071,0.083,1,ANAPC15
0.533966746622124,-0.395558216365323,0.108,0.091,1,MLANA
0.53400747636397,-1.24089359770695,0.053,0.041,1,RHOXF1-AS1
0.534321481441819,-1.98750385067944,0.018,0.025,1,OOEP
0.534537261658186,-0.257154259818293,0.442,0.461,1,AASDHPPT
0.534736182652565,-0.459469146813208,0.988,0.979,1,HSPD1
0.534837754696412,-0.490592855534665,0.393,0.353,1,CNP
0.534936614863624,-0.657985837609878,0.104,0.087,1,USP30
0.535265878409711,-0.657999749695066,0.23,0.203,1,MPZL3
0.535309338659059,0.429467046812297,0.191,0.178,1,WDR4
0.535453210469054,-0.323573265291948,0.061,0.05,1,LOC101929595
0.535578573029876,-0.417780916656688,0.112,0.095,1,LOC101926889
0.535578573029876,-0.856850573285511,0.112,0.095,1,MARK1
0.535681561417609,-0.337655175550196,0.169,0.145,1,LOC93622
0.535863791215058,-0.756549142968507,0.228,0.199,1,LINC01604
0.536350623432764,-0.740898668757681,0.057,0.046,1,CDC14C
0.536497955125359,-0.54153107544374,0.067,0.054,1,HSPG2
0.536532832286675,-0.27325026422386,0.43,0.427,1,PER3
0.536750371045715,-0.718153333303359,0.238,0.253,1,RAMP3
0.537141980188141,0.871425646442682,0.029,0.021,1,FAM167A
0.537141980188141,0.286625770960675,0.029,0.021,1,TSPAN32
0.537149115397265,-0.542095828445599,0.143,0.124,1,CREB3L1
0.537316654442517,-1.82030650602887,0.018,0.025,1,USP3-AS1
0.537611071363307,-1.16586914580719,0.057,0.046,1,MTHFS
0.537658618996234,0.403340954348277,0.043,0.033,1,FAM133A
0.537859258232705,-0.917822877327275,0.071,0.083,1,SPAG5-AS1
0.537961125775119,-0.556603375677701,0.308,0.32,1,HACL1
0.538032996371626,0.430322154643494,0.029,0.021,1,ZNF763
0.538195763782398,-0.486611620960856,0.187,0.203,1,FAXDC2
0.538316916904958,-2.74759724650398,0.018,0.025,1,TMPO-AS1
0.538748012400324,-0.593645760778728,0.075,0.062,1,ARSE
0.538772137079516,-0.291957368815483,0.226,0.241,1,PIGF
0.538969826383897,0.920174745065892,0.073,0.062,1,ARRDC3-AS1
0.539002433250287,1.07456262849455,0.033,0.025,1,FOXF1
0.539197523266153,-0.328481702794919,0.289,0.261,1,RAB3B
0.539817251488475,-0.296559062603418,0.029,0.021,1,ECSCR
0.540009786753289,-0.449767553640712,0.071,0.083,1,PPP1R36
0.540287995202376,-0.3287056639275,0.171,0.154,1,TUBGCP3
0.540586049765194,-0.651781245897773,0.371,0.373,1,KIF3A
0.540586632826496,-1.30452457937124,0.177,0.154,1,KIAA1456
0.540605895709702,-0.38655923898513,0.033,0.041,1,LMOD1
0.540696121515931,-0.335866336388252,0.187,0.203,1,SPOCK3
0.540851561728466,-0.786429427481384,0.124,0.108,1,LOC100128288
0.540936509764477,0.445368625978539,0.061,0.05,1,ARHGAP6
0.540940717596078,-0.504848689467498,0.511,0.498,1,C7orf55
0.5411972210365,0.319349514929596,0.24,0.261,1,TTC7B
0.541296058513213,-1.16750011510412,0.037,0.046,1,FAAHP1
0.541386531630864,2.17552907057982,0.088,0.075,1,CD84
0.541604463514664,-0.416011356200068,0.029,0.021,1,C1QTNF9B-AS1
0.541604463514664,-1.6645367837517,0.029,0.021,1,CYB5RL
0.541722062227209,0.266863146236858,0.346,0.328,1,DPY19L4
0.542471113699962,-0.411274001861703,0.086,0.071,1,MAP2K5
0.542499175821558,0.439512357977914,0.029,0.021,1,LINC00704
0.542499175821558,0.26110324317559,0.029,0.021,1,ZNRF3-AS1
0.54266559625085,0.502180148648542,0.018,0.012,1,CIT
0.542833736549283,-0.605056699979206,0.108,0.091,1,POLL
0.543185501707839,-0.599595804637975,0.029,0.037,1,SLC6A4
0.543278332919378,-0.377617845524811,0.422,0.378,1,FTSJ1
0.543332200906377,-2.38667468482832,0.018,0.025,1,S1PR1
0.543502627291016,-1.15809941767259,0.075,0.087,1,PCBP1-AS1
0.54384331403078,-0.370829247018189,0.112,0.095,1,GTF2I
0.543999051652211,2.70107827218888,0.033,0.025,1,ANLN
0.544181919167581,-0.833858777633042,0.261,0.266,1,AP4B1
0.544290807897621,-0.685561247772569,0.029,0.021,1,PAUPAR
0.544331594781727,-0.26121157557466,0.491,0.506,1,C1orf123
0.544338041947542,-2.7403329452846,0.018,0.025,1,GAS2
0.544450313284906,-0.712082076042588,0.033,0.041,1,IGF1
0.544503000722539,-1.17031820488357,0.053,0.041,1,LINC01160
0.544715964104935,-0.351036466656017,0.373,0.378,1,ITSN2
0.544862223080451,1.00249254160851,0.161,0.149,1,TLE1
0.545924790996422,-0.282610440539314,0.09,0.104,1,RPTOR
0.546075957415698,0.973466912807258,0.077,0.066,1,NNAT
0.546170635385954,-0.319499996605826,0.118,0.133,1,WDR55
0.546447724626596,-0.451105466130509,0.061,0.05,1,DLX4
0.546782572006861,-0.351203062080284,0.141,0.124,1,PARP11
0.547059345650208,-0.380541453253548,0.098,0.112,1,VPRBP
0.547141409343519,-0.719245900063267,0.037,0.046,1,SNORA41
0.547149465706131,-1.87183098409625,0.039,0.029,1,GARNL3
0.54725230799325,0.37610074866946,0.385,0.369,1,USP39
0.547313803221556,0.690881305141152,0.081,0.095,1,CACNB3
0.547354217822061,0.293180027119933,0.145,0.129,1,RSBN1L
0.547361107337074,-1.55900375482414,0.018,0.025,1,GPR135
0.547727127556229,-1.07557137193017,0.134,0.116,1,TRMT44
0.547952351582549,-0.34398797415469,0.289,0.303,1,C1orf53
0.54808526457611,0.337496282720644,0.32,0.307,1,MFAP4
0.548086759501067,-0.721780528329724,0.079,0.091,1,LOC220729
0.548384584472995,-0.547900738806822,0.057,0.046,1,CD96
0.548465082620319,-1.50318853938256,0.053,0.041,1,PLCL2
0.548603080814013,-0.378289187302049,0.255,0.27,1,PPIH
0.548694806071254,-1.04192797788132,0.039,0.029,1,PCDHB19P
0.54878271670326,-0.766708138994794,0.029,0.021,1,FAM71E1
0.548787727907002,-0.735978839392853,0.118,0.129,1,HP09025
0.548956872386457,-0.477455144060087,0.094,0.079,1,CHKB
0.549381088100415,-1.04022624304663,0.018,0.025,1,ACVR2B
0.549381088100415,-0.6437512606696,0.018,0.025,1,LOC101927919
0.549381088100415,-1.03596632853919,0.018,0.025,1,SUPT20HL2
0.549412574287075,0.527170625964183,0.018,0.012,1,C8orf37-AS1
0.549412574287075,0.696513550462524,0.018,0.012,1,LOC389332
0.550137258206126,0.304674558908199,0.061,0.05,1,TANGO6
0.550417833067252,0.721797874082319,0.114,0.1,1,DACT3
0.550541079131273,-0.485129858096259,0.018,0.012,1,YPEL4
0.550814254940965,-0.410422051305641,0.09,0.104,1,SPAG17
0.551223589267285,-0.471369770284009,0.348,0.303,1,FAM188A
0.551404738092385,-1.07200806754276,0.018,0.025,1,USP35
0.551451138717132,-0.357873939848393,0.631,0.635,1,WDR33
0.551466244943565,-0.54658605501638,0.116,0.1,1,SDHAF4
0.551670723760818,0.774924645201591,0.018,0.012,1,KCNRG
0.551711469133892,0.322558781718457,0.088,0.075,1,NCKIPSD
0.551914065355033,-0.314435048958637,0.079,0.066,1,FBXO36
0.552801506093147,0.43113579265667,0.018,0.012,1,LOC148709
0.553098068072935,0.400446012737105,0.149,0.133,1,SCAI
0.553432045349091,-1.47575534548718,0.018,0.025,1,HIATL2
0.55393342403709,0.698238535751387,0.018,0.012,1,TMTC2
0.554207888313764,-0.548091547228287,0.116,0.1,1,CEP192
0.554730194301379,-0.416297718955541,0.265,0.237,1,FXR2
0.554771375749685,-0.821513342940892,0.057,0.046,1,TMEM79
0.555462997817741,-0.57664858941968,0.018,0.025,1,SPDYE6
0.55560526892407,-0.402653871806121,0.126,0.141,1,NNT
0.555679672243297,-0.34490299857201,0.444,0.407,1,SNHG18
0.555834936417741,-0.270881190275226,0.098,0.083,1,PPCDC
0.556104561934104,0.293928106924758,0.149,0.166,1,ZNF611
0.556200658352146,-0.736786200710673,0.018,0.012,1,GAL3ST1
0.556200658352146,-0.785149797437233,0.018,0.012,1,LOC101926964
0.556479837215784,-0.447921393897113,0.018,0.025,1,DCC
0.556479837215784,-0.301321950039688,0.018,0.025,1,MEST
0.556565726916268,-0.366132693383551,0.354,0.369,1,IRF9
0.556590512211159,0.379568811887295,0.033,0.025,1,RUNX1-IT1
0.556849418973239,-0.896148474630768,0.045,0.054,1,LY75
0.55702045904838,-1.3686580836047,0.063,0.075,1,TPRN
0.55730575119799,-0.3903899476108,0.193,0.207,1,C12orf49
0.557335970497964,-0.376371071421765,0.018,0.012,1,SLC45A3
0.557335970497964,-1.12169831090923,0.018,0.012,1,TNNI1
0.557445356917139,-1.73975205756508,0.043,0.033,1,ZNF606
0.557684529088749,0.513124530538505,0.132,0.116,1,AMBRA1
0.558174127173542,-0.559280578357373,0.063,0.075,1,LINC01356
0.558472409804821,0.475641417858163,0.018,0.012,1,ARHGAP25
0.558925024862846,-1.10383395409591,0.037,0.046,1,MKLN1-AS
0.559181861138446,1.37770786531908,0.033,0.041,1,KIF11
0.559404291802359,-1.7311192207004,0.057,0.066,1,TFAMP1
0.559465378178285,-0.562216466425544,0.171,0.187,1,SAMD9L
0.559535789736276,0.695823299603608,0.018,0.025,1,LOC100507487
0.559535789736276,-0.572011084301945,0.018,0.025,1,TRPV3
0.559561628003574,-0.509911488356911,0.094,0.079,1,ZNF701
0.559609974138649,-0.472222091187089,0.018,0.012,1,ARHGEF34P
0.559609974138649,-1.63559841430645,0.018,0.012,1,SEMA3F
0.559609974138649,-1.68370408532178,0.018,0.012,1,STPG2
0.559913676619617,-0.539348114229362,0.075,0.062,1,OR7D2
0.560103852545846,-0.676067561377861,0.079,0.066,1,AKR1D1
0.56055624689508,-0.931596630073,0.018,0.025,1,LINC01039
0.560748661356829,-0.796545671653087,0.018,0.012,1,LOC221946
0.560748661356829,-1.64636519627087,0.018,0.012,1,RHOH
0.5609289571801,-0.457412969382873,0.2,0.216,1,LBR
0.561148134846718,-0.353049920125727,0.242,0.212,1,WWOX
0.561660264497097,-1.03932812209589,0.114,0.124,1,AKNA
0.561888469308203,-0.412896624657611,0.018,0.012,1,GNAZ
0.561888469308203,-0.739445807084804,0.018,0.012,1,LOC100507091
0.561890070521825,-0.867807600183845,0.037,0.046,1,CCNF
0.561906233533845,0.551491269579488,0.281,0.274,1,TMUB2
0.562156116582172,-0.693071305511221,0.053,0.062,1,EMC6
0.562872437074553,0.522400349563221,0.159,0.145,1,TXNRD2
0.563029395833081,-0.489285471622218,0.018,0.012,1,HJURP
0.563089656397115,0.639504292789512,0.222,0.199,1,AHR
0.563226189038643,0.897381539552497,0.269,0.261,1,VPS54
0.563340274251452,-0.3616403815076,0.218,0.195,1,LRR1
0.563415954920393,1.16011767304605,0.059,0.05,1,UBXN10
0.563618220662398,-0.379376124810949,0.047,0.037,1,TMEM105
0.563671263121463,-0.497175367064513,0.149,0.166,1,ADAMTS17
0.564327518692753,0.750880499119048,0.047,0.037,1,C8orf89
0.564679769138508,0.314419634074796,0.187,0.17,1,CRACR2B
0.565193229309179,-0.314251420313101,0.102,0.087,1,TAPT1-AS1
0.56523489092318,-0.405208414557967,0.572,0.556,1,ZDHHC9
0.565314595922002,-0.842075364268711,0.018,0.012,1,EIF4EBP3
0.565557832352466,-0.35314730011208,0.568,0.573,1,TAF12
0.565960877307823,-0.304206157157531,0.625,0.573,1,DDX6
0.565969787814641,-1.63541342464492,0.022,0.029,1,GNG8
0.566167837703583,-2.16042511476589,0.008,0.012,1,GPR75
0.566351842019073,-0.357310598344895,0.037,0.046,1,LINC01180
0.566458865124106,-0.627021976838188,0.018,0.012,1,ENPP6
0.566458865124106,-0.877867257763524,0.018,0.012,1,HSP90B2P
0.566458865124106,-0.828752512800315,0.018,0.012,1,LINC01061
0.566764921365287,-0.426122084394049,0.033,0.025,1,PABPC3
0.566780498127995,-0.457616996864264,0.147,0.162,1,KCNT2
0.56695210232113,-0.415757049289326,0.204,0.22,1,DTYMK
0.567103099668732,-0.479104490662212,0.448,0.456,1,TPM1
0.567372579622676,-0.742675869928521,0.126,0.108,1,PRDM5
0.567524666244355,-0.851316066011313,0.041,0.05,1,PHKG1
0.567662208371521,-1.35114168623136,0.008,0.012,1,KRT16P2
0.567662208371521,-2.05802438902669,0.008,0.012,1,RPGRIP1
0.567780203896273,-0.790290866133923,0.049,0.058,1,ADAM33
0.56784772225752,-2.37524775698384,0.022,0.029,1,ADAM1A
0.568041583323864,0.461277633825777,0.23,0.216,1,ABHD17B
0.568589083974072,-1.0190083336731,0.043,0.033,1,FRMD3
0.568696419741266,-0.339258487349468,0.069,0.058,1,RAB42
0.568787806440267,-1.88556425940476,0.022,0.029,1,POU3F2
0.569075953484866,-0.419027810814299,0.232,0.212,1,ZBTB41
0.56909238276597,-1.10925462391619,0.049,0.058,1,PMS2P4
0.569158464691157,-1.44147819028954,0.008,0.012,1,TLR5
0.569434804522642,-0.417862706394264,0.232,0.249,1,LINC00641
0.569618142574989,1.42961974508694,0.037,0.029,1,ESPL1
0.569658144652642,-0.335958335681267,0.495,0.506,1,MRPS26
0.569898323011089,-3.85192917083067,0.018,0.012,1,TSPAN8
0.56997289755122,0.653529335493897,0.096,0.083,1,SGMS1-AS1
0.570368649759957,-0.276650232377027,0.456,0.423,1,STX16
0.570409535764492,-0.668819906621065,0.334,0.286,1,TGFB3
0.570656601747601,-1.00112832190829,0.008,0.012,1,KIF26A
0.570656601747601,-2.10727353545014,0.008,0.012,1,LINC00539
0.570656601747601,-2.17815238910038,0.008,0.012,1,LINC00605
0.570656601747601,-1.07596201790374,0.008,0.012,1,LRRC69
0.570656601747601,-1.34155210967756,0.008,0.012,1,PPP1R27
0.570656601747601,-0.655552979975059,0.008,0.012,1,SNORA23
0.570656601747601,-1.58331674912221,0.008,0.012,1,TMSB15A
0.570656601747601,-1.20190859459039,0.008,0.012,1,UBXN10-AS1
0.570670202633942,-1.85249183341656,0.022,0.029,1,NETO2
0.570810092438441,-0.47117244191676,0.018,0.025,1,ABCG1
0.570979408411302,-0.591703525677586,0.183,0.199,1,EXO5
0.571637912281961,-0.894335932461756,0.053,0.062,1,PLAU
0.571667793271897,-0.258080136943999,0.914,0.892,1,EPRS
0.571840369666466,1.73777716694729,0.018,0.025,1,LINC00337
0.571840369666466,0.433170651947889,0.018,0.025,1,ZNF415
0.572156614601457,-1.84202493886174,0.008,0.012,1,ANKRD26P1
0.572156614601457,-1.19860010440826,0.008,0.012,1,C14orf178
0.572156614601457,-1.8308849378696,0.008,0.012,1,CBX3P2
0.572156614601457,-1.00453214572848,0.008,0.012,1,GPR83
0.572156614601457,-1.17325885409069,0.008,0.012,1,LOC101929897
0.572156614601457,-0.537214164644389,0.008,0.012,1,MYCT1
0.572156614601457,-2.27242962797956,0.008,0.012,1,PCDHGA3
0.572156614601457,-1.3887328674695,0.008,0.012,1,TULP2
0.572156614601457,-1.10528788079679,0.008,0.012,1,ULBP3
0.572219018974185,-0.488308942785074,0.21,0.224,1,TIPIN
0.572318119297838,-0.672599340820518,0.084,0.071,1,COQ2
0.572344494414499,-1.306323679416,0.069,0.079,1,CHIC1
0.572628270463425,-0.578033495940595,0.242,0.249,1,EZH2
0.572740885824191,-1.10820172436496,0.033,0.025,1,FAM13A-AS1
0.572749640603659,-0.928519485796537,0.108,0.091,1,STIM2
0.573091592250161,-0.376506079882009,0.165,0.145,1,MUC12
0.573175339670436,-0.279419023222771,0.079,0.091,1,PDXP
0.573526842913223,-0.508599528915687,0.065,0.054,1,CCDC144A
0.573576305576058,0.308449797052726,0.1,0.087,1,SCRN3
0.573658498288872,-0.950650696148812,0.008,0.012,1,KLHL30
0.573658498288872,-0.798713016638256,0.008,0.012,1,LOC101927418
0.573658498288872,-1.0004170288781,0.008,0.012,1,LOC283922
0.573658498288872,-0.840846306237929,0.008,0.012,1,LOC646903
0.573658498288872,-1.04210704160152,0.008,0.012,1,LRRTM4
0.573859465031953,-1.1306161894085,0.045,0.054,1,SYT12
0.574166841698227,-0.381894961624171,0.204,0.183,1,PPP2R5D
0.57425663079674,-0.344262054833716,0.438,0.394,1,HSPBP1
0.574547420483852,-0.553582377035389,0.132,0.145,1,CFAP58-AS1
0.5746852406952,0.33900658343582,0.055,0.046,1,C14orf169
0.574923085599589,-2.62449152287582,0.026,0.033,1,KBTBD11
0.574928325910711,-0.473580279509659,0.468,0.469,1,COMMD4
0.575162247821568,-1.15249383565706,0.008,0.012,1,FKBP6
0.575162247821568,-0.956908225454918,0.008,0.012,1,GJC3
0.575162247821568,-0.845155524161896,0.008,0.012,1,KLKB1
0.575162247821568,-0.990267827185108,0.008,0.012,1,LINC00908
0.575162247821568,-1.4672826002901,0.008,0.012,1,LINC00934
0.575162247821568,-0.914391808651757,0.008,0.012,1,LOC101929234
0.575162247821568,0.366238478676165,0.008,0.012,1,PDE9A
0.575162247821568,-0.966890335894859,0.008,0.012,1,RNU12
0.575162247821568,-1.01670853368188,0.008,0.012,1,SNORA72
0.575162247821568,-0.435655433717595,0.008,0.012,1,UNC5CL
0.575162247821568,-0.797144556599163,0.008,0.012,1,ZNF492
0.5753013510695,-1.01804276266802,0.118,0.129,1,LCORL
0.575322523124935,0.973833202753472,0.086,0.075,1,SLC2A11
0.575326037289227,0.532896775825049,0.037,0.046,1,EXOC6
0.575618217673783,-0.347009619316701,0.358,0.332,1,HLA-G
0.575898454481105,-1.30804909975406,0.114,0.095,1,TSPAN9
0.576095539685233,-0.254184083534283,0.322,0.344,1,PDXDC2P
0.576175504547005,-0.526949612287547,0.295,0.307,1,TRPM4
0.576335125324959,-1.49168866970128,0.022,0.029,1,KCNMA1-AS3
0.576389504923236,0.707997701188841,0.086,0.075,1,MYOM2
0.576450854724763,-1.10080270791417,0.047,0.037,1,PPFIA4
0.57659745880006,-1.27782151353478,0.34,0.311,1,ZNF652
0.576667858186893,-0.419613527355357,0.008,0.012,1,CEP295NL
0.576667858186893,-0.558646998755921,0.008,0.012,1,HOXD11
0.576667858186893,-0.607206740313608,0.008,0.012,1,KHDC1L
0.576667858186893,-0.86648730542223,0.008,0.012,1,LINC00864
0.576667858186893,-0.339601509053078,0.008,0.012,1,LYPLAL1-AS1
0.576667858186893,-0.569798844762633,0.008,0.012,1,RNF122
0.576667858186893,-0.993336962825079,0.008,0.012,1,TEKT4
0.576667858186893,-1.30430026327216,0.008,0.012,1,TVP23A
0.577056464016675,0.468221391066145,0.069,0.083,1,PGP
0.577669227056145,0.457623198813441,0.037,0.029,1,LINC01258
0.577732907755803,-0.354012224517377,0.084,0.071,1,GEMIN8P4
0.578175324347858,0.819702906515875,0.008,0.012,1,BRSK2
0.578175324347858,-1.14956324511841,0.008,0.012,1,MYRFL
0.578175324347858,-2.84001432769777,0.008,0.012,1,NCF4
0.578175324347858,-0.678291270297294,0.008,0.012,1,XK
0.578229311196054,-0.541878732877469,0.022,0.029,1,ZNF208
0.578245432692762,0.58422113490538,0.358,0.373,1,RMRP
0.578797024958959,-0.282921622296853,0.399,0.361,1,TIGAR
0.579684641243184,0.657711090973046,0.008,0.012,1,CERS3
0.579684641243184,-0.302668171000818,0.008,0.012,1,EFCAB12
0.579684641243184,-0.492911556374811,0.008,0.012,1,NUF2
0.579684641243184,0.930545135414784,0.008,0.012,1,PDGFB
0.580093416413723,0.303258527002756,0.271,0.253,1,NSUN5
0.580635282685194,0.725006108079717,0.055,0.046,1,C3orf18
0.580731742614629,-0.734286268450897,0.045,0.054,1,ADAM22
0.580731742614629,-0.760480568259233,0.045,0.054,1,TOMM40L
0.580781479143319,-0.72935387086704,0.126,0.137,1,WDR78
0.58084383676938,-0.520125360545109,0.216,0.232,1,SEMA4F
0.580966684761932,-0.402435002564062,0.049,0.058,1,ENPP5
0.580966684761932,-0.856960182456173,0.049,0.058,1,FAM212B
0.581118495842702,-0.813020915227004,0.041,0.05,1,TMEM182
0.581195803787347,-0.919223494428201,0.008,0.012,1,C1QL1
0.581213025725887,-0.374067354657836,0.13,0.112,1,CIDEA
0.581366981328339,0.695717615809233,0.206,0.195,1,ARRDC4
0.581548970067811,0.755829146228226,0.077,0.066,1,EML5
0.581898335713667,-0.278744150158781,0.193,0.212,1,TTC28
0.58203317435181,0.952637768760964,0.033,0.041,1,MT3
0.582081084730897,-0.542406492522886,0.196,0.207,1,LCMT2
0.58215804730883,-0.53336384157949,0.214,0.191,1,MON1B
0.582293177570429,-0.994475393231453,0.049,0.058,1,ZNF821
0.582295916876397,-0.251687760713332,0.069,0.058,1,QRICH2
0.582525448122918,0.350238150324787,0.037,0.029,1,FXYD2
0.582789858582014,-0.407118864955106,0.534,0.531,1,TCEB3
0.582836524304766,-0.820367865299773,0.171,0.183,1,SPACA6P
0.582863855436263,0.82427699943642,0.124,0.112,1,AFAP1
0.582958848945835,-0.844281832220453,0.094,0.104,1,TIGD6
0.582963432889106,-0.664473566170086,0.106,0.116,1,C15orf39
0.583406385876721,-0.768676510917368,0.09,0.1,1,SPTY2D1-AS1
0.584182271259785,-0.379562468522497,0.051,0.041,1,ZFYVE26
0.584182271259785,-0.543363280914941,0.045,0.054,1,NPFF
0.584220195362283,-0.691803340761052,0.116,0.129,1,CEP57L1
0.584238717829184,0.333090452599668,0.236,0.224,1,SGCA
0.584262302193201,-0.713979406625436,0.084,0.071,1,SPATC1L
0.584402792353968,0.378452322712083,0.344,0.336,1,EPT1
0.584427667637978,-0.359371091217345,0.289,0.299,1,NUDT2
0.584490195244346,-1.48843721046649,0.326,0.299,1,PTH1R
0.584594279762194,-0.46534955245758,0.171,0.149,1,TMEM17
0.58464975498415,-0.256691045899199,0.189,0.174,1,CDH11
0.58468256592773,-0.274271884456871,0.47,0.444,1,PPWD1
0.584781728782126,-1.11124915593383,0.033,0.025,1,C19orf57
0.584881909767363,-0.431512999046638,0.022,0.029,1,ABCA4
0.585148598596461,-0.313151159770964,0.456,0.415,1,SERPINB8
0.585727793927609,0.436316075663311,0.287,0.278,1,LACTB2
0.58583517807904,-1.3247986719917,0.022,0.029,1,TFF3
0.586093592753652,-0.288817504751468,0.338,0.365,1,TNFAIP8L3
0.586125263308807,-0.29639389499425,0.532,0.494,1,KIAA1715
0.586403826482828,-0.273884345345631,0.601,0.606,1,ACTL6A
0.58663737722556,-0.398080921066196,0.037,0.046,1,FAM184B
0.586696135247214,-0.403509854920319,0.462,0.402,1,MAZ
0.586732996172596,-0.408661092179337,0.143,0.158,1,HACE1
0.586789166818335,-1.13231816491161,0.022,0.029,1,PRICKLE2-AS1
0.587609112356777,-0.400166221544372,0.401,0.415,1,CSE1L
0.587811060119373,-0.335347458178386,0.76,0.714,1,NUTF2
0.588243462813012,-0.851926071291944,0.033,0.025,1,TBC1D31
0.588298002948249,0.534388763582416,0.124,0.112,1,LINC01465
0.588443809315733,1.21018271789729,0.022,0.017,1,HDAC7
0.588687078945404,-0.593633997906468,0.104,0.116,1,PVT1
0.588699300412979,-0.303314178102295,0.022,0.029,1,CD160
0.588707481879932,-0.505713520265247,0.11,0.124,1,KIAA1683
0.588930007557103,-1.67066053075952,0.057,0.066,1,PRIMPOL
0.589028978142848,-0.737925971710242,0.045,0.054,1,ZNF304
0.589514772213873,0.429736768710835,0.067,0.079,1,CNTNAP1
0.589537975010602,-0.804079476915232,0.053,0.062,1,SNORA57
0.589924848103285,-1.83055587941926,0.031,0.037,1,SIRT4
0.590501206911299,-0.781246279441151,0.248,0.253,1,SETD1B
0.590534801061226,1.78774604566233,0.022,0.017,1,CACNA1C
0.590612300180325,-1.31892231853024,0.022,0.029,1,LOC101929415
0.590647534877685,-0.31744453099153,0.069,0.058,1,AKAP14
0.590809800309169,-1.39051956335772,0.026,0.033,1,OR2A4
0.590868918650841,-0.742433333610254,0.047,0.037,1,ATG16L2
0.591231486289953,0.376512093715552,0.041,0.05,1,DKFZP434I0714
0.591310983877706,-0.641604906477737,0.263,0.274,1,ICAM3
0.591477668167461,0.326380746713111,0.037,0.029,1,LOC101927066
0.591477668167461,0.255132981702581,0.037,0.029,1,NPIPB6
0.591569871621512,-0.934137052247982,0.022,0.029,1,ARMC12
0.593112112116951,0.286220425380069,0.037,0.029,1,LOC100506551
0.593421457618462,-0.521307580400523,0.432,0.436,1,NIT2
0.593778805818043,1.06544227359104,0.041,0.033,1,RAC2
0.593887186660508,-0.419617408350875,0.242,0.216,1,ZHX1
0.59405401729583,-0.297472311318264,0.09,0.079,1,PBX2
0.594062660567753,0.274871531671747,0.092,0.079,1,LINC01355
0.594843910525752,-0.316506990299441,0.069,0.058,1,LOC101927550
0.595003536000335,0.317029283978455,0.487,0.481,1,ELP2
0.595258352805041,-1.38321091721674,0.026,0.033,1,OR7E37P
0.595407270506746,-1.22505783360899,0.022,0.029,1,TBXAS1
0.595777183497371,0.591755413653323,0.022,0.017,1,FAM218A
0.595992906402112,-1.09819753804186,0.053,0.062,1,ZNF573
0.596007670570283,-0.297220283719784,0.165,0.145,1,SERINC2
0.596338443064348,-0.458332469867822,0.149,0.162,1,C5orf63
0.596459932790135,-0.961577820384375,0.077,0.087,1,IL32
0.596872029578943,-0.807438413460295,0.075,0.087,1,NINL
0.597042044120312,-0.952325710303149,0.026,0.033,1,GPD1
0.597054262431167,-0.68110642339002,0.218,0.232,1,CRYZL1
0.597202016841443,-0.333326430520944,0.167,0.149,1,ZER1
0.597811719540277,-1.0258674452249,0.033,0.025,1,LINC01299
0.59790418374879,-1.0634042437597,0.061,0.05,1,RAI1
0.597935648573321,-0.527139160910227,0.053,0.062,1,ZNF684
0.597951425566092,-0.514096228714145,0.238,0.207,1,TBP
0.597984339557594,0.954676581965889,0.055,0.046,1,C2CD4B
0.598465528942648,0.463097185277447,0.077,0.091,1,GTF3C4
0.5985815271962,-0.964876022213514,0.183,0.195,1,FAM117B
0.598752603544487,-0.261227226194777,0.163,0.145,1,AFG3L1P
0.599222420711953,-0.811044423471911,0.09,0.1,1,ZBTB14
0.599253481046896,-0.317965282916054,0.303,0.307,1,LPCAT3
0.599328452748659,0.47446212317776,0.098,0.087,1,ZNF740
0.599722129938039,-0.725926764884162,0.026,0.033,1,HRAT92
0.599765769729118,-0.832633650962387,0.342,0.336,1,CENPN
0.599986304555834,0.478214909740141,0.022,0.017,1,CEP83-AS1
0.599986304555834,1.11025731076626,0.022,0.017,1,HCK
0.600003386807695,-0.274901640947602,0.236,0.216,1,EXOG
0.600090505764885,-0.512280425708686,0.265,0.274,1,IRAK2
0.600142008294737,-1.07012959324005,0.073,0.062,1,CABLES1
0.600251197010917,-0.317995168633266,0.077,0.066,1,ABHD16B
0.600291313323988,0.347348772514944,0.23,0.22,1,MED16
0.600492583426928,-0.438558028556588,0.037,0.029,1,HOMEZ
0.600555630197221,-0.250117681582965,0.436,0.427,1,MRPL10
0.600667001106463,-0.27966927280367,0.1,0.112,1,APOL6
0.600862235452166,-0.263907164335139,0.069,0.058,1,PHYHIP
0.600876125506878,-0.882119176629349,0.051,0.041,1,IMPG2
0.600936964122105,0.306655571785664,0.116,0.104,1,TNFSF12
0.601245211415319,-0.290200033566123,0.574,0.568,1,GTF2H5
0.601347500948137,-0.449413213690551,0.055,0.046,1,BAHCC1
0.601655337608148,-0.295255388856512,0.754,0.68,1,TOX4
0.602062621296486,0.665038112931611,0.336,0.328,1,NTN1
0.602095898489197,0.596638820773098,0.022,0.017,1,TMEM44
0.602138309609855,0.505974546399843,0.037,0.029,1,PTGER4P2-CDK2AP2P2
0.602174770356971,-0.432863635841883,0.226,0.232,1,SCRN2
0.602283962071181,-0.865932049748,0.116,0.1,1,KIAA1656
0.602296734007561,-0.315128189307898,0.432,0.398,1,FAM13B
0.602407648721538,-0.868269832713843,0.026,0.033,1,LOC100506124
0.602558134108471,-0.714648739174983,0.069,0.079,1,LOC100130992
0.602713313124838,2.13258893301398,0.088,0.1,1,RNASE1
0.602807666795187,-0.624259602895554,0.314,0.315,1,SIAH1
0.602886610629275,-0.472147522696263,0.625,0.602,1,KRT8
0.602961934269734,-0.3952263526952,0.037,0.029,1,PELI3
0.603136905789984,-0.278884912255235,0.843,0.813,1,RSRP1
0.603151947658685,0.696040345280021,0.022,0.017,1,PRG2
0.603151947658685,-0.389991276286991,0.022,0.017,1,RASGRP1
0.603578187092567,0.280372146326555,0.147,0.133,1,PHF23
0.603786065524024,-0.36412621615519,0.037,0.029,1,PRR7-AS1
0.603786065524024,-0.440157158513534,0.037,0.029,1,R3HDML
0.60383258819604,0.641964702155094,0.246,0.237,1,DENND4C
0.604145626710148,-1.4386296405422,0.031,0.037,1,KATNAL2
0.604154168104874,-0.335352971231234,0.204,0.187,1,GPR155
0.60420099855192,-0.440670569686321,0.026,0.033,1,TSPAN15
0.604208829273899,0.255794258939102,0.022,0.017,1,NFAM1
0.604499679116218,-0.426937158612579,0.399,0.365,1,ELMOD2
0.604587581210371,-0.420017410608832,0.057,0.066,1,FLJ42102
0.604886655592751,-0.917726855088711,0.163,0.145,1,TNFRSF18
0.605992504019098,-0.53735170278483,0.128,0.112,1,ZBTB16
0.605996741461057,-0.516488487545183,0.026,0.033,1,SNORA28
0.606001080808152,-0.54822654138878,0.198,0.174,1,WRAP73
0.606338889332002,-0.318615569104202,0.236,0.216,1,TYW5
0.606453114331081,-0.681762579109178,0.098,0.108,1,RGAG4
0.60660990011101,0.305815450279223,0.242,0.224,1,RCOR3
0.606642425503006,-1.54959208997476,0.035,0.041,1,ETV2
0.606655859576377,-0.259458098780594,0.389,0.402,1,GALNT11
0.606671071264838,-1.09914246079656,0.031,0.037,1,HYDIN
0.606819012244332,-1.67702348042234,0.065,0.054,1,COL5A3
0.607087639640004,-0.549995976171114,0.037,0.029,1,GSN-AS1
0.607384451031491,-1.70429891349621,0.022,0.017,1,SLURP1
0.607513933366713,-2.13513790322805,0.031,0.037,1,LINC01273
0.607798272307664,0.38842846261119,0.084,0.095,1,GRM6
0.607945577067415,-1.52380115474478,0.061,0.071,1,GATA2
0.608959870889524,-0.373612527735147,0.238,0.249,1,TMEM39B
0.609364237527807,-0.513151099908992,0.041,0.033,1,ZNF329
0.609505661776367,-0.742374484059706,0.022,0.017,1,ST7-AS2
0.609622275460068,-0.642472078959718,0.088,0.075,1,RTTN
0.609953384638016,0.317476502173371,0.063,0.054,1,LINC00882
0.61003901127623,-0.489321144923647,0.173,0.154,1,LIG4
0.610284116970766,-1.26318512143534,0.073,0.083,1,KCNK6
0.610496511209633,-0.698136842585315,0.026,0.033,1,FAM66C
0.610567500637457,-0.819548945817952,0.022,0.017,1,IAPP
0.610567500637457,-0.549904099519348,0.022,0.017,1,ZNF630
0.611109628783005,1.1820182591682,0.045,0.037,1,SYNE4
0.611398241378469,-0.346996783697524,0.026,0.033,1,PALM
0.611630159419659,-0.867429187539636,0.022,0.017,1,GUCA1A
0.611630159419659,-1.01629749815806,0.022,0.017,1,LOC731157
0.611630159419659,-0.632999401284323,0.022,0.017,1,ZBTB20-AS3
0.611821043571809,-0.353414027751741,0.141,0.124,1,TREX1
0.611957225765754,-0.476094508518542,0.1,0.112,1,MED15P9
0.612166527327218,-0.326625219694454,0.055,0.046,1,ANXA2R
0.613118655682381,0.787409223133972,0.092,0.079,1,GAS6-AS2
0.613119480421698,-0.640106409708324,0.134,0.145,1,PMS2P3
0.613203469104864,-1.3449545625361,0.026,0.033,1,LOC100506085
0.61351487892725,-0.538647732008711,0.517,0.531,1,TNNT3
0.613651823237227,0.515610992135628,0.084,0.095,1,SNX10
0.613757929502461,-0.748823467963881,0.022,0.017,1,HIST1H1E
0.613757929502461,-1.61901147742415,0.022,0.017,1,RPL31P11
0.614075095956854,0.409674497486955,0.041,0.033,1,PMS2CL
0.614388096944756,-0.308317086994522,0.063,0.054,1,CR1
0.61465535426533,-0.428350008647097,0.257,0.228,1,MTMR14
0.615169543699781,-0.499414648904108,0.077,0.087,1,PPM1J
0.615414418841877,1.12667131853309,0.049,0.041,1,GCKR
0.615548188607583,0.447763649179771,0.059,0.05,1,ZNF470
0.615648941315258,-0.658748211377015,0.041,0.033,1,CNTNAP2
0.616508050789383,-0.364419242571614,0.287,0.266,1,WDR11
0.61672894747446,-0.342812635465978,0.21,0.187,1,OBFC1
0.616782283875532,-0.462755549625831,0.161,0.145,1,CYGB
0.616819676962289,-1.14439036102311,0.031,0.037,1,SEMA5A
0.616861847489954,-0.547212377478939,0.059,0.05,1,UAP1L1
0.617065972310393,0.369568160799283,0.124,0.141,1,PIK3CB
0.617224556483603,-0.274623244390012,0.041,0.033,1,GUCY1A3
0.617246460621169,-0.736626572572449,0.057,0.066,1,SLC30A8
0.617264765569363,-0.525505920412562,0.094,0.083,1,DAND5
0.617298656503078,-0.42720263597383,0.096,0.083,1,ZNF254
0.617514543269688,-0.291914865172573,0.134,0.12,1,DHRS12
0.617724929969379,-0.573999905201517,0.346,0.357,1,ANKIB1
0.617971738340388,-0.266906488955366,0.081,0.071,1,CENPJ
0.618174647501206,0.468320998072126,0.141,0.129,1,ESYT3
0.618393597440472,-0.982092577504574,0.277,0.282,1,LINC00476
0.618861951758938,-0.922024295106772,0.132,0.141,1,BCOR
0.619122851254602,-0.261850342453774,0.603,0.581,1,PPCS
0.619394661593834,-2.27192283707687,0.012,0.017,1,GNAO1
0.619539682504498,-0.622418819275524,0.037,0.029,1,SUSD3
0.619759535905783,-0.295602763756193,0.134,0.12,1,PLCD4
0.620199738519146,-0.324354706502513,0.377,0.357,1,FLJ42627
0.620267186244123,-0.323548443295228,0.591,0.564,1,TRIM13
0.620574629839886,-0.378488490810887,0.326,0.295,1,PPP6R2
0.620587555360363,0.577597398534486,0.218,0.203,1,LOC102723505
0.620699997272433,-2.40856003680516,0.012,0.017,1,WFIKKN2
0.621025203042048,-0.273390092144382,0.191,0.207,1,BRAT1
0.621046092819547,-1.78147214168844,0.035,0.041,1,FLJ12825
0.621046092819547,-1.09178401335357,0.035,0.041,1,WDHD1
0.621165161291245,0.866806321900214,0.049,0.041,1,CABLES2
0.621171298444307,-0.348206918795522,0.041,0.033,1,CENPK
0.62135412377984,0.317219033308812,0.108,0.095,1,PRKAB2
0.62152429191775,-0.342109388639079,0.297,0.307,1,M6PR
0.62170293999106,-0.266710463755923,0.312,0.328,1,HTATSF1P2
0.621815992078751,-0.657592497736517,0.238,0.245,1,MECR
0.621825519652771,-0.411856055640139,0.191,0.17,1,MEGF9
0.621850641555484,-0.319765860808626,0.035,0.041,1,HCG8
0.6219502551537,-1.31886486855823,0.106,0.112,1,ANKRD65
0.622006528477498,-1.13298932991807,0.012,0.017,1,CIITA
0.622006528477498,-1.40836139790621,0.012,0.017,1,GCNT7
0.622006528477498,-2.01933074197977,0.012,0.017,1,KLHL23
0.622006528477498,-1.42350973792595,0.012,0.017,1,LINC01410
0.622344231591874,0.385209226920621,0.509,0.519,1,HERC4
0.622599763256507,-0.589231495026483,0.375,0.378,1,EML4
0.622753061205451,0.471798879893141,0.041,0.033,1,HIST2H2BA
0.622753061205451,-0.787153022666202,0.041,0.033,1,RAMP2-AS1
0.623070797123444,-0.45174757810297,0.055,0.046,1,C8B
0.623314251828592,-1.609605346418,0.012,0.017,1,PTGDS
0.623561484499451,0.376135461632396,0.026,0.021,1,LOC644285
0.623566611186241,-0.723525090353263,0.118,0.129,1,LINC00242
0.623615532258982,-0.490134693797195,0.287,0.257,1,ZNF12
0.623747258916395,-0.412962216774007,0.012,0.008,1,ANKRD23
0.623747258916395,0.676752232016574,0.012,0.008,1,LINC01315
0.623747258916395,-0.292641045394769,0.012,0.008,1,LOC100130476
0.623747258916395,-0.396017397054374,0.012,0.008,1,LOC100287792
0.623959299809585,-0.952337211872308,0.061,0.071,1,NOG
0.624083853150178,0.489229144596265,0.026,0.033,1,IL27RA
0.624479607800699,-0.734376767490907,0.031,0.037,1,LOC102724539
0.624537052247023,0.317056265605418,0.21,0.195,1,BOLA1
0.624623163934032,-1.41704135653095,0.012,0.017,1,COPG2
0.624623163934032,-2.35981348258748,0.012,0.017,1,LRMP
0.624623163934032,-1.26342330530986,0.012,0.017,1,RSG1
0.624756942894285,-0.918654664334617,0.143,0.154,1,KHDC1
0.624883895513777,-0.552607338676054,0.22,0.232,1,ISCA2
0.625117161251351,-0.606575293481904,0.165,0.149,1,RIN1
0.625278866430642,-1.16162328920576,0.039,0.046,1,FRMPD4
0.625355307058516,-0.36522140343921,0.354,0.32,1,IRF3
0.625524234679957,0.994694054162463,0.026,0.021,1,LINC00869
0.625933261390908,-1.84607193997839,0.012,0.017,1,CYLC2
0.625933261390908,-0.968256988393519,0.012,0.017,1,MYO3B
0.625933261390908,-0.518502576792914,0.012,0.017,1,TRAIP
0.626379910696082,0.29790665971191,0.287,0.27,1,PITPNC1
0.626439056809826,-0.467366413182029,0.061,0.071,1,RRP7BP
0.626672569974764,-0.482613668431612,0.012,0.008,1,ATP2A1-AS1
0.626672569974764,0.452425779414384,0.012,0.008,1,C1orf115
0.626672569974764,1.10605253801451,0.012,0.008,1,LHCGR
0.626672569974764,0.600959441519876,0.012,0.008,1,MRGPRF-AS1
0.626715080550044,-0.644356660864511,0.041,0.033,1,SUGT1P3
0.626795903942459,-0.281522550716335,0.466,0.477,1,CCNG1
0.627002805011056,0.264722575324719,0.086,0.075,1,FRMD6-AS1
0.627244540785116,-1.01652873891585,0.012,0.017,1,LINC01006
0.627244540785116,-1.38980266142523,0.012,0.017,1,PARD6A
0.627462632911887,-0.369023131211759,0.198,0.183,1,NOL4L
0.627489642829783,0.91385924840988,0.026,0.021,1,APBB1IP
0.627508783369797,-0.557223170388834,0.041,0.033,1,C21orf62-AS1
0.627659286911728,-0.329555363231925,0.257,0.232,1,ECE2
0.627924645407108,-0.429282311069064,0.326,0.307,1,PPP2R1B
0.628123685712667,-1.21400937458634,0.212,0.216,1,SERTAD4
0.628137434335122,0.498871108222097,0.012,0.008,1,LINC00163
0.628277990995595,-0.310972590868652,0.161,0.174,1,EPB41L3
0.628379578243104,-0.452547038890776,0.358,0.32,1,RAB35
0.628556998691375,0.54438434981916,0.012,0.017,1,SAA2
0.628556998691375,-0.95158522286424,0.012,0.017,1,SARDH
0.628556998691375,-2.14255705679495,0.012,0.017,1,STX18-AS1
0.629111831738325,-0.575014028553091,0.035,0.041,1,GYG2
0.62911834708068,-1.07209417182171,0.039,0.046,1,LOC101928222
0.629338668764989,-1.4966833370443,0.055,0.062,1,PRRT1
0.629603764886079,-0.799175412281029,0.012,0.008,1,ANKRD20A8P
0.629603764886079,0.256945886080437,0.012,0.008,1,HRASLS5
0.629603764886079,0.770058205277264,0.012,0.008,1,INPP5D
0.629603764886079,0.855877559774847,0.012,0.008,1,LOC729683
0.629603764886079,0.426521791750565,0.012,0.008,1,SMIM10L2A
0.629870631673257,-0.815383298935193,0.012,0.017,1,C9orf43
0.629870631673257,-1.14416601164755,0.012,0.017,1,LINC00284
0.629870631673257,-1.5107067838262,0.012,0.017,1,LOC101927964
0.629870631673257,-0.740373773404349,0.012,0.017,1,OSR1
0.629870631673257,-1.76333154792863,0.012,0.017,1,TAF1A-AS1
0.629870631673257,-0.891675241287699,0.012,0.017,1,TAS2R19
0.629870631673257,-0.809551232417806,0.012,0.017,1,ZG16B
0.629870631673257,-1.33992965579201,0.012,0.017,1,ZNF813
0.629967847871237,-0.268254571004141,0.153,0.137,1,NXT2
0.63001107121806,1.76392297136959,0.167,0.154,1,C15orf48
0.630340879720505,-0.274247686966872,0.063,0.054,1,TMEM81
0.630429571978791,-0.404674320524262,0.167,0.178,1,SNN
0.630465571726346,-1.78915137940617,0.031,0.037,1,APOBEC3G
0.630499572306798,-0.394160214501693,0.183,0.166,1,WHAMMP1
0.630512635347085,-0.394576302265706,0.196,0.178,1,EML3
0.6306773244201,0.340786797081917,0.045,0.037,1,CORO2B
0.630687285456453,-0.454112749173997,0.193,0.178,1,PPP3R1
0.631071556833365,0.923566268312432,0.012,0.008,1,ANKRD34A
0.631071556833365,0.255018647634186,0.012,0.008,1,MYZAP
0.631071556833365,-0.288138283885464,0.012,0.008,1,NRON
0.631071556833365,-0.655127270369619,0.012,0.008,1,ZNF653
0.631185436283209,-0.973322087867008,0.012,0.017,1,CTD-2270F17.1
0.631185436283209,-0.724326215027655,0.012,0.017,1,FOXN4
0.631185436283209,-0.759087006302109,0.012,0.017,1,GOLGA2P7
0.631185436283209,-0.844299176874616,0.012,0.017,1,ZNF724P
0.631426866625208,-0.781454421339004,0.039,0.046,1,ALMS1-IT1
0.631428386847989,0.427782558285712,0.026,0.021,1,APOB
0.631483750435677,-0.722067326490354,0.041,0.033,1,ARL11
0.631558446401867,-0.814765619763216,0.155,0.166,1,IQCG
0.631758896470972,-0.404614775628783,0.175,0.187,1,DUSP2
0.631992980665014,-0.250889119660641,0.466,0.423,1,EIF2B1
0.632033813668511,-0.654335320984427,0.216,0.195,1,STK39
0.632193622874309,-0.291229562618502,0.576,0.56,1,MRPS33
0.632455078905195,-0.698134196148641,0.122,0.133,1,PTPRD-AS1
0.632501409062585,-0.649628153409825,0.012,0.017,1,ESR2
0.632501409062585,-0.311675755931928,0.012,0.017,1,LOC101929420
0.632501409062585,-0.401471555830213,0.012,0.017,1,LOC399715
0.632501409062585,-0.309767834232773,0.012,0.017,1,RNF212B
0.632501409062585,-1.02464759610005,0.012,0.017,1,TRIM54
0.632539011951719,-0.73888909327225,0.177,0.154,1,LSR
0.632540805365458,-0.271085499509493,0.012,0.008,1,EDN1
0.632540805365458,-0.581203526941456,0.012,0.008,1,LINC01447
0.632540805365458,-0.827032688255287,0.012,0.008,1,LOC101927770
0.632540805365458,-0.695041946057266,0.012,0.008,1,PIK3AP1
0.632540805365458,0.578733145831781,0.012,0.008,1,TSHR
0.633038459112097,-2.09136290482996,0.031,0.037,1,GDF15
0.63316143766372,1.28608450056779,0.035,0.041,1,FKBP1AP1
0.633312585054244,-0.525050822141476,0.108,0.095,1,USH1C
0.633401699481224,0.337252258383414,0.026,0.021,1,SCN11A
0.633559407414481,0.316278391040613,0.12,0.108,1,PPAPDC3
0.633818546541661,0.472977500929789,0.012,0.017,1,LDB3
0.633818546541661,-0.637371851999948,0.012,0.017,1,SPOCD1
0.634011505653626,-0.553557689009058,0.012,0.008,1,CLEC4GP1
0.634011505653626,-0.859384878530423,0.012,0.008,1,LINC00313
0.634011505653626,-1.10826070539774,0.012,0.008,1,LINC00877
0.634011505653626,-0.263774035624756,0.012,0.008,1,LOC102723927
0.634011505653626,-0.707403960558064,0.012,0.008,1,SDR39U1
0.634011505653626,-1.33460440906135,0.012,0.008,1,VENTX
0.634011505653626,-0.416914742068734,0.012,0.008,1,WFIKKN1
0.634584832113552,-0.266195749900839,0.255,0.266,1,CTSS
0.634671421727623,-0.816298007451312,0.041,0.033,1,FAM86EP
0.63486661328125,-0.279018030127999,0.293,0.315,1,NFX1
0.635352270965674,-0.265610895815747,0.409,0.378,1,NSMCE2
0.635483652851972,-0.430565579557452,0.012,0.008,1,C2orf91
0.635483652851972,-1.07678128509206,0.012,0.008,1,DSCAML1
0.635483652851972,-0.447712456305331,0.012,0.008,1,LRRC73
0.635483652851972,-1.71141558789212,0.012,0.008,1,MYO7A
0.635483652851972,0.913431647200157,0.012,0.008,1,PLAC1
0.635483652851972,-0.883059180488374,0.012,0.008,1,TMC1
0.635642503712442,-0.374802291599959,0.582,0.539,1,NDNF
0.636126862636611,0.276426437860818,0.063,0.054,1,KDM1B
0.636189543767432,-0.539706744181354,0.165,0.178,1,EPHX1
0.63636656132054,0.371046040102782,0.026,0.021,1,TBC1D14
0.636391870999985,-0.410084667030166,0.34,0.353,1,PMAIP1
0.636409063995565,-0.443726090996287,0.035,0.041,1,ZNF280B
0.636456301664827,-0.905734835322321,0.012,0.017,1,LOC101927419
0.636483158894327,0.566590809311052,0.11,0.1,1,FEN1
0.636827381657624,-1.02778250276996,0.039,0.046,1,SLC15A1
0.636957242097481,-0.568054276192899,0.012,0.008,1,CCDC153
0.636957242097481,-0.648689893320543,0.012,0.008,1,CRYM
0.636957242097481,-0.766868532542197,0.012,0.008,1,PIF1
0.636957242097481,-0.909150601075345,0.012,0.008,1,RAB39A
0.63756564425911,-0.372596407518966,0.232,0.207,1,NIF3L1
0.637776912314347,-0.900964130730541,0.012,0.017,1,ABCB5
0.637826968518788,0.335648966507232,0.049,0.041,1,FAM102B
0.638132289347797,-0.714427303881576,0.086,0.075,1,BTN2A2
0.638153978985412,-0.941324912570403,0.069,0.058,1,TRAF2
0.638373952911132,-1.29441809221822,0.039,0.046,1,ZMYND10
0.638420690604761,-0.754102593133386,0.081,0.071,1,PDZD2
0.638432268510066,-0.807235990179935,0.012,0.008,1,CELF6
0.638432268510066,-1.56007407555075,0.012,0.008,1,CNTNAP3B
0.638432268510066,-0.753448778152095,0.012,0.008,1,FABP2
0.638432268510066,1.29647517820097,0.012,0.008,1,KLKP1
0.638432268510066,-1.00756085791058,0.012,0.008,1,NTNG1
0.638432268510066,-0.966820423834853,0.012,0.008,1,SLC16A12
0.638432268510066,-1.01475210129169,0.012,0.008,1,TXNDC12-AS1
0.638457167965185,0.361922323801149,0.212,0.199,1,ZC3H12C
0.638771655458423,0.346987794553209,0.145,0.133,1,PIGO
0.638801553268647,-0.255069236077465,0.754,0.755,1,TPRKB
0.639059112516075,-2.42248880013257,0.031,0.037,1,ANO5
0.639098673674483,-0.388244267112537,0.012,0.017,1,LINC00371
0.639337259293359,-0.681537495074324,0.026,0.021,1,FAM83H
0.63955996045119,-0.298823177944078,0.523,0.51,1,LRIF1
0.639621441317749,0.254533767939869,0.065,0.075,1,CDT1
0.63990872719261,-0.955747489926148,0.012,0.008,1,BMI1
0.63990872719261,-1.3410807365368,0.012,0.008,1,IL17RE
0.63990872719261,-2.0822514681843,0.012,0.008,1,LOC200772
0.63990872719261,-1.28807095496774,0.012,0.008,1,RASGRP4
0.63990872719261,-1.19311130757995,0.012,0.008,1,ZBBX
0.639922099154668,-1.09245262853143,0.039,0.046,1,FLVCR2
0.639922099154668,-0.792387230380369,0.039,0.046,1,LOC101926955
0.64001404174619,0.42943448757782,0.049,0.041,1,ZNF836
0.640137538118443,-1.11003212204614,0.075,0.083,1,SCN2B
0.64015270827258,-0.29959720526278,0.067,0.058,1,MINK1
0.640328781962697,0.393209100405467,0.026,0.021,1,LOC101927237
0.640886453581788,-0.26595916296917,0.552,0.498,1,ZDHHC4
0.64107995264038,-0.346533600931673,0.22,0.199,1,SEPT8
0.641276762416374,-0.42781307067631,0.102,0.112,1,ADCY6
0.641279866034015,-1.10062230553341,0.552,0.56,1,COL1A1
0.64132094715968,-0.860946098842613,0.026,0.021,1,GOLGA8R
0.641386613231016,-1.5480753165231,0.012,0.008,1,IGSF22
0.641386613231016,-0.985339811180934,0.012,0.008,1,KSR1
0.641386613231016,-1.17420985032068,0.012,0.008,1,LY86-AS1
0.641386613231016,-3.01461054877707,0.012,0.008,1,LY9
0.641386613231016,-2.26489228877912,0.012,0.008,1,SLC25A18
0.64191917622663,-0.512403791977317,0.204,0.212,1,ZMYND8
0.642097503253394,-0.920905551542787,0.308,0.324,1,LOC101929567
0.642109228588962,-0.554025925009298,0.035,0.041,1,PCDH20
0.642313753392216,-0.434198081476151,0.026,0.021,1,ACOT11
0.642332285531293,-0.554186384665543,0.053,0.046,1,ESRRG
0.642656093234355,-0.302817592091491,0.226,0.203,1,ZNF181
0.64288079567715,-0.417225741368392,0.271,0.253,1,EPN1
0.64288907753725,-0.347706601323285,0.483,0.444,1,C21orf33
0.642954936366543,-1.41914371438628,0.047,0.054,1,ZNF449
0.643307199164787,-0.638224601523306,0.026,0.021,1,NOS1
0.64337421882924,-0.341073112871539,0.031,0.037,1,AGER
0.643666116348803,1.01789642416368,0.049,0.041,1,GP6
0.64387612471361,-0.274001372048057,0.063,0.054,1,C6orf136
0.644062710883109,-0.746269919140071,0.159,0.17,1,ELL
0.644301282978448,-0.303152156995562,0.026,0.021,1,LOC100147773
0.644475626404251,-0.843412911804222,0.043,0.05,1,SHANK2-AS1
0.644913476303475,0.573887492907683,0.079,0.071,1,KNSTRN
0.64553693916796,-0.965147551681228,0.102,0.087,1,PRMT7
0.64577162382917,0.568595393715819,0.202,0.191,1,LOC146880
0.645830081177901,-0.369866697214966,0.09,0.079,1,ABCA10
0.645889561185789,-0.440018040036518,0.587,0.552,1,ARFIP2
0.645898966598635,-1.0062146103327,0.198,0.203,1,TMEM246
0.645905528667984,0.265245818683539,0.35,0.336,1,GYPC
0.645908619354833,-0.386196630987148,0.045,0.037,1,FUZ
0.646148397368219,1.01490211864829,0.318,0.332,1,S100P
0.646291358716199,-0.441555110093376,0.026,0.021,1,AQP6
0.646291358716199,-0.390832435160392,0.026,0.021,1,HOXC5
0.646291358716199,-0.724562160269577,0.026,0.021,1,PRR12
0.646291358716199,-0.861703485020366,0.026,0.021,1,PTPRG-AS1
0.646536841321951,-1.69730969155285,0.063,0.071,1,S100A8
0.646631460703083,0.305802551424339,0.071,0.062,1,ZBTB9
0.646881173030092,-0.348888115533538,0.108,0.095,1,KCNE4
0.647001178053018,-0.296767807183032,0.216,0.195,1,CCDC84
0.647242524130103,0.25913485281866,0.071,0.062,1,UBAC2-AS1
0.647392191832144,-0.488315650487502,0.328,0.295,1,YIPF1
0.647489497074748,-2.03946302021237,0.041,0.033,1,DNAH17
0.64757937977238,-0.352647071862302,0.098,0.087,1,LINC00824
0.6476570289474,-0.308214227147792,0.086,0.075,1,RPAP1
0.647713224239843,-0.273963220836513,0.415,0.386,1,STK4
0.647905070854096,-0.337565520595281,0.208,0.22,1,GLIS2
0.647957359958203,1.62510146316016,0.053,0.046,1,WDR62
0.647975278436313,0.596823204262496,0.106,0.095,1,PLEKHG4
0.64820637925431,-0.665062934067578,0.045,0.037,1,SUFU
0.648646248387511,-1.31245066379081,0.057,0.05,1,AJUBA
0.648661918011207,0.609148947264094,0.053,0.046,1,LOC100126784
0.648973045734174,-1.11280825979003,0.045,0.037,1,PRTG
0.649094031392488,-0.355582230142095,0.246,0.261,1,LOC150776
0.649154693420491,-0.532185977603639,0.159,0.145,1,CXCL16
0.649281219961342,-0.746194585169397,0.026,0.021,1,NPIPB9
0.649281219961342,-0.861820063054483,0.026,0.021,1,TRG-AS1
0.649370155202241,-1.18187817129804,0.047,0.054,1,CEBPB-AS1
0.649835053597828,-0.386737621946099,0.122,0.108,1,EXD2
0.649908740907137,-0.251383349863046,0.167,0.178,1,AMT
0.650170661670726,-0.512440515846858,0.253,0.232,1,HIRIP3
0.650363597669014,-0.411621881234068,0.063,0.054,1,VSIG2
0.650475929898891,-0.266814465908486,0.179,0.191,1,FAM117A
0.650915196235426,-0.366219521232626,0.418,0.423,1,ARID4A
0.651171719799406,0.780008490410412,0.031,0.037,1,CLEC4A
0.651275275049785,-0.7759787928703,0.045,0.037,1,ZNF818P
0.651277608197628,-0.510595992450186,0.026,0.021,1,CCDC74B
0.651277608197628,-0.564228479478781,0.026,0.021,1,PLA2G1B
0.651395436069803,-0.284243424534449,0.479,0.494,1,SUPT4H1
0.651492841441093,0.282491102585332,0.102,0.091,1,NIFK-AS1
0.651711666061706,-0.737861324014758,0.21,0.22,1,LOC100505915
0.652276741969472,-0.5043862543738,0.026,0.021,1,NBPF12
0.652363284640654,-0.599866194299599,0.039,0.046,1,LINC00562
0.652450769698273,-1.57090598275745,0.016,0.021,1,DLG5-AS1
0.653276500138966,-0.871765670761088,0.026,0.021,1,LINC01055
0.653276500138966,-0.930224101289639,0.026,0.021,1,ZSCAN20
0.653289179367439,-0.475768551058661,0.183,0.166,1,ACTR8
0.653557637429522,-0.302514776660428,0.54,0.56,1,KIF22
0.653572759194783,0.911527112809099,0.035,0.041,1,CDK1
0.653651051934204,-0.349313959368251,0.448,0.415,1,KIFAP3
0.65382654626165,-0.697480352510862,0.124,0.112,1,LINC00472
0.654009414832066,-0.352852280866573,0.104,0.116,1,EPB41
0.654129811356671,-1.47204064394809,0.059,0.05,1,LOC102724450
0.654673796017868,0.3928816286739,0.049,0.041,1,ID2-AS1
0.654680272622002,-1.08156471374106,0.051,0.058,1,RPL13P5
0.654796752314182,-2.25708496437724,0.016,0.021,1,BAAT
0.654933527015023,-0.441431810130856,0.22,0.228,1,CASP2
0.655348606034652,-0.308901594874445,0.383,0.349,1,PIN1
0.655410351789397,0.391293110768737,0.049,0.041,1,PNPLA7
0.655437714770966,-0.889419480971764,0.198,0.174,1,CENPBD1P1
0.655487864241216,-1.18418951758462,0.1,0.087,1,CCBE1
0.655488929620042,-0.613977378886274,0.039,0.046,1,TPK1
0.655731236946624,-0.468641363459874,0.159,0.17,1,PIR
0.65574256340712,-1.0665146083063,0.084,0.091,1,NARFL
0.655889705652055,-0.524907780651729,0.045,0.037,1,MROH8
0.65589503788787,0.867330622703902,0.118,0.129,1,TNFRSF1B
0.655903998193753,-0.797078019615572,0.063,0.071,1,RARA-AS1
0.655933048549438,0.670600526571383,0.092,0.083,1,NLRC3
0.656012432782757,-0.321519876576805,0.167,0.174,1,DOT1L
0.656014864815253,-0.354210011811942,0.802,0.83,1,KLF10
0.656279505688469,-0.614125506589871,0.026,0.021,1,LOC100507283
0.656537730753746,0.462719397533028,0.079,0.071,1,ZNF776
0.657146148141748,-1.13122697967982,0.016,0.021,1,ACER2
0.657739469311423,-0.490602647619453,0.466,0.419,1,HOXC10
0.658061539598138,-0.540393818384817,0.128,0.137,1,ZNF680
0.658164579126349,-1.25407285980837,0.067,0.075,1,RTN4IP1
0.658183645297282,-0.375415950233416,0.063,0.054,1,LHX9
0.65828327927313,0.322930165736561,0.13,0.12,1,MOSPD3
0.6583221197915,-1.33005439787915,0.016,0.021,1,KCNIP3
0.658849976347951,-0.282394028078059,0.242,0.224,1,SLC12A7
0.658908077794061,-0.441506576802723,0.275,0.286,1,MED23
0.658973318852562,-0.627858768931233,0.045,0.037,1,PMCHL2
0.659073801837852,0.530863258728733,0.031,0.025,1,HIST1H4J
0.659404482804403,-1.75139623557014,0.039,0.046,1,BMF
0.65943597263771,-0.67990706947877,0.151,0.137,1,EPHA1-AS1
0.659458928785829,-0.286887455397121,0.568,0.577,1,SNX6
0.659498937269495,-1.09546384964615,0.016,0.021,1,FAM90A25P
0.659498937269495,-1.68846010887266,0.016,0.021,1,HOXD3
0.659498937269495,-1.38500747852399,0.016,0.021,1,SNAP91
0.659867095619225,-1.03016289851747,0.289,0.274,1,MMP2
0.660005186570974,0.40738301426448,0.031,0.025,1,LOC100129973
0.660040270426817,-0.757369806794166,0.118,0.104,1,AP3M2
0.660676598071088,-1.32665857195441,0.016,0.021,1,DARS-AS1
0.660880090372298,-0.784628057571843,0.059,0.05,1,TFB1M
0.660918862662097,-2.16658238962481,0.079,0.087,1,CCRL2
0.66095447189658,-0.470510294237863,0.067,0.058,1,SLC30A4
0.661287365666623,-0.286959707792061,0.591,0.598,1,GRWD1
0.661594526794458,-0.789366015800103,0.051,0.058,1,DAPK3
0.661822146494997,-0.452822601778138,0.318,0.32,1,BOC
0.66185509968538,-1.11840999493536,0.016,0.021,1,ENO4
0.66185509968538,-0.947405643861605,0.016,0.021,1,TFAP2A
0.662325234920676,-0.342849259571104,0.238,0.245,1,FAT4
0.662326638634775,0.453605993513094,0.259,0.245,1,ZNF493
0.662384872011225,-0.514513510803996,0.09,0.079,1,CHRNA5
0.662437124473685,-0.565237528872292,0.167,0.154,1,KIAA0196
0.662502288237098,0.784371920208908,0.035,0.029,1,PODXL2
0.662536444289809,0.460585883146598,0.124,0.116,1,RFX7
0.662556504407012,-0.295329554676043,0.454,0.415,1,CHRAC1
0.662780649703423,-0.348558202072983,0.365,0.336,1,SMG1P2
0.662802498773496,1.23413780927108,0.031,0.025,1,LINC01003
0.662876379344005,-1.97158464214499,0.1,0.087,1,WFDC2
0.663034439595232,-1.63744752962613,0.016,0.021,1,RAD9B
0.663034439595232,-0.934193523341912,0.016,0.021,1,SGCG
0.663550728985945,1.49984206220584,0.31,0.286,1,VCAM1
0.66380616738856,-0.339640016333286,0.53,0.548,1,C14orf142
0.663963084530102,-0.500469834469426,0.118,0.129,1,CTTNBP2
0.664007262104175,-1.1412240743771,0.106,0.112,1,SCUBE3
0.664214615277281,-0.88263305957957,0.016,0.021,1,GOLGA8O
0.664214615277281,-0.974588988937719,0.016,0.021,1,KIF6
0.664214615277281,0.468766296127391,0.016,0.021,1,RAC3
0.664293111709022,0.295246600878665,0.153,0.166,1,BEND6
0.664343739842974,0.288800625071363,0.057,0.05,1,MCM8
0.664508794363655,0.292487347636894,0.114,0.104,1,BRDT
0.664534158349297,-0.579830065929735,0.271,0.245,1,DUSP10
0.664550542511086,-0.681854930351499,0.12,0.129,1,RFC3
0.664999009386863,0.623738548828731,0.167,0.158,1,SENCR
0.665160886716757,-0.444056497900526,0.047,0.054,1,AMOT
0.665683452623047,0.303480573218957,0.071,0.062,1,MCM2
0.665714883479097,-0.541558681666414,0.277,0.257,1,CRTC3
0.665795395902121,0.294480471556479,0.12,0.108,1,USP49
0.665864477020633,-0.555323276238994,0.261,0.232,1,CBLL1
0.665932616426382,-0.863591439348425,0.045,0.037,1,FLJ35934
0.666186898157162,-0.497304419705359,0.507,0.461,1,ZC3H12A
0.666577463833494,-0.861701739073087,0.016,0.021,1,MOCOS
0.666577463833494,-0.794036417386997,0.016,0.021,1,SERPINB2
0.666577463833494,-0.872909550650943,0.016,0.021,1,ZNF169
0.666674307987814,-0.727748756236509,0.067,0.058,1,BRCA2
0.66715589605772,-0.562693727160849,0.055,0.062,1,ANKRD16
0.66724043182263,-0.300974552723275,0.049,0.041,1,LINC01152
0.667306214405894,-0.321675280341972,0.236,0.253,1,EPB41L1
0.667351000422793,-0.798220573272147,0.096,0.083,1,NACAP1
0.667433649718374,0.337269842996216,0.232,0.22,1,NR2C2AP
0.667436013558012,-0.256334915992763,0.511,0.461,1,THYN1
0.66760548202868,-0.290387503791322,0.595,0.56,1,ZBTB21
0.667760131629953,-0.433394874961564,0.016,0.021,1,SOX2-OT
0.667760131629953,-0.400676059970459,0.016,0.021,1,ZNF354C
0.667786934624482,-0.704659053954398,0.13,0.116,1,TMEM212
0.668172458948622,-0.311785428542452,0.141,0.129,1,TRAPPC11
0.668725101657356,-0.640090180685668,0.049,0.041,1,TNFRSF19
0.668943625043232,1.88343017827104,0.016,0.021,1,IL2RA
0.669347821791636,-0.602086157444452,0.031,0.025,1,PSD4
0.669369185426816,-1.76846747806074,0.122,0.129,1,ZFP14
0.669396484521696,0.524709432862626,0.071,0.062,1,LRRC2
0.669467923107176,-0.712852287972189,0.049,0.041,1,ADORA2B
0.669612609431844,-0.656430145507509,0.075,0.083,1,GIN1
0.669811407969905,-0.618983914690874,0.045,0.037,1,LOC646471
0.669838479321416,1.19841126277051,0.073,0.066,1,SH3D21
0.669860414889578,-0.259295238368019,0.067,0.058,1,S100A14
0.669909364720201,-0.513633836206703,0.043,0.05,1,CLYBL
0.670036639311683,-0.47492242294914,0.242,0.249,1,MPZL2
0.670127941519084,-0.460093251316384,0.016,0.021,1,ZNF793-AS1
0.670135916740585,-0.746735143687082,0.071,0.079,1,ALMS1
0.670417502823162,0.43417725973681,0.039,0.046,1,CYFIP2
0.670579637156822,-3.69394115055772,0.079,0.087,1,SPARCL1
0.671215453947092,0.568519266829645,0.057,0.05,1,MOB3B
0.671261220014095,0.573666282913792,0.175,0.166,1,HMGB3
0.671551048226164,-0.747037634123749,0.122,0.133,1,ZNF780B
0.671664300848828,-0.443664825587712,0.047,0.054,1,RAB17
0.671744611010439,0.352145361802568,0.344,0.336,1,ZNF394
0.67208557946111,0.370935938172324,0.053,0.046,1,AZIN1-AS1
0.672149244814017,-0.40734019000554,0.163,0.174,1,RRAGD
0.672499033410889,-0.398186256341871,0.016,0.021,1,PRPH2
0.672973425360244,-0.713835595508602,0.548,0.556,1,FADS1
0.673040793485376,-0.723479322833198,0.173,0.178,1,STARD4-AS1
0.673329464729242,-0.25646502507821,0.375,0.349,1,SETD4
0.673331721138673,0.421681510079236,0.1,0.091,1,LOC90784
0.673423170410922,-0.284142204920697,0.446,0.461,1,KLHL9
0.673945993180849,-1.76968071294642,0.02,0.025,1,AK7
0.674346914481662,-0.523530542551546,0.405,0.415,1,KCNK5
0.674521144218296,-0.391840382141852,0.106,0.116,1,ZNF136
0.674769775618691,-0.526629118594756,0.177,0.162,1,CIDECP
0.674899256881232,-0.368395415140389,0.23,0.216,1,KAT2B
0.674978184641399,-1.21529629396415,0.031,0.025,1,CTSZ
0.675012142175538,-0.444075402571606,0.45,0.407,1,SLC9A3R1
0.675049218780938,0.404969745802401,0.242,0.232,1,NOL6
0.67542208791424,-0.97468196894271,0.049,0.041,1,MSC
0.675503087704444,0.319778425346295,0.397,0.378,1,RPL13AP20
0.675668527175678,-0.255840740805255,0.644,0.622,1,UBE2J1
0.675911456165797,0.25983856448656,0.035,0.041,1,LINC00630
0.676002252738908,-0.498680855973113,0.086,0.075,1,NANOS3
0.6762321803676,-0.721843346315653,0.084,0.075,1,MIOS
0.676280010776779,0.536636428809008,0.134,0.124,1,CYP2R1
0.676355283585895,-0.320242948607268,0.352,0.328,1,GALM
0.676505616033737,0.273353740218997,0.572,0.573,1,TUFT1
0.677141809501398,-0.345964158231927,0.473,0.423,1,UBL7
0.677162877221577,-0.384600719090286,0.155,0.166,1,USP40
0.677176648650708,-0.578069629801752,0.208,0.216,1,ASB1
0.677210308365687,-0.594293464778468,0.075,0.083,1,IER5L
0.677436189616082,1.44997837811803,0.035,0.029,1,PARD6G-AS1
0.677531257504973,-0.572824016827427,0.067,0.058,1,SLX4IP
0.677748628230391,-0.395450930292437,0.218,0.199,1,COQ6
0.677800227311163,-0.272245833718119,0.031,0.025,1,NUAK2
0.678104973585596,0.33100529371782,0.104,0.116,1,ZFHX4
0.678296640993824,1.37286473359971,0.016,0.012,1,PCDHGB5
0.678479121867759,-0.523913295023983,0.255,0.232,1,ILVBL
0.678578891898272,-1.28056803019304,0.291,0.274,1,PIM2
0.678579607495492,0.368305615083092,0.088,0.079,1,GPR68
0.678741916133484,0.370636998732881,0.031,0.025,1,CEACAM22P
0.678741916133484,-1.13677300468902,0.031,0.025,1,WNT1
0.678967284525762,0.568011478963803,0.092,0.083,1,ABHD12B
0.679120702043065,-0.566240417960153,0.039,0.046,1,ITGB2
0.679470625698187,-0.31838720201932,0.668,0.639,1,MCTS1
0.679581955159025,-0.437819273142188,0.153,0.137,1,LINC00483
0.679589340882306,1.28425245465741,0.016,0.012,1,LINC01296
0.679684106774095,-0.362826955092133,0.031,0.025,1,TIGD1
0.679776865019078,-1.25973750523933,0.059,0.066,1,MARC2
0.679881467360965,-0.698442790702584,0.086,0.091,1,FLJ31356
0.68000310157182,-1.13782624533353,0.096,0.104,1,CTSH
0.680791638278707,-0.466919587965002,0.373,0.369,1,TUBA4A
0.68088298350602,-0.290832578006132,0.016,0.012,1,GPR1
0.680997314805405,0.560078336502015,0.259,0.249,1,ICA1L
0.681311231975108,-0.872061094389819,0.055,0.062,1,COX10-AS1
0.681524260266206,-0.410347239164318,0.367,0.336,1,DLD
0.681569988338756,-2.02215027499896,0.031,0.025,1,LOC100506679
0.682121582457249,-0.625400549995847,0.053,0.046,1,EBLN2
0.682144866131456,-0.539450285023221,0.049,0.041,1,GAL3ST4
0.682442919429286,-0.454883839410371,0.299,0.27,1,TLK2
0.682546854317543,-1.29965369618584,0.02,0.025,1,LOC101928100
0.682546854317543,-1.60069588644719,0.02,0.025,1,RNF157
0.682546854317543,-0.71650949126838,0.02,0.025,1,WNT5A
0.683160016735258,-0.301117625721225,0.084,0.075,1,ABCB4
0.683473083568177,-1.00260488192094,0.016,0.012,1,GHSR
0.68348572271131,0.726475300671678,0.096,0.087,1,ADM2
0.683622905960232,-1.15647832634568,0.035,0.029,1,ADGRA2
0.683624895046284,-1.42855148328222,0.02,0.025,1,LOC100128398
0.683624895046284,-0.992248258540848,0.02,0.025,1,NOXA1
0.683624895046284,-0.787876544127681,0.02,0.025,1,ZSWIM5
0.683764185167142,-0.631186596945872,0.246,0.253,1,CNOT10
0.683946134361811,-0.354250417783584,0.287,0.299,1,APOO
0.683949309713244,-2.09358518307174,0.067,0.058,1,MARVELD3
0.68411170808852,-0.255581598773446,0.338,0.311,1,SMAGP
0.684282782521966,-0.325734792349626,0.316,0.286,1,DHRS4L2
0.684347331591475,-0.472499474313302,0.057,0.05,1,GAPLINC
0.684703581137101,-1.07134310604471,0.02,0.025,1,FDXR
0.684703581137101,-0.681959505833278,0.02,0.025,1,FOCAD-AS1
0.684769534290451,1.46385930287403,0.016,0.012,1,CCR1
0.684921011379769,-0.501984184359136,0.214,0.22,1,CD40
0.684953726142035,-1.08880995625436,0.071,0.062,1,UBE2Q2L
0.685782910648619,-0.948819710997529,0.02,0.025,1,DYDC1
0.685782910648619,-0.952030645740731,0.02,0.025,1,LOC100132078
0.685782910648619,-0.83864902243897,0.02,0.025,1,TMIE
0.685797039353665,-0.732800377343949,0.206,0.187,1,SSH1
0.68589071506675,-0.745989281699776,0.049,0.041,1,GCK
0.685919848684373,-0.888854200082496,0.251,0.232,1,C1QTNF4
0.686019268550175,-0.648746608215821,0.051,0.058,1,KCNE3
0.686025431007171,-0.588687953558796,0.204,0.207,1,DLEU1
0.686066914315669,0.624372986105215,0.016,0.012,1,LOC100130899
0.686066914315669,-0.256719209975824,0.016,0.012,1,ZNF512B
0.686293383325082,-0.86806033631597,0.031,0.025,1,MUM1L1
0.686293383325082,-1.08042808969718,0.031,0.025,1,SLC23A3
0.686722113507838,-1.19157042788752,0.051,0.058,1,RGPD3
0.686862881635532,-0.371387098845976,0.02,0.025,1,COL23A1
0.686933100342261,-0.309138005198776,0.153,0.141,1,LOC101929709
0.687059902940745,0.255021978788787,0.088,0.079,1,DCP1B
0.687365220265174,-1.6064139799025,0.016,0.012,1,EMB
0.687365220265174,-0.275300607229039,0.016,0.012,1,LINC00571
0.687365220265174,-1.36639285471433,0.016,0.012,1,LMTK3
0.688072541092408,-0.632128398379952,0.157,0.137,1,HIST2H2AC
0.688371823925001,-0.281865527689441,0.122,0.112,1,ZNF282
0.688664448752125,-0.276895349722635,0.016,0.012,1,AMZ1
0.688707743376566,-1.15375213686602,0.071,0.062,1,TRMT61B
0.68892396377692,-0.287302487036071,0.165,0.154,1,ABCB8
0.688967031843231,0.268670585809259,0.432,0.465,1,CACUL1
0.689139871227861,-0.371821921477628,0.196,0.178,1,XAB2
0.689635119369013,0.376702159022126,0.155,0.145,1,UNC45A
0.689964596381528,-0.361224704847269,0.016,0.012,1,LYG1
0.690106623936769,-1.3715662146975,0.02,0.025,1,ARHGAP33
0.690147343825761,-0.663523420735196,0.104,0.112,1,SLC29A3
0.69039593603198,-0.791480287360919,0.049,0.041,1,TIPARP-AS1
0.690790586183728,-0.341223845116889,0.067,0.075,1,CABYR
0.690940382842102,-0.81008211317217,0.059,0.066,1,PRKAR2B
0.691057780810685,0.684767459741766,0.039,0.046,1,NFYC-AS1
0.691193620601973,-0.510105212051247,0.071,0.079,1,ZNF668
0.691265659750254,0.911913332438182,0.016,0.012,1,C1QC
0.691265659750254,-1.17888719628442,0.016,0.012,1,CDK8
0.691265659750254,-0.792121123126887,0.016,0.012,1,PDF
0.691265659750254,-0.698232250427172,0.016,0.012,1,RYR2
0.691397536962132,-0.320470475650719,0.925,0.925,1,CKS2
0.691399829006701,-0.507556003649235,0.257,0.261,1,POU5F1
0.691457497978324,-0.320754517809393,0.452,0.465,1,CRYZ
0.691491695577013,-0.549597041495255,0.055,0.062,1,C10orf35
0.691646843399083,-0.915182808223275,0.102,0.108,1,CASP7
0.691678030672204,-0.300218467834032,0.403,0.402,1,PLGRKT
0.692234045134414,0.33011115789267,0.462,0.456,1,ELMSAN1
0.692272290341165,-0.928679750357022,0.02,0.025,1,ACPP
0.692272290341165,-0.946505332256989,0.02,0.025,1,LINC01114
0.69236379923729,-0.569983516835064,0.234,0.212,1,C21orf2
0.69247955736712,-0.641276611381846,0.092,0.1,1,DNAJC27
0.692497956227433,-0.726794293253788,0.035,0.029,1,HMGB3P1
0.692567635447071,-0.667019254110852,0.016,0.012,1,LOC101926915
0.692567635447071,-0.346336594881501,0.016,0.012,1,LOC101927476
0.692567635447071,-0.538599010136594,0.016,0.012,1,SOGA3
0.693059846561759,-0.357711274379996,0.051,0.058,1,NEK2
0.69316139478802,-1.83085180090488,0.063,0.054,1,PLXDC1
0.693356069109978,-0.806051660802368,0.02,0.025,1,LOC101929762
0.693367947343313,-0.516906484147446,0.061,0.054,1,CALCB
0.693387907188112,-0.617844368938645,0.057,0.05,1,APCDD1
0.693438992852008,-0.394374022084008,0.238,0.249,1,EGFR
0.693870520052669,-0.503598642153915,0.016,0.012,1,GNA14
0.693870520052669,-0.349805245876387,0.016,0.012,1,SYCE2
0.693870520052669,-0.895241281277439,0.016,0.012,1,ZIM2-AS1
0.694251499237615,-0.344007425361921,0.226,0.207,1,LINC00907
0.694340621747804,-0.967574165504936,0.024,0.029,1,DNASE1L1
0.694440475627745,-0.315866000635118,0.02,0.025,1,LRCH2
0.694999900637874,0.35240361598038,0.322,0.315,1,U2AF2
0.695174310139686,-0.477264172108654,0.016,0.012,1,LIPE-AS1
0.695174310139686,-0.570435004377249,0.016,0.012,1,LOC729737
0.695364386025444,-0.686467747534803,0.344,0.307,1,ZSCAN29
0.695478360454109,-0.626819431124354,0.079,0.071,1,RHBDL2
0.695525507918058,0.969977552272208,0.02,0.025,1,C4BPB
0.696059914533685,-1.22232584119764,0.035,0.029,1,GALNT8
0.696451816669886,-0.338386614406507,0.047,0.054,1,TMCO4
0.696479002272732,-0.46422235137113,0.016,0.012,1,LOC100272216
0.69699114006382,-0.361659105331166,0.079,0.087,1,TRAPPC9
0.697335233458819,-0.751812811226375,0.024,0.029,1,KRT8P41
0.697358560415605,-0.504453239548883,0.092,0.1,1,FAM221A
0.697496851375609,-0.627502357661395,0.071,0.062,1,PCYT1B
0.697697441891503,-2.85035242253944,0.02,0.025,1,CYTIP
0.69778459300842,-1.56295009744408,0.016,0.012,1,CECR7
0.69778459300842,-0.700946267201156,0.016,0.012,1,LOC100133669
0.697865713780104,-0.831548161207973,0.079,0.071,1,DRC1
0.697929002710793,-1.40334550141345,0.049,0.041,1,DOCK4
0.697956164393617,-2.17053365513895,0.065,0.071,1,PABPC1L
0.697967634365189,-0.353716577185567,0.193,0.183,1,XG
0.698126217619745,-0.765485406362916,0.071,0.062,1,LINC01012
0.698260014245537,-0.295330058301564,0.22,0.228,1,SART1
0.698334488772209,-1.31999585203644,0.024,0.029,1,ZNF891
0.698675758026889,0.37133710204828,0.126,0.141,1,RPS6KA5
0.698784339602659,-0.39556535618369,0.02,0.025,1,MILR1
0.69890721249213,0.430235862401938,0.31,0.299,1,GTF3C3
0.69900028874898,-0.645848257935774,0.251,0.253,1,GALK1
0.699047894872611,-0.793179223515308,0.1,0.108,1,PTGFR
0.699280736849861,0.352190693660147,0.096,0.087,1,SENP8
0.699322387218049,-0.53844769897445,0.295,0.27,1,WSCD2
0.699334267213415,-1.09825009185498,0.024,0.029,1,LOC285696
0.699441645677747,-0.618505661856308,0.061,0.054,1,HIST1H2BC
0.699628589848576,-0.348440080020326,0.035,0.029,1,ZNF883
0.699871855142433,-0.543072451328007,0.02,0.025,1,PTAFR
0.700070099060456,0.272804903184612,0.092,0.083,1,SLC36A2
0.700334567232128,-1.52630224424787,0.024,0.029,1,CTB-113P19.1
0.700398456474331,-1.15435871168504,0.016,0.012,1,DEC1
0.700398456474331,-1.5911026324563,0.016,0.012,1,LRGUK
0.700835194283606,1.16541420984565,0.055,0.05,1,PODXL
0.700926437600745,-0.625319420366991,0.104,0.112,1,RHOBTB1
0.700959986515322,-0.479544230991252,0.02,0.025,1,LOC101927817
0.70112328896879,-0.312899595197111,0.136,0.124,1,LRCH3
0.70133538727533,-1.027974223256,0.024,0.029,1,HNF1A-AS1
0.701789291974662,-0.29931462723314,0.857,0.78,1,IFI6
0.702253090119828,-0.370612004805452,0.149,0.137,1,ABAT
0.702336725787294,-1.30624649562143,0.024,0.029,1,ABCA3
0.702785646632942,-0.700574831625172,0.193,0.199,1,LOC400043
0.702824281092789,-1.52209619676253,0.057,0.062,1,PAIP2B
0.703015548614378,-0.253771404112873,1,1,1,HSP90AA1
0.703033742329862,-0.612290613589205,0.163,0.149,1,HSPA12A
0.703138088759505,-0.272316468239072,0.02,0.025,1,NAT2
0.703219968561077,-0.663509715713202,0.049,0.041,1,DLG1-AS1
0.703535102351104,-0.260034830383585,0.601,0.577,1,COL16A1
0.70409040650427,0.267106103629069,0.444,0.44,1,USP22
0.704253363596676,0.354757134816863,0.153,0.162,1,CACNA1F
0.704264131078997,-0.775758254476549,0.088,0.095,1,AMN1
0.704790889774186,0.3025540939323,0.11,0.1,1,HTRA2
0.705152592198735,-0.498349575552984,0.055,0.062,1,TTN-AS1
0.705319055427667,-0.275094416052185,0.847,0.784,1,TCEAL2
0.705888496778876,-0.382344329233173,0.424,0.427,1,COTL1
0.706142938310779,-0.369432646611532,0.039,0.033,1,RRN3P2
0.706347233314041,-0.91716425553281,0.024,0.029,1,LOC100287042
0.706439849187899,-0.97484100286863,0.029,0.033,1,ZNF419
0.707222846840353,-0.345446806801818,0.501,0.494,1,ZSWIM7
0.707682302524866,-0.932910260779602,0.035,0.029,1,ALOX12-AS1
0.707821623940605,-0.354442991905783,0.407,0.382,1,DSTYK
0.70789926528561,-0.262460454476744,0.731,0.718,1,CREM
0.707939814842069,0.282727040329152,0.218,0.207,1,PTGR2
0.708310112137508,-0.960322590742345,0.029,0.033,1,MAGEB10
0.708325330161965,-0.546454855911025,0.784,0.797,1,TAF9
0.708355557243579,-1.03560086679933,0.024,0.029,1,LOC101927740
0.708355557243579,-6.87785999948362,0.024,0.029,1,MZB1
0.708355557243579,-0.607542360768019,0.024,0.029,1,ZYG11A
0.708593981037928,0.431500334513713,0.02,0.025,1,LOC101927692
0.708704580473882,0.544900696741086,0.043,0.037,1,RAD51-AS1
0.708956387256104,-0.264145110119981,0.134,0.12,1,C3orf33
0.709147784254215,-0.597886703415495,0.138,0.124,1,SEMA4B
0.70947650445861,-1.37519420950645,0.035,0.029,1,STARD8
0.709489493235708,-0.463968790262237,0.057,0.05,1,TBKBP1
0.709642588819258,-1.01499441556533,0.049,0.054,1,SULT1C4
0.709675323288449,-0.340911793299298,0.473,0.469,1,PCID2
0.710430077142957,-0.390128603921247,0.092,0.1,1,KANSL1-AS1
0.710566525572207,-0.306689927843828,0.538,0.515,1,DFFA
0.710803232604779,-0.292532997066807,0.346,0.324,1,CEP290
0.710851666319684,-0.580910034754767,0.126,0.116,1,ENOX2
0.711223603459717,0.519777355769162,0.108,0.12,1,DOCK11
0.711344792717249,-1.34980679620639,0.065,0.071,1,TSEN54
0.711648192121498,-0.547923301359071,0.1,0.108,1,NHEJ1
0.712037952330289,-0.777652519526137,0.13,0.116,1,INTS8
0.712055909961339,-0.556825562584479,0.029,0.033,1,RNF208
0.712061047222468,-0.384464378248925,0.538,0.485,1,KIAA1033
0.712077350482935,-0.710083182732549,0.039,0.033,1,HHLA2
0.712272002499042,-0.661020877341464,0.155,0.162,1,SDCCAG3
0.712903606407722,0.356450578304816,0.098,0.108,1,CIART
0.712923683330462,-1.23403614219675,0.128,0.129,1,MYL3
0.713069737143627,-1.1837307155477,0.035,0.029,1,MLLT4-AS1
0.713069737143627,-0.920348566761319,0.035,0.029,1,TRPV2
0.713075871665549,-0.677331301565882,0.676,0.672,1,MPHOSPH10
0.713137636497125,0.676258078971573,0.02,0.017,1,SHBG
0.713385220734378,-0.786415420279274,0.024,0.029,1,FAM27B
0.713506457766475,-0.346220035885778,0.2,0.207,1,LINC00924
0.713590306258042,-1.18324325406628,0.09,0.079,1,SLC7A6OS
0.713797746131293,-0.915019016080049,0.108,0.095,1,HOXA5
0.713928136517419,-1.40478244521862,0.037,0.041,1,LOC101929122
0.714812733947548,-0.251638388824428,0.401,0.398,1,MUT
0.714899245956103,-0.820108221386851,0.033,0.037,1,EVA1C
0.715161168300165,0.424000107025946,0.043,0.037,1,REP15
0.715186742260528,-0.492055053367694,0.069,0.062,1,TYSND1
0.715210793668923,-0.41258175036708,0.136,0.124,1,PCBD2
0.715367350512417,-1.65527553839596,0.045,0.05,1,FAM171B
0.715400594367798,-0.553292622757608,0.024,0.029,1,ZNF77
0.715496973744232,-0.25623267538912,0.141,0.129,1,HELLS
0.71576885136076,-1.73408712410081,0.035,0.029,1,PTENP1-AS
0.715781780404078,-0.6044157217867,0.033,0.037,1,CENPF
0.715808668887717,-0.412294857564693,0.029,0.033,1,ISM1-AS1
0.715944213146585,-0.446105551682603,0.065,0.058,1,POLA1
0.716409026593931,-0.907633913196626,0.024,0.029,1,AKR7A3
0.716413160861846,-0.969983057190263,0.057,0.062,1,ATP6V1G2
0.716467584175893,-0.780353757598262,0.079,0.071,1,MTMR4
0.716548881988754,-0.332904600419871,0.147,0.137,1,ZNF165
0.716648155009919,1.24381724811788,0.02,0.017,1,ERP27
0.716778526137083,0.336961214722023,0.043,0.037,1,PASK
0.717417953633311,-0.475586389092461,0.024,0.029,1,DKKL1
0.717610780076979,-0.543401269008888,0.32,0.295,1,PPM1D
0.71781966400811,1.2561956566029,0.02,0.017,1,MKI67
0.717933289859209,0.371351598244851,0.098,0.091,1,PPP1R9B
0.718329783107203,0.370248798881554,0.175,0.187,1,RMDN2
0.71833902330278,0.315250394914388,0.717,0.714,1,MTRNR2L1
0.718397155187933,-0.608540286356425,0.043,0.037,1,PNMAL1
0.718471522781797,-1.81632206794161,0.035,0.029,1,RIPPLY3
0.718830337521853,-0.305407870922836,0.248,0.228,1,RHOT2
0.719059521298201,-0.344985806464878,0.456,0.473,1,EFTUD1
0.71942864919898,-0.530723758819932,0.218,0.224,1,RABL2B
0.719560036980336,0.455356483557638,0.177,0.17,1,CROCCP2
0.719910183628332,-0.287013479769314,0.065,0.058,1,HOGA1
0.719911673690073,-0.705406338387997,0.251,0.249,1,PIGW
0.719928551628451,-0.502668400040719,0.13,0.137,1,KIR3DX1
0.72019653152999,-0.419173177433237,0.226,0.207,1,KCTD15
0.7205076332472,-0.953581214709837,0.061,0.054,1,WDR90
0.720585340061948,-0.291251536005985,0.039,0.033,1,TMED6
0.720827467850105,-0.430890659468466,0.043,0.037,1,ZNF510
0.720894521133587,-0.300568185113704,0.291,0.299,1,PANK2
0.721298910422181,-0.321566979505225,0.116,0.124,1,HEY2
0.721412121389114,-0.435648822592954,0.161,0.17,1,GLYCTK
0.721504825497068,0.405995246088256,0.077,0.071,1,SLMO1
0.721896007151847,-1.1242348478194,0.061,0.066,1,ST20-AS1
0.721938110261285,-0.771716742803426,0.092,0.1,1,NEXN-AS1
0.722111100299142,-0.329007036540638,0.281,0.257,1,AQP7P3
0.72252080946142,-0.794114036828104,0.088,0.079,1,ZMYM1
0.722932374318495,-1.04752177331035,0.069,0.075,1,F8A1
0.723086360689945,-0.312071657073018,0.666,0.635,1,MPC1
0.723317272150424,-0.783956270649759,0.187,0.191,1,FUT8
0.723355280499018,-0.560276626676601,0.189,0.199,1,PPIL6
0.723491260332113,-0.382296101236417,0.607,0.589,1,CEMIP
0.723505287214956,-0.268584687510211,0.407,0.411,1,TMEM251
0.723623764358009,-0.38208936894592,0.281,0.29,1,ACAA1
0.723973385258198,-1.91324685676018,0.037,0.041,1,ARHGAP27
0.723998315595444,-0.276897171261089,0.039,0.033,1,MECOM
0.724206375121731,-0.268096975125236,0.234,0.245,1,SPIDR
0.724274056335625,-0.523345009219457,0.122,0.112,1,PML
0.724277401439813,-0.748780602640511,0.029,0.033,1,LOC730183
0.724687534305978,-1.09984250702977,0.098,0.087,1,SMAD1
0.724862572310476,-0.88415357627085,0.02,0.017,1,CHRM3
0.724862572310476,0.255463381583171,0.02,0.017,1,CNR1
0.725008686795391,-0.321012020155889,0.232,0.216,1,ZWILCH
0.725216330881119,-0.72464979695255,0.094,0.083,1,ZNF354B
0.725643658235948,-0.454470932786376,0.338,0.34,1,ITSN1
0.725822180107819,0.382920541610551,0.055,0.062,1,ZNF790-AS1
0.726038675910478,0.88084361729603,0.02,0.017,1,CSTA
0.72604911789345,-0.292929031034038,0.285,0.299,1,C2orf74
0.726055884621301,-0.912895942116486,0.045,0.05,1,C14orf159
0.726120772223454,-0.622871317215041,0.079,0.087,1,GRIA3
0.726520299063424,-0.420379254260737,0.024,0.029,1,HAS3
0.726561657215624,-0.65794933403232,0.039,0.033,1,ZNF14
0.727215425781912,0.493093258957826,0.02,0.017,1,CA8
0.727215425781912,0.378425393399302,0.02,0.017,1,SLC16A11
0.727587239369124,-1.99452682536085,0.045,0.05,1,ABCA11P
0.727940849371118,1.01631190745348,0.024,0.021,1,TYMSOS
0.728173093748595,-0.573257272707113,0.037,0.041,1,SPATA4
0.728272256095506,-1.37374324627344,0.039,0.033,1,PCSK6
0.728368685545173,-1.28924312832188,0.126,0.112,1,C3orf70
0.728392819385933,-0.515513262987993,0.02,0.017,1,L3MBTL4
0.728392819385933,-0.814693453505144,0.02,0.017,1,LOC344967
0.728392819385933,0.581987978310621,0.02,0.017,1,PFN4
0.728801508419025,0.336010011742065,0.216,0.207,1,KCTD3
0.72888524367097,-0.314122798226576,0.265,0.241,1,TANC1
0.729014020406811,-1.01425401693796,0.037,0.041,1,DGKB
0.729064788118648,-1.774865989061,0.033,0.037,1,LINC00671
0.729267332730536,-0.870608394665913,0.057,0.05,1,MAP3K1
0.72926817118127,-1.31253696428428,0.081,0.087,1,CCDC170
0.729669533160938,0.380651700633583,0.314,0.307,1,CYB561D2
0.729895500980379,0.34685101349864,0.116,0.108,1,NBEA
0.729933938269543,-0.50111653519714,0.124,0.133,1,TMEM203
0.729942103213364,-0.78475316316174,0.029,0.033,1,RAET1L
0.730081205520712,0.457924905172377,0.063,0.071,1,ZKSCAN2
0.730189859185234,-0.352575323045088,0.299,0.303,1,BLZF1
0.730576724137141,-0.344254886640741,0.043,0.037,1,LFNG
0.730660018449585,0.774951741819618,0.271,0.286,1,PARP12
0.730887743114255,-0.3394927086333,0.185,0.195,1,NRSN2
0.731391155847407,0.477282607911433,0.043,0.037,1,CCDC62
0.731833634302059,-1.27237049350068,0.029,0.033,1,C9orf84
0.732187812762073,-0.482895654434258,0.045,0.05,1,CYP4X1
0.73224728873435,-0.729813800286639,0.088,0.095,1,CCR6
0.732554662018773,-2.43868497944437,0.039,0.033,1,KSR2
0.732780012140767,-0.632304499076254,0.029,0.033,1,GPSM3
0.733026040366746,-0.389974577632507,0.273,0.261,1,ATG2B
0.733050263735071,-0.819479601407573,0.071,0.062,1,ZNF660
0.733108780191871,-0.558486529974063,0.02,0.017,1,POM121L9P
0.733510824617844,-0.90423678958778,0.033,0.037,1,CAMK2B
0.733626769053843,0.499165945519857,0.024,0.029,1,CEBPA
0.733690322686531,-0.419245636447938,0.198,0.207,1,BMPER
0.733976060717946,-0.430447596076638,0.181,0.191,1,RNF152
0.734194441715479,-0.311457373597568,0.167,0.158,1,LOC101927765
0.734213264416658,-0.554750220058288,0.057,0.062,1,SNX33
0.734241359635809,0.539055931949776,0.051,0.046,1,DLGAP1
0.734289354217283,-0.464202278776697,0.02,0.017,1,C10orf12
0.734289354217283,-0.539917997252739,0.02,0.017,1,EGFLAM-AS4
0.734336668189544,0.606712335322911,0.047,0.041,1,TOLLIP-AS1
0.734593262346419,-1.20969591928691,0.049,0.054,1,FLRT2
0.734593262346419,-2.19775257647199,0.049,0.054,1,LINC00311
0.734604109748521,-1.16317511948693,0.102,0.108,1,PPP1R21
0.734618665162277,0.485387322378371,0.118,0.112,1,HAUS5
0.734684544254542,0.256277069489053,0.248,0.245,1,KLHL5
0.734909587457836,-0.801297193548467,0.037,0.041,1,ACOT1
0.735194561185654,-0.373701605321871,0.479,0.432,1,NAAA
0.735448947160072,0.953102566961063,0.024,0.021,1,TM6SF2
0.735470556647129,-0.698632350500332,0.02,0.017,1,LRP4-AS1
0.736179519379591,0.412488721687973,0.077,0.071,1,PI4KAP2
0.736652384911025,-0.50797349739066,0.02,0.017,1,LOC101927468
0.736652384911025,-0.794727474583535,0.02,0.017,1,SYNDIG1
0.736845410945097,-0.857109356346474,0.039,0.033,1,LOC100128233
0.737829236378535,-1.12098826323703,0.041,0.046,1,LOC101929372
0.737834836434149,-0.80904411621674,0.02,0.017,1,GOLGA8J
0.737834836434149,-0.780950559245742,0.02,0.017,1,NOX1
0.737918451696986,-0.355360828135597,0.348,0.353,1,RAD50
0.738008129480372,-0.257521045367447,0.312,0.307,1,SSTR2
0.738286971106965,-0.896329299054201,0.049,0.054,1,COX6A2
0.73863485532572,0.366957113638231,0.077,0.071,1,MEGF6
0.739017908637256,-0.854626777410306,0.02,0.017,1,LBX2-AS1
0.739017908637256,-1.09470214464068,0.02,0.017,1,RIPK3
0.739130314587649,-0.321363803834126,0.037,0.041,1,MESTIT1
0.739423813723124,-0.782648044613432,0.039,0.033,1,LOC101929066
0.739828208195057,0.386301366971466,0.299,0.299,1,FBXO3
0.739980432002155,-0.269325997494746,0.407,0.419,1,CRYBB2P1
0.740008261347075,0.496063840799156,0.322,0.332,1,GK5
0.740210755484862,-0.435180413265705,0.664,0.602,1,LAP3
0.74022326221784,-0.866749728833343,0.077,0.083,1,FANK1
0.74026962108861,-0.267949118156351,0.224,0.216,1,ANTXR2
0.7403929313397,-0.755020645643866,0.094,0.1,1,MAP1LC3C
0.740519174905684,-1.85660924657339,0.065,0.058,1,LINC00514
0.740586767655656,-0.460252088309784,0.352,0.34,1,RASGRP3
0.740907384898555,0.407244065970228,0.169,0.162,1,NUP62CL
0.741156917284029,-0.786868151325303,0.069,0.075,1,FBXO46
0.741160178699088,-0.268630730984278,0.143,0.149,1,PTCH2
0.741332725759427,-1.15980982394775,0.255,0.27,1,DPH7
0.741681425710874,-0.759273752044832,0.114,0.12,1,SLC9A8
0.742022845689577,-0.793448326489113,0.369,0.332,1,NMRK1
0.74251257097407,-0.423088914956355,0.037,0.041,1,ZWINT
0.74252378845195,-0.695742886002646,0.065,0.058,1,FGFR4
0.742639643997707,-1.1948911618177,0.104,0.091,1,CCDC68
0.742824609204748,0.459940842102684,0.043,0.037,1,KRT16P3
0.742982404954638,1.27034540220645,0.024,0.021,1,ERBB4
0.742982404954638,0.659191112986983,0.024,0.021,1,MAP4K2
0.743317542382934,-0.877573033190706,0.236,0.216,1,ZNF280D
0.743465752614593,-1.11403674229709,0.041,0.046,1,CCDC136
0.7436870361023,-0.344779436698062,0.149,0.137,1,NAPEPLD
0.743737800712144,0.273556467575907,0.181,0.199,1,PROSER1
0.74397646736597,-0.664673833046433,0.088,0.079,1,C4BPA
0.744037522190023,1.30113345707915,0.088,0.083,1,HSD17B1
0.744060644605426,2.06767856097039,0.024,0.021,1,CTSW
0.744060644605426,1.37023206402248,0.024,0.021,1,LOC100996349
0.744205569989379,-0.65198347228463,0.037,0.041,1,ZFP82
0.744224375604358,-0.721236973449515,0.33,0.32,1,DDX19A
0.744462668814707,-0.356109740374138,0.043,0.037,1,MMACHC
0.744502748939517,-0.477949314992881,0.045,0.05,1,USP51
0.744942489271473,-1.63020227257345,0.02,0.017,1,LINC00954
0.745180315812948,0.536492946021239,0.212,0.203,1,ENDOV
0.745248594364469,-0.423363726908677,0.713,0.71,1,SERTAD4-AS1
0.745295232086864,-0.454158216791681,0.128,0.133,1,MGAT4A
0.745409102566664,-0.281855102509713,0.151,0.141,1,OXNAD1
0.745484462771959,1.15817294893302,0.051,0.046,1,AMPH
0.745771907607659,-0.593585903575412,0.452,0.419,1,LINC00963
0.745885637703505,-0.348073545039752,0.041,0.046,1,CCDC121
0.746071372876671,0.653863069063313,0.029,0.033,1,PLA2G6
0.746821079112424,-0.358990964669672,0.242,0.22,1,TOE1
0.746832340553226,-2.87621353788653,0.081,0.087,1,DNASE1
0.747152815842482,-0.736179138537059,0.12,0.124,1,SLC35E2
0.747218996714089,-0.495989398636013,0.122,0.112,1,ANKAR
0.747298367661659,-0.250671188994391,0.024,0.021,1,C2orf81
0.74759185932436,-0.665654762982113,0.045,0.05,1,FANCC
0.747886252096674,-0.288153485005179,0.13,0.12,1,SPATA6L
0.74800809069547,0.480718309885259,0.086,0.079,1,ABCA8
0.748126131357526,-0.484785475233851,0.065,0.071,1,NATD1
0.748175449735039,-0.560918185341474,0.259,0.257,1,FMN1
0.748364772906155,-0.923801674842839,0.045,0.05,1,POLE2
0.748511150703963,-0.432293735084424,0.053,0.058,1,PDE5A
0.748534963399113,-0.484457012043627,0.255,0.237,1,ITGA6
0.748562863654895,-0.746182713192752,0.043,0.037,1,SNORA58
0.748846231627794,0.976570360100315,0.055,0.05,1,MTHFR
0.749192498159828,-0.5787560052077,0.047,0.041,1,LOC102724784
0.749368553844988,-0.641649389020395,0.259,0.261,1,ZNF518A
0.749459333483134,-0.832466636433922,0.024,0.021,1,PTPRC
0.749459333483134,0.993066437348205,0.024,0.021,1,TTC3P1
0.749693061321379,-2.66529845881464,0.02,0.017,1,SRRM4
0.749772814591833,-0.566441730323793,0.081,0.087,1,ORC6
0.749781346441156,-0.306695262084429,0.218,0.22,1,TCFL5
0.749883024101194,0.753692563701952,0.029,0.033,1,LOC101927587
0.750010567355511,-0.750739796953669,0.116,0.12,1,GABPB2
0.750540555622941,0.807311620869577,0.024,0.021,1,CKAP2L
0.750761807681289,-1.04827680406831,0.047,0.041,1,NACAD
0.750890370427691,-0.860515406067503,0.049,0.054,1,GOLGA6L5P
0.751275113655153,-0.402065515388462,0.073,0.066,1,CLIC2
0.751616368917528,-0.285756794483248,0.141,0.129,1,ANKRD27
0.751757948148919,-0.449478423363051,0.187,0.195,1,TRMT2A
0.751839265134228,-0.282234218886786,0.037,0.041,1,ZNF646
0.751965353334407,0.328690340656671,0.287,0.274,1,DDX26B
0.752064200045314,-0.283998778016226,0.548,0.535,1,LYRM2
0.752547006081028,0.49825748754653,0.096,0.104,1,SCNN1A
0.752599676458649,-0.293319728328676,0.434,0.456,1,FAM57A
0.752704468488098,0.260798725529131,0.024,0.021,1,KDM4D
0.753035289988292,-0.379322641137041,0.141,0.129,1,SCARNA22
0.753160259557081,-0.387510686795992,0.041,0.046,1,LOC100507156
0.753177918990413,-1.13193584207932,0.033,0.037,1,MSLN
0.753198608090761,-0.460624352551859,0.275,0.257,1,ZNF83
0.753234944863928,0.493185704716674,0.179,0.166,1,MAN1B1-AS1
0.753627483745376,0.412742615546442,0.169,0.178,1,ACTC1
0.75378715525575,-0.286478439059616,0.024,0.021,1,PYCARD-AS1
0.753927974682552,-0.607292714864471,0.248,0.249,1,LINC01000
0.754391392191991,-1.00659132027888,0.104,0.095,1,LYPD3
0.75457239803118,0.440274127614474,0.173,0.166,1,TSC2
0.7548703262702,-0.944958514711362,0.024,0.021,1,DLG4
0.7548703262702,-0.771347600908415,0.024,0.021,1,ZNF628
0.755045280034521,-0.263523227522611,0.244,0.257,1,ZNF805
0.755200967652016,-0.272243222061977,0.334,0.315,1,NIPSNAP3A
0.75527699916867,-0.545328479003442,0.077,0.071,1,PAWR
0.755375143141285,0.367291150285376,0.055,0.05,1,CFD
0.755813550460804,-0.67674994011471,0.198,0.207,1,LOC101928303
0.755953979545439,-0.263878915509165,0.024,0.021,1,DOK7
0.755953979545439,-0.28517209313696,0.024,0.021,1,LOC101060542
0.755961089390259,-1.46962628337252,0.043,0.037,1,LOC101927021
0.756514389413994,-0.824460824106487,0.077,0.071,1,LRRC48
0.756885553853637,-0.264859994481844,0.381,0.382,1,GLOD4
0.757038113092611,-0.701146618042081,0.024,0.021,1,LACTB2-AS1
0.757038113092611,0.336493692060928,0.024,0.021,1,PCDHB11
0.757276875897614,-0.965398332602824,0.061,0.066,1,MLIP
0.757316971352037,-0.268645182058128,0.454,0.423,1,SRPK1
0.757390279842725,-0.558520118684579,0.092,0.1,1,ZNF318
0.757608209715508,-1.23856421842351,0.043,0.037,1,UCHL1
0.757639343722507,-0.383427759619128,0.222,0.203,1,BBS7
0.757833720890724,-0.834873176046412,0.053,0.058,1,CDPF1
0.757833720890724,-0.511619332563752,0.053,0.058,1,GNG12-AS1
0.757929178023925,-0.428400136519023,0.169,0.158,1,SFTPB
0.758022256710099,-0.780663635630829,0.041,0.046,1,MTRNR2L5
0.758122724920026,-0.731809156515783,0.024,0.021,1,C10orf111
0.758122724920026,-0.763897350424863,0.024,0.021,1,F2RL2
0.758122724920026,-1.28668912438476,0.024,0.021,1,RGS13
0.75853775730888,-0.584225734685274,0.075,0.083,1,RGMA
0.758587911301044,0.51566058274425,0.375,0.382,1,PLCB4
0.758746555097103,-0.297417855962742,0.263,0.266,1,PHF5A
0.758833526798024,-0.294128472279118,0.041,0.046,1,NOTCH4
0.758892033995559,-0.424351851942414,0.069,0.075,1,LAMA2
0.759207813033171,-0.794852898941009,0.024,0.021,1,EVI5L
0.759207813033171,-0.401325875680739,0.024,0.021,1,FOXD2-AS1
0.759317351695466,-0.598769186252683,0.128,0.133,1,MTA3
0.75941607058665,-0.935829987125248,0.173,0.162,1,AGAP3
0.759494324735582,-0.438186610334663,0.077,0.083,1,SLC25A23
0.760009742587705,0.43608180907022,0.059,0.054,1,PPARG
0.760298486220697,0.285444442376182,0.098,0.091,1,NCAPD2
0.760399764225249,0.344733754093618,0.171,0.178,1,LYZ
0.760430237871597,0.557899928485716,0.029,0.025,1,LRRC9
0.760485707561778,0.334540979521528,0.21,0.203,1,SORL1
0.760653064455045,-0.250509790704959,0.204,0.191,1,PIP4K2B
0.760703880930306,0.37958187152959,0.081,0.075,1,POU2F2
0.761140801868393,-0.473462149894,0.151,0.154,1,CSTF2
0.761193341578305,0.309436715225909,0.055,0.05,1,GBGT1
0.761359871860572,-0.274243495606171,0.593,0.573,1,MRPS18B
0.761450988544996,-0.300238100848264,0.143,0.149,1,LINC01133
0.76166111875357,0.85437286052897,0.09,0.083,1,DPY19L1P1
0.761663687117209,-0.251706459556469,0.695,0.676,1,CYTH2
0.761869849924955,0.268558458129565,0.161,0.174,1,ZBTB17
0.761964677439989,-1.20198751846482,0.094,0.1,1,WDR66
0.7619899393909,-0.48571584597559,0.061,0.066,1,FOXP4-AS1
0.761995004502663,-0.373784085846623,0.279,0.257,1,MFAP3L
0.762066612789654,-1.13541198284182,0.049,0.054,1,PERM1
0.76208125435691,-0.267128574253213,0.041,0.046,1,PPP4R1L
0.762319769898442,-0.859294867742413,0.045,0.05,1,ZNF862
0.762398202375203,-0.317650165709906,0.637,0.581,1,PTPRM
0.763007243367233,0.396153855799014,0.285,0.278,1,DSCR3
0.763146284845104,-0.726497055282027,0.096,0.087,1,AMIGO3
0.763301689408214,-0.320670531914062,0.09,0.095,1,TRAF4
0.76333112121408,-0.708710097502242,0.077,0.071,1,LOC644656
0.763369718619946,0.387592565963491,0.157,0.145,1,LOC100506834
0.763411043166621,-0.402121940042783,0.326,0.324,1,SNRNP48
0.763552888354591,-0.692022884669417,0.024,0.021,1,NDUFAF4P1
0.763631972795214,-0.922944083424291,0.094,0.1,1,KLF8
0.763826351820784,-0.41081846250528,0.098,0.104,1,SUPT3H
0.763887733250512,-1.77604534357303,0.106,0.095,1,TAP1
0.763974261863004,0.472348677329247,0.033,0.037,1,SOX12
0.763990745851233,-1.36220363982675,0.067,0.071,1,HILS1
0.764078417535686,-0.855159426522524,0.291,0.266,1,CDKN2C
0.764620162715122,-0.597634652581665,0.073,0.066,1,GBP3
0.764640327880641,-0.80394049539908,0.024,0.021,1,HOXA1
0.764716137295889,0.322096645347451,0.342,0.344,1,RNF19A
0.764962243723055,-0.465418073379775,0.134,0.124,1,GTPBP3
0.765408114693595,-0.733338894922468,0.151,0.158,1,PRRT3
0.765524284475866,-0.412591675226565,0.601,0.573,1,CFDP1
0.765728231666667,-0.832821007358602,0.024,0.021,1,LOC100128006
0.766320071316046,-0.394130466965496,0.204,0.207,1,PPP1R12B
0.766424701410912,-1.16031539244738,0.084,0.075,1,ST3GAL3
0.766532421666865,-1.06823082542893,0.073,0.066,1,KLB
0.766551189136994,-0.822477491846589,0.049,0.054,1,LOC101929431
0.767207904687985,-0.542539674863066,0.246,0.22,1,POLB
0.767283091061658,-0.481101585727146,0.143,0.129,1,PITPNA-AS1
0.767368997040948,-0.305077575961596,0.253,0.241,1,RRAGC
0.767390858316583,-1.3309795422064,0.1,0.104,1,SLC16A2
0.767394852173429,-0.55337765610701,0.273,0.249,1,OCEL1
0.767905423960032,-0.31292777192637,0.024,0.021,1,TRIM69
0.767955479645348,0.979227069624955,0.112,0.108,1,ZNF783
0.767973410933445,-0.635639963741544,0.077,0.083,1,ERICH6-AS1
0.768034502103309,-0.827267836356615,0.271,0.261,1,LXN
0.768239386658234,-0.345476675907798,0.116,0.12,1,MKRN2OS
0.768748811796214,0.307181480705962,0.098,0.108,1,GPATCH3
0.769413528208552,-0.499336860739513,0.13,0.12,1,TAF5L
0.76980080974456,-0.648402681700473,0.102,0.108,1,TWIST1
0.769904927316005,-0.540752030457923,0.13,0.12,1,FAM60A
0.770084449090177,-1.26599479679172,0.024,0.021,1,ZRANB2-AS1
0.770647119696606,0.324960373238995,0.096,0.104,1,CLPB
0.770709008283897,-0.536942112340364,0.173,0.162,1,TUBB3
0.770766110826087,-0.66736573031303,0.061,0.066,1,GPR19
0.770844015002076,0.544484790862708,0.067,0.062,1,LY6G5C
0.770875656551277,-1.45568423864896,0.01,0.012,1,LOC100507564
0.771041317380498,-0.404760961346636,0.381,0.373,1,RECQL
0.771055601651938,-0.276673975355495,0.279,0.257,1,DDX54
0.771410941071577,-0.299528491611253,0.077,0.071,1,DCLRE1B
0.771489272813127,0.548319021639291,0.029,0.025,1,FAM19A5
0.771820592014838,-0.56992387727498,0.09,0.095,1,GUCA1B
0.772118931149299,-0.699404042846388,0.061,0.066,1,FLVCR1-AS1
0.772265290869186,-1.05361450185619,0.024,0.021,1,CFHR1
0.772265290869186,-0.421489280842632,0.024,0.021,1,LOC100507424
0.772447213588822,-0.880621669493283,0.084,0.075,1,FAM149B1
0.772455702180841,-2.09848202486249,0.01,0.012,1,SCT
0.77278730331219,-0.870734964063334,0.088,0.091,1,ARHGEF19
0.772833592553181,0.30557020549723,0.067,0.062,1,TGFB2-AS1
0.773338149037632,-0.323796241876571,0.532,0.494,1,RNF113A
0.773617127254793,-0.271553905902377,0.308,0.303,1,PLEKHM1
0.773632190968921,-0.315319215849616,0.13,0.124,1,RNF139-AS1
0.774036691784946,-2.31170148054234,0.01,0.012,1,ANGPT1
0.774036691784946,-1.25556997922825,0.01,0.012,1,C2orf61
0.774036691784946,-1.27867158965353,0.01,0.012,1,LINC00957
0.774036691784946,-1.11630235601895,0.01,0.012,1,LINC01090
0.774036691784946,-1.67666285679773,0.01,0.012,1,PROZ
0.774036691784946,-1.36083046114732,0.01,0.012,1,TMPPE
0.774036691784946,-1.59143048314068,0.01,0.012,1,VANGL2
0.774138760838254,-0.504950185958857,0.191,0.195,1,C4orf47
0.774193461618731,-0.532774419047194,0.155,0.141,1,SPDL1
0.77442670862656,-0.725125322410301,0.057,0.062,1,NOS1AP
0.774552595571344,-1.07879918786636,0.198,0.183,1,STRADA
0.774599888643032,-0.913173639003365,0.338,0.332,1,ZNF850
0.774827413717677,-0.398163209504088,0.334,0.336,1,SLC39A4
0.774965820524415,-1.04605678530967,0.051,0.046,1,MEX3D
0.775230572505089,0.44771816235316,0.033,0.029,1,FLG-AS1
0.775522413853095,-0.444888959719711,0.029,0.025,1,STAB2
0.775539924237409,-1.95053010512392,0.024,0.021,1,ST8SIA4
0.775597385264973,-0.260384522668019,0.578,0.577,1,FASTKD2
0.775605395806124,-0.601435217614605,0.069,0.062,1,NUDT12
0.77561861917885,-1.85375995139188,0.01,0.012,1,TMTC4
0.775867068776087,-0.476939151328935,0.257,0.237,1,PCGF1
0.776093927933023,-0.787313034674174,0.1,0.104,1,SWSAP1
0.776181535038736,-1.66131247773713,0.065,0.058,1,MORF4L2-AS1
0.776272734895996,-0.365444951178914,0.208,0.212,1,PWP2
0.776430061919446,0.371773428383034,0.075,0.071,1,ZNF296
0.776499492898166,-0.468321660487011,0.22,0.224,1,HLCS
0.776524327784522,-0.735871738855392,0.057,0.062,1,NMUR1
0.776767360108545,-0.861045147826452,0.206,0.207,1,EPHA3
0.777087543124557,-0.294496264160342,0.511,0.477,1,ADRB2
0.777108984600911,0.514786457441187,0.169,0.162,1,ZNF714
0.77720147816614,-1.06763358092898,0.01,0.012,1,EXD1
0.77720147816614,-1.5536089864587,0.01,0.012,1,IQCC
0.77720147816614,0.295732097148628,0.01,0.012,1,LIX1
0.77720147816614,-2.21063190027483,0.01,0.012,1,LOC100288842
0.77720147816614,-1.35098965065794,0.01,0.012,1,LOC101929596
0.77720147816614,-1.20336844142197,0.01,0.012,1,NUDT18
0.77720147816614,-1.06869713872027,0.01,0.012,1,PKP2
0.77720147816614,-0.815750807301781,0.01,0.012,1,XIRP1
0.777541264733238,0.405471029556519,0.029,0.025,1,LOC643733
0.777830202599178,-0.456740800763769,0.328,0.328,1,HERC2P2
0.777843964056956,-0.370430794067021,0.55,0.506,1,SLC30A9
0.777879230417788,-1.07884441262758,0.084,0.075,1,PTX3
0.777923647527231,-0.955962265703875,0.057,0.062,1,RNF32
0.778096591611643,-0.282533175208487,0.379,0.349,1,SAYSD1
0.778127033026123,-0.332686665723616,0.094,0.1,1,SFTPD
0.778178192012517,-0.654658195825364,0.153,0.141,1,TRMT1L
0.778306803733329,-0.994931463507297,0.081,0.075,1,LOC100506603
0.778551254633043,0.627879792952574,0.029,0.025,1,CLDN15
0.778563862604442,-0.284336211272881,0.289,0.29,1,GET4
0.778785262538803,-0.298357638005422,0.01,0.012,1,CASP1
0.778785262538803,-0.810676611471946,0.01,0.012,1,CCDC64B
0.778785262538803,-1.55203692239548,0.01,0.012,1,CD70
0.778785262538803,-1.86823191436273,0.01,0.012,1,CLEC4E
0.778785262538803,-1.4250680853766,0.01,0.012,1,DNM1P41
0.778785262538803,-1.06171176772163,0.01,0.012,1,FAM87B
0.778785262538803,-1.16022316647109,0.01,0.012,1,OTUB2
0.778785262538803,-1.27771606343838,0.01,0.012,1,TACR2
0.778818459297551,0.386862404217809,0.122,0.116,1,PEG10
0.77898740762022,0.890774825609936,0.071,0.066,1,CA3
0.779454889104674,-0.285617871002197,0.316,0.299,1,DBF4
0.779948627855762,0.68171591933648,0.033,0.029,1,TIMELESS
0.780140077833154,-0.812340509197134,0.077,0.071,1,ZNRF1
0.780369966077299,-0.883829933409659,0.01,0.012,1,APOL4
0.780369966077299,-1.32926976762791,0.01,0.012,1,ARR3
0.780369966077299,-0.83706423425115,0.01,0.012,1,GRIK2
0.780369966077299,-1.36231748045225,0.01,0.012,1,GRIN2D
0.780369966077299,-1.25605299836666,0.01,0.012,1,MSH4
0.780369966077299,-1.24691171916905,0.01,0.012,1,OR6W1P
0.780369966077299,-1.1581356957393,0.01,0.012,1,PEX10
0.780369966077299,-2.78288531383063,0.01,0.012,1,RFFL
0.780397150958468,-0.395679343650146,0.354,0.344,1,LENG1
0.78068287258815,-0.250160217920676,0.752,0.68,1,CHTOP
0.78105516643197,-0.624443765692166,0.051,0.046,1,LOC101928103
0.781463745918768,-0.651174948306828,0.134,0.124,1,PDE6B
0.781583462810236,-0.795045291314851,0.029,0.025,1,ZNF541
0.781955582550634,-0.558771412729951,0.01,0.012,1,CLDN18
0.781955582550634,-1.06046014618613,0.01,0.012,1,CTNND1
0.781955582550634,-1.15316751918796,0.01,0.012,1,GPR37L1
0.781955582550634,-1.05482405451682,0.01,0.012,1,LOC100271832
0.781955582550634,-0.935229432283456,0.01,0.012,1,SPRR1B
0.782079619496495,0.372475128934783,0.094,0.087,1,APOL3
0.78246929811721,0.327206535982361,0.191,0.187,1,STX3
0.782613130741889,-0.553106131007357,0.548,0.552,1,RPS14P3
0.782684753288257,-0.264793437448663,0.151,0.158,1,SLC8B1
0.782783368619718,0.365369186179156,0.033,0.029,1,LOC100129917
0.783342159171032,-0.444489709640164,0.051,0.046,1,ZNF589
0.783542105716431,-1.01366771755929,0.01,0.012,1,AMBP
0.783542105716431,-0.388415928562494,0.01,0.012,1,CCDC150
0.783542105716431,-0.962463913030232,0.01,0.012,1,CD209
0.783542105716431,-0.438433570464402,0.01,0.012,1,CST4
0.783542105716431,-0.282768178048698,0.01,0.012,1,NELL1
0.783606784154421,-0.821414779384239,0.029,0.025,1,CCDC107
0.783997874412212,-0.282613255880013,0.688,0.656,1,RTF1
0.784057381468244,-0.751244487885385,0.22,0.22,1,FGGY
0.784104907333161,-0.741384420496387,0.051,0.046,1,ADGRL2
0.784674801942562,2.0137941437457,0.033,0.029,1,IGFBP1
0.784870370827802,-0.467441647098362,0.269,0.27,1,TTC33
0.784913772801352,-0.32487468517035,0.363,0.336,1,ATF7
0.784963392699912,-0.386321568630431,0.593,0.556,1,ZNHIT3
0.785066801362855,-0.510345202673349,0.232,0.232,1,RNF20
0.785129529321005,-0.413078715274348,0.01,0.012,1,OVCH1
0.785129529321005,-0.679863932985985,0.01,0.012,1,SUGT1P1
0.785253532780617,-0.939537348358252,0.251,0.249,1,MDK
0.785365653384119,-0.907217784428934,0.169,0.154,1,CCDC173
0.785507835209098,-1.24022991159901,0.09,0.095,1,XKR9
0.785631569750511,-0.41169276704237,0.029,0.025,1,GALNT14
0.785631569750511,-0.300280443391022,0.029,0.025,1,MAB21L1
0.785631569750511,-0.342740966733087,0.029,0.025,1,MTCL1
0.785631569750511,-1.03935432776482,0.029,0.025,1,PSKH1
0.785740697388935,-0.715680585086686,0.346,0.299,1,MAD1L1
0.785749376990846,0.252741946842119,0.041,0.046,1,NUDT10
0.785916438075723,-0.269416662605646,0.116,0.108,1,SLC4A1
0.786067919661766,-0.539869565799437,0.055,0.05,1,MAN1C1
0.786144843321529,-0.361023369224185,0.403,0.394,1,F13A1
0.78652518302408,-0.592997552606332,0.098,0.091,1,TBCE
0.786567507822721,0.46534921684113,0.033,0.029,1,KCNAB2
0.786644507581324,-0.610432695409751,0.029,0.025,1,BCDIN3D-AS1
0.786644507581324,-0.919303115359058,0.029,0.025,1,OPLAH
0.786717847099441,-0.880050368666678,0.01,0.012,1,APOC1P1
0.786717847099441,-0.487488726019322,0.01,0.012,1,DPYD-AS2
0.786717847099441,-1.89539710611827,0.01,0.012,1,DUSP15
0.786717847099441,-0.769389952434954,0.01,0.012,1,PPM1L
0.786841814998276,0.267501798397859,0.102,0.095,1,CKAP2
0.787162713856597,-0.284545969361168,0.802,0.763,1,NEU1
0.787620763023422,-0.828788673670593,0.116,0.12,1,ZNF577
0.78764683862339,-0.51415619232656,0.098,0.091,1,ZNF362
0.787939952183489,-0.605108772704221,0.126,0.116,1,MZF1
0.788046619107868,-0.277744603820523,0.705,0.647,1,BRIX1
0.788307052775658,0.421367219628654,0.01,0.012,1,C1orf220
0.788307052775658,-0.927140925170603,0.01,0.012,1,EXTL3-AS1
0.788307052775658,0.38281514300427,0.01,0.012,1,PTPRT
0.788307052775658,-0.683700485754818,0.01,0.012,1,RAET1E-AS1
0.78867146516895,-0.845759989125273,0.029,0.025,1,MYLK4
0.788688021095576,-0.855962034465084,0.1,0.091,1,PCDHGA8
0.788983698311721,0.263044866484676,0.059,0.054,1,LINC01125
0.789432348637703,-0.532086020894829,0.114,0.104,1,LINC00470
0.789578037101043,-0.416588054772054,0.086,0.091,1,GPNMB
0.789585213868756,-0.39399550741459,0.32,0.315,1,GNPDA2
0.789685481664452,-0.307006718898099,0.029,0.025,1,CAND2
0.789835862819313,-2.58151284685046,0.014,0.017,1,RORB
0.789846523677494,-0.424567639366206,0.057,0.062,1,VEGFC
0.789897140062492,-0.738126460085105,0.01,0.012,1,LOC401010
0.789897140062492,0.758541384830483,0.01,0.012,1,LPL
0.790404918555329,0.933628217890949,0.059,0.054,1,HAGLR
0.790533231303868,0.611445530458623,0.096,0.091,1,CCDC132
0.790648040264763,0.261436977491484,0.071,0.066,1,TRIM68
0.791289981357558,-0.365348187772282,0.191,0.183,1,MEGF8
0.791901336052162,-0.465389476362026,0.086,0.079,1,NEFH
0.791934906711157,-0.498341681479588,0.151,0.141,1,ZMAT1
0.792538055089574,-0.582067368275846,0.059,0.054,1,PPP1R26
0.792555477802116,-0.984489756935987,0.014,0.017,1,FAM9B
0.792729662351665,-1.02380677544842,0.029,0.025,1,HDGFRP2
0.792747382967462,-1.167290789873,0.059,0.062,1,CCND2-AS1
0.793079934264368,0.483927463808944,0.01,0.012,1,SALL2
0.793171880495158,-1.02635532257041,0.13,0.133,1,OCRL
0.793523092844335,-0.318887326102951,0.09,0.095,1,GTF2E1
0.793916234537508,-2.07267040261088,0.014,0.017,1,DNAJB13
0.793916234537508,-2.41833639532638,0.014,0.017,1,LDB2
0.794150844185093,1.07963291996493,0.033,0.029,1,MYEOV
0.794231667764264,-0.539587313155401,0.389,0.382,1,TUBD1
0.794495087592491,-0.496930759722713,0.358,0.357,1,FAM46C
0.794496562234689,-0.818704505170111,0.165,0.166,1,TTC23
0.794760875769275,-0.631418304939024,0.029,0.025,1,CASKIN2
0.794760875769275,-1.25063371024529,0.029,0.025,1,PLS3-AS1
0.795188499714772,-1.04353190902127,0.084,0.087,1,CCDC113
0.795435615127072,0.592333978856193,0.037,0.033,1,SLC12A8
0.796002508639474,-0.286432258987856,0.328,0.328,1,CBS
0.79618694773781,0.267598259845152,0.126,0.12,1,NBR2
0.796330702787736,-0.301648600758827,0.037,0.033,1,ADGRV1
0.796375830956067,-0.768659993165585,0.055,0.05,1,LOC102724094
0.796375830956067,-0.494329003970076,0.055,0.05,1,RPL23AP87
0.79663962675588,-1.6024318453376,0.014,0.017,1,LOC101927322
0.796736880546077,-0.283514566315385,0.381,0.369,1,APPBP2
0.796750325879838,0.576176196137056,0.045,0.05,1,ZNF773
0.79699966143274,-1.44258417201253,0.033,0.029,1,ADAM8
0.79699966143274,-0.594790430532314,0.033,0.029,1,DNAH12
0.797113494913096,-0.900482189341616,0.055,0.05,1,TRIM6
0.797221459640907,-0.27641144828809,0.733,0.705,1,PIN4
0.797226058471542,1.08765925429485,0.037,0.033,1,PDE3B
0.797635206004991,-1.08264624198674,0.118,0.108,1,GLMN
0.797651186844617,-1.22752988319845,0.053,0.058,1,LY6D
0.79798138969389,1.08286331824755,0.01,0.008,1,FLJ22447
0.79798138969389,0.968914031283972,0.01,0.008,1,HBB
0.79798138969389,1.35938579974926,0.01,0.008,1,ZFP69
0.798002254325525,-1.10423229084352,0.014,0.017,1,PRKG2
0.798002254325525,-1.1536153520605,0.014,0.017,1,TMED11P
0.798313404268123,-0.544296230350143,0.511,0.481,1,LINC01384
0.798824746283404,-0.361730628509191,0.255,0.241,1,ASB3
0.798827466598526,-1.95705478698797,0.029,0.025,1,GLYATL1
0.79895535117613,-0.580590823307649,0.33,0.295,1,TUBGCP2
0.799043659452644,-0.664766964523414,0.13,0.133,1,FRK
0.799365497583792,-1.15099719382193,0.014,0.017,1,HPD
0.799365497583792,-1.30939955833672,0.014,0.017,1,LOC101928979
0.799365497583792,0.433154495225379,0.014,0.017,1,UCA1
0.799365497583792,-1.70906739436319,0.014,0.017,1,ZNF607
0.799685707736126,0.382260635409731,0.01,0.008,1,GLIS2-AS1
0.799685707736126,-0.884289875885209,0.01,0.008,1,GRM3
0.800003728308874,-0.656279333795922,0.092,0.095,1,MAPK8IP3
0.800016436879646,-1.48792841633111,0.071,0.075,1,BATF3
0.800246208290906,-0.512031711216692,0.532,0.527,1,DLX5
0.800607708282031,-0.511031564910423,0.191,0.178,1,FEM1A
0.800714083799455,-0.271503686752984,0.511,0.502,1,DNM3OS
0.800729352559873,-0.976188266134468,0.014,0.017,1,GSTTP2
0.800729352559873,-0.376142971802058,0.014,0.017,1,OTOA
0.800729352559873,-0.436850103575121,0.014,0.017,1,PCDHGA2
0.80139098033036,0.585562285448146,0.01,0.008,1,CASZ1
0.80139098033036,0.261907526517046,0.01,0.008,1,LINC01088
0.80139098033036,-0.566043258181693,0.01,0.008,1,LOC399815
0.80139098033036,1.12112841812306,0.01,0.008,1,SCARNA12
0.80139098033036,0.404822935223587,0.01,0.008,1,SLC26A5
0.80139098033036,-0.790625524590258,0.01,0.008,1,SNAR-C3
0.801432754727845,-0.803219441435049,0.122,0.112,1,ZNF117
0.801561191379818,-0.976937375940762,0.44,0.432,1,ALKBH3
0.801771091585748,-0.305576232025935,0.063,0.058,1,MTSS1
0.801933565939891,-1.74573309868394,0.018,0.021,1,LOC389705
0.802093815277368,-0.741129375567036,0.014,0.017,1,KRTDAP
0.802093815277368,-2.09868611872857,0.014,0.017,1,LOC101927143
0.802093815277368,-0.742143486083664,0.014,0.017,1,TREML2
0.803097199703808,-0.364189965801661,0.01,0.008,1,KCP
0.803220429673314,-0.599026747008495,0.149,0.137,1,ZSCAN26
0.803226740624661,-1.16874392590837,0.059,0.054,1,TSPAN11
0.803449846389155,-1.05352941409665,0.348,0.336,1,COL9A1
0.803458881754313,-1.12616382142252,0.014,0.017,1,AP3S2
0.803458881754313,-0.901197230098039,0.014,0.017,1,HAS1
0.803500958283807,0.308772838674813,0.037,0.033,1,NAPA-AS1
0.803904636020257,-0.270489583809322,0.238,0.224,1,IPO4
0.804356849731205,-0.331323773839076,0.318,0.328,1,PLXNA3
0.804398417569007,-1.27263142374262,0.037,0.033,1,LOC645513
0.804522574430005,0.426217605230136,0.328,0.332,1,MCM3
0.804559804918949,-0.281582894844274,0.12,0.112,1,CFAP54
0.804804358070151,-0.331976014366642,0.01,0.008,1,CNN1
0.804804358070151,-0.478053334940085,0.01,0.008,1,LOC401242
0.804804358070151,-0.297720688755346,0.01,0.008,1,MAP3K12
0.804824548003224,-0.964925995134206,0.014,0.017,1,PPEF2
0.804824548003224,-1.00175382416706,0.014,0.017,1,SYPL2
0.804824548003224,-0.603186967431426,0.014,0.017,1,TRABD2A
0.804992817836261,-0.451444742814283,0.224,0.224,1,GM2A
0.805135458066017,-0.532244277494225,0.324,0.311,1,MCCC2
0.805239623126047,-0.431079291693065,0.055,0.05,1,RILPL1
0.805296134715831,0.330513553689722,0.037,0.033,1,CENPM
0.805307158262876,-0.77046048675974,0.084,0.087,1,ABCA6
0.805572201839878,-2.34628471973875,0.018,0.021,1,ASB11
0.805572201839878,-1.17282715867634,0.018,0.021,1,JAKMIP3
0.805864092365918,-0.342691983392137,0.161,0.154,1,FAM118B
0.805909366554325,-0.273960703005359,0.481,0.444,1,PDPK1
0.806081369516398,-0.898739955188712,0.055,0.058,1,ALDH3B1
0.806190810031124,-0.651282551871592,0.014,0.017,1,LOC100128568
0.806512447629639,-0.793565468654964,0.01,0.008,1,ATP2B2
0.806512447629639,-0.315476551168139,0.01,0.008,1,CDH3
0.806512447629639,-0.840405420191617,0.01,0.008,1,CHP2
0.806512447629639,-0.542973779024644,0.01,0.008,1,DNAH3
0.806512447629639,-1.0163989196255,0.01,0.008,1,GAPDHS
0.806512447629639,-0.573391064231912,0.01,0.008,1,KCCAT333
0.806512447629639,-0.617843990682374,0.01,0.008,1,LIPH
0.806512447629639,-0.552073262071745,0.01,0.008,1,LOC100505716
0.806512447629639,-0.60276493981946,0.01,0.008,1,LOC286297
0.806512447629639,-0.991794472928836,0.01,0.008,1,LOC340113
0.806512447629639,-0.875519553856742,0.01,0.008,1,PAM16
0.806512447629639,-0.449885474301109,0.01,0.008,1,PITX3
0.806512447629639,-0.838656665934986,0.01,0.008,1,RDH10-AS1
0.806512447629639,-0.641182751233,0.01,0.008,1,SYT9
0.806565324454388,-0.895719226297241,0.122,0.124,1,SEPT4
0.806619444188569,-0.633185210723024,0.12,0.112,1,GALK2
0.806888320183475,0.254873428314066,0.081,0.087,1,FARP2
0.807139639959094,-0.36802891645697,0.281,0.282,1,DPH2
0.807468208243438,-0.740810836731029,0.033,0.029,1,LOC100506804
0.807468208243438,-0.357010375261254,0.033,0.029,1,PDE10A
0.807557663839583,-0.430371323513294,0.014,0.017,1,DCDC5
0.807648406122832,0.403189662796162,0.069,0.075,1,LOC728730
0.808000305366477,-2.03069531598415,0.018,0.021,1,MED12L
0.808000305366477,-1.12022335923134,0.018,0.021,1,SIRPG-AS1
0.808217751491681,-0.534048660562673,0.067,0.062,1,KRT16P1
0.808221460569196,-0.888315515126187,0.01,0.008,1,C22orf24
0.808221460569196,-1.41270150117183,0.01,0.008,1,CLDN2
0.808221460569196,-0.545821916882457,0.01,0.008,1,EGR4
0.808221460569196,-1.20815126853018,0.01,0.008,1,HOTTIP
0.808221460569196,-0.665277322884467,0.01,0.008,1,KCNIP2
0.808221460569196,-0.70835394965719,0.01,0.008,1,LINC00636
0.808221460569196,-0.733617174248479,0.01,0.008,1,LOC103191607
0.808221460569196,-0.582168502693286,0.01,0.008,1,RGMB-AS1
0.808221460569196,-0.511054771246756,0.01,0.008,1,SBSN
0.808221460569196,-0.690329573595627,0.01,0.008,1,SSC4D
0.808227549883468,-0.551316729010781,0.059,0.054,1,ZBED8
0.808248151213305,-0.83656364004817,0.079,0.083,1,KLHDC9
0.808381146380995,-0.476984958186076,0.369,0.349,1,NCOA1
0.808421636936884,-0.537742823508852,0.033,0.029,1,ZNF777
0.808503916110159,-0.878113462919179,0.126,0.129,1,WASH3P
0.80893613818227,-0.348560082828791,0.102,0.095,1,WASH2P
0.808940340895242,-0.649618769035453,0.055,0.05,1,CHMP3
0.809375350192195,-2.06964091600825,0.033,0.029,1,NEBL-AS1
0.809547103321515,0.314077499870265,0.1,0.108,1,IRF4
0.809701966747335,-0.670973118836981,0.267,0.245,1,GSTO2
0.809788548641416,-0.509186505816731,0.037,0.033,1,STOML1
0.809931389062529,-0.412054407217472,0.01,0.008,1,ABI3
0.809931389062529,-1.16171703116726,0.01,0.008,1,AKAP6
0.809931389062529,-3.27907083371341,0.01,0.008,1,COL22A1
0.809931389062529,-0.771390156620351,0.01,0.008,1,LOC101927620
0.809931389062529,-0.779383625234999,0.01,0.008,1,LOC101929607
0.809931389062529,-1.16249008025099,0.01,0.008,1,NCAPG
0.809931389062529,-1.10983649107318,0.01,0.008,1,SALRNA1
0.809931389062529,-0.334791512785366,0.01,0.008,1,SNORA14A
0.809931389062529,-0.803718155233566,0.01,0.008,1,TRDN
0.809931389062529,-2.12527806303311,0.01,0.008,1,VN1R1
0.810035792246665,-0.62616144091704,0.193,0.178,1,OSCP1
0.810047685255222,-0.348530410994357,0.108,0.112,1,ARHGAP12
0.810094358895039,0.293364266338699,0.104,0.112,1,IRF2BPL
0.810293130777387,-0.279657080862862,0.014,0.017,1,FAM222A-AS1
0.810293130777387,0.716150854801945,0.014,0.017,1,PCDH17
0.810329346649181,-1.80249873053677,0.033,0.029,1,PRSS12
0.810430259723598,-0.921227489312429,0.018,0.021,1,WNT9A
0.810635626687571,-0.587559659993525,0.118,0.108,1,CRHR1-IT1
0.81076390738742,-1.06077054636404,0.189,0.183,1,CSRP2
0.810767299336276,-0.439369181227206,0.077,0.083,1,RFESD
0.810829940347462,-0.354547555319087,0.301,0.307,1,SLC25A14
0.811109232783851,-1.14062971366657,0.063,0.066,1,PARK2
0.811181421588181,-0.379660981313882,0.401,0.369,1,HS3ST3A1
0.811230801233379,0.388608237244481,0.041,0.037,1,FAM225B
0.811642225270233,-1.10835324200174,0.01,0.008,1,ARNTL2-AS1
0.811642225270233,-0.996641168934886,0.01,0.008,1,DAGLA
0.811642225270233,-1.02722089928256,0.01,0.008,1,LGALS7B
0.811642225270233,-1.33453007339073,0.01,0.008,1,LINC00881
0.811642225270233,-1.39517214539239,0.01,0.008,1,LOC101927359
0.811642225270233,-0.848468841340088,0.01,0.008,1,LOC101929268
0.811642225270233,-0.555130987283111,0.01,0.008,1,LOC283299
0.811642225270233,-1.14366883909354,0.01,0.008,1,MT1JP
0.811642225270233,-0.767734950700081,0.01,0.008,1,PKD1L1
0.811642225270233,-1.45057370543997,0.01,0.008,1,SCHIP1
0.811642225270233,-0.949245475576193,0.01,0.008,1,TEX26-AS1
0.811645923935029,-1.20911022791695,0.018,0.021,1,LINC00638
0.811645923935029,-1.41000359901614,0.018,0.021,1,VWCE
0.811661735882911,-0.438090952662745,0.014,0.017,1,ITPK1-AS1
0.811661735882911,-0.548500743240761,0.014,0.017,1,KIRREL2
0.811661735882911,-0.503423588129808,0.014,0.017,1,LOC100132077
0.812019126640049,-0.662133554022298,0.151,0.154,1,RNF214
0.812238183721108,-1.34877086788522,0.031,0.033,1,GRIN2A
0.812375815110822,-0.403289750863586,0.397,0.39,1,PLOD3
0.812591931738011,-1.07392079281149,0.026,0.029,1,GGT8P
0.812862042413165,-0.948503429575965,0.018,0.021,1,LOC101929586
0.813028775606402,-0.686457003478997,0.847,0.884,1,SPP1
0.813030916721421,-0.474736266957474,0.014,0.017,1,NLGN3
0.813144264423536,-0.44796183615078,0.075,0.071,1,NEMP1
0.813193021609379,-0.528425570617815,0.033,0.029,1,LOC105274304
0.813353961339902,-1.5217800465003,0.01,0.008,1,CLEC12A
0.813353961339902,-1.68045473291692,0.01,0.008,1,EPHB1
0.813353961339902,-0.862792230862652,0.01,0.008,1,LHFPL4
0.813353961339902,-0.991411271717739,0.01,0.008,1,LINC00668
0.813353961339902,-2.04669730037634,0.01,0.008,1,SEPT5-GP1BB
0.813353961339902,-1.04147154203288,0.01,0.008,1,TM4SF18
0.81338397274823,-0.828598424731613,0.1,0.104,1,POLM
0.813386842597349,-0.904816356229525,0.055,0.05,1,LOC101928401
0.813408903877049,-0.486517711655368,0.363,0.361,1,GMPR2
0.813684960078837,-0.560701492011831,0.132,0.124,1,SYDE1
0.813884085687142,-0.782349776846835,0.096,0.1,1,ANKRD13D
0.814078612337487,-1.38927772360786,0.018,0.021,1,CYP46A1
0.814078612337487,-1.86901708461124,0.018,0.021,1,TNFSF14
0.814148137245997,-1.18229333357993,0.033,0.029,1,CCDC39
0.814292192007967,-0.261043525716935,0.348,0.361,1,CCDC144B
0.814636156500567,-1.82324995678527,0.026,0.029,1,RGS22
0.814646540574933,0.839112710406291,0.041,0.037,1,LRRC8E
0.814657546184238,0.307181672955966,0.132,0.137,1,LOC101929698
0.814673708450538,-0.281445568148282,0.132,0.124,1,MAPK10
0.814922602235046,-0.915415516442581,0.063,0.058,1,AADAT
0.815066589406234,-0.91108111749537,0.01,0.008,1,LYG2
0.815066589406234,-2.63677236335926,0.01,0.008,1,PALM3
0.81510352926452,-0.777192292464068,0.033,0.029,1,SLC11A1
0.815212955230732,-0.532287644952393,0.106,0.108,1,ERBB2
0.815218684267776,0.407375611160524,0.328,0.332,1,RBM19
0.81529563088421,-1.32378464107134,0.018,0.021,1,MXD3
0.815312489409921,-0.455906316088039,0.081,0.087,1,WDR76
0.815501028989896,0.332663652487172,0.041,0.037,1,CNKSR2
0.815696893183009,0.882062769756163,0.077,0.083,1,DPY19L2P2
0.81571972687365,-0.397426086650712,0.155,0.145,1,SEC61A2
0.816233546425421,-1.66487925626543,0.13,0.133,1,TMEM119
0.816389731180628,-1.08297863245003,0.092,0.083,1,ZNF627
0.8165130952263,-0.955911061269135,0.018,0.021,1,KCTD1
0.8165130952263,-0.839748289212251,0.018,0.021,1,TTC30B
0.817041601660371,0.36029204066436,0.079,0.075,1,PRKAG2-AS1
0.817141873356895,1.03565885481558,0.014,0.017,1,SGK3
0.817345731578064,-1.78653311102654,0.022,0.025,1,SLC28A1
0.817731002533498,-1.77745064965308,0.018,0.021,1,ATP2A3
0.817731002533498,-0.905616554592813,0.018,0.021,1,CTGLF12P
0.817731002533498,-0.652912931632077,0.018,0.021,1,IFI44L
0.817731002533498,-0.857508080149905,0.018,0.021,1,LOC102577426
0.817731002533498,-2.3903780052943,0.018,0.021,1,MME
0.817731002533498,-0.279703269426976,0.018,0.021,1,MS4A2
0.817954363194625,-0.338399937847042,0.371,0.369,1,IPO5P1
0.817971349928624,-0.868360763346053,0.033,0.029,1,LOC202181
0.818115302738547,0.606837127470597,0.11,0.104,1,LMO2
0.818709434190465,0.258481003735108,0.179,0.174,1,NHLRC2
0.818929652927849,-0.955440171875491,0.098,0.104,1,NCAM1
0.818949349972336,-0.882317946220995,0.018,0.021,1,HOXC11
0.818949349972336,-0.679259459033278,0.018,0.021,1,ZNF137P
0.819010939357175,-0.715914300547053,0.196,0.178,1,ETV3
0.819181707379015,-0.396606612800849,0.216,0.203,1,DDX58
0.819561637855028,-1.74623122752933,0.022,0.025,1,EDARADD
0.819687120465065,-0.918156714668423,0.059,0.054,1,ZNF439
0.819889861971044,-0.349768556707796,0.141,0.133,1,ZNF569
0.819905042883578,-0.280763777784808,0.452,0.427,1,NUBP2
0.820168134706158,-0.495680780087305,0.018,0.021,1,PCBP2-OT1
0.820168134706158,-0.461775959237336,0.018,0.021,1,RGP1
0.820168134706158,-0.434366194196,0.018,0.021,1,ZNF852
0.820653999135386,-0.489517235414709,0.124,0.129,1,LIN52
0.820670132713515,-1.07551958245007,0.022,0.025,1,GGN
0.820774413284981,-0.298230777116183,0.44,0.402,1,NR2C1
0.820823361941864,-1.07620876418682,0.128,0.116,1,TMEM135
0.821031083436468,-0.539376535659268,0.236,0.22,1,THAP3
0.821161619470097,-0.376204193640541,0.13,0.133,1,MAK
0.821387353895138,-0.784692574283167,0.018,0.021,1,CFAP46
0.821387353895138,-0.770191474013059,0.018,0.021,1,LINC01179
0.821387353895138,-0.614296277533116,0.018,0.021,1,SLC19A1
0.821670234330791,-1.10456086051085,0.104,0.095,1,ZNF584
0.821778985870619,-0.829109377406628,0.022,0.025,1,RPL21
0.821800800393006,-1.56229753921531,0.026,0.029,1,POU3F3
0.822126248969376,-0.562821438643077,0.088,0.083,1,LINC01443
0.822484464340755,-1.06385222340192,0.071,0.075,1,CENPH
0.82253815888229,-0.301830861465909,0.462,0.44,1,DIDO1
0.822607004696306,-0.393954400874372,0.018,0.021,1,LOC100287036
0.822628506974821,0.530781075453595,0.045,0.041,1,CCNB2
0.822628506974821,0.721862558269417,0.045,0.041,1,CORO2A
0.822819663789165,0.49043548046552,0.059,0.062,1,LRRC38
0.822888195187611,-1.03059891421006,0.022,0.025,1,PLEKHG1
0.823201183466795,0.735143459714272,0.041,0.037,1,ATP6AP1L
0.823302874591999,-0.284003701416432,0.037,0.033,1,LOC100133920
0.82382708426356,-0.286301129909173,0.018,0.021,1,DSC1
0.823997758523628,-0.629161965673722,0.022,0.025,1,LOC101928809
0.823997758523628,-0.911715671595567,0.022,0.025,1,MGC32805
0.823997758523628,-0.804166844436088,0.022,0.025,1,USP2-AS1
0.823998155465676,-0.443310684272539,0.175,0.162,1,ANKRD50
0.824466462987228,-0.544100173700794,0.179,0.17,1,INPP5B
0.825050438635896,-0.433581462742022,0.067,0.062,1,ZNF142
0.82527324956675,-1.3945645022045,0.055,0.05,1,LEF1
0.825630690648861,-1.01464145340694,0.033,0.029,1,FMO5
0.825659716480377,-0.455197874167874,0.175,0.183,1,ME2
0.825706562942208,-0.875148821871205,0.071,0.075,1,ZNF524
0.826084779927514,-1.0052648705846,0.118,0.12,1,IFIT3
0.826103327376571,-0.394265432113419,0.171,0.174,1,ORAOV1
0.826378040924795,0.380951190873972,0.055,0.058,1,FLJ41200
0.826589292224789,-1.19672842896687,0.031,0.033,1,RAB33A
0.82691637892868,0.318098015603412,0.096,0.091,1,SNTA1
0.826927555384634,-1.07939622017026,0.026,0.029,1,FDXACB1
0.827226230786892,-0.421531829559012,0.079,0.083,1,CYP8B1
0.827303635305918,-0.838461976669898,0.218,0.203,1,IKZF3
0.827328551205437,-0.957899788197814,0.022,0.025,1,C5orf64
0.827532968105236,-0.974199342879847,0.171,0.17,1,ZBTB18
0.827832424882118,-1.51366161373898,0.055,0.058,1,HIST2H2BC
0.827953799648818,-0.529475401197263,0.026,0.029,1,PSMC3IP
0.828105091908051,0.285697203570231,0.134,0.141,1,RIMKLB
0.828196114959805,-0.404757202459773,0.124,0.129,1,IFIT5
0.828344142527333,-1.41607160319406,0.039,0.041,1,LDHAL6A
0.828582869935115,-0.452057274547189,0.141,0.133,1,CFAP53
0.828711633163025,0.370011033021226,0.018,0.021,1,ADM5
0.828711633163025,-1.07149963498863,0.018,0.021,1,TMPRSS11B
0.828761033875424,-1.08272520879572,0.043,0.046,1,ACTRT3
0.828761033875424,-0.254032904454832,0.043,0.046,1,ATP8A1
0.828761033875424,-0.479651227169657,0.043,0.046,1,HYAL4
0.829084779842514,-0.482278098670851,0.299,0.299,1,DCAKD
0.82928739943395,-0.477397234419303,0.055,0.058,1,LOC105373383
0.829424589323854,-0.303368401516991,0.578,0.577,1,DPM3
0.829462099768838,-0.300921798510955,0.597,0.581,1,POLR2C
0.829519254393308,-0.832232159784812,0.063,0.058,1,FAAP24
0.829550810410999,-0.965418619569591,0.022,0.025,1,C6orf132
0.829550810410999,-0.704232848808054,0.022,0.025,1,ZNF816
0.829982112336501,-0.543929748134114,0.248,0.232,1,SNX29
0.829984033071388,-0.292929770367156,0.234,0.237,1,KDM4C
0.830084768469814,0.883456341293466,0.014,0.012,1,HOOK1
0.830480054574572,-0.587047008418351,0.11,0.104,1,RIMS1
0.830499588231535,-0.823527947261225,0.071,0.066,1,GJB2
0.830662452785046,-1.41080277190536,0.022,0.025,1,ADGRF3
0.830662452785046,-0.798106383230907,0.022,0.025,1,IRGM
0.830859050149651,-0.250591893191789,0.149,0.154,1,CCT6P3
0.830917215154259,0.652509497322536,0.143,0.141,1,KIAA1217
0.830946174548676,-0.59976649475717,0.067,0.071,1,TRIM16
0.831527493710258,0.556363341343291,0.014,0.012,1,GLUD1P7
0.831687057292394,-0.832208835664527,0.106,0.1,1,C5AR2
0.831776889197696,-0.780695772764813,0.041,0.037,1,LOC143666
0.831776889197696,-0.345568551014979,0.041,0.037,1,STARD7-AS1
0.832346281899388,-1.14802425195926,0.031,0.033,1,LOC375196
0.832380315336768,-0.293066934550087,0.477,0.469,1,PIBF1
0.83282506454375,-0.251374504665685,0.46,0.461,1,DCTN5
0.832970786863074,0.740546819384353,0.014,0.012,1,RNF182
0.833117071364694,-0.665365457851038,0.114,0.116,1,ARHGEF39
0.833275135488245,-0.375010588577482,0.279,0.266,1,BID
0.83349447093813,-0.499765139892126,0.041,0.037,1,SIRPB2
0.833817597996405,0.414839890554669,0.153,0.149,1,SGSM3
0.833919835106729,0.462785582865136,0.112,0.108,1,BBS10
0.833999405120654,-0.661572398175466,0.022,0.025,1,FBXL6
0.833999405120654,-2.61822419485085,0.022,0.025,1,LAX1
0.833999405120654,-0.862105325551089,0.022,0.025,1,PLEKHG5
0.834152401338205,-0.577593460109323,0.037,0.033,1,AIM1
0.834205971270814,-0.618051414426988,0.189,0.187,1,WDR59
0.83433198800218,0.34276301719259,0.073,0.079,1,C3orf62
0.834391241493772,-0.521976683610523,0.212,0.207,1,PISD
0.834434098004817,-0.839555832450417,0.149,0.149,1,TUBGCP5
0.834494164654558,-0.561218566038987,0.043,0.046,1,CDC14B
0.834605166127067,-0.90420958217355,0.035,0.037,1,GPR146
0.834978794419303,-0.525466905585986,0.515,0.498,1,SUMF2
0.834994217396789,-0.272448351649515,0.206,0.212,1,ERCC4
0.835033484625986,-0.911817599337547,0.047,0.05,1,ZC2HC1C
0.835112390438629,-0.622750636050225,0.022,0.025,1,AQP4-AS1
0.835112390438629,-0.492726129667506,0.022,0.025,1,C1QL4
0.835112390438629,-0.520171004797584,0.022,0.025,1,POPDC2
0.835145640804004,-0.708426817624172,0.026,0.029,1,NXNL2
0.835369559882603,-0.438225718916082,0.263,0.245,1,ENTPD6
0.835635455617625,-0.760625575506148,0.063,0.066,1,HAO1
0.836008347034614,-0.350557415004906,0.126,0.133,1,DMRTA1
0.836027324015561,-0.257888415934997,0.336,0.336,1,UBXN2B
0.836050833731568,0.265822975197697,0.018,0.021,1,FLJ26850
0.836225706088779,-0.879135559612032,0.022,0.025,1,HRH4
0.836227331899565,-0.894977266264323,0.059,0.054,1,CNGA1
0.83635604139324,-0.466828740026629,0.187,0.174,1,PCED1A
0.836543862036003,-0.273558553110645,0.045,0.041,1,TMEM56
0.836683361834367,-0.336615571451348,0.071,0.075,1,TCEANC
0.837002956858384,-0.517083600927704,0.063,0.066,1,ZNF57
0.837063340639988,-0.593643994292199,0.177,0.17,1,MAP3K7CL
0.837150666233082,-0.465154181339035,0.031,0.033,1,GPC5-AS1
0.837150666233082,-2.21392785969976,0.031,0.033,1,ITGAL
0.837203015134029,-0.664006304988043,0.026,0.029,1,DCAF15
0.837304026590072,1.24048809434725,0.014,0.012,1,CSN1S1
0.837304026590072,1.53990801484405,0.014,0.012,1,EXOC3L1
0.837304026590072,-0.771688740629069,0.014,0.012,1,PROM2
0.837304026590072,0.60287336126405,0.014,0.012,1,TIGD4
0.837339349905592,-0.357616248266519,0.022,0.025,1,IL15
0.83736256353645,-0.472779454656906,0.24,0.228,1,SLC27A5
0.837683594066572,-0.308592405165956,0.084,0.079,1,ZBTB45
0.837774214288449,-0.696651557089591,0.043,0.046,1,KAZN
0.838232120863721,-0.626758222810668,0.026,0.029,1,HBA1
0.838453319721582,1.59626508620275,0.022,0.025,1,CXXC4
0.8387495441584,-0.720163696064077,0.014,0.012,1,LTA
0.8387495441584,0.866464613735339,0.014,0.012,1,S100A5
0.83875604853193,0.671263411871733,0.065,0.071,1,MAGEL2
0.839562673739946,-0.941787932815895,0.106,0.108,1,DNAAF5
0.839589165793884,-2.02523288299371,0.037,0.033,1,GPC4
0.839836642210786,-0.276676476037959,0.312,0.299,1,WDR73
0.840195605993977,-0.702605776351962,0.014,0.012,1,HCG27
0.8402911609003,-0.365171259525496,0.026,0.029,1,PCAT1
0.840756723128539,-0.616805055302697,0.079,0.083,1,DSCC1
0.840949564414942,-0.57369032001959,0.035,0.037,1,INO80B
0.840951617552579,1.15638072692547,0.018,0.021,1,DCAF13P3
0.840956843268211,-1.4765298605842,0.073,0.075,1,LOC283683
0.840976932092803,-0.346307416848115,0.238,0.224,1,TTC21B
0.84126335588726,-1.30492347174262,0.051,0.054,1,MYO15B
0.841321091782064,-1.07970052109644,0.026,0.029,1,HTR2A
0.841390695488451,-0.545406591777839,0.375,0.365,1,ACAP1
0.841467640115096,-0.511123551578614,0.045,0.041,1,IGDCC4
0.841467640115096,-0.61332021742117,0.045,0.041,1,ZFP42
0.841642207351063,-1.0004170840368,0.014,0.012,1,BUB1B
0.841642207351063,0.315054726781326,0.014,0.012,1,SERPINA10
0.841642207351063,-0.449008201689634,0.014,0.012,1,ZFPM2-AS1
0.841856761021145,-0.838269823319667,0.035,0.037,1,LOC102724874
0.842004077517935,-0.855748628700365,0.079,0.075,1,ZNF85
0.842398488578638,0.28226848873757,0.053,0.05,1,RNF175
0.842556777064363,-0.465473690926189,0.281,0.282,1,FXN
0.842611992853828,0.342781501974041,0.143,0.154,1,SLC35F2
0.842647279078624,-0.252398294798703,0.23,0.232,1,SMG9
0.84282778883521,-0.668288674936621,0.228,0.22,1,AASDH
0.842898654862201,0.750567759110028,0.061,0.058,1,MCM3AP-AS1
0.842923938622504,-1.03018396151231,0.031,0.033,1,CCDC102B
0.842955167484822,-0.598040941540078,0.041,0.037,1,CATSPERG
0.843089343478449,-0.694986105195421,0.014,0.012,1,LINC00842
0.843217949289109,-1.52020539094274,0.037,0.033,1,STX17-AS1
0.843674995625116,-0.592371758291987,0.138,0.133,1,ZBTB25
0.843840601710638,-0.435070931456059,0.104,0.108,1,RNF144A
0.844132556941074,0.387980827862229,0.143,0.149,1,DNAJC14
0.844532912350251,-0.772745124068017,0.063,0.066,1,JPH1
0.844579606068516,-0.519131929679642,0.035,0.037,1,KLHL17
0.845164558013717,-0.54587443458199,0.043,0.046,1,CEP78
0.845164558013717,-0.724032584750408,0.043,0.046,1,LINC00899
0.84537183174851,-0.254550502932863,0.059,0.062,1,ZNF446
0.845419192089605,-0.820194801199217,0.281,0.278,1,STEAP4
0.845901186212789,0.931236199950979,0.069,0.066,1,MTMR9LP
0.84597723703068,-0.491322486698851,0.092,0.095,1,LOC101927178
0.84598520101226,-1.48623343146553,0.014,0.012,1,KIT
0.846256762643807,-1.12063605082046,0.859,0.846,1,IBSP
0.846397626295553,-0.857991709240532,0.045,0.041,1,ZNF620
0.846528289503322,-0.349898436110141,0.255,0.253,1,ANKMY2
0.846544691669307,-0.320183246009569,0.46,0.452,1,FAM208A
0.846808732813893,-1.41533889949313,0.043,0.046,1,LIMK1
0.846866050260436,0.358921573388688,0.151,0.154,1,HYLS1
0.847002620501964,-0.666686592365683,0.141,0.133,1,NAT1
0.847274642164813,-0.683271566140484,0.065,0.062,1,POU2AF1
0.84738990657019,-0.785797296474511,0.086,0.079,1,PMS2P5
0.847433912889371,-0.268684192448671,0.014,0.012,1,CCDC141
0.847433912889371,-0.87397189016407,0.014,0.012,1,CYP2B6
0.847966141121539,-0.543800825717284,0.124,0.12,1,DHX57
0.848212951164987,-0.697647150803449,0.035,0.037,1,GPR1-AS
0.848705665211578,0.26379358610724,0.031,0.033,1,NCMAP
0.848713732349127,-0.652388218329794,0.58,0.548,1,FAM214A
0.84871644023059,-0.701999613781592,0.246,0.237,1,NEK5
0.848883140478254,-1.77841057309266,0.014,0.012,1,ADIPOQ-AS1
0.848883140478254,-0.82347476030949,0.014,0.012,1,SLC24A3
0.848989190919991,-1.19341096591208,0.071,0.075,1,LOC730101
0.849216083728633,-0.818880790985888,0.053,0.05,1,MRGBP
0.849308140171945,-0.399986543631545,0.084,0.079,1,LENG8-AS1
0.849658015756778,-0.433301817429104,0.169,0.17,1,HOXA10
0.849768285778419,-0.342630498017722,0.379,0.365,1,SLC25A46
0.849850020249094,-0.838784995369752,0.041,0.037,1,C5orf30
0.849850020249094,-0.685266641994367,0.039,0.041,1,CDCA2
0.850030838985009,-0.472759432549258,0.035,0.037,1,MDH1B
0.850066613913913,-0.492678481800945,0.279,0.274,1,ISYNA1
0.85010892997202,-0.974594951990355,0.067,0.062,1,ATP5L2
0.850160521580717,-0.424300504928462,0.116,0.12,1,GOLGA8N
0.850332879001083,-1.02024192340153,0.014,0.012,1,CADM2
0.850332879001083,-1.55565179279188,0.014,0.012,1,NME9
0.850332879001083,-1.56708785393257,0.014,0.012,1,TMEM27
0.850332879001083,-0.970494124564814,0.014,0.012,1,USH2A
0.850520731309111,-0.287608426423194,0.415,0.402,1,TTC32
0.850707941467555,3.78445056679431,0.108,0.104,1,APOC1
0.850871873037588,-0.410566906422759,0.13,0.133,1,GLIS1
0.850920178745074,-1.02957317587747,0.084,0.087,1,BTN3A2
0.851169917825565,-0.574318568048427,0.375,0.344,1,ESCO1
0.851384419147369,1.01522061159145,0.061,0.058,1,RAB20
0.851394778798871,-1.43858614554273,0.037,0.033,1,MTBP
0.851474869756761,0.385375164068052,0.094,0.091,1,DNMT3A
0.851563790128919,-0.406814864839962,0.047,0.05,1,LINC01537
0.851783123674854,-1.1728930246984,0.014,0.012,1,DIP2A-IT1
0.851849524416676,-0.253401265429781,0.035,0.037,1,NANOG
0.851870448747094,-0.907126858873296,0.051,0.054,1,C17orf96
0.85195150372853,-0.711505716777996,0.132,0.124,1,DUSP28
0.85215224549073,0.52460694801303,0.096,0.091,1,ALS2CL
0.852233821739848,-0.386863124837242,0.073,0.071,1,F2
0.852329445819539,-0.274758982064506,0.69,0.651,1,MAP1LC3B2
0.852744689348639,-0.392087372464045,0.167,0.17,1,FKBP15
0.853233869711425,-0.937952318324131,0.014,0.012,1,BRD7P3
0.853233869711425,-1.68589006366013,0.014,0.012,1,CLDN11
0.853233869711425,-0.91769140763109,0.014,0.012,1,LOC100506258
0.853233869711425,-1.49939574959435,0.014,0.012,1,LOC101928940
0.854125103531273,-1.45097512861194,0.202,0.191,1,AGR2
0.854685112317567,-1.63459816229365,0.014,0.012,1,LIMD1-AS1
0.855149059904175,-0.676744160362763,0.084,0.087,1,TRERF1
0.855202065917048,-0.695852351225103,0.2,0.191,1,ZNF827
0.855461293270831,-0.907686470412171,0.031,0.033,1,SEC31B
0.855508108879378,0.915154235016457,0.018,0.017,1,LOC101928118
0.855509495147362,-1.07275106725759,0.049,0.046,1,CA3-AS1
0.855665304016754,-0.608065913203962,0.051,0.054,1,LRRC37A3
0.855863432083777,-0.33343146702802,0.043,0.046,1,ATXN7L2
0.85605712260479,-0.538992258133098,0.1,0.095,1,ZBTB22
0.856067400943636,-0.89930350636213,0.075,0.071,1,UBOX5
0.856136846695014,-1.18953987069947,0.014,0.012,1,SUSD2
0.856275469975438,-0.55143937340077,0.045,0.041,1,ZNF256
0.856342472922826,0.570554794326521,0.061,0.058,1,SLC7A14
0.856424678704696,-0.603344618858264,0.051,0.054,1,CHRNE
0.856525791709305,-0.857039663485397,0.171,0.158,1,ITGAX
0.856756375504361,-0.848485445702346,0.041,0.037,1,TBXA2R
0.857037659431307,-0.595147515819245,0.055,0.058,1,CCDC120
0.85708464921782,-0.492467853741068,0.67,0.656,1,BUD31
0.857132319972885,-0.283117302513746,1,1,1,MMP3
0.857589068040504,-1.79103639343138,0.014,0.012,1,IMPA2
0.857589068040504,-2.05717968110388,0.014,0.012,1,KAT5
0.858054776332543,-0.495646452259597,0.328,0.303,1,BRIP1
0.85855803986483,0.97091119476925,0.022,0.025,1,CSNK2A3
0.858839392423687,-0.704724379111202,0.116,0.116,1,PPP1R3E
0.858884875782481,-1.71107150372571,0.063,0.058,1,TSHZ2
0.859337523249472,0.518195251437686,0.018,0.017,1,C1orf74
0.859337523249472,-0.720986900989346,0.018,0.017,1,CD300LG
0.859349118746056,0.948068975134706,0.039,0.041,1,ITGAM
0.859424540897047,-0.373880071151284,0.303,0.286,1,VPS41
0.859708838341444,-0.540703296014955,0.096,0.1,1,LY96
0.859875855664776,-0.524387703712717,0.22,0.22,1,ACOT2
0.860226913018218,-0.903278279893285,0.208,0.195,1,ASTN2
0.860306766305873,-0.333088820825655,0.102,0.095,1,NUP210L
0.860344908929163,-0.316298910228061,0.092,0.087,1,LOC101927100
0.860574785669517,-0.418319609323188,0.145,0.145,1,SPEF2
0.860614734959942,-0.275828766600012,0.018,0.017,1,EFHB
0.860614734959942,0.417423418230187,0.018,0.017,1,NRL
0.860778685656151,-1.38199529668964,0.151,0.145,1,KIAA0586
0.861078458975318,-0.5648078014473,0.039,0.041,1,LILRB3
0.861178504680637,-0.340376966824231,0.925,0.892,1,BTG2
0.861222949234537,-0.706057753277442,0.045,0.041,1,LOC101928020
0.86169831602725,-0.367273636932944,0.063,0.066,1,FTX
0.861802812782573,-1.00361928416869,0.084,0.087,1,NPM3
0.861866128983145,-0.417123815970176,0.035,0.037,1,HES6
0.861892311347879,0.466557616247168,0.018,0.017,1,ANKEF1
0.861892311347879,0.502093888048587,0.018,0.017,1,RASIP1
0.862333862863904,-0.421172460889326,0.263,0.257,1,GTPBP1
0.863098306021881,-0.401932658085979,0.464,0.444,1,TOMM70A
0.863137066796724,-0.809790018596315,0.22,0.207,1,SLC18A2
0.863194974732315,-0.523384024554759,0.031,0.033,1,LINC00501
0.863498139115628,-1.315316788223,0.071,0.066,1,CCBL1
0.864058450147899,-0.306360250596323,0.611,0.556,1,MRPS18A
0.864097861336449,-0.604733208186138,0.259,0.257,1,EXOC8
0.864254676838293,-0.716262722009934,0.067,0.071,1,LRIG2
0.864448545057476,-0.4752238650887,0.018,0.017,1,CD19
0.864448545057476,0.35445217797006,0.018,0.017,1,LINC01564
0.865080982392587,0.661947435397811,0.026,0.029,1,C14orf80
0.865272804511516,-0.391183554321265,0.273,0.257,1,PIWIL4
0.865292473738895,-0.385194121186273,0.173,0.166,1,NLGN2
0.86624646863744,-0.671694101573507,0.126,0.129,1,CCDC125
0.86636369213563,-0.252120709214868,0.287,0.278,1,PACRGL
0.866498226071984,-0.284017019551214,0.084,0.079,1,C22orf29
0.866599494855376,-0.677719530395867,0.175,0.17,1,GPAT2
0.866686426042648,-0.279076112881664,0.275,0.261,1,TBC1D10A
0.866970447896966,0.801202009407395,0.134,0.145,1,PAFAH1B3
0.867006198152688,-0.586536439717661,0.018,0.017,1,CTNNA3
0.867006198152688,-0.318194530444213,0.018,0.017,1,LRRC66
0.867115509685066,-1.23134444440539,0.165,0.162,1,SCARB1
0.867828035658565,-0.578779061129317,0.045,0.041,1,SNAPC4
0.867961601243569,-0.453216302574291,0.23,0.216,1,CPSF3L
0.868051428557408,0.327126350058186,0.059,0.062,1,FANCE
0.868159572292811,-0.330145934176649,0.047,0.05,1,FAM157C
0.868159572292811,-0.628147894995761,0.047,0.05,1,FAM83A
0.868304010602358,-0.415056251983256,0.13,0.133,1,CEP135
0.868386244884711,-0.314263273283393,0.079,0.075,1,HCST
0.868525800429338,-0.479974126974187,0.232,0.237,1,TANGO2
0.868533608096185,-0.728774427466315,0.183,0.187,1,ARL17A
0.868589486519055,-0.427976708843871,0.075,0.079,1,TAF4
0.868651607823063,-0.822592312698583,0.081,0.083,1,RIBC1
0.868654330402272,-1.49395786012429,0.045,0.041,1,MMP25-AS1
0.868769502438873,0.480355657228076,0.086,0.083,1,C1orf159
0.869565244363357,-0.462824238224276,0.018,0.017,1,C10orf113
0.869565244363357,-0.935896083027362,0.018,0.017,1,COL4A3
0.869565244363357,-0.264653643317693,0.018,0.017,1,FRS3
0.869565244363357,-0.518672825562565,0.018,0.017,1,ST3GAL5-AS1
0.869896034785558,0.680839031443517,0.175,0.174,1,MAP3K5
0.870212729013483,-0.272708544147166,0.519,0.535,1,KLF2
0.870307349447071,-1.10178044170306,0.045,0.041,1,PDIK1L
0.870307349447071,-0.58884908256706,0.045,0.041,1,RNASEL
0.870309736243453,-0.831558206278096,0.102,0.104,1,HIST1H2BD
0.870535325964557,-0.524736231610354,0.049,0.046,1,LOC171391
0.870535325964557,-0.774485018060904,0.049,0.046,1,MZF1-AS1
0.870845281665569,-0.302183616771021,0.018,0.017,1,RAB27B
0.871258207053857,-0.575160807104517,0.053,0.05,1,MX1
0.871266438481301,0.786487807749833,0.026,0.025,1,SLC25A5-AS1
0.871668019643531,0.770427047428067,0.022,0.021,1,C3orf67
0.872125657375544,-0.686983637619022,0.018,0.017,1,GRHL1
0.8722628383,-0.349731041672983,0.625,0.602,1,SLC44A2
0.872912248530006,0.402600040312281,0.047,0.05,1,SLC2A1-AS1
0.872978166784493,-0.306276950678978,0.128,0.133,1,RAB38
0.873027062345826,-0.673060485472043,0.088,0.083,1,FAM171A1
0.87340636819733,-0.772677311495556,0.018,0.017,1,ZNF815P
0.8736958460429,-0.255815224129808,0.574,0.573,1,SSSCA1
0.873922459503966,-0.405227905603073,0.057,0.054,1,MST1L
0.874023473595942,-0.283127269980678,0.263,0.27,1,MTERF2
0.874074857781603,-0.328884803558109,0.208,0.199,1,MED12
0.874283716325918,-0.253302196979335,0.308,0.286,1,FKBP5
0.874497502547005,-0.676034557545391,0.049,0.046,1,PVRL4
0.874535177850222,-0.611412934362413,0.198,0.187,1,PPP1R16A
0.874687410832346,-1.25370831150457,0.018,0.017,1,TINAG
0.874924348884704,-0.388716889674418,0.157,0.162,1,BRWD3
0.875138868156594,-0.354133449210826,0.022,0.021,1,LINC01212
0.875278303149502,-0.411203159742592,0.566,0.51,1,DNPH1
0.875321399048261,-0.32991055049428,0.079,0.075,1,KIAA0195
0.875782438455675,-0.295868582383519,0.34,0.324,1,SEC14L2
0.875785428651334,-0.266949853122305,0.375,0.361,1,SERINC5
0.875898629435249,-0.450778795849127,0.153,0.154,1,FAM84B
0.875903875945398,-0.476094215330985,0.151,0.154,1,NICN1
0.875968781979398,-1.14909185525335,0.018,0.017,1,FXYD7
0.875968781979398,-1.01350910573087,0.018,0.017,1,SERINC4
0.876296355044989,0.934881297161235,0.022,0.021,1,SCARNA9L
0.876876326393352,0.555671330971387,0.047,0.05,1,PIK3CD
0.876970926136158,0.288625174176553,0.073,0.071,1,VARS2
0.877250478334709,-0.685153614149873,0.018,0.017,1,PLK1
0.877250478334709,-0.92168630434635,0.018,0.017,1,TP73
0.877540402511416,-0.448113914070812,0.094,0.095,1,PALB2
0.877567929717808,0.339729588228178,0.165,0.162,1,R3HCC1L
0.877752847126292,-1.35298749252908,0.045,0.041,1,LINC00240
0.878378385643503,-0.40307204858912,0.43,0.386,1,THEM4
0.878445011172283,-0.432566509170652,0.077,0.075,1,RASL12
0.878532496591946,-0.917342147341937,0.018,0.017,1,APLP1
0.878532496591946,-2.35671628638736,0.018,0.017,1,ZNF658
0.87861212028919,-0.729480326955414,0.022,0.021,1,SNORA31
0.878883088882382,-1.64601362235022,0.053,0.05,1,DERL3
0.878890674557601,-0.414296026963205,0.165,0.166,1,SLC43A1
0.879275202194269,1.47411599069337,0.039,0.041,1,FKBP1B
0.879703234452572,-0.556804059331098,0.143,0.137,1,ELP4
0.879770393769505,-1.44132406429213,0.022,0.021,1,NRARP
0.879814833442241,-3.69822600579463,0.018,0.017,1,CD38
0.879814833442241,-0.458073639521326,0.018,0.017,1,COL24A1
0.879814833442241,-0.71085001072347,0.018,0.017,1,LINC00323
0.879814833442241,-1.27335776240721,0.018,0.017,1,SEMA6A
0.880105205052094,-0.441654675711043,0.381,0.357,1,PEPD
0.88020171201282,-0.98607977527868,0.122,0.12,1,BMS1P21
0.880220619822914,0.303926010833252,0.631,0.602,1,AKAP12
0.880642659033346,-0.57172998049667,0.031,0.033,1,PLA2G4E
0.881097485574221,-1.30723519769338,0.018,0.017,1,CRAT37
0.881097485574221,-0.954459592668025,0.018,0.017,1,ZNF616
0.881214034018646,-0.329085965715766,0.061,0.058,1,KIAA1147
0.881319267899356,-0.253381005874203,0.652,0.639,1,ABHD14A
0.881523379482422,-0.370714412262228,0.193,0.187,1,RARA
0.881992561642717,-0.287891238750091,0.248,0.237,1,CD99L2
0.88205644081439,-0.492483906994974,0.297,0.282,1,IMMP2L
0.882380449674031,-1.68884307798992,0.018,0.017,1,BTBD19
0.882380449674031,-2.32883723214569,0.018,0.017,1,OPTC
0.882671407357157,0.47361340667128,0.126,0.124,1,HTT
0.882722569036151,-0.965702674689425,0.045,0.041,1,SLIT3
0.882749877791068,-0.346668340142707,0.094,0.095,1,SPINK2
0.882755269967086,-0.672076501264111,0.057,0.054,1,LINC01205
0.882977740479949,1.45206891122964,0.026,0.025,1,LOC101928227
0.883043845608886,-0.779120535268843,0.09,0.091,1,CHDH
0.883073590885927,0.398912843327662,0.065,0.062,1,ZNF135
0.883246748355333,0.702816186402296,0.022,0.021,1,NAGS
0.88325661650747,-1.36180129181627,0.11,0.112,1,SPINK1
0.883547706898598,-0.569630707203611,0.202,0.207,1,LSMEM1
0.88364466153609,-0.254483742581432,0.346,0.336,1,STX7
0.883663722425361,-1.67302334058523,0.018,0.017,1,PTPRZ1
0.883744852467317,-0.344838478405111,0.259,0.261,1,ARRDC2
0.884086559929482,-0.589779026191556,0.106,0.1,1,UBE2T
0.884228854040084,0.547599647260777,0.057,0.054,1,SLITRK4
0.884406036453771,-0.508314443976452,0.022,0.021,1,HOXA2
0.884613073128191,0.329731098540678,0.291,0.299,1,GPCPD1
0.884665752604973,-0.513439395715892,0.228,0.212,1,CCDC86
0.88472798089532,1.3887739687277,0.043,0.041,1,TBCEL
0.884842098371785,-0.603372251124394,0.196,0.187,1,RBFA
0.885196017980509,-0.729058216457905,0.106,0.1,1,TAZ
0.885644326195377,-0.547420640376986,0.493,0.473,1,COL10A1
0.886056839558365,-0.860337515803857,0.132,0.133,1,SNX16
0.886109902519337,-0.69423936529029,0.122,0.116,1,NUGGC
0.886231180605216,-1.05740140307957,0.018,0.017,1,LOC644936
0.886529625775586,-0.701682759796785,0.065,0.062,1,LOC100507437
0.886651989546856,-0.252354381321595,0.859,0.813,1,HSPA2
0.886699757502025,-0.296612652326198,0.122,0.124,1,ELL3
0.886725352827195,-0.423089477240931,0.022,0.021,1,ATP6V0D2
0.886725352827195,-0.621657561916801,0.022,0.021,1,RBM24
0.886725352827195,-0.646848378065584,0.022,0.021,1,RGPD8
0.886916057526664,-0.26998473802086,0.454,0.456,1,SLC25A17
0.887244082808824,0.535514951272655,0.253,0.253,1,HEIH
0.887408946359643,-0.815959099478555,0.071,0.066,1,IL31RA
0.887449174236371,-0.329075809645219,0.352,0.344,1,LAS1L
0.887518964192945,-1.60542069532844,0.053,0.054,1,APOBEC3F
0.887550059174412,-1.03924478837202,0.132,0.124,1,NPAP1
0.887885376203884,0.366572389194358,0.022,0.021,1,ELOVL3
0.887914555900872,-0.671132396846179,0.057,0.054,1,UGT8
0.888181998702762,-0.547871574241849,0.149,0.154,1,SGK494
0.888342881466492,-0.90261069236247,0.061,0.058,1,DFNB59
0.888474627690588,-0.377748518245319,0.387,0.378,1,GZF1
0.888799833535171,-1.65231336696425,0.018,0.017,1,FAM150B
0.888812149656938,0.438016552465689,0.053,0.05,1,HPSE
0.889092526910542,-0.426545972645147,0.308,0.295,1,CCDC66
0.889238981269908,0.293752369910283,0.183,0.183,1,EPHB3
0.889389520106692,0.617024375347123,0.055,0.058,1,RSPH4A
0.889769754340401,-0.361954783274329,0.061,0.058,1,C1orf162
0.889921058446087,-0.313181344918969,0.086,0.087,1,GALNT3
0.890110271936122,-0.759886479148336,0.21,0.207,1,PLBD2
0.890206141079752,-0.796729597541962,0.022,0.021,1,RIBC2
0.890326098701991,0.391211385458292,0.183,0.191,1,IKBKG
0.890436717524243,-0.347497500586202,0.42,0.382,1,PHYHD1
0.890529059624279,-0.282813382924847,0.179,0.174,1,ADCY3
0.890971541100237,0.839791543733443,0.031,0.029,1,HMGCLL1
0.891366877671324,-0.739526137314154,0.022,0.021,1,C11orf98
0.891511296808196,-0.320258857349701,0.026,0.025,1,ZNF425
0.891629962491531,-1.49180125634569,0.075,0.071,1,ZNF709
0.891701119637604,-0.473033071973566,0.519,0.473,1,SLC25A38
0.892527847091054,-0.79211385798195,0.022,0.021,1,CD300A
0.892635756562456,-0.646309879575142,0.053,0.05,1,SCARNA17
0.893065316087026,-0.321057661721921,0.092,0.095,1,VAV2
0.893150994556341,0.256251579033838,0.043,0.041,1,ALPK2
0.893266158563994,-0.355527831136746,0.544,0.539,1,LINC01140
0.893395473058071,-0.636645830029777,0.122,0.116,1,TRIM56
0.893448108670151,-0.439148451124227,0.063,0.066,1,SORD
0.893455810248873,-1.24969948548548,0.065,0.066,1,CAPN6
0.894533515535806,-0.359652895109261,0.499,0.473,1,DAAM1
0.894836997061576,-0.39435547541841,0.175,0.178,1,CCDC85A
0.895276170083364,-0.773272164305887,0.248,0.245,1,NSD1
0.895943710579264,0.845423969185446,0.031,0.029,1,LOC389765
0.895969299338123,-1.01354265062755,0.147,0.145,1,C1GALT1C1L
0.896557957544518,0.605087577158168,0.081,0.079,1,CNTROB
0.89691042665512,-0.266514019128201,0.065,0.062,1,LOC100128494
0.897056514225767,-0.631264115829248,0.114,0.116,1,LYRM9
0.897378644680944,-0.318069979111817,0.833,0.846,1,CSGALNACT1
0.897427920907449,0.571757550190786,0.088,0.091,1,GPR82
0.897469671161114,-0.409334217172981,0.069,0.066,1,RAB36
0.897647986402391,-0.314962115867473,0.102,0.104,1,ZSCAN12
0.897685584935296,-0.337323511634912,0.336,0.328,1,RRP1B
0.89793373457356,0.657911594535002,0.031,0.029,1,CD52
0.897996784344002,-0.942747145896096,0.2,0.199,1,DPH5
0.898153122098077,-0.407701676944576,0.293,0.29,1,PUS3
0.898461276520015,0.632937146358225,0.039,0.037,1,PRR5L
0.898616102734228,0.3669365606389,0.094,0.091,1,KIAA1804
0.898621626954298,0.271191108958071,0.259,0.261,1,ATF7IP2
0.898674709129288,-0.513969481960381,0.354,0.34,1,FAM104A
0.898988514263827,-0.808465503995462,0.026,0.025,1,KCNJ14
0.899498415273592,-2.91265384800393,0.022,0.021,1,SLN
0.899498415273592,-1.47281042811004,0.022,0.021,1,ZNF454
0.900462059179675,-0.262368296812673,0.167,0.17,1,MICAL1
0.900517857401979,0.274102452022212,0.071,0.075,1,LOC100132356
0.900761945794729,-0.56708111868482,0.153,0.154,1,MOV10
0.901119440902392,0.541901835645885,0.039,0.037,1,CATSPER2
0.901232080993079,-0.488143597982456,0.153,0.154,1,ARHGEF5
0.901876507301799,0.470943638378016,0.11,0.116,1,PRDM10
0.901936688749525,-0.665488082378827,0.059,0.058,1,MTFR2
0.902081060186288,-0.773118715077929,0.255,0.237,1,XRRA1
0.902163099183187,-0.380972987600267,0.108,0.112,1,SCRIB
0.902254287130376,-0.316379933070607,0.122,0.116,1,FAM26F
0.902760108477662,-0.360414464726856,0.523,0.494,1,TRMT6
0.902926280283917,-0.480146057038106,0.511,0.461,1,UBAP1
0.90298664315384,0.551578918115527,0.022,0.021,1,RECQL4
0.90298664315384,-0.727555401828341,0.022,0.021,1,REPS2
0.90298664315384,-1.20257677556056,0.022,0.021,1,RTN4R
0.903236035414715,-0.590028195241474,0.462,0.436,1,CNST
0.903289188493738,-1.85435523898964,0.061,0.062,1,SMPD3
0.903365001587427,-0.336068552187694,0.202,0.203,1,ZNF490
0.903606518229229,-0.365212175578419,0.426,0.407,1,U2AF1L4
0.90396214011424,0.37385955614429,0.077,0.075,1,SPTBN5
0.904053875291785,-0.852470338162944,0.157,0.162,1,FBXO48
0.904151406575205,-0.980500850891399,0.053,0.054,1,TM7SF2
0.904605321781394,0.511352328904323,0.24,0.241,1,CMIP
0.90480587375782,0.365854512078706,0.112,0.116,1,C17orf51
0.905000594766,-0.49052238887452,0.248,0.237,1,C11orf49
0.905012125171308,0.449364218569452,0.124,0.12,1,LOC339059
0.905054953172405,-0.802930919196275,0.079,0.075,1,TTC13
0.905840664002412,-0.291517647353659,0.515,0.506,1,MTX2
0.905900127875372,0.563458952545935,0.031,0.029,1,LOC100129534
0.906474709296076,-0.767537631492989,0.026,0.025,1,REEP6
0.906476744714461,-2.21819434322595,0.022,0.021,1,CXCR3
0.906476744714461,-1.15850711020805,0.022,0.021,1,GCM1
0.906649809022458,-0.452589465552861,0.202,0.195,1,DNAJC5
0.906853919659526,-0.680652456835666,0.118,0.112,1,ZNF674
0.906918778880675,-0.337843290255059,0.061,0.058,1,LOC100272217
0.906979455138825,-0.27926688216296,0.09,0.087,1,PLEKHF1
0.907025888981955,-0.998606114082974,0.11,0.112,1,TRDMT1
0.907043441144971,-0.308476044520875,0.387,0.373,1,VPS13C
0.907768362713947,-0.261063719922896,0.363,0.361,1,ST6GALNAC4
0.90804252921462,-0.25044874945,0.367,0.357,1,ATP2C1
0.908093246584987,-0.581986517061133,0.344,0.344,1,IFI16
0.908597067489358,-1.24879058582717,0.057,0.054,1,ABCD1
0.908775958369499,0.727652780821146,0.12,0.12,1,FGF11
0.909021797884709,-0.506146587335815,0.269,0.261,1,PYGO1
0.909190993246353,-1.03205138957402,0.165,0.158,1,PAXIP1-AS1
0.909497967320208,-0.466037743376814,0.073,0.075,1,GAS8
0.909562140271284,-0.278905775017894,0.631,0.602,1,KIDINS220
0.909668292544499,-0.380606300612244,0.216,0.216,1,PRR14
0.909685663620106,-0.553475036406565,0.026,0.025,1,CXCR5
0.909781394097701,-0.655642703890724,0.061,0.058,1,VPS33B
0.909876520116935,-0.27791865028302,0.261,0.261,1,LRIG3
0.909884594714295,-0.650198193860264,0.13,0.133,1,RBM26-AS1
0.910076933266105,-1.02812346176623,0.057,0.054,1,LOC100506083
0.910604238597008,-0.690525215145874,0.098,0.095,1,ZC3H3
0.910663085506375,0.654846459028973,0.047,0.046,1,ASRGL1
0.910875309479363,-0.590439800977252,0.039,0.037,1,FADS6
0.911133012654277,-1.12339822760818,0.022,0.021,1,SNORA10
0.911287710109867,-0.273487444224041,0.468,0.444,1,ADSL
0.911618833031238,-0.496003317392217,0.069,0.066,1,MEOX2
0.911902940157258,-0.385665505069156,0.081,0.083,1,LOC100289511
0.912559488148225,-0.667853721294263,0.141,0.133,1,PDK2
0.912668088187832,0.296042295699892,0.122,0.129,1,C2
0.912669584087537,-0.932829610862855,0.077,0.079,1,PDLIM1
0.912878525594365,-0.943490460658762,0.031,0.029,1,ACVR2B-AS1
0.913734069317963,-0.262204373847541,0.328,0.34,1,PRKAA1
0.913760656620495,0.508105492505351,0.224,0.232,1,MAMDC2
0.913876000940187,-1.1680486996458,0.031,0.029,1,GALNT6
0.913953479231094,-0.29166230063311,0.552,0.548,1,SUMO1P3
0.913969222966564,-1.42008041090014,0.026,0.025,1,CDCA5
0.914230979427996,-1.48658646454329,0.049,0.05,1,PCDHB6
0.914873611958997,-0.755937795179937,0.031,0.029,1,LINC00211
0.915399589742722,-0.701112977444134,0.171,0.162,1,ELMO2
0.915782205673471,0.370559344194605,0.228,0.22,1,FOSL2
0.915830287475454,-0.422979540047511,0.499,0.481,1,TMEM99
0.916111948028879,-0.955067799027299,0.026,0.025,1,HDX
0.916111948028879,-0.48021133695203,0.026,0.025,1,SMG7-AS1
0.916141956823171,-0.396697363875614,0.314,0.303,1,FAM104B
0.916208131225106,0.450516690851644,0.035,0.033,1,ARL9
0.916326565000512,0.551902401835937,0.047,0.046,1,TAF6L
0.916536915844691,-0.974213387575213,0.037,0.037,1,LOC101929259
0.916540671077493,0.413922857319235,0.175,0.174,1,B3GALNT1
0.916869234777103,-0.350017427958212,0.031,0.029,1,KIF2C
0.916922837492756,-0.909203048385809,0.073,0.071,1,AGAP5
0.917146202252355,0.64480018198649,0.035,0.033,1,PRKCA-AS1
0.91717392008713,-0.583099323139789,0.086,0.087,1,RNU4ATAC
0.917274934149639,-0.487094274734257,0.191,0.178,1,LINS
0.917566357936437,0.418425472222053,0.126,0.129,1,RIMKLA
0.917824518283429,0.385035476371852,0.222,0.224,1,ZNF445
0.918096123956973,-0.659840344790548,0.185,0.183,1,LIG3
0.918171827239403,-0.298113748622141,0.226,0.232,1,FNBP1L
0.918379766849801,-0.426138872950888,0.189,0.187,1,GBP1
0.918519987260403,-0.567048748338568,0.116,0.116,1,CDCA7L
0.918786880782554,-0.275779710551422,0.344,0.34,1,VCPKMT
0.919022689117438,-0.489189007681853,0.035,0.033,1,MYOZ2
0.919041787796245,-0.586402827107182,0.069,0.066,1,SLC35F1
0.919236991209795,-0.89677207014018,0.045,0.046,1,LRP5
0.919598702564039,-0.667055165492333,0.159,0.158,1,NUSAP1
0.91984781836229,-0.270965382858164,0.167,0.162,1,TAB3
0.920181091761166,1.24660069352497,0.043,0.041,1,PKI55
0.920399211671051,-0.966453909023159,0.026,0.025,1,ZNF571
0.920603319166276,-0.718263034257925,0.077,0.075,1,PLD1
0.920973215718434,-0.94422944935626,0.057,0.058,1,RAB3A
0.921067482753285,-0.875475298571066,0.069,0.066,1,CUL9
0.92153336989826,0.253827105573923,0.039,0.037,1,LINC01569
0.921545836104932,-0.518585978996863,0.218,0.216,1,DDX59
0.921601661246893,0.827440429185907,0.059,0.062,1,MBP
0.921764530376142,0.564695639347543,0.055,0.054,1,KCTD17
0.921870487507798,-0.538833594923119,0.073,0.075,1,DNAJC3-AS1
0.922277306016901,-0.294509247699831,0.556,0.535,1,CUEDC2
0.922420996070885,-0.466902932421473,0.061,0.062,1,USP6
0.922777005755533,-1.9833879299234,0.035,0.033,1,SLAMF7
0.922859197070562,-0.520773432824797,0.031,0.029,1,LOC100130987
0.922859197070562,-0.706569253068095,0.031,0.029,1,WNK4
0.922916779526215,-0.556234001030403,0.187,0.187,1,DGCR2
0.923165066779561,0.899167865129525,0.161,0.162,1,RGL1
0.923425674534592,0.634274030456862,0.24,0.249,1,TRIB3
0.923461352387036,-0.396169464651808,0.069,0.071,1,DPH3P1
0.92376920392752,-0.354147919652138,0.069,0.066,1,MCTP2
0.923857958896038,-0.624261871960474,0.031,0.029,1,C6orf99
0.924200164267464,-0.365451517699814,0.039,0.037,1,JMJD1C-AS1
0.924366332401165,-0.512551493620995,0.11,0.112,1,IKZF4
0.924810249648312,-0.642759820881055,0.073,0.071,1,RAB3D
0.925089891849322,-0.473609316262171,0.077,0.075,1,ZNF486
0.925300670456628,-0.905777727751843,0.114,0.116,1,ZNF516
0.925365179154583,-0.442437351280355,0.32,0.299,1,GPATCH11
0.926231715856382,-0.950206087135688,0.041,0.041,1,LOC257396
0.926268721432026,-0.766814763646908,0.108,0.108,1,ZNF428
0.926316777591351,-0.539019034787149,0.173,0.166,1,REEP4
0.926533043661125,-0.585219441785934,0.035,0.033,1,GNAT2
0.926898537507602,-0.868001564790524,0.053,0.054,1,UBL7-AS1
0.927732744247111,-0.731021336598151,0.1,0.095,1,ATHL1
0.928371552575354,-0.472462305950522,0.34,0.324,1,PHYH
0.929098447771516,-1.08341713357377,0.045,0.046,1,ST3GAL4
0.929161139972126,-0.733527993883867,0.12,0.12,1,ERN1
0.929175254303774,-0.589203013755731,0.069,0.066,1,APBB3
0.930360972865799,-0.665617732172457,0.167,0.166,1,LRRC15
0.930389659109128,-1.42077386922209,0.153,0.145,1,PLEKHG2
0.930645674523645,-0.271691219305009,0.576,0.535,1,C16orf91
0.930738148026043,0.297936399089206,0.159,0.154,1,LINC00921
0.931050290749202,-0.274117143663843,0.428,0.423,1,DUSP6
0.931230384766397,-0.298446221587447,0.035,0.033,1,ZNF213
0.931402760110826,-0.54018042278373,0.477,0.456,1,PTRHD1
0.931498986177659,-0.336920133402486,0.587,0.573,1,FAM210A
0.931674392323423,-0.514754573979164,0.377,0.344,1,C11orf1
0.931772363789929,-0.290680317864217,0.138,0.137,1,GID4
0.931852243757596,-0.817329161165922,0.031,0.029,1,ENDOG
0.932261179090722,-0.619493243211903,0.246,0.237,1,ADPRM
0.932550668146166,1.37733007021322,0.075,0.075,1,BMP4
0.932823308013355,-1.09732613040894,0.037,0.037,1,ZNF230
0.932840861420514,0.573980367701431,0.088,0.087,1,LOC100996447
0.932975324311909,-0.39467193589449,0.053,0.054,1,LUC7L2
0.933043539971326,-0.524082764580253,0.13,0.133,1,CMYA5
0.933110001387878,-0.468007646637002,0.035,0.033,1,TMEM144
0.933197694519819,-0.849545553400136,0.075,0.075,1,MOGAT1
0.933592330675217,-0.994306976194973,0.132,0.133,1,C11orf63
0.933735204728554,-0.414448350152604,0.053,0.054,1,RCSD1
0.933780303878274,-0.601768087778753,0.061,0.062,1,HBA2
0.933784131434338,-0.470115981511621,0.165,0.162,1,TEAD4
0.933860632466795,-0.950197899423202,0.145,0.141,1,TSTD3
0.934224046104711,-0.251368285822773,0.432,0.419,1,KDM6A
0.934456823696225,0.29605080413662,0.063,0.062,1,PYROXD2
0.934477668483807,0.447855537470983,0.159,0.162,1,ZNF222
0.934495145530212,-0.345073538173515,0.053,0.054,1,TRIP13
0.934718665023972,0.283887728164839,0.122,0.12,1,CPSF1
0.934851917650723,-1.31901796878905,0.031,0.029,1,LINC00525
0.934875565134207,-1.24206784445839,0.039,0.037,1,ZNF665
0.93492222967901,-0.3340993418583,0.077,0.079,1,KLHDC8B
0.934925575554576,-0.637265733425536,0.273,0.27,1,NADK
0.934989991040773,-0.872423903880905,0.035,0.033,1,REC8
0.934989991040773,-0.831124715174981,0.035,0.033,1,TTYH2
0.935255592242507,0.280174478891265,0.088,0.087,1,G6PD
0.935540629403979,-0.301689494952649,0.037,0.037,1,LMO7-AS1
0.93593012249268,-0.440130997727571,0.035,0.033,1,LOC102724312
0.935961897824645,-0.669709912354989,0.051,0.05,1,MUC20
0.937324113825949,-0.342336363809975,0.11,0.108,1,VAMP1
0.937352596226092,-0.496309167905139,0.037,0.037,1,HOXA10-AS
0.937366083858499,-0.442837903627059,0.081,0.083,1,RNF169
0.937810652121433,-0.920710531284919,0.035,0.033,1,LOC100507006
0.937810652121433,-0.885463381817952,0.035,0.033,1,VIPR2
0.93783998139816,0.309477611354849,0.169,0.17,1,ZKSCAN3
0.937950776286317,-0.389930134683154,0.389,0.369,1,SPATA13
0.938143861924523,-0.328670361553455,0.193,0.195,1,ZBTB33
0.938852914717243,-1.40547519902024,0.031,0.029,1,USP27X
0.939080706005391,-0.389817927795587,0.165,0.158,1,LOC100288069
0.93914572252509,-1.50996594207185,0.041,0.041,1,LINC00265
0.939190020324071,-0.461675114757228,0.141,0.141,1,TBC1D25
0.939667946514543,-0.293959958814819,0.043,0.041,1,RMI1
0.939861238893243,-2.10532636000801,0.079,0.079,1,OCLN
0.940071151940309,-0.359893491337177,0.037,0.037,1,GSDMA
0.94062782926302,-0.537157387415289,0.403,0.386,1,TK2
0.940638615904279,0.788321058042427,0.051,0.05,1,HLX
0.94077919266388,-0.271635427096551,0.057,0.058,1,SRR
0.941025032162992,-0.2711111817523,0.446,0.44,1,GOLGA8B
0.941265224004577,-0.61337764090145,0.073,0.071,1,CCR10
0.94129093249408,-1.03478921485264,0.114,0.112,1,COQ3
0.941392525301862,-0.39974928209945,0.136,0.137,1,BRCAT54
0.941572741709931,-0.918796328594773,0.035,0.033,1,RGS11
0.942226174839616,-0.399395647452545,0.283,0.27,1,PGF
0.942390985023846,-0.503983117045615,0.277,0.266,1,PCDH9
0.942857172036764,-0.284278291145887,0.562,0.515,1,XRN1
0.943184920667909,-0.478300755125531,0.191,0.191,1,SMYD5
0.943421231203267,-0.495135657090347,0.452,0.423,1,PDCD2
0.943454119719917,-0.32209728282794,0.041,0.041,1,ZNF367
0.943454280760375,-0.294815404725659,0.035,0.033,1,C5orf38
0.943618894092838,-0.597904529784858,0.053,0.054,1,DHODH
0.943725871483642,-0.655876262735961,0.191,0.183,1,ZNF566
0.943730851298821,-1.20021240945368,0.061,0.062,1,HVCN1
0.943856320784314,-1.54881826160602,0.031,0.029,1,ZNF214
0.943872061859148,-0.485246129814669,0.067,0.066,1,MOG
0.944119649593931,-0.545345513746535,0.138,0.133,1,RNASEH2A
0.944316001771575,-1.19438883932423,0.041,0.041,1,LINC01436
0.944425347105226,-0.287055389738915,0.086,0.083,1,APOL2
0.94506505055932,-0.637624480140986,0.143,0.137,1,ZNF426
0.945115619164742,-0.2627772231507,0.287,0.29,1,GMNN
0.945160328445094,-0.406793331245138,0.128,0.124,1,LPCAT4
0.945177949014769,-1.01364578696074,0.041,0.041,1,RAPGEF3
0.945284071920389,-1.37767687863826,0.024,0.025,1,PRDM14
0.945308361803668,-0.638194955828136,0.183,0.178,1,SNHG7
0.945398635304915,-0.383948152359737,0.12,0.12,1,GOLGA6C
0.945549278945957,-0.383236109031093,0.079,0.079,1,POLRMT
0.94564826371682,-0.420971510083267,0.029,0.029,1,LOC100507373
0.945688775758635,-0.965712718567313,0.033,0.033,1,IL18
0.945778063699473,0.311979220343206,0.141,0.145,1,ZNF37BP
0.94627717773127,-2.01310928344217,0.035,0.033,1,CPB2-AS1
0.946387761982867,-1.68388191947875,0.024,0.025,1,ZNF17
0.946457155386401,-0.43316760314888,0.424,0.398,1,SYNGR1
0.946543425947855,-0.747929678861098,0.055,0.054,1,ANAPC2
0.946543425947855,0.847177553303839,0.055,0.054,1,SAA1
0.946581511112934,-0.290490091573506,0.159,0.158,1,GHDC
0.946665899750714,0.374491184681186,0.346,0.365,1,COLEC12
0.94679138443412,-0.624719763728725,0.084,0.083,1,KCTD4
0.946837594001854,-0.367603932010879,0.218,0.212,1,MTA2
0.94694173271266,-0.83179811368087,0.128,0.129,1,ENC1
0.947117827937425,-0.296711601078419,0.149,0.145,1,STAT5A
0.947696274570867,-0.458868099765565,0.029,0.029,1,C10orf128
0.947707120408687,-0.338749233133078,0.09,0.087,1,AVEN
0.947764171833393,-0.272777408559135,0.041,0.041,1,LOC100506100
0.94815246684391,-0.779361389670174,0.043,0.041,1,LINC00458
0.94815246684391,0.319942060367098,0.043,0.041,1,LOC441666
0.94827934560064,0.262282135222605,0.149,0.149,1,FAM222B
0.948445012881466,0.28108473521562,0.159,0.158,1,PQLC2
0.948595448704178,-0.931079802764742,0.024,0.025,1,DMBX1
0.948840858544695,-1.05482923833747,0.077,0.075,1,SLC14A2
0.949001258314443,-0.274787963125572,0.043,0.041,1,CNNM1
0.949001258314443,-0.526027649220047,0.043,0.041,1,NOP14-AS1
0.949425386531017,-0.724115943033963,0.24,0.228,1,USPL1
0.950034626673898,1.164588329776,0.075,0.075,1,GPR132
0.950109314510112,-0.325761041402875,0.175,0.17,1,ZFAND2B
0.950132370120451,-0.646750294243072,0.061,0.062,1,ZNF462
0.950241499481092,-0.653183464518679,0.285,0.282,1,MAPKAPK5-AS1
0.950300313953221,-0.383105261749899,0.287,0.29,1,ARIH2OS
0.950603890624028,-0.876170761696517,0.124,0.12,1,ZNF204P
0.950671742309,-0.64459262433646,0.134,0.129,1,LNP1
0.950983487808537,-1.21303187117125,0.035,0.033,1,CCDC89
0.951017203221316,-0.449396324741911,0.334,0.32,1,RFTN2
0.951227723646943,-0.290966893718307,0.053,0.054,1,LOC100130093
0.951227723646943,-0.41214663633181,0.053,0.054,1,PTPRN
0.951324276130083,-1.77429653440749,0.045,0.046,1,SPIB
0.95144879226033,-0.320651243445466,0.033,0.033,1,MS4A7
0.951793319728632,-0.295298702018052,0.029,0.029,1,FBLL1
0.951924960304869,-1.25576167318491,0.035,0.033,1,KCNK17
0.952022095303031,0.811506498978988,0.094,0.095,1,COL7A1
0.952396993344011,-0.267860351210141,0.043,0.041,1,REM2
0.952396993344011,-0.513088765087034,0.043,0.041,1,WNK2
0.952559754804273,-0.259022116970997,0.336,0.324,1,MGA
0.952693005043993,-0.728300140255488,0.039,0.037,1,HPDL
0.952778827666494,-0.856991441268363,0.088,0.087,1,C9orf69
0.953800785573339,-0.68883828591589,0.041,0.041,1,CAP2
0.953842327025868,-0.453800374781651,0.029,0.029,1,SLC9A5
0.954071007128378,-1.79724182118479,0.02,0.021,1,PPP1R37
0.954071007128378,-2.2776748812808,0.02,0.021,1,SLC6A15
0.954095188892141,-0.39795570652932,0.043,0.041,1,MMD
0.954620635152268,-0.325962052733336,0.045,0.046,1,CNIH3
0.955063740492711,-0.475868612263966,0.202,0.199,1,STAG3L2
0.955278381202671,-2.38373528751886,0.02,0.021,1,BLNK
0.955392732662773,-0.564711719733482,0.222,0.216,1,HSF4
0.955428723522098,-0.461794477509788,0.198,0.191,1,ZNF124
0.95544336632208,-0.567550507340821,0.084,0.083,1,ZNF483
0.956170376940924,-1.04900490523686,0.016,0.017,1,H3F3C
0.956306271276641,-0.734727089424723,0.255,0.241,1,CHD3
0.956779198615457,-0.659878015571351,0.193,0.187,1,BOLA3-AS1
0.956886516795564,-1.06498759748674,0.047,0.046,1,KBTBD12
0.957429973534734,-1.59325526071066,0.024,0.025,1,ANGPTL6
0.957585673121045,-0.433584281304949,0.248,0.249,1,GCNT1
0.95768037162658,-0.768562645509928,0.057,0.058,1,NEK3
0.957693434471808,-1.14424623193001,0.02,0.021,1,PDZK1
0.957693434471808,-1.65685021603847,0.02,0.021,1,TFAP2E
0.957896173138218,-0.514351386271051,0.092,0.091,1,SEC14L4
0.958000482878207,-0.343545385473995,0.371,0.365,1,CAT
0.958114296117062,-0.639680967179442,0.041,0.041,1,SLCO2A1
0.9584710515988,-0.600290873230787,0.214,0.207,1,TMEM106A
0.958675887089636,-0.348233998895684,0.216,0.212,1,FBXO22
0.958966150640886,-1.52906546407798,0.029,0.029,1,LOC730202
0.959432010856557,0.320867546993181,0.088,0.087,1,IFFO1
0.959840050899613,1.40698304972561,0.041,0.041,1,TMEM26
0.959991125619426,-0.959384407832558,0.029,0.029,1,MURC
0.960036992820982,-0.369127392766666,0.088,0.087,1,KIF27
0.960070791414535,-0.311601562289706,0.303,0.29,1,NDUFAF1
0.960108876129104,-0.71268517751404,0.02,0.021,1,AKAP3
0.960108876129104,-1.32090623393778,0.02,0.021,1,KIAA1210
0.960283366947882,-1.24461437385335,0.067,0.066,1,GPR153
0.960744327486966,-0.961151413587822,0.024,0.025,1,IL13RA2
0.960744327486966,-0.536935500502012,0.024,0.025,1,LGI2
0.960789261712712,-0.739383137621041,0.287,0.274,1,LMO7
0.960899631414657,-0.952656498125513,0.065,0.062,1,UCKL1-AS1
0.960950408304415,-0.362278551724129,0.047,0.046,1,PARD3B
0.961016166737235,-2.12433093898238,0.029,0.029,1,LBP
0.961224938247801,-1.02174135544829,0.108,0.104,1,ZNF608
0.961316735686087,-1.13132781273418,0.02,0.021,1,LOC100131655
0.96143966709746,-0.390881478086785,0.395,0.369,1,RSRC1
0.961540747454145,-0.283788177019101,0.674,0.622,1,SNX1
0.961560323562047,-1.37064130086168,0.016,0.017,1,ZKSCAN4
0.961706865258008,-0.39622096288795,0.051,0.05,1,ARHGAP44
0.961706865258008,-0.453983641987054,0.051,0.05,1,C4orf29
0.96201519654568,-0.482303787905331,0.033,0.033,1,GTF2H2C
0.962041272302539,-0.825202468474287,0.029,0.029,1,LOC283038
0.962146075817423,-1.11853265586684,0.059,0.058,1,LRRC34
0.962238808859335,-0.388759910939127,0.132,0.133,1,RC3H2
0.962783668296126,-0.613412314500512,0.723,0.701,1,RASSF8
0.962864806303263,0.558374658203628,0.045,0.046,1,GLI2
0.963047722223084,0.588074269746927,0.183,0.191,1,DNAH14
0.963239067051065,-0.423180914085007,0.475,0.444,1,NBN
0.963484720024438,1.48706778768139,0.187,0.183,1,MMP1
0.963732718416693,-0.461653506797939,0.02,0.021,1,LOC283140
0.963735982656952,-0.599188013203975,0.116,0.116,1,FAM83B
0.963748454304526,-0.280424780964654,0.216,0.207,1,RNF26
0.96399263218602,-0.705761865938435,0.108,0.104,1,CCDC77
0.964049703952368,-0.804142225680746,0.051,0.05,1,EXOC3-AS1
0.964255971300707,-1.02985945452112,0.016,0.017,1,CACNA1E
0.964255971300707,-1.57625853245841,0.016,0.017,1,CAHM
0.964255971300707,-1.32880811048432,0.016,0.017,1,KCNA7
0.964554056303673,-0.272581379166969,0.102,0.1,1,LINC00910
0.96465477810214,-0.456103691309718,0.161,0.158,1,RRS1
0.964830720164344,-0.423126746336785,0.051,0.05,1,SEMA3B-AS1
0.964930103429682,-0.323054403987223,0.175,0.17,1,C1orf56
0.964940836052479,-0.574532168885457,0.02,0.021,1,ANKRD13B
0.964940836052479,-0.855237301534736,0.02,0.021,1,C9orf117
0.964940836052479,-0.361515534280414,0.02,0.021,1,LOC650226
0.965138196478308,-0.801280957347307,0.043,0.041,1,LOC101929450
0.965164511793305,-0.294442308820329,0.024,0.025,1,LOC553103
0.965242968259845,-0.452771488080239,0.33,0.315,1,ZBTB11
0.965482824414343,-1.80391877387884,0.088,0.087,1,NRXN3
0.96555755188211,-0.427164360893486,0.049,0.05,1,PRKCQ
0.965603950318264,-2.63142881961533,0.016,0.017,1,LINC01213
0.965603950318264,-1.65338206065019,0.016,0.017,1,PARP10
0.965663305548065,0.256123784173353,0.09,0.091,1,HHIP
0.965783525413369,-1.16362497507256,0.059,0.058,1,MRPL45P2
0.965804591251018,-1.8699485524852,0.012,0.012,1,VAV3-AS1
0.965826432301388,-0.315318529497712,0.196,0.191,1,KIZ
0.965859278176759,-0.353571702625986,0.033,0.033,1,FAM110A
0.96614903417573,-0.899777168935128,0.02,0.021,1,C1orf210
0.966244232095569,-0.444100731659598,0.153,0.149,1,SAAL1
0.966344177024092,-0.386986664231056,0.183,0.183,1,DNAH6
0.966458036811542,0.275225969206005,0.053,0.054,1,MROH1
0.966952027638388,-1.81137079472155,0.016,0.017,1,PDE1A
0.966952027638388,-1.3377128567852,0.016,0.017,1,PSMB8-AS1
0.96735803991213,-2.04946347608331,0.012,0.012,1,SLC7A5P1
0.96735803991213,-1.89563450493603,0.012,0.012,1,ZNF676
0.967498879624607,-0.398634463124327,0.108,0.108,1,WDSUB1
0.967687610103957,-1.11918379338563,0.043,0.041,1,ZRANB3
0.967781622169151,-0.341111207732346,0.033,0.033,1,CFAP221
0.967781622169151,-0.387450481175248,0.033,0.033,1,GGT1
0.967999896849926,-0.386522101477276,0.116,0.116,1,TRIM45
0.968144924572929,-0.565549702531003,0.153,0.149,1,SRBD1
0.968315063083162,-0.499849928387373,0.126,0.124,1,BMP2K
0.968484843753286,-0.682995184571348,0.161,0.162,1,LOC286437
0.968565660802721,-1.46731000177045,0.02,0.021,1,LINC01530
0.968565660802721,-1.03640243105433,0.02,0.021,1,SNORA68
0.968736292400726,-0.697577075604111,0.051,0.05,1,LL22NC03-63E9.3
0.968911612455618,-3.36190548025997,0.012,0.012,1,P2RY1
0.968919384996585,-0.694453689935289,0.181,0.174,1,ELAC1
0.968948066131443,-0.34697373075673,0.161,0.162,1,FSD1L
0.969585766832344,0.442638492068211,0.024,0.025,1,IQGAP3
0.96970415340239,0.688864793351007,0.033,0.033,1,LOC643072
0.969720457938874,-0.272313113246824,0.352,0.349,1,CEPT1
0.969774083764192,-0.559095447834586,0.02,0.021,1,FAM19A3
0.970155786807381,-0.621649028442354,0.202,0.191,1,HSD17B7
0.970342054670722,-0.667997194720096,0.096,0.095,1,DSN1
0.970376924821219,-0.295314464733704,0.501,0.469,1,CCDC25
0.970454466357156,0.566863144946696,0.234,0.237,1,IL10
0.970465302991505,-1.52800045376534,0.012,0.012,1,GOLGA2P9
0.970465302991505,-2.41602145044221,0.012,0.012,1,LINC01142
0.970465302991505,-1.42177946510708,0.012,0.012,1,LOC101929622
0.970665315631076,-0.318777377707741,0.116,0.116,1,TARBP2
0.970665485746349,0.369349236520899,0.033,0.033,1,PPM1H
0.970894936433698,0.622962120301143,0.112,0.116,1,OGG1
0.970982576128624,-0.977456825332472,0.02,0.021,1,ADGRD1
0.971260385986507,-0.320108214890152,0.248,0.249,1,GNPDA1
0.971404881075307,-0.289193854668418,0.126,0.124,1,ZFYVE9
0.971796753457016,-0.647169915152144,0.024,0.025,1,HCG9
0.971796753457016,-0.60040458971386,0.024,0.025,1,LOC102724612
0.971841129444392,-0.311931710745991,0.356,0.344,1,USB1
0.97186129468023,-1.18501313158775,0.051,0.05,1,XXYLT1
0.971925151952235,-1.21032357729876,0.041,0.041,1,CAPS2
0.972019105628472,-0.655394390226307,0.012,0.012,1,C8orf86
0.972019105628472,-1.757696898374,0.012,0.012,1,QRFPR
0.972334366993158,-0.961640601326678,0.047,0.046,1,CCL22
0.972345242967603,-0.532376222262688,0.016,0.017,1,DDTL
0.972345242967603,-1.09203332217415,0.016,0.017,1,DNM1P35
0.972345242967603,-1.78018841796325,0.016,0.017,1,FLG
0.972345242967603,-1.64961920630918,0.016,0.017,1,SDPR
0.972345242967603,-0.759023469205888,0.016,0.017,1,TMCC1-AS1
0.972538430862736,-0.626309321091407,0.77,0.776,1,ARC
0.972714112560109,-0.601235403616416,0.092,0.091,1,BMPR1B
0.972880172749635,-0.293205858564384,0.055,0.054,1,SHOX2
0.972902329118802,-1.37365580638071,0.024,0.025,1,DBIL5P2
0.973283460465584,-0.436690500874651,0.202,0.199,1,ZBTB2
0.97335228432793,-0.276965527189183,0.617,0.581,1,METTL1
0.973399757976441,-0.639486489392128,0.02,0.021,1,LIME1
0.973468561948966,-0.409833691738765,0.399,0.365,1,WDR48
0.973564028504427,-0.378175338119373,0.373,0.357,1,FRG1B
0.973573014473923,-2.2347521795209,0.012,0.012,1,C1orf228
0.973573014473923,-1.11069840470708,0.012,0.012,1,CARD14
0.973573014473923,-1.15681139285607,0.012,0.012,1,CEMP1
0.973573014473923,-2.29903892072015,0.012,0.012,1,L3MBTL4-AS1
0.973573014473923,-1.09962313530956,0.012,0.012,1,LOC440028
0.973693754061108,-0.852001588218029,0.016,0.017,1,RBMY2FP
0.973693754061108,-0.754631205143043,0.016,0.017,1,TTLL3
0.973779834164361,-0.858550803854035,0.094,0.091,1,LCN2
0.97386424811519,0.259223352500169,0.116,0.116,1,ZNF528
0.973961161245834,-0.908272143667261,0.047,0.046,1,UBAP1L
0.974386296929385,-1.30495570928903,0.055,0.054,1,PRICKLE3
0.974478656555626,-0.325054871394256,0.141,0.141,1,NEDD4L
0.974860473034103,-0.462068606076937,0.534,0.502,1,MT1M
0.975042340356192,-0.828153889041945,0.016,0.017,1,ASB16
0.975042340356192,-1.22669731564504,0.016,0.017,1,PPFIA2
0.975127023634052,-1.04045127759145,0.012,0.012,1,DPH6-AS1
0.975127023634052,-1.34468135096715,0.012,0.012,1,NUDT9P1
0.975127023634052,-0.531775333411268,0.012,0.012,1,OR11A1
0.975127023634052,-1.04616943984391,0.012,0.012,1,ZNF257
0.975153319539978,-0.262697835547087,0.322,0.324,1,PINX1
0.975619939285973,-0.42739175548784,0.11,0.108,1,ALG10
0.975744136272402,-0.647023565039579,0.114,0.112,1,PRMT9
0.975759656717496,-0.269795574898216,0.564,0.535,1,RBM42
0.97581718416183,-2.74003634031603,0.02,0.021,1,JAKMIP2
0.97621936002892,-1.42673651467551,0.024,0.025,1,DPF3
0.976287686659492,-0.721208450968391,0.193,0.191,1,KLHL12
0.976390998000239,-0.727391296489714,0.016,0.017,1,PLVAP
0.976390998000239,-0.349457966780474,0.016,0.017,1,SMC1B
0.976390998000239,-0.651056907678703,0.016,0.017,1,SNORA70G
0.976390998000239,-0.509591013938191,0.016,0.017,1,SSBP3-AS1
0.97654959322893,-0.833232632561821,0.051,0.05,1,MSL3P1
0.976681127213911,-1.25386087122754,0.012,0.012,1,ASB14
0.976681127213911,-0.765430623642178,0.012,0.012,1,CACNA2D2
0.976681127213911,-0.788191552870783,0.012,0.012,1,PPFIA3
0.976742248585431,-0.742106230627209,0.161,0.158,1,METAP1
0.97697018814161,-0.25089430702601,0.389,0.378,1,NAA60
0.97702598194665,0.309150635808114,0.02,0.021,1,CHKB-AS1
0.97702598194665,0.555922465996241,0.02,0.021,1,LOC151174
0.977276674789915,-0.605754970385655,0.075,0.075,1,WDFY3-AS2
0.97742443816926,0.741085042928941,0.029,0.029,1,DBIL5P
0.977514741570386,-0.286450856412851,0.253,0.241,1,TAF1A
0.977739723140024,-0.774163903579164,0.016,0.017,1,BTN3A3
0.977739723140024,-0.289529529645411,0.016,0.017,1,PCDHGB4
0.977743228782913,-0.434109825591412,0.23,0.22,1,MXD4
0.978051812448222,-0.283522311819294,0.391,0.386,1,MAVS
0.978234832493719,-0.349777167124112,0.02,0.021,1,CACNA1H
0.978235319317479,-0.531010606155465,0.012,0.012,1,CATIP
0.978235319317479,-0.49260579487308,0.012,0.012,1,CDC20B
0.978235319317479,-0.397053045215659,0.012,0.012,1,USP46-AS1
0.97845034457812,1.34068308867363,0.029,0.029,1,NOD1
0.97908851192174,-0.531881947658834,0.016,0.017,1,DDO
0.97908851192174,-1.74716333750686,0.016,0.017,1,GCGR
0.97908851192174,-0.297028859184011,0.016,0.017,1,WWTR1-AS1
0.979344114416098,-0.321225004052464,0.071,0.071,1,LIFR-AS1
0.979532220826807,-0.75681241608077,0.136,0.133,1,FEZ1
0.979588820032104,-1.10818546318784,0.043,0.041,1,MEF2C-AS1
0.979675585737634,-1.3966792564208,0.051,0.05,1,B4GAT1
0.979789594047723,-1.01817288902641,0.012,0.012,1,DISC2
0.979789594047723,-0.800117529297179,0.012,0.012,1,GTF2IRD1P1
0.979789594047723,-0.843799967841263,0.012,0.012,1,KIAA2012
0.979789594047723,-0.864240810687683,0.012,0.012,1,SIGLEC16
0.9802031001503,-0.431187302895852,0.143,0.141,1,INPPL1
0.980206011227194,-0.31654063210744,0.218,0.212,1,PTER
0.980437360491037,-0.435624381623851,0.016,0.017,1,MTUS2-AS1
0.980437360491037,-0.700310828643183,0.016,0.017,1,SMPX
0.980510807864736,-0.743581229441517,0.128,0.124,1,WRAP53
0.980639754915739,-0.506734749414445,0.291,0.274,1,METTL4
0.980642697790757,0.961715755352172,0.024,0.025,1,HS3ST2
0.980832611050355,-0.834508803754035,0.151,0.145,1,IQSEC2
0.981008879854412,-0.349770930675191,0.475,0.456,1,SYS1
0.981343945506671,-0.867870593564802,0.012,0.012,1,A1CF
0.981343945506671,-1.18831040220724,0.012,0.012,1,C17orf77
0.981343945506671,-0.930441669915802,0.012,0.012,1,PPIAL4G
0.981343945506671,-0.339298518459383,0.012,0.012,1,RNF113B
0.981343945506671,-0.997153094883087,0.012,0.012,1,TCTE3
0.981382864526499,-0.42137612267044,0.326,0.311,1,CXorf40B
0.981657060219945,-0.476744915389597,0.063,0.062,1,HERC5
0.981786264993051,0.47631377694434,0.016,0.017,1,BEND3P3
0.981786264993051,-0.373383415704131,0.016,0.017,1,KCND1
0.981861672958347,1.06276962883937,0.02,0.021,1,MEGF11
0.982096622143928,-0.820159096893035,0.047,0.046,1,KIAA1328
0.982190112464417,-0.297781793398738,0.067,0.066,1,EPDR1
0.982225089921388,-0.974926155127233,0.122,0.12,1,ZNF444
0.982289273620624,-0.321124025458065,0.538,0.515,1,LOC100506548
0.982362440680452,-1.04068273127992,0.063,0.062,1,GSE1
0.982801890383592,-1.66346220522477,0.051,0.05,1,TUBA3FP
0.982898367795478,1.13647198550512,0.012,0.012,1,BHLHE22
0.982898367795478,-0.800298350079072,0.012,0.012,1,IGF2BP1
0.982898367795478,0.3822462874252,0.012,0.012,1,KRT78
0.982898367795478,0.555818979322867,0.012,0.012,1,LOC100131289
0.982898367795478,-0.880640763878994,0.012,0.012,1,LOC400958
0.982898367795478,-1.19108743950226,0.012,0.012,1,TMEM140
0.982898367795478,0.267990585771919,0.012,0.012,1,TPTE2P6
0.982997741286502,-0.341220388231384,0.334,0.328,1,PTN
0.983135221572437,0.483995203324895,0.016,0.017,1,NRCAM
0.983930804028869,-0.764617783136553,0.108,0.104,1,SMARCAL1
0.984279779531863,0.283568566806179,0.02,0.021,1,GUCY1B3
0.98445285501449,-1.28270689107278,0.012,0.012,1,C19orf68
0.98445285501449,0.260624180202889,0.012,0.012,1,MYPN
0.98445285501449,0.61550197886198,0.012,0.012,1,MYT1L
0.98445285501449,0.309482431313316,0.012,0.012,1,THSD1
0.98445285501449,0.357532840500191,0.012,0.012,1,TPTE
0.984484226373406,0.33133615235138,0.016,0.017,1,KBTBD4
0.984687214806506,-0.657542818365288,0.12,0.116,1,FAM174B
0.985616060292724,-0.577301291554835,0.257,0.245,1,RAPGEF6
0.986165103871982,-0.849034002092274,0.047,0.046,1,C9orf41
0.986698030538921,0.583824231511213,0.02,0.021,1,LOC101928441
0.986707561468892,-0.494035122656676,0.098,0.095,1,C16orf95
0.986740920571208,0.478942804087796,0.165,0.17,1,CYP2U1
0.986990854037634,-0.473447714244911,0.191,0.187,1,TMEM217
0.987150306243705,-0.597892433491142,0.356,0.349,1,MAP9
0.98756200064089,-0.825413394206508,0.012,0.012,1,ARHGEF25
0.987724073940141,0.699688525594523,0.049,0.05,1,ABCG2
0.988348680026163,-0.486107152821151,0.059,0.058,1,ANKRD60
0.98901912858774,-0.508586205668904,0.098,0.095,1,C20orf194
0.989116403765714,0.55158646235227,0.02,0.021,1,NAT14
0.989116647245542,0.422665049170077,0.012,0.012,1,RBM11
0.989218283234188,-0.759098709497266,0.114,0.112,1,PARP16
0.989241531391952,0.778358670884944,0.069,0.071,1,MRS2P2
0.989613364104441,0.268107236684848,0.21,0.216,1,HS3ST1
0.989642006274617,-0.410233017606819,0.293,0.286,1,RPP25L
0.989737294414187,3.89977597900921,0.029,0.029,1,MLLT10P1
0.98988065066351,1.32768203267575,0.016,0.017,1,A2ML1
0.989882621851947,-0.453573165711923,0.511,0.502,1,ATF2
0.990064029013721,-0.622651791327235,0.041,0.041,1,IL1R2
0.9901147118617,-0.566581157962577,0.124,0.12,1,ACAD9
0.990233945421384,-1.25060655955054,0.047,0.046,1,TM6SF1
0.991337056846143,-1.01579723243611,0.071,0.071,1,MAPKBP1
0.991470749436133,-0.421498588401083,0.379,0.369,1,LINC00324
0.99169036650997,-0.920950587050997,0.98,0.975,1,HSPA1B
0.992125332426115,-0.55372373754716,0.088,0.087,1,EFCAB7
0.992197361458624,-0.609579558813576,0.106,0.104,1,MIB2
0.992341273648386,-0.54020148005612,0.102,0.1,1,ASH1L-AS1
0.992836850854301,-0.383056010625772,0.108,0.108,1,VWDE
0.992851560640611,-0.382229605627685,0.224,0.216,1,KCTD6
0.992944493555221,-0.771258478257181,0.063,0.062,1,DHRS11
0.993150588581526,-0.439801104186867,0.1,0.1,1,CCDC9
0.993597610232913,-0.340688298709341,0.637,0.602,1,WASL
0.993766641041945,-0.3020033496167,0.935,0.917,1,LECT1
0.993780811397604,0.847020094427202,0.012,0.012,1,DGCR11
0.994220462081603,-1.44055263164982,0.098,0.095,1,TP53AIP1
0.994394060238539,-0.405408453620485,0.104,0.104,1,MBNL1-AS1
0.995119124675757,0.457939143509794,0.086,0.087,1,CARF
0.995293054650922,0.510875190056431,0.069,0.071,1,SMARCD3
0.995339889168921,-0.51478002677491,0.124,0.124,1,FBXW8
0.99557805551312,0.257108907378876,0.232,0.228,1,PDE4C
0.995810141759372,0.287737897036187,0.138,0.141,1,ST3GAL6
0.996413433761107,-1.00786837401824,0.177,0.17,1,FLJ10038
0.996652030945899,-0.324956767501928,0.409,0.386,1,NPAT
0.996892235760292,-0.564948465439083,0.369,0.344,1,DXO
0.99708707294731,-0.52139937676112,0.059,0.058,1,LAMB1
0.997259795119121,-1.0637723050331,0.067,0.066,1,MANEA
0.9980029265236,-0.621102754912175,0.136,0.133,1,SP110
0.998097700741577,-0.322586112001046,0.153,0.149,1,CDH23
0.998097700741577,-0.395226962551143,0.153,0.149,1,SNX11
0.998723165441583,-0.327595080779043,0.305,0.299,1,SNAPC2
0.99904153858636,-0.427222322728731,0.151,0.145,1,TAPBPL
0.999463736318549,-0.710821514827701,0.116,0.112,1,TBL3
0.99955724417422,-0.479912914309262,0.181,0.178,1,RPL23AP82
0.999567990116634,0.556122033169519,0.041,0.041,1,LOC101929124
1,0.321015118469779,0.073,0.075,1,DOLK
1,0.826435169875676,0.153,0.154,1,CC2D1B
