comparison,pathway,NES,size,pval,padj,leadingEdge
R1_GSE51588_Medial_vs_Lateral,HALLMARK_EPITHELIAL_MESENCHYMAL_TRANSITION,2.77072318382261,195,7.20767527776913e-24,3.22435056520199e-22,THY1;INHBA;CD44;CTHRC1;SERPINH1;COL3A1;VCAN;CRLF1;POSTN;ADAM12;LUM;OXTR;SERPINE2;PCOLCE;COL6A3;PRRX1;GPX7;FAP;BMP1;GJA1;MMP2;EMP3;COL7A1;HTRA1;CDH2;COL5A2;WNT5A;SLIT3;MSX1;LOX;CALU;PPIB;MMP14;SPARC;TIMP1;BASP1;ECM1;TGFBI;LRRC15;COL4A1;TPM4;CDH6;PLOD2;COL1A2;NID2;SPP1;DCN;COL6A2;CAPG;PDLIM4;PLAUR;TPM1;GPC1;THBS2;TNFRSF12A;SDC1;FOXC2;SGCD;ACTA2;BGN;FSTL1;SPOCK1;DPYSL3;ITGAV;TNFRSF11B;EDIL3;DKK1;PFN2;IGFBP2;SNAI2;COL1A1;VEGFC;ITGB3;COL12A1;COL5A3;COL16A1;QSOX1;COL4A2;COMP;ANPEP;ITGA5;MXRA5;FN1;MATN3;SERPINE1;EFEMP2;LOXL2;GAS1;FBN2;SCG2;MFAP5;ITGA2;PLOD3;MGP;PTHLH;NT5E;LAMA1;COL11A1;MATN2;TNC;LAMC2;ABI3BP;PMP22;CXCL6;PLOD1;NNMT;IGFBP4
R1_GSE51588_Medial_vs_Lateral,HALLMARK_ADIPOGENESIS,-2.8164710356797,188,1.28974022608079e-23,3.22435056520199e-22,ITIH5;ACADL;ELMOD3;ESYT1;FZD4;PPARG;CYP4B1;SLC1A5;LEP;DGAT1;FAH;CAT;C3;ANGPT1;ADIPOR2;LIPE;MGLL;ITGA7;CD36;VEGFB;CIDEA;LPL;ALDH2;BCL6;STAT5A;GPX3;GPAM;MRAP;SNCG;ADIPOQ;PEX14;ADCY6;ACADS;ACOX1;FABP4;GPX4;IDH1;ECH1;ITSN1;PGM1;PDCD4;PHLDB1;SLC27A1;REEP6;STOM;SLC5A6;RTN3;MCCC1;BAZ2A;EPHX2;YWHAG;PFKFB3;UCP2;SLC25A1;TST;SCARB1;LTC4S;CD302;PTGER3;DLD;POR;SPARCL1;IDH3A;PIM3;ANGPTL4;CMBL;RETSAT;TOB1;CS;MGST3;MYLK;CD151;ECHS1
R1_GSE51588_Medial_vs_Lateral,HALLMARK_G2M_CHECKPOINT,2.67590704988571,189,4.75510232303602e-21,7.92517053839337e-20,SQLE;PBK;BIRC5;CDKN3;CHEK1;NDC80;UBE2C;HMGB3;CDC45;EXO1;GINS2;HMMR;RAD54L;BUB1;UCK2;KIF4A;CCNB2;E2F1;CCNA2;KIF2C;PTTG1;AURKB;CDK1;TPX2;MAD2L1;ORC6;TTK;NUSAP1;KIF23;HIF1A;CENPF;CENPA;CDC7;KIF11;PTTG3P;CKS2;UBE2S;SMC2;KIF15;G3BP1;RACGAP1;PRC1;STIL;CDC25A;MCM2;DDX39A;SNRPD1;ESPL1;TROAP;LMNB1;EZH2;MCM6;DBF4;CDK4;SMC4;CENPE;ODF2;ORC5;BUB3;DR1;TOP2A;SMARCC1;SLC12A2;RASAL2;PLK1;TACC3;AURKA;FANCC;PLK4;RBL1;CDC20;MKI67;SRSF2;KPNA2;DKC1;SLC38A1;HOXC10;DTYMK;CCNF;FBXO5;SLC7A5;MYBL2
R1_GSE51588_Medial_vs_Lateral,HALLMARK_E2F_TARGETS,2.62582604821638,194,1.18635087720342e-19,1.48293859650427e-18,BIRC5;UBE2T;CDKN3;CHEK1;HMGB3;CDCA3;TK1;DIAPH3;HMMR;SPC25;DEPDC1;KIF4A;CENPM;NME1;RNASEH2A;CCNB2;MELK;KIF2C;PTTG1;AURKB;CDK1;MAD2L1;ORC6;DLGAP5;SPC24;TRIP13;GINS1;PRDX4;CDKN2A;CDCA8;MMS22L;MTHFD2;TUBB;SPAG5;CKS2;UBE2S;RAN;RACGAP1;BUB1B;CIT;CDC25A;MCM2;DDX39A;ESPL1;LMNB1;EZH2;MCM6;TCF19;CBX5;CDK4;SMC4;GINS4;CENPE;ASF1B;WDR90;RAD51AP1;CHEK2;PCNA;AK2;TOP2A;CCNE1;PLK1;TACC3;AURKA;MCM4;PAICS;ATAD2;RANBP1;PHF5A;GINS3;E2F8;PLK4;CDC20;MKI67;SRSF2;KPNA2
R1_GSE51588_Medial_vs_Lateral,HALLMARK_MYC_TARGETS_V1,2.38942732055193,192,1.53245769212388e-14,1.53245769212388e-13,LSM7;CDC45;CBX3;NME1;CCNA2;MAD2L1;PSMB3;EIF4A1;TYMS;SET;PRDX4;C1QBP;CDK2;RAN;G3BP1;RPLP0;PSMD7;PGK1;HPRT1;MCM2;HDGF;SNRPD1;MCM6;CDK4;RPS5;PCNA;SRM;BUB3;LDHA;GOT2;GNL3;ACP1;SNRPD2;SMARCC1;YWHAQ;NPM1;RFC4;ILF2;IMPDH2;NOP16;LSM2;HDAC2;MCM4;TXNL4A;RANBP1;PSMA4;RRM1;VDAC1;CDC20;EIF4E;VBP1;SRSF2;AP3S1;SNRPG;KPNA2;HDDC2;RPL14;CLNS1A;ABCE1;SRSF3;RPL6;PSMA6;SNRPD3;RPL18;AIMP2;MRPL23;APEX1;CCT2;NOP56;EEF1B2;PTGES3;SNRPB2;HNRNPA1;CCT7;FBL;DUT;NHP2;PPIA;ERH;RPL34;NAP1L1;XPOT;PSMD14;PSMB2;ORC2;CSTF2;POLE3;SLC25A3;RUVBL2;XRCC6;COX5A;PSMA1;EIF3D;DDX21;TFDP1;EIF2S1;PSMA2;EIF2S2;RPS10;TCP1;HSPE1;HNRNPA2B1;PSMD8;NCBP1;MRPL9;SRPK1;RRP9;RSL1D1;HSPD1
R1_GSE51588_Medial_vs_Lateral,HALLMARK_FATTY_ACID_METABOLISM,-2.12262837390029,154,6.89898819165177e-09,5.74915682637648e-08,CA4;ACADL;MAOA;AOC3;FASN;AQP7;ADIPOR2;MGLL;ADH1C;CD36;CIDEA;GPD1;ACSL1;G0S2;EPHX1;ACADS;ACOX1;CYP4A11;ALDH3A2;ETFDH;IDH1;ECH1;VNN1;REEP6;HSDL2;ACSL5;ALDH9A1;SLC22A5;EHHADH;PDHA1;LTC4S;BPHL;GCDH;AUH;DLD;RETSAT;CBR3;GABARAPL1;ECHS1;SDHA;MLYCD;INMT;HADH;SUCLG1;ALDH3A1;GLUL;ECI1;HIBCH;ACAA1
R1_GSE51588_Medial_vs_Lateral,HALLMARK_TNFA_SIGNALING_VIA_NFKB,-1.975647261556,196,1.66374506878907e-07,1.18838933484934e-06,IRS2;SNN;BCL6;STAT5A;TRIB1;BTG2;KDM6B;HES1;G0S2;MAP3K8;CCL2;TNF;TNFAIP2;REL;PTPRE;CFLAR;PTGER4;TRAF1;NFAT5;EGR2;PFKFB3;CXCL3;CCL4;CEBPB;JUN;RHOB;FOS;SQSTM1;IER2;TNIP1;EGR1;FOSB;PER1;JUNB;ZFP36;TLR2;TUBB2A;KLF10;TNFAIP3;EHD1;RELA;ETS2;F2RL1;TNFAIP8;CCL5;IRF1;CXCL2;DUSP1;KLF2;LITAF;CD83;CD69;NAMPT;TRIP10;IL1B;MCL1;PNRC1;PLEK;KLF6;DENND5A;PPP1R15A;DRAM1;ATF3;KLF4;NR4A1;MAFF;SLC2A3
R1_GSE51588_Medial_vs_Lateral,HALLMARK_MTORC1_SIGNALING,1.85153269202031,193,8.4884334112137e-07,5.30527088200856e-06,SYTL2;MLLT11;SERPINH1;FADS2;SQLE;EBP;FADS1;GAPDH;SSR1;BUB1;SHMT2;P4HA1;RDH11;PLOD2;SDF2L1;TES;MTHFD2;TPI1;HSPA4;BCAT1;PGK1;CDC25A;ENO1;HPRT1;MCM2;DDX39A;GLA;IFI30;CALR;SRD5A1;EEF1E1;PSMB5;PHGDH;LDHA;SORD;GOT1;ACTR3;PLK1;HMGCR;AURKA;MCM4;PNP;PSMA4;GMPS;ACLY;CD9;PDAP1;SLC7A11;SLC6A6;PRDX1;RPN1;ATP6V1D;GTF2H1;ATP2A2;HSP90B1;ACTR2;PSMG1;CCNF;RRM2;SLC7A5;CCT6A;ASNS;CYP51A1;TMEM97;PNO1;IDI1
R1_GSE51588_Medial_vs_Lateral,HALLMARK_GLYCOLYSIS,1.81560487331295,196,2.88933031864313e-06,1.6051835103573e-05,TPBG;ADORA2B;CD44;VCAN;SLC16A3;P4HA2;KDELR3;KIF20A;CAPN5;TPST1;HMMR;DEPDC1;P4HA1;TGFBI;MIF;SDC2;CDK1;TXN;CHST12;PDK3;ALG1;PLOD2;CENPA;DCN;CHPF;RPE;PAM;GPC1;SDC1;TPI1;FUT8;B4GALT2;PGK1;ENO1;CHST1;B4GALT1;PMM2;CHPF2;LDHA;GOT2;QSOX1;PPFIA4;GOT1;COPB2;B3GNT3;PFKP;AURKA;EXT2;GALK2;KIF2A;HDLBP;SRD5A3;IL13RA1;EXT1;POLR3K;B4GALT7;DPYSL4;NT5E;PGAM1;GMPPB;XYLT2;GALE;PLOD1;B4GALT4;IDUA;DSC2;SOX9;HSPA5;ECD;ENO2;ME2;SLC37A4;PGM2
R1_GSE51588_Medial_vs_Lateral,HALLMARK_ESTROGEN_RESPONSE_EARLY,-1.76807658887651,192,1.60630312510183e-05,8.03151562550917e-05,MAPT;GAB2;LRIG1;NPY1R;SLC24A3;TMEM164;GREB1;WFS1;FASN;AR;BCL2;INHBB;DHRS3;SH3BP5;CBFA2T3;HES1;CALB2;TUBB2B;PEX11A;FLNB;ENDOD1;RAPGEFL1;ABCA3;SLC22A5;TFF3;SLC19A2;NRIP1;FOXC1;RHOBTB3;FOS;SCARB1;MPPED2;FDFT1;SCNN1A;PGR;TTC39A;KLF10;ITPK1;AKAP1;TOB1;SYBU;ASB13;NCOR2;ZNF185;HSPB8;SYT12;SVIL;NAV2;MED13L;KLF4;OLFM1;ADD3;CHPT1;MYBL1;CELSR2
R1_GSE51588_Medial_vs_Lateral,HALLMARK_INTERFERON_GAMMA_RESPONSE,-1.77081732499293,193,2.29710833994208e-05,0.000104414015451913,BANK1;P2RY14;IRF4;CCL2;TNFAIP2;IL10RA;SLC25A28;APOL6;PELI1;BATF2;BST2;CD74;PML;TXNIP;EIF4E3;PTPN6;TNFSF10;STAT2;NLRC5;NCOA3;FGL2;GBP4;GZMA;NOD1;KLRK1;IRF8;XCL1;IL15;SECTM1;TNFAIP3;ISOC1;XAF1;CCL5;IRF1;ITGB7;CD38;SP110;CD69;NAMPT;OGFR;TRIM25;PARP12;HLA-B;RNF213;TDRD7;DHX58;LCP2;VCAM1;HLA-DRB1;ADAR;SSPN;HLA-G;HLA-DMA;SLAMF7;MX1;ISG20;PIM1;ZNFX1;RBCK1;STAT4;CD40;PTPN1;SOCS3;FPR1;IL2RB;CXCL10;CXCL9;IFI44L;IFIT3;TAPBP;GCH1;ARID5B;CASP8;GPR18;RSAD2;IFIT2;OASL;JAK2;SAMD9L;CMPK2
R1_GSE51588_Medial_vs_Lateral,HALLMARK_HEME_METABOLISM,-1.74197324743135,191,3.7040352779262e-05,0.000154334803246925,CAT;C3;EZH1;SELENBP1;BTG2;TNS1;GCLC;DAAM1;RCL1;TAL1;ALDH1L1;KHNYN;EPB41;OPTN;ENDOD1;PC;BNIP3L;ATP6V0A1;UCP2;RNF19A;GYPC;RANBP10;KLF3;NFE2L1;LRP10;RBM38;PDZK1IP1;ACSL6;HAGH;FOXO3;MGST3;SIDT2;MXI1;EPOR;XK;TNRC6B;VEZF1;RBM5;NEK7;LPIN2;PICALM;CROCCP2;ERMAP;ADD1;KEL;CTNS;XPO7;RNF123;MAP2K3;NR3C1;FOXJ2;KAT2B;CCND3;PIGQ;SPTA1;PPOX;RHD;USP15;CCDC28A;BLVRB;GAPVD1;TSPAN5;SEC14L1;SLC25A37;BCAM;CAST;RAD23A;EPB42;MKRN1;GCLM;ICAM4;ALAD
R1_GSE51588_Medial_vs_Lateral,HALLMARK_ANGIOGENESIS,2.07782200760389,36,5.18701557091211e-05,0.000199500598881235,S100A4;COL3A1;VCAN;POSTN;LUM;COL5A2;MSX1;KCNJ8;TIMP1;SPP1;FSTL1;ITGAV;APP;SLCO2A1;PDGFA;APOH;VAV2;CXCL6;JAG1
R1_GSE51588_Medial_vs_Lateral,HALLMARK_XENOBIOTIC_METABOLISM,-1.69660592040276,195,9.82228234894151e-05,0.000350795798176483,MAOA;SLC1A5;FAH;CAT;ADH1C;CD36;NQO1;ALDH2;RBP4;TTPA;EPHX1;GCLC;NDRG2;AKR1C3;ACOX1;ABHD6;ETFDH;IDH1;ECH1;VNN1;ABCD2;PC;ACOX2;JUP;DDAH2;SPINT2;ALDH9A1;FMO3;MAN1A1;CES1;CYP4F2;CYB5A;BPHL;POR;IRF8;PDK4;LCAT;HACL1;ETS2;DCXR;RETSAT;MTHFD1;SLC46A3;PGD;GABARAPL1
R1_GSE51588_Medial_vs_Lateral,HALLMARK_BILE_ACID_METABOLISM,-1.77092329343941,111,0.000121968364350377,0.000406561214501258,RXRA;CAT;LIPE;AR;ABCA5;PECR;PEX19;ACSL1;NR3C2;IDH1;ABCA6;PEX11A;ABCA8;ABCD2;OPTN;ACSL5;ABCA3;ALDH9A1;EPHX2;BBOX1;LONP2;ABCA4;HACL1;RETSAT;ISOC1;LCK;RXRG;MLYCD;CH25H;RBP1;BCAR3;ABCA9
R1_GSE51588_Medial_vs_Lateral,HALLMARK_UNFOLDED_PROTEIN_RESPONSE,1.75486297942244,105,0.000434145516891797,0.00135670474028687,PDIA5;FKBP14;KDELR3;SSR1;SRPRB;WIPI1;ALDH18A1;EIF4A1;EXOSC4;YIF1A;ARFGAP1;MTHFD2;EIF4EBP1;EXOSC1;SPCS3;PDIA6;CALR;ATF6;NPM1;LSM1;SEC31A;ERN1;IGFBP1;EIF4E;DKC1;HSP90B1;ATP6V0D1;SLC7A5;ASNS;BANF1;NOP56;HSPA5;SEC11A;SERP1;SLC30A5;EXOSC9;CHAC1;NHP2;HYOU1;DDX10;EIF2AK3;DNAJB9;XPOT;ZBTB17;PSAT1
R1_GSE51588_Medial_vs_Lateral,HALLMARK_DNA_REPAIR,1.6230738849041,139,0.00053062104959189,0.0015606501458585,NME1;RAD51;ITPA;APRT;TYMS;TARBP2;SF3A3;SUPT4H1;SAC3D1;ZWINT;PRIM1;ERCC1;SEC61A1;HPRT1;TAF10;DAD1;POLR2G;POLR2H;RBX1;TMED2;PCNA;POLH;RFC4;IMPDH2;GUK1;PNP;SMAD5;MPG;GTF2H1;GTF2H3;CANT1;ADA;TAF12;FEN1;RPA3;AK1;RAE1;CDA;COX17;DUT;UMPS;GTF2A2;GTF3C5;RFC3;DDB2;NFX1;ERCC8;POLR1D;PDE4B;POLR2J;CCNO;EDF1
R1_GSE51588_Medial_vs_Lateral,HALLMARK_COAGULATION,1.60178913798593,136,0.000860739235115458,0.00239094231976516,PRSS23;F12;BMP1;MMP2;CAPN5;HTRA1;MMP14;SPARC;C1R;TIMP1;MMP11;C2;APOA1;F2;PROS1;CFI;ARF4;PLAU;CFB;PROC;ITGB3;COMP;FYN;FN1;LAMP2;PREP;S100A13;SERPINE1;CD9;ITGA2;C1S;SH2B2;FGA;HRG;ADAM9;TMPRSS6;MMP9;WDR1;DPP4;RABIF;SERPING1;C8B;CTSK;APOC1;PLG;F3
R1_GSE51588_Medial_vs_Lateral,HALLMARK_MYC_TARGETS_V2,1.61768302196278,57,0.00621832788298,0.0163640207446842,BYSL;CBX3;CDK4;SRM;GNL3;SORD;NPM1;PLK1;NOP16;TFB2M;MCM4;IPO4;PLK4;AIMP2;TMEM97;NOP56;PRMT3;MRTO4;GRWD1;MPHOSPH10;SLC19A1;NIP7
R1_GSE51588_Medial_vs_Lateral,HALLMARK_INTERFERON_ALPHA_RESPONSE,-1.54713722181742,92,0.00691935023304455,0.0172983755826114,SLC25A28;BATF2;BST2;CD74;TXNIP;STAT2;GBP4;IL15;NCOA7;IRF1;UBA7;SP110;OGFR;TRIM25;PARP12;TDRD7;CNP;DHX58;ADAR;HLA-C;MX1;ISG20;SELL;CXCL10;IFI44L;IFIT3;CASP8;LPAR6;RSAD2;IFIT2;TMEM140;OASL;SAMD9L;CMPK2;GBP2;OAS1;CSF1;PARP14;GMPR;MOV10;PLSCR1;RNF31;IL7;NUB1;IRF9;TRIM26
R1_GSE51588_Medial_vs_Lateral,HALLMARK_IL2_STAT5_SIGNALING,-1.3988081818727,193,0.012210568536817,0.0290727822305168,ITIH5;LRIG1;CDKN1C;SLC1A5;FAH;BCL2;DHRS3;TNFRSF4;HK2;AHNAK;MAP3K8;GPX4;IRF4;IL10RA;TRAF1;POU2F1;HOPX;SHE;TNFSF10;NRP1;IKZF4;SPRY4;RHOB;CST7;NCOA3;SCN9A;FGL2;GBP4;IRF8;SPRED2;SH3BGRL2;CAPN3;NFKBIZ;PRKCH;GABARAPL1;CD81;CD83;TNFRSF21;EOMES;MAP6;KLF6;DENND5A;IL13;MAFF;SLC2A3;FLT3LG;MXD1;CCND3;TLR7;CD79B;RRAGD;CD48;PIM1;GPR65;MYO1C;HIPK2;LTB;IFNGR1;SELL;IGF1R;IL2RB;ENO3;S100A1;CXCL10
R1_GSE51588_Medial_vs_Lateral,HALLMARK_APICAL_JUNCTION,1.348689493307,192,0.0156092982197594,0.0354756777721804,THY1;DMP1;CERCAM;VCAN;CD276;MPZL1;BMP1;MMP2;CRAT;MDK;TGFBI;PARD6G;COL17A1;CDH6;SHROOM2;CDH15;ACTG2;COL9A1;NRAP;TNFRSF11B;CD86;B4GALT1;CLDN7;PFN1;COL16A1;ALOX15B;ARPC2;SRC;DSC3;ICAM5;CD99;ITGA9;CAP1;ITGA2;MAPK13;DSC1;ATP1A3;TRO;VAV2;ADAM9;LAMC2;MPZL2;NEGR1;LAYN;MMP9;ADAM23;VASP;KRT31;YWHAH;BAIAP2;PTK2;RASA1;MYL12B;EGFR;ACTB;ACTG1;GRB7;PKD1;NF2
R1_GSE51588_Medial_vs_Lateral,HALLMARK_SPERMATOGENESIS,1.38692503826498,131,0.0226475089580929,0.0492337151262888,CDKN3;SCG5;BUB1;CCNB2;KIF2C;CDK1;TTK;RPL39L;GSTM3;SNAP91;EZH2;DBF4;TSN;NAA11;CLPB;GFI1;TNP1;SLC12A2;RFC4;CRISP2;NEFH;AURKA;IDE;ADCYAP1;SLC2A5;PSMG1;DPEP3;TUBA3C;ARL4A;HSPA2;GMCL1;DMRT1;SYCP1;GAPDHS;GRM8;GSG1;TNNI3;NF2;TCP11;CHFR;LDHC;HOXB1;AKAP4;PACRG;ADAD1;HTR5A;MTNR1A;NEK2;DNAJB8;MEP1B
R1_GSE51588_Medial_vs_Lateral,HALLMARK_HYPOXIA,1.2786852483775,191,0.0466715875439414,0.097232474049878,S100A4;TPBG;ADORA2B;TGFB3;P4HA2;CA12;KDELR3;GAPDH;EDN2;TMEM45A;LOX;SRPX;GCK;P4HA1;TGFBI;MIF;SDC2;PDK3;DCN;TES;PAM;PLAUR;SULT2B1;GPC1;TPI1;BGN;PGK1;ENO1;LXN;LDHA;PPFIA4;PFKP;SERPINE1;ERRFI1;NDST2;IGFBP1;HMOX1;HDLBP;SLC6A6
R1_GSE51588_Medial_vs_Lateral,HALLMARK_ALLOGRAFT_REJECTION,-1.27411768695298,195,0.0527383367139959,0.103749814732474,INHBB;CRTAM;TLR1;IRF4;CCL2;TNF;STAB1;ITGAL;GZMB;CD247;CD74;PRKCB;PTPN6;HCLS1;NLRP3;CCL4;IKBKB;CFP;ZAP70;GZMA;NCF4;IRF8;IL15;TLR2;CD96;CCR2;HLA-E;LCK;PRF1;CCL5;KLRD1;IL1B;IL2RG;FASLG;LCP2;PF4;IL13;APBB1;MAP4K1;CD2;HLA-G;FGR;HLA-DMA;ACVR2A;CD28;CD40LG;LYN;CCND3;CD3G;IFNG;LY75;GPR65;CD8A;TAP2;STAT4;LTB;CD40;TRAT1;IFNGR1;IL2RB;HLA-DRA;CXCL9;GCNT1;TAPBP;CCND2;HLA-DOB;MTIF2;JAK2;CXCR3;GBP2;EIF3A;HLA-DMB
R1_GSE51588_Medial_vs_Lateral,HALLMARK_ANDROGEN_RESPONSE,1.32906300695447,97,0.0539499036608863,0.103749814732474,HOMER2;FADS1;ABCC4;PGM3;SEC24D;CENPN;SPCS3;KRT19;ANKH;ITGAV;HPGD;B4GALT1;SORD;HMGCR;SLC26A2;VAPA;CDC14B;LMAN1;LIFR;TMPRSS2;AKT1;IDI1;ALDH1A3;CDK6;ELL2;RPS6KA3;GSR;XRCC5;DNAJB9;RAB4A;NCOA4
R1_GSE51588_Medial_vs_Lateral,HALLMARK_MITOTIC_SPINDLE,1.25107622046218,196,0.064453125,0.117162249515191,BIRC5;NDC80;BUB1;KIF4A;CCNB2;ANLN;KIF2C;PALLD;CDK1;TPX2;TTK;NUSAP1;KIF23;DLGAP5;CENPF;SHROOM2;TIAM1;ARFIP2;KIF11;SAC3D1;KIF15;RACGAP1;PRC1;EZR;ESPL1;LMNB1;PIF1;SMC4;CENPE;MYO1E;TOP2A;RASAL2;PLK1;KPTN;AURKA;UXT;ECT2;KIFAP3
R1_GSE51588_Medial_vs_Lateral,HALLMARK_NOTCH_SIGNALING,-1.42712274295045,32,0.0656108597285068,0.117162249515191,NOTCH1;HES1;DTX1;ARRB1;NOTCH3;DTX2;FZD5;MAML2;DLL1;KAT2A;DTX4
R1_GSE51588_Medial_vs_Lateral,HALLMARK_PANCREAS_BETA_CELLS,1.39516608340377,40,0.0705009276437848,0.120400467598777,SYT13;SRPRB;GCK;PCSK1;ELP4;SEC11A;SRP9;DPP4;PAX4;NKX2-2;IAPP;VDR;NEUROG3;NKX6-1;SRP14
R1_GSE51588_Medial_vs_Lateral,HALLMARK_REACTIVE_OXYGEN_SPECIES_PATHWAY,-1.388746726354,46,0.0722402805592663,0.120400467598777,CAT;MGST1;NQO1;GPX3;GCLC;GPX4;MBP;EGLN2;JUNB;MSRA;G6PD;SCAF4;PDLIM1;HHEX
R1_GSE51588_Medial_vs_Lateral,HALLMARK_PEROXISOME,-1.32681314672479,102,0.0885310335314001,0.140692640692641,CAT;DHRS3;ACSL1;PEX14;ACOX1;IDH1;ECH1;PEX11A;ABCD2;ACSL5;CLN8;ALDH9A1;EPHX2;EHHADH;LONP2;RETSAT;ISOC1;ITGB1BP1;CNBP;RXRG
R1_GSE51588_Medial_vs_Lateral,HALLMARK_UV_RESPONSE_UP,-1.21043113238248,150,0.0905349794238683,0.140692640692641,MAOA;CDKN1C;DGAT1;GRINA;BTG2;GPX3;EPHX1;PRKCD;TYRO3;EIF5;CYB5B;RHOB;FOS;TST;SQSTM1;PRPF3;FOSB;CEBPG;JUNB;HLA-F;IRF1;CXCL2;GLS;ARRB2;CHKA;DNAJB1;CNP;TGFBRAP1;PRKACA;ATF3;TUBA4A;NXF1;NR4A1;OLFM1;ALAS1;RXRB;ACAA1;LYN;CCND3
R1_GSE51588_Medial_vs_Lateral,HALLMARK_ESTROGEN_RESPONSE_LATE,-1.20232871197302,192,0.0967741935483871,0.140692640692641,MAPT;NPY1R;SLC24A3;WFS1;PRKAR2B;BCL2;IMPA2;MEST;ALDH3A2;PDCD4;FLNB;RAPGEFL1;ACOX2;ABCA3;ASS1;SLC22A5;TFF3;PTPN6;NRIP1;FOXC1;FOS;TST;SCARB1;FDFT1;CACNA2D2;PTGER3;SCNN1A;PGR;ZFP36;IGSF1;CAV1;ITPK1;DCXR;TOB1;NCOR2;ST6GALNAC2;HSPB8;KLF4;OLFM1;CDH1;ADD3;CHPT1;CELSR2;TFPI2;FABP5;DHCR7;TPD52L1;PERP;ISG20;LTF
R1_GSE51588_Medial_vs_Lateral,HALLMARK_IL6_JAK_STAT3_SIGNALING,-1.26056966122363,87,0.0976645435244161,0.140692640692641,LEPR;CD36;CNTFR;MAP3K8;EBI3;TNF;CXCL3;STAT2;JUN;TLR2;CSF2RA;IRF1;CSF3R;CD38;TNFRSF21;IL1B;CD14;IL2RG;PF4;GRB2;TYK2;PIM1;LTB;PTPN1;IFNGR1;SOCS3;CXCL10;CXCL9
R1_GSE51588_Medial_vs_Lateral,HALLMARK_PROTEIN_SECRETION,1.25097853046456,95,0.0984848484848485,0.140692640692641,ADAM10;PPT1;SEC24D;PAM;AP2S1;GLA;TMED2;COPB2;LAMP2;ARFGAP3;SEC31A;CD63;LMAN1;AP3S1;TMX1;CLTA;COPB1;SNAP23;KRT18;RPS6KA3;VAMP7;RAB2A;ERGIC3;AP2M1;SEC22B;BET1;ARCN1;EGFR;COPE;DST;ARFIP1;AP3B1;CLN5
R1_GSE51588_Medial_vs_Lateral,HALLMARK_MYOGENESIS,-1.19127767712496,197,0.112016293279022,0.155578185109753,CTF1;MYOM1;CRYAB;ITGA7;DAPK2;CD36;NQO1;VIPR1;ACSL1;NOTCH1;GPX3;AKT2;NCAM1;GNAO1;TAGLN;PC;MRAS;FXYD1;LPIN1;RYR1;CFD;SH3BGR;GSN;FGF2;APOD;SGCG;SH2B1;TPM3;PICK1;MAPRE3;SOD3;PYGM;MYLK;FOXO4;FLII;HSPB8;SPTAN1;MYH3;IGFBP3;SVIL;NAV2;CASQ2;SSPN;CACNA1H;CAV3
R1_GSE51588_Medial_vs_Lateral,HALLMARK_P53_PATHWAY,-1.1738825045385,192,0.122983870967742,0.166194420226678,RXRA;CEBPA;FGF13;PHLDA3;INHBB;NOTCH1;BTG2;EPHX1;TCN2;PTPRE;RHBDF2;MKNK2;STOM;ZBTB16;TSPYL2;TXNIP;POM121;SLC19A2;JUN;FOS;DCXR;RETSAT;FOXO3;TOB1;CD81;RAB40C;RCHY1;WWP1;SESN1;DDIT3;SERTAD3;PPP1R15A;DRAM1;ATF3;KLF4;CCP110;ZFP36L1;SLC3A2;PRKAB1;NUPR1;MXD1;TPD52L1;PERP;EPHA2;CCND3;ERCC5;SP1;PLXNB2;HEXIM1;ITGB4
R1_GSE51588_Medial_vs_Lateral,HALLMARK_INFLAMMATORY_RESPONSE,1.16518168610578,197,0.13894324853229,0.178266178266178,TPBG;INHBA;CD55;ADORA2B;SPHK1;SGMS2;EMP3;LPAR1;PCDH7;MMP14;TIMP1;TNFAIP6;HIF1A;TNFRSF9;HAS2;PLAUR;RIPK2;AHR;OSMR;KCNMB2;NDP;PDPN;ITGB3;ITGA5;CCL7;EDN1;SERPINE1;IL1R1;SLC1A2;CCL24;CLEC5A;IL4R;ATP2A2;BDKRB1;SLC31A2;EREG;NPFFR2
R1_GSE51588_Medial_vs_Lateral,HALLMARK_APICAL_SURFACE,1.28374306586179,43,0.139047619047619,0.178266178266178,THY1;ADAM10;SRPX;LYPD3;SHROOM2;GSTM3;PLAUR;APP;B4GALT1;ATP6V0A4;GAS1;PCSK9
R1_GSE51588_Medial_vs_Lateral,HALLMARK_CHOLESTEROL_HOMEOSTASIS,-1.18153891749789,72,0.165983606557377,0.207479508196721,LSS;ACSS2;PPARG;TM7SF2;FASN;MAL2;LPL;GSTM2;ECH1;FDFT1;ATXN2
R1_GSE51588_Medial_vs_Lateral,HALLMARK_APOPTOSIS,-1.14923163073389,158,0.177914110429448,0.214913551627548,BTG2;GPX3;CREBBP;GPX4;TGFBR3;TNF;PDCD4;CFLAR;PLAT;PLCB2;BCL2L2;BNIP3L;TXNIP;TNFSF10;CYLD;JUN;RHOB;SQSTM1;GSN;TIMP3;RELA;CAV1;RETSAT;PRF1;IRF1;CD38;CD69;IL1B;CDKN1B;DDIT3;CD14;FASLG;MCL1;SPTAN1;ADD1;ATF3;MADD
R1_GSE51588_Medial_vs_Lateral,HALLMARK_KRAS_SIGNALING_UP,-1.12533977295725,193,0.18052738336714,0.214913551627548,SPON1;MMD;CIDEA;RBP4;TRIB1;G0S2;AKT2;DUSP6;IL10RA;PLAT;TRAF1;JUP;IGF2;PLVAP;NRP1;MAP3K1;GYPC;IRF8;SPARCL1;ANGPTL4;APOD;TNFAIP3;CDADC1;F2RL1;NAP1L2;IL33;TRIB2;CSF2RA;MTMR10;HSD11B1;IL1B;GPRC5B;ST6GAL1;IL2RG;IGFBP3;PPP1R15A;DNMBP;KLF4;TFPI;MAP4K1
R1_GSE51588_Medial_vs_Lateral,HALLMARK_TGF_BETA_SIGNALING,-1.1953079809111,54,0.192468619246862,0.223800720054491,CDKN1C;LTBP2;SPTBN1;JUNB;KLF10;SMURF1;TRIM33;NCOR2;NOG;CDK9;PPP1R15A;CDH1;BCAR3;HIPK2;ENG;SMURF2;PPM1A;PMEPA1;LEFTY2
R1_GSE51588_Medial_vs_Lateral,HALLMARK_KRAS_SIGNALING_DN,1.1043779237168,187,0.232741617357002,0.264479110632957,AKR1B10;WNT16;COPZ2;EDN2;ENTPD7;HSD11B2;LYPD3;OXT;TGFB2;NUDT11;SHOX2;RYR2;CKM;FGFR3;RIBC2;SLC29A3;GPRC5C;IGFBP2;TG;EDN1;GPR19;TFCP2L1;ABCG4;SNCB;NTF3;CAMK1D;COL2A1;IL5;CPA2;KLK7;LGALS7;RGS11;IDUA;GDNF;CACNG1;MEFV;PTGFR;TAS2R4;P2RY4;GRID2;PAX4;CYP11B2;EPHA5;MYH7;TSHB
R1_GSE51588_Medial_vs_Lateral,HALLMARK_COMPLEMENT,1.090096376405,194,0.25390625,0.282118055555556,CD55;APOBEC3F;PHEX;ATOX1;MMP14;C1R;TIMP1;C2;F2;PLAUR;PRCP;CFB;CDK5R1;ZEB1;GNGT2;PLA2G4A;PFN1;COL4A2;MMP13;FYN;FN1;SRC;LAMP2;DOCK10;PREP;S100A13;CASP4;SERPINE1;PCSK9;KIF2A;PPP4C;CDH13;DYRK2;C1S;CASP3;CASP5;HPCAL4;GNB4;SPOCK2;ADAM9;TMPRSS6;PLA2G7;PIK3R5;HSPA5;CDA;DPP4;RABIF
R1_GSE51588_Medial_vs_Lateral,HALLMARK_WNT_BETA_CATENIN_SIGNALING,1.13598738591284,42,0.277566539923954,0.301702760786907,HEY1;WNT1;LEF1;FZD1;ADAM17;DKK1;TCF7;HDAC2;HEY2
R1_GSE51588_Medial_vs_Lateral,HALLMARK_UV_RESPONSE_DN,-1.04581916275066,137,0.362903225806452,0.386067261496225,RXRA;PPARG;MGLL;PRKAR2B;CELF2;CAP2;PEX14;TGFBR3;PTPN21;APBB2;RBPMS;NRP1;CITED2;VLDLR;GRK5;DAB2;CAV1;DUSP1;MTA1;CDKN1B;MAP2K5;NEK7;ZMIZ1;ICA1;TGFBR2;TFPI;RASA2;ADD3;PTPRM;NR3C1;ACVR2A;KALRN;DBP
R1_GSE51588_Medial_vs_Lateral,HALLMARK_HEDGEHOG_SIGNALING,1.02351586718375,35,0.439201451905626,0.457501512401694,THY1;HEY1;ACHE;CDK5R1;CRMP1;HEY2;SCG2;PTCH1;CDK6;PLG;RASA1;NRCAM;NKX6-1;GLI1;DPYSL2
R1_GSE51588_Medial_vs_Lateral,HALLMARK_PI3K_AKT_MTOR_SIGNALING,-0.995101005682508,104,0.470468431771894,0.480069828338667,MAPK10;PRKAA2;MKNK2;PRKCB;STAT2;RPTOR;PPP2R1B;SQSTM1;NOD1;DUSP3;LCK;CDKN1B;MKNK1;DDIT3;IL2RG;FASLG;GRB2;PDK1;MAP2K3
R1_GSE51588_Medial_vs_Lateral,HALLMARK_OXIDATIVE_PHOSPHORYLATION,0.982709782120237,183,0.523622047244094,0.523622047244094,MRPS12;BAX;TIMM8B;GLUD1;MRPL15;TOMM22;FXN;NDUFA4;SLC25A6;ATP6V0B;LDHA;GOT2;COX6B1;TIMM17A;ATP6V1F;UQCRH;NDUFB2;UQCRQ;VDAC1;COX8A;MRPS11;MRPL34;ATP6V1D;COX7A2L;ATP6V1G1;NNT;SLC25A5;NDUFA6;NDUFS3;COX7A2;NDUFB7;COX7C;TIMM50;TIMM9;OAT;COX17;TCIRG1;UQCR11;NDUFS6;NDUFB3;ISCA1;UQCRFS1;NDUFB1
R2_GSE51588_OA_vs_Normal,HALLMARK_MYC_TARGETS_V1,-3.82553936053241,192,1.00313612492415e-60,5.01568062462076e-59,HDGF;SRPK1;PA2G4;ODC1;RAN;APEX1;SNRPA1;POLE3;RUVBL2;ILF2;SNRPD1;U2AF1;CANX;HPRT1;FBL;CCT2;PABPC1;C1QBP;EEF1B2;KPNA2;NOP16;SNRPG;PPM1G;NOLC1;GSPT1;UBE2L3;XRCC6;PPIA;DDX21;PCBP1;PSMD8;HSPE1;CYC1;RPL14;NHP2;RPLP0;PGK1;HNRNPC;ACP1;SRM;TCP1;PSMA7;SRSF7;RPS3;MYC;LSM7;EIF3B;EIF3J;BUB3;EIF3D;LDHA;SRSF2;EIF4A1;TUFM;MCM7;SSB;ERH;NOP56;PSMA2;EIF2S2;EXOSC7;RPS6;TFDP1;ORC2;CDK2;HNRNPA3;MCM6;NDUFAB1;GNL3;PSMD14;NPM1;RPL18;PSMC4;HSPD1;COX5A;PSMA6;PSMB3;RPS5;SET;NME1;PSMA1;CCT7;CDK4;SNRPA;RPL22;TRA2B;PSMA4;VBP1;EIF4H;CCT5;SSBP1;RRP9;KPNB1;ETF1;RANBP1;DEK;PHB2;PRPS2;TRIM28;PABPC4;SLC25A3;AIMP2;SRSF3;HNRNPR;POLD2;MCM4;PSMD7;RPL6;GLO1;CCT3;CCNA2;HNRNPU;FAM120A;RPS10;RPS2;RFC4;RAD23B;DHX15;CUL1;RSL1D1;G3BP1;VDAC3;PSMD1;RNPS1;TXNL4A;PSMD3;MCM2;IMPDH2;PCNA;CLNS1A;CDC45;ABCE1;PSMB2;RRM1;SNRPD2;HDAC2;CNBP;COPS5;CCT4;CSTF2;PRDX3;STARD7;GOT2;DDX18;PRPF31;UBA2;MCM5;SERBP1;IFRD1;EIF4E;SNRPD3;HNRNPA1
R2_GSE51588_OA_vs_Normal,HALLMARK_E2F_TARGETS,-3.40468678673988,194,3.14496621998462e-39,7.86241554996156e-38,ANP32E;NUDT21;HMGB2;DDX39A;TUBG1;NASP;SNRPB;LBR;PA2G4;RAN;PRPS1;HMGA1;PAICS;RAD21;SSRP1;KPNA2;CSE1L;UBE2S;MCM3;NOLC1;GSPT1;LMNB1;RFC2;XRCC6;CDKN3;HMGB3;RPA3;E2F8;MTHFD2;SHMT1;MYC;POP7;NUP153;TIPIN;TFRC;CKS1B;SRSF2;SMC4;MCM7;EXOSC8;NOP56;LYAR;TBRG4;ORC2;AURKA;DEPDC1;MCM6;MLH1;POLA2;DNMT1;WEE1;ILF3;DCTPP1;TUBB;RAD51C;MYBL2;NME1;AURKB;CDK4;CCNE1;ATAD2;TRA2B;SPAG5;ASF1B;KIF22;CDCA8;CIT;SUV39H1;RANBP1;KIF2C;DEK;SLBP;CKS2;MXD3;POLD2;MCM4;EZH2;CDC25A;ZW10;AK2;PNN;NAA38;PTTG1;HMMR;CENPE;CDKN2C;UBE2T;CDCA3;MCM2;DLGAP5;PCNA;TIMELESS;CCNB2;CENPM;ORC6;POLE4;SPC24;BUB1B;POLD3;PLK1;MKI67;RRM2;CDK1;TACC3;RACGAP1;MCM5;SMC1A;UBR7;TK1;GINS3;BIRC5;ESPL1;KIF4A;HNRNPD;RAD1;GINS4;TOP2A;NCAPD2;DIAPH3;POLD1;NAP1L1;CHEK1;PHF5A;NUP107;TRIP13;RBBP7;BRCA2;DUT;CCP110;EIF2S1;TMPO;SMC3;CDKN1A;POLE;USP1;MAD2L1;PLK4;UNG
R2_GSE51588_OA_vs_Normal,HALLMARK_HEME_METABOLISM,-3.25223626815212,191,4.07632301799933e-34,5.89830672104639e-33,HDGF;SLC22A4;GYPC;GMPS;RCL1;RAD23A;SLC2A1;SLC25A37;MXI1;CCND3;TFDP2;NFE2;BNIP3L;GLRX5;SLC4A1;GYPA;CA1;ADIPOR1;HMBS;GCLC;CA2;PSMD9;SNCA;MAP2K3;DCAF10;FBXO9;FBXO7;ALAS2;DCAF11;NARF;SLC6A8;RHAG;SEC14L1;XK;ISCA1;GATA1;MKRN1;GAPVD1;MPP1;AHSP;RBM38;USP15;PRDX2;TFRC;MOSPD1;MYL4;HAGH;ABCB6;EPB42;HBQ1;HTRA2;YPEL5;SLC25A38;MINPP1;PDZK1IP1;EIF2AK1;RIOK3;KLF1;E2F2;OSBP2;BSG;TRIM58;DCUN1D1;HBD;CLIC2;ADD2;DAAM1;BLVRA;ELL2;BLVRB;ANK1;BPGM;AGPAT4;RHD;KEL;RNF123;RANBP10;CPOX;UROS;MARK3;ACSL6;CAT;ICAM4;FBXO34;XPO7;CTSE;PIGQ;TRIM10;RNF19A;UROD;ALDH1L1;GYPB;TSPO2;SPTA1;RHCE;TOP1;UBAC1;TAL1;HBB;FOXO3;BACH1;EPOR;HTATIP2;LPIN2
R2_GSE51588_OA_vs_Normal,HALLMARK_MTORC1_SIGNALING,-3.24682074456521,193,4.71864537683711e-34,5.89830672104639e-33,SLA;SLC7A5;GLRX;DDX39A;UBE2D3;GMPS;PNP;TUBG1;DHCR7;CXCR4;SLC2A1;TUBA4A;XBP1;PSMD12;NFIL3;ARPC5L;PDK1;ELOVL5;CANX;HPRT1;HSPA4;ENO1;GAPDH;HMBS;ADIPOR2;GCLC;MAP2K3;GSR;CFP;TMEM97;SDF2L1;NFKBIB;PPIA;HSPA9;CORO1A;TPI1;HSPE1;ELOVL6;G6PD;PGK1;STIP1;CCT6A;PNO1;SLC1A5;MTHFD2;ALDOA;LDHA;TFRC;ABCF2;PPA1;HSP90B1;DDIT4;EIF2S2;PGM1;GPI;ACTR3;AURKA;INSIG1;TRIB3;PSMD14;ACLY;PSMC4;HSPD1;PSMA3;NAMPT;GBE1;PSME3;TOMM40;PSMA4;RRP9;GLA;ETF1;RPN1;MTHFD2L;EEF1E1;HSPA5;STC1;SERP1;EDEM1;MCM4;CDC25A;PSAT1;CTH;SHMT2;AK4;PSMD13;PSMC2;MCM2;RAB1A;COPS5;LDLR;ITGB2;SEC11A;PLK1;RRM2;SLC2A3;BUB1;PSMG1;PSMB5;DDIT3;IFRD1;IDI1;IFI30;ACACA;M6PR;SORD;EGLN3;CCNF;PRDX1;PSMC6;CCNG1;PPP1R15A;HK2;ASNS;SCD;PDAP1;CTSC;EBP;CALR;PSPH;FKBP2;FGL2;PFKL;ACTR2;TM7SF2;YKT6;NUFIP1;SLC37A4;CDKN1A;DAPP1
R2_GSE51588_OA_vs_Normal,HALLMARK_OXIDATIVE_PHOSPHORYLATION,-3.22312459546958,183,1.26087881186312e-32,1.26087881186312e-31,GRPEL1;UQCRFS1;SLC25A5;ALAS1;IDH2;HCCS;TOMM22;MFN2;CS;FXN;LDHB;HSPA9;CYC1;MRPS15;MRPS12;ISCA1;COX8A;NDUFV2;TIMM50;PDHA1;LDHA;UQCRH;COX7B;PDK4;ABCB7;MDH2;HTRA2;GPI;MRPL11;HSD17B10;CYB5A;NDUFS2;NDUFAB1;ETFA;NDUFA7;TIMM17A;NDUFS6;TIMM10;NDUFA6;SDHB;MRPS22;COX5A;SUCLG1;AIFM1;FH;COX6A1;COX5B;COX7A2;NDUFS1;POR;IDH3B;VDAC2;NDUFA2;ATP6V0C;NDUFB8;COX6B1;PDHX;BAX;AFG3L2;COX7A2L;TIMM9;PHB2;DLAT;LRPPRC;COX4I1;SLC25A3;COX7C;UQCRC2;BCKDHA;IDH3G;MRPL15;NDUFB6;ECHS1;ACAA2;COX10;ATP6V0E1;VDAC3;HADHA;IDH3A;COX17;ACO2;NDUFB4;DLST;ECI1;MRPS11;UQCR11;NDUFS3;OAT;NDUFA3;HADHB;ECH1;ATP6V1E1;NDUFC1;ATP6V0B;PRDX3;OXA1L;NDUFS7;COX6C;GOT2;UQCRC1;NDUFS8;SLC25A4;TIMM8B;UQCR10;NDUFA1;UQCRQ;COX11;ACAT1;NDUFB3;SLC25A6;SDHA;DLD;GPX4
R2_GSE51588_OA_vs_Normal,HALLMARK_G2M_CHECKPOINT,-3.0867353955128,189,4.53528572482779e-29,3.77940477068983e-28,NUP98;SLC7A5;DDX39A;NASP;LBR;SAP30;ODC1;UCK2;MAPK14;SNRPD1;HMGA1;RAD21;KPNA2;SLC7A1;UBE2S;CDC7;MCM3;NOLC1;GSPT1;LMNB1;CDKN3;PAFAH1B1;HMGB3;DKC1;AMD1;MYC;E2F4;BUB3;CKS1B;SRSF2;SMC4;TFDP1;NCL;AURKA;ODF2;HIRA;MCM6;POLA2;ILF3;E2F2;MT2A;WRN;MYBL2;INCENP;PRC1;TROAP;AURKB;PTTG3P;CDK4;TRA2B;NUP50;KIF22;FBXO5;KPNB1;SUV39H1;KIF2C;CKS2;BCL3;DBF4;KIF11;EZH2;CDC25A;SFPQ;PRMT5;CCNA2;HNRNPU;UBE2C;TPX2;PTTG1;RAD23B;STIL;HMMR;CENPE;CUL1;G3BP1;POLQ;CDKN2C;TOP1;MCM2;SRSF10;CDC45;CCNB2;ABL1;DR1;KIF15;ORC6;CHMP1A;CENPA;HMGN2;EXO1;PLK1;MKI67;LIG3;BUB1;CDK1;ATF5;CHAF1A;TACC3;RACGAP1;MCM5;NUSAP1;SMC1A;BIRC5;RAD54L;ESPL1;KIF4A;HNRNPD;CENPF;TTK;CDC27;TOP2A;CCNF;DMD;CHEK1;E2F3
R2_GSE51588_OA_vs_Normal,HALLMARK_MYC_TARGETS_V2,-3.17782068248125,57,2.74780576868038e-19,1.96271840620027e-18,RCL1;PA2G4;FARSA;IMP4;NOP16;NOLC1;TMEM97;HSPE1;RRP12;SRM;EXOSC5;NOC4L;BYSL;MYC;WDR43;NOP56;TBRG4;IPO4;GNL3;NPM1;DCTPP1;HSPD1;PUS1;SLC19A1;WDR74;CDK4;NOP2;RRP9;AIMP2;MRTO4;GRWD1;PRMT3;MCM4;NDUFAF4;PPRC1;PPAN;LAS1L;PES1;PLK1;DDX18;MCM5;MYBBP1A
R2_GSE51588_OA_vs_Normal,HALLMARK_ADIPOGENESIS,-2.64503552170071,188,3.44360880449931e-18,2.15225550281207e-17,TKT;LPCAT3;GADD45A;DHCR7;DDT;ORM1;GRPEL1;PLIN2;TALDO1;STOM;RETN;ADIPOR2;CS;AGPAT3;PFKFB3;CYC1;ELOVL6;ATP1B3;GPX3;SLC1A5;ALDOA;ESRRA;COX8A;UBC;JAGN1;PPP1R15B;COX7B;MDH2;ANGPTL4;PGM1;CHCHD10;CHUK;NDUFAB1;RIOK3;ACLY;CD302;GHITM;SDHB;SLC25A1;SUCLG1;AIFM1;COX6A1;SLC19A1;STAT5A;TST;POR;GPD2;GBE1;DNAJB9;FAH;CAT;DLAT;CIDEA;SOD1;SLC25A10;BCKDHA;PPARG;IDH3G;MRPL15;AK2;ECHS1;UBQLN1;ACAA2;LEP;FABP4;RTN3;PEMT;IDH3A;ACO2;CDKN2C;ARL4A;IFNGR1;UQCR11;ACADS;ADIPOQ;NDUFS3;ECH1;RNF11;PRDX3;MRAP;TOB1;ACADL;UQCRC1;SLC5A6;UQCR10;UQCRQ;LPL;DLD;GPX4;APLP2;BCL6;UCP2;G3BP2
R2_GSE51588_OA_vs_Normal,HALLMARK_UNFOLDED_PROTEIN_RESPONSE,-2.79553448395837,105,2.24540881939569e-15,1.24744934410872e-14,SLC7A5;XBP1;NOLC1;EIF4EBP1;HERPUD1;SPCS3;HSPA9;EIF4A3;NHP2;DKC1;EXOSC5;MTHFD2;EXOSC4;CKS1B;EIF4A1;HSP90B1;RPS14;DDIT4;NOP56;CEBPB;ATF6;NPM1;GEMIN4;EEF2;EIF4G1;DNAJB9;EXOSC9;RRP9;LSM1;LSM4;DNAJA4;WIPI1;HSPA5;SPCS1;SERP1;EDEM1;PSAT1;POP4;NOP14;SRPRB;ATP6V0D1;TUBB2A;FUS;SEC11A;EXOSC2;IMP3;EIF4E;EXOSC1;CNOT6;PDIA6;DCP2;ATF4;VEGFA;TATDN2;HYOU1;DCP1A;ASNS;DNAJC3;PAIP1;CALR;PREB
R2_GSE51588_OA_vs_Normal,HALLMARK_HYPOXIA,-2.25393854967819,191,2.15762430346294e-11,1.07881215173147e-10,SLC2A5;SIAH2;GLRX;ISG20;NDST2;GYS1;CXCR4;HMOX1;SLC2A1;SAP30;TGM2;MXI1;NFIL3;BNIP3L;PLIN2;PDK1;PIM1;IRS2;ENO1;GAPDH;ADM;PLAC8;JMJD6;PFKFB3;TPI1;HK1;PGK1;ALDOA;LDHA;DDIT4;ANGPTL4;MIF;PGM1;GPI;RRAGD;MT2A;MT1E;SLC25A1;SDC4;TNFAIP3;EFNA3;GBE1;IGFBP3;PLAUR;F3;LALBA;HSPA5;STC1;MAFF;TIPARP;GRHPR;AK4;FAM162A;XPNPEP1;ERRFI1;AMPD3;KLF6;PRDX5;BTG1;PGM2;FOXO3;FBP1;CITED2;PKLR;SLC2A3;NDRG1;DDIT3;PCK1;FOSL2
R2_GSE51588_OA_vs_Normal,HALLMARK_EPITHELIAL_MESENCHYMAL_TRANSITION,2.14084853503209,195,3.22085578109568e-10,1.35376634787976e-09,DPYSL3;FZD8;SLIT2;FBN1;NID2;MYLK;MATN2;EFEMP2;PDGFRB;THY1;WNT5A;CDH6;COL3A1;FAP;LUM;ECM2;OXTR;BGN;HTRA1;LRRC15;CADM1;DAB2;SFRP4;NT5E;PMEPA1;COL5A2;MXRA5;TPM1;SPOCK1;COL6A2;COL8A2;SGCD;CDH2;SERPINE2;MMP2;SGCB;FN1;COL7A1;PCOLCE;COL1A2;CTHRC1;COL1A1;ADAM12;COL12A1;IL15;ACTA2;SPARC;SGCG;COL11A1;ITGA2;MMP14;LOXL2;LAMC1;SLIT3;CAP2;PRRX1;ECM1;EDIL3;LOX;CRLF1;MGP;SERPINH1;COL5A1;LOXL1;COMP;COL6A3;TGFB1;CXCL12;LRP1;COL5A3;SPP1;ITGAV;FMOD;CDH11;FBLN2;ITGB5;MMP1;SNAI2;APLP1;TNFRSF11B;GJA1;MFAP5;ELN;PFN2;FERMT2;ABI3BP;PLOD2;EMP3;IL32;CALD1
R2_GSE51588_OA_vs_Normal,HALLMARK_REACTIVE_OXYGEN_SPECIES_PATHWAY,-2.6876260841499,46,3.24903923491142e-10,1.35376634787976e-09,GLRX;PRDX6;SOD2;MPO;GCLC;GSR;G6PD;GPX3;SRXN1;CDKN2D;MSRA;FES;PRDX2;TXN;NDUFS2;NDUFA6;CAT;SOD1;MGST1;OXSR1;SBNO2;FTL;IPCEF1;NDUFB4;PDLIM1;GLRX2;HMOX2;MBP;GPX4;ATOX1;PRDX1;PRNP
R2_GSE51588_OA_vs_Normal,HALLMARK_XENOBIOTIC_METABOLISM,-2.11559461951077,195,7.34548182869173e-10,2.82518531872759e-09,PGD;ARG1;DDT;HMOX1;AQP9;ALAS1;CDA;ELOVL5;HPRT1;GCLC;CA2;GSR;TMEM97;GART;ACP1;GSTO1;UPP1;SLC1A5;TMBIM6;AHCY;DCXR;MTHFD1;GCH1;IRF8;PDK4;CYB5A;GABARAPL1;MT2A;KYNU;ARG2;ARPP19;POR;HES6;BLVRB;FAH;MCCC2;CAT;SLC35B1;SPINT2;ADH1C;DHPS;MAN1A1;LONP1;SHMT2;ANGPTL3;AKR1C3;CROT;SAR1B;RBP4;PEMT;TNFRSF1A;ACO2;ETS2;ECH1;FABP1;F11;FBP1;LPIN2
R2_GSE51588_OA_vs_Normal,HALLMARK_FATTY_ACID_METABOLISM,-2.21312416613709,154,9.81641884491849e-10,3.50586387318518e-09,PRDX6;GLUL;ODC1;APEX1;ELOVL5;HCCS;GCDH;ADIPOR2;CA2;ADSL;FASN;ALDOA;NSDHL;PDHA1;LDHA;HSD17B11;ACSL1;MDH2;MIF;HSD17B10;GABARAPL1;SUCLG1;FH;ACSL5;IDH3B;BLVRA;GPD2;HSPH1;YWHAH;CPOX;UROS;ADH1C;CIDEA;IDH3G;ACAT2;CA4;ECHS1;PCBD1;UROD;GRHPR;ACAA2;HSD17B4;GAD2;ACO2;DLST;SMS;ECI1;NCAPH2;ACADS;HADHB;ECH1;RAP1GDS1;FABP1;ACADL;METAP1;GPD1;IDI1;PSME1;ACSL4;SDHA;DLD;ALDH9A1;MAOA;AOC3;ALAD;HSP90AA1;AUH
R2_GSE51588_OA_vs_Normal,HALLMARK_UV_RESPONSE_UP,-2.21036441429097,150,1.31291980133409e-09,4.37639933778029e-09,PPIF;BID;HMOX1;TUBA4A;SOD2;RAB27A;GRPEL1;CCND3;POLE3;ALAS1;FEN1;CA2;LYN;DDX21;ARRB2;FKBP4;GPX3;STIP1;AP2S1;BTG3;AMD1;SLC6A8;TMBIM6;ALDOA;TFRC;GCH1;GRINA;APOM;CDK2;CDC34;BSG;TST;FURIN;CCNE1;RPN1;KCNH2;SIGMAR1;HSPA13;E2F5;HNRNPU;UROD;RFC4;PSMC3;CREG1;RHOB;BTG1;NFKBIA;PRKACA;SLC25A4;PPAT;GGH;BCL2L11;PRKCD;CLTB;TGFBRAP1;MAOA;POLR2H;ATP6V1F;MRPL23;ASNS;PDAP1
R2_GSE51588_OA_vs_Normal,HALLMARK_TNFA_SIGNALING_VIA_NFKB,-2.09832647933013,196,3.16131515715493e-09,9.87910986610915e-09,MXD1;GADD45A;TLR2;BCL2A1;SOD2;NFIL3;IRS2;PTX3;MAP3K8;MAP2K3;AREG;PFKFB3;BTG3;MYC;PDE4B;B4GALT5;GCH1;TNFAIP8;SERPINB2;CEBPB;CFLAR;SERPINB8;TNIP1;SAT1;KYNU;SDC4;B4GALT1;STAT5A;TNFAIP3;NAMPT;EIF1;CCL20;NR4A3;PLAUR;F3;GPR183;DRAM1;KLF9;DUSP4;BCL3;MAFF;SIK1;TIPARP;FUT4;TNIP2;GADD45B;SPSB1;PER1;KLF6;REL;TRIB1;CCRL2;YRDC;SLC16A6;CEBPD;ETS2;RCAN1;CXCL3;RHOB;NFKB1;BTG1;TUBB2A;IFNGR2;PLEK;LDLR;NFKBIA;RELB;SLC2A3;ZC3H12A;FOSL2;DUSP1;NINJ1;CXCL1;IL7R;BCL6;RELA
R2_GSE51588_OA_vs_Normal,HALLMARK_DNA_REPAIR,-2.18919221366316,139,7.68218228439785e-09,2.25946537776407e-08,NUDT21;HCLS1;PNP;CDA;HPRT1;TAF9;SSRP1;FEN1;RFC2;ADA;SF3A3;TAF10;RPA3;POLR1D;PDE4B;POLR3C;DGUOK;POLA2;POLR2I;NME1;EIF1B;POLR2J;RAE1;BCAP31;APRT;POLR1C;RBX1;ADRM1;ERCC1;ARL6IP1;STX3;RFC4;RFC5;TSG101;COX17;POM121;IMPDH2;PCNA;DCTN4;GTF2A2;ZWINT;UMPS;POLE4;POLD3;SDCBP;AK3;SUPT4H1;EDF1;CLP1;GUK1;VPS37B;GPX4;NME4;POLA1;TAF12;GTF2F1;RAD51;POLD1;PRIM1;PDE6G;POLR2H;REV3L;DUT;TYMS;POLD4;MRPL40;GTF2B;SUPT5H;SNAPC5;MPG;NUDT9;NCBP2;NT5C;POLR2K;RPA2;LIG1
R2_GSE51588_OA_vs_Normal,HALLMARK_GLYCOLYSIS,-2.03132082838527,196,2.29158000060964e-08,6.36550000169345e-08,GLRX;ISG20;NASP;GYS1;CXCR4;SAP30;MXI1;PRPS1;IRS2;TALDO1;ENO1;PYGL;GCLC;PPIA;TPI1;NDUFV3;FKBP4;G6PD;PGK1;ALDOA;NSDHL;PGAM1;LDHA;GMPPB;DDIT4;TXN;MDH2;ABCB6;ANGPTL4;MIF;RRAGD;CYB5A;AURKA;GYS2;DEPDC1;PSMC4;ARPP19;PKP2;B4GALT1;ME2;EFNA3;IGFBP3;POLR3K;HSPA5;STC1;SPAG4;SOD1;SLC25A10;CTH;QSOX1;AK4;HMMR;FAM162A;HAX1;GFPT1;CLN6;PGM2;MED24;CENPA;GOT2;PAXIP1;CITED2;AK3;CDK1;COPB2;UGP2;MPI;DLD;GALE;ALDH9A1;EGLN3;SLC16A3;VEGFA;PMM2;PDK3;HK2;VCAN;B4GALT7;LHPP;GNE;SDHC;ANG;SLC37A4;ECD;CASP6
R2_GSE51588_OA_vs_Normal,HALLMARK_PI3K_AKT_MTOR_SIGNALING,-2.22373971369835,104,5.71906314360577e-08,1.50501661673836e-07,SLA;UBE2D3;CXCR4;SLC2A1;PDK1;PTEN;MAP2K3;NFKBIB;PTPN11;MKNK2;PFN1;HSP90B1;MAPK1;ACTR3;CDK2;TRIB3;CFL1;IL4;PPP2R1B;PRKCB;CSNK2B;CDK4;ARHGDIA;ARPC3;GRB2;AKT1;IL2RG;ARF1;MAPKAP1;TNFRSF1A;MAP2K6;PPP1CA;GNGT1;MYD88;AP2M1;RAF1;CDK1;DDIT3;UBE2N;EIF4E;ECSIT;RPS6KA1;ACACA;IRAK4;PRKAG1;CALR;CAB39;YWHAB;ACTR2;E2F1;CDKN1A;DAPP1
R2_GSE51588_OA_vs_Normal,HALLMARK_MYOGENESIS,1.81293673005176,197,3.60205825406481e-06,9.00514563516202e-06,EFS;SSPN;EPHB3;APLNR;COL15A1;MYLK;HDAC5;MYOM2;COL3A1;RYR1;MEF2A;PGAM2;DMPK;AKT2;HSPB2;AGRN;ITGB4;ADCY9;SPTAN1;COL6A2;PTGIS;MYL3;LSP1;REEP1;SGCD;TNNT3;ENO3;MYOM1;CACNA1H;SH3BGR;CDH13;COL1A1;ADAM12;ANKRD2;PDE4DIP;SPARC;SGCG;MYL6B;AEBP1;GNAO1;MYOZ1;ABLIM1;COL6A3;TGFB1;MEF2C;KIFC3;TNNC1;OCEL1;NCAM1;SH2B1;CKMT2;BDKRB2;MYH1;CAV3;TNNI2;ITGB5;TSC2;TNNC2
R2_GSE51588_OA_vs_Normal,HALLMARK_IL2_STAT5_SIGNALING,-1.80004427091654,193,5.59413424821972e-06,1.3319367257666e-05,IL1R2;MXD1;PNP;XBP1;ODC1;TGM2;CCND3;NFIL3;GLIPR2;UCK2;PLIN2;CST7;PIM1;SYNGR2;PTRH2;CA2;MAP3K8;GSTO1;DHRS3;SLC1A5;RHOH;AHCY;MYC;GATA1;PTGER2;BCL2L1;CD79B;IRF8;MAPKAPK2;DCPS;BATF;RRAGD;GABARAPL1;RNH1;PUS1;FURIN;CCNE1;NOP2;FAH;PLSCR1;SOCS2;IL1RL1;IL18R1;MAFF;CD48;GADD45B;CDC42SE2;KLF6;ARL4A;IFNGR1;SELL;CISH;RHOB
R2_GSE51588_OA_vs_Normal,HALLMARK_UV_RESPONSE_DN,1.88881043734308,137,7.054683070185e-06,1.60333706140568e-05,ID1;PDGFRB;COL3A1;PTPN21;MMP16;ATP2B1;MAP1B;SMAD3;CACNA1A;DAB2;DBP;ARHGEF9;COL5A2;SYNJ2;PRKCA;VAV2;TJP1;LPAR1;ACVR2A;PIAS3;COL1A2;SMAD7;COL1A1;PLCB4;PRKCE;NR3C1;CDON;COL11A1;ATRN;LAMC1;CAP2;CDC42BPA;SDC2;INPP4B;NRP1;LTBP1;DLC1;BMPR1A;NR1D2;FZD2;KIT;IRS1;FHL2;ATXN1;NEK7;APBB2;ANXA2;IGFBP5;EFEMP1;SIPA1L1;AMPH;IGF1R;SNAI2;MAP2K5;GJA1;SPOP;KALRN;ATP2B4;ATRX
R2_GSE51588_OA_vs_Normal,HALLMARK_ANDROGEN_RESPONSE,-1.97638088236943,97,1.40779384156802e-05,3.06042139471308e-05,PTK2B;PA2G4;CCND3;NGLY1;ELOVL5;XRCC5;GSR;XRCC6;SPCS3;CENPN;RRP12;UBE2J1;TNFAIP8;MAP7;FKBP5;STK39;SAT1;INSIG1;TARP;B4GALT1;ARID5B;ELL2;DNAJB9;AZGP1;ADRM1;UAP1;AKT1;PIAS1;VAPA;ADAMTS1;SMS;IQGAP2;HERC3;ACTN1;NDRG1;GNAI3;IDI1;MYL12A;SORD;ABHD2;SRF
R2_GSE51588_OA_vs_Normal,HALLMARK_IL6_JAK_STAT3_SIGNALING,-1.95584540477248,87,1.66862573388794e-05,3.47630361226654e-05,IL1R2;IL17RA;TLR2;HMOX1;PF4;PIM1;CSF3R;MAP3K8;CD38;CSF2RA;PTPN11;DNTT;PTPN1;STAT3;PTPN2;IL18R1;GRB2;IL2RG;HAX1;EBI3;TNFRSF1A;IFNGR1;CXCL3;ITGA4;IFNGR2;CCR1;MYD88
R2_GSE51588_OA_vs_Normal,HALLMARK_SPERMATOGENESIS,-1.78756963642475,131,5.78335387224732e-05,0.000115667077444946,SLC2A5;CLPB;AGFG1;TLE4;TALDO1;CLGN;GFI1;CDKN3;HSPA4L;PIAS2;CCNA1;MAP7;TUBA3C;AURKA;KIF2C;TOPBP1;NF2;DBF4;ALOX15;EZH2;CCT6B;RFC4;PGS1;VDAC3;OAZ3;ARL4A;STRBP;CCNB2;NAA11;POMC;ADAM2;TSN;ODF1;BUB1;PSMG1;CHFR;CDK1;MTOR;ACRBP
R2_GSE51588_OA_vs_Normal,HALLMARK_ESTROGEN_RESPONSE_LATE,-1.63840725101079,192,0.000117407635943684,0.000225783915276315,SIAH2;SLC7A5;PPIF;BAG1;ISG20;S100A9;DHCR7;CHPT1;XBP1;IDH2;ELOVL5;HPRT1;CA2;SLC27A2;AREG;FDFT1;RBBP8;FKBP4;BTG3;HSPA4L;DCXR;MYB;LTF;CCNA1;PRKAR2B;NXT1;FKBP5;PTPN6;BATF;IMPA2;TST;JAK2;CDH1;BLVRB;ASS1;GLA;MEST
R2_GSE51588_OA_vs_Normal,HALLMARK_INFLAMMATORY_RESPONSE,-1.57971732588444,197,0.000246929780074858,0.000454153739058225,FPR1;C5AR1;MXD1;RNF144B;TLR2;EREG;AQP9;PROK2;RHOG;P2RY2;CSF3R;SLC7A1;ADM;LYN;IL18RAP;NOD2;MYC;PTGER2;PDE4B;GCH1;CLEC5A;GNA15;CD82;OSM;SLC31A2;NAMPT;CCL20;PLAUR;F3;ADRM1;GPR183;PTAFR;ICAM4;NLRP3;IL18R1;RGS1;GPR132;CD48;LCP2;TLR1;SLC31A1;EBI3;KLF6;CCRL2;SELL;NFKB1;IRAK2;IFNGR2
R2_GSE51588_OA_vs_Normal,HALLMARK_HEDGEHOG_SIGNALING,1.93494644255431,35,0.00026126655955514,0.000454153739058225,GLI1;HEY2;THY1;PTCH1;OPHN1;HEY1;AMOT;UNC5C;NRP1;NF1;CRMP1;RASA1;CDK5R1;DPYSL2;NRP2
R2_GSE51588_OA_vs_Normal,HALLMARK_P53_PATHWAY,-1.59899650343735,192,0.00026340916865377,0.000454153739058225,MXD1;GADD45A;HMOX1;MAPKAPK3;CCND3;STOM;SLC19A2;IRAK1;ALOX15B;LDHB;ADA;MKNK2;UPP1;HSPA4L;DCXR;HINT1;RRP8;RHBDF2;DDIT4;SAT1;TRIB3;CD82;RPL36;RPL18;PITPNC1;RAD51C;BLCAP;BAX;SLC3A2;DRAM1;SESN1;RPS12;FAM162A;AEN;FGF13;POM121;TPRKB;PCNA;EI24;PRKAB1;DNTTIP2;BTG1;FOXO3;PERP;TOB1;INHBB;NDRG1;VAMP8;DDIT3;IFI30;NINJ1;DGKA;PVT1;TRAFD1;TRIAP1
R2_GSE51588_OA_vs_Normal,HALLMARK_ALLOGRAFT_REJECTION,-1.5828060617179,195,0.000391400891459245,0.000652334819098742,SRGN;HCLS1;FGR;TLR2;EREG;CCND3;PF4;ELANE;UBE2D1;RPL39;LYN;CFP;RPS19;IFNAR2;IL18RAP;EIF3A;EIF3J;EIF5A;EIF3D;IRF8;ELF4;PTPN6;NCF4;NPM1;RPS9;IL4;NME1;PRKCB;JAK2;RPL9;NLRP3;BCL3;AKT1;IL2RG;MRPL3;LCP2;TLR1;KRT1;IFNGR1;DEGS1;ABCE1;HLA-E;RPS3A;IFNGR2
R2_GSE51588_OA_vs_Normal,HALLMARK_ESTROGEN_RESPONSE_EARLY,-1.52188145900693,192,0.000797040429732521,0.00128554908021374,SIAH2;SLC7A5;PPIF;BAG1;UGCG;DHCR7;SLC2A1;CHPT1;XBP1;TGM2;ELOVL5;P2RY2;SLC19A2;SLC27A2;AREG;FDFT1;RBBP8;TTC39A;FKBP4;RRP12;FASN;DHRS3;MYC;MYB;GAB2;NXT1;FKBP5;SYNGR1
R2_GSE51588_OA_vs_Normal,HALLMARK_INTERFERON_ALPHA_RESPONSE,1.65704954473686,92,0.00126936467572527,0.00198338230582073,CXCL11;IFIT2;RTP4;DHX58;HERC6;SAMD9L;IFIT3;IFIH1;IFI44L;LAMP3;IFI44;STAT2;UBA7;ISG15;IL15;DDX60;C1S;TRIM25;MOV10;EPSTI1;IFI27;PARP14;BATF2;IL7;IRF9;GBP4;LPAR6;OAS1;TRIM5;CXCL10;RSAD2;SAMD9;IFI35;USP18;EIF2AK2;TMEM140;IRF7
R2_GSE51588_OA_vs_Normal,HALLMARK_APOPTOSIS,-1.48992688834555,158,0.00227432756146541,0.00334947512757422,HMGB2;ISG20;GADD45A;BID;HMOX1;EREG;SOD2;BNIP3L;CD38;GSR;GPX3;DAP3;BTG3;BCL2L1;CCNA1;GCH1;CFLAR;SAT1;CDK2;GNA15;WEE1;TSPO;VDAC2;BCAP31;BAX;ETF1;SOD1;LGALS3;CTH;GADD45B;GPX1;DNM1L
R2_GSE51588_OA_vs_Normal,HALLMARK_APICAL_JUNCTION,1.53420309989761,192,0.00227764308675047,0.00334947512757422,SLIT2;FBN1;CD34;TRAF1;THY1;EPB41L2;CDH6;LAMB3;TMEM8B;AKT2;ITGA3;ITGB4;PARD6G;CD276;AMIGO2;CNTN1;VAV2;TJP1;MMP2;LAYN;TSC1;SHROOM2;CX3CL1;CERCAM;EVL;MDK;NFASC;ITGA2;RRAS;MYH10;NF1;RSU1;FSCN1;TRO;RASA1;LDLRAP1;NRAP;TSPAN4;IRS1;ADAMTS5;CDH15;ADRA1B;NLGN2;MMP9;CADM2;COL9A1;EXOC4;ARHGEF6;NRXN2;CDH11;LIMA1;SGCE;GAMT
R2_GSE51588_OA_vs_Normal,HALLMARK_WNT_BETA_CATENIN_SIGNALING,1.74282935500822,42,0.00295318837561575,0.00421884053659393,FZD8;HEY2;HDAC5;PTCH1;FZD1;JAG2;WNT1;HEY1;TCF7;KAT2A;AXIN2;HDAC11;NOTCH4;WNT6
R2_GSE51588_OA_vs_Normal,HALLMARK_CHOLESTEROL_HOMEOSTASIS,-1.66446681539268,72,0.00321301871075397,0.00446252598715829,DHCR7;NFIL3;TMEM97;ADH4;FDFT1;FASN;NSDHL;TRIB3;PLAUR;PLSCR1;LGALS3;FBXO6;ACSS2;PPARG;ACAT2;ERRFI1;FABP5;ECH1;CBS;LDLR;ATF5;IDI1;LPL;PDK3;SCD;EBP;TM7SF2;STX5;FDPS;PCYT2;ACTG1;ATF3;CXCL16;SREBF2;CYP51A1;ANTXR2;ALDOC;CHKA
R2_GSE51588_OA_vs_Normal,HALLMARK_PEROXISOME,-1.523005918223,102,0.00461857755994948,0.00624132102695875,SOD2;IDH2;ELOVL5;PABPC1;SLC27A2;DHRS3;SLC25A19;HSD17B11;ACSL1;TSPO;ACSL5;ALB;YWHAH;TTR;ERCC1;CAT;SOD1;CDK7;HSD17B4;NUDT19;PRDX5;CLN6;CNBP;ECH1;PEX13;SLC25A4;IDI1;ACSL4;NR1I2;PEX11A;TOP2A;ALDH9A1;PRDX1;FIS1;IDE;PEX14;PEX5;ABCD1;ISOC1;FDPS;GNPAT;DHCR24;ACAA1;SCGB1A1;HRAS;HSD11B2;ALDH1A1;MLYCD;FADS1
R2_GSE51588_OA_vs_Normal,HALLMARK_KRAS_SIGNALING_DN,1.43506942571804,187,0.00756817431611238,0.00995812410014787,GPRC5C;RGS11;ABCG4;SHOX2;CYP39A1;RYR1;FGFR3;COL2A1;LYPD3;ATP6V1B1;SLC25A23;CAMK1D;COPZ2;ADRA2C;CELSR2;MYO15A;NRIP2;IFI44L;MFSD6;PDK2;YPEL1;FGGY;AKR1B10;LGALS7;TGM1;C5;IDUA;SKIL;THNSL2;IFNG;RSAD2;INSL5;GAMT;KCNE2;CPEB3;TG;CD40LG;NPHS1;AMBN;NTF3;MX1;HNF1A;FGF22;SLC29A3;KCND1;ITIH3;SSTR4;SGK1;CACNG1;CKM;PTGFR;DCC;WNT16;MTHFR;PDCD1;TCF7L1;CACNA1F;KRT5;DLK2
R2_GSE51588_OA_vs_Normal,HALLMARK_COAGULATION,1.45943445107364,136,0.0111715769437033,0.0143225345432094,CAPN5;FBN1;ACOX2;S100A13;CAPN2;CTSO;RGN;CFI;MMP15;HTRA1;A2M;PLAT;PDGFB;CRIP2;MMP2;FN1;MMP11;SPARC;ITGA2;MMP14;C1S;RAPGEF3;CFB;DPP4;APOC2;COMP;LRP1;PRSS23;MMP9;PROS1;MST1;F2
R2_GSE51588_OA_vs_Normal,HALLMARK_TGF_BETA_SIGNALING,1.57584563892111,54,0.014695813439822,0.0183697667997775,ID1;SMAD6;SMURF2;SMAD3;PMEPA1;SPTBN1;TJP1;SMAD7;NOG;APC;SMAD1;BMPR2;BMPR1A;LTBP2;SKIL;TGFB1;XIAP;CDK9;BMP2
R2_GSE51588_OA_vs_Normal,HALLMARK_COMPLEMENT,-1.33168494656997,194,0.0170445049796554,0.0207859816825066,S100A9;GCA;S100A12;MMP8;PIM1;CDA;RHOG;CR1;CA2;LYN;PFN1;LTF;RNF4;USP15;ITGAM;SERPINB2;CEBPB;FCN1;C9;GP9;KYNU;PREP;TNFAIP3;JAK2;GPD2;PLAUR;F3;CD59;PLSCR1;HSPA5;GNAI2;MAFF;GNB2;GRB2;LGALS3
R2_GSE51588_OA_vs_Normal,HALLMARK_PROTEIN_SECRETION,-1.30866137586172,95,0.0532116297901843,0.0633471783216479,ANP32E;AP2S1;NAPA;MAPK1;GALC;STAM;GLA;BNIP3;TMX1;SOD1;ZW10;ICA1;ARF1;DNM1L;CLTA;TSG101;TMED10;YIPF6;SNX2;RAB2A;AP2M1;LAMP2;SEC22B;COPB2;VAMP7;M6PR;RAB5A;ERGIC3;ARFGAP3;ABCA1
R2_GSE51588_OA_vs_Normal,HALLMARK_KRAS_SIGNALING_UP,-1.19482182918281,193,0.0835544744088259,0.0971563655916581,GLRX;GYPC;ARG1;CXCR4;EREG;PPBP;CDADC1;RETN;CA2;LAPTM5;CSF2RA;LCP1;TFPI;IRF8;SLPI;MAP7;ANGPTL4;TNFAIP3;ADAM8;APOD;BPGM;IGFBP3;CCL20;PRDM1;PLAUR;AVL9;AMMECR1;GADD45G;CIDEA;IL2RG;DOCK2;CROT;RBP4;EPB41L3;TRIB2;MPZL2;TRIB1;YRDC
R2_GSE51588_OA_vs_Normal,HALLMARK_APICAL_SURFACE,1.30793566539214,43,0.0955414012738854,0.10856977417487,AFAP1L2;THY1;IL2RB;TMEM8B;LYPD3;GATA3;SHROOM2;CX3CL1;CD160;ATP8B1;NTNG1;CROCC;DCBLD2;PCSK9;EPHB4
R2_GSE51588_OA_vs_Normal,HALLMARK_MITOTIC_SPINDLE,-1.15109823597599,196,0.105882352941176,0.117647058823529,CDC42;TUBA4A;CSNK1D;MAPRE1;LMNB1;PCGF5;PAFAH1B1;SMC4;STAU1;UXT;AURKA;GEMIN4;DYNLL2;ARL8A;INCENP;PRC1;KIF22;ARHGDIA;FBXO5;PPP4R2;KIF2C;SUN2;LRPPRC;KIF11;DOCK2;TPX2;MID1IP1;CENPE;FGD4;DLGAP5;EZR;CCNB2;ABL1;KIF15;CDC42EP4;PLK1;NEDD9;BUB1;CDK1;CEP57;RACGAP1;SYNPO;NUSAP1;SMC1A;BCL2L11;CKAP5;BIRC5;ESPL1;KIF4A;KNTC1;CYTH2;PREX1;CENPF;TTK;TUBGCP2;CDC27;MAP1S;ATG4B;TOP2A
R2_GSE51588_OA_vs_Normal,HALLMARK_INTERFERON_GAMMA_RESPONSE,1.16052567335532,193,0.153638814016173,0.166998710887144,SSPN;IFIT1;IL2RB;CXCL11;IFIT2;TNFSF10;XAF1;TNFAIP2;RTP4;DHX58;OAS3;XCL1;HERC6;SAMD9L;IFIT3;IFIH1;IFI44L;IFI44;STAT2;ISG15;IL15;DDX60;GZMA;CXCL9;KLRK1;C1S;TRIM25;PLA2G4A;CFB;TAPBP;EPSTI1;CIITA;IFI27;PARP14;GPR18;BATF2;IL7;IRF9;GBP4;P2RY14;RNF213;HLA-DMA;TOR1B;RIPK1;CMKLR1;CXCL10;RSAD2
R2_GSE51588_OA_vs_Normal,HALLMARK_ANGIOGENESIS,1.24246602545072,36,0.162379421221865,0.172744065129644,COL3A1;LUM;JAG2;COL5A2;PDGFA;VAV2;FGFR1;S100A4;NRP1;SLCO2A1;SPP1;ITGAV
R2_GSE51588_OA_vs_Normal,HALLMARK_NOTCH_SIGNALING,1.00606225720602,32,0.435483870967742,0.453629032258065,NOTCH3;WNT5A;FZD1;PRKCA;FZD7;KAT2A;HEYL
R2_GSE51588_OA_vs_Normal,HALLMARK_BILE_ACID_METABOLISM,0.895607812454056,111,0.709117221418234,0.723589001447178,EPHX2;SLC29A1;ABCG4;CYP39A1;EFHC1;ABCA2;NUDT12;CYP27A1;CYP7B1;SLC23A2;DIO2;FDXR;HSD3B7;ABCG8;PEX11G;RXRG;ATXN1;ABCA8;PEX12;ABCA3;GCLM;ABCD3;NR3C2;OPTN;BCAR3;ABCA9;FADS2;RBP1;NR1H4;RETSAT
R2_GSE51588_OA_vs_Normal,HALLMARK_PANCREAS_BETA_CELLS,-0.78337752974373,40,0.851752021563342,0.851752021563342,SPCS1;G6PC2;SRPRB;FOXO1;SEC11A;SLC2A2;PKLR;PCSK1;SRP14;PDX1
R3_GSE55235_OA_vs_Healthy,HALLMARK_TNFA_SIGNALING_VIA_NFKB,-3.55437121387993,198,4.77759313874097e-52,2.38879656937049e-50,KLF9;BCL6;RHOB;FOSL2;GADD45A;NFIL3;MAFF;GADD45B;TIPARP;CEBPD;NFKBIA;MYC;BTG2;PPP1R15A;KLF2;KLF4;ATF3;CDKN1A;DUSP2;PER1;IER5;ZFP36;VEGFA;CXCL2;TNFAIP3;BTG1;MCL1;NAMPT;CCNL1;BTG3;FOSB;PNRC1;CEBPB;KLF6;TGIF1;SLC2A3;NR4A2;CCN1;PTGS2;GPR183;DUSP5;CXCL3;JUN;IRS2;IER2;MAP3K8;JUNB;LDLR;SOCS3;ETS2;TRIB1;ZC3H12A;SDC4;IL1B;CCL4;EGR1;PDE4B;ACKR3;NR4A1;SAT1;GCH1;PHLDA1;PLPP3;DUSP1;IL15RA;SPSB1;IL6;PLK2;NFKB2;CD69;AREG;PFKFB3;IER3;ID2;ICAM1;RIPK2;PTX3;EDN1;BMP2;TNFSF9;TSC22D1;RELA;HES1;PANX1;FOS;EIF1;CCL20;BHLHE40;YRDC;ZBTB10;LIF;JAG1;CD83;FOSL1;IRF1;DNAJB4;B4GALT5;NFAT5;KLF10;EFNA1;REL
R3_GSE55235_OA_vs_Healthy,HALLMARK_HYPOXIA,-2.68428889439653,193,1.37011471882435e-19,3.42528679706087e-18,FOSL2;NFIL3;MAFF;TIPARP;DDIT4;PPP1R15A;PLIN2;ATF3;CDKN1A;ZFP36;VEGFA;TNFAIP3;BTG1;ADM;PIM1;PNRC1;KLF6;SLC2A3;CCN1;MT1E;JUN;GBE1;IRS2;KDM3A;GLRX;FOXO3;SIAH2;SAP30;MXI1;HAS1;RORA;STC1;DDIT3;SDC4;PPARGC1A;KLHL24;ACKR3;DUSP1;MT2A;GPC3;IL6;CSRP2;JMJD6;DPYSL4;PFKFB3;IER3;CCNG2;AK4;SLC2A1;PDK3;CITED2;EGFR;NDRG1;HSPA5;SRPX;FOS;LDHA;BHLHE40;STC2;PDK1;HK2;LARGE1;KLF7;PGK1;PCK1;EFNA1;CDKN1B;ENO2;TPBG;CA12;GYS1;ZNF292;BNIP3L;ENO3;F3;TPI1;SLC25A1;ANGPTL4
R3_GSE55235_OA_vs_Healthy,HALLMARK_MYC_TARGETS_V1,-2.40757816965355,197,1.3134934634228e-14,2.18915577237133e-13,EIF4A1;MYC;SRSF7;IFRD1;DDX21;NAP1L1;HSPD1;UBA2;FBL;DDX18;SRSF3;EIF1AX;NOLC1;ODC1;SF3A1;SNRPA1;HNRNPU;RNPS1;HNRNPA1;CCT2;NOP16;LDHA;CDK2;NOP56;GNL3;PWP1;NPM1;ETF1;TCP1;PA2G4;PGK1;DHX15;HSP90AB1;SNRPD1;SF3B3;HNRNPR;KARS1;DEK;CTPS1;HNRNPD;EXOSC7;MRPL9;TRA2B;PABPC1;IMPDH2;YWHAE;SYNCRIP;HDGF;HSPE1;SET;HNRNPC;ORC2;SNRPB2;RSL1D1;VDAC1;HNRNPA2B1;CBX3;EIF2S2;XPOT;RAN;PSMD7;HPRT1;RRP9;CNBP;UBE2E1;RRM1;H2AZ1;EIF3B;NHP2;HNRNPA3;ILF2;VBP1;KPNB1;EIF2S1;SRM;RPL14;PSMD1;AP3S1;PSMA1;TARDBP;PSMC4;ERH;CCT5;RAD23B;RUVBL2;TOMM70;PRPS2;CCT3;CLNS1A;G3BP1;GSPT1
R3_GSE55235_OA_vs_Healthy,HALLMARK_UV_RESPONSE_UP,-2.29566775101512,157,4.4760866845121e-11,5.59510835564012e-10,RHOB;NFKBIA;BTG2;ATF3;CXCL2;BTG1;BTG3;FOSB;DNAJB1;DDX21;NXF1;JUNB;RRAD;TFRC;MAOA;OLFM1;NR4A1;GCH1;IL6;DNAJA1;MSX1;GPX3;ICAM1;PRPF3;BMP2;TARS1;HNRNPU;CDO1;FOS;CDC5L;CDK2;EIF5;RAB27A;BCL2L11;ASNS;IRF1;GRINA;SLC6A8;ENO2;CCND3;NUP58;GRPEL1;AMD1
R3_GSE55235_OA_vs_Healthy,HALLMARK_MYC_TARGETS_V2,-2.56238134217767,58,8.94923842968815e-11,8.94923842968815e-10,MYC;DUSP2;HSPD1;DDX18;NOLC1;WDR43;NIP7;PPRC1;TMEM97;NOP16;NOP56;GNL3;NPM1;WDR74;HK2;NOP2;TCOF1;PUS1;PA2G4;NOC4L;MAP3K6;HSPE1;RCL1;PES1;CBX3;EXOSC5;PPAN;RRP9;MYBBP1A;MRTO4;IMP4;LAS1L;IPO4;SORD;SRM
R3_GSE55235_OA_vs_Healthy,HALLMARK_MTORC1_SIGNALING,-2.05085984887435,198,4.62233186021741e-09,3.50443000265051e-08,NFIL3;DDIT4;BTG2;PPP1R15A;CDKN1A;MTHFD2;NAMPT;SLC2A3;IFRD1;GBE1;GLRX;LDLR;HSPD1;TFRC;STC1;DDIT3;HSPA9;CTH;PIK3R3;AK4;FADS1;SLC2A1;SLC7A5;ATP2A2;EGLN3;PHGDH;HSPA5;TMEM97;INSIG1;SLC1A5;LDHA;BHLHE40;ETF1;PDK1;UBE2D3;HK2;PITPNB;TRIB3;PGK1;ASNS;IDI1;TOMM40;PNO1;ACLY;UFM1;DHCR24;NMT1;PNP;TBK1;DDX39A;HSPE1;PSMD12;ELOVL5;FADS2;PPA1;IMMT;WARS1;TPI1
R3_GSE55235_OA_vs_Healthy,HALLMARK_P53_PATHWAY,-2.05803013569144,199,4.90620200371072e-09,3.50443000265051e-08,SLC19A2;GADD45A;DDIT4;BTG2;PPP1R15A;KLF4;ATF3;CDKN1A;IER5;BTG1;ZBTB16;JUN;H1-2;FOXO3;RRAD;STOM;ACVR1B;INHBB;DDIT3;MKNK2;SAT1;RGS16;TSPYL2;PLK2;IER3;LDHB;SOCS1;SLC3A2;TM4SF1;TOB1;BMP2;NDRG1;DNTTIP2;DCXR;TNFSF9;TSC22D1;ZFP36L1;PERP;FOS;LIF;TRIB3;COQ8A;PROCR;PLK3;H2AJ;CCND3;TXNIP;ADA;RALGDS;SPHK1;ANKRA2;BAIAP2;KRT17;TPRKB;SESN1;TRAF4;SERTAD3;TP53
R3_GSE55235_OA_vs_Healthy,HALLMARK_APOPTOSIS,-2.01072078480804,158,9.08080590102972e-08,5.67550368814358e-07,RHOB;GADD45A;GADD45B;BTG2;ATF3;CDKN1A;MCL1;BTG3;HMGB2;PMAIP1;JUN;NEDD9;EMP1;TGFBR3;DDIT3;IL1B;WEE1;SAT1;GCH1;IL6;CD69;CTH;IER3;DNAJA1;GPX3;H1-0;BMP2;RELA;SMAD7;CDK2;BCL2L1;VDAC2;ETF1;BCL2L11;IRF1;EREG;CDKN1B;ENO2;IGFBP6;IFNGR1;TXNIP;CREBBP;KRT18
R3_GSE55235_OA_vs_Healthy,HALLMARK_IL2_STAT5_SIGNALING,-1.93628209790142,178,2.23860443500679e-07,1.24366913055933e-06,RHOB;NFIL3;MAFF;GADD45B;MYC;PLIN2;PIM1;GABARAPL1;KLF6;SLC2A3;MAP3K8;EMP1;RORA;ARL4A;SOCS2;PHLDA1;RGS16;POU2F1;SOCS1;NCOA3;ODC1;UCK2;BMP2;NDRG1;PTRH2;IGF1R;SLC1A5;BCL2L1;BHLHE40;HK2;NOP2;LIF;MUC1;PUS1;CD83;BATF;IL10;PLSCR1;PTGER2;TNFRSF1B;CCND3;PNP;IFNGR1;MAPKAPK2;SPRED2;FURIN;SWAP70;S100A1;CSF1;ENO3;CISH
R3_GSE55235_OA_vs_Healthy,HALLMARK_UNFOLDED_PROTEIN_RESPONSE,-2.04294330519837,113,1.12314500136431e-06,5.61572500682154e-06,EIF4A1;DDIT4;ATF3;MTHFD2;VEGFA;BAG3;CEBPB;ATF4;HERPUD1;EIF2AK3;TSPYL2;HSPA9;NOP14;EIF4A3;NOLC1;SLC7A5;DDX10;DNAJB9;TARS1;DKC1;HSPA5;NOP56;STC2;NPM1;ASNS;WIPI1;EXOSC2;ATF6;EXOSC5;XPOT;EIF4A2;EXOSC10;RRP9;XBP1;EIF4G1;NHP2;CKS1B;KHSRP;ERO1A;IMP3;EIF4EBP1;EIF2S1;PAIP1;ERN1;PREB;TUBB2A
R3_GSE55235_OA_vs_Healthy,HALLMARK_ESTROGEN_RESPONSE_EARLY,-1.82373437410155,200,2.08207188927179e-06,9.46396313305361e-06,SLC19A2;TIPARP;MYC;KLF4;PMAIP1;ABLIM1;SIAH2;TSKU;INHBB;RHOBTB3;OLFM1;RETREG1;FKBP5;AREG;SLC2A1;NXT1;FASN;SLC7A5;CYP26B1;SH3BP5;TOB1;AFF1;ELF1;IGF1R;HES1;FOS;HSPB8;AKAP1;BHLHE40;STC2;DYNLT3;MUC1;UGCG;KDM4B;NAV2;TFAP2C;P2RY2;KLF10;MAST4;KCNK5;MED13L;TPBG;RBBP8;CA12;ISG20L2;ELOVL5;KRT18;SLC1A1;SYBU;SVIL;FOXC1;CISH;IL6ST
R3_GSE55235_OA_vs_Healthy,HALLMARK_INFLAMMATORY_RESPONSE,-1.68714344303725,194,3.30752859332447e-05,0.00013781369138852,NFKBIA;MYC;BTG2;CDKN1A;NAMPT;CXCL8;ADM;KLF6;GPR183;IL1R1;LDLR;ACVR1B;IL1B;PDE4B;GCH1;RGS16;IL15RA;GPC3;IL6;CD69;SLC7A1;RGS1;ICAM1;ATP2A2;RIPK2;EDN1;ITGA5;TNFSF9;RELA;RAF1;CCL20;SELE;LIF;IL10;IRF1;P2RY2;CX3CL1;PTGER2;EREG;TNFRSF1B;TPBG;LPAR1;CCL7;HIF1A;ATP2B1;IFITM1;AXL;SPHK1;CSF1;F3;ABCA1;BEST1;PDPN;CALCRL
R3_GSE55235_OA_vs_Healthy,HALLMARK_ALLOGRAFT_REJECTION,1.68937277158067,200,7.31225436163205e-05,0.000281240552370464,HLA-DMB;CSK;THY1;LY86;CD4;CD2;PTPN6;C2;TIMP1;MMP9;CD74;CAPG;PTPRC;HLA-DMA;GALNT1;GPR65;ITGB2;LTB;ST8SIA4;CCR5;CD3D;IL15;CD28;CCR1;CCR2;STAB1;ITGAL;PSMB10;TLR1;CD86;HLA-DRA;LCK;CD47;STAT1;TLR3;CTSS;SPI1;CCND2;MAP4K1;FYB1;MBL2;PRKCB;IRF8;IL18;MAP3K7;IL2RG;IFNGR2;CCL5;LY75;IL12B;HDAC9;PRF1;JAK2
R3_GSE55235_OA_vs_Healthy,HALLMARK_INTERFERON_ALPHA_RESPONSE,1.79350360709077,84,0.000261252216270044,0.000933043629535872,OAS1;CD74;LGALS3BP;SELL;IFI30;RTP4;DDX60;ISG15;IL15;IFI27;IFI44;PSMB9;UBA7;SAMD9;CD47;CASP1;CASP8;TRIM21;LPAR6;BST2;UBE2L6;NMI;CNP;TDRD7;IFIH1;USP18;EIF2AK2;PSME2;PARP12;PSMB8;IFIT3;LY6E;TMEM140
R3_GSE55235_OA_vs_Healthy,HALLMARK_ANDROGEN_RESPONSE,-1.68240866970042,99,0.00052251123691508,0.00174170412305027,ADAMTS1;ARID5B;UAP1;SAT1;ELL2;FKBP5;FADS1;DNAJB9;H1-0;NDRG1;SLC38A2;TSC22D1;INSIG1;ZBTB10;PA2G4;IDI1;UBE2J1;SRF;MYL12A;CCND3;DHCR24;INPP4B;ELOVL5
R3_GSE55235_OA_vs_Healthy,HALLMARK_EPITHELIAL_MESENCHYMAL_TRANSITION,1.55684167062703,197,0.00123680661409415,0.00386502066904421,MEST;MXRA5;NID2;DAB2;THY1;COL3A1;FUCA1;PCOLCE;LRRC15;FZD8;LGALS1;COL1A1;COL5A1;EFEMP2;MMP1;COL5A2;TIMP1;FAP;BGN;COL1A2;VEGFC;CAPG;EMP3;SPARC;HTRA1;DST;DPYSL3;CDH11;P3H1;IL15;ITGB5;VCAN;PTHLH;SCG2;CXCL12;TNC;COL16A1;VCAM1;CADM1;ECM2;COLGALT1;MMP3;SDC1;LOXL1;ITGAV;CXCL6;SGCB;GPX7;FBN2;FBN1;RGS4;PMEPA1;FBLN5;WNT5A;FSTL1;MATN2
R3_GSE55235_OA_vs_Healthy,HALLMARK_CHOLESTEROL_HOMEOSTASIS,-1.67388631483494,61,0.00215837851172366,0.00634817209330489,NFIL3;ATF3;PNRC1;LDLR;FASN;PDK3;TMEM97;ACAT2;JAG1;TRIB3;PLSCR1;IDI1;ATXN2;PPARG
R3_GSE55235_OA_vs_Healthy,HALLMARK_UV_RESPONSE_DN,-1.50584922540957,142,0.00285379086849413,0.00792719685692813,MYC;RND3;RBPMS;CCN1;MT1E;LDLR;MAGI2;MAP1B;TGFBR3;TGFBR2;PLPP3;DUSP1;SLC7A1;PIK3R3;NIPBL;YTHDC1;CITED2;PTEN;SNAI2;AMPH;INSIG1;IGF1R;SMAD7;BHLHE40;MRPS31;TJP1;TFPI;LAMC1;CDKN1B;PPARG;CDK13;FYN;INPP4B;LPAR1;IRS1;ATP2B1;DYRK1A;F3;PMP22
R3_GSE55235_OA_vs_Healthy,HALLMARK_IL6_JAK_STAT3_SIGNALING,-1.55790370158724,87,0.00533596756151207,0.014042019898716,PIM1;CXCL3;JUN;IL1R1;MAP3K8;SOCS3;ACVR1B;IL1B;IL15RA;IL6;SOCS1;IRF1;TNFRSF1B;PTPN11;IFNGR1;CCL7;CSF1;IL6ST;TNF;IL3RA;STAT3;IL1R2;IL18R1
R3_GSE55235_OA_vs_Healthy,HALLMARK_COAGULATION,1.5360549889177,136,0.00793316428313056,0.0196696940972324,PRSS23;OLR1;LTA4H;CFI;C2;LGMN;MMP1;TIMP1;MMP9;CTSO;SPARC;PLEK;HTRA1;C1QA;PROS1;MMP11;CLU;LAMP2;ADAM9;CTSB;MMP3;CPQ;ACOX2;MSRB2;CTSK;CTSH;FBN1;MBL2;RGN;CRIP2;CAPN2
R3_GSE55235_OA_vs_Healthy,HALLMARK_PEROXISOME,1.57949063016093,97,0.00826127152083759,0.0196696940972324,SLC23A2;CRABP2;IDH2;ATXN1;TOP2A;SEMA3C;CLN6;PEX2;MSH2;CLN8;TSPO;CADM1;FIS1;HMGCL;ABCD3;PEX11A;ABCC5;YWHAH;EHHADH;SCP2;HSD11B2;ITGB1BP1;ACAA1;PEX11B;RDH11;SERPINA6;ECH1;TTR;ALDH1A1;GNPAT;ACOT8;MVP;CEL;DIO1;ACOX1;IDE;RETSAT;CAT;ALDH9A1;CTBP1
R3_GSE55235_OA_vs_Healthy,HALLMARK_INTERFERON_GAMMA_RESPONSE,-1.3795093401965,178,0.0100631213362013,0.0228707303095485,NFKBIA;CDKN1A;MTHFD2;TNFAIP3;BTG1;NAMPT;PIM1;ARID5B;PTGS2;SERPING1;SOCS3;PELI1;ARL4A;PDE4B;GCH1;IL15RA;MT2A;IL6;CD69;SOCS1;NCOA3;ICAM1;RIPK2;SLC25A28
R3_GSE55235_OA_vs_Healthy,HALLMARK_ADIPOGENESIS,-1.36420495715573,177,0.0105958295184322,0.0230344119965917,BCL6;GADD45A;PLIN2;CYP4B1;GBE1;STOM;IDH3A;ARL4A;ACADL;SLC5A6;PFKFB3;C3;CCNG2;GPX3;DNAJB9;TOB1;RIOK3;SORBS1;SLC1A5;HSPB8;BAZ2A;LPCAT3;ACLY;BCL2L13;NMT1;MAP4K3;PPARG;GRPEL1;IFNGR1;DBT;IMMT;SLC25A1;ANGPTL4;MYLK;ABCA1;TANK;CS;ARAF;LEP;GPHN;CHUK;FZD4;VEGFB
R3_GSE55235_OA_vs_Healthy,HALLMARK_TGF_BETA_SIGNALING,-1.55217515753315,53,0.0115027183455964,0.0239639965533258,PPP1R15A;TGIF1;JUNB;ID2;BMP2;SMAD7;UBE2D3;TJP1;KLF10;TRIM33;FURIN;THBS1;ARID4B;SMAD1;SERPINE1;SMAD3;CDK9;SKIL;PPM1A
R3_GSE55235_OA_vs_Healthy,HALLMARK_OXIDATIVE_PHOSPHORYLATION,1.41710159629752,198,0.0133942255832328,0.0267884511664657,IDH2;MGST3;FDX1;NDUFS3;NDUFA3;NDUFC1;NQO2;ATP1B1;NDUFB2;UQCR10;NDUFB7;ATP5MF;ATP5F1E;ACO2;UQCRQ;ECHS1;NDUFA8;ATP6V0B;ETFB;MAOB;TIMM8B;NDUFA1;UQCR11;OGDH;MRPL35;ATP5F1A;GPI;ACAA1;SURF1;GPX4;NDUFB5;COX5B;ATP6V1F;SDHC;MDH1;NDUFA9;ATP6V1H;COX6C;SDHA;UQCRC1;SLC25A20;ECH1;NDUFS8;MRPS11;IDH3G;ETFA;COX4I1;NDUFA2;NDUFC2;ACADVL;SLC25A11;ATP5F1C;ATP5MG;SUCLG1;NDUFS6;COX6A1;BDH2;AIFM1;CYB5R3;COX8A;UQCRB;TCIRG1;MTX2;ATP5MC3;COX15;UQCRH;RETSAT;CPT1A;BAX;ISCU;NDUFB3;PMPCA;NDUFA5;MRPL11;COX7C;ATP5ME;MTRF1;GOT2;POLR2F;IDH1;ATP6V1C1;MRPL34;COX7B;MRPL15;ATP6AP1;NDUFB6
R3_GSE55235_OA_vs_Healthy,HALLMARK_MYOGENESIS,-1.34526310819102,198,0.0180689494124427,0.0347479796393128,GADD45B;CDKN1A;APOD;IFRD1;LAMA2;ABLIM1;LDB3;FOXO4;GPX3;FST;SORBS1;HSPB8;BHLHE40;STC2;TPM2;MYH11;LARGE1;BDKRB2;CASQ2;KLF5;NAV2;SLC6A8;MYL2;TAGLN;TCAP;ACSL1;DES;ACTC1;TEAD4;SVIL;LPIN1;SPHK1;ENO3;TNNC1;MYLK;GSN;PTP4A3;EIF4A2;SMTN;TNNT2;CRYAB;CNN3;ADAM12;CHRNA1;BIN1;SPDEF;CFD;MYH7;HRC
R3_GSE55235_OA_vs_Healthy,HALLMARK_APICAL_JUNCTION,1.37118094250432,182,0.024285343720158,0.0449728587410334,THY1;RAC2;EPB41L2;GAMT;MMP9;ARHGEF6;PTPRC;SDC3;CDH11;THBS3;SYK;VCAN;CD86;TSPAN4;COL16A1;VCAM1;ADAM9;ARPC2;MDK;LDLRAP1;RRAS;EVL;GNAI2;FSCN1;VAV2;TMEM8B;CLDN6;RASA1;FYB1;MPZL1;YWHAH;FBN1;KCNH2;CDH4;MYH10;PALS1;TNFRSF11B;LAMB3;CD99;HADH;NF2;VASP;LIMA1;FLNC;ITGB1;CAP1;MAPK13
R3_GSE55235_OA_vs_Healthy,HALLMARK_PROTEIN_SECRETION,1.40596878666831,96,0.0288299328736507,0.051482022988662,CLTC;DST;PAM;PPT1;MAPK1;CD63;TMED10;CLCN3;LAMP2;BET1;RAB22A;SGMS1;LMAN1;AP2S1;AP2M1;USO1;GALC;ADAM10;ARFIP1;YKT6;KIF1B;DOP1A;AP3B1;ATP6V1H;M6PR;GNAS;TMED2;ICA1;COG2;RER1;SCAMP3;SSPN;VPS45;SNX2;STX7
R3_GSE55235_OA_vs_Healthy,HALLMARK_COMPLEMENT,1.37233865542819,188,0.0355194441265003,0.0612404209077591,DOCK10;OLR1;CD55;LTA4H;ITGAM;C2;LGMN;LIPA;DOCK4;TIMP1;CTSO;TIMP2;PLEK;C1QA;FDX1;PSMB9;ATOX1;PIK3R5;CLU;SH2B3;GRB2;LCK;MMP13;LAMP2;ADAM9;CTSB;APOBEC3F;CPQ;CASP1;GMFB;VCPIP1;GNAI2;APOBEC3G;CTSS;PSEN1;CTSD;CTSH;ERAP2;RASGRP1;HPCAL4;CCL5;PLA2G4A;ME1;JAK2;MSRB1;CD46;CDH13;SPOCK2;CA2;RABIF;GZMA;KLKB1;FCN1;CASP3;GZMB;PRKCD;RNF4;FCER1G;LRP1
R3_GSE55235_OA_vs_Healthy,HALLMARK_PI3K_AKT_MTOR_SIGNALING,-1.26292726854543,102,0.0641770380411647,0.103715771513971,CDKN1A;DDIT3;MKNK2;PIK3R3;SLC2A1;PTEN;EGFR;RAF1;CDK2;PDK1;UBE2D3;TRIB3;MAP2K6;ECSIT;NOD1;CDKN1B;TBK1;PTPN11;MAPK8;PPP2R1B;DUSP3;GSK3B;ARHGDIA;PLCG1;RIPK1;SQSTM1;SLA;ADCY2;MAP2K3
R3_GSE55235_OA_vs_Healthy,HALLMARK_NOTCH_SIGNALING,1.47984966540561,29,0.0643037783386619,0.103715771513971,ARRB1;PRKCA;CCND1;ST3GAL6;FZD1;FZD7;PSEN2;LFNG;WNT5A;DTX4;PSENEN;APH1A;RBX1;NOTCH2
R3_GSE55235_OA_vs_Healthy,HALLMARK_GLYCOLYSIS,-1.19151800055179,190,0.0677000321321045,0.105781300206413,DDIT4;VEGFA;IRS2;GLRX;SAP30;MXI1;STC1;NASP;GPC3;DPYSL4;CTH;IER3;AK4;EGLN3;PDK3;CITED2;EGFR;HSPA5;ANG;LDHA;GNE;STC2;HK2;CYB5A;PGK1;ENO2;TPBG;GYS1;ZNF292;SOX9;TPI1;ANGPTL4;TXN
R3_GSE55235_OA_vs_Healthy,HALLMARK_ANGIOGENESIS,1.37735554472502,36,0.0798045602605863,0.120916000394828,OLR1;COL3A1;COL5A2;TIMP1;VCAN;LRPAP1;TNFRSF21;ITGAV;NRP1;VAV2;CCND2;CXCL6;FSTL1;SPP1
R3_GSE55235_OA_vs_Healthy,HALLMARK_KRAS_SIGNALING_UP,-1.2103138788228,198,0.0838482542532695,0.123306256254808,PPP1R15A;KLF4;TNFAIP3;APOD;PTGS2;SPRY2;GLRX;EMP1;HSD11B1;TRIB1;IL1B;RGS16;ID2;GPRC5B;PTBP2;BMP2;GADD45G;CCL20;F13A1;RBM4;YRDC;LIF;SERPINA3;TFPI;IL33;EREG;TNFRSF1B;SLPI;ALDH1A2;HOXD11;PLVAP;SOX9;ADAM17;ANGPTL4;DUSP6;RELN;ADGRL4;TNNT2;GFPT2;CDADC1;SCG3;H2BC3
R3_GSE55235_OA_vs_Healthy,HALLMARK_FATTY_ACID_METABOLISM,1.19379978273032,145,0.14002828854314,0.200040412204486,LTC4S;LGALS1;TDO2;CBR3;S100A10;HIBCH;CBR1;FMO1;ALDH3A2;GAD2;HMGCL;ACO2;XIST;ECHS1;GSTZ1;UROS;ERP29;ALAD;CRYZ;UBE2L6;YWHAH;EHHADH;NTHL1;ACAA1;UROD;EPHX1;ME1;RDH11;SDHC;MDH1;CA2;SDHA;HADH;ECH1;BPHL;IDH3G;ACADS;ACADVL;PSME1;GRHPR;HMGCS2;ALDH1A1;NCAPH2;SUCLG1;CA6;ACSM3;ACOT8;PCBD1;BLVRA;CEL;ACOX1;CPT2;RETSAT;NBN;ALDH9A1;CPT1A
R3_GSE55235_OA_vs_Healthy,HALLMARK_ESTROGEN_RESPONSE_LATE,-1.13199354701647,200,0.148698884758364,0.206526228831062,KLF4;DUSP2;ZFP36;BTG3;SIAH2;OLFM1;ASS1;FKBP5;AREG;ID2;NXT1;SLC7A5;CYP26B1;TOB1;AFF1;DCXR;TRIM29;PERP;FOS;HSPB8;DYNLT3;LARGE1;BATF;SERPINA3;TFAP2C;JAK1;KCNK5;TPBG;RBBP8;CA12;UGDH;ELOVL5;FOXC1;TNNC1;CISH;LTF;PLXNB1;IL6ST;SERPINA1;LSR;HPRT1;XBP1;TSPAN13;CHPT1;PPIF;LLGL2;ISG20;BAG1;DHCR7;CXCL14;HR;EGR3
R3_GSE55235_OA_vs_Healthy,HALLMARK_MITOTIC_SPINDLE,1.11942172479154,179,0.210599721059972,0.284594217648611,MARCKS;EPB41L2;DOCK4;SMC4;TOP2A;FLNB;KIF4A;DST;DOCK2;CDC42BPA;SPTAN1;NDC80;CEP57;KIF11;PAFAH1B1;TPX2;CCDC88A;CAPZB;NUSAP1;CDK1;FSCN1;ARHGAP4;RASA1;DLGAP5;ABR;ESPL1;TIAM1;KIF22;MYH10;RFC1;KIF1B;ECT2;FARP1;CSNK1D;CENPF;RACGAP1;BUB1;AURKA
R3_GSE55235_OA_vs_Healthy,HALLMARK_REACTIVE_OXYGEN_SPECIES_PATHWAY,-1.1587560102503,44,0.232323232323232,0.3056884635832,GLRX;JUNB;GPX3;OXSR1;CDKN2D;PDLIM1;NDUFS2;SCAF4;SBNO2;TXN
R3_GSE55235_OA_vs_Healthy,HALLMARK_E2F_TARGETS,-1.08835957789115,189,0.254681647940075,0.320631970260223,MYC;CDKN1A;MTHFD2;HMGB2;NAP1L1;NUP153;TFRC;WEE1;NASP;NOLC1;SSRP1;EXOSC8;NOP56;PA2G4;CDKN1B;DEK;CTPS1;HNRNPD;TRA2B;ANP32E;SYNCRIP;DDX39A;SMC3;ORC2;DONSON;RAD21;PAICS;RFC3;ING3;RAN;UBE2S;SNRPB;TP53
R3_GSE55235_OA_vs_Healthy,HALLMARK_G2M_CHECKPOINT,-1.08333690759325,200,0.256505576208178,0.320631970260223,MYC;SAP30;SLC38A1;NASP;NUP98;MT2A;SLC7A1;NOLC1;ODC1;SLC7A5;YTHDC1;UCK2;HNRNPU;DKC1;TOP1;SFPQ;CDC7;SNRPD1;CDKN1B;ABL1;HNRNPD;TRA2B;SYNCRIP;AMD1;DDX39A;HIF1A;WRN;NCL;RAD21;RPS6KA5;PRMT5;FBXO5;MNAT1;H2BC12;UBE2S;ODF2;CCNT1;ARID4A;E2F3;H2AZ1;SMAD3;SRSF10;DBF4;ILF3;CKS1B;BCL3;MAP3K20
R3_GSE55235_OA_vs_Healthy,HALLMARK_WNT_BETA_CATENIN_SIGNALING,1.12958004579816,37,0.274111675126904,0.334282530642565,WNT5B;FZD8;SKP2;FZD1;PSEN2;CCND2;LEF1
R3_GSE55235_OA_vs_Healthy,HALLMARK_XENOBIOTIC_METABOLISM,-1.06081333291772,188,0.319702602230483,0.380598335988671,GABARAPL1;IL1R1;HSD11B1;ETS2;ADH5;MAOA;AOX1;GCH1;MT2A;FBLN1;ID2;ATP2A2;CDO1;DCXR;TMEM97;SLC1A5;MAN1A1;ADH1C;CYB5A;AKR1C2;CCL25;CDA;PDK4;KARS1;NMT1
R3_GSE55235_OA_vs_Healthy,HALLMARK_BILE_ACID_METABOLISM,1.04922293231424,101,0.368731563421829,0.428757631885848,SLC23A2;IDH2;ATXN1;FDXR;LCK;SLC67A1;ABCA3;ABCD3;ABCA2;PEX11A;CROT;SCP2;CYP46A1;DIO2;SERPINA6;CYP27A1;TTR;PIPOX;BCAR3;ALDH1A1;GNPAT;AQP9;SLC27A5;DIO1;RETSAT;CAT;ALDH9A1;CYP7A1;HSD17B6;CYP39A1;GNMT;KLF1;IDH1;LIPE;PEX1;GSTK1;MLYCD;NR0B2;BMP6;PECR;EFHC1;SLC29A1;HSD17B4;SOAT2
R3_GSE55235_OA_vs_Healthy,HALLMARK_HEDGEHOG_SIGNALING,0.998479894010137,36,0.447882736156352,0.508957654723127,THY1;CELSR1;RTN1;SCG2;NRP1;RASA1;NRP2;SHH;AMOT
R3_GSE55235_OA_vs_Healthy,HALLMARK_APICAL_SURFACE,0.90792192227785,34,0.589285714285714,0.654761904761905,THY1;CRYBG1;TMEM8B;ADAM10;IL2RG;NTNG1
R3_GSE55235_OA_vs_Healthy,HALLMARK_HEME_METABOLISM,0.925403317123484,199,0.654843110504775,0.711785989679103,UCP2;MGST3;MARCHF2;BMP2K;NCOA4;ANK1;CLCN3;LAMP2;CTSB;LMO2;PPOX;FECH;HBBP1;AGPAT4;UROS;ALAD;CROCCP2;IGSF3;ACP5;SLC30A1;DCUN1D1;ERMAP;GDE1;ARL2BP;P4HA2;MPP1;RHCE;UROD;MYL4;UBAC1;HEBP1;RHD;FBXO9;GYPB;CA2;FN3K;ABCB6;EPB41;BSG;MINPP1;ADD1;XPO7;LPIN2;SIDT2;TMEM9B;KAT2B;HBB;OSBP2;KLF3;PRDX2;SLC6A9;SELENBP1;BLVRA;SPTA1;DCAF11;PDZK1IP1;CAT;MARCHF8;NFE2L1;SNCA;KHNYN;DAAM1;GYPA;E2F2;SYNJ1;CPOX;BPGM;NFE2;AHSP;KLF1;ATP6V0A1;NEK7;NR3C1;MBOAT2
R3_GSE55235_OA_vs_Healthy,HALLMARK_PANCREAS_BETA_CELLS,-0.803385579959388,40,0.798994974874372,0.849994654121672,PAX4;NEUROG3;FOXO1;DPP4;STXBP1
R3_GSE55235_OA_vs_Healthy,HALLMARK_DNA_REPAIR,-0.813868266241988,137,0.900990099009901,0.938531353135314,EIF1B;PDE4B;REV3L;POLR1D;RNMT;SSRP1;POLR2A;POLR2D;TAF1C;CDA;PNP;IMPDH2;ELL;ADA;GTF2B;BCAM;RFC3;HPRT1;TP53;SMAD5
R3_GSE55235_OA_vs_Healthy,HALLMARK_KRAS_SIGNALING_DN,0.708773639987469,194,0.989026063100137,1,COPZ2;GAMT;RYR2;CDKAL1;NUDT11;MAST3;SLC29A3;FGGY;ZNF112;CALCB;PTPRJ;LFNG;PDK2;HSD11B2;CAPN9;CHST2;KCNN1;RIBC2;IL12B;IGFBP2;KCND1;CCDC106;STAG3;GPRC5C;UPK3B;VPREB1;IFI44L;PCDHB1;MFSD6;EGF;SIDT1;TGFB2;MX1;IDUA;RSAD2;LYPD3;OXT;SPRR3;CELSR2;THNSL2;KCNMB1;THRB;SERPINB2;CYP39A1;SLC25A23;FGF16;TLX1;MAGIX;EDAR;CCNA1
R3_GSE55235_OA_vs_Healthy,HALLMARK_SPERMATOGENESIS,0.495166625166851,123,1,1,CDK1;STAM2;ADCYAP1;TKTL1;BUB1;TSSK2;AURKA;SCG5;PEBP1;NF2;ZPBP;CHFR;RAD17;IFT88;CLGN;TSN;TALDO1;PHKG2;IDE;PAPOLB;ADAM2;TNP2;RPL39L;DDX4;EZH2;TOPBP1;CCNA1;CDKN3;SNAP91
R4_GSE82107_OA_vs_Healthy,HALLMARK_TNFA_SIGNALING_VIA_NFKB,3.04123642408901,199,1.30540551682871e-25,6.52702758414354e-24,CCN1;IER2;FOS;EGR2;FOSB;CDKN1A;RELA;DUSP1;TNFAIP2;SLC2A3;SOCS3;IL18;LITAF;NFKBIE;IER3;GEM;YRDC;PTGS2;EGR1;DUSP5;SGK1;ID2;JUNB;MARCKS;GCH1;B4GALT1;INHBA;PLAU;CCND1;FUT4;KLF2;SDC4;CXCL2;EGR3;TNFAIP6;NR4A2;ZFP36;CSF1;TNFAIP8;NFAT5;CCL4;TRAF1;MXD1;NINJ1;SLC16A6;TUBB2A;PHLDA2;IRF1;KLF6;CCRL2;PTPRE;DUSP2;CXCL10;PDE4B;PTX3;GADD45B;CEBPB;TNFAIP3;CCL5;PHLDA1;BTG3;NFIL3;CD69;BHLHE40;NAMPT;MYC;SERPINB8;RCAN1;TLR2;GFPT2;PLAUR;TGIF1;CXCL6;IFIT2;PLPP3;FJX1;ATF3;CD44;BIRC3;CEBPD;NR4A1;JUN;TNIP2;GADD45A;KLF4;DRAM1;IL7R;SPHK1;IL6;TAP1;MAP3K8;PTGER4;BTG2;RHOB;MCL1;BCL3;EHD1;NFE2L2;LIF;CXCL3;EFNA1;BTG1
R4_GSE82107_OA_vs_Healthy,HALLMARK_EPITHELIAL_MESENCHYMAL_TRANSITION,3.00106107671281,200,3.87587180151557e-24,9.68967950378892e-23,CCN1;EDIL3;COL6A2;BGN;PDLIM4;RGS4;QSOX1;DPYSL3;ECM1;LRRC15;PCOLCE;EFEMP2;MMP2;TIMP1;GEM;FAS;SDC1;ID2;THBS2;FZD8;INHBA;SDC4;BASP1;SPP1;SPOCK1;COL8A2;VEGFC;BMP1;GJA1;TNFRSF12A;COL5A1;ANPEP;SNAI2;THY1;COL5A2;NNMT;MAGEE1;PLOD2;MMP1;FMOD;PTX3;GADD45B;TNFAIP3;MMP3;COLGALT1;CDH11;ITGAV;LRP1;NID2;COL6A3;COL12A1;CXCL8;PLOD3;TGM2;ITGA5;FAP;ITGB5;FLNA;LAMC2;MXRA5;GREM1;CRLF1;IGFBP2;IGFBP4;WIPF1;NT5E;PLAUR;CADM1;VCAN;MATN2;POSTN;LOX;COL4A2;CXCL6;CAPG;SGCB;SERPINE2;CD44;MSX1;JUN;GADD45A;PTHLH;PLOD1;SFRP1;IL6;COMP;ENO2;CALU;SERPINH1;ADAM12;RHOB;MGP;FBLN1;COL11A1;PDGFRB;COL16A1;HTRA1;PRRX1;CXCL1;TNC;TGFBI;LAMA1;P3H1;SCG2;GAS1;CTHRC1;VCAM1;SPARC;IGFBP3;FUCA1;CCN2;PPIB;DAB2;TPM4;SFRP4;PMEPA1;PMP22;MATN3
R4_GSE82107_OA_vs_Healthy,HALLMARK_APOPTOSIS,2.63410802326476,161,1.1017314163632e-15,1.836219027272e-14,CDKN1A;RELA;SPTAN1;BGN;SMAD7;IL18;IER3;PSEN1;MMP2;TIMP1;BCL10;FAS;TSPO;GCH1;CASP8;TNFSF10;CCND1;CCND2;EGR3;CASP2;TNFRSF12A;IRF1;SLC20A1;BCL2L11;BCL2L1;PLCB2;CLU;GSR;LMNA;GADD45B;IFNGR1;HMGB2;GNA15;APP;BTG3;CD69;ROCK1;DNAJC3;H1-0;IFITM3;HGF;BRCA1;DNAJA1;PDCD4;ATF3;CD44;EREG;BIRC3;LGALS3;JUN;GADD45A;PPT1;ISG20;GPX1;IL6;TAP1;RHOT2;ENO2;XIAP;DNM1L;DAP;BTG2;RHOB;LEF1;MCL1;ANKH;DDIT3;PDGFRB;DPYD;RARA;CASP6;ADD1;CD14;NEFH;CDC25B;EMP1;BCAP31
R4_GSE82107_OA_vs_Healthy,HALLMARK_INTERFERON_GAMMA_RESPONSE,2.36458975811443,198,3.45316604835231e-13,4.04123833567451e-12,CDKN1A;C1R;TNFAIP2;LY6E;SOCS3;MVP;STAT2;PTGS2;FAS;OGFR;GCH1;HLA-A;CASP8;SRI;TNFSF10;HIF1A;UPP1;TRIM26;TNFAIP6;TOR1B;HLA-B;IRF1;IFITM2;SERPING1;CSF2RB;HELZ2;CXCL10;PNP;TAPBP;CIITA;ADAR;CD74;MYD88;ST8SIA4;PDE4B;TNFAIP3;IL10RA;CCL5;SECTM1;EIF2AK2;CD69;PSMB8;TRAFD1;ZNFX1;FPR1;NAMPT;PSMB9;GPR18;IFIT3;IFITM3;MT2A;HLA-G;SLC25A28;IL4R;LATS2;ITGB7;IFNAR2;IFIT2;HLA-DMA;RNF31;EPSTI1;ISG15;TRIM14;CFH;ISG20;IL6;LYSMD2;TAP1;LCP2;TMT1B;LGALS3BP;STAT1;PARP12;CFB;SAMHD1;BTG1;SELP;SSPN;C1S;IFI44L;PTPN1;BANK1;IFI30;PELI1;RTP4;VCAM1;NCOA3;IFI44
R4_GSE82107_OA_vs_Healthy,HALLMARK_HYPOXIA,2.37921960336885,199,4.04123833567451e-13,4.04123833567451e-12,CCN1;FOS;CDKN1A;SAP30;DUSP1;BGN;SLC2A3;TES;IER3;TPST2;CXCR4;CCN5;LXN;KDELR3;TMEM45A;NDST1;IDS;ERO1A;SDC4;SLC2A1;NDST2;PRKCA;SLC6A6;TPBG;ZFP36;P4HA2;COL5A1;CA12;KLF6;HAS1;NAGK;HDLBP;ETS1;SDC3;TNFAIP3;CHST3;MIF;WSB1;NFIL3;JMJD6;FBP1;BHLHE40;PRDX5;TGM2;CDKN1C;MT2A;ATP7A;MT1E;PDK3;ENO1;PLAUR;LOX;CAVIN3;ANGPTL4;B3GALT6;ADORA2B;HEXA;ATF3;STC2;JUN;CITED2;ISG20;MYH9;IL6;SRPX;ENO2;CCNG2;PGM2;GAA;DDIT3;ALDOC;EFNA1;SLC37A4;EXT1;TGFB3;BTG1;AK4;CP;TGFBI;CASP6;NDRG1;FAM162A;KLF7;IGFBP3;F3;HK1;CCN2;ACKR3;P4HA1
R4_GSE82107_OA_vs_Healthy,HALLMARK_INFLAMMATORY_RESPONSE,2.23716358925802,200,1.03223055982843e-10,8.60192133190356e-10,CDKN1A;RELA;LY6E;IL18;PSEN1;TIMP1;SLC31A1;RGS1;SELE;GCH1;RGS16;RHOG;INHBA;SRI;TNFSF10;MARCO;TNFSF15;HIF1A;TNFAIP6;TPBG;LAMP3;CSF1;OSMR;C5AR1;SEMA4D;MXD1;ITGB8;IRF1;SELL;KLF6;CCRL2;AQP9;PTPRE;CXCL10;TAPBP;ACVR1B;PDE4B;IL10RA;GNA15;SGMS2;CCL5;AHR;EIF2AK2;CLEC5A;GNAI3;CD69;CXCL8;HRH1;FPR1;NAMPT;ITGA5;IL1R1;MYC;TLR2;LYN;IL4R;PLAUR;TNFRSF1B;IFNAR1;CXCL6;ADORA2B;EREG;SLC31A2;IL7R;SPHK1;IFITM1;TLR1;IL6;TLR3;LCP2;PTGER4;IL10;BTG2;PROK2;SCARF1;LIF;PIK3R5;PTGER2;TACR1;P2RX7;LPAR1;CD82;ABI1;RTP4;CD14;PTAFR;ACVR2A;BDKRB1;P2RX4;MSR1;F3;GABBR1
R4_GSE82107_OA_vs_Healthy,HALLMARK_DNA_REPAIR,2.32494839371502,148,4.28017739294015e-10,3.05726956638582e-09,EDF1;GUK1;TAF10;NELFB;CLP1;CANT1;FEN1;SAC3D1;CETN2;TAF1C;HPRT1;TP53;POLR2E;DAD1;RALA;TMED2;NME3;TK2;SEC61A1;ADA;POLR2G;ERCC1;POLD4;PNP;APRT;HCLS1;PDE4B;PRIM1;ADCY6;TYMS;POLR1H;VPS37B;DGUOK;GTF2F1;POLR2H;TAF13;NELFE;RPA3;PCNA;GSDME;RAD52;CCNO;REV3L;RFC3;NFX1;DDB2;POLR2D;NME1;USP11;POLA2;XPC;ARL6IP1;GTF2H1;VPS28;POLR2C;SDCBP;DUT;POLR1D;POLR1C
R4_GSE82107_OA_vs_Healthy,HALLMARK_INTERFERON_ALPHA_RESPONSE,2.38786457568802,97,1.21245503417575e-09,7.57784396359843e-09,MVB12A;LY6E;STAT2;OGFR;CASP8;TRIM26;LAMP3;CSF1;HLA-C;SAMD9;CD47;IRF1;IFITM2;SELL;CCRL2;HELZ2;CNP;UBA7;CXCL10;ADAR;CD74;TENT5A;EIF2AK2;PSMB8;TRAFD1;PSMB9;ELF1;IFIT3;IFITM3;NUB1;SLC25A28;IL4R;IFIT2;TRIM5;RNF31;EPSTI1;ISG15;TRIM14;IFITM1;ISG20;NCOA7;TAP1;LGALS3BP;PARP12;PROCR;LPAR6;C1S;IFI44L;IFI30
R4_GSE82107_OA_vs_Healthy,HALLMARK_KRAS_SIGNALING_UP,2.08644394536927,199,2.57082250069678e-09,1.32070002359395e-08,TMEM176A;KIF5C;CXCR4;YRDC;PTGS2;CDADC1;WDR33;ID2;ADAM8;RGS16;PPBP;TOR1AIP2;INHBA;SPON1;PLAU;ENG;CCND2;ERO1A;SLPI;SERPINA3;PRDM1;SPP1;KCNN4;TRAF1;SCG5;CXCL10;ETS1;TNFAIP3;IL10RA;ZNF277;TMEM176B;CBX8;SDCCAG8;PSMB8;PEG3;EVI5;EPB41L3;VWA5A;ADAM17;GFPT2;PLEK2;PLAUR;TNFRSF1B;MMP9;ANGPTL4;LY96;PLVAP;CBL;EREG;BIRC3;LAPTM5;AMMECR1;KLF4;SOX9;IL7R;RBM4;ITGB2;FCER1G;DOCK2;CFH;DUSP6;STRN;MMP11;ANKH;MPZL2;TLR8;LIF;CFB;NGF;GPNMB;PRRX1;BTC;MAFB;IKZF1;CLEC4A;MAP7;EMP1;ETV5;HOXD11;RABGAP1L;ALDH1A3;IGFBP3;FUCA1;TMEM100;BTBD3;ADGRA2;TRIB1;PECAM1;C3AR1;CTSS;CMKLR1;ACE;AVL9;HBEGF;ALDH1A2;MALL
R4_GSE82107_OA_vs_Healthy,HALLMARK_PROTEIN_SECRETION,2.3610785066728,96,2.6414000471879e-09,1.32070002359395e-08,CLN5;YKT6;SCAMP3;TMX1;ERGIC3;STX16;VAMP7;TMED2;SEC31A;TMED10;VPS4B;GLA;RAB14;VAMP3;ARFIP1;BET1;SNX2;TOM1L1;GALC;STX12;COPB2;ARFGAP3;CLTA;ARFGEF2;ATP7A;RAB22A;NAPA;SEC24D;VAMP4;ARFGEF1;NAPG;COPE;RAB5A;MAPK1;STX7;ARCN1;RER1;PPT1;SNAP23;CLTC;DNM1L;ATP1A1;CLCN3;SSPN;AP2M1;LAMP2;SGMS1
R4_GSE82107_OA_vs_Healthy,HALLMARK_ALLOGRAFT_REJECTION,2.0928165847325,200,4.79767765180908e-09,2.18076256900413e-08,IL18;LY75;IL27RA;GALNT1;ELF4;TIMP1;BCL10;FAS;CCR5;HLA-A;DEGS1;IL12RB1;INHBA;CCND2;HIF1A;CSK;CSF1;FGR;CCL4;SRGN;CD47;THY1;RPS19;ETS1;TAPBP;C2;CD74;CRTAM;WAS;ST8SIA4;HCLS1;TRAF2;IFNGR1;RARS1;CCND3;CCL5;CCR1;HLA-DRA;FLNA;NCK1;AKT1;TLR2;FYB1;LYN;HLA-G;IL4R;BRCA1;IFNAR2;HLA-E;MMP9;CAPG;DYRK3;HLA-DMA;EREG;CD8B;CXCR3;ITGB2;TLR1;CD4;IL6;TLR3;CCL19;TAP1;LCP2;IL10;NME1;PF4;STAT1;BCL3
R4_GSE82107_OA_vs_Healthy,HALLMARK_MITOTIC_SPINDLE,2.0434441106188,198,5.34024678076854e-09,2.22510282532023e-08,KATNB1;SPTAN1;ARFIP2;SUN2;UXT;CAPZB;ECT2;YWHAE;SMC4;SAC3D1;MARCKS;CTTN;NUMA1;CSNK1D;TUBD1;ARL8A;PIF1;EZR;ABL1;LLGL1;PKD2;BCL2L11;SMC1A;MARK4;PREX1;FARP1;SYNPO;CDC42EP2;KPTN;SHROOM2;ACTN4;PXN;TUBGCP3;ROCK1;ARHGAP4;RFC1;DLGAP5;STAU1;FLNA;NCK1;WASF1;RAB3GAP1;MAP1S;BCR;SHROOM1;NDC80;CDK1;TLK1;TIAM1;ARFGEF1;ARF6;ARHGDIA;MAPRE1;TBCD;ARHGAP5;DOCK2;ABR;MYH9;RHOT2;ARHGEF2;APC;KIF3B;GEMIN4;SEPTIN9;RACGAP1;DLG1;CDK5RAP2;FBXO5;NET1;ABI1;RASA1;RASA2;SORBS2
R4_GSE82107_OA_vs_Healthy,HALLMARK_IL2_STAT5_SIGNALING,2.05061514974136,199,6.28269396366973e-09,2.31599493719024e-08,PRAF2;SLC2A3;ECM1;CD81;NFKBIZ;SLC39A8;SYT11;COL6A1;RGS16;CTSZ;TNFSF10;TNFSF11;FLT3LG;CCND2;TWSG1;PUS1;MYO1C;SPP1;CSF1;GSTO1;MUC1;TRAF1;MXD1;ENPP1;LCLAT1;SELL;KLF6;BCL2L1;PTRH2;CXCL10;PNP;PLAGL1;GADD45B;IL10RA;RNH1;IFNGR1;CCND3;PLPP1;PHLDA1;AHR;ITGAV;NFIL3;BHLHE40;TGM2;TTC39B;CDKN1C;IFITM3;MYC;NT5E;LRRC8C;IL4R;TNFRSF1B;TIAM1;CAPG;BMPR2;CD44;DCPS;GALM;CDC42SE2;CKAP4;TLR7;ALCAM;SNX14;MAP3K8;IL10;SWAP70;RHOB;ANXA4;XBP1;CDCP1;LIF;CST7;PRKCH;SELP;PTGER2
R4_GSE82107_OA_vs_Healthy,HALLMARK_UNFOLDED_PROTEIN_RESPONSE,2.29559669013565,113,6.48478582413267e-09,2.31599493719024e-08,SPCS1;SRPRB;SRPRA;FKBP14;YIF1A;KDELR3;DCP1A;H2AX;EIF4EBP1;SHC1;ERO1A;ALDH18A1;PDIA5;SEC31A;SLC30A5;SSR1;HYOU1;KHSRP;NOP56;TUBB2A;CNOT4;DNAJB9;CEBPB;DCP2;EDEM1;CALR;ATP6V0D1;NHP2;DNAJC3;EIF4E;EIF2AK3;YWHAZ;ATF6;ERN1;ATF3;STC2;PDIA6;DDX10;CXXC1;XBP1;EIF4A3;XPOT;GEMIN4;HERPUD1;EDC4;FUS;NOP14;ARFGAP1;SDAD1;EIF4A1;EXOSC1;EXOSC4;EXOSC2;HSP90B1;EEF2;CNOT6;SPCS3;SERP1;SLC7A5
R4_GSE82107_OA_vs_Healthy,HALLMARK_GLYCOLYSIS,2.071710008727,200,8.46887155724897e-09,2.82295718574966e-08,SAP30;QSOX1;PGAM1;PC;PGLS;NANP;IER3;CXCR4;G6PD;CHPF2;KDELR3;KIF2A;SDC1;HS2ST1;PMM2;AKR1A1;GMPPA;B4GALT1;B4GALT4;ERO1A;IDUA;TPBG;FUT8;P4HA2;BPNT1;RPE;COL5A1;XYLT2;PYGB;CHST12;HDLBP;PLOD2;GNE;SDC3;GUSB;NSDHL;RARS1;GNPDA1;MIF;GFUS;GMPPB;TALDO1;COPB2;KIF20A;IL13RA1;PDK3;ENO1;NT5E;TPST1;CDK1;VCAN;B4GALT7;SLC25A13;ANGPTL4;CAPN5;B3GALT6;ADORA2B;STMN1;STC2;CD44;SOX9;CITED2;PLOD1;PKM;ISG20;ENO2;EGLN3;CHST6;PGM2;SLC37A4;EXT1;AK4;CHPF;ARTN;PPIA;TGFBI;CASP6
R4_GSE82107_OA_vs_Healthy,HALLMARK_P53_PATHWAY,2.06463904625269,200,9.61994631284286e-09,3.00623322276339e-08,FOS;CDKN1A;IRAK1;IER3;CD81;RPL36;FAS;SDC1;RRP8;RGS16;TP53;DEF6;NOTCH1;PPM1D;CCND2;UPP1;NUDT15;SEC61A1;ZFP36L1;ADA;GM2A;NOL8;PVT1;MXD1;RPS27L;NINJ1;CSRNP2;TM7SF3;HSPA4L;PTPRE;PDGFA;ACVR1B;PLXNB2;CTSD;EPHA2;CCND3;PIDD1;APP;VDR;TCN2;CGRRF1;TRAFD1;VWA5A;KIF13B;STOM;APAF1;S100A10;ATF3;BAIAP2;PCNA;JUN;MAPKAPK3;GADD45A;KLF4;DRAM1;SPHK1;PTPN14;RAP2B;RAB40C;TAP1;DDB2;BTG2;PHLDA3;ABAT;DDIT3;LIF;PROCR;XPC;BTG1;SFN;PRKAB1;IFI30;CD82;AEN;NDRG1;FAM162A;RALGDS;DCXR;JAG2;FUCA1;TCHH;BAK1;ISCU;ZNF365;RNF19B
R4_GSE82107_OA_vs_Healthy,HALLMARK_COMPLEMENT,2.0050885471057,198,1.341709909544e-08,3.94620561630588e-08,C1R;CTSH;GNAI2;PPP4C;CTSO;PSEN1;TIMP1;RNF4;DUSP5;CSRP1;KIF2A;S100A9;GRB2;RHOG;MMP13;GNB4;GNB2;F5;KCNIP3;ATOX1;CTSB;IRF1;SERPING1;SH2B3;DOCK10;RBSN;C2;CLU;WAS;CEBPB;TNFAIP3;CTSD;CCL5;LRP1;MSRB1;GNAI3;CPQ;PSMB9;PRCP;C1QA;LYN;PLA2G7;PLAUR;PFN1;COL4A2;LGALS3;CBLB;FYN;GZMK;FCER1G;CFH;GMFB;IL6;DUSP6;LCP2;SERPINA1;ADAM9;LTA4H;FCN1;EHD1;CFB;PIK3R5;GNG2;C1S;LIPA;USP8;CXCL1;LAMP2;CP;ANXA5;PLEK;LTF;PIK3CG;CTSL;GCA;RABIF
R4_GSE82107_OA_vs_Healthy,HALLMARK_UV_RESPONSE_UP,2.04650237584211,158,8.57859471540865e-08,2.3829429765024e-07,FOS;FOSB;DLG4;RAB27A;BSG;YKT6;ATP6V1C1;FEN1;NPTX2;H2AX;JUNB;AMD1;GCH1;MGAT1;AQP3;HLA-F;CXCL2;RPN1;GLS;SHOX2;GGH;IRF1;BCL2L11;CNP;NAT1;PTPRD;EIF2S3;CCND3;BTG3;SIGMAR1;CDO1;FGF18;CDKN1C;EPCAM;IGFBP2;POLR2H;LYN;DNAJA1;ATF3;MSX1;NR4A1;ARRB2;PPT1;IL6;TAP1;ENO2;RXRB;BTG2;RHOB;CDC5L
R4_GSE82107_OA_vs_Healthy,HALLMARK_MTORC1_SIGNALING,1.92982916917055,199,1.72353262341225e-07,4.33772182793446e-07,CDKN1A;SHMT2;SLC2A3;TES;YKT6;CXCR4;G6PD;SRD5A1;RIT1;PSME3;RDH11;HPRT1;CANX;ERO1A;SLC2A1;SLC6A6;RPN1;SDF2L1;SSR1;GLA;PSPH;CORO1A;PNP;PLOD2;UFM1;GSR;PIK3R3;HMGCR;EDEM1;ACTR2;CCT6A;NFIL3;EPRS1;CALR;BHLHE40;DDX39A;TUBG1;UBE2D3;NAMPT;ENO1;ACTR3;PSMG1;ITGB2;SQLE;HSPE1;MCM2;SERPINH1;EGLN3;BTG2;PPA1;XBP1;LTA4H;CD9;SORD;DDIT3;ATP6V1D;RRM2;SLC37A4;AK4;ACLY;GTF2H1;IFI30;PPIA;PSMA4;BCAT1;HSPD1;PSMC6;P4HA1;NFYC;TFRC;PITPNB;FKBP2;HSP90B1;SLA;SERP1;ELOVL5;SLC7A5;SKAP2;FDXR;PGK1;TCEA1;INSIG1;M6PR;IGFBP5;LDLR;QDPR
R4_GSE82107_OA_vs_Healthy,HALLMARK_IL6_JAK_STAT3_SIGNALING,2.19807482901844,87,1.73508873117379e-07,4.33772182793446e-07,SOCS3;STAT2;PLA2G2A;FAS;GRB2;IL12RB1;CSF1;OSMR;TNFRSF12A;IRF1;CSF2RB;CXCL10;ACVR1B;MYD88;IFNGR1;CCR1;IL17RA;STAM2;IL1R1;IL13RA1;TLR2;IL4R;TNFRSF1B;IFNAR1;CBL;CD44;JUN;IL6;MAP3K8;PF4;CD9;STAT1;CXCL3;LTBR;PIK3R5;PTPN1;CXCL1;PDGFC;CD14;TNFRSF1A;IRF9;BAK1
R4_GSE82107_OA_vs_Healthy,HALLMARK_E2F_TARGETS,1.88982876449468,198,2.4606641656748e-07,5.85872420398762e-07,PRDX4;CDKN1A;CNOT9;PAICS;CKS2;H2AX;SMC4;TP53;TRA2B;PPM1D;MCM5;EED;H2AZ1;SLBP;NOP56;ILF3;DCK;SMC1A;POP7;NUP153;HMGB2;HUS1;HELLS;ORC2;DDX39A;TUBG1;PRIM2;MCM6;NBN;CHEK1;RFC1;DLGAP5;CDKN2C;MYC;NCAPD2;KIF18B;BRCA1;CDK1;TCF19;STMN1;GSPT1;RNASEH2A;RPA3;PCNA;MAD2L1;PDS5B;MCM2;AK2;RFC3;TMPO;TUBB;NME1;TACC3;RANBP1;RRM2;RACGAP1;POLA2;DCLRE1B;DNMT1;MELK;DUT;NAA38;RAN;CDC25B;BUB1B;BRCA2;CDK4;PPP1R8;TFRC;CDC20;TOP2A;XPO1;KPNA2;KIF2C;EZH2;ASF1B;PTTG1;WDR90;PNN;SRSF2;SNRPB;RAD50;POLD2;UBE2S;ESPL1;RAD51AP1;HMMR
R4_GSE82107_OA_vs_Healthy,HALLMARK_TGF_BETA_SIGNALING,2.31732891827185,54,3.2316858769372e-07,7.34474062940273e-07,SMAD7;ID3;SMAD6;ID2;JUNB;NCOR2;SKI;ENG;LTBP2;SLC20A1;RAB31;HDAC1;FKBP1A;WWTR1;TGFBR1;UBE2D3;CDKN1C;TGIF1;ARID4B;BMPR2;SKIL;XIAP;APC;CDH1;FNTA;SMURF2;RHOA;PPP1CA;BCAR3;PMEPA1
R4_GSE82107_OA_vs_Healthy,HALLMARK_UV_RESPONSE_DN,1.88392198137935,142,4.94539287606574e-06,1.07508540784038e-05,CCN1;DUSP1;RGS4;SMAD7;SRI;PRKCA;GJA1;PIK3CD;SNAI2;FZD2;COL5A2;SYNJ2;KCNMA1;PIK3R3;BHLHE40;PRDM2;SLC67A1;LTBP1;PTGFR;MYC;MT1E;PTEN;MTA1;ABCC1;ADORA2B;PLPP3;SIPA1L1;FYN;CITED2;ZMIZ1;CDON;ANXA4;COL11A1;PTPN21;PDGFRB;DLG1;LPAR1;RASA2;PTPRM;ACVR2A;VAV2;F3;ICA1;EFEMP1;DAB2;PMP22;PHF3;SCN8A;RBPMS;AKT3;RND3;COL1A2;SLC7A1;ERBB2;LAMC1;INSIG1;TFPI;COL1A1;IGFBP5;LDLR;GRK5;ATRX;TOGARAM1;ATXN1;KIT;ATP2B4;SERPINE1;ADGRL2;FHL2
R4_GSE82107_OA_vs_Healthy,HALLMARK_G2M_CHECKPOINT,1.73404188656037,200,1.44668466197017e-05,3.01392637910451e-05,SAP30;CKS2;NUP50;H2AX;SMC4;AMD1;MARCKS;NUMA1;TRA2B;CCND1;HMGN2;HIF1A;UPF1;MCM5;ODF2;ABL1;H2AZ1;ILF3;LIG3;SMC1A;SS18;H2BC12;EFNA5;MEIS2;BUB3;HUS1;ORC5;DDX39A;PRIM2;MCM6;CHEK1;CDKN2C;MYC;MT2A;CCNT1;SMC2;NDC80;CDK1;STMN1;GSPT1;KNL1;MAD2L1;SMARCC1;PDS5B;SQLE;PTTG3P;MCM2;TMPO;HIRA;STIL;TFDP1;NSD2;TACC3;BCL3;UBE2C;PBK;RACGAP1;TNPO2;POLA2;TOP1;CDC7;FBXO5;G3BP1;PRMT5;E2F4;CDC25B;CHMP1A;BRCA2;DBF4;KIF11;RBM14;CDK4;CDC20;PRP4K;TOP2A;SRSF10;XPO1;KPNA2;WRN;SLC7A1;SLC7A5;KIF2C;EZH2;PTTG1;SRSF2;TTK;UBE2S;TLE3;ESPL1;HMMR;MEIS1;NUSAP1;ATRX;SUV39H1;KPNB1;CCNA2;NASP;E2F3
R4_GSE82107_OA_vs_Healthy,HALLMARK_PI3K_AKT_MTOR_SIGNALING,1.88551258226466,105,3.34598971624723e-05,6.69197943249446e-05,CDKN1A;STAT2;CXCR4;PIN1;RIT1;GRB2;SLC2A1;CFL1;PIKFYVE;TSC2;CSNK2B;PIK3R3;MYD88;TRAF2;ACTR2;CALR;UBE2D3;MAPK9;EIF4E;SMAD2;NCK1;ARPC3;AKT1;ACTR3;CDK1;PTEN;TIAM1;PFN1;RALB;ARHGDIA;MAPK1;MAPKAP1;YWHAB;CLTC;MAPK10;MKNK1;DDIT3;NGF;AP2M1;SFN;TNFRSF1A;ITPR2;PPP2R1B;PPP1CA;VAV3;CDK4;RAC1;HSP90B1;ARF1;SLA
R4_GSE82107_OA_vs_Healthy,HALLMARK_KRAS_SIGNALING_DN,-1.72142970772557,195,6.02686166524026e-05,0.000115901185870005,EPHA5;CDH16;TFF2;KCNE2;KRT5;KLK7;ARHGDIG;SLC5A5;CYP11B2;GDNF;STAG3;SLC30A3;CPA2;GP1BA;ARPP21;CLDN8;CALML5;ZBTB16;HTR1D;ALOX12B;KLK8;P2RX6;CACNG1;CD207;TFAP2B;CNTFR;BARD1;YPEL1;TAS2R4;KRT13;YBX2;SPTBN2;IL5;P2RY4;MYH7;MYOT;EGF;HTR1B;NR6A1;SOX10;SCN10A;ADRA2C;PROP1;EDN1;THRB;MAGIX;TENM2;TEX15;MX1;RYR1;NPHS1;KCNN1;NOS1;UPK3B;SERPINA10;TNNI3;CAPN9;C5;EFHD1;CLPS;CKM;THNSL2;AKR1B10;CCR8;SLC25A23;NGB;IRS4;ABCB11;TCL1A;SMPX;TLX1;IL12B;GPR3;PDK2;HNF1A;COQ8A;CD80;KRT15;SSTR4;CELSR2;MEFV;PAX4;CACNA1F
R4_GSE82107_OA_vs_Healthy,HALLMARK_ANGIOGENESIS,2.12610901340524,36,9.73534329175793e-05,0.000180284135032554,LRPAP1;TIMP1;CCND2;SPP1;FGFR1;COL5A2;PDGFA;THBD;APP;ITGAV;VCAN;POSTN;CXCL6;MSX1;PF4;SLCO2A1
R4_GSE82107_OA_vs_Healthy,HALLMARK_ESTROGEN_RESPONSE_EARLY,1.53873281450952,200,0.000365322943757627,0.000652362399567191,FOS;NADSYN1;ISG20L2;PRSS23;PAPSS2;CCN5;CANT1;NAV2;ASB13;OPN3;AQP3;B4GALT1;NCOR2;CCND1;EGR3;SLC2A1;TPBG;UGCG;NBL1;MUC1;GJA1;MYOF;GLA;ABHD2;CA12;RAB31;SLC39A6;DYNLT3;FOXC1;FARP1;ARL3;BHLHE40;MICB;TGM2;PTGES;TBC1D30;SLC26A2;ELF1;MYC;IGFBP4;CHPT1;TIAM1;OLFML3;SYBU;SLC1A1;CLIC3;STC2;CD44;KLF4;MLPH
R4_GSE82107_OA_vs_Healthy,HALLMARK_WNT_BETA_CATENIN_SIGNALING,1.88127404610567,41,0.000388108880374821,0.000669153242025554,WNT5B;PPARD;FZD8;TP53;NCOR2;NOTCH1;CCND2;FZD1;NCSTN;ADAM17;SKP2;MYC;HDAC5;DLL1;LEF1
R4_GSE82107_OA_vs_Healthy,HALLMARK_ESTROGEN_RESPONSE_LATE,1.499393162975,200,0.000643311890634826,0.00107218648439138,FOS;FGFR3;PRSS23;PAPSS2;CCN5;SGK1;S100A9;ID2;SNX10;HPRT1;OPN3;NCOR2;CCND1;EGR3;SERPINA3;TPBG;ZFP36;NBL1;EMP2;MYOF;GLA;ABHD2;CA12;HSPA4L;RAB31;DYNLT3;DUSP2;NAB2;FOXC1;FARP1;ARL3;BTG3;GFUS;MICB;PTGES;SLC26A2;LAMC2;KIF20A;DLG5;IGFBP4;UGDH;CHPT1;TIAM1;PDCD4;CLIC3;CD44;SLC29A1;RNASEH2A;KLF4;DNAJC12;ISG20;STIL;ITPK1;SERPINA1;XBP1;CD9;SORD;CDH1
R4_GSE82107_OA_vs_Healthy,HALLMARK_MYC_TARGETS_V1,1.4625843520223,197,0.00226711408572001,0.00365663562212905,PRDX4;YWHAE;HPRT1;CANX;TRA2B;MCM5;H2AZ1;PRPF31;NOP56;TXNL4A;BUB3;EPRS1;ORC2;FAM120A;MCM6;TYMS;NHP2;TRIM28;EIF4E;MYC;SSBP1;SNRPA1;SRM;GSPT1;ERH;SF3B3;PCNA;MAD2L1;SMARCC1;PRPS2;HSPE1;MCM2;TFDP1;HNRNPR;NME1;CAD;RANBP1;XPOT;SNRPD2;HDGF;SET;RUVBL2;CBX3;PPIA;DUT;G3BP1;PSMA4;RAN;EIF4A1;HSPD1;AP3S1;PSMC6;CDK4;CDC20;SNRPA;XPO1;EEF1B2;KPNA2;IMPDH2;C1QBP;RSL1D1;SRSF2;PGK1;POLD2;EIF3D;CCT4;TUFM;KPNB1;CCNA2;MCM4;DDX18;EIF3B;NCBP2;MRPS18B;FBL;HNRNPA3;SNRPD1;PCBP1;NAP1L1;USP1;RPS10;EIF1AX;HDAC2;RRM1
R4_GSE82107_OA_vs_Healthy,HALLMARK_ANDROGEN_RESPONSE,1.56580481184106,99,0.00302368957340519,0.00472451495844561,SGK1;B4GALT1;CCND1;STEAP4;TNFAIP8;ABHD2;CAMKK2;DNAJB9;GSR;HMGCR;CCND3;PLPP1;ITGAV;GNAI3;H1-0;SLC26A2;PGM3;AKT1;SEC24D;ELL2;ADAMTS1;SMS;ZMIZ1;ACTN1;CDC14B;TMEM50A;STK39;SORD;UBE2I;ANKH;PTPN21;APPBP2;NDRG1;MAP7;VAPA;ALDH1A3;PMEPA1;PIAS1;SPCS3;SRP19;ELOVL5;FKBP5
R4_GSE82107_OA_vs_Healthy,HALLMARK_HEME_METABOLISM,1.42769973541076,199,0.00415108527412402,0.00628952314261216,SLC10A3;LRP10;HBB;CTNS;PC;PGLS;MARCHF8;BSG;TRIM58;SLC30A1;GAPVD1;BACH1;IGSF3;HBD;AQP3;PSMD9;SLC2A1;P4HA2;SLC22A4;CTSB;SLC66A2;UCP2;HEBP1;TMEM9B;CCDC28A;ACP5;ARL2BP;CCND3;MINPP1;H1-0;SYNJ1;TRAK2;ELL2;CPOX;MFHAS1;CROCCP2;FBXO9;BMP2K;PPOX;FBXO7;CLIC2;BTG2;CDR2;KLF3;CLCN3;HDGF;GDE1;TOP1;TNS1;LAMP2;SDCBP;ACKR1;ADD1
R4_GSE82107_OA_vs_Healthy,HALLMARK_XENOBIOTIC_METABOLISM,1.3850407425382,197,0.00713485743417676,0.0104924374032011,SHMT2;SERTAD1;PC;SSR3;IGF1;PTGDS;PAPSS2;FAS;ID2;CYP2S1;COMT;PPARD;POR;GCH1;HPRT1;SLC22A1;UPP1;SLC6A6;GSTO1;CNDP2;NINJ1;LCAT;AQP9;GSR;EPHA2;TMEM176B;CDO1;DHRS1;FBP1;PTGES;ITIH4;IL1R1;TDO2;MT2A;PROS1;IGFBP4;MCCC2;UGDH;TPST1;ASL;SLC46A3;NPC1;HSD17B2;ARG2;CBR1;GSS
R4_GSE82107_OA_vs_Healthy,HALLMARK_BILE_ACID_METABOLISM,-1.50299941098885,112,0.00873022741455659,0.0124717534493666,AMACR;ABCA9;ABCA5;BBOX1;NR3C2;CAT;ALDH1A1;NR0B2;ABCA8;APOA1;SLCO1A2;ABCD1;ABCG8;SLC27A5;FADS2;HACL1;SULT2B1;NEDD4;RETSAT;PECR;ABCA2;OPTN;HSD3B1;ACSL1;KLF1;ABCD2;AR;EPHX2;LIPE;IDH2;NR1H4;PFKM;PHYH;LCK;PEX1;CYP7A1;RBP1;PAOX;HSD17B4;CYP46A1;ABCA1;LONP2;IDI1;HAO1;ALDH8A1;SERPINA6;GSTK1;PEX12;ABCA4;CYP39A1;GNPAT;PEX26;SOD1;CYP8B1
R4_GSE82107_OA_vs_Healthy,HALLMARK_APICAL_SURFACE,1.50702758837375,44,0.0174128475491036,0.024184510484866,B4GALT1;FLOT2;SULF2;RTN4RL1;THY1;EFNA5;SHROOM2;APP;NTNG1;TMEM8B;LYN;BRCA1;PLAUR;CRYBG1;SRPX;NCOA6
R4_GSE82107_OA_vs_Healthy,HALLMARK_MYOGENESIS,-1.37127415465294,198,0.0186192224430235,0.0251611114094912,MYF6;FHL1;REEP1;TGFB1;COX6A2;APOD;MAPRE3;MAPK12;SPDEF;SLN;CACNG1;ANKRD2;CASQ1;PGAM2;CD36;TNNT1;MYH7;CAV3;FST;TNNI2;TCAP;ACTN2;MEF2A;TNNC1;LDB3;DES;MYOG;MYH1;MYL1;MYOM1;NQO1;DTNA;CKMT2;ACSL1;ATP2A1;SH3BGR;SORBS1;CHRNB1;SCD;MYH8;DMD;KCNH2;SGCG;MYL2;TNNI1;ENO3;MYL7;DAPK2;RYR1;PKIA;COX7A1;LPIN1;NOS1;KLF5;BIN1;ACTN3;ACTA1;FOXO4;ACHE;MYH4;CSRP3;ERBB3;MYL4;CKM;MYBPC3;CRYAB;MYH2;MB;MYL11;PFKM;ABLIM1;CAMK2B;ADCY9;TNNT3;SVIL;LARGE1;SIRT2;AK1;SMTN;MYOM2;MYL3;ITGA7;PYGM;MYOZ1;AGL;CHRNA1;HRC
R4_GSE82107_OA_vs_Healthy,HALLMARK_NOTCH_SIGNALING,1.54929299047578,32,0.0205470578297055,0.0270356024075072,SAP30;PPARD;CCND1;NOTCH1;FZD1;PRKCA;ARRB1;MAML2;FZD7;DLL1;PSENEN;ST3GAL6;FBXW11;JAG1;LFNG
R4_GSE82107_OA_vs_Healthy,HALLMARK_COAGULATION,1.31956151387798,138,0.033725970693286,0.0432384239657512,C1R;CTSH;DUSP14;PRSS23;CTSO;MMP2;TIMP1;CSRP1;CRIP2;CTSK;PLAU;GNB2;BMP1;PEF1;CTSB;ARF4;SERPING1;C2;CLU;MMP1;THBD;MMP3;MST1;LRP1;CPQ;C1QA;PROS1;CFI;MMP9;CAPN5;FYN;CFH;COMP;DUSP6;MMP11;SERPINA1;PF4;ADAM9;LTA4H;CD9;USP11;CAPN2;CFB;C1S;HTRA1;GNG12;LAMP2
R4_GSE82107_OA_vs_Healthy,HALLMARK_APICAL_JUNCTION,1.21913427219631,198,0.0461090137919876,0.0576362672399846,CERCAM;GNAI2;TSPAN4;CD99;MPZL1;MMP2;CDH3;RAC2;ICAM2;B4GALT1;SHC1;BMP1;JAM3;IKBKG;TRAF1;THBS3;THY1;CAP1;RSU1;ITGA10;SDC3;PIK3R3;SHROOM2;ACTN4;CDH11;TUBG1;TMEM8B;LAMC2;GTF2F1;FYB1;RRAS;VCAN;PTEN;ADAMTS5;MMP9;PFN1;BAIAP2;SIRPA;ARPC2;MYH9;ACTN1;ADAM9;CDH1;MPZL2;MAPK11;NLGN2;COL16A1;EVL;DLG1
R4_GSE82107_OA_vs_Healthy,HALLMARK_MYC_TARGETS_V2,1.33844932087377,58,0.0576159683888606,0.0702633760839763,MAP3K6;PPAN;PUS1;NOC4L;MCM5;SLC19A1;FARSA;NOP56;NIP7;DUSP2;GRWD1;MYC;SRM;HSPE1;PRMT3;SORD;WDR43;CBX3;MRTO4
R4_GSE82107_OA_vs_Healthy,HALLMARK_SPERMATOGENESIS,-1.22510492380007,134,0.128498727735369,0.152974675875439,POMC;DMRT1;HBZ;HOXB1;CLGN;CHRM4;MTNR1A;CRISP2;ZPBP;CCNB2;PIAS2;TSSK2;ART3;YBX2;GAD1;DMC1;ACRV1;PHF7;CAMK4;GSG1;BUB1;TUBA3C;CCT6B;PARP2;SPMAP2;LPIN1;NOS1;IL12RB2;TNNI3;MAST2;PRM2;VDAC3;GRM8;DNAJB8;ADAM2;PCSK1N;ZNRF4;AKAP4;HSPA2;LDHC;DPEP3;IFT88;H1-6;NPHP1;CCNA1;ZC3H14;SYCP1;TEKT2;PAPOLB;NAA11;NEK2
R4_GSE82107_OA_vs_Healthy,HALLMARK_FATTY_ACID_METABOLISM,-1.18278872605649,155,0.14828897338403,0.17242903881864,FASN;ALDH3A1;ACADL;GPD1;HMGCS2;ACSM3;CYP1A1;CA4;CYP4A11;CRYZ;ALDH1A1;AQP7;PRDX6;PCBD1;CD36;FABP1;SUCLG2;RETSAT;MGLL;G0S2;ACSL1;MIX23;CIDEA;HSDL2;ENO3;GAD2;SUCLA2;TP53INP2;HADH;METAP1;ADH1C;MAOA;ADH7;ECI2;GPD2;CA6;PDHA1;HIBCH;DLD;HSD17B4;AOC3;CEL;ACSS1;BPHL;ETFDH;RDH16;ACADM;HAO2;IDI1;EHHADH;SDHA;ACOT8;NCAPH2;MDH2;YWHAH;ADSL;ODC1;FH;ECI1
R4_GSE82107_OA_vs_Healthy,HALLMARK_OXIDATIVE_PHOSPHORYLATION,-1.0595319714721,198,0.337363966142684,0.38336814334396,MRPS12;SLC25A20;OGDH;NDUFS8;ABCB7;AIFM1;ACADSB;RETSAT;UQCRB;PDK4;IMMT;FXN;NNT;SUCLA2;MTX2;VDAC1;IDH2;COX17;LRPPRC;SLC25A4;VDAC3;UQCRC2;SDHB;NDUFB4;SUPV3L1;PHYH;TIMM8B;ETFA;ACAT1;PDHA1;PRDX3;DLD;MRPL34;OXA1L;GPX4;POLR2F;PMPCA;NDUFA9;CYB5A;NDUFA5;ETFDH;MAOB;ACADM;VDAC2;SLC25A11;MPC1;SDHA;NDUFS2;ATP5PD;MDH2;NQO2;NDUFV1;HSPA9;ATP5F1A;OPA1;FH;ECI1;PDHX;CYCS;NDUFB7;MRPS22;MGST3;LDHB;COX6B1;ACAA2;ATP5MC1;IDH3B;IDH1;ATP5F1B;DECR1;DLAT;UQCR10;NDUFA2;AFG3L2;COX7B;HADHB;COX15;NDUFS7;NDUFA3;PDP1;UQCRFS1;NDUFAB1;NDUFB3;ATP5F1C;MDH1;MRPL11;PDHB;SDHC;ECHS1;ECH1;ACADVL;GOT2;NDUFA7;COX5A;SLC25A12;ACO2;NDUFS4;ATP5MF;ATP5F1D
R4_GSE82107_OA_vs_Healthy,HALLMARK_PANCREAS_BETA_CELLS,-0.988753074587933,40,0.46875,0.520477367120551,NKX6-1;PAK3;SCGN;PCSK2;GCK;PKLR;DCX;ABCC8;INS;ELP4;HNF1A;NKX2-2;PDX1;PAX4;NEUROD1;ISL1;CHGA;NEUROG3;G6PC2
R4_GSE82107_OA_vs_Healthy,HALLMARK_ADIPOGENESIS,-0.993177202836064,198,0.478839177750907,0.520477367120551,MCCC1;LEP;ACADL;FABP4;ADIPOQ;MRAP;GPAM;BCL6;AIFM1;PTGER3;LPL;CAT;CMBL;RETN;SLC25A10;CD36;SNCG;ALDH2;BAZ2A;RETSAT;ANGPT1;CYP4B1;MGLL;DBT;SORBS1;CIDEA;RTN3;IMMT;COQ3;ELMOD3;PFKFB3;HADH;EPHX2;LIPE;FZD4;PPARG;SDHB;PHYH;GPD2;TST;UBC;PRDX3;HIBCH;DLD;SLC1A5;GPX4;ITGA7;LIFR;GPHN;ITSN1;NDUFA5;ABCA1;ACADM;C3;MTARC2;PTCD3;PEMT
R4_GSE82107_OA_vs_Healthy,HALLMARK_CHOLESTEROL_HOMEOSTASIS,0.956225586387318,72,0.537414965986395,0.571718048921697,CXCL16;GPX8;S100A11;ETHE1;TNFRSF12A;CLU;GUSB;ACAT2;NSDHL;HMGCR;NFIL3;PDK3;PLAUR;ATF3;LGALS3;SQLE;ALCAM;CD9;TP53INP1;ALDOC
R4_GSE82107_OA_vs_Healthy,HALLMARK_HEDGEHOG_SIGNALING,-0.908715700039514,36,0.605143721633888,0.630358043368633,NKX6-1;TLE1;VLDLR;CNTFR;PLG;SHH;SLIT1;ACHE;PML;NRP1;AMOT;HEY1;GLI1;CDK5R1;CRMP1;CELSR1
R4_GSE82107_OA_vs_Healthy,HALLMARK_REACTIVE_OXYGEN_SPECIES_PATHWAY,-0.823242194681009,49,0.731054977711739,0.745974467052794,MGST1;CDKN2D;SBNO2;CAT;EGLN2;PRDX6;GCLC;NQO1;IPCEF1
R4_GSE82107_OA_vs_Healthy,HALLMARK_PEROXISOME,0.757604232945049,103,0.974576271186441,0.974576271186441,DLG4;MVP;BCL10;TSPO;RDH11;HSD3B7;VPS4B;ERCC1;CTBP1;PRDX5;ITGB1BP1;SLC25A19;CADM1;SIAH1;SMARCC1;ACOX1;CLN8;SLC23A2;CRABP2
R5_GSE51588_PIEZO1_coexpr,HALLMARK_MYC_TARGETS_V1,-2.21881289479255,192,4.69041639033035e-11,2.34520819516518e-09,G3BP1;SET;PSMB3;PSMD7;LSM7;SRSF3;C1QBP;VBP1;MAD2L1;HNRNPA2B1;CBX3;XRCC6;SNRPD1;RSL1D1;BUB3;RRM1;GOT2;RPL14;YWHAQ;RPL6;NPM1;SRSF2;LSM2;CDC45;DDX18;PSMA6;ILF2;AP3S1;EIF4E;NHP2;RAN;RANBP1;CDC20;RPL34;SNRPG;NME1;RPS5;CDK2;PTGES3;SNRPD3;SMARCC1;ACP1;EEF1B2;PA2G4;TYMS;CLNS1A;PRDX4;ERH;EIF4A1;MRPL23;MRPS18B;RPS10;CCNA2;PGK1;HNRNPA1;EIF2S1;GSPT1;PCNA;SNRPD2;GNL3;NAP1L1;HPRT1;SYNCRIP;HDAC2;RPL22;PSMD14;HDGF;PWP1;LDHA;HSP90AB1;SF3B3;HSPE1;PRPS2;SLC25A3;COX5A;HSPD1;TCP1;CCT2;UBE2L3;FBL;PSMD1;HNRNPR;PSMB2;PSMA4
R5_GSE51588_PIEZO1_coexpr,HALLMARK_EPITHELIAL_MESENCHYMAL_TRANSITION,-2.20291650567715,195,1.61674226683542e-10,4.04185566708855e-09,LOX;IGFBP2;TPM4;ITGB1;RGS4;PLOD2;SERPINH1;COL16A1;WNT5A;EFEMP2;THY1;MMP2;POSTN;SLIT3;FAP;LUM;HTRA1;CALU;VEGFA;CDH2;COL4A2;GPX7;MMP14;GJA1;PMP22;PPIB;NNMT;PDLIM4;TGFBI;SPARC;CTHRC1;COL4A1;TPM1;LOXL2;COL1A1;SERPINE2;FSTL1;THBS2;PTHLH;QSOX1;SGCD;OXTR;COL3A1;FLNA;SPP1;PRRX1;NID2;COL5A2;BASP1;SERPINE1;COL1A2;EDIL3;SPOCK1;ITGAV;FN1;DCN;MAGEE1;ECM1;VCAN;LAMC2;INHBA;ADAM12;LAMA3;TNFRSF12A;EMP3;CAPG;ITGB3;MMP1;PLOD1;FBN2;CRLF1;TIMP1;COL6A3;SDC1;CD44;DST;MSX1;MGP;COL11A1;DPYSL3;FBLN1;SCG2;CXCL12;GPC1;MXRA5;MATN2;SNAI2;COL12A1;MATN3;PLOD3;PLAUR;CALD1;BDNF;VEGFC;LGALS1;TNFRSF11B;CADM1;ACTA2;TPM2;COMP;LAMA1;ITGA2;ABI3BP;FMOD;VIM;GADD45A;MFAP5;THBS1;COL8A2
R5_GSE51588_PIEZO1_coexpr,HALLMARK_E2F_TARGETS,-2.09543243931814,194,5.49503539833109e-09,9.15839233055182e-08,MMS22L;ESPL1;MAD2L1;CDKN3;CDC25A;CKS2;XRCC6;HMGB3;CBX5;SRSF2;GINS1;TRIP13;TK1;BIRC5;RNASEH2A;PPM1D;POP7;AK2;HELLS;WDR90;RAN;RANBP1;CDC20;MXD3;HMMR;CHEK1;NME1;UBE2T;DIAPH3;UBE2S;CDK1;DLGAP5;PPP1R8;DEPDC1;PA2G4;PTTG1;CDCA3;PRDX4;RPA3;CDKN2A;UNG;SPC24;NAA38;CHEK2;NUDT21;CDCA8;CCNB2;ANP32E;BUB1B;MCM3;IPO7;CSE1L;SPC25;RACGAP1;TIPIN;CIT;MTHFD2;EIF2S1;CENPM;GSPT1;RFC3;PCNA;POLD3;MELK;NAP1L1;ATAD2;STMN1;RAD51C;SYNCRIP;EZH2;SMC6;STAG1;PHF5A;CCNE1;PAICS;PSIP1;ORC6;KIF2C;SPAG5;WEE1;SMC4;MSH2;TACC3;PLK4;LMNB1;RAD51AP1;KIF4A;GINS4;MCM6;BRCA1;NOP56;CENPE;MYC;RAD21;E2F8;PMS2;TIMELESS;KIF18B;GINS3;BRCA2
R5_GSE51588_PIEZO1_coexpr,HALLMARK_G2M_CHECKPOINT,-1.93388049479863,189,3.84237458391332e-07,4.80296822989165e-06,G3BP1;DR1;ESPL1;HIF1A;MAD2L1;CDKN3;DBF4;CDC25A;UBE2C;CKS2;HMGB3;SMC2;SNRPD1;BUB3;PTTG3P;SQLE;SRSF2;CDC45;NDC80;RBL1;BIRC5;UCK2;KIF20B;CDC20;CDC6;PBK;HMMR;CHEK1;UBE2S;SMARCC1;CDK1;NUSAP1;EXO1;PTTG1;STIL;RASAL2;TPX2;KIF23;CCNB2;BUB1;PRC1;CENPA;MCM3;CUL4A;GINS2;RACGAP1;NEK2;E2F3;ORC5;TTK;CCNA2;MT2A;CENPF;GSPT1;RAD54L;TROAP;STMN1;SYNCRIP;EZH2;E2F1;STAG1;NCL;AMD1;E2F2;ORC6;TOP1;FANCC;CDC7;KIF2C;CUL3;MARCKS;SMC4;KIF11;SRSF10;DTYMK;FBXO5;HOXC10;SAP30;ATRX;TACC3;PLK4;LMNB1;HMGN2;POLQ;KIF4A;MCM6;CENPE;MYC;SLC12A2;KPNB1;ODF2;KIF15;RAD21;DMD;BRCA2;EFNA5
R5_GSE51588_PIEZO1_coexpr,HALLMARK_MTORC1_SIGNALING,-1.85643312349692,193,1.4173212364877e-06,1.4173212364877e-05,SSR1;HSPA4;SLC6A6;CDC25A;BCAT1;SDF2L1;GTF2H1;PLOD2;SERPINH1;PRDX1;RIT1;SQLE;P4HA1;PDAP1;ELOVL6;IMMT;ATP6V1D;CALR;HSPA5;SERP1;UCHL5;EBP;CACYBP;GMPS;FADS1;FADS2;ARPC5L;FDXR;MLLT11;TES;PNP;UNG;PSAT1;SRD5A1;TPI1;ACTR2;BUB1;GBE1;HMBS;SHMT2;IDI1;EEF1E1;ATP2A2;UFM1;SYTL2;GLRX;MTHFD2;PGK1;ASNS;TXNRD1;SLC7A11;HPRT1;IFI30;GLA;ELOVL5;PSMD14;SORD;RDH11;RAB1A;GOT1;LDHA;GAPDH;HSPE1;CTSC;TRIB3;HSPD1;PSMG1;PSPH;TCEA1
R5_GSE51588_PIEZO1_coexpr,HALLMARK_ADIPOGENESIS,1.82339981806853,188,2.4898412451749e-06,2.07486770431242e-05,BAZ2A;ADCY6;ESYT1;UCP2;DGAT1;PHLDB1;SLC1A5;ADIPOR2;SLC5A6;ITIH5;FAH;ACADS;BCL6;POR;CD36;ECH1;GPAM;SLC25A1;STAT5A;SLC27A1;PPARG;FZD4;SCARB1;ELMOD3;MGLL;DLD;PFKFB3;MRAP;ALDH2;REEP6;SNCG;ITGA7;FABP4;VEGFB;C3;GPX4;GPX3;RETSAT;RTN3;SUCLG1;SLC25A10;PEX14;ACADL;ADIPOQ;LTC4S;CYP4B1;STOM;CAT;CIDEA;DHCR7;LIPE;LPL;IDH1;LEP;PGM1;PEMT;IDH3A;MCCC1;IDH3G;EPHX2;HIBCH;PDCD4;ESRRA;PIM3;NMT1;PLIN2;ORM1;TST;RREB1;CPT2;ANGPT1;DHRS7;ANGPTL4;PREB;AIFM1;ACAA2;HSPB8;ACOX1
R5_GSE51588_PIEZO1_coexpr,HALLMARK_OXIDATIVE_PHOSPHORYLATION,-1.69222186302771,183,9.24117465323465e-05,0.000660083903802475,NNT;GLUD1;UQCRQ;FXN;NDUFA4;TIMM8B;COX6B1;COX7A2;COX7C;COX8A;UQCR11;NDUFB2;NDUFB1;TIMM9;SLC25A6;GOT2;NDUFA2;NDUFS6;IMMT;ATP6V1D;COX6C;COX17;BAX;MRPS12;NDUFA6;MRPL15;UQCR10;TIMM50;ISCA1;UQCRH;NDUFB4;MRPS22;NDUFB7;NDUFA5;NDUFB3;COX5B;PDHB;NDUFB8;NDUFA1;ATP6V1C1;ATP1B1;UQCRFS1;TIMM17A;COX11;TOMM22;MRPS11;NDUFS4;ATP6V1F;NDUFA8;LDHA;COX7B;COX6A1;NDUFA3;ATP6V0B;LDHB;PDP1;SLC25A3;NDUFC1;CYCS;SDHC;COX5A
R5_GSE51588_PIEZO1_coexpr,HALLMARK_GLYCOLYSIS,-1.65731759386695,196,0.000244510745557485,0.00151774633585306,MIF;GALK2;IL13RA1;TXN;SRD5A3;RPE;ECD;KIF2A;PLOD2;CHST12;GOT2;ARPP19;CHPF;P4HA1;DSC2;P4HA2;B3GNT3;GALE;GAPDHS;HSPA5;LDHC;SLC16A3;VEGFA;B4GALT1;CHST6;HMMR;TGFBI;CDK1;DEPDC1;B4GALT7;B4GALT2;SDC2;COPB2;QSOX1;TPI1;KDELR3;GALK1;ALDOB;CENPA;PDK3;KIF20A;DCN;GLRX;TPST1;ALG1;ADORA2B;PGK1;MIOX;VCAN;FUT8;SDC3;CAPN5;PGAM2;PLOD1;PAM;STMN1;GOT1;LDHA;FAM162A;SDC1;CD44
R5_GSE51588_PIEZO1_coexpr,HALLMARK_ESTROGEN_RESPONSE_EARLY,1.57095515028353,192,0.000273194340453552,0.00151774633585306,SLC22A5;RAPGEFL1;FLNB;SH3BP5;SCNN1A;GAB2;CELSR2;TFF3;NCOR2;WFS1;SVIL;MAPT;SYT12;ENDOD1;SCARB1;FDFT1;TMEM164;LRIG1;INHBB;AKAP1;SLC37A1;ABCA3;HES1;ASB13;NPY1R;RET;FOXC1;ITPK1;SLC24A3;GREB1;CBFA2T3;AR;ELOVL2;DHRS3;MED13L;TUBB2B;MPPED2;ADCY9;BCL2;MYBL1;MYBBP1A;SLC1A4;DHCR7;KRT8;PGR;NADSYN1;ZNF185;MICB;ADCY1;KLF10;PEX11A;KAZN;SYBU;TGIF2;TTC39A;ADD3;PDZK1;FHL2;FASN;ARL3;ALDH3B1;CYP26B1;BCL11B;CALB2;OLFM1;FOS;RASGRP1;NRIP1;HSPB8;IGF1R;ABHD2;SLC19A2
R5_GSE51588_PIEZO1_coexpr,HALLMARK_FATTY_ACID_METABOLISM,1.60207085970841,154,0.000489705214927122,0.00244852607463561,SLC22A5;GCDH;CYP4A11;ADIPOR2;ACADS;CD36;EPHX1;ECH1;AOC3;BPHL;VNN1;MLYCD;HSD17B7;ENO3;MGLL;AQP7;DLD;GPD1;REEP6;CA4;ACAA1;RETSAT;SUCLG1;AUH;ACSL1;ACADL;ALAD;LTC4S;ACADVL;G0S2;ACSL5;CIDEA;IDH1;HSDL2;ALDH9A1;ALDH3A2;IDH3G;CBR3;HIBCH;MAOA;PDHA1;SDHA;ETFDH;ADH1C;DLST;FASN;CPT2;PPARA;DHCR24;HSD17B4;GABARAPL1;ECI1;HMGCS1;ACAA2;ENO2;SERINC1;ACOX1
R5_GSE51588_PIEZO1_coexpr,HALLMARK_UNFOLDED_PROTEIN_RESPONSE,-1.71696308660895,105,0.000886131159077853,0.00402786890489933,SSR1;ATF6;EXOSC1;YIF1A;SPCS3;EXOSC4;FKBP14;NPM1;PDIA5;EIF4EBP1;CALR;EIF4E;NHP2;HSPA5;SERP1;VEGFA;WIPI1;DNAJC3;EXOSC9;PSAT1;ALDH18A1;KDELR3;ATF4;EIF4A1;LSM1;SLC30A5;MTHFD2;ASNS;EIF2S1;IGFBP1;DDX10;POP4;IFIT1;SDAD1;SRPRB;NOP14
R5_GSE51588_PIEZO1_coexpr,HALLMARK_SPERMATOGENESIS,-1.53606410991146,131,0.00511685056914595,0.020681805657084,TSN;CDKN3;DBF4;DPEP3;SNAP91;GSTM3;PRM2;COIL;TNNI3;TCP11;IP6K1;GAPDHS;LDHC;PACRG;HBZ;CDK1;RPL39L;IDE;CCNB2;BUB1;SCG5;NEK2;TTK;AKAP4;ZNRF4;DMRT1;PIAS2;CLPB;EZH2;MEP1B;ACTL7B;NCAPH;TSSK2;CAMK4;KIF2C;PSMG1;SYCP1;STAM2;CRISP2;PEBP1;HSPA4L;DMC1;HOXB1;RFC4;SLC2A5;SLC12A2;BRAF;GRM8;CST8;NEFH;TULP2;ZPBP;PARP2;TKTL1;GMCL1
R5_GSE51588_PIEZO1_coexpr,HALLMARK_HEME_METABOLISM,1.43827681828523,191,0.00537726947084184,0.020681805657084,RBM5;KHNYN;EPOR;TAL1;EPB41;RANBP10;ATP6V0A1;UCP2;RBM38;LRP10;RNF123;KEL;TNRC6B;UBAC1;SIDT2;FOXJ2;ERMAP;EZH1;RHD;SYNJ1;PC;PIGQ;ENDOD1;SELENBP1;PPOX;CROCCP2;SLC25A38;ACSL6;C3;NFE2L1;XK;MXI1;RCL1;GAPVD1;BTG2;HTRA2;ALAD;GCLC;LPIN2;RNF19A;FOXO3;CAT;MARK3;NARF;BCAM;ALDH1L1;OSBP2;KAT2B;VEZF1;TNS1;PDZK1IP1;TMCC2;CCND3;DCAF11;DAAM1;GCLM;RHAG;BSG;CDR2;ARHGEF12;GYPC;OPTN;FBXO7;CTNS;TSPAN5;ADD2
R5_GSE51588_PIEZO1_coexpr,HALLMARK_ANGIOGENESIS,-1.67084178156692,36,0.00716970906058263,0.0256061037877951,PTK2;APP;KCNJ8;POSTN;LUM;S100A4;VEGFA;FSTL1;COL3A1;SPP1;COL5A2;ITGAV;VCAN;PDGFA;TIMP1;APOH;MSX1
R5_GSE51588_PIEZO1_coexpr,HALLMARK_DNA_REPAIR,-1.42367663863772,139,0.0104720347291608,0.0322705071041078,SUPT4H1;TAF10;RAE1;POLR2G;POLH;TMED2;SMAD5;RBX1;GTF2H1;SAC3D1;APRT;PRIM1;RRM2B;TAF13;DAD1;COX17;GTF2H3;RAD51;GTF3C5;NME1;NFX1;CANT1;DDB1;TYMS;RPA3;ZWINT;PNP;NUDT21;RNMT;ADA;POLR2E;RFC3;PCNA;EDF1;TAF12;POLD3;HPRT1;CDA;BCAP31;POLR2H;POLR2J;ELL;SDCBP;UMPS;SF3A3;GTF2H5;GTF2B;POLA1;POLR3C;EIF1B;ITPA;RFC4;ERCC1;CSTF3;NME3;SRSF6;SURF1;IMPDH2;GTF2A2;ERCC4;PDE6G;RAD52;DDB2;PDE4B;AK1;POLR2D;CMPK2;GUK1;VPS37D;RFC5
R5_GSE51588_PIEZO1_coexpr,HALLMARK_MITOTIC_SPINDLE,1.39053609793903,196,0.0108509573183306,0.0322705071041078,PCNT;NUMA1;DYNC1H1;FLNB;FGD4;EPB41;ARHGEF11;CDK5RAP2;ARAP3;TUBGCP6;TSC1;WASF2;MYO9B;KIF1B;BCAR1;CDC42EP4;ARHGAP27;GEMIN4;TUBGCP5;SUN2;SPTAN1;CDC42BPA;MAP3K11;CEP72;ARHGDIA;CAPZB;KNTC1;SASS6;ALMS1;RHOT2;TUBGCP2;SPTBN1;CDC42EP2;ARHGAP10;MYH10;TRIO;PKD2;GSN;BIN1;CNTROB;RICTOR;TBCD;AKAP13;ACTN4;VCL;SMC1A;ARHGAP29;RFC1;TAOK2;KLC1
R5_GSE51588_PIEZO1_coexpr,HALLMARK_ANDROGEN_RESPONSE,-1.47340164749458,97,0.0109719724153967,0.0322705071041078,ABCC4;NCOA4;SPCS3;XRCC6;HOMER2;LMAN1;INPP4B;ELL2;SPDEF;B4GALT1;CDC14B;FADS1;IQGAP2;PA2G4;HPGD;TMPRSS2;STEAP4;PGM3;IDI1;ITGAV;SLC26A2;KRT19;VAPA;KLK2;ELOVL5;SORD;CENPN;DBI;ELK4
R5_GSE51588_PIEZO1_coexpr,HALLMARK_INTERFERON_GAMMA_RESPONSE,1.36828447780079,193,0.0119216722410414,0.0331157562251151,NLRC5;NCOA3;CD74;NOD1;IRF4;SLC25A28;KLRK1;IRF1;OGFR;PTPN6;SLAMF7;PML;APOL6;IL15;PARP12;RBCK1;HLA-DRB1;TNFAIP2;TNFAIP3;STAT4;GBP4;ITGB7;GZMA;ADAR;CD40;TOR1B;HLA-DMA;BATF2;CCL5;LCP2;BST2;XAF1;TNFSF10;IRF2;IL10RA;IL2RB;IRF8;RNF31;RNF213;GPR18;HLA-B;TXNIP;CXCL9;HLA-G;STAT3;CASP8;TRIM26;IL18BP;NFKB1;P2RY14;EIF4E3;GCH1;TRIM21;XCL1;CD38;HLA-DQA1;NAMPT;STAT2;TAPBP;TAP1;IRF9;CXCL10;ISG20;PTPN1;NUP93;IFIT3;IFI35;SAMD9L;DHX58;ZBP1;MYD88;BANK1
R5_GSE51588_PIEZO1_coexpr,HALLMARK_PROTEIN_SECRETION,-1.44486279478175,95,0.0131193749666017,0.0345246709647413,AP2S1;RAB2A;NAPG;LAMP2;TMED2;TMX1;ADAM10;PPT1;LMAN1;AP3S1;SEC22B;ARCN1;SNAP23;CLN5;ATP7A;COPB2;AP3B1;ANP32E;VAMP3;ARFIP1;COPB1;SCAMP3;BET1;PAM;GLA;DST;CTSC;MAPK1;EGFR;SEC24D;SOD1;AP2M1;SEC31A;STX7;BNIP3
R5_GSE51588_PIEZO1_coexpr,HALLMARK_XENOBIOTIC_METABOLISM,1.29300123284711,195,0.0190087884572511,0.045743069238083,LCAT;CYP4F2;JUP;BCAR1;SLC1A5;ACOX2;FAH;ETS2;POR;CD36;ABHD6;EPHX1;ECH1;PDK4;CYP2E1;ASL;AKR1C3;BPHL;ACOX3;ALAS1;VNN1;PC;LEAP2;EPHA2;DHRS1;FMO3;DHPS;CNDP2;PGD;NDRG2;ALDH2;DDAH2;LONP1;RETSAT;AP4B1;NQO1;PINK1;GCLC;LPIN2;IRF8;ITIH4;CAT;ACSM1;MTHFD1;IDH1;PEMT;ALDH9A1;SLC12A4;RBP4;MAOA;ETFDH;NMT1;SLC6A12;ATOH8;NPC1;ADH1C;GCH1;CES1;PMM1;GSS;SPINT2;DHRS7;GABARAPL1
R5_GSE51588_PIEZO1_coexpr,HALLMARK_ALLOGRAFT_REJECTION,1.28810712816544,195,0.0192120890799949,0.045743069238083,IKBKB;CD74;ITGAL;PRKCB;FGR;IRF4;APBB1;STAB1;CD247;ZAP70;PTPN6;CCR2;MAP4K1;IL15;PRF1;CSK;STAT4;LCK;CRTAM;GZMA;HCLS1;INHBB;LY75;CD40;HLA-E;NLRP3;HLA-DMA;LYN;IL2RG;CCL5;NCF4;LCP2;CD8A;CFP;CD8B;IL2RB;KLRD1;CD96;FASLG;IRF8;CXCR3;SIT1;CXCL9;HLA-DRA;TLR1;TLR2;PF4;IL18RAP;HLA-DMB;CD40LG;HLA-G;LTB;CD2;CCR5;CCL4;GZMB;CCND2;CCND3;HLA-DOB;HLA-DQA1;IL12A;TAPBP;TAP1;TNF;TRAT1;GPR65;IFNGR1;CD3G;IL27RA
R5_GSE51588_PIEZO1_coexpr,HALLMARK_BILE_ACID_METABOLISM,1.33521092708043,111,0.0289241127180132,0.0657366198136664,ABCA8;SLC23A2;RXRA;LONP2;ABCA2;NR3C2;MLYCD;LCK;ABCA6;ABCA3;ABCA4;PAOX;RETSAT;ABCA5;AR;ACSL1;PEX16;RXRG;GC;CAT;ACSL5;LIPE;PEX19;IDH1;ALDH9A1;PEX1;BBOX1;SLC23A1;BCAR3;PEX11A;EPHX2;NPC1;SLC29A1;PECR;ABCA9;ABCD3;GCLM;DHCR24;HSD17B4;PEX11G;ABCD2;HACL1;OPTN;CYP8B1
R5_GSE51588_PIEZO1_coexpr,HALLMARK_NOTCH_SIGNALING,1.46021145486276,32,0.0307556230449,0.0668600500976086,KAT2A;NOTCH1;DTX4;DTX2;NOTCH3;ARRB1;DLL1;HES1;DTX1;CUL1;FZD5;ST3GAL6
R5_GSE51588_PIEZO1_coexpr,HALLMARK_IL2_STAT5_SIGNALING,1.26203270908671,193,0.0455152399444221,0.0948234165508793,CAPN3;NCOA3;TRAF1;NRP1;IRF4;SLC1A5;SPRED2;ITIH5;AHNAK;PUS1;FAH;FLT3LG;SPRY4;SHE;CD81;CD79B;BCL2L1;CST7;SCN9A;EOMES;GBP4;IGF2R;LRIG1;ENO3;PRKCH;NOP2;TNFRSF18;CDKN1C;TNFRSF4;CD48;GPX4;AGER;FURIN;DHRS3;SERPINC1;TNFSF10;POU2F1;IL10RA;IL2RB;IRF8;BCL2;PTGER2;GALM;HOPX;MAP6;MAPKAPK2;IKZF4;LTB;PLIN2;MAP3K8;CCND2;KLF6;DENND5A;CCND3;HK2;SLC39A8;GABARAPL1;CXCL10;CDC42SE2;NDRG1;IGF1R;PDCD2L;ST3GAL4;GPR65;IFNGR1
R5_GSE51588_PIEZO1_coexpr,HALLMARK_COAGULATION,-1.28841206060417,136,0.0636833046471601,0.12736660929432,TMPRSS6;LAMP2;PLAU;MMP11;PRSS23;S100A13;MMP2;ARF4;HTRA1;C1R;MMP14;PROC;SERPING1;SPARC;WDR1;ADAM9;C2;SERPINE1;FN1;HRG;F2;CFI;F3;C1S;CAPN5;PREP;ITGB3;MMP1;GP9;TIMP1;F12;F8;MEP1A;APOA1;CTSO;HNF4A;GP1BA;ANXA1;F10;ISCU;MMP9;FGA;SERPINB2;CPN1;CFH;DPP4;CTSB;PROS1;CFB;MBL2;COMP;ITIH1;PLG;KLF7;ITGA2;DUSP14;SH2B2;CTSK;THBS1
R5_GSE51588_PIEZO1_coexpr,HALLMARK_UV_RESPONSE_UP,1.26552125491461,150,0.0749414519906323,0.144118176905062,NXF1;PRPF3;GLS;PRKCD;DGAT1;GRINA;HLA-F;POLG2;RXRB;CLCN2;IRF1;EPHX1;KLHDC3;PRKACA;ALAS1;WIZ;SQSTM1;STK25;CHKA;EIF5;RET;CDKN1C;GPX3;ACAA1;TGFBRAP1;LYN;FURIN;BTG2;TYRO3;KCNH2;CDC34;RRAD;CYB5B;MAOA;ARRB2;SLC25A4;SLC6A12;STIP1;JUNB;TST;GCH1;CCND3;DNAJB1;OLFM1;FOS;TAP1;BSG;RASGRP1;E2F5;ENO2
R5_GSE51588_PIEZO1_coexpr,HALLMARK_REACTIVE_OXYGEN_SPECIES_PATHWAY,1.33803470770109,46,0.0844748858447489,0.156434973786572,PDLIM1;G6PD;EGLN2;ERCC2;TXNRD2;STK25;MBP;GPX4;GPX3;MGST1;NQO1;GCLC;FES;CAT;LSP1;NDUFS2;JUNB;MPO;GCLM;HHEX;MSRA
R5_GSE51588_PIEZO1_coexpr,HALLMARK_HYPOXIA,-1.21366831705457,191,0.0984455958549223,0.17579570688379,MIF;LOX;NDST2;SLC6A6;TMEM45A;P4HA1;HOXB9;P4HA2;S100A4;GAPDHS;SRPX;HSPA5;LDHC;VEGFA;SULT2B1;TGFBI;ATP7A;SDC2;TES;TPI1;HMOX1;KDELR3;GBE1;GALK1;ALDOB;SERPINE1;LXN;PDK3;FOSL2;CA12;DCN;GLRX;MT1E;ADORA2B;PGK1;MT2A;IGFBP1;F3;SDC3;PGAM2;PAM;B4GALNT2;LDHA;SIAH2;FAM162A;GAPDH;ANXA2;NEDD4L;PRKCA;TGFB3;MYH9
R5_GSE51588_PIEZO1_coexpr,HALLMARK_TGF_BETA_SIGNALING,1.2288732083776,54,0.13594470046083,0.230654761904762,LTBP2;SMURF1;NCOR2;SMAD7;ENG;LEFTY2;SMAD3;CDKN1C;CDH1;SPTBN1;FURIN;PPP1R15A;CDK9;NOG;BCAR3;KLF10
R5_GSE51588_PIEZO1_coexpr,HALLMARK_WNT_BETA_CATENIN_SIGNALING,1.26319829915964,42,0.138392857142857,0.230654761904762,AXIN1;KAT2A;NOTCH1;DVL2;FZD8;FRAT1;NCOR2;DLL1;NOTCH4;WNT6;CUL1;JAG2;HDAC5;CCND2;TP53;NUMB
R5_GSE51588_PIEZO1_coexpr,HALLMARK_CHOLESTEROL_HOMEOSTASIS,1.17058525676455,72,0.164383561643836,0.265134776844896,LSS;ACSS2;ATXN2;SREBF2;ECH1;ABCA2;GSTM2;PPARG;HSD17B7;CHKA;FDFT1;TM7SF2;MVK
R5_GSE51588_PIEZO1_coexpr,HALLMARK_MYOGENESIS,1.13729562356781,197,0.176470588235294,0.275735294117647,FLII;SH2B1;DAPK2;NOTCH1;SPTAN1;CASQ2;CD36;NCAM1;VIPR1;PYGM;MRAS;MYOM1;LPIN1;PC;SVIL;CTF1;CACNA1H;RYR1;MAPK12;TAGLN;ENO3;GNAO1;FXYD1;PLXNB2;MAPRE3;ITGA7;SIRT2;GPX3;EFS;SGCG;ITGB4;DMPK;NQO1;CRYAB;ACSL1;AKT2;GSN;BIN1;ADCY9;MYL2;LSP1;LAMA2;KCNH2;OCEL1;CHRNB1;SGCA;FOXO4;AGL;ACTN3;MYL3;APOD;IGFBP3;HDAC5;TNNC2
R5_GSE51588_PIEZO1_coexpr,HALLMARK_TNFA_SIGNALING_VIA_NFKB,1.13162228334277,196,0.190023752969121,0.287914777225941,KDM6B;TRIP10;TRAF1;RELA;IRF1;BCL6;ETS2;PTPRE;NFAT5;PER1;SNN;STAT5A;REL;SQSTM1;TNFAIP2;TNFAIP3;LITAF;HES1;SMAD3;PFKFB3;IRS2;CCL5;PLEK;PPP1R15A;TNIP1;CXCL3;BTG2;DRAM1;G0S2;TLR2;F2RL1;ZC3H12A;KLF10;EHD1;MCL1;PTGER4;TRIB1;JUNB;NFKB1;CCL4;MAP3K8;GCH1;TUBB2A;KLF6;DENND5A;NAMPT;CFLAR;FOS;TAP1;TNF;CXCL10
R5_GSE51588_PIEZO1_coexpr,HALLMARK_INTERFERON_ALPHA_RESPONSE,1.12991003513633,92,0.206088992974239,0.303072048491528,CD74;SLC25A28;IRF1;OGFR;UBA7;IL15;PARP12;GBP4;ADAR;BATF2;BST2;IRF2;MOV10;RNF31;TXNIP;CASP8;TRIM26;TRIM21;GMPR;STAT2;OAS1;TAP1;IRF9;CXCL10;ISG20;NCOA7;IFIT3;IFI35;SAMD9L;DHX58;HLA-C;CSF1;GBP2;SP110;IFI44L;PSMB8;LPAR6;PARP9;LY6E;CXCL11;PSMB9;LAP3;CCRL2;SELL;TRIM25;CASP1;NUB1
R5_GSE51588_PIEZO1_coexpr,HALLMARK_APICAL_SURFACE,-1.10932045466453,43,0.280510018214936,0.400728597449909,DCBLD2;APP;ATP6V0A4;ADAM10;SLC34A3;GSTM3;THY1;SRPX;B4GALT1
R5_GSE51588_PIEZO1_coexpr,HALLMARK_HEDGEHOG_SIGNALING,1.07820402425456,35,0.304250559284116,0.422570221227939,NRP1;NRP2;ETS2;PML;RTN1;TLE3;TLE1;CNTFR
R5_GSE51588_PIEZO1_coexpr,HALLMARK_APICAL_JUNCTION,1.04604596677533,192,0.327830188679245,0.435441120787581,DHX16;MAP4K2;INPPL1;TRAF1;IKBKG;PLCG1;ZYX;TSC1;EVL;JUP;VWF;TMEM8B;ARHGEF6;JAM3;LDLRAP1;NLGN2;CX3CL1;MYL9;ADAMTS5;SYK;LIMA1;RRAS;FLNC;CDH1;CLDN14;MYH10;ITGA3;STX4;ITGB4;AKT2;ACTN1;FBN1;CLDN5;ACTN4;NFASC;NRXN2;CRB3;SIRPA;RSU1;VCL;KCNH2;SLIT2
R5_GSE51588_PIEZO1_coexpr,HALLMARK_PANCREAS_BETA_CELLS,-1.07449639868916,40,0.330935251798561,0.435441120787581,PAX4;ELP4;SRP9;SRP14;SYT13;IAPP;DCX;SRPRB;PCSK1;DPP4;PDX1;SEC11A;AKT3;GCK;VDR;NKX2-2;PKLR;INS;CHGA;NEUROG3;NKX6-1
R5_GSE51588_PIEZO1_coexpr,HALLMARK_ESTROGEN_RESPONSE_LATE,1.02098225824094,192,0.384433962264151,0.492864054184809,SLC22A5;RAPGEFL1;FLNB;IMPA2;PLXNB1;SCNN1A;ACOX2;CELSR2;PTPN6;TFF3;CACNA2D2;ST6GALNAC2;METTL3;LTF;NCOR2;WFS1;IGSF1;MAPT;ASS1;SCARB1;FDFT1;ABCA3;NPY1R;RET;CDH1;FOXC1;ITPK1;SLC24A3;PRKAR2B;BCL2;SCUBE2;MEST;SLC1A4;DHCR7;PGR;ALDH3A2;MICB;PDCD4;SLC29A1;TST;ADD3;PDZK1;SERPINA5;ARL3;ALDH3B1;CYP26B1;JAK1;OLFM1;FOS;FABP5;NRIP1;HSPB8;ISG20;SERPINA3;CAV1;ABHD2
R5_GSE51588_PIEZO1_coexpr,HALLMARK_KRAS_SIGNALING_DN,-1.02650420463341,187,0.397590361445783,0.496987951807229,HSD11B2;IGFBP2;ENTPD7;OXT;CACNG1;TGFB2;TNNI3;SNCB;CYP11B2;MEFV;PAX4;PTGFR;CPA2;LFNG;GTF3C5;CLPS;SLC30A3;WNT16;GRID2;EDN1;KRT15;GPR3;SPTBN2;NTF3;PCDHB1;TSHB;AKR1B10;CKM;P2RY4;COPZ2;TLX1;P2RX6;KCNN1;TFF2;IL5;GP1BA;KRT4;FGGY;SPHK2;TAS2R4;GDNF;ALOX12B;SLC5A5;RIBC2;SERPINB2;PKP1;SSTR4;CPB1;NR6A1;SHOX2;EDN2;HTR1B;ITIH3;SERPINA10;SLC29A3;SGK1;CLDN16;RYR2
R5_GSE51588_PIEZO1_coexpr,HALLMARK_COMPLEMENT,-0.999041384391763,194,0.467796610169492,0.565018015067147,ATOX1;APOBEC3F;TMPRSS6;LAMP2;KIF2A;CDK5R1;S100A13;GMFB;PHEX;HSPA5;C1R;MT3;COL4A2;MMP14;SERPING1;ACTN2;CD55;ADAM9;C2;PPP4C;SERPINE1;PLA2G4A;FN1;CASP3;F2;DOCK4;F3;PRCP;TIMP2;ZEB1;GNB4;C1S;PFN1;PREP;GP9;CDA;GNAI2;DYRK2;TIMP1;MMP13;F8;CTSC;DGKG;PDP1;CDH13;RCE1;CTSO;HNF4A;GNAI3;GP1BA;PRSS3;CASP4;F10
R5_GSE51588_PIEZO1_coexpr,HALLMARK_MYC_TARGETS_V2,-0.984344039632991,57,0.481012658227848,0.565018015067147,CBX3;NIP7;TFB2M;SLC19A1;NPM1;BYSL;DDX18;PA2G4;UNG;NDUFAF4;MRTO4;GNL3;WDR43;SORD;HSPE1
R5_GSE51588_PIEZO1_coexpr,HALLMARK_PEROXISOME,0.978944113044591,102,0.485915492957747,0.565018015067147,CLN8;SLC23A2;ECH1;LONP2;ERCC3;MLYCD;STS;PEX11B;ACAA1;ABCB9;RETSAT;PEX5;DHRS3;CTBP1;ACSL1;ABCC8;PEX14;RXRG;ITGB1BP1;CAT;ACSL5;IDH1;ALDH9A1;PEX11A;EPHX2;SLC25A4;CNBP;ABCD3;DHCR24;HSD17B4;CLN6;ACOX1;ABCD2
R5_GSE51588_PIEZO1_coexpr,HALLMARK_APOPTOSIS,-0.976859473650297,158,0.510452961672474,0.58006018371872,DIABLO;AVPR1A;PTK2;APP;PPT1;TGFB2;DFFA;MMP2;BAX;LUM;LMNA;EBP;CDK2;DNAJC3;ERBB2;LEF1;FDXR;BMP2;BTG3;HMOX1;PAK1;IFITM3;TSPO;SLC20A1;CASP3;DCN;IL1A;DAP3;F2;PPP3R1;TIMP2;TNFRSF12A;CTNNB1;TIMP1;BCAP31;BCL2L10;CD44;XIAP;PSEN2;ROCK1;WEE1;ANXA1;CASP4
R5_GSE51588_PIEZO1_coexpr,HALLMARK_IL6_JAK_STAT3_SIGNALING,0.909595346331167,87,0.644549763033175,0.716166403370195,IRF1;TYK2;CD36;LEPR;CSF3R;GRB2;IL2RG;CNTFR;CXCL3;LTBR;CXCL9;TLR2;PF4;IL17RA;EBI3;LTB;STAT3;CSF2RA;MAP3K8;CD38;PLA2G2A;STAT2;IRF9;TNF;CXCL10;PTPN1;IFNGR1;IL1B;BAK1;CBL;MYD88;TGFB1;CSF1;STAT1
R5_GSE51588_PIEZO1_coexpr,HALLMARK_UV_RESPONSE_DN,-0.895972689650931,137,0.701724137931035,0.762743628185907,SFMBT1;RGS4;HAS2;LPAR1;INPP4B;PTGFR;GJA1;KCNMA1;PMP22;ARHGEF9;ERBB2;COL1A1;SDC2;SIPA1L1;COL3A1;SYNE1;SRI;COL5A2;SERPINE1;COL1A2;DYRK1A;MT1E;ADORA2B;MAP1B;F3;PRKCE;ITGB3;ANXA2;SPOP;PRKCA;SCHIP1;PTEN;COL11A1
R5_GSE51588_PIEZO1_coexpr,HALLMARK_KRAS_SIGNALING_UP,-0.878451643357033,193,0.777015437392796,0.826612167439145,EPHB2;DCBLD2;ABCB1;PLAU;MMP11;SNAP91;NGF;LY96;ITGBL1;TOR1AIP2;WDR33;TSPAN13;BTC;HKDC1;MALL;PCP4;SPP1;BMP2;PRRX1;NR0B2;SCG5;MPZL2;GLRX;ADAM17;TMEM158;EPB41L3;PLEK2;INHBA;VWA5A;ADAMDEC1;BPGM;WNT7A;C3AR1;GPNMB;ZNF277;ETV1;CPE;YRDC;MMP9;F13A1;KCNN4;EREG;CFH;ZNF639;CSF2;PLAUR;CD37;HOXD11;PTGS2;CFB;SLPI;PTPRR;PEG3;AVL9;USP12;SOX9;RBM4
R5_GSE51588_PIEZO1_coexpr,HALLMARK_PI3K_AKT_MTOR_SIGNALING,0.846460846676639,104,0.797619047619048,0.830853174603175,PRKCB;NOD1;PLCG1;MKNK1;MAPK10;DUSP3;ARHGDIA;SQSTM1;LCK;RPTOR;SMAD2;GRB2;IL2RG;FASLG;RAF1;PRKAA2;PDK1;PIKFYVE;DDIT3;MKNK2;PPP2R1B;ARF1
R5_GSE51588_PIEZO1_coexpr,HALLMARK_P53_PATHWAY,-0.847947210101078,192,0.832179930795848,0.849163194689641,SOCS1;TRAFD1;ALOX15B;SPHK1;RPS12;POLH;MDM2;APP;CDK5R1;ST14;BAX;PPM1D;S100A4;PVT1;S100A10;RPS27L;KRT17;FDXR;TRIAP1;CDKN2A;BMP2;HMOX1;TPRKB;IL1A;ADA;TRAF4;PCNA;SLC7A11;RPL36;VWA5A;PDGFA;PROCR;IFI30;RAD51C;TNFSF9;RNF19B;TNNI1;FAM162A;SDC1;NOL8;ZNF365;LDHB;AEN;CDH13;TRIB3;PTPN14
R5_GSE51588_PIEZO1_coexpr,HALLMARK_INFLAMMATORY_RESPONSE,0.801697369454425,197,0.941176470588235,0.941176470588235,RELA;STAB1;KIF1B;P2RX7;BEST1;PVR;IRF1;PTPRE;RHOG;IL15;CX3CL1;HPN;LCK;NMUR1;CSF3R;CD48;CD40;NLRP3;LYN;CCL5;LCP2;BST2;TNFSF10;IL10RA;CXCR6;BTG2;IL2RB;RAF1;FZD5;CXCL9;TLR1;PTGER2;KCNA3;TLR2;IL18RAP
