gene,rho,is_TF
PIEZO1,1,FALSE
MCM3AP,0.771332533013205,FALSE
PEAR1,0.756062424969988,FALSE
HKR1,0.750012004801921,FALSE
FAM193B,0.742328931572629,FALSE
ZNF384,0.737238895558223,FALSE
WDR59,0.735510204081633,FALSE
CLK2,0.733493397358944,FALSE
ZNF335,0.728691476590636,TRUE
DHX38,0.725426170468187,FALSE
MED15,0.723985594237695,FALSE
DHX16,0.722352941176471,FALSE
ANKZF1,0.721296518607443,FALSE
SMG6,0.720720288115246,FALSE
CALCOCO1,0.720720288115246,FALSE
TJAP1,0.720720288115246,FALSE
RAPGEFL1,0.714765906362545,FALSE
FAM193A,0.712941176470588,FALSE
NEURL4,0.710636254501801,FALSE
SGSH,0.706698679471789,FALSE
PILRB,0.706602641056423,FALSE
PITPNM2,0.704393757503001,FALSE
NLRP1,0.701608643457383,FALSE
BAZ2A,0.701128451380552,FALSE
C4orf46,-0.692869147659064,FALSE
NUP37,-0.687779111644658,FALSE
ULK3,0.687683073229292,FALSE
ZNF629,0.687587034813926,FALSE
SLC44A2,0.686338535414166,FALSE
MTA1,0.68499399759904,FALSE
STYXL1,-0.683553421368548,FALSE
SUPT5H,0.683457382953181,FALSE
CRTC3,0.682593037214886,FALSE
ATN1,0.680576230492197,FALSE
ULK1,0.677887154861945,FALSE
AXIN1,0.677118847539016,FALSE
PRPF8,0.67625450180072,FALSE
TBC1D20,0.676062424969988,FALSE
IFI27L2,-0.674813925570228,FALSE
DNPEP,0.673373349339736,FALSE
DOCK6,0.671932773109244,FALSE
MED12,0.671260504201681,FALSE
CRIPT,-0.669339735894358,FALSE
ACTR1B,0.668955582232893,FALSE
C21orf96,0.666842737094838,FALSE
NXF1,0.666266506602641,FALSE
ITPR3,0.666170468187275,FALSE
RBM5,0.665690276110444,FALSE
APBB1,0.664537815126051,FALSE
DPY19L1,-0.663001200480192,FALSE
APOBEC3F,-0.66280912364946,FALSE
VPS13D,0.661848739495798,FALSE
KHNYN,0.661848739495798,FALSE
CAMTA2,0.658871548619448,FALSE
IFT20,-0.658679471788716,FALSE
SSR1,-0.658295318127251,FALSE
KDM6B,0.65781512605042,FALSE
SCAF1,0.655894357743097,FALSE
LACE1,-0.655606242496999,FALSE
TNK2,0.655126050420168,FALSE
AKAP8L,0.653493397358944,FALSE
PLVAP,0.652629051620648,FALSE
MR1,-0.651764705882353,FALSE
JUP,0.651476590636255,FALSE
TSC22D4,0.65109243697479,FALSE
SUPT4H1,-0.650612244897959,FALSE
NGFR,0.649939975990396,FALSE
EN2,-0.648883553421369,TRUE
CIC,0.64859543817527,TRUE
APOL3,0.647827130852341,FALSE
OVGP1,0.646290516206483,FALSE
EML3,0.645810324129652,FALSE
CASC3,0.645522208883553,FALSE
FBXW4,0.645234093637455,FALSE
ZNF767,0.644753901560624,FALSE
ARHGEF1,0.644177671068427,FALSE
CDKN2AIPNL,-0.642737094837935,FALSE
RAD54L2,0.642545018007203,FALSE
MFSD4,0.642064825930372,FALSE
SCMH1,0.641392557022809,FALSE
SLC39A9,-0.640528211284514,FALSE
PRPF3,0.638895558223289,FALSE
MORN2,-0.638031212484994,FALSE
TSPYL2,0.63764705882353,FALSE
BRPF1,0.637454981992797,FALSE
HOOK2,0.636974789915966,FALSE
C14orf169,-0.636782713085234,FALSE
MORC2,0.636782713085234,FALSE
DDX55,0.636686674669868,FALSE
ZNF609,0.636590636254502,TRUE
NOTCH1,0.636206482593037,FALSE
IFT122,0.635822328931573,FALSE
PRKRIP1,0.635342136854742,FALSE
GPATCH8,0.63515006002401,FALSE
MAGOHB,-0.634669867947179,FALSE
ILF3,0.634285714285714,FALSE
TENC1,0.634189675870348,FALSE
SPA17,-0.633421368547419,FALSE
SLC44A1,-0.632845138055222,FALSE
ZNF76,0.632172869147659,TRUE
MAPK3,0.631500600240096,FALSE
NOD1,0.631020408163265,FALSE
SH3BP5,0.629675870348139,FALSE
SSH3,0.629099639855942,FALSE
EPOR,0.628811524609844,FALSE
COMMD8,-0.628619447779112,FALSE
PI4KB,0.628619447779112,FALSE
ESAM,0.627947178871549,FALSE
CSNK2A2,0.627851140456182,FALSE
GAK,0.627755102040816,FALSE
AGAP7,0.62765906362545,FALSE
SELO,0.626314525810324,FALSE
CATSPER3,0.626314525810324,FALSE
TSHZ1,0.623721488595438,TRUE
WSCD1,0.622761104441777,FALSE
LINC00265,0.621992797118848,FALSE
DKFZP586I1420,0.621608643457383,FALSE
CTIF,0.621416566626651,FALSE
IKBKG,0.620648259303722,FALSE
ARID1A,0.620456182472989,FALSE
RANBP10,0.620360144057623,FALSE
PHF1,0.619495798319328,FALSE
AAMP,0.618919567827131,FALSE
NDUFA4,-0.618631452581032,FALSE
C8orf59,-0.617478991596639,FALSE
NLRC5,0.61719087635054,FALSE
SHANK3,0.61671068427371,FALSE
FXR2,0.61671068427371,FALSE
MLXIP,0.616038415366147,TRUE
REPIN1,0.615078031212485,TRUE
TEX261,0.614981992797119,FALSE
HLA-F,0.61421368547419,FALSE
SNORA59B,0.613925570228091,FALSE
PHLPP1,0.613925570228091,FALSE
PRKD2,0.613637454981993,FALSE
LOC390940,-0.613349339735894,FALSE
H6PD,0.613061224489796,FALSE
SNHG11,0.612100840336135,FALSE
INPPL1,0.612100840336135,FALSE
MRPS21,-0.612004801920768,FALSE
TMEM106C,-0.611908763505402,FALSE
LOC100131607,-0.611524609843938,FALSE
USP32,0.611428571428571,FALSE
PLCG1,0.611044417767107,FALSE
PIP5K1C,0.610948379351741,FALSE
TRIP10,0.610948379351741,FALSE
SEMA6A,0.610948379351741,FALSE
GOLGA1,0.610564225690276,FALSE
VPRBP,0.609987995198079,FALSE
SYTL3,0.609987995198079,FALSE
C3orf17,0.609699879951981,FALSE
NLRC3,-0.608643457382953,FALSE
ZNF513,0.608547418967587,TRUE
SETD1B,0.607587034813926,FALSE
SLC41A2,-0.607394957983193,FALSE
MLF2,0.607394957983193,FALSE
TMPRSS12,-0.607202881152461,FALSE
FLII,0.60672268907563,FALSE
FUNDC1,-0.606338535414166,FALSE
CBX3,-0.6062424969988,FALSE
METTL17,0.6062424969988,FALSE
FADS3,0.605954381752701,FALSE
FOXJ3,0.605954381752701,TRUE
CDK11A,0.605282112845138,FALSE
YY1AP1,0.605282112845138,FALSE
LOC339290,0.60499399759904,FALSE
C6orf136,0.604705882352941,FALSE
ZBTB48,0.604705882352941,TRUE
LAS1L,0.604129651860744,FALSE
ZNF337,0.604033613445378,TRUE
TIE1,0.603841536614646,FALSE
RFPL1-AS1,-0.603553421368547,FALSE
TRIM28,0.603073229291717,FALSE
RERE,0.602689075630252,FALSE
KANSL3,0.602689075630252,FALSE
ZNF839,0.602304921968788,FALSE
SLC25A28,0.601632653061225,FALSE
WDR63,-0.60124849939976,FALSE
C11orf10,-0.601152460984394,FALSE
ESYT1,0.601056422569028,FALSE
DERL3,0.600192076830732,FALSE
LEFTY1,0.599423769507803,FALSE
COQ4,0.599231692677071,FALSE
SKA2,-0.598847539015606,FALSE
EFHD1,0.59875150060024,FALSE
PDCL,-0.598655462184874,FALSE
POU6F1,0.598655462184874,TRUE
FAM156B,0.598655462184874,FALSE
BBIP1,-0.598463385354142,FALSE
PHYHD1,0.597983193277311,FALSE
AKAP2,0.597887154861945,FALSE
SDR39U1,0.597695078031213,FALSE
PTPLAD2,-0.59750300120048,FALSE
PRB3,-0.596734693877551,FALSE
ALG13,-0.596638655462185,FALSE
CD74,0.595198079231693,FALSE
TRIM44,0.594909963985594,FALSE
RELA,0.594717887154862,TRUE
LAMTOR2,-0.594333733493397,FALSE
MINK1,0.594333733493397,FALSE
CUTA,-0.593853541416567,FALSE
SLC25A42,0.593565426170468,FALSE
GDPD3,0.593469387755102,FALSE
DCAF8,0.593469387755102,FALSE
LCE1C,-0.593181272509004,FALSE
PXMP4,-0.593181272509004,FALSE
DYNC1H1,0.592893157262905,FALSE
SURF4,-0.592509003601441,FALSE
MT1F,-0.592509003601441,FALSE
SLC25A29,0.592412965186075,FALSE
BAIAP3,0.592124849939976,FALSE
CHST12,-0.591836734693878,FALSE
NUMA1,0.591260504201681,FALSE
GRAP,0.591164465786315,FALSE
KDELR2,-0.590972388955582,FALSE
RXRB,0.590972388955582,TRUE
MLL,0.590684273709484,FALSE
PDXDC2P,0.590684273709484,FALSE
RNF41,0.590492196878752,FALSE
C4orf48,-0.589435774309724,FALSE
ARHGAP35,0.589435774309724,FALSE
ZNF133,0.589435774309724,TRUE
RXRA,0.588859543817527,TRUE
NPR1,0.588763505402161,FALSE
PHF15,0.588571428571429,FALSE
DAPK2,0.587995198079232,FALSE
CDC37,0.587899159663866,FALSE
FAM151B,-0.587803121248499,FALSE
MRPS33,-0.587611044417767,FALSE
PRKCSH,0.587515006002401,FALSE
SHISA4,-0.587418967587035,FALSE
MMS22L,-0.587130852340936,FALSE
ENTPD7,-0.58703481392557,FALSE
C12orf75,-0.586938775510204,FALSE
PNN,0.586746698679472,FALSE
FP588,0.586266506602641,FALSE
LAMP2,-0.586074429771909,FALSE
NNT,-0.585978391356543,FALSE
C6orf125,-0.585978391356543,FALSE
SHFM1,-0.58578631452581,FALSE
VWF,0.585594237695078,FALSE
LBX1,-0.585402160864346,TRUE
MAP3K14,0.585210084033613,FALSE
RBM18,-0.584729891956783,FALSE
DCBLD2,-0.584153661464586,FALSE
LOC100652764,-0.583961584633854,FALSE
ATP5I,-0.583865546218488,FALSE
PATL1,0.583865546218488,FALSE
TFF3,0.583577430972389,FALSE
TCF7L1,0.583097238895558,TRUE
TRAP1,0.582713085234094,FALSE
FLJ45671,0.582713085234094,FALSE
SYVN1,0.582617046818728,FALSE
NDUFB1,-0.582521008403361,FALSE
ZMIZ2,0.582328931572629,FALSE
GLB1L2,0.582232893157263,FALSE
SRRT,0.581944777911165,FALSE
CTRL,0.581848739495798,FALSE
EDEM3,-0.581752701080432,FALSE
PRR25,-0.581464585834334,FALSE
IL26,-0.581176470588235,FALSE
PLEKHM2,0.581176470588235,FALSE
C17orf28,0.580792316926771,FALSE
PHC2,0.580600240096038,FALSE
DNAJC17,0.580504201680672,FALSE
AGMAT,-0.580408163265306,FALSE
MYEOV2,-0.58031212484994,FALSE
ATXN7L3B,0.58031212484994,FALSE
RABAC1,-0.580216086434574,FALSE
POLR3E,0.580024009603842,FALSE
ZDHHC11,0.579639855942377,FALSE
MMP17,-0.579639855942377,FALSE
HERC1,0.579543817527011,FALSE
HN1L,-0.579351740696279,FALSE
LEMD2,0.579351740696279,FALSE
C17orf67,0.579351740696279,FALSE
EPS8L1,-0.578967587034814,FALSE
DNM2,0.578967587034814,FALSE
ZNF506,0.578871548619448,TRUE
DR1,-0.578775510204082,FALSE
SRD5A3,-0.578679471788716,FALSE
KIAA0664,0.578487394957983,FALSE
LETMD1,0.578391356542617,FALSE
ZNF853,0.578199279711885,TRUE
SLC6A16,0.577719087635054,FALSE
MEPCE,0.577719087635054,FALSE
C19orf63,-0.577623049219688,FALSE
LSMD1,-0.577623049219688,FALSE
UQCRQ,-0.576758703481393,FALSE
GIMAP8,0.576758703481393,FALSE
EVI2A,-0.57608643457383,FALSE
ASCC2,0.575990396158463,FALSE
GBA2,0.575798319327731,FALSE
VPS52,0.575510204081633,FALSE
SIN3B,0.575126050420168,FALSE
NCOA3,0.575126050420168,FALSE
ASMT,0.574933973589436,FALSE
LZTR1,0.574933973589436,FALSE
USP24,0.574933973589436,FALSE
PHF20,0.574741896758703,FALSE
RBM14-RBM4,-0.574261704681873,FALSE
EXOSC1,-0.574165666266507,FALSE
OST4,-0.574069627851141,FALSE
PPM1J,0.573301320528211,FALSE
MIR600HG,0.572821128451381,FALSE
DDX42,0.572629051620648,FALSE
CHRM3,0.572533013205282,FALSE
C9orf91,0.572052821128451,FALSE
NKX2-5,-0.571860744297719,TRUE
NSFL1C,0.571668667466987,FALSE
PDLIM1,0.571380552220888,FALSE
PISD,0.571188475390156,FALSE
EIF2B5,0.570900360144058,FALSE
TXNDC17,-0.570804321728692,FALSE
SIL1,-0.570612244897959,FALSE
PLXND1,0.570420168067227,FALSE
ZNF263,0.570228091236495,TRUE
NDUFB2,-0.570132052821128,FALSE
PITRM1,0.569555822328932,FALSE
TMEM222,0.569267707082833,FALSE
ADCY6,0.569267707082833,FALSE
SPSB4,-0.569075630252101,FALSE
RAB11B,0.568883553421369,FALSE
ADCK1,0.568499399759904,FALSE
WDR60,0.568499399759904,FALSE
GPS1,0.56811524609844,FALSE
ZNF324,0.567923169267707,TRUE
PUS1,0.567731092436975,FALSE
TMEM62,0.567635054021609,FALSE
KIAA0195,0.567539015606243,FALSE
GALK2,-0.567442977190876,FALSE
OPN3,-0.566962785114046,FALSE
C15orf17,0.566962785114046,FALSE
POLR2G,-0.566770708283313,FALSE
ZNF395,0.566674669867947,TRUE
DVL2,0.566674669867947,FALSE
TRPC4AP,0.566194477791116,FALSE
DCAF15,0.566002400960384,FALSE
SLC9A8,0.56561824729892,FALSE
SUN2,0.565522208883554,FALSE
PACSIN3,0.565522208883554,FALSE
LMBR1L,0.565042016806723,FALSE
RBAK-LOC389458,-0.564945978391357,FALSE
RGL2,0.564753901560624,FALSE
SNRPA,0.564753901560624,FALSE
PILRA,0.564177671068427,FALSE
BIN3,0.563985594237695,FALSE
PAN2,0.563985594237695,FALSE
TIMM8B,-0.563889555822329,FALSE
RAD9A,0.563793517406963,FALSE
TBC1D3,-0.563697478991597,FALSE
LOC401397,-0.563697478991597,FALSE
LOC392196,-0.563505402160864,FALSE
NPHP4,0.563025210084034,FALSE
TRIM50,0.562064825930372,FALSE
SCNN1A,0.561776710684274,FALSE
PMF1,0.561680672268908,FALSE
OSTCP1,-0.561488595438175,FALSE
SECISBP2,0.561488595438175,FALSE
SYNGR4,-0.561392557022809,FALSE
PHLDB1,0.561296518607443,FALSE
CCDC150,-0.561200480192077,FALSE
DNM1,-0.561008403361345,FALSE
CARD10,0.561008403361345,FALSE
CRTAP,0.56062424969988,FALSE
FLNB,0.56062424969988,FALSE
SPRED2,0.560240096038415,FALSE
EHMT2,0.560144057623049,FALSE
TMEM68,-0.560048019207683,FALSE
AP2A1,0.559951980792317,FALSE
NPIPL2,0.559759903961585,FALSE
KAT5,0.559663865546219,FALSE
BAG6,0.559471788715486,FALSE
RING1,0.559471788715486,FALSE
ZNF276,0.558991596638656,TRUE
WFS1,0.558991596638656,FALSE
WDR74,0.558799519807923,FALSE
GTF2H4,0.558703481392557,FALSE
PLAU,-0.558511404561825,FALSE
LOC339803,-0.558511404561825,FALSE
C16orf87,-0.558415366146459,FALSE
HNRNPA2B1,-0.55812725090036,FALSE
C3orf15,0.55812725090036,FALSE
FDXR,-0.557839135654262,FALSE
LOC100128482,0.557647058823529,FALSE
LY96,-0.557551020408163,FALSE
DCUN1D2,0.557358943577431,FALSE
E2F4,0.557166866746699,TRUE
C19orf6,0.557070828331333,FALSE
C15orf34,-0.556974789915966,FALSE
TMEM208,-0.556782713085234,FALSE
CD300LG,0.556686674669868,FALSE
BANP,0.556494597839136,FALSE
WSB2,-0.556206482593037,FALSE
PTPRM,0.556206482593037,FALSE
TUBGCP6,0.556014405762305,FALSE
GPR146,0.556014405762305,FALSE
GK5,0.555438175270108,FALSE
LINC00152,-0.555246098439376,FALSE
C1orf53,-0.555054021608644,FALSE
SCRN2,0.555054021608644,FALSE
STRADA,0.554861944777911,FALSE
MAFK,0.554381752701081,TRUE
LOC100133299,0.554381752701081,FALSE
SETD2,0.554189675870348,FALSE
CIZ1,0.55390156062425,FALSE
LOC100506676,-0.553709483793518,FALSE
FGD4,0.553613445378151,FALSE
ACTR5,0.553421368547419,FALSE
TMEM45A,-0.553325330132053,FALSE
EIF4E2,-0.553229291716687,FALSE
QSOX2,0.552749099639856,FALSE
WDR67,-0.552557022809124,FALSE
KIF26A,0.552557022809124,FALSE
RAPGEF3,0.552364945978391,FALSE
CDC42EP4,0.552172869147659,FALSE
LGI4,0.552172869147659,FALSE
ARAP3,0.552076830732293,FALSE
BEND7,0.551500600240096,FALSE
DNASE1L3,0.551500600240096,FALSE
GPR108,0.551116446578631,FALSE
LOC728543,0.551116446578631,FALSE
FAM160A2,0.551116446578631,FALSE
TRMT2A,0.551020408163265,FALSE
ICAM5,-0.550828331332533,FALSE
SFTA1P,-0.550636254501801,FALSE
C22orf29,-0.550540216086435,FALSE
MAD2L1,-0.549963985594238,FALSE
TMC6,0.549963985594238,FALSE
HLA-A,-0.549867947178872,FALSE
FOXJ2,0.549771908763505,TRUE
C18orf23,-0.549675870348139,FALSE
TLE2,0.549195678271309,FALSE
FBXO17,0.549195678271309,FALSE
SERF2,-0.549099639855942,FALSE
CLCA1,-0.548811524609844,FALSE
ELMOD2,-0.548523409363746,FALSE
MUTYH,0.548235294117647,FALSE
C1orf68,0.547755102040816,FALSE
MPHOSPH8,0.54765906362545,FALSE
DDX24,0.547563025210084,FALSE
WHSC2,0.547274909963986,FALSE
SRGAP3,0.546986794717887,FALSE
C1orf159,0.546890756302521,FALSE
TAL1,0.546794717887155,TRUE
TUT1,0.546794717887155,FALSE
ANAPC2,0.546698679471789,FALSE
TNS3,0.546602641056423,FALSE
XPO6,0.546602641056423,FALSE
TMEM55B,0.54641056422569,FALSE
NINL,0.546218487394958,FALSE
DLL1,0.546026410564226,FALSE
WNK1,0.546026410564226,FALSE
ARIH2,0.545834333733493,FALSE
ZDHHC18,0.545834333733493,FALSE
IFI27L1,-0.545834333733493,FALSE
ZFYVE20,0.545738295318127,FALSE
HCG26,0.545546218487395,FALSE
C21orf2,0.54516206482593,FALSE
MCTS1,-0.544777911164466,FALSE
NUP214,0.544777911164466,FALSE
RTKN2,-0.544489795918367,FALSE
PDE2A,0.544393757503001,FALSE
U2AF1L4,0.544393757503001,FALSE
AMY1C,0.544105642256903,FALSE
MAN2C1,0.543913565426171,FALSE
DIABLO,-0.543817527010804,FALSE
MAST3,0.543721488595438,FALSE
LIMS2,0.543529411764706,FALSE
RG9MTD3,0.543529411764706,FALSE
ELMO3,0.543241296518607,FALSE
BRD9,0.542953181272509,FALSE
GRINA,0.542953181272509,FALSE
TYSND1,0.542857142857143,FALSE
SQLE,-0.542761104441777,FALSE
BCL6B,0.542761104441777,TRUE
OXT,-0.542569027611044,FALSE
HTN1,-0.542472989195678,FALSE
YIF1A,-0.54218487394958,FALSE
WFDC3,-0.541992797118848,FALSE
WDR53,-0.541992797118848,FALSE
PPT1,-0.541896758703481,FALSE
LACC1,-0.541608643457383,FALSE
ATP6V0A4,-0.541608643457383,FALSE
OGFR,0.541416566626651,FALSE
LCLAT1,-0.540840336134454,FALSE
USP34,0.540648259303722,FALSE
SRCIN1,0.540456182472989,FALSE
USP7,0.540360144057623,FALSE
PGM5,0.540072028811525,FALSE
FAM3A,0.540072028811525,FALSE
MEGF6,0.540072028811525,FALSE
LOC284009,0.539975990396159,FALSE
SNX33,0.539879951980792,FALSE
LOC644961,-0.539783913565426,FALSE
FLJ27352,-0.53968787515006,FALSE
MAP2K7,0.539591836734694,FALSE
CALY,-0.539207683073229,FALSE
TESK1,0.539111644657863,FALSE
TMEM19,-0.539111644657863,FALSE
CKS2,-0.538823529411765,FALSE
DUOXA1,-0.538727490996399,FALSE
PRB1,-0.5384393757503,FALSE
MRRF,0.538247298919568,FALSE
TRIM56,0.538151260504202,FALSE
BBS1,0.538151260504202,FALSE
ANAPC7,0.538151260504202,FALSE
FAM108A1,0.537671068427371,FALSE
SCNN1B,0.537671068427371,FALSE
GTF3C4,-0.537478991596639,FALSE
ADSSL1,0.537286914765906,FALSE
SLC17A5,-0.53719087635054,FALSE
TAF1C,0.537094837935174,FALSE
PRPF6,0.536806722689076,FALSE
ZBTB8OS,-0.536614645858343,FALSE
CACNA2D2,0.536518607442977,FALSE
COPZ1,-0.536422569027611,FALSE
PPP1R37,0.536230492196879,FALSE
METRN,-0.536134453781513,FALSE
MYO18A,0.536134453781513,FALSE
PRRC2A,0.536038415366147,FALSE
LOC100128107,-0.535558223289316,FALSE
GTPBP1,0.53546218487395,FALSE
SF1,0.53546218487395,FALSE
ARHGEF11,0.535270108043217,FALSE
KIAA1797,-0.535174069627851,FALSE
PFAS,0.535174069627851,FALSE
LOC641510,0.535174069627851,FALSE
SNX1,0.535078031212485,FALSE
OSTF1,-0.534885954381753,FALSE
SLC5A6,0.534405762304922,FALSE
FLJ44124,0.534405762304922,FALSE
PIGG,0.534309723889556,FALSE
RASIP1,0.534309723889556,FALSE
ATPIF1,-0.53421368547419,FALSE
LRP5,0.534117647058824,FALSE
S100A6,-0.534117647058824,FALSE
FER,0.533733493397359,FALSE
WDR85,0.533733493397359,FALSE
ANAPC11,-0.533637454981993,FALSE
PRINS,0.533541416566627,FALSE
C14orf162,-0.533541416566627,FALSE
C9orf30,-0.533349339735894,FALSE
KLHL9,-0.533349339735894,FALSE
VPS39,0.533253301320528,FALSE
C1orf158,-0.533157262905162,FALSE
POLRMT,0.533061224489796,FALSE
LOC728437,-0.532869147659064,FALSE
PIGF,-0.532581032412965,FALSE
GDI1,0.532484993997599,FALSE
SFSWAP,0.532388955582233,FALSE
AP3S1,-0.532100840336135,FALSE
KIAA1467,0.531908763505402,FALSE
GGPS1,-0.53171668667467,FALSE
PRDX4,-0.53171668667467,FALSE
VPS11,0.531620648259304,FALSE
ITM2B,-0.531620648259304,FALSE
ADAM10,-0.531524609843938,FALSE
PPP1R32,0.531236494597839,FALSE
LINC00467,-0.531236494597839,FALSE
SMURF1,0.531236494597839,FALSE
C5orf56,0.531044417767107,FALSE
GAS8,0.530948379351741,FALSE
DEFB136,-0.530756302521009,FALSE
ROMO1,-0.530660264105642,FALSE
CNPY2,-0.53046818727491,FALSE
C9orf5,0.530372148859544,FALSE
NCOR2,0.530180072028812,FALSE
C19orf79,-0.530084033613445,FALSE
UBE2Q2,-0.530084033613445,FALSE
SAC3D1,-0.530084033613445,FALSE
TSN,-0.529795918367347,FALSE
LOC729799,0.529699879951981,FALSE
HIST1H4C,-0.529507803121248,FALSE
NRBP2,0.529027611044418,FALSE
RNF123,0.528931572629052,FALSE
ACBD4,-0.528643457382953,FALSE
NR1H2,0.528643457382953,TRUE
SMC2,-0.528163265306123,FALSE
NEK3,0.52797118847539,FALSE
NIP7,-0.527779111644658,FALSE
P2RX3,-0.527683073229292,FALSE
UBN1,0.527394957983193,FALSE
SOLH,0.527298919567827,FALSE
CRK,0.527298919567827,FALSE
BCL2L12,-0.527010804321729,FALSE
MRPL52,-0.526818727490996,FALSE
HIST1H4J,-0.52672268907563,FALSE
BTAF1,0.526626650660264,FALSE
ZCCHC24,0.526146458583433,FALSE
JAM3,0.526050420168067,FALSE
LOC654433,0.526050420168067,FALSE
GDPD5,0.525858343337335,FALSE
TTC1,-0.525762304921969,FALSE
OCIAD2,-0.525762304921969,FALSE
STXBP1,0.525762304921969,FALSE
LRRC41,0.525762304921969,FALSE
CNPPD1,0.525762304921969,FALSE
GGH,-0.525666266506603,FALSE
DNAJC11,0.525378151260504,FALSE
SBF1P1,0.525378151260504,FALSE
CEP55,-0.525186074429772,FALSE
NCAM1,0.525186074429772,FALSE
LSM3,-0.52499399759904,FALSE
PRPF18,-0.52499399759904,FALSE
CYP2E1,0.52499399759904,FALSE
LOC100009676,0.524609843937575,FALSE
WASF2,0.524513805522209,FALSE
MRPL48,-0.52422569027611,FALSE
ZC3H18,0.52422569027611,FALSE
PTOV1,0.523937575030012,FALSE
MYL9,0.523841536614646,FALSE
MRPS14,-0.52374549819928,FALSE
MDC1,0.52374549819928,FALSE
GGA3,0.523649459783914,FALSE
SYTL4,0.523553421368547,FALSE
ARRDC2,0.523361344537815,FALSE
NR2C2AP,0.523361344537815,FALSE
LRP12,-0.523265306122449,FALSE
IAH1,-0.523169267707083,FALSE
ZMIZ1,0.523169267707083,FALSE
CHD3,0.522881152460984,FALSE
DTX4,0.522400960384154,FALSE
ABHD14A,-0.522400960384154,FALSE
LRSAM1,0.522112845138055,FALSE
SNORA73A,-0.522016806722689,FALSE
FLJ43315,0.521824729891957,FALSE
ZNF843,-0.521344537815126,FALSE
LDB2,0.521152460984394,FALSE
DHRS4L1,-0.520960384153661,FALSE
PER1,0.520864345738295,FALSE
SENP8,-0.520768307322929,FALSE
KAT2A,0.520768307322929,FALSE
C20orf107,0.520576230492197,FALSE
SNRNP200,0.520480192076831,FALSE
APOPT1,-0.520288115246098,FALSE
HSD11B2,-0.520096038415366,FALSE
LSM2,-0.519903961584634,FALSE
ATG4A,-0.519903961584634,FALSE
CPSF4,0.519711884753902,FALSE
MED22,0.519711884753902,FALSE
RAD18,-0.519423769507803,FALSE
FOXP4,-0.519039615846339,TRUE
PTBP1,0.518943577430972,FALSE
FPGT,-0.518847539015606,FALSE
SERINC3,0.518655462184874,FALSE
LOC100129399,0.518559423769508,FALSE
MMS19,0.518559423769508,FALSE
EP300,0.518463385354142,FALSE
NAGA,-0.518367346938776,FALSE
RNF40,0.518367346938776,FALSE
ADAM9,-0.518079231692677,FALSE
PXK,-0.517983193277311,FALSE
C3orf39,-0.517983193277311,FALSE
MEAF6,-0.517983193277311,FALSE
PCDH12,0.517983193277311,FALSE
NOS1AP,0.517983193277311,FALSE
LOC100133039,0.517983193277311,FALSE
C11orf2,0.517887154861945,FALSE
C1orf145,0.517695078031213,FALSE
ZNF771,-0.51750300120048,TRUE
LCE1A,-0.517406962785114,FALSE
ATXN2,0.517214885954382,FALSE
ZNF23,0.517118847539016,TRUE
SFT2D2,-0.517118847539016,FALSE
MCAM,0.51702280912365,FALSE
PPP1R3D,-0.516830732292917,FALSE
DGKA,0.516830732292917,FALSE
GABRE,0.516734693877551,FALSE
MED8,-0.516734693877551,FALSE
UBLCP1,-0.516638655462185,FALSE
CCDC84,0.516542617046819,FALSE
NRXN3,0.516542617046819,FALSE
COA5,-0.516446578631453,FALSE
TMEM110,-0.516350540216087,FALSE
PNPO,-0.516350540216087,FALSE
NFAT5,0.516350540216087,TRUE
C3orf36,-0.51625450180072,FALSE
KDM4A,-0.516158463385354,FALSE
C10orf114,-0.515966386554622,FALSE
ATAT1,0.515966386554622,FALSE
PCNT,0.515870348139256,FALSE
CEP68,0.51577430972389,FALSE
CD72,-0.515678271308523,FALSE
INHBB,0.515582232893157,FALSE
CAMK2N2,-0.515198079231693,FALSE
EXOSC3,-0.515198079231693,FALSE
PDXK,0.515102040816327,FALSE
SPHAR,-0.515102040816327,FALSE
ELP4,-0.515102040816327,FALSE
LOC644962,-0.514909963985594,FALSE
RBM45,-0.514813925570228,FALSE
NGFRAP1,-0.514813925570228,FALSE
SMARCD2,0.514813925570228,FALSE
CAP1,-0.514621848739496,FALSE
LOC643454,-0.514621848739496,FALSE
UXS1,-0.514429771908764,FALSE
ZNF500,0.513949579831933,TRUE
ABCC4,-0.513757503001201,FALSE
SDSL,-0.513757503001201,FALSE
GRTP1,0.513565426170468,FALSE
LTBP2,0.513565426170468,FALSE
GSDMB,0.513373349339736,FALSE
GJC1,-0.51327731092437,FALSE
SLC1A5,0.51327731092437,FALSE
IGF2,0.513181272509004,FALSE
TMEM167A,-0.512989195678271,FALSE
SETD6,0.512989195678271,FALSE
CCNL2,-0.512797118847539,FALSE
TRIM62,0.512797118847539,FALSE
C4orf33,-0.512797118847539,FALSE
SDCBP2,0.512605042016807,FALSE
PFDN4,-0.512605042016807,FALSE
HEXIM1,0.512605042016807,FALSE
RRM1,-0.512412965186074,FALSE
TMEM9B,-0.512412965186074,FALSE
RARS,-0.512316926770708,FALSE
SH2B1,0.512316926770708,FALSE
HSD17B7,0.512220888355342,FALSE
ZDHHC20,-0.512124849939976,FALSE
EP400,0.51202881152461,FALSE
GRB14,0.511548619447779,FALSE
USP22,0.511548619447779,FALSE
LINC00085,0.511452581032413,FALSE
COPG2IT1,0.511356542617047,FALSE
CYP4A11,0.511356542617047,FALSE
GCDH,0.511356542617047,FALSE
HIC1,0.511260504201681,TRUE
TSNAXIP1,0.511260504201681,FALSE
TP53RK,-0.511068427370948,FALSE
UQCR11,-0.510972388955582,FALSE
OXA1L,0.510876350540216,FALSE
MED18,-0.510684273709484,FALSE
C6orf26,0.510684273709484,FALSE
ARF5,-0.510588235294118,FALSE
XXYLT1,-0.510108043217287,FALSE
CRTC2,0.510108043217287,FALSE
PPIC,-0.510012004801921,FALSE
ARL2BP,-0.509819927971189,FALSE
ZNF383,0.509723889555822,TRUE
SH2B3,0.50953181272509,FALSE
ZCCHC9,-0.509435774309724,FALSE
LOC729867,0.509339735894358,FALSE
SPRY4,0.509243697478992,FALSE
C6orf89,-0.509243697478992,FALSE
HTT,0.509147659063626,FALSE
TMEM59,-0.509147659063626,FALSE
ABCA8,0.509051620648259,FALSE
RAB2A,-0.509051620648259,FALSE
TIPRL,-0.508955582232893,FALSE
COMTD1,-0.508859543817527,FALSE
PTGFRN,-0.508571428571429,FALSE
CPNE1,0.50828331332533,FALSE
SETD1A,0.50828331332533,FALSE
RPS27L,-0.507899159663866,FALSE
ARNTL2,-0.507803121248499,FALSE
LEO1,-0.507707082833133,FALSE
SPRYD3,0.507707082833133,FALSE
C3orf37,0.507707082833133,FALSE
C11orf74,-0.507322929171669,FALSE
NR2F1,0.507322929171669,TRUE
CD81,0.507226890756303,FALSE
LOC100270680,-0.507226890756303,FALSE
DNAH1,0.507130852340936,FALSE
SAMD5,-0.507130852340936,FALSE
LCAT,0.507130852340936,FALSE
LINC00086,-0.506842737094838,FALSE
ISG15,-0.50655462184874,FALSE
CLSPN,-0.506362545018007,FALSE
GEMIN4,0.506362545018007,FALSE
RAB11FIP3,0.506170468187275,FALSE
POM121,0.506074429771909,FALSE
PVR,0.505882352941176,FALSE
LOC100509861,-0.50578631452581,FALSE
SMYD2,-0.50578631452581,FALSE
CRTC1,-0.50578631452581,FALSE
ELFN1,-0.505690276110444,FALSE
KCNJ14,0.505498199279712,FALSE
RAE1,-0.505498199279712,FALSE
ITIH5,0.505402160864346,FALSE
C20orf201,-0.505210084033613,FALSE
MYO5A,-0.505114045618247,FALSE
CDK5RAP3,0.504825930372149,FALSE
SPATA2,0.504633853541417,FALSE
RNU105A,-0.50453781512605,FALSE
TMBIM4,-0.504345738295318,FALSE
STX4,0.504249699879952,FALSE
ADHFE1,0.504249699879952,FALSE
SEPT4,0.504249699879952,FALSE
RPL12,-0.50405762304922,FALSE
PPARGC1B,0.503961584633854,FALSE
KCNE2,0.503673469387755,FALSE
C19orf18,0.503673469387755,FALSE
FMNL1,0.503577430972389,FALSE
TIMM22,0.503481392557023,FALSE
TMEM53,0.503481392557023,FALSE
MOP-1,-0.503289315726291,FALSE
DTX2,0.503289315726291,FALSE
GATAD2B,0.503289315726291,TRUE
RGS4,-0.503289315726291,FALSE
GDF11,-0.503193277310924,FALSE
GLUD1,-0.503097238895558,FALSE
GRAMD1B,-0.503097238895558,FALSE
STK38,0.503097238895558,FALSE
BCDIN3D,-0.502905162064826,FALSE
AP3M1,-0.50280912364946,FALSE
GNL1,0.502713085234094,FALSE
SLC27A5,-0.502713085234094,FALSE
ZBTB47,0.502617046818728,TRUE
PRKCH,0.502617046818728,FALSE
FAM46A,-0.502521008403361,FALSE
IGFBP2,-0.502424969987995,FALSE
RHBDL1,-0.502232893157263,FALSE
IP6K1,-0.502232893157263,FALSE
LCE1D,-0.502232893157263,FALSE
GLS,0.502232893157263,FALSE
THRA,0.502040816326531,TRUE
CDC42EP5,-0.501944777911165,FALSE
KIAA0664L3,0.501848739495798,FALSE
MKKS,-0.501752701080432,FALSE
LOC728537,0.501752701080432,FALSE
RPS15A,-0.501464585834334,FALSE
PGBD2,-0.501464585834334,FALSE
NRP1,0.501368547418968,FALSE
PYGM,0.501368547418968,FALSE
TMEM48,-0.501272509003601,FALSE
CRIPAK,0.501176470588235,FALSE
EFCAB11,-0.501080432172869,FALSE
WSB1,0.500984393757503,FALSE
CCDC34,-0.500696278511405,FALSE
SLC35F5,-0.500696278511405,FALSE
CD55,-0.500696278511405,FALSE
ALMS1P,0.500600240096039,FALSE
CABP7,0.500600240096039,FALSE
CCDC92,0.500408163265306,FALSE
C14orf43,0.500216086434574,FALSE
CRBN,-0.500120048019208,FALSE
KIAA0754,0.500024009603842,FALSE
AFAP1L1,0.499927971188475,FALSE
SLC2A10,-0.499927971188475,FALSE
TMEM115,0.499927971188475,FALSE
HSD17B3,0.499831932773109,FALSE
LSS,0.499831932773109,FALSE
HORMAD1,-0.499735894357743,FALSE
TTC19,-0.499735894357743,FALSE
MUS81,0.499639855942377,FALSE
ATOX1,-0.499447779111645,FALSE
LOX,-0.499159663865546,FALSE
KPNA3,-0.49906362545018,FALSE
C22orf32,0.498775510204082,FALSE
S100A4,-0.498679471788716,FALSE
FUS,0.498583433373349,FALSE
JHDM1D,0.498391356542617,FALSE
RBM38,0.498295318127251,FALSE
POR,0.498295318127251,FALSE
SOCS1,-0.498295318127251,FALSE
C6orf115,-0.498199279711885,FALSE
FAM165B,-0.498199279711885,FALSE
FLJ42875,0.498199279711885,FALSE
IKBKB,0.498199279711885,FALSE
TMEM106B,-0.498199279711885,FALSE
EEFSEC,0.498199279711885,FALSE
ZNF551,0.498199279711885,TRUE
ZNF467,-0.498199279711885,TRUE
TUBB3,-0.498007202881153,FALSE
RGL3,0.498007202881153,FALSE
LOC100131262,-0.497911164465786,FALSE
EBP,-0.49781512605042,FALSE
ST3GAL1,0.49781512605042,FALSE
ATP6V1D,-0.49781512605042,FALSE
G3BP1,-0.49781512605042,FALSE
CDK14,-0.497719087635054,FALSE
CAPN3,0.497623049219688,FALSE
ARG2,-0.497430972388956,FALSE
ME3,0.497430972388956,FALSE
RPS12,-0.497238895558223,FALSE
FAM132A,0.496950780312125,FALSE
C1orf54,-0.496950780312125,FALSE
CNOT4,0.496950780312125,FALSE
TLE3,0.496854741896759,FALSE
FAM69B,0.496758703481393,FALSE
LOC572558,0.49656662665066,FALSE
MIF,-0.49656662665066,FALSE
RBL1,-0.49656662665066,FALSE
APITD1,-0.496470588235294,FALSE
ARMCX3-AS1,0.496374549819928,FALSE
ASTE1,0.496374549819928,FALSE
ZNF641,0.496278511404562,TRUE
C4orf29,0.496278511404562,FALSE
TBC1D25,0.49608643457383,FALSE
PAPD7,0.49608643457383,FALSE
C7orf73,-0.49608643457383,FALSE
UBE2C,-0.495990396158463,FALSE
IL3RA,-0.495894357743097,FALSE
ANO2,0.495702280912365,FALSE
DNMBP,0.495702280912365,FALSE
LOC155060,0.495606242496999,FALSE
CD247,0.494933973589436,FALSE
FUK,0.494933973589436,FALSE
WARS,0.494549819927971,FALSE
CC2D1A,0.494549819927971,TRUE
SPG7,0.494453781512605,FALSE
AKAP8,0.494453781512605,FALSE
MRPS17,-0.494453781512605,FALSE
DNAL1,-0.494357743097239,FALSE
RSRC1,-0.494357743097239,FALSE
NRBF2,-0.494165666266507,FALSE
H2AFX,-0.49406962785114,FALSE
ARL5B,-0.493973589435774,FALSE
BET1L,0.493877551020408,FALSE
MIP,-0.493493397358944,FALSE
TACC1,0.493493397358944,FALSE
ITPKA,-0.493397358943578,FALSE
DNASE1L2,0.493397358943578,FALSE
C6orf70,0.493397358943578,FALSE
TPSG1,-0.493301320528211,FALSE
ZNF827,0.493301320528211,TRUE
HINFP,0.493205282112845,TRUE
RPS8,-0.493109243697479,FALSE
C12orf47,0.493109243697479,FALSE
RPL39L,-0.492821128451381,FALSE
KCNH3,-0.492725090036014,FALSE
LRRN1,-0.492725090036014,FALSE
PRR22,0.492629051620648,FALSE
APBB3,0.492533013205282,FALSE
NEK6,-0.492436974789916,FALSE
FLJ10038,0.492436974789916,FALSE
POC1A,-0.492052821128451,FALSE
COIL,-0.492052821128451,FALSE
WFDC5,-0.492052821128451,FALSE
RNPS1,0.492052821128451,FALSE
GSTP1,-0.491956782713085,FALSE
TMEM138,0.491956782713085,FALSE
HOXA10,-0.491956782713085,TRUE
C16orf48,0.491860744297719,FALSE
TXN,-0.491860744297719,FALSE
CD2BP2,0.491668667466987,FALSE
KIAA2026,0.491668667466987,FALSE
GALNT14,-0.491572629051621,FALSE
GPR56,0.491476590636255,FALSE
TYMP,-0.491284513805522,FALSE
LOC100128714,-0.491188475390156,FALSE
AARS2,0.491188475390156,FALSE
CRAMP1L,0.491188475390156,FALSE
MRAS,0.490996398559424,FALSE
SH3GLB2,0.490996398559424,FALSE
DGAT1,0.490900360144058,FALSE
SNTA1,0.490900360144058,FALSE
TMCO6,0.490900360144058,FALSE
ASB18,-0.490708283313325,FALSE
ADAM22,-0.490612244897959,FALSE
ANKRD12,0.490612244897959,FALSE
C8orf83,-0.490612244897959,FALSE
DBF4,-0.490420168067227,FALSE
ENG,0.490420168067227,FALSE
FAM65B,0.490324129651861,FALSE
UBXN11,0.490036014405762,FALSE
PABPN1,0.490036014405762,FALSE
ARVCF,0.489939975990396,FALSE
TTYH2,0.489651860744298,FALSE
SAMD1,0.489555822328932,FALSE
MOB1A,-0.489459783913565,FALSE
SLC3A2,0.489459783913565,FALSE
MGC27345,0.489363745498199,FALSE
RPS6,0.489171668667467,FALSE
VSX1,-0.489171668667467,TRUE
ADCK4,0.489075630252101,FALSE
H2AFV,-0.488979591836735,FALSE
TBC1D3G,0.488979591836735,FALSE
C2CD2,0.488979591836735,FALSE
ZSCAN21,0.488979591836735,TRUE
FABP3,-0.488979591836735,FALSE
EZH1,0.488883553421369,FALSE
LOC100125556,0.488883553421369,FALSE
C21orf15,0.488787515006002,FALSE
CDH22,-0.488211284513806,FALSE
ZNF434,0.488115246098439,FALSE
FGFR1OP,-0.487923169267707,FALSE
DEFB123,-0.487923169267707,FALSE
LOC100505585,0.487827130852341,FALSE
TNFSF11,-0.487731092436975,FALSE
ALPK3,0.487635054021609,FALSE
LOC728392,0.487635054021609,FALSE
NCOA4,-0.487250900360144,FALSE
RPE,-0.487250900360144,FALSE
EVX1,-0.487154861944778,TRUE
GINS1,-0.487154861944778,FALSE
POLG2,0.487154861944778,FALSE
PPP2R3B-AS1,0.487058823529412,FALSE
PFDN1,0.486866746698679,FALSE
ANKRD20A9P,0.486674669867947,FALSE
PML,0.486674669867947,FALSE
CEP72,0.486386554621849,FALSE
KLRF1,0.486290516206483,FALSE
ARHGAP31,0.486194477791116,FALSE
C16orf79,0.48609843937575,FALSE
TAGLN,0.486002400960384,FALSE
HENMT1,-0.485810324129652,FALSE
ZNF274,0.485810324129652,TRUE
AMACR,-0.485522208883554,FALSE
TFB2M,-0.485522208883554,FALSE
ALDH1B1,-0.485522208883554,FALSE
FAN1,0.485426170468187,FALSE
FAM198A,-0.485234093637455,FALSE
SYNM,0.485138055222089,FALSE
LOC399744,-0.485042016806723,FALSE
TTLL1,-0.484945978391357,FALSE
CYP4F12,0.484945978391357,FALSE
BCL2L1,0.484753901560624,FALSE
NKAPL,-0.484657863145258,FALSE
LOC100130579,0.484657863145258,FALSE
LOC100133161,-0.484561824729892,FALSE
KRTCAP3,0.484561824729892,FALSE
EPHB2,-0.484465786314526,FALSE
CAMK1,0.484465786314526,FALSE
GPSM2,-0.484273709483794,FALSE
ADPRH,-0.484177671068427,FALSE
LRRC26,-0.483985594237695,FALSE
PHPT1,-0.483985594237695,FALSE
CPSF3L,0.483949194597946,FALSE
LOC150622,-0.483889555822329,FALSE
TCN2,0.483793517406963,FALSE
LOC100129662,0.483601440576231,FALSE
UBTD2,-0.483505402160864,FALSE
ENDOD1,0.483505402160864,FALSE
HSP90AA5P,-0.483505402160864,FALSE
FHDC1,0.483409363745498,FALSE
KRTCAP2,-0.483313325330132,FALSE
KCNB1,0.483217286914766,FALSE
PPDPF,-0.483217286914766,FALSE
KCNN3,0.483217286914766,FALSE
CASKIN1,-0.483217286914766,FALSE
IST1,0.483217286914766,FALSE
CENPBD1,-0.482929171668667,FALSE
LOC100130111,-0.482833133253301,FALSE
CARD6,-0.482641056422569,FALSE
KLHL26,0.482641056422569,FALSE
LOC340335,0.482545018007203,FALSE
HTATSF1P2,-0.482448979591837,FALSE
PKNOX2,0.482352941176471,TRUE
C2orf29,-0.482352941176471,FALSE
PANK4,0.482160864345738,FALSE
EGFL8,0.482064825930372,FALSE
ASL,0.481968787515006,FALSE
KCP,-0.48187274909964,FALSE
KIAA1841,-0.48187274909964,FALSE
ZYX,0.48187274909964,FALSE
SNHG9,-0.481776710684274,FALSE
SET,-0.481776710684274,FALSE
MYO15B,0.481680672268908,FALSE
EPHA2,0.481680672268908,FALSE
TRAFD1,-0.481584633853541,FALSE
ZNF692,0.481488595438175,TRUE
DNAJC10,-0.481488595438175,FALSE
VIPR1,0.481488595438175,FALSE
TOP3B,0.481392557022809,FALSE
ANKRD20A5P,0.481200480192077,FALSE
C12orf4,-0.481104441776711,FALSE
VN1R1,0.481008403361345,FALSE
RABGGTA,0.481008403361345,FALSE
CENPQ,-0.480912364945978,FALSE
PLCB1,-0.480816326530612,FALSE
RSPRY1,-0.480720288115246,FALSE
COL11A2,-0.480528211284514,FALSE
LINC00087,-0.480528211284514,FALSE
C12orf48,-0.480432172869148,FALSE
SH3TC1,0.480336134453782,FALSE
RPRD2,0.480240096038415,FALSE
COASY,0.480240096038415,FALSE
AP4M1,0.480240096038415,FALSE
PASK,0.480144057623049,FALSE
ZNRF1,0.480048019207683,FALSE
YPEL3,0.480048019207683,FALSE
PDGFC,-0.480048019207683,FALSE
GPRASP1,0.480048019207683,FALSE
POFUT2,0.480048019207683,FALSE
DERA,-0.479855942376951,FALSE
VKORC1,-0.479855942376951,FALSE
CDKN3,-0.479759903961585,FALSE
RPL38,-0.479663865546219,FALSE
PIWIL2,0.479567827130852,FALSE
TAF10,-0.479471788715486,FALSE
PSMD3,0.479471788715486,FALSE
C2,-0.47937575030012,FALSE
MOB2,0.47937575030012,FALSE
COMMD5,-0.479279711884754,FALSE
NFKBIL1,-0.479183673469388,FALSE
RPS15AP10,0.479183673469388,FALSE
CHAT,-0.479087635054022,FALSE
RAB43,0.478991596638655,FALSE
KRTAP3-3,-0.478895558223289,FALSE
AIDA,-0.478799519807923,FALSE
ANKRD20A2,0.478607442977191,FALSE
GOLGA2P5,0.478607442977191,FALSE
PARP6,0.478607442977191,FALSE
PKN1,0.478415366146459,FALSE
UBAP2,0.478319327731092,FALSE
GHRLOS2,0.478319327731092,FALSE
ERLIN1,-0.478223289315726,FALSE
ABCA10,0.478031212484994,FALSE
FBXL17,-0.477743097238896,FALSE
ATG4D,0.477647058823529,FALSE
ACOT13,-0.477551020408163,FALSE
GGT1,-0.477551020408163,FALSE
LOC728054,-0.477551020408163,FALSE
DUSP8,-0.477454981992797,FALSE
PPP5C,0.477454981992797,FALSE
FAM174B,-0.477166866746699,FALSE
TBRG1,0.477166866746699,FALSE
NUDT13,-0.477070828331333,FALSE
NCOA6,0.477070828331333,FALSE
GALNT10,-0.4768787515006,FALSE
MMAB,0.4768787515006,FALSE
HARS2,0.4768787515006,FALSE
SRBD1,-0.476686674669868,FALSE
PRDX1,-0.476686674669868,FALSE
DENND4B,0.476686674669868,FALSE
KDM3A,0.476686674669868,FALSE
LOC100130264,-0.476590636254502,FALSE
NFKBID,0.476590636254502,FALSE
PRELID1,-0.476494597839136,FALSE
NFATC3,0.476494597839136,TRUE
ZFP92,-0.47639855942377,TRUE
SLC2A6,-0.476302521008403,FALSE
LOC642826,-0.476110444177671,FALSE
RPS13,-0.476110444177671,FALSE
PRRT3,-0.475822328931573,FALSE
NRAS,-0.475726290516206,FALSE
A4GALT,-0.475726290516206,FALSE
ZNF414,0.475726290516206,TRUE
B4GALT3,0.475726290516206,FALSE
DDX23,0.47563025210084,FALSE
NRF1,0.47563025210084,TRUE
SLC26A5,0.47563025210084,FALSE
RAB5B,0.47563025210084,FALSE
CAPNS2,0.475342136854742,FALSE
LOC100132005,-0.475246098439376,FALSE
LOC100130238,-0.47515006002401,FALSE
BOLA2B,-0.475054021608644,FALSE
HOXA5,0.474957983193277,TRUE
PSMD7,-0.474861944777911,FALSE
DBR1,-0.474861944777911,FALSE
EPSTI1,-0.474765906362545,FALSE
STK25,0.474669867947179,FALSE
ACTR3BP5,-0.474477791116447,FALSE
PLXNB1,0.474477791116447,FALSE
DMAP1,0.474477791116447,FALSE
AKIRIN2-AS1,0.474477791116447,FALSE
TK1,-0.474477791116447,FALSE
MRO,-0.474285714285714,FALSE
BCL6,0.474285714285714,TRUE
ARMC7,-0.474189675870348,FALSE
FAM21C,-0.474093637454982,FALSE
BCL7A,0.473997599039616,FALSE
CDYL2,-0.47390156062425,FALSE
SAR1A,-0.47390156062425,FALSE
RNASEH2A,-0.473805522208884,FALSE
RAB40C,0.473709483793517,FALSE
CNIH,-0.473517406962785,FALSE
ARHGAP10,0.473517406962785,FALSE
TNPO2,0.473517406962785,FALSE
NPS,-0.473517406962785,FALSE
DMRT3,0.473421368547419,TRUE
AGPAT5,-0.473421368547419,FALSE
UBXN8,-0.473325330132053,FALSE
KIF1B,0.473325330132053,FALSE
GRAPL,0.473229291716687,FALSE
RAB27B,-0.473229291716687,FALSE
GATAD1,0.473133253301321,FALSE
RFX5,-0.473037214885954,TRUE
PRICKLE2,0.473037214885954,FALSE
UQCR10,-0.472941176470588,FALSE
RPS29,-0.472941176470588,FALSE
AP2B1,0.472941176470588,FALSE
HYI,0.472941176470588,FALSE
CHST13,-0.472845138055222,FALSE
FOXRED1,0.472749099639856,FALSE
DTL,-0.472749099639856,FALSE
CHST15,0.47265306122449,FALSE
FILIP1,0.472460984393758,FALSE
PIGQ,0.472364945978391,FALSE
PSMB3,-0.472364945978391,FALSE
USP20,0.472268907563025,FALSE
MB21D1,-0.472268907563025,FALSE
WBP2,0.472268907563025,FALSE
ARL4D,-0.472172869147659,FALSE
CD300A,0.472172869147659,FALSE
MLXIPL,0.472172869147659,TRUE
ABCC9,-0.471980792316927,FALSE
SPPL3,0.471980792316927,FALSE
THAP3,0.471884753901561,FALSE
CENPW,-0.471692677070828,FALSE
NDUFB3,-0.471692677070828,FALSE
E4F1,0.471596638655462,TRUE
GRAMD1A,0.471596638655462,FALSE
GNLY,0.471500600240096,FALSE
WBSCR16,0.471500600240096,FALSE
ACSS2,0.471500600240096,FALSE
GNRH1,0.471500600240096,FALSE
ZNF75D,0.471500600240096,TRUE
PIGL,0.47140456182473,FALSE
RBM34,-0.471308523409364,FALSE
UNK,0.471308523409364,FALSE
DAD1,-0.471116446578632,FALSE
SLC22A5,0.471020408163265,FALSE
RHBDF1,0.470828331332533,FALSE
SUMO1,-0.470636254501801,FALSE
GPX8,-0.470636254501801,FALSE
SULT1A4,0.470636254501801,FALSE
PDGFB,0.470540216086435,FALSE
PRIM1,-0.470444177671068,FALSE
GNA12,0.470444177671068,FALSE
HLA-DRB3,0.470444177671068,FALSE
RBX1,-0.470348139255702,FALSE
FAM195B,-0.470348139255702,FALSE
ZNF687,0.470252100840336,TRUE
GTF2A1,-0.470060024009604,FALSE
LONP1,0.470060024009604,FALSE
USP42,0.469963985594238,FALSE
GPSM1,-0.469867947178872,FALSE
MGC12488,0.469867947178872,FALSE
TBC1D7,-0.469579831932773,FALSE
NANOG,0.469579831932773,TRUE
GET4,0.469579831932773,FALSE
HOXB9,-0.469483793517407,TRUE
TGFBR1,-0.469483793517407,FALSE
ARAF2P,-0.469387755102041,FALSE
EGLN2,0.469387755102041,FALSE
LOC100130097,-0.469291716686675,FALSE
MAP3K6,0.469099639855942,FALSE
SERPINH1,-0.469099639855942,FALSE
PAK1IP1,-0.469099639855942,FALSE
OBSL1,0.469099639855942,FALSE
FAM184A,0.469003601440576,FALSE
C12orf56,-0.46890756302521,FALSE
ENOSF1,0.46890756302521,FALSE
RGS6,0.468811524609844,FALSE
MAP2K4,-0.468715486194478,FALSE
NBPF14,0.468715486194478,FALSE
MYOC,0.468619447779112,FALSE
SORT1,0.468523409363746,FALSE
WDR66,0.468523409363746,FALSE
LRP10,0.468331332533013,FALSE
ANKRD39,-0.468235294117647,FALSE
HIST1H1B,-0.468139255702281,FALSE
NUDC,0.468139255702281,FALSE
GNRHR2,0.468139255702281,FALSE
TNFRSF13B,0.468139255702281,FALSE
FAM156A,0.468043217286915,FALSE
C16orf7,-0.468043217286915,FALSE
ERCC6L,-0.467947178871549,FALSE
AHSA2,-0.467851140456182,FALSE
LOC282997,-0.467851140456182,FALSE
CKAP4,-0.467755102040816,FALSE
SYN1,-0.467755102040816,FALSE
GJB6,-0.467755102040816,FALSE
C14orf79,0.467755102040816,FALSE
CAD,0.46765906362545,FALSE
UBA1,0.46765906362545,FALSE
CARD17,-0.46765906362545,FALSE
CDC14C,-0.467563025210084,FALSE
KIAA0485,0.467370948379352,FALSE
RPL37A,-0.467178871548619,FALSE
PAX8,0.466890756302521,TRUE
CYP4X1,0.466794717887155,FALSE
MRPS24,-0.466698679471789,FALSE
PSD,-0.466602641056423,FALSE
EML2,0.466602641056423,FALSE
MADD,0.466506602641056,FALSE
RNF126,0.46641056422569,FALSE
DYNLT1,-0.46641056422569,FALSE
HIST1H3H,-0.466314525810324,FALSE
PYGB,0.466218487394958,FALSE
TTC17,0.466218487394958,FALSE
CHKA,0.466218487394958,FALSE
TTC7A,-0.466122448979592,FALSE
ROPN1L,-0.466122448979592,FALSE
FARSB,0.466026410564226,FALSE
MST1P9,0.46593037214886,FALSE
CDC25B,0.465834333733494,FALSE
CENPP,-0.465738295318127,FALSE
MRPL44,-0.465738295318127,FALSE
TMEM14A,-0.465642256902761,FALSE
ZNF555,-0.465546218487395,TRUE
PAPL,0.465546218487395,FALSE
NLGN2,0.465450180072029,FALSE
NAT1,-0.465354141656663,FALSE
SMAD2,0.465354141656663,TRUE
SGMS2,-0.46516206482593,FALSE
NDC80,-0.46516206482593,FALSE
HSP90AA1,-0.465066026410564,FALSE
CREB3L1,-0.464969987995198,TRUE
ARL6IP5,-0.464777911164466,FALSE
CRAT,-0.4646818727491,FALSE
TRIP13,-0.4646818727491,FALSE
TMEM200A,-0.464585834333734,FALSE
LOC100130152,-0.464585834333734,FALSE
MAML1,-0.464489795918367,FALSE
C7orf42,0.464489795918367,FALSE
SCN4A,0.464393757503001,FALSE
ANKHD1-EIF4EBP3,0.464201680672269,FALSE
CHKB,0.464201680672269,FALSE
CLASRP,0.464105642256903,FALSE
COG8,-0.463913565426171,FALSE
SBSN,-0.463913565426171,FALSE
SIKE1,-0.463913565426171,FALSE
TAZ,0.463913565426171,FALSE
ESPL1,-0.463913565426171,FALSE
ERI3,0.463913565426171,FALSE
CYP4F30P,-0.463817527010804,FALSE
CALR,-0.463721488595438,FALSE
SIPA1,0.463721488595438,FALSE
UBAP1L,0.463721488595438,FALSE
SEMA4B,0.463625450180072,FALSE
KIF20B,-0.463529411764706,FALSE
ARHGEF15,0.463529411764706,FALSE
PYCR2,0.463529411764706,FALSE
ADORA2B,-0.46343337334934,FALSE
LOC148189,-0.46343337334934,FALSE
LOC727993,-0.463337334933974,FALSE
TBC1D8,0.463337334933974,FALSE
C8orf46,0.463337334933974,FALSE
SKIV2L,0.463241296518608,FALSE
C5orf44,-0.463145258103241,FALSE
KCNS3,-0.463145258103241,FALSE
TMED2,-0.463145258103241,FALSE
ZNF366,0.463049219687875,TRUE
PIAS3,0.463049219687875,FALSE
BCAR1,0.462761104441777,FALSE
LOC286272,0.462761104441777,FALSE
ZNF470,0.462761104441777,TRUE
ATP6V0A1,0.462761104441777,FALSE
TPP2,-0.462569027611044,FALSE
CDK5RAP2,0.462569027611044,FALSE
CT47A11,-0.462280912364946,FALSE
DTX1,0.462280912364946,FALSE
AKR1B15,-0.46218487394958,FALSE
FLNC,0.462088835534214,FALSE
UCP2,0.461992797118848,FALSE
CHEK2,-0.461992797118848,FALSE
LOC644050,-0.461992797118848,FALSE
DKFZP547L112,-0.461896758703481,FALSE
SEC61G,-0.461800720288115,FALSE
COLQ,0.461704681872749,FALSE
THRSP,0.461608643457383,FALSE
HAUS7,0.461416566626651,FALSE
FAM160B2,0.461416566626651,FALSE
EIF2B4,0.461416566626651,FALSE
PDLIM7,-0.461416566626651,FALSE
ALS2CL,0.461416566626651,FALSE
BCRP2,0.461128451380552,FALSE
C7orf53,0.461128451380552,FALSE
ZNF529,0.461128451380552,TRUE
RBMY2EP,-0.46093637454982,FALSE
HSPA12A,0.460840336134454,FALSE
FLJ35776,-0.460840336134454,FALSE
SLC35A4,0.460744297719088,FALSE
ALG9,0.460744297719088,FALSE
ZNF92,-0.460648259303722,TRUE
RAB7L1,-0.460552220888355,FALSE
CDC45,-0.460552220888355,FALSE
YWHAQ,-0.460456182472989,FALSE
BIRC5,-0.460456182472989,FALSE
CHEK1,-0.460360144057623,FALSE
LOC729424,-0.460264105642257,FALSE
ARPC4-TTLL3,0.460264105642257,FALSE
FAM54B,0.460264105642257,FALSE
COBRA1,0.460264105642257,FALSE
CERCAM,-0.460168067226891,FALSE
FAM120B,0.460072028811525,FALSE
PTPRCAP,0.460072028811525,FALSE
PLIN1,0.460072028811525,FALSE
MCEE,-0.459879951980792,FALSE
SNRPD2P2,-0.459879951980792,FALSE
POLH,-0.459879951980792,FALSE
HIST1H2AM,-0.459783913565426,FALSE
CHRDL2,0.459783913565426,FALSE
PQLC2,-0.45968787515006,FALSE
C17orf76-AS1,-0.45968787515006,FALSE
DTWD2,-0.459591836734694,FALSE
RNF13,-0.459495798319328,FALSE
EPHB6,0.459495798319328,FALSE
PRCP,-0.459303721488595,FALSE
COX7C,-0.459207683073229,FALSE
SOX7,0.459207683073229,TRUE
PDIA3,-0.459111644657863,FALSE
CAPN12,0.458823529411765,FALSE
HCP5,0.458727490996399,FALSE
UHRF1,-0.458535414165666,FALSE
AP1S1,-0.458343337334934,FALSE
FAM114A1,-0.458151260504202,FALSE
ALG14,-0.458151260504202,FALSE
TGFBR3,0.458151260504202,FALSE
SLC35A5,-0.458055222088836,FALSE
TMSB15A,-0.457959183673469,FALSE
MGLL,0.457959183673469,FALSE
SEC31B,0.457959183673469,FALSE
GIMAP5,0.457959183673469,FALSE
FOXB2,-0.457959183673469,TRUE
FAIM3,0.457863145258103,FALSE
AADAC,-0.457863145258103,FALSE
PRRC2C,0.457767106842737,FALSE
SAR1B,-0.457671068427371,FALSE
CCDC99,-0.457671068427371,FALSE
PCP4,-0.457671068427371,FALSE
RAD51,-0.457575030012005,FALSE
ENY2,-0.457575030012005,FALSE
IGSF1,0.457575030012005,FALSE
GLDN,0.457478991596639,FALSE
TRMT61A,0.457382953181272,FALSE
LY86,-0.457382953181272,FALSE
NCKIPSD,0.457286914765906,FALSE
NAPG,-0.457286914765906,FALSE
RAB11FIP5,0.457286914765906,FALSE
CTXN1,-0.45719087635054,FALSE
PANX1,-0.457094837935174,FALSE
UGT3A1,0.456902761104442,FALSE
ZNF507,0.456806722689076,TRUE
GLT8D1,-0.45671068427371,FALSE
LOC284408,0.456614645858343,FALSE
ST6GALNAC6,0.456518607442977,FALSE
LSM5,-0.456518607442977,FALSE
FCRL3,0.456422569027611,FALSE
TTC30B,-0.456422569027611,FALSE
CCNDBP1,0.456326530612245,FALSE
MAMLD1,0.456326530612245,FALSE
PI3,-0.456326530612245,FALSE
RNF44,0.456326530612245,FALSE
ANKRD5,-0.456230492196879,FALSE
LOC283387,-0.456230492196879,FALSE
SGOL2,-0.456134453781513,FALSE
TIFA,-0.456038415366147,FALSE
FLJ45513,0.455846338535414,FALSE
GOLGA6C,0.455846338535414,FALSE
TNFSF12,0.455846338535414,FALSE
ZNF845,-0.455750300120048,FALSE
C8orf60,0.455750300120048,FALSE
HIST1H4B,-0.455654261704682,FALSE
LTB4R2,-0.455654261704682,FALSE
USP14,0.455654261704682,FALSE
FBXO46,0.455558223289316,FALSE
LOC100616668,0.455558223289316,FALSE
TLR6,-0.45546218487395,FALSE
C9orf46,-0.455366146458584,FALSE
TH1L,0.455366146458584,FALSE
SLC2A7,-0.455366146458584,FALSE
GLT25D1,-0.455270108043217,FALSE
CDC42EP2,0.455270108043217,FALSE
ADAR,0.455174069627851,FALSE
FLJ45684,0.455174069627851,FALSE
WIZ,0.455078031212485,TRUE
TGM6,-0.454885954381753,FALSE
LOC100131372,-0.454885954381753,FALSE
SLC35A1,-0.454885954381753,FALSE
CAPNS1,0.454885954381753,FALSE
FAM73B,0.454789915966387,FALSE
CXorf26,-0.454789915966387,FALSE
LEPREL4,-0.45469387755102,FALSE
MBD6,0.45469387755102,FALSE
C1orf182,-0.45469387755102,FALSE
LINC00338,0.45469387755102,FALSE
AGFG2,0.454597839135654,FALSE
ZNF514,0.454405762304922,TRUE
C21orf63,0.454309723889556,FALSE
ATF6,-0.454309723889556,TRUE
CENPB,0.454309723889556,FALSE
RBP7,0.454309723889556,FALSE
CPNE9,-0.45421368547419,FALSE
TSTD2,0.454021608643457,FALSE
IQSEC1,0.453925570228091,FALSE
LFNG,-0.453829531812725,FALSE
PRPF31,0.453829531812725,FALSE
DGAT2,0.453829531812725,FALSE
MRPL45,-0.453637454981993,FALSE
KLHDC3,0.453637454981993,FALSE
DOT1L,-0.453541416566627,FALSE
SEPT1,0.453445378151261,FALSE
SYNDIG1,-0.453349339735894,FALSE
RBM25,0.453349339735894,FALSE
RPLP1,-0.453157262905162,FALSE
RBCK1,0.45296518607443,FALSE
LSM7,-0.45296518607443,FALSE
C12orf60,-0.452869147659064,FALSE
TWSG1,-0.452773109243698,FALSE
PIK3C2B,0.452581032412965,FALSE
SMAD5-AS1,-0.452581032412965,FALSE
GATAD2A,0.452581032412965,TRUE
USPL1,0.452581032412965,FALSE
ERCC3,0.452581032412965,FALSE
CEP78,-0.452484993997599,FALSE
AMDHD2,-0.452388955582233,FALSE
C7orf26,0.452388955582233,FALSE
RBBP4,-0.452100840336134,FALSE
FIGNL1,-0.452100840336134,FALSE
RPL23AP32,0.452004801920768,FALSE
TUBGCP2,0.452004801920768,FALSE
DKFZP564C152,-0.452004801920768,FALSE
KIAA0182,0.451908763505402,FALSE
COQ6,0.451908763505402,FALSE
USP54,0.451812725090036,FALSE
UBE2D1,-0.45171668667467,FALSE
SLC39A4,-0.45171668667467,FALSE
KLHL36,0.451620648259304,FALSE
ATG9B,-0.451524609843938,FALSE
ITPKB,0.451428571428571,FALSE
GSTM3,-0.451332533013205,FALSE
TUSC5,0.451332533013205,FALSE
ATP5J2,-0.451236494597839,FALSE
DCLK3,-0.451236494597839,FALSE
SMPDL3B,-0.451236494597839,FALSE
GPX7,-0.450948379351741,FALSE
TMPRSS5,0.450948379351741,FALSE
LOC283588,0.450948379351741,FALSE
GLTSCR1,-0.450852340936375,FALSE
MAMDC2,-0.450852340936375,FALSE
ABHD14B,0.450756302521009,FALSE
ETNK2,0.450660264105642,FALSE
DUSP9,-0.450564225690276,FALSE
PIDD,0.45046818727491,FALSE
HIST1H2AI,-0.450276110444178,FALSE
DIO3OS,0.450276110444178,FALSE
RPS28,-0.450276110444178,FALSE
LOC100131541,0.450276110444178,FALSE
RHPN2,-0.450180072028812,FALSE
AP3B1,-0.450180072028812,FALSE
PAQR6,0.450180072028812,FALSE
BTNL9,0.449987995198079,FALSE
FLJ22184,-0.449987995198079,FALSE
RPL31,-0.449891956782713,FALSE
SVIL,0.449891956782713,FALSE
KDELC1,-0.449795918367347,FALSE
DDX46,0.449795918367347,FALSE
C9orf174,0.449795918367347,FALSE
HTR1E,-0.449795918367347,FALSE
MSH5,0.449699879951981,FALSE
MOCS3,-0.449699879951981,FALSE
KIAA0101,-0.449603841536615,FALSE
C12orf23,-0.449603841536615,FALSE
CEP70,0.449603841536615,FALSE
PTPRB,0.449507803121248,FALSE
LOC283174,0.449507803121248,FALSE
LMBR1,-0.449315726290516,FALSE
CELF5,-0.449315726290516,FALSE
HIST1H3D,-0.44921968787515,FALSE
DNAJC18,0.44921968787515,FALSE
HBCBP,0.449123649459784,FALSE
CENPO,-0.449123649459784,FALSE
IL11,-0.449027611044418,FALSE
NSUN4,-0.449027611044418,FALSE
C1R,-0.448931572629052,FALSE
ARHGDIA,0.448835534213686,FALSE
FZD4,0.448643457382953,FALSE
ASPRV1,0.448547418967587,FALSE
TMEM50B,-0.448451380552221,FALSE
FGFR1,0.448451380552221,FALSE
SLC22A3,0.448451380552221,FALSE
ZNF211,0.448355342136855,TRUE
EXOC7,0.448259303721489,FALSE
C6orf141,0.448259303721489,FALSE
PEX13,-0.448163265306122,FALSE
SKA3,-0.448163265306122,FALSE
SCAMP4,0.448163265306122,FALSE
SIRT7,0.44797118847539,FALSE
ZNF534,0.447875150060024,TRUE
PRMT5,0.447779111644658,FALSE
UTP11L,-0.447779111644658,FALSE
ZWINT,-0.447587034813926,FALSE
LOC100131822,0.447490996398559,FALSE
TYMS,-0.447490996398559,FALSE
TMEM182,-0.447490996398559,FALSE
GPAA1,-0.447298919567827,FALSE
PC,0.447298919567827,FALSE
TNFRSF18,0.447298919567827,FALSE
UNKL,0.447202881152461,FALSE
DFFB,0.447202881152461,FALSE
C1orf204,0.447202881152461,FALSE
STIM1,0.447106842737095,FALSE
E2F7,-0.447010804321729,TRUE
DYTN,-0.446914765906363,FALSE
FUT11,-0.446914765906363,FALSE
YIPF2,-0.446818727490996,FALSE
IGF2BP1,-0.446818727490996,FALSE
C21orf33,-0.44672268907563,FALSE
CDH2,-0.446626650660264,FALSE
KRI1,0.446626650660264,FALSE
ATP13A1,0.446626650660264,FALSE
LOC285300,0.446626650660264,FALSE
PBK,-0.446626650660264,FALSE
CCPG1,-0.446530612244898,FALSE
CLDN5,0.446338535414166,FALSE
QRFP,-0.446338535414166,FALSE
RMI1,-0.446338535414166,FALSE
AOC3,0.446338535414166,FALSE
UNG,-0.4462424969988,FALSE
EOMES,0.446146458583433,TRUE
RSPH3,-0.446050420168067,FALSE
KLHL34,-0.446050420168067,FALSE
SERPINA11,0.446050420168067,FALSE
LOC284688,-0.445954381752701,FALSE
HIST1H4F,-0.445954381752701,FALSE
PRR24,0.445954381752701,FALSE
ERGIC1,-0.445954381752701,FALSE
LOC100132966,-0.445858343337335,FALSE
POM121L1P,0.445858343337335,FALSE
VPS33B,0.445858343337335,FALSE
COMMD6,-0.445762304921969,FALSE
ASTN2,-0.445762304921969,FALSE
PRKX,0.445570228091237,FALSE
COX7A2,-0.445570228091237,FALSE
HECTD3,0.44547418967587,FALSE
TAF15,0.44547418967587,FALSE
ETS2,0.44547418967587,TRUE
NDUFAF2,-0.445378151260504,FALSE
FOXN3,0.445378151260504,TRUE
PCMT1,-0.445282112845138,FALSE
RASGEF1B,-0.445282112845138,FALSE
LYRM5,-0.445186074429772,FALSE
MDM2,-0.445186074429772,FALSE
RFNG,0.44499399759904,FALSE
CXADR,-0.444897959183673,FALSE
HAS2,-0.444801920768307,FALSE
WIPF2,0.444609843937575,FALSE
C12orf70,-0.444513805522209,FALSE
CRADD,-0.444513805522209,FALSE
PLD6,0.444513805522209,FALSE
STAT5A,0.444417767106843,TRUE
LOC730183,0.444417767106843,FALSE
PHF6,-0.444321728691477,FALSE
IQSEC3,-0.44422569027611,FALSE
ACTL6B,-0.444129651860744,FALSE
NANOS3,-0.443937575030012,FALSE
C17orf89,-0.443937575030012,FALSE
CES4A,0.443937575030012,FALSE
NDRG2,0.443937575030012,FALSE
RPL26L1,-0.443841536614646,FALSE
CDC25A,-0.443841536614646,FALSE
PRKACA,0.44374549819928,FALSE
DGKD,0.44374549819928,FALSE
PAIP2B,0.443649459783914,FALSE
GDI2,-0.443553421368547,FALSE
ZNHIT1,-0.443457382953181,FALSE
TRIM13,-0.443457382953181,FALSE
C14orf142,-0.443361344537815,FALSE
PIK3R1,0.443361344537815,FALSE
CDK1,-0.443265306122449,FALSE
PDHB,-0.443265306122449,FALSE
TRUB1,-0.443265306122449,FALSE
HKDC1,-0.443265306122449,FALSE
TBC1D22B,0.443265306122449,FALSE
PKD1L1,0.443265306122449,FALSE
SULT2B1,-0.443169267707083,FALSE
TANC2,0.443169267707083,FALSE
CIRBP,0.443169267707083,FALSE
NOP2,0.443073229291717,FALSE
NUP85,0.443073229291717,FALSE
LOC392288,-0.442881152460984,FALSE
ARL6,-0.442881152460984,FALSE
ZRANB1,0.442881152460984,FALSE
MTHFR,0.442881152460984,FALSE
ADIPOR2,0.442785114045618,FALSE
P4HA2,-0.442689075630252,FALSE
OXTR,-0.442689075630252,FALSE
LGALS4,0.442689075630252,FALSE
AP2S1,-0.442593037214886,FALSE
PADI6,-0.44249699879952,FALSE
C19orf57,0.44249699879952,FALSE
SASH3,0.442208883553421,FALSE
EIF1AD,0.442208883553421,FALSE
LOC375196,-0.442208883553421,FALSE
PARVG,0.442016806722689,FALSE
SIDT2,0.442016806722689,FALSE
SLX4,0.442016806722689,FALSE
RNF185,0.442016806722689,FALSE
NPDC1,0.441920768307323,FALSE
ZNF746,-0.441920768307323,TRUE
PTK2B,0.441824729891957,FALSE
TES,-0.441824729891957,FALSE
FGR,0.441728691476591,FALSE
WDR1,-0.441728691476591,FALSE
ODF3L2,-0.441632653061225,FALSE
IRAK1BP1,-0.441632653061225,FALSE
MYL5,0.441536614645858,FALSE
MAPK7,0.441536614645858,FALSE
CCDC141,-0.441440576230492,FALSE
LOC100505648,0.441440576230492,FALSE
SNORA71A,-0.441344537815126,FALSE
CCDC166,-0.44124849939976,FALSE
LOC100289388,-0.44124849939976,FALSE
PMPCA,0.441152460984394,FALSE
SNX12,-0.441152460984394,FALSE
MED4,-0.441056422569028,FALSE
PLXNC1,-0.441056422569028,FALSE
C17orf108,0.441056422569028,FALSE
RILPL1,0.441056422569028,FALSE
HSPB7,0.440960384153661,FALSE
CEL,-0.440960384153661,FALSE
JPH4,-0.440768307322929,FALSE
KLRK1,0.440672268907563,FALSE
HIST1H1A,-0.440576230492197,FALSE
ACTB,-0.440480192076831,FALSE
ARHGAP11A,-0.440384153661465,FALSE
RRP1,0.440384153661465,FALSE
LOC729088,0.440384153661465,FALSE
CDKN1C,0.440288115246099,FALSE
KRT7,-0.440288115246099,FALSE
SLC16A4,-0.440288115246099,FALSE
LIPN,-0.440192076830732,FALSE
LIN28A,-0.440192076830732,FALSE
CALML3,-0.440192076830732,FALSE
TMEM88B,-0.44,FALSE
CPLX1,0.439903961584634,FALSE
RPL35A,-0.439903961584634,FALSE
KCNRG,0.439807923169268,FALSE
B3GAT1,0.439711884753902,FALSE
ACAD11,0.439711884753902,FALSE
FADS2,-0.439615846338536,FALSE
HPN,0.439519807923169,FALSE
LOC727944,-0.439423769507803,FALSE
PRR14,0.439423769507803,FALSE
TRPS1,-0.439327731092437,TRUE
ZNRF3,0.439327731092437,FALSE
LOC389765,0.439327731092437,FALSE
MAOB,0.439327731092437,FALSE
LOC100272216,0.439231692677071,FALSE
KIAA0146,-0.439231692677071,FALSE
DPT,-0.439231692677071,FALSE
FBXO31,0.439039615846339,FALSE
FKBP14,-0.438943577430972,FALSE
ZNF226,-0.438943577430972,FALSE
DCTN1,0.438943577430972,FALSE
EPB41,0.43875150060024,FALSE
SPAG8,0.43875150060024,FALSE
SGCD,-0.438655462184874,FALSE
ATP1A3,-0.438655462184874,FALSE
PLA2G4A,-0.438655462184874,FALSE
SPSB3,0.438655462184874,FALSE
PCSK5,0.438559423769508,FALSE
ST3GAL3,0.438559423769508,FALSE
LOC220729,0.438559423769508,FALSE
CDCA2,-0.438559423769508,FALSE
LOC400043,0.438559423769508,FALSE
psiTPTE22,-0.438463385354142,FALSE
MGAT2,-0.438463385354142,FALSE
C18orf21,-0.438367346938776,FALSE
MYBL1,0.438367346938776,TRUE
HCFC1R1,-0.438271308523409,FALSE
UBE2D4,-0.438271308523409,FALSE
GAB2,0.438271308523409,FALSE
EPHX1,0.438079231692677,FALSE
LOC100652762,-0.438079231692677,FALSE
CLEC14A,0.438079231692677,FALSE
NUDT3,-0.437887154861945,FALSE
C8orf33,0.437887154861945,FALSE
COMMD4,-0.437887154861945,FALSE
CROCCP3,0.437887154861945,FALSE
PYCR1,-0.437791116446579,FALSE
DIAPH3,-0.437695078031213,FALSE
PI4KA,0.437695078031213,FALSE
MYO3A,-0.437599039615846,FALSE
IBSP,-0.437599039615846,FALSE
LY6G6D,-0.43750300120048,FALSE
HIST1H3B,-0.437406962785114,FALSE
SNX7,-0.437406962785114,FALSE
GNG7,-0.437406962785114,FALSE
FKRP,0.437406962785114,FALSE
C20orf144,-0.437310924369748,FALSE
PANK1,-0.437214885954382,FALSE
TERF2,0.437118847539016,FALSE
CALHM1,-0.437033302246071,FALSE
ZNF503,0.43702280912365,FALSE
STAT4,0.43702280912365,TRUE
LOC283352,-0.436926770708283,FALSE
OPRD1,-0.436926770708283,FALSE
LOC728147,0.436926770708283,FALSE
OR10G2,-0.436830732292917,FALSE
SLIT3,-0.436830732292917,FALSE
FAM179A,0.436830732292917,FALSE
NR3C2,0.436830732292917,TRUE
SCAP,0.436734693877551,FALSE
ZFP36L2,0.436734693877551,FALSE
DPCD,-0.436734693877551,FALSE
KRTAP9-1,-0.436638655462185,FALSE
FLJ31958,-0.436638655462185,FALSE
GMFB,-0.436638655462185,FALSE
ABCG8,-0.436638655462185,FALSE
SSTR1,0.436638655462185,FALSE
EPAS1,0.436542617046819,TRUE
LUZP6,-0.436350540216086,FALSE
CREBBP,0.436350540216086,FALSE
KEL,0.43625450180072,FALSE
ROBO4,0.436158463385354,FALSE
TNRC6B,0.436158463385354,FALSE
RPL41,-0.436062424969988,FALSE
SSR4,-0.435966386554622,FALSE
LZTS1,-0.435870348139256,FALSE
SEPN1,0.435870348139256,FALSE
SCARNA7,-0.435870348139256,FALSE
SYCP2L,0.435870348139256,FALSE
C7orf59,-0.435870348139256,FALSE
GNB1,-0.435870348139256,FALSE
ADCY5,0.435870348139256,FALSE
C1orf56,-0.43577430972389,FALSE
TRIB2,0.43577430972389,FALSE
MUL1,-0.435678271308523,FALSE
LOC645553,-0.435678271308523,FALSE
VTA1,-0.435678271308523,FALSE
AKAP10,0.435678271308523,FALSE
CA4,0.435582232893157,FALSE
ZNF19,-0.435582232893157,TRUE
PTTG1,-0.435486194477791,FALSE
SGPP1,-0.435486194477791,FALSE
GPCPD1,0.435486194477791,FALSE
FAM131C,-0.435390156062425,FALSE
RPH3AL,0.435390156062425,FALSE
LOC143666,0.435294117647059,FALSE
ADAMTS12,-0.435198079231693,FALSE
DPEP3,-0.435198079231693,FALSE
POMT2,0.435102040816327,FALSE
ACER1,-0.435102040816327,FALSE
CYP7B1,-0.434909963985594,FALSE
NIPA2,-0.434909963985594,FALSE
MYL6B,-0.434813925570228,FALSE
NKTR,0.434813925570228,FALSE
HOMER2,-0.43452581032413,FALSE
FAM47A,-0.43452581032413,FALSE
MED29,0.43452581032413,FALSE
TAS1R3,-0.434429771908764,FALSE
GNB4,-0.434429771908764,FALSE
TULP4,0.434429771908764,FALSE
ZNF761,0.434429771908764,TRUE
ZNF862,0.434429771908764,FALSE
DKFZP434F142,0.434333733493397,FALSE
SLC13A1,-0.434333733493397,FALSE
TMEM117,-0.434141656662665,FALSE
NUSAP1,-0.434141656662665,FALSE
MIEN1,-0.434141656662665,FALSE
RRP15,0.434141656662665,FALSE
KIF7,0.434141656662665,FALSE
SAMD13,-0.434045618247299,FALSE
TRIM5,-0.433949579831933,FALSE
USP11,0.433949579831933,FALSE
MYO7A,0.433853541416567,FALSE
ZNF358,0.433853541416567,TRUE
TBL3,-0.4337575030012,FALSE
SLC36A1,-0.4337575030012,FALSE
NEURL1B,0.4337575030012,FALSE
DMBT1,-0.4337575030012,FALSE
SLC18A1,-0.4337575030012,FALSE
LOC100134259,0.433661464585834,FALSE
ALDH1L2,-0.433565426170468,FALSE
ZDHHC12,-0.433469387755102,FALSE
SERPINB8,-0.433469387755102,FALSE
ST14,-0.433373349339736,FALSE
GTPBP2,0.43327731092437,FALSE
IQCH,-0.433181272509004,FALSE
ARF4,-0.433085234093637,FALSE
DAGLB,0.433085234093637,FALSE
ARPC2,-0.433085234093637,FALSE
AMN,-0.432989195678271,FALSE
CPSF1,0.432989195678271,FALSE
PYHIN1,0.432797118847539,FALSE
LOC100130093,0.432797118847539,FALSE
SMYD5,0.432701080432173,FALSE
TMEM150A,0.432701080432173,FALSE
ACADS,0.432605042016807,FALSE
OSBPL3,-0.432509003601441,FALSE
CBX5,-0.432412965186074,FALSE
ECEL1P2,-0.432412965186074,FALSE
PLEKHG1,0.432316926770708,FALSE
ZMPSTE24,-0.432220888355342,FALSE
GABRA2,0.432220888355342,FALSE
FXYD1,0.432124849939976,FALSE
H1FX,0.43202881152461,FALSE
DLL4,0.431932773109244,FALSE
POLE,0.431932773109244,FALSE
SPATA3,-0.431836734693878,FALSE
FLJ31104,0.431836734693878,FALSE
PLEKHA7,0.431740696278511,FALSE
RNF146,0.431644657863145,FALSE
MED19,-0.431548619447779,FALSE
HOXA4,0.431548619447779,TRUE
NPRL2,0.431548619447779,FALSE
PHKG2,0.431548619447779,FALSE
HIST1H4L,-0.431452581032413,FALSE
ZDHHC8,0.431452581032413,FALSE
TRMT5,-0.431452581032413,FALSE
CLCC1,0.431452581032413,FALSE
ZNF559,0.431356542617047,TRUE
RNF216P1,-0.431260504201681,FALSE
SHE,0.431164465786314,FALSE
ZNF655,0.431068427370948,TRUE
LILRB2,0.430876350540216,FALSE
GJB2,-0.430684273709484,FALSE
NENF,-0.430684273709484,FALSE
WDR70,-0.430588235294118,FALSE
ETHE1,-0.430588235294118,FALSE
ZAP70,0.430492196878752,FALSE
ALOX15B,-0.430300120048019,FALSE
THOC2,-0.430204081632653,FALSE
CYP20A1,-0.430204081632653,FALSE
LOC729558,-0.430204081632653,FALSE
ZNF662,0.430204081632653,TRUE
SDF2L1,-0.430108043217287,FALSE
PAX9,-0.430108043217287,TRUE
C12orf68,-0.430108043217287,FALSE
ZNF700,0.430108043217287,TRUE
PHKA2,0.430108043217287,FALSE
MT1G,-0.430012004801921,FALSE
KLB,0.430012004801921,FALSE
ROBO3,0.429915966386555,FALSE
NKX2-3,-0.429915966386555,TRUE
SERPINA6,-0.429915966386555,FALSE
BEST2,-0.429723889555822,FALSE
REM2,0.429723889555822,FALSE
ProSAPiP1,0.429723889555822,FALSE
C19orf10,-0.429627851140456,FALSE
TMSB15B,-0.42953181272509,FALSE
FAM106A,0.42953181272509,FALSE
LOC340340,-0.429339735894358,FALSE
GSN,0.429339735894358,FALSE
BMP10,-0.429243697478992,FALSE
TMEM107,-0.429243697478992,FALSE
RPL6,-0.429243697478992,FALSE
ALG10,-0.429243697478992,FALSE
PRL,-0.429243697478992,FALSE
RPL34,-0.429147659063626,FALSE
MMP2,-0.429147659063626,FALSE
TPM4,-0.429051620648259,FALSE
DHRS11,0.429051620648259,FALSE
C10orf46,0.429051620648259,FALSE
WASF3,0.429051620648259,FALSE
NXPH3,0.428763505402161,FALSE
DHX37,0.428667466986795,FALSE
RALGDS,0.428667466986795,FALSE
FLJ41423,-0.428571428571429,FALSE
TSPAN31,-0.428571428571429,FALSE
HLA-DPA1,0.428571428571429,FALSE
BSDC1,0.428475390156062,FALSE
SRSF3,-0.428379351740696,FALSE
VPS26B,0.428379351740696,FALSE
DHPS,0.428379351740696,FALSE
MLYCD,0.428379351740696,FALSE
CACNA1C,-0.428187274909964,FALSE
KCTD10,0.428187274909964,FALSE
RIT1,-0.428187274909964,FALSE
QRICH1,0.428187274909964,FALSE
COX6B1,-0.428187274909964,FALSE
LEPR,0.428091236494598,FALSE
LOC100134663,-0.428091236494598,FALSE
TARBP1,0.428091236494598,FALSE
OR3A4P,-0.428091236494598,FALSE
APOL6,0.427995198079232,FALSE
FLT3LG,0.427995198079232,FALSE
KIAA0284,0.427995198079232,FALSE
LOC653581,-0.427899159663866,FALSE
UBE2NL,-0.427899159663866,FALSE
E2F3,-0.427899159663866,TRUE
GALNT1,-0.427803121248499,FALSE
ROPN1,-0.427803121248499,FALSE
RIN1,-0.427803121248499,FALSE
TTLL4,-0.427803121248499,FALSE
MRPL51,-0.427803121248499,FALSE
PLEKHA6,0.427707082833133,FALSE
G6PD,0.427707082833133,FALSE
DUS1L,0.427707082833133,FALSE
C14orf45,-0.427611044417767,FALSE
U2SURP,0.427515006002401,FALSE
SMAD7,0.427515006002401,FALSE
YPEL4,-0.427418967587035,FALSE
SGSM2,0.427418967587035,FALSE
URGCP,0.427418967587035,FALSE
C17orf88,0.427322929171669,FALSE
LOC100128703,-0.427130852340936,FALSE
BHLHA9,-0.427130852340936,TRUE
MAP2K5,0.427130852340936,FALSE
MOB3A,0.427130852340936,FALSE
CLCN2,0.427130852340936,FALSE
NEAT1,0.426938775510204,FALSE
LOC100133190,0.426842737094838,FALSE
FBXO3,-0.426842737094838,FALSE
C4orf34,-0.426842737094838,FALSE
DOCK3,-0.426842737094838,FALSE
GC,0.426842737094838,FALSE
HIST2H3A,-0.426746698679472,FALSE
TAT,-0.426650660264106,FALSE
CNDP2,0.426650660264106,FALSE
LINC00230A,-0.42655462184874,FALSE
CDK2AP1,-0.426458583433373,FALSE
KIF2A,-0.426458583433373,FALSE
MORC2-AS1,0.426458583433373,FALSE
HSP90AB2P,0.426362545018007,FALSE
LOC441179,-0.426266506602641,FALSE
DLD,0.426170468187275,FALSE
KRTAP19-8,-0.42578631452581,FALSE
FAM74A4,-0.425594237695078,FALSE
GNAI3,-0.425594237695078,FALSE
LOC100128175,0.425498199279712,FALSE
TUBGCP5,0.425498199279712,FALSE
FXN,-0.42530612244898,FALSE
ABLIM3,0.425210084033614,FALSE
CKAP2,-0.425210084033614,FALSE
EEF1A1,-0.425210084033614,FALSE
CELA2A,-0.425210084033614,FALSE
OIP5,-0.425114045618247,FALSE
SLC6A6,-0.425114045618247,FALSE
SLC23A2,0.425018007202881,FALSE
RASSF7,0.425018007202881,FALSE
YLPM1,0.424921968787515,FALSE
USP4,0.424921968787515,FALSE
CLPTM1,0.424921968787515,FALSE
RNF169,0.424825930372149,FALSE
PCNXL2,0.424825930372149,FALSE
NMT2,0.424633853541417,FALSE
PDK4,0.42453781512605,FALSE
RSPH9,-0.424441776710684,FALSE
ACOX3,0.424345738295318,FALSE
PALM,0.424345738295318,FALSE
CTF1,0.424345738295318,FALSE
INPP5E,0.424345738295318,FALSE
MGC20647,-0.424249699879952,FALSE
GPR107,0.423961584633854,FALSE
PSAT1,-0.423865546218487,FALSE
CYP4Z1,0.423769507803121,FALSE
EFHA1,-0.423673469387755,FALSE
COX16,-0.423577430972389,FALSE
LOC100506255,0.423577430972389,FALSE
RPGR,0.423481392557023,FALSE
CD4,-0.423481392557023,FALSE
PLEKHG3,0.423481392557023,FALSE
OR6C74,-0.423481392557023,FALSE
AP3D1,0.423385354141657,FALSE
CHCHD6,0.423289315726291,FALSE
SDHAP1,0.423289315726291,FALSE
RNF187,0.423193277310924,FALSE
NUP188,0.423193277310924,FALSE
C4orf10,0.423097238895558,FALSE
KIAA1328,0.423097238895558,FALSE
LGI2,-0.423001200480192,FALSE
MTRF1L,-0.423001200480192,FALSE
NRP2,0.423001200480192,FALSE
CWC25,0.423001200480192,FALSE
RIC3,0.42280912364946,FALSE
RNPC3,0.422617046818727,FALSE
CYP4F2,0.422617046818727,FALSE
HAS2-AS1,-0.422521008403361,FALSE
ZNF497,-0.422424969987995,TRUE
MRPL10,0.422424969987995,FALSE
SEP15,-0.422328931572629,FALSE
CLEC11A,-0.422328931572629,FALSE
SLC30A6,-0.422232893157263,FALSE
PPP1R15A,0.422136854741897,FALSE
TCF15,0.422136854741897,TRUE
MYRIP,0.422136854741897,FALSE
BUB1,-0.422040816326531,FALSE
LOC400968,-0.422040816326531,FALSE
PKP4,0.422040816326531,FALSE
LOC389247,-0.421848739495798,FALSE
ATHL1,0.421848739495798,FALSE
WDHD1,-0.421752701080432,FALSE
SMARCB1,-0.421752701080432,FALSE
MRPL47,-0.421656662665066,FALSE
CHD4,0.421656662665066,FALSE
ARRDC5,0.4215606242497,FALSE
DOCK8,0.4215606242497,FALSE
RNF222,-0.421464585834334,FALSE
ENDOV,0.421464585834334,FALSE
ABCA5,0.421464585834334,FALSE
LINC00312,0.421176470588235,FALSE
CHST5,-0.421176470588235,FALSE
SBF1,0.421176470588235,FALSE
TEN1,-0.421080432172869,FALSE
LOC100131060,-0.421080432172869,FALSE
PHIP,0.421080432172869,FALSE
ARHGAP17,0.421080432172869,FALSE
SHISA7,-0.420984393757503,FALSE
ITPR1,0.420984393757503,FALSE
TUBA1C,-0.420984393757503,FALSE
SV2B,0.420984393757503,FALSE
STS,0.420888355342137,FALSE
CNKSR1,0.420888355342137,FALSE
PDE1B,0.420888355342137,FALSE
FAM3B,-0.420792316926771,FALSE
TCERG1,0.420696278511405,FALSE
SDC1,-0.420696278511405,FALSE
NDFIP1,-0.420504201680672,FALSE
SYCE3,-0.420504201680672,FALSE
LOC100133669,-0.420504201680672,FALSE
KRT85,-0.420408163265306,FALSE
PFN1P2,-0.42031212484994,FALSE
PARP3,0.42031212484994,FALSE
SCAMP2,0.42031212484994,FALSE
LRRFIP2,-0.420120048019208,FALSE
ANO7,-0.420024009603842,FALSE
MOGAT3,-0.420024009603842,FALSE
HOXB8,0.420024009603842,TRUE
SMARCD3,-0.419927971188475,FALSE
SLC25A38,0.419927971188475,FALSE
LOC100506694,-0.419831932773109,FALSE
HELQ,0.419735894357743,FALSE
GUCY1A2,-0.419639855942377,FALSE
EFHC2,-0.419639855942377,FALSE
OIP5-AS1,-0.419639855942377,FALSE
ZDHHC7,0.419639855942377,FALSE
ANKLE2,0.419543817527011,FALSE
JPH3,-0.419543817527011,FALSE
ZZEF1,0.419543817527011,FALSE
MARVELD2,-0.419447779111645,FALSE
MZT2B,-0.419447779111645,FALSE
MRPS36,-0.419447779111645,FALSE
CG030,0.419447779111645,FALSE
DNAJB14,0.419351740696279,FALSE
MAP7D1,0.419255702280912,FALSE
NOP10,-0.419255702280912,FALSE
CEBPA,0.419255702280912,TRUE
ELMOD3,0.419159663865546,FALSE
AP1S3,-0.419159663865546,FALSE
C10orf54,0.419159663865546,FALSE
MDP1,-0.41906362545018,FALSE
FBXO48,-0.41906362545018,FALSE
GSTM2,0.418967587034814,FALSE
NEGR1,-0.418967587034814,FALSE
RRM2B,-0.418871548619448,FALSE
CAPN11,0.418871548619448,FALSE
N6AMT2,-0.418871548619448,FALSE
MFAP3,-0.418679471788716,FALSE
FKBP11,-0.418679471788716,FALSE
SNRK,0.418679471788716,FALSE
C1orf200,-0.418679471788716,FALSE
RNF25,0.418679471788716,FALSE
UBXN6,0.418679471788716,FALSE
COX17,-0.418583433373349,FALSE
NME4,0.418583433373349,FALSE
C9orf7,-0.418583433373349,FALSE
C7orf54,0.418583433373349,FALSE
ZDHHC2,-0.418487394957983,FALSE
HELLS,-0.418487394957983,FALSE
KIAA1715,-0.418487394957983,FALSE
MMP11,-0.418391356542617,FALSE
CASC5,-0.418391356542617,FALSE
OR7E14P,0.418295318127251,FALSE
H3F3A,-0.418295318127251,FALSE
GPIHBP1,0.418295318127251,FALSE
PNPLA6,0.418295318127251,FALSE
ANKRD28,0.418199279711885,FALSE
HIST1H2AB,-0.418103241296519,FALSE
AVPR1A,-0.418007202881152,FALSE
CNR1,0.418007202881152,FALSE
CYP2C8,0.418007202881152,FALSE
RPS4X,0.418007202881152,FALSE
SPC25,-0.418007202881152,FALSE
GRP,-0.417911164465786,FALSE
FAM108C1,-0.417911164465786,FALSE
HSBP1,-0.417911164465786,FALSE
KLHL22,0.417911164465786,FALSE
MRS2,-0.41781512605042,FALSE
HNRNPCL1,-0.41781512605042,FALSE
BTBD2,0.41781512605042,FALSE
HEXDC,0.417719087635054,FALSE
CCL14,0.417719087635054,FALSE
MYPOP,0.417623049219688,TRUE
CYP11B2,-0.417623049219688,FALSE
PTTG2,-0.417527010804322,FALSE
PAGE2B,0.417430972388956,FALSE
C2CD3,0.417430972388956,FALSE
PPARG,0.417430972388956,TRUE
FICD,0.417334933973589,FALSE
RACGAP1,-0.417238895558223,FALSE
TMED3,-0.417238895558223,FALSE
CSPP1,0.417238895558223,FALSE
SLC29A4,0.417142857142857,FALSE
SNAP23,-0.417142857142857,FALSE
TOM1L2,0.417142857142857,FALSE
LRIG2,0.417142857142857,FALSE
LRRC36,-0.417046818727491,FALSE
SELE,-0.416950780312125,FALSE
USP29,-0.416950780312125,FALSE
CCDC24,0.416950780312125,FALSE
CEP76,-0.416950780312125,FALSE
UBE2T,-0.416854741896759,FALSE
FANCD2,-0.416854741896759,FALSE
LOC150197,-0.416854741896759,FALSE
DLGAP5,-0.416758703481393,FALSE
QSOX1,-0.416758703481393,FALSE
HLA-DRB1,0.416758703481393,FALSE
DDX41,0.416758703481393,FALSE
ARHGAP8,0.416758703481393,FALSE
ARL17A,0.416662665066026,FALSE
ARL9,-0.416662665066026,FALSE
GPR113,-0.416662665066026,FALSE
HIST1H3J,-0.41656662665066,FALSE
OMD,-0.41656662665066,FALSE
BZW2,-0.416470588235294,FALSE
YTHDF2,-0.416470588235294,FALSE
ZNF24,0.416470588235294,TRUE
LONP2,0.416374549819928,FALSE
LOC647086,-0.416278511404562,FALSE
ALDH2,0.416278511404562,FALSE
LOC441242,0.416278511404562,FALSE
PLGLB1,0.416182472989196,FALSE
KIRREL2,-0.41608643457383,FALSE
FAR2,-0.415990396158463,FALSE
ZCCHC10,-0.415894357743097,FALSE
SQSTM1,0.415894357743097,FALSE
LOC100506123,0.415894357743097,FALSE
DCDC2,-0.415798319327731,FALSE
ZBED3,0.415798319327731,TRUE
IL23A,-0.415798319327731,FALSE
ZNF593,-0.415702280912365,FALSE
TRIM34,-0.415702280912365,FALSE
CCDC89,-0.415606242496999,FALSE
IGLV1-44,-0.415510204081633,FALSE
GPAM,0.4153181272509,FALSE
XKR9,-0.4153181272509,FALSE
FKBP9,-0.4153181272509,FALSE
CREBZF,0.415222088835534,TRUE
XRCC1,0.415126050420168,FALSE
MKNK1,0.415126050420168,FALSE
TNFAIP3,0.415126050420168,FALSE
NSUN5,0.415030012004802,FALSE
TMEM119,-0.415030012004802,FALSE
FAM129A,-0.414933973589436,FALSE
CNBP,0.41483793517407,FALSE
NDRG4,0.41483793517407,FALSE
DKFZP434I0714,0.41483793517407,FALSE
DSCAML1,0.414741896758703,FALSE
EXO1,-0.414549819927971,FALSE
UPF3B,0.414549819927971,FALSE
ARPC3,-0.414453781512605,FALSE
FAM35A,-0.414357743097239,FALSE
ZNF362,0.414261704681873,TRUE
MND1,-0.414261704681873,FALSE
MMP1,-0.414069627851141,FALSE
ADC,0.414069627851141,FALSE
HIST1H2BH,-0.413781512605042,FALSE
LOC113230,-0.413781512605042,FALSE
SPC24,-0.413685474189676,FALSE
GBP4,0.413685474189676,FALSE
FKBP7,-0.413685474189676,FALSE
LOC645645,-0.41358943577431,FALSE
EIF5AL1,-0.413397358943578,FALSE
LOC100130741,-0.413301320528211,FALSE
DYM,-0.413205282112845,FALSE
PTRHD1,-0.413205282112845,FALSE
MAN2A2,0.413205282112845,FALSE
SLC4A2,0.413205282112845,FALSE
ZNF554,0.413109243697479,TRUE
DHX35,0.413109243697479,FALSE
CISD3,-0.413109243697479,FALSE
HMMR,-0.413013205282113,FALSE
HPVC1,-0.412917166866747,FALSE
EXTL3,-0.412821128451381,FALSE
C9orf23,-0.412725090036014,FALSE
GAPVD1,0.412725090036014,FALSE
HES1,0.412725090036014,TRUE
DSC2,-0.412629051620648,FALSE
DSCR3,-0.412629051620648,FALSE
ANKRD24,-0.412629051620648,FALSE
CAPN8,0.412629051620648,FALSE
SNORA2A,-0.412533013205282,FALSE
YBEY,-0.412436974789916,FALSE
ZNF624,-0.412436974789916,TRUE
KIF23,-0.41234093637455,FALSE
RPL17,-0.41234093637455,FALSE
LOC100505679,0.41234093637455,FALSE
CDK5R1,-0.412244897959184,FALSE
CALN1,0.412244897959184,FALSE
ZCRB1,-0.412148859543818,FALSE
POM121L9P,0.412148859543818,FALSE
ARRB1,0.411860744297719,FALSE
PTPLAD1,-0.411860744297719,FALSE
SLC6A15,-0.411860744297719,FALSE
TBC1D17,0.411764705882353,FALSE
LOC254057,0.411764705882353,FALSE
FOXC1,0.411764705882353,TRUE
LOC100288524,-0.411668667466987,FALSE
BZRAP1,0.411476590636255,FALSE
SPCS3,-0.411380552220888,FALSE
LOC100130248,0.411380552220888,FALSE
CLIC6,0.411284513805522,FALSE
EVL,0.411284513805522,FALSE
PCDH19,0.411188475390156,FALSE
DEF8,-0.41109243697479,FALSE
NIT1,0.41109243697479,FALSE
CDH1,0.410996398559424,FALSE
ZBTB42,0.410900360144058,TRUE
SLX1A,0.410804321728692,FALSE
SIPA1L2,0.410708283313325,FALSE
LOC100129620,-0.410708283313325,FALSE
CDC14B,-0.410516206482593,FALSE
DDX11,0.410516206482593,FALSE
COX6B2,-0.410516206482593,FALSE
TP53I11,-0.410420168067227,FALSE
MAP3K5,0.410420168067227,FALSE
COPB1,-0.410420168067227,FALSE
ZMAT1,0.410420168067227,FALSE
SNAP91,-0.410324129651861,FALSE
VBP1,-0.410324129651861,FALSE
WDR46,0.410324129651861,FALSE
SRCAP,0.410324129651861,FALSE
CDC42BPA,0.410324129651861,FALSE
FOXO1,0.410228091236495,TRUE
HIST2H2AC,-0.410132052821128,FALSE
TUBB2B,0.410036014405762,FALSE
TMEM121,-0.410036014405762,FALSE
PRDM16,0.409939975990396,TRUE
KIF19,0.409939975990396,FALSE
PI4KAP2,0.40984393757503,FALSE
BRD8,0.40984393757503,FALSE
MANF,-0.409747899159664,FALSE
BZW1,-0.409747899159664,FALSE
SLC2A11,0.409747899159664,FALSE
S100A10,-0.409651860744298,FALSE
AARS,0.409651860744298,FALSE
GPM6A,0.409651860744298,FALSE
ZNF397,0.409555822328932,TRUE
MBP,0.409555822328932,FALSE
ATP5H,-0.409267707082833,FALSE
MYCBP,-0.409171668667467,FALSE
ALG1L2,-0.409171668667467,FALSE
CCNB2,-0.409075630252101,FALSE
APOBEC3B,-0.409075630252101,FALSE
C1orf151-NBL1,-0.408979591836735,FALSE
KDR,0.408883553421369,FALSE
HJURP,-0.408787515006002,FALSE
TRDMT1,-0.408691476590636,FALSE
ZNF630,-0.408691476590636,TRUE
C3orf71,0.40859543817527,FALSE
SEC24A,-0.408499399759904,FALSE
CASP3,-0.408403361344538,FALSE
HBZ,-0.408403361344538,FALSE
CCDC69,0.408307322929172,FALSE
SERP1,-0.408307322929172,FALSE
EGFL7,0.408211284513806,FALSE
AQP7P3,0.408211284513806,FALSE
LOC100129520,-0.408211284513806,FALSE
SORCS1,-0.408115246098439,FALSE
ATP1B3,-0.408115246098439,FALSE
PRKCD,0.408115246098439,FALSE
LOC100129196,0.408115246098439,FALSE
CX3CL1,0.408115246098439,FALSE
MLEC,0.408115246098439,FALSE
PTTG1IP,-0.407923169267707,FALSE
MXI1,0.407923169267707,TRUE
COX6C,-0.407827130852341,FALSE
FCF1,-0.407827130852341,FALSE
RGL1,-0.407827130852341,FALSE
CPA3,-0.407827130852341,FALSE
SF3B4,0.407827130852341,FALSE
C3AR1,-0.407731092436975,FALSE
KIAA1958,-0.407635054021609,FALSE
ZSCAN18,0.407635054021609,TRUE
NAA50,-0.407539015606243,FALSE
ZNF670,-0.407539015606243,TRUE
CPAMD8,0.407539015606243,FALSE
GINS2,-0.407442977190876,FALSE
SNN,0.407442977190876,FALSE
NOL6,-0.407442977190876,FALSE
C9orf53,-0.407250900360144,FALSE
NPTN,-0.407250900360144,FALSE
C12orf11,-0.407250900360144,FALSE
NR1D1,0.407250900360144,TRUE
USP47,0.407250900360144,FALSE
CCBL1,0.407250900360144,FALSE
ZNF343,0.407250900360144,TRUE
ZNF219,0.407154861944778,TRUE
BUB3,-0.406962785114046,FALSE
PHLDA3,0.406962785114046,FALSE
INPP5D,0.406962785114046,FALSE
CCL26,-0.406866746698679,FALSE
N4BP3,0.406866746698679,FALSE
GPR155,-0.406770708283313,FALSE
TMPRSS6,-0.406770708283313,FALSE
RPUSD3,0.406770708283313,FALSE
CXorf65,0.406770708283313,FALSE
CHD8,0.406674669867947,FALSE
PPP1R12C,0.406578631452581,FALSE
HMGB3,-0.406482593037215,FALSE
SEC22B,-0.406482593037215,FALSE
LOC439990,-0.406386554621849,FALSE
C2orf70,-0.406386554621849,FALSE
FCRLA,0.406290516206483,FALSE
ARHGAP27,0.406290516206483,FALSE
MRPL41,0.406290516206483,FALSE
IQGAP2,-0.406290516206483,FALSE
RNF19A,0.406290516206483,FALSE
COMMD10,-0.406290516206483,FALSE
MAPRE2,-0.406290516206483,FALSE
SREK1IP1,-0.406194477791116,FALSE
SLC35C2,-0.406194477791116,FALSE
ENTPD6,0.406194477791116,FALSE
SIRT3,0.406194477791116,FALSE
ZNF540,0.406194477791116,TRUE
SHISA5,-0.40609843937575,FALSE
C7orf11,-0.405906362545018,FALSE
SLC25A1,0.405810324129652,FALSE
DUSP3,0.405810324129652,FALSE
GREB1,0.405714285714286,FALSE
CCDC102B,-0.405714285714286,FALSE
NDUFA1,-0.405714285714286,FALSE
CD300LB,-0.405714285714286,FALSE
KLHL3,0.405714285714286,FALSE
NPR3,0.40561824729892,FALSE
CUL3,-0.40561824729892,FALSE
CENPA,-0.40561824729892,FALSE
MPZL1,-0.405426170468187,FALSE
FBXO44,0.405330132052821,FALSE
RABL3,0.405330132052821,FALSE
KCTD9,0.405234093637455,FALSE
CCDC93,0.405234093637455,FALSE
FAM107A,0.405138055222089,FALSE
FAM36A,-0.405138055222089,FALSE
TATDN2,0.405042016806723,FALSE
RNASEH2C,0.405042016806723,FALSE
CLN5,-0.404945978391357,FALSE
DYRK4,-0.404945978391357,FALSE
B3GALT4,-0.404945978391357,FALSE
CAMK2G,0.404945978391357,FALSE
XRCC4,-0.40484993997599,FALSE
CASQ2,0.404753901560624,FALSE
BTN3A2,0.404753901560624,FALSE
CDCA8,-0.404657863145258,FALSE
LOC401286,-0.404657863145258,FALSE
SPRED3,-0.404657863145258,FALSE
CLN8,0.404657863145258,FALSE
LOC100653245,0.404561824729892,FALSE
UBE2G1,-0.404561824729892,FALSE
GGA1,0.404561824729892,FALSE
MFNG,0.404465786314526,FALSE
PHACTR3,0.404465786314526,FALSE
LEPRE1,-0.404273709483794,FALSE
OTOA,0.404177671068427,FALSE
LOC389634,0.404177671068427,FALSE
MED9,0.404177671068427,FALSE
CLIC3,-0.404081632653061,FALSE
SUV39H1,0.403985594237695,FALSE
SH2D3C,0.403889555822329,FALSE
HIST1H3F,-0.403793517406963,FALSE
OTUD5,0.403793517406963,FALSE
RAF1,0.403793517406963,FALSE
TMEM63B,-0.403697478991597,FALSE
KBTBD13,-0.403697478991597,FALSE
FRZB,0.403697478991597,FALSE
HIST2H2AB,-0.403697478991597,FALSE
TTC16,0.403601440576231,FALSE
TIMP3,0.403505402160864,FALSE
TMOD1,0.403505402160864,FALSE
NOTCH4,0.403409363745498,FALSE
FLVCR1,-0.403409363745498,FALSE
ARHGAP11B,-0.403409363745498,FALSE
TROVE2,0.403409363745498,FALSE
EPM2AIP1,0.403409363745498,FALSE
DYNLL1,-0.403313325330132,FALSE
GPR153,0.403217286914766,FALSE
ZNF643,-0.403217286914766,FALSE
ASPM,-0.403217286914766,FALSE
RSPO4,-0.4031212484994,FALSE
PTPN23,0.4031212484994,FALSE
BCL11A,-0.403025210084034,TRUE
DCUN1D5,-0.403025210084034,FALSE
SEC61B,-0.403025210084034,FALSE
TELO2,0.403025210084034,FALSE
FITM2,-0.402929171668668,FALSE
BAX,-0.402929171668668,FALSE
ACCS,0.402929171668668,FALSE
PBLD,-0.402833133253301,FALSE
RGS5,-0.402737094837935,FALSE
WDR26,0.402737094837935,FALSE
LOC100129407,-0.402737094837935,FALSE
FOXK1,0.402737094837935,TRUE
FIZ1,0.402641056422569,FALSE
TRIP11,-0.402545018007203,FALSE
ERLEC1,-0.402448979591837,FALSE
RMND5B,0.402448979591837,FALSE
GTF2H3,-0.402352941176471,FALSE
NHS,0.402256902761105,FALSE
RAB43P1,-0.402256902761105,FALSE
CNTFR,0.402256902761105,FALSE
C10orf122,-0.402256902761105,FALSE
WNT7B,-0.402160864345738,FALSE
FUT8,-0.402160864345738,FALSE
TMEM173,-0.402064825930372,FALSE
RPS21,0.402064825930372,FALSE
RN7SK,-0.401968787515006,FALSE
SFMBT1,-0.401968787515006,FALSE
LOC1720,-0.401968787515006,FALSE
FOLR1,-0.40187274909964,FALSE
KIAA0355,0.40187274909964,FALSE
PIGK,-0.401680672268908,FALSE
MAPK6,-0.401680672268908,FALSE
SAMD15,-0.401680672268908,FALSE
FAM184B,0.401680672268908,FALSE
THOC4,-0.401680672268908,FALSE
KCNK7,0.401680672268908,FALSE
CCDC107,0.401584633853541,FALSE
LOC440132,-0.401488595438175,FALSE
GNA11,0.401488595438175,FALSE
CERS3,-0.401392557022809,FALSE
ACADL,0.401392557022809,FALSE
VMA21,-0.401296518607443,FALSE
LOC339352,-0.401296518607443,FALSE
SYT5,-0.401296518607443,FALSE
SGCA,0.401296518607443,FALSE
RGS13,-0.401200480192077,FALSE
GPN2,-0.401200480192077,FALSE
SLC15A2,0.401200480192077,FALSE
RBMS3,0.401200480192077,FALSE
PHLDA2,-0.401104441776711,FALSE
TCF4,0.401104441776711,TRUE
KIAA1024,-0.400912364945978,FALSE
PCDHGA7,-0.400912364945978,FALSE
PRPF40B,0.400912364945978,FALSE
PAFAH1B2,-0.400816326530612,FALSE
NUDT1,-0.400816326530612,FALSE
FOXO3,0.400720288115246,TRUE
TFE3,0.400720288115246,TRUE
UTF1,-0.40062424969988,FALSE
ANKRD29,0.400528211284514,FALSE
KDELR3,-0.400432172869148,FALSE
LHX6,0.400432172869148,TRUE
TTK,-0.400336134453782,FALSE
C16orf86,0.400336134453782,FALSE
FAM171B,-0.400240096038415,FALSE
FBXW2,0.400240096038415,FALSE
ANXA1,-0.400240096038415,FALSE
CORT,-0.400048019207683,FALSE
APCDD1,-0.399951980792317,FALSE
UCHL3,-0.399951980792317,FALSE
HOXA9,-0.399855942376951,TRUE
AGPS,-0.399855942376951,FALSE
WNT8A,-0.399855942376951,FALSE
LINC00160,-0.399855942376951,FALSE
LXN,-0.399759903961585,FALSE
ILK,0.399759903961585,FALSE
DOHH,0.399759903961585,FALSE
NOV,-0.399759903961585,FALSE
APOC3,0.399759903961585,FALSE
LOC647589,0.399759903961585,FALSE
C22orf15,-0.399759903961585,FALSE
FLOT1,0.399663865546219,FALSE
MYBBP1A,0.399567827130852,FALSE
DUSP15,-0.399567827130852,FALSE
LYST,0.399567827130852,FALSE
TTC38,0.399567827130852,FALSE
TUSC3,-0.399471788715486,FALSE
UBE2R2,0.399471788715486,FALSE
ATG9A,0.399471788715486,FALSE
PHKG1,0.39937575030012,FALSE
AVPI1,0.39937575030012,FALSE
SRP68,0.39937575030012,FALSE
COL1A1,-0.39937575030012,FALSE
PCGF3,0.399279711884754,FALSE
MUC20,0.399279711884754,FALSE
DOK3,-0.399183673469388,FALSE
RPL24,-0.399183673469388,FALSE
TMEM39B,0.399183673469388,FALSE
LILRA2,0.399183673469388,FALSE
SP8,-0.399087635054022,TRUE
RPRD1B,0.399087635054022,FALSE
ENTPD5,-0.398991596638655,FALSE
CDRT8,-0.398991596638655,FALSE
CCL18,-0.398991596638655,FALSE
SPHK1,-0.398895558223289,FALSE
WRAP73,0.398895558223289,FALSE
FNDC1,-0.398895558223289,FALSE
PPP1R2P3,-0.398895558223289,FALSE
AAAS,0.398895558223289,FALSE
C8orf34,-0.398799519807923,FALSE
EME1,-0.398799519807923,FALSE
COX6A2,-0.398799519807923,FALSE
TNKS,0.398799519807923,FALSE
NFRKB,0.398703481392557,FALSE
SIX6,-0.398511404561825,TRUE
C1orf144,-0.398511404561825,FALSE
C16orf52,0.398511404561825,FALSE
BLOC1S1,-0.398415366146459,FALSE
RLBP1,-0.398415366146459,FALSE
SPRR1A,-0.398415366146459,FALSE
APP,-0.398319327731092,FALSE
C14orf180,0.398223289315726,FALSE
MAGEH1,-0.398223289315726,FALSE
MOSPD1,-0.39812725090036,FALSE
ANAPC13,-0.39812725090036,FALSE
SRF,0.39812725090036,TRUE
ZP1,-0.398031212484994,FALSE
KIAA1549,-0.397839135654262,FALSE
NETO2,-0.397839135654262,FALSE
ACAD8,0.397839135654262,FALSE
SAP130,0.397839135654262,FALSE
CDC26,-0.397743097238896,FALSE
TM2D1,-0.397743097238896,FALSE
TSPAN7,0.397743097238896,FALSE
ZNF607,0.397743097238896,TRUE
ZNF844,0.397743097238896,TRUE
GOLGA7,-0.397647058823529,FALSE
TMX1,-0.397647058823529,FALSE
ST3GAL6,0.397647058823529,FALSE
TMEM81,0.397647058823529,FALSE
MPDZ,0.397647058823529,FALSE
OR51I2,-0.397647058823529,FALSE
TCTEX1D4,-0.397551020408163,FALSE
PRKY,0.397551020408163,FALSE
C19orf24,-0.397454981992797,FALSE
C1orf112,-0.397454981992797,FALSE
COX8A,-0.397454981992797,FALSE
HIST1H2BD,-0.397358943577431,FALSE
INPP5F,-0.397358943577431,FALSE
TDRD10,0.397358943577431,FALSE
MTMR12,0.397358943577431,FALSE
LOC100129596,-0.397262905162065,FALSE
C20orf29,-0.397262905162065,FALSE
SEPHS1,-0.397166866746699,FALSE
TXNL4B,0.397166866746699,FALSE
KIF20A,-0.397070828331333,FALSE
FSTL3,0.396974789915966,FALSE
PHEX,-0.396974789915966,FALSE
MTCH1,0.396974789915966,FALSE
C19orf50,0.396974789915966,FALSE
NELF,0.3968787515006,FALSE
MAP3K11,0.3968787515006,FALSE
TMEM98,-0.3968787515006,FALSE
TTC9C,0.396782713085234,FALSE
OR2T34,-0.396782713085234,FALSE
TNFAIP6,-0.396782713085234,FALSE
KAT7,0.396782713085234,FALSE
HTA,-0.396686674669868,FALSE
ATAD2,-0.396686674669868,FALSE
DEPDC1,-0.396686674669868,FALSE
C8orf31,-0.396686674669868,FALSE
C7orf23,0.396686674669868,FALSE
AKR1C3,0.396686674669868,FALSE
CDC20,-0.396590636254502,FALSE
TGFBRAP1,0.396494597839136,FALSE
SBF2,0.396494597839136,FALSE
KIAA0226,0.396302521008403,FALSE
C15orf63,-0.396302521008403,FALSE
POPDC3,-0.396302521008403,FALSE
TWIST2,0.396206482593037,TRUE
C5orf65,-0.396206482593037,FALSE
HIST1H2BN,-0.396110444177671,FALSE
MLLT3,-0.396110444177671,FALSE
SOX12,0.396014405762305,TRUE
HOXD10,-0.396014405762305,TRUE
LY6H,0.395918367346939,FALSE
C9orf152,-0.395918367346939,FALSE
USHBP1,0.395822328931573,FALSE
C14orf2,-0.395822328931573,FALSE
ZFYVE28,0.395822328931573,FALSE
SPARC,-0.395822328931573,FALSE
FAH,0.395822328931573,FALSE
ALDH5A1,0.395822328931573,FALSE
CXXC1,0.395726290516206,FALSE
CHTF8,0.395726290516206,FALSE
SYNE1,-0.39563025210084,FALSE
C15orf2,0.39563025210084,FALSE
STAB1,0.395534213685474,FALSE
ANKRD18B,0.395438175270108,FALSE
PTTG3P,-0.395438175270108,FALSE
PRR11,-0.395438175270108,FALSE
ADAMTSL4,0.395342136854742,FALSE
CCDC48,0.395342136854742,FALSE
C19orf26,-0.395342136854742,FALSE
FBXO25,-0.395342136854742,FALSE
STRAP,-0.395246098439376,FALSE
LOC100131564,0.395246098439376,FALSE
DCAKD,-0.395054021608643,FALSE
LRRC17,-0.395054021608643,FALSE
LTBR,0.395054021608643,FALSE
C10orf108,-0.394957983193277,FALSE
DVL3,0.394957983193277,FALSE
LOC100128593,-0.394861944777911,FALSE
TMEM217,-0.394861944777911,FALSE
RTN4IP1,-0.394861944777911,FALSE
C17orf81,-0.394765906362545,FALSE
REEP6,0.394765906362545,FALSE
TMEM132B,0.394669867947179,FALSE
BCL2L2,0.394669867947179,FALSE
GRASPOS,-0.394669867947179,FALSE
CD24,-0.394573829531813,FALSE
C6orf164,0.394573829531813,FALSE
PRC1,-0.394477791116447,FALSE
LOC100131234,-0.394477791116447,FALSE
ANTXRL,0.394477791116447,FALSE
PRF1,0.394477791116447,FALSE
JMJD7-PLA2G4B,0.394477791116447,FALSE
RPL26,-0.39438175270108,FALSE
GARNL3,0.39438175270108,FALSE
MPZ,-0.394285714285714,FALSE
C21orf58,-0.394285714285714,FALSE
LOC100505806,-0.394189675870348,FALSE
FLJ30901,0.394189675870348,FALSE
C11orf20,-0.394189675870348,FALSE
PTGES2,0.394093637454982,FALSE
HEPACAM,0.394093637454982,FALSE
LPPR3,-0.393997599039616,FALSE
C2orf68,-0.393997599039616,FALSE
RPL36A,-0.393997599039616,FALSE
PRAMEF11,-0.393997599039616,FALSE
MRPL13,-0.39390156062425,FALSE
CALCOCO2,0.39390156062425,FALSE
RNF31,0.393805522208884,FALSE
IL25,0.393805522208884,FALSE
STT3B,-0.393805522208884,FALSE
PPEF1,-0.393709483793517,FALSE
SCGB3A1,-0.393709483793517,FALSE
NMI,-0.393709483793517,FALSE
TOR1AIP2,-0.393709483793517,FALSE
IGHMBP2,0.393709483793517,FALSE
SLC24A3,0.393709483793517,FALSE
CCDC140,-0.393613445378151,FALSE
CELSR1,-0.393517406962785,FALSE
TADA3,-0.393517406962785,FALSE
AHNAK,0.393421368547419,FALSE
PNPLA8,-0.393421368547419,FALSE
DNAJC1,-0.393421368547419,FALSE
LOC400965,-0.393325330132053,FALSE
TNFRSF9,-0.393325330132053,FALSE
DYSF,-0.393325330132053,FALSE
FLJ34208,-0.393229291716687,FALSE
MUC3,-0.393133253301321,FALSE
KCNC3,-0.393133253301321,FALSE
ATG2A,0.393133253301321,FALSE
UGDH,-0.393133253301321,FALSE
CDCA3,-0.393037214885954,FALSE
NDUFA2,-0.393037214885954,FALSE
PTH2,-0.393037214885954,FALSE
AAK1,-0.392941176470588,FALSE
ZNF562,-0.392941176470588,TRUE
DRD4,0.392941176470588,FALSE
TMEM30A,-0.392941176470588,FALSE
DCAF5,0.392941176470588,FALSE
LOC441601,0.392941176470588,FALSE
TMIGD2,-0.392749099639856,FALSE
BMP4,0.392749099639856,FALSE
KRTAP24-1,-0.39265306122449,FALSE
SMPD3,-0.39265306122449,FALSE
ANLN,-0.392557022809124,FALSE
THY1,-0.392460984393757,FALSE
SNORD17,-0.392460984393757,FALSE
SH2D1B,0.392460984393757,FALSE
ZNF7,0.392460984393757,TRUE
SLFN12,-0.392460984393757,FALSE
PCDHB9,0.392364945978391,FALSE
FAM159B,-0.392268907563025,FALSE
PTMA,-0.392268907563025,FALSE
CCL15,-0.392268907563025,FALSE
RPL13,-0.392268907563025,FALSE
MAP3K2,-0.392172869147659,FALSE
XPC,0.392172869147659,FALSE
MYO10,-0.392076830732293,FALSE
PREX1,-0.392076830732293,FALSE
TSHZ2,0.392076830732293,TRUE
ABT1,-0.392076830732293,FALSE
FAM188A,-0.391980792316927,FALSE
DNAJB12,0.391980792316927,FALSE
REXO4,-0.391980792316927,FALSE
CEACAM19,-0.391884753901561,FALSE
TBCD,0.391884753901561,FALSE
HRASLS5,-0.391884753901561,FALSE
C9orf147,-0.391884753901561,FALSE
TNFRSF25,0.391788715486195,FALSE
NMUR2,-0.391788715486195,FALSE
MIER1,-0.391788715486195,FALSE
C2CD4C,-0.391692677070828,FALSE
TMEM54,-0.391596638655462,FALSE
TSPAN9,0.391596638655462,FALSE
POSTN,-0.391500600240096,FALSE
FPR3,-0.391500600240096,FALSE
ARHGEF16,0.391500600240096,FALSE
FADS1,-0.391500600240096,FALSE
GPD1,0.391500600240096,FALSE
XAGE-4,-0.39140456182473,FALSE
TPX2,-0.39140456182473,FALSE
GALNT7,-0.39140456182473,FALSE
PLD2,0.39140456182473,FALSE
TCF7,-0.391308523409364,TRUE
RPS6KL1,0.391308523409364,FALSE
MGC45922,-0.391308523409364,FALSE
LOC254559,-0.391308523409364,FALSE
LAMA4,-0.391212484993998,FALSE
NAA38,-0.391212484993998,FALSE
COX19,0.391212484993998,FALSE
LOC653160,0.391212484993998,FALSE
TEK,0.391212484993998,FALSE
LOC100132188,-0.391212484993998,FALSE
KCNK2,-0.391116446578631,FALSE
C5orf58,-0.391116446578631,FALSE
ACTN4,0.391116446578631,FALSE
MARK2,-0.391020408163265,FALSE
CHPF,-0.391020408163265,FALSE
TBC1D9B,0.391020408163265,FALSE
NDUFB7,-0.390924369747899,FALSE
SPACA4,-0.390924369747899,FALSE
HIP1,0.390924369747899,FALSE
FZD8,0.390924369747899,FALSE
TTTY18,-0.390828331332533,FALSE
HIST1H1E,-0.390732292917167,FALSE
LOC100129406,-0.390732292917167,FALSE
PPP2R1A,0.390732292917167,FALSE
ZDHHC6,0.390732292917167,FALSE
TOMM20,0.390636254501801,FALSE
SUN5,-0.390540216086435,FALSE
BMF,-0.390540216086435,FALSE
UBE2M,0.390540216086435,FALSE
GSTA3,-0.390444177671069,FALSE
C6orf126,-0.390444177671069,FALSE
PDE8B,0.390252100840336,FALSE
KRTAP5-11,-0.39015606242497,FALSE
CSH2,-0.39015606242497,FALSE
ZNF101,-0.39015606242497,TRUE
NEK2,-0.39015606242497,FALSE
KRTAP5-10,-0.390060024009604,FALSE
RLIM,-0.390060024009604,FALSE
AASS,0.389963985594238,FALSE
WIPI1,-0.389963985594238,FALSE
AKAP17A,0.389963985594238,FALSE
FURIN,0.389867947178872,FALSE
ACRC,0.389867947178872,FALSE
EPG5,0.389867947178872,FALSE
C10orf40,-0.389867947178872,FALSE
BAZ1B,0.389829287730316,FALSE
STMN2,-0.389771908763505,FALSE
CCDC130,0.389675870348139,FALSE
KIAA1875,-0.389579831932773,FALSE
NHLRC1,-0.389483793517407,FALSE
VWDE,0.389483793517407,FALSE
TFDP3,-0.389387755102041,FALSE
NISCH,0.389387755102041,FALSE
WNT2B,-0.389291716686675,FALSE
RPUSD4,0.389291716686675,FALSE
BAP1,0.389291716686675,FALSE
HTRA1,-0.389195678271309,FALSE
C14orf37,-0.389195678271309,FALSE
LOC100128278,0.389195678271309,FALSE
SHPRH,0.389099639855942,FALSE
FBXO16,-0.389099639855942,FALSE
ACACB,0.389003601440576,FALSE
UBE2Q1,0.389003601440576,FALSE
FANCF,-0.38890756302521,FALSE
DCLK1,-0.38890756302521,FALSE
UBA52,-0.38890756302521,FALSE
INHBA,-0.38890756302521,FALSE
KIF14,-0.388715486194478,FALSE
SYNE2,0.388715486194478,FALSE
CENPF,-0.388715486194478,FALSE
FAM177A1,-0.388715486194478,FALSE
FAP,-0.388523409363746,FALSE
LY6G5C,-0.388523409363746,FALSE
LOC100129597,-0.388427370948379,FALSE
VPREB3,-0.388331332533013,FALSE
GALNT5,-0.388331332533013,FALSE
LMOD2,-0.388331332533013,FALSE
PRTFDC1,-0.388235294117647,FALSE
METTL3,0.388235294117647,FALSE
NEDD8,-0.388235294117647,FALSE
REXO1,-0.388043217286915,FALSE
BCORL1,0.388043217286915,FALSE
PTCHD1,0.387947178871549,FALSE
TTC39B,-0.387947178871549,FALSE
OR2S2,-0.387851140456183,FALSE
GAST,-0.387755102040816,FALSE
ARHGEF6,0.387755102040816,FALSE
CALM1,0.387755102040816,FALSE
APH1B,-0.38765906362545,FALSE
GPR4,0.387563025210084,FALSE
PLAC8L1,0.387563025210084,FALSE
CIDECP,0.387466986794718,FALSE
HSD17B8,0.387370948379352,FALSE
HSPA4,-0.387370948379352,FALSE
KRT9,-0.387370948379352,FALSE
SMPD4,0.387274909963986,FALSE
KIAA1586,-0.387274909963986,FALSE
LRRC47,0.387274909963986,FALSE
OSCP1,-0.387274909963986,FALSE
C10orf88,-0.387274909963986,FALSE
PCDH11X,-0.387274909963986,FALSE
OR5M11,-0.387274909963986,FALSE
DUSP23,-0.387178871548619,FALSE
SMCR6,0.387178871548619,FALSE
ABCB1,-0.387082833133253,FALSE
XKR8,-0.387082833133253,FALSE
RPS24,-0.387082833133253,FALSE
HDAC10,0.386986794717887,FALSE
TMEM141,-0.386986794717887,FALSE
STON2,-0.386890756302521,FALSE
SSX7,-0.386890756302521,FALSE
PITX3,-0.386890756302521,TRUE
PHRF1,0.386890756302521,FALSE
PPP3R2,-0.386890756302521,FALSE
PGLYRP4,-0.386890756302521,FALSE
TSPAN11,-0.386794717887155,FALSE
MIR22HG,-0.386698679471789,FALSE
ASPHD1,-0.386602641056423,FALSE
DNAH14,-0.386602641056423,FALSE
OTOF,-0.386602641056423,FALSE
FAM134C,0.386602641056423,FALSE
RECQL4,-0.386506602641056,FALSE
ATL3,-0.386506602641056,FALSE
P4HB,-0.386506602641056,FALSE
GNG10,-0.386314525810324,FALSE
KIAA0922,0.386314525810324,FALSE
CDAN1,0.386218487394958,FALSE
CERS1,0.386218487394958,FALSE
SNORA50,-0.386218487394958,FALSE
RPL27,-0.386122448979592,FALSE
PAX4,-0.386122448979592,TRUE
NEK10,-0.386026410564226,FALSE
SMARCC2,0.386026410564226,FALSE
C6orf1,-0.386026410564226,FALSE
LYG1,0.386026410564226,FALSE
AHDC1,-0.38593037214886,TRUE
TXNRD1,-0.38593037214886,FALSE
AOAH,0.38593037214886,FALSE
POLR2L,-0.385834333733493,FALSE
USP38,-0.385834333733493,FALSE
DHX32,0.385834333733493,FALSE
C20orf160,0.385738295318127,FALSE
NDST2,-0.385738295318127,FALSE
HSPA12B,0.385738295318127,FALSE
LPAR1,-0.385738295318127,FALSE
ISCU,-0.385642256902761,FALSE
RPP14,0.385642256902761,FALSE
PPAPDC3,-0.385546218487395,FALSE
SLC25A13,0.385546218487395,FALSE
FLJ26332,0.385546218487395,FALSE
AARSD1,0.385450180072029,FALSE
RBPMS2,0.385450180072029,FALSE
SPDYE1,0.385450180072029,FALSE
TNFSF15,-0.385450180072029,FALSE
ARHGEF7,0.385354141656663,FALSE
ARSD,-0.385258103241297,FALSE
XAGE3,0.385258103241297,FALSE
TMCC1,0.38516206482593,FALSE
LRRC32,0.38516206482593,FALSE
PTK2,-0.38516206482593,FALSE
PLEKHG5,0.385066026410564,FALSE
MKLN1,-0.385066026410564,FALSE
BRK1,-0.385066026410564,FALSE
LOC439914,0.385066026410564,FALSE
GPR139,0.384969987995198,FALSE
LINC00346,-0.384969987995198,FALSE
FAM64A,-0.384777911164466,FALSE
LOC100653224,0.384777911164466,FALSE
IL13RA1,-0.3846818727491,FALSE
LOC643988,-0.3846818727491,FALSE
GPRIN2,-0.384585834333734,FALSE
CDKN2A,-0.384585834333734,FALSE
FLJ11235,0.384585834333734,FALSE
DKFZp686F0839,0.384585834333734,FALSE
BHMT2,0.384489795918367,FALSE
LOXHD1,0.384489795918367,FALSE
LINC00475,-0.384489795918367,FALSE
KIAA1683,0.384489795918367,FALSE
ZNF33B,0.384489795918367,FALSE
BUD13,-0.384393757503001,FALSE
TNNI3,-0.384297719087635,FALSE
ASS1,0.384201680672269,FALSE
CYSLTR1,-0.384201680672269,FALSE
RECQL5,0.384105642256903,FALSE
CHIA,-0.384009603841537,FALSE
MED13L,0.384009603841537,FALSE
PRKCB,0.384009603841537,FALSE
HLA-DRB4,0.384009603841537,FALSE
NPFF,0.38391356542617,FALSE
LINC00116,0.383817527010804,FALSE
CCDC129,-0.383817527010804,FALSE
C3orf80,-0.383817527010804,FALSE
H1FX-AS1,0.383721488595438,FALSE
SFTPA2,-0.383721488595438,FALSE
HABP4,-0.383625450180072,FALSE
LPIN1,0.383529411764706,FALSE
ADAT3,-0.383529411764706,FALSE
MYO1G,0.383529411764706,FALSE
COLEC12,-0.383529411764706,FALSE
ESYT2,0.383529411764706,FALSE
FAM187B,-0.38343337334934,FALSE
GTPBP8,-0.38343337334934,FALSE
PSMB10,-0.38343337334934,FALSE
DFNB59,0.38343337334934,FALSE
SALL2,0.38343337334934,TRUE
B9D1,-0.383145258103241,FALSE
CENPM,-0.383049219687875,FALSE
TMEM134,0.383049219687875,FALSE
DNAJC3,-0.383049219687875,FALSE
LOC100132686,0.383049219687875,FALSE
SMN2,0.383049219687875,FALSE
SHROOM3,-0.382953181272509,FALSE
SURF6,0.382857142857143,FALSE
PRAC,-0.382857142857143,FALSE
CIDEC,0.382857142857143,FALSE
LOC401164,-0.382761104441777,FALSE
STX8,-0.382761104441777,FALSE
CRYGS,0.382761104441777,FALSE
SPTY2D1,-0.382665066026411,FALSE
POLR2J2,-0.382665066026411,FALSE
MDN1,0.382665066026411,FALSE
LOC100128893,0.382569027611044,FALSE
SLC25A4,0.382569027611044,FALSE
ASNS,-0.382472989195678,FALSE
BCL2,0.382472989195678,FALSE
LINC00173,0.382472989195678,FALSE
CTHRC1,-0.382376950780312,FALSE
PHLDB2,0.382376950780312,FALSE
MAP1LC3A,0.382376950780312,FALSE
EIF2C2,0.382376950780312,FALSE
MRPL55,-0.382376950780312,FALSE
KCNQ5,-0.382376950780312,FALSE
ZNF572,-0.382376950780312,TRUE
BIN2,0.382376950780312,FALSE
IDH3A,0.382280912364946,FALSE
DOK7,-0.382280912364946,FALSE
PARP12,0.382280912364946,FALSE
C18orf56,-0.38218487394958,FALSE
CTAG1A,0.38218487394958,FALSE
PLAT,0.38218487394958,FALSE
LOC100129447,-0.382088835534214,FALSE
ZFPL1,0.382088835534214,FALSE
USP40,0.382088835534214,FALSE
CRIP2,0.382088835534214,FALSE
KAZALD1,-0.382088835534214,FALSE
FLJ44385,-0.381992797118848,FALSE
STXBP6,-0.381992797118848,FALSE
LOC100129726,-0.381992797118848,FALSE
LOC100292409,-0.381992797118848,FALSE
C11orf65,-0.381896758703481,FALSE
RPS6KA6,-0.381896758703481,FALSE
ZBTB46,0.381896758703481,TRUE
PCNA,-0.381800720288115,FALSE
GLI4,0.381800720288115,TRUE
AS3MT,-0.381800720288115,FALSE
ANKRA2,0.381800720288115,FALSE
DBF4B,0.381800720288115,FALSE
DENND3,0.381704681872749,FALSE
OR4K14,-0.381608643457383,FALSE
HYAL1,0.381512605042017,FALSE
SGOL1,-0.381512605042017,FALSE
C21orf37,-0.381416566626651,FALSE
SPTAN1,0.381416566626651,FALSE
GTPBP4,-0.381416566626651,FALSE
MYO9B,0.381416566626651,FALSE
LOC100506105,-0.381416566626651,FALSE
UCP3,-0.381416566626651,FALSE
LOC100129831,-0.381224489795918,FALSE
LOC100507637,-0.381224489795918,FALSE
SSX5,-0.381224489795918,FALSE
FKBP15,0.381224489795918,FALSE
SEPT2,-0.381032412965186,FALSE
TMC8,0.381032412965186,FALSE
SOBP,0.381032412965186,FALSE
PNLIP,-0.381032412965186,FALSE
HIST1H2AA,-0.38093637454982,FALSE
CAPZA2,-0.380840336134454,FALSE
FZD1,-0.380840336134454,FALSE
WIBG,-0.380840336134454,FALSE
LOC553103,0.380840336134454,FALSE
LOC100506459,0.380744297719088,FALSE
SETDB1,0.380648259303722,FALSE
CHD9,0.380648259303722,FALSE
EAPP,-0.380648259303722,FALSE
LOC100130744,0.380648259303722,FALSE
CDCA7,-0.380552220888355,FALSE
HIST1H1D,-0.380552220888355,FALSE
PRM2,-0.380552220888355,FALSE
LINC00293,-0.380552220888355,FALSE
MARK1,0.380456182472989,FALSE
AMBRA1,0.380456182472989,FALSE
SPTLC2,0.380456182472989,FALSE
MYH7B,0.380360144057623,FALSE
LOC51145,-0.380360144057623,FALSE
FAM149A,0.380264105642257,FALSE
NEURL,-0.380264105642257,FALSE
MRPL14,-0.380264105642257,FALSE
FBXL20,-0.380264105642257,FALSE
IL34,0.380264105642257,FALSE
STIL,-0.380168067226891,FALSE
MS4A18,-0.380168067226891,FALSE
UBL5,-0.380168067226891,FALSE
LOC100130890,-0.380168067226891,FALSE
SNRPD3,-0.380168067226891,FALSE
TBPL1,-0.380168067226891,FALSE
TAF13,-0.380072028811525,FALSE
PCK2,0.380072028811525,FALSE
BRCC3,0.379975990396158,FALSE
RBPMS,0.379975990396158,FALSE
IRF3,0.379975990396158,TRUE
SLC19A1,-0.379879951980792,FALSE
RGPD1,0.379879951980792,FALSE
ATP6AP2,-0.379783913565426,FALSE
REL,0.379783913565426,TRUE
CACYBP,-0.37968787515006,FALSE
HIST1H3E,-0.37968787515006,FALSE
STT3A,-0.37968787515006,FALSE
C20orf103,-0.37968787515006,FALSE
SEZ6L2,-0.379591836734694,FALSE
CCDC88B,0.379591836734694,FALSE
CYP2A13,-0.379591836734694,FALSE
DEFA7P,-0.379591836734694,FALSE
RPS26,-0.379495798319328,FALSE
SP2,0.379495798319328,TRUE
CCDC58,-0.379495798319328,FALSE
CPT1C,-0.379495798319328,FALSE
MAGI1,0.379495798319328,FALSE
HNRNPL,-0.379495798319328,FALSE
MMACHC,-0.379303721488596,FALSE
SLITRK6,-0.379207683073229,FALSE
SLC6A2,-0.379207683073229,FALSE
DBI,-0.379207683073229,FALSE
IMPAD1,-0.379207683073229,FALSE
COL1A2,-0.379207683073229,FALSE
FBXL6,-0.379015606242497,FALSE
LRRC6,-0.379015606242497,FALSE
ALDH18A1,-0.379015606242497,FALSE
ZFP28,0.379015606242497,TRUE
CELF4,-0.378919567827131,FALSE
ASPN,-0.378919567827131,FALSE
DYNC1LI1,-0.378919567827131,FALSE
CENPV,0.378919567827131,FALSE
DSTN,-0.378823529411765,FALSE
C1orf213,0.378727490996399,FALSE
PARM1,0.378727490996399,FALSE
RAPGEF2,0.378631452581032,FALSE
ST8SIA4,-0.378631452581032,FALSE
ABCA6,0.378631452581032,FALSE
TUBG2,0.378535414165666,FALSE
UBQLNL,0.378535414165666,FALSE
LOC100128402,0.3784393757503,FALSE
ABRA,-0.3784393757503,FALSE
HIST2H4B,-0.378343337334934,FALSE
LOC550643,-0.378343337334934,FALSE
SMA4,0.378343337334934,FALSE
IQSEC2,-0.378247298919568,FALSE
SOX30,-0.378247298919568,TRUE
CCNA2,-0.378151260504202,FALSE
UBL3,-0.378151260504202,FALSE
PIWIL1,-0.378055222088836,FALSE
IL27,-0.377959183673469,FALSE
ABCA4,0.377959183673469,FALSE
SLC29A3,-0.377959183673469,FALSE
DHRS12,0.377863145258103,FALSE
SLC9A1,0.377863145258103,FALSE
LOC148145,-0.377767106842737,FALSE
GALR3,-0.377767106842737,FALSE
LTF,0.377671068427371,FALSE
MPI,0.377671068427371,FALSE
RHOBTB2,0.377671068427371,FALSE
ZNF510,0.377478991596639,TRUE
CTSW,0.377478991596639,FALSE
EIF5A,-0.377382953181273,FALSE
PITPNC1,0.377286914765906,FALSE
LPPR1,-0.377286914765906,FALSE
PEX5,0.377286914765906,FALSE
WDR33,-0.37719087635054,FALSE
ITGA7,0.37719087635054,FALSE
SNF8,-0.37719087635054,FALSE
SCARB2,-0.37719087635054,FALSE
TTTY6,-0.37719087635054,FALSE
CCT6B,0.377094837935174,FALSE
VENTX,0.377094837935174,TRUE
YWHAB,-0.377094837935174,FALSE
FER1L4,0.376998799519808,FALSE
DYX1C1,-0.376806722689076,FALSE
ACAT2,-0.376806722689076,FALSE
OR6C65,-0.376806722689076,FALSE
TBX19,0.37671068427371,TRUE
WNT5A,-0.376614645858343,FALSE
HRASLS,-0.376422569027611,FALSE
LPAR3,-0.376422569027611,FALSE
ZBTB39,0.376422569027611,TRUE
UCKL1,0.376422569027611,FALSE
RPA3,-0.376422569027611,FALSE
SRR,-0.376326530612245,FALSE
SP100,-0.376326530612245,TRUE
LOC648771,-0.376326530612245,FALSE
AIM1,0.376326530612245,FALSE
TMEM109,0.376326530612245,FALSE
RAPH1,-0.376230492196879,FALSE
MYLK2,-0.376230492196879,FALSE
KLHL18,0.376230492196879,FALSE
IL1R1,-0.376134453781513,FALSE
ZMYND11,-0.376134453781513,FALSE
PTMS,-0.376134453781513,FALSE
MTDH,-0.376134453781513,FALSE
P2RX7,0.376134453781513,FALSE
YIPF4,-0.37594237695078,FALSE
STARD3,-0.375846338535414,FALSE
CDC34,0.375846338535414,FALSE
GRIN1,-0.375846338535414,FALSE
LGI1,0.375750300120048,FALSE
SLC22A23,-0.375750300120048,FALSE
RRN3P2,0.375750300120048,FALSE
PRSS56,-0.375750300120048,FALSE
STK36,0.375750300120048,FALSE
COL5A2,-0.375750300120048,FALSE
LOC645212,0.375654261704682,FALSE
CCS,0.375558223289316,FALSE
B9D2,-0.375558223289316,FALSE
CWF19L2,0.375558223289316,FALSE
RPL21,-0.37546218487395,FALSE
IMMP1L,-0.37546218487395,FALSE
LOC157562,0.375366146458583,FALSE
ABCC6,0.375270108043217,FALSE
C9orf163,-0.375270108043217,FALSE
SYT12,0.375270108043217,FALSE
AR,0.375270108043217,TRUE
ZNF212,0.375270108043217,TRUE
RALGAPA1,0.375174069627851,FALSE
NAGS,-0.375174069627851,FALSE
WRNIP1,0.375174069627851,FALSE
ZNF227,0.375078031212485,FALSE
CD36,0.374981992797119,FALSE
APRT,-0.374981992797119,FALSE
MINOS1,-0.374981992797119,FALSE
XKR3,-0.374981992797119,FALSE
BFSP2,-0.374981992797119,FALSE
CASP4,-0.374885954381753,FALSE
FLJ40606,-0.374885954381753,FALSE
RTF1,0.374885954381753,FALSE
PRO2852,0.374885954381753,FALSE
KIF24,-0.37469387755102,FALSE
ERBB2,-0.37469387755102,FALSE
IFT81,-0.37469387755102,FALSE
G2E3,-0.37469387755102,FALSE
HBA2,0.374597839135654,FALSE
PHF19,-0.374597839135654,FALSE
MRPL1,-0.374597839135654,FALSE
SPRNP1,-0.374597839135654,FALSE
LOC375190,0.374597839135654,FALSE
TPRKB,-0.374501800720288,FALSE
FLJ43681,-0.374501800720288,FALSE
LOC221442,0.374501800720288,FALSE
C11orf84,-0.374405762304922,FALSE
SPDEF,-0.374309723889556,TRUE
EZH2,-0.37421368547419,FALSE
MESP2,-0.37421368547419,TRUE
KRT86,-0.37421368547419,FALSE
FRMD6,-0.374117647058824,FALSE
WDR76,-0.374021608643457,FALSE
FGFRL1,0.374021608643457,FALSE
CCDC135,-0.374021608643457,FALSE
CA12,-0.373925570228091,FALSE
BUB1B,-0.373925570228091,FALSE
ARHGAP30,0.373829531812725,FALSE
ZNF12,0.373829531812725,TRUE
ZNF433,0.373829531812725,TRUE
COG7,0.373733493397359,FALSE
LOC100128857,0.373733493397359,FALSE
KIAA1614,0.373733493397359,FALSE
STYK1,0.373637454981993,FALSE
CHSY1,-0.373637454981993,FALSE
FAM153A,-0.373541416566627,FALSE
GEMIN2,-0.373349339735894,FALSE
TAF12,-0.373349339735894,FALSE
ZBTB11,-0.373349339735894,TRUE
DNAJC5B,-0.373349339735894,FALSE
ZNF345,0.373349339735894,TRUE
KLF16,-0.373253301320528,TRUE
MED20,-0.373157262905162,FALSE
RYR3,0.373061224489796,FALSE
GJD3,0.373061224489796,FALSE
TYK2,0.373061224489796,FALSE
IDE,-0.37296518607443,FALSE
ZNF174,-0.37296518607443,TRUE
C9orf30-TMEFF1,-0.37296518607443,FALSE
TTC28,-0.372869147659064,FALSE
TOP3A,0.372869147659064,FALSE
LOC100128219,-0.372869147659064,FALSE
MELK,-0.372773109243697,FALSE
VPS45,0.372773109243697,FALSE
GPR126,0.372773109243697,FALSE
LOC338653,0.372581032412965,FALSE
FRMPD4,-0.372581032412965,FALSE
ALOXE3,-0.372581032412965,FALSE
ALKBH6,0.372581032412965,FALSE
TOE1,0.372581032412965,FALSE
RFX1,0.372484993997599,TRUE
TRPV2,-0.372484993997599,FALSE
TXNRD2,0.372484993997599,FALSE
C6orf203,-0.372388955582233,FALSE
C14orf33,-0.372388955582233,FALSE
TMEM5,-0.372388955582233,FALSE
IFT140,0.372388955582233,FALSE
RHOG,0.372388955582233,FALSE
YTHDC1,0.372388955582233,FALSE
FGFBP3,0.372388955582233,FALSE
DGKG,-0.372292917166867,FALSE
TEKT3,0.372292917166867,FALSE
ZBTB4,0.372292917166867,TRUE
SRSF5,0.372196878751501,FALSE
ANXA4,-0.372196878751501,FALSE
RIMBP3,-0.372196878751501,FALSE
GPR3,-0.372100840336134,FALSE
DYNC1I1,0.372100840336134,FALSE
SEMA4F,0.372100840336134,FALSE
PCDHA5,-0.372004801920768,FALSE
AP2A2,0.372004801920768,FALSE
PRR5,0.372004801920768,FALSE
HNRNPH1,0.371908763505402,FALSE
QTRT1,0.371812725090036,FALSE
SPATA24,-0.371812725090036,FALSE
HIST1H2BK,-0.37171668667467,FALSE
TUBB2A,0.37171668667467,FALSE
KRTAP10-10,-0.371620648259304,FALSE
FAM53C,0.371524609843938,FALSE
ITGA9,-0.371428571428571,FALSE
REEP3,-0.371428571428571,FALSE
IQGAP3,-0.371428571428571,FALSE
GLB1L3,0.371428571428571,FALSE
CLRN1-AS1,-0.371428571428571,FALSE
HIST1H4I,-0.371332533013205,FALSE
MEP1B,-0.371332533013205,FALSE
DPH3P1,-0.371332533013205,FALSE
MRGPRD,-0.371332533013205,FALSE
LITAF,0.371236494597839,TRUE
PMCH,-0.371236494597839,FALSE
ATG4C,-0.371140456182473,FALSE
DAZAP1,0.371140456182473,FALSE
KLC1,0.371140456182473,FALSE
PKD1,-0.371044417767107,FALSE
GSC2,-0.371044417767107,TRUE
FGD5,0.370948379351741,FALSE
PID1,0.370948379351741,FALSE
LRIG1,0.370852340936375,FALSE
PFKFB1,0.370756302521008,FALSE
LOC100506650,-0.370756302521008,FALSE
EIF4G1,0.370756302521008,FALSE
PCDHB6,0.370756302521008,FALSE
PMP22,-0.370660264105642,FALSE
FN3K,-0.370564225690276,FALSE
RPL10A,-0.370564225690276,FALSE
ENOX1,-0.370564225690276,FALSE
HLA-J,0.370564225690276,FALSE
SCAPER,0.370564225690276,FALSE
FGFR4,-0.37046818727491,FALSE
SEPP1,-0.37046818727491,FALSE
ANKRD30A,0.370372148859544,FALSE
RPS10P7,-0.370372148859544,FALSE
S100A13,-0.370372148859544,FALSE
SCT,-0.370372148859544,FALSE
LINC00029,-0.370372148859544,FALSE
BTF3L4,-0.370276110444178,FALSE
CPN2,-0.370276110444178,FALSE
PARD3,0.370180072028812,FALSE
C14orf129,-0.370180072028812,FALSE
LOC645262,-0.370084033613445,FALSE
HOXA2,0.369987995198079,TRUE
ARSI,-0.369891956782713,FALSE
NUDT16L1,-0.369891956782713,FALSE
CCNI,0.369891956782713,FALSE
LOC731223,-0.369795918367347,FALSE
TSPAN8,0.369795918367347,FALSE
PLA2G1B,-0.369795918367347,FALSE
LOC100506190,-0.369699879951981,FALSE
CISD2,-0.369699879951981,FALSE
C1QBP,-0.369699879951981,FALSE
FAM48A,-0.369603841536615,FALSE
ADAMTS7,-0.369603841536615,FALSE
SLMO1,-0.369507803121248,FALSE
SYCE2,0.369507803121248,FALSE
HIST1H2BC,-0.369315726290516,FALSE
RHOV,-0.36921968787515,FALSE
SFR1,-0.36921968787515,FALSE
SNORA74A,-0.369123649459784,FALSE
RAD51C,-0.369123649459784,FALSE
PAR-SN,0.369123649459784,FALSE
ATG14,0.369123649459784,FALSE
MAF1,0.369123649459784,FALSE
PPIB,-0.369123649459784,FALSE
WDR90,-0.369027611044418,FALSE
SZT2,0.369027611044418,FALSE
HELB,-0.369027611044418,FALSE
UBR4,0.369027611044418,FALSE
LOC646513,-0.369027611044418,FALSE
LAMP1,-0.368931572629052,FALSE
CLPS,-0.368931572629052,FALSE
LOC100129027,-0.368931572629052,FALSE
C13orf16,0.368835534213686,FALSE
SMCR8,-0.368835534213686,FALSE
PTS,-0.368739495798319,FALSE
RAI2,-0.368643457382953,FALSE
IFIT5,-0.368643457382953,FALSE
DUSP16,0.368643457382953,FALSE
CCNE2,-0.368547418967587,FALSE
PATE4,-0.368547418967587,FALSE
RPL3L,-0.368451380552221,FALSE
RAD54L,-0.368355342136855,FALSE
CSTF1,-0.368355342136855,FALSE
HSP90AB5P,0.368355342136855,FALSE
GHR,0.368259303721489,FALSE
FAM86B1,0.368259303721489,FALSE
USP13,0.368259303721489,FALSE
NPC2,-0.368259303721489,FALSE
ARV1,-0.368259303721489,FALSE
POLE2,-0.368259303721489,FALSE
TEX13B,-0.368163265306122,FALSE
HMHB1,-0.368163265306122,FALSE
GTF3C2,0.368163265306122,FALSE
OR1K1,-0.368163265306122,FALSE
ALK,-0.368163265306122,FALSE
PNPLA7,0.368067226890756,FALSE
MSR1,-0.36797118847539,FALSE
HMCN1,-0.36797118847539,FALSE
TMEM185B,0.36797118847539,FALSE
PM20D1,0.36797118847539,FALSE
PPIL2,-0.367875150060024,FALSE
C14orf166,-0.367875150060024,FALSE
STK3,-0.367875150060024,FALSE
ALX4,-0.367779111644658,TRUE
POGK,0.367779111644658,FALSE
TMEM132C,0.367779111644658,FALSE
ARMCX5,-0.367587034813926,FALSE
WDR91,0.367587034813926,FALSE
OTUD7B,0.367587034813926,FALSE
LOC100129129,-0.367490996398559,FALSE
PFDN6,-0.367490996398559,FALSE
LOC100129115,-0.367394957983193,FALSE
MYL12B,-0.367394957983193,FALSE
RNASEH2B,-0.367298919567827,FALSE
STAMBP,-0.367298919567827,FALSE
HLA-E,0.367298919567827,FALSE
ABCA11P,0.367202881152461,FALSE
PTP4A1,-0.367106842737095,FALSE
PATL2,0.367106842737095,FALSE
CRKL,0.367106842737095,FALSE
COL24A1,-0.367010804321729,FALSE
TSC1,0.367010804321729,FALSE
STAT5B,0.367010804321729,TRUE
EEPD1,0.366914765906363,FALSE
DCPS,-0.366914765906363,FALSE
KDM1A,-0.366914765906363,FALSE
CC2D1B,0.366914765906363,TRUE
OR2B6,-0.366914765906363,FALSE
HCG27,0.366914765906363,FALSE
SRP9,-0.366626650660264,FALSE
LOC100507547,-0.366626650660264,FALSE
PNKD,-0.366626650660264,FALSE
RAB4B,0.366626650660264,FALSE
TMEM63A,0.366626650660264,FALSE
NUCB2,-0.366530612244898,FALSE
CHN2,-0.366530612244898,FALSE
USP26,-0.366338535414166,FALSE
C20orf132,0.366338535414166,FALSE
PRAMEF12,-0.366338535414166,FALSE
CSAG1,-0.366338535414166,FALSE
PDIA5,-0.3662424969988,FALSE
MT1L,-0.366146458583433,FALSE
IRX6,0.366146458583433,TRUE
TEAD2,0.366146458583433,TRUE
VARS2,0.366146458583433,FALSE
EFEMP2,-0.366146458583433,FALSE
OCLN,0.366146458583433,FALSE
C11orf9,-0.366050420168067,FALSE
SLC8A3,-0.366050420168067,FALSE
IL21R,-0.365954381752701,FALSE
C1QTNF6,-0.365954381752701,FALSE
PIP4K2B,0.365954381752701,FALSE
CNOT6,0.365954381752701,FALSE
LOC100129900,0.365954381752701,FALSE
FNDC7,-0.365858343337335,FALSE
GLA,-0.365858343337335,FALSE
CCL11,-0.365858343337335,FALSE
FBLN2,0.365858343337335,FALSE
ZNF436,-0.365762304921969,TRUE
RNU11,-0.365762304921969,FALSE
PRSS35,-0.365762304921969,FALSE
HIST1H2BO,-0.365666266506603,FALSE
FLJ43860,-0.365666266506603,FALSE
PGBD4,-0.365666266506603,FALSE
RIPK2,-0.365666266506603,FALSE
WBP1,0.365666266506603,FALSE
LOC284630,0.365666266506603,FALSE
CD6,0.365570228091237,FALSE
NEO1,-0.365570228091237,FALSE
HEATR7B1,-0.365570228091237,FALSE
KIAA0319L,0.365570228091237,FALSE
MALL,-0.365570228091237,FALSE
SMC1A,0.365570228091237,FALSE
MPPE1,0.365570228091237,FALSE
DVL1,0.36547418967587,FALSE
FSIP1,-0.36547418967587,FALSE
SYNJ1,0.36547418967587,FALSE
ST7-AS2,-0.36547418967587,FALSE
METTL6,0.365378151260504,FALSE
ZNF780A,-0.365282112845138,TRUE
TNMD,0.365186074429772,FALSE
BTD,0.365090036014406,FALSE
ATP5L,-0.365090036014406,FALSE
SREBF2,0.365090036014406,TRUE
FANCI,-0.36499399759904,FALSE
FEZF1,-0.36499399759904,TRUE
EFTUD1,-0.364897959183674,FALSE
PTGDS,-0.364897959183674,FALSE
MYO15A,0.364897959183674,FALSE
GDAP1,0.364897959183674,FALSE
C17orf110,-0.364897959183674,FALSE
LINC00322,-0.364801920768307,FALSE
DFFA,-0.364705882352941,FALSE
AKR1C4,0.364609843937575,FALSE
CARNS1,0.364513805522209,FALSE
RAB1B,-0.364513805522209,FALSE
LUM,-0.364417767106843,FALSE
ATP5O,-0.364417767106843,FALSE
MON1A,-0.364321728691477,FALSE
LOC100128788,-0.364321728691477,FALSE
PACRG,-0.364321728691477,FALSE
PRELID2,0.364321728691477,FALSE
VPS29,-0.36422569027611,FALSE
HOGA1,0.36422569027611,FALSE
CCL24,-0.36422569027611,FALSE
ABCG5,-0.36422569027611,FALSE
TRIM39-RPP21,-0.36422569027611,FALSE
LMBRD2,-0.36422569027611,FALSE
HHATL,-0.36422569027611,FALSE
C19orf43,0.364129651860744,FALSE
UBOX5,0.364129651860744,FALSE
B3GALT2,-0.364033613445378,FALSE
LINC00174,0.364033613445378,FALSE
IFI6,-0.363937575030012,FALSE
COG1,0.363937575030012,FALSE
SS18L1,0.363937575030012,FALSE
PLIN3,-0.363937575030012,FALSE
RSAD1,0.363898292981071,FALSE
MPV17L,0.363841536614646,FALSE
PTPN7,0.36374549819928,FALSE
ZNF71,-0.36374549819928,TRUE
LOC100131820,0.36374549819928,FALSE
PDK3,-0.36374549819928,FALSE
TOR3A,-0.363649459783914,FALSE
FAM81A,-0.363649459783914,FALSE
TMEM181,0.363649459783914,FALSE
UQCRH,-0.363649459783914,FALSE
UNC45A,0.363649459783914,FALSE
C4orf3,-0.363553421368547,FALSE
RAD54B,-0.363553421368547,FALSE
FUBP1,-0.363553421368547,FALSE
WDR18,-0.363553421368547,FALSE
STK40,0.363457382953181,FALSE
WDR45,0.363361344537815,FALSE
C9orf62,-0.363361344537815,FALSE
CAPG,-0.363361344537815,FALSE
TYROBP,-0.363265306122449,FALSE
BLM,-0.363265306122449,FALSE
SCIN,0.363265306122449,FALSE
SENP3,0.363169267707083,FALSE
WWC3,0.362977190876351,FALSE
RPL13AP3,-0.362977190876351,FALSE
IGFL1,-0.362881152460984,FALSE
ALG1,-0.362689075630252,FALSE
CDRT3,-0.362689075630252,FALSE
NADK,-0.362593037214886,FALSE
HNRNPD,0.362593037214886,FALSE
SMCR2,-0.36249699879952,FALSE
MT3,-0.36249699879952,FALSE
KIAA0586,-0.36249699879952,FALSE
ZNF157,-0.362400960384154,FALSE
SCN7A,0.362400960384154,FALSE
MTBP,-0.362400960384154,FALSE
NUP210,0.362304921968788,FALSE
ACTN1,0.362304921968788,FALSE
A1BG,-0.362304921968788,FALSE
PPP2R3B,0.362304921968788,FALSE
COL16A1,-0.362208883553421,FALSE
MYO1B,-0.362208883553421,FALSE
CWC27,-0.362208883553421,FALSE
INHBE,-0.362208883553421,FALSE
RNF114,0.362208883553421,FALSE
DKKL1,-0.362112845138055,FALSE
SLC30A5,-0.362112845138055,FALSE
NDUFA5,-0.362112845138055,FALSE
AAGAB,-0.362112845138055,FALSE
RCL1,0.361920768307323,FALSE
LOC100129924,-0.361920768307323,FALSE
HOXD4,0.361920768307323,TRUE
ERCC2,0.361920768307323,FALSE
IMPA2,0.361824729891957,FALSE
LCN10,0.361824729891957,FALSE
C11orf80,0.361632653061224,FALSE
ZSWIM6,-0.361632653061224,FALSE
SNURF,-0.361632653061224,FALSE
GOLGA6L10,0.361536614645858,FALSE
MMP15,0.361536614645858,FALSE
PPP1R13L,0.361536614645858,FALSE
HFE,-0.361440576230492,FALSE
OCM2,-0.361344537815126,FALSE
LOC284889,-0.361344537815126,FALSE
OR52N4,0.361344537815126,FALSE
COPZ2,-0.36124849939976,FALSE
TSPO,-0.36124849939976,FALSE
ADIPOQ,0.36124849939976,FALSE
ALMS1,0.361152460984394,FALSE
LINGO4,-0.361152460984394,FALSE
CCDC148,0.361152460984394,FALSE
BSN,0.361056422569028,FALSE
MLN,-0.361056422569028,FALSE
KCNK6,0.360960384153661,FALSE
CCDC72,-0.360960384153661,FALSE
CCDC167,-0.360864345738295,FALSE
PARD6G,-0.360864345738295,FALSE
SRSF4,0.360864345738295,FALSE
MUSK,-0.360864345738295,FALSE
CCDC86,-0.360768307322929,FALSE
RFTN1,0.360768307322929,FALSE
GPR17,-0.360672268907563,FALSE
DNAJC12,-0.360672268907563,FALSE
RMRP,-0.360672268907563,FALSE
NDFIP2,-0.360672268907563,FALSE
LOC147646,-0.360672268907563,FALSE
HMGB3P1,-0.360672268907563,FALSE
TACC2,0.360672268907563,FALSE
HSPH1,-0.360576230492197,FALSE
LOC386597,-0.360576230492197,FALSE
LOC100128343,0.360576230492197,FALSE
FAM13A-AS1,0.360576230492197,FALSE
HIC2,0.360480192076831,TRUE
KIAA1737,0.360480192076831,FALSE
TBX10,-0.360480192076831,TRUE
ZNF512,0.360480192076831,TRUE
CYBASC3,0.360480192076831,FALSE
LOC541471,-0.360384153661465,FALSE
C7orf64,-0.360192076830732,FALSE
ND3,-0.360192076830732,FALSE
EPHA8,-0.36,FALSE
SAP18,0.36,FALSE
GLT6D1,-0.36,FALSE
LOC645676,0.359903961584634,FALSE
LOC100508233,-0.359903961584634,FALSE
PDC,-0.359903961584634,FALSE
DUSP19,-0.359903961584634,FALSE
GDF3,0.359807923169268,FALSE
C1orf162,0.359807923169268,FALSE
VPS37B,0.359807923169268,FALSE
PPP2R5D,0.359807923169268,FALSE
PLOD2,-0.359807923169268,FALSE
IKBIP,-0.359711884753902,FALSE
FMO2,0.359615846338535,FALSE
RNF207,0.359519807923169,FALSE
NDUFB4,-0.359519807923169,FALSE
EXOSC10,0.359423769507803,FALSE
ARHGEF17,0.359423769507803,FALSE
KRT36,-0.359423769507803,FALSE
SYT3,-0.359423769507803,FALSE
UFD1L,-0.359327731092437,FALSE
KRT8P12,0.359327731092437,FALSE
PSIP1,-0.359327731092437,FALSE
LAIR1,0.359327731092437,FALSE
MIRLET7BHG,0.359231692677071,FALSE
PLA2G12A,-0.359231692677071,FALSE
LCN9,-0.359135654261705,FALSE
PGPEP1,-0.359135654261705,FALSE
ABI2,0.359135654261705,FALSE
LOC375295,-0.359039615846339,FALSE
FAM92A3,-0.359039615846339,FALSE
RNF167,0.359039615846339,FALSE
NBPF6,-0.358943577430972,FALSE
H1FNT,-0.358943577430972,FALSE
ZBTB32,-0.358943577430972,TRUE
LAMB2P1,0.358943577430972,FALSE
KCNQ1DN,-0.358943577430972,FALSE
LOC100129960,-0.358847539015606,FALSE
GLG1,-0.358847539015606,FALSE
CHCHD5,-0.35875150060024,FALSE
LOC157503,0.35875150060024,FALSE
ATP10A,-0.358655462184874,FALSE
HOXA1,-0.358655462184874,TRUE
P4HA1,-0.358655462184874,FALSE
WDR41,-0.358559423769508,FALSE
MPHOSPH9,-0.358559423769508,FALSE
BTNL3,0.358559423769508,FALSE
C1S,-0.358463385354142,FALSE
ZNF623,0.358463385354142,TRUE
IMMT,-0.358367346938775,FALSE
ASB10,-0.358367346938775,FALSE
JUND,0.358175270108043,TRUE
C1orf85,-0.358175270108043,FALSE
SETDB2,-0.358175270108043,FALSE
TNFSF9,-0.358079231692677,FALSE
CCNC,-0.358079231692677,FALSE
LOC388796,0.357983193277311,FALSE
C17orf51,-0.357983193277311,FALSE
GPR172A,-0.357983193277311,FALSE
RN28S1,-0.357887154861945,FALSE
PALMD,0.357887154861945,FALSE
RPL13A,-0.357887154861945,FALSE
IFFO1,0.357887154861945,FALSE
C6orf145,0.357791116446579,FALSE
DCUN1D4,0.357791116446579,FALSE
EDC3,0.357791116446579,FALSE
COQ5,-0.357695078031213,FALSE
NKAIN4,-0.357695078031213,FALSE
SLC34A3,-0.357599039615846,FALSE
EEF2K,0.357599039615846,FALSE
FAAH2,0.357599039615846,FALSE
NMD3,-0.35750300120048,FALSE
EVPL,-0.35750300120048,FALSE
WDR5B,-0.35750300120048,FALSE
FLJ41327,0.35750300120048,FALSE
HYAL3,-0.357406962785114,FALSE
TNFAIP1,-0.357406962785114,FALSE
UGT2B10,-0.357406962785114,FALSE
FAM189A2,0.357310924369748,FALSE
CD58,-0.357310924369748,FALSE
ACTR2,-0.357310924369748,FALSE
GOLPH3L,-0.357310924369748,FALSE
CCDC78,-0.357118847539016,FALSE
P2RX6,-0.357118847539016,FALSE
CCDC142,0.357118847539016,FALSE
SNRPE,-0.357118847539016,FALSE
NEDD4,-0.357118847539016,FALSE
GSDMA,-0.35702280912365,FALSE
C9orf37,0.35702280912365,FALSE
MCF2,0.35702280912365,FALSE
SNORA23,-0.356926770708283,FALSE
HHLA3,-0.356830732292917,FALSE
PSMC1,-0.356830732292917,FALSE
RRP1B,0.356830732292917,FALSE
AVPR2,0.356734693877551,FALSE
HIST1H4A,-0.356734693877551,FALSE
MMP28,-0.356734693877551,FALSE
LRRC59,-0.356734693877551,FALSE
RNF24,0.356734693877551,FALSE
CKM,-0.356638655462185,FALSE
ZNF831,0.356638655462185,FALSE
C11orf24,-0.356638655462185,FALSE
UBE2Q2P2,0.356638655462185,FALSE
C20orf3,0.356542617046819,FALSE
C8orf12,-0.356446578631453,FALSE
TTC18,0.356446578631453,FALSE
COL28A1,-0.356446578631453,FALSE
MPZL3,-0.356350540216087,FALSE
CPNE2,0.356350540216087,FALSE
TTC14,0.356350540216087,FALSE
INVS,-0.35625450180072,FALSE
TECPR1,0.35625450180072,FALSE
PEX16,0.35625450180072,FALSE
TBC1D19,-0.35625450180072,FALSE
RSPH4A,0.356158463385354,FALSE
LOC100192378,-0.356158463385354,FALSE
ZFYVE27,0.355966386554622,FALSE
KIF26B,-0.355870348139256,FALSE
PPP6R3,0.355870348139256,FALSE
CPA6,0.355870348139256,FALSE
LNX1,-0.355870348139256,FALSE
LUC7L2,0.35577430972389,FALSE
LOC100132832,0.35577430972389,FALSE
KIR3DL2,-0.355678271308523,FALSE
CHRNA2,-0.355678271308523,FALSE
MS4A15,-0.355678271308523,FALSE
PGGT1B,-0.355582232893157,FALSE
DTYMK,-0.355582232893157,FALSE
MMP24,0.355582232893157,FALSE
RFX2,-0.355582232893157,TRUE
C20orf195,0.355486194477791,FALSE
HMGCL,-0.355486194477791,FALSE
PHTF1,-0.355390156062425,FALSE
RELT,-0.355390156062425,FALSE
COPB2,-0.355390156062425,FALSE
WHAMM,0.355390156062425,FALSE
LOC643837,0.355390156062425,FALSE
EIF3B,0.355294117647059,FALSE
GPNMB,-0.355294117647059,FALSE
TBX18,0.355294117647059,TRUE
SH2D5,-0.355294117647059,FALSE
LOC645206,-0.355294117647059,FALSE
ZNF669,-0.355198079231693,TRUE
COPS2,-0.355198079231693,FALSE
KCNJ8,-0.355102040816327,FALSE
FABP6,-0.355102040816327,FALSE
COX10,0.355102040816327,FALSE
LOC100170939,0.355102040816327,FALSE
TCEB3C,-0.35500600240096,FALSE
RNF157,0.354909963985594,FALSE
HEBP1,-0.354813925570228,FALSE
NRXN2,0.354813925570228,FALSE
EGFEM1P,0.354717887154862,FALSE
KIAA1908,0.354717887154862,FALSE
UBIAD1,-0.354717887154862,FALSE
ZFP64,-0.354717887154862,TRUE
PSMD6,-0.354717887154862,FALSE
SERPINB9,0.354717887154862,FALSE
AK5,-0.354621848739496,FALSE
ZNF564,0.354621848739496,TRUE
RCC1,-0.35452581032413,FALSE
C12orf57,-0.35452581032413,FALSE
MTFMT,-0.354429771908764,FALSE
CCZ1,-0.354429771908764,FALSE
COQ7,0.354429771908764,FALSE
LOC153577,0.354429771908764,FALSE
WBP11,0.354429771908764,FALSE
CANT1,-0.354333733493397,FALSE
KLF11,0.354333733493397,TRUE
TRIM71,-0.354333733493397,FALSE
ARL15,-0.354237695078031,FALSE
OGT,0.354141656662665,FALSE
KCNJ15,-0.354045618247299,FALSE
TRAF1,0.354045618247299,FALSE
LOC148413,0.354045618247299,FALSE
DKFZP434K028,-0.353949579831933,FALSE
ABCF3,0.353949579831933,FALSE
C11orf30,0.353949579831933,FALSE
HMGB1,-0.353949579831933,FALSE
IDAS,-0.353949579831933,FALSE
FLJ33360,0.353949579831933,FALSE
GNPNAT1,-0.353853541416567,FALSE
BRI3,-0.353853541416567,FALSE
CLTCL1,0.353853541416567,FALSE
VPS72,0.353853541416567,FALSE
FLJ41278,-0.353853541416567,FALSE
RPS2P32,-0.353853541416567,FALSE
CPA2,-0.353853541416567,FALSE
C1GALT1C1,-0.353757503001201,FALSE
ANAPC1,0.353757503001201,FALSE
C20orf134,-0.353757503001201,FALSE
ZNF580,0.353661464585834,TRUE
CHST6,-0.353661464585834,FALSE
UTP3,-0.353661464585834,FALSE
LOC100506253,-0.353565426170468,FALSE
SORBS3,-0.353565426170468,FALSE
SCHIP1,-0.353565426170468,FALSE
UCN2,-0.353469387755102,FALSE
ANKMY2,-0.353469387755102,FALSE
DDX56,0.353373349339736,FALSE
ANKS3,0.353373349339736,FALSE
FIGN,0.35327731092437,FALSE
BFSP1,-0.35327731092437,FALSE
SVOPL,-0.35327731092437,FALSE
CACNG1,-0.35327731092437,FALSE
C3orf23,-0.35327731092437,FALSE
NEIL1,0.35327731092437,FALSE
NDRG1,0.353181272509004,FALSE
SPHK2,-0.353181272509004,FALSE
PPP2R3C,-0.353181272509004,FALSE
RTP1,-0.353181272509004,FALSE
CDT1,-0.353085234093637,FALSE
C1orf124,-0.353085234093637,FALSE
JARID2,-0.353085234093637,FALSE
BOLA3,-0.353085234093637,FALSE
PI16,0.352989195678271,FALSE
VMP1,-0.352989195678271,FALSE
C6orf64,-0.352989195678271,FALSE
HMHA1,0.352893157262905,FALSE
CDK10,0.352893157262905,FALSE
SNORD3B-1,-0.352797118847539,FALSE
SUGT1,-0.352605042016807,FALSE
FKSG29,0.352605042016807,FALSE
ESCO2,-0.352509003601441,FALSE
ASB7,0.352412965186074,FALSE
LOC283143,-0.352412965186074,FALSE
EHBP1,0.352316926770708,FALSE
AZI1,0.352316926770708,FALSE
GYG2,0.352220888355342,FALSE
CKMT2,-0.352124849939976,FALSE
LYPLA1,-0.352124849939976,FALSE
PSMD13,0.352124849939976,FALSE
RAB23,-0.35202881152461,FALSE
GOT2,-0.35202881152461,FALSE
LINC00094,-0.35202881152461,FALSE
ACOX2,0.35202881152461,FALSE
C6orf62,-0.351932773109244,FALSE
SCARF2,-0.351932773109244,FALSE
ANKHD1,0.351932773109244,FALSE
ENSA,-0.351836734693878,FALSE
RETSAT,0.351836734693878,FALSE
C20orf197,0.351836734693878,FALSE
PANX3,-0.351740696278511,FALSE
TBX3,-0.351740696278511,TRUE
TMEM87B,-0.351740696278511,FALSE
ARHGEF9,-0.351740696278511,FALSE
CTSA,-0.351740696278511,FALSE
URB1,0.351740696278511,FALSE
CNOT3,-0.351740696278511,FALSE
ODZ2,-0.351740696278511,FALSE
MYL2,0.351644657863145,FALSE
TLE1,0.351644657863145,FALSE
E2F1,-0.351644657863145,TRUE
LOC100129722,-0.351644657863145,FALSE
SERBP1,0.351644657863145,FALSE
GAS2,0.351644657863145,FALSE
CRIP3,0.351548619447779,FALSE
YTHDF3,-0.351548619447779,FALSE
LILRP2,-0.351548619447779,FALSE
CYS1,-0.351548619447779,FALSE
ZNF865,-0.351452581032413,TRUE
HSCB,-0.351452581032413,FALSE
AKR1B10,-0.351356542617047,FALSE
C10orf55,-0.351356542617047,FALSE
SLC24A4,-0.351356542617047,FALSE
HIST1H4K,-0.351260504201681,FALSE
MGAT4A,-0.351260504201681,FALSE
ACTBL2,-0.351260504201681,FALSE
FAM136A,-0.351260504201681,FALSE
BCAT1,-0.351164465786315,FALSE
CAV2,0.351164465786315,FALSE
WBP5,-0.351164465786315,FALSE
ARHGEF5,0.351164465786315,FALSE
MRPL49,0.351164465786315,FALSE
MAPK4,0.351164465786315,FALSE
MED21,-0.351164465786315,FALSE
KANK3,-0.351068427370948,FALSE
C20orf106,0.351068427370948,FALSE
ZNF574,0.351068427370948,FALSE
BASP1,-0.351068427370948,FALSE
RHOT2,0.350972388955582,FALSE
MOB3C,0.350972388955582,FALSE
GALE,-0.350972388955582,FALSE
PFKFB3,0.350876350540216,FALSE
ERMAP,0.350876350540216,FALSE
APOL5,-0.350876350540216,FALSE
C20orf96,-0.35078031212485,FALSE
COQ3,-0.35078031212485,FALSE
NOXA1,0.35078031212485,FALSE
CDK6,-0.350684273709484,FALSE
LGR6,0.350684273709484,FALSE
KRT17,-0.350684273709484,FALSE
NOX4,-0.350588235294118,FALSE
RFC3,-0.350588235294118,FALSE
ELAC1,-0.350588235294118,FALSE
ENO2,0.350492196878752,FALSE
AOC4,0.350492196878752,FALSE
LOC728290,-0.350396158463385,FALSE
TCP11,-0.350396158463385,FALSE
SNORD15A,-0.350300120048019,FALSE
AGER,0.350300120048019,FALSE
BAI2,-0.350204081632653,FALSE
LOC100131551,-0.350108043217287,FALSE
HK1,0.350012004801921,FALSE
RPS27A,-0.349915966386555,FALSE
LNP1,-0.349915966386555,FALSE
LRFN5,0.349915966386555,FALSE
OR2AG2,-0.349915966386555,FALSE
XCR1,-0.349915966386555,FALSE
LOC100289094,-0.349819927971188,FALSE
AASDH,-0.349819927971188,FALSE
LOC142937,0.349819927971188,FALSE
RPS10,-0.349819927971188,FALSE
RALY,0.349819927971188,FALSE
CFB,-0.349819927971188,FALSE
GML,-0.349819927971188,FALSE
MYCNOS,-0.349723889555822,FALSE
PKDCC,0.349627851140456,FALSE
OSTC,-0.349627851140456,FALSE
LOC92659,-0.349627851140456,FALSE
BROX,-0.349627851140456,FALSE
TRIM24,-0.349627851140456,FALSE
MRI1,0.349627851140456,FALSE
ACN9,-0.34953181272509,FALSE
CD5L,0.349435774309724,FALSE
ECM1,-0.349435774309724,FALSE
TSEN15,-0.349435774309724,FALSE
CNIH4,-0.349435774309724,FALSE
SFI1,0.349435774309724,FALSE
WBSCR28,-0.349435774309724,FALSE
GNL2,-0.349339735894358,FALSE
FBXO42,0.349339735894358,FALSE
F11R,0.349339735894358,FALSE
BAG2,-0.349339735894358,FALSE
CCDC127,-0.349339735894358,FALSE
ZNF815,-0.349339735894358,FALSE
LPA,-0.349243697478992,FALSE
RGS22,0.349243697478992,FALSE
WISP1,-0.349243697478992,FALSE
TRPM5,-0.349243697478992,FALSE
SHISA8,-0.349243697478992,FALSE
FLJ46361,-0.349243697478992,FALSE
MT1B,-0.349147659063625,FALSE
C10orf26,0.349051620648259,FALSE
BOK,0.349051620648259,FALSE
LOC256483,0.349051620648259,FALSE
MAPT,0.348955582232893,FALSE
FAT2,-0.348955582232893,FALSE
GFAP,0.348955582232893,FALSE
RBL2,0.348955582232893,FALSE
DPPA3,0.348955582232893,FALSE
GRPR,0.348859543817527,FALSE
TMBIM1,0.348859543817527,FALSE
CD276,-0.348667466986795,FALSE
RPL22L1,-0.348667466986795,FALSE
RAB19,-0.348667466986795,FALSE
PTPN13,0.348667466986795,FALSE
NDUFA6,-0.348667466986795,FALSE
LOC401847,0.348667466986795,FALSE
PHF3,0.348571428571429,FALSE
TMEM8B,0.348571428571429,FALSE
VANGL1,-0.348571428571429,FALSE
DPM3,-0.348475390156062,FALSE
ZBTB22,-0.348379351740696,TRUE
LOC728445,-0.348379351740696,FALSE
GTF2F2,-0.34828331332533,FALSE
KCNMA1,-0.34828331332533,FALSE
HOXA3,0.348187274909964,TRUE
ITGBL1,-0.348187274909964,FALSE
TDG,-0.348187274909964,FALSE
SP3,-0.347995198079232,TRUE
FARSA,0.347995198079232,FALSE
MSI1,-0.347995198079232,FALSE
PRODH,0.347899159663866,FALSE
C1GALT1,-0.347899159663866,FALSE
TOM1,0.347899159663866,FALSE
CAMSAP1,0.347899159663866,FALSE
CDK3,-0.347803121248499,FALSE
LAPTM4A,-0.347803121248499,FALSE
FCRL2,0.347803121248499,FALSE
FAM27E3,0.347803121248499,FALSE
FAM48B1,-0.347707082833133,FALSE
ZNF331,0.347707082833133,TRUE
C18orf1,-0.347707082833133,FALSE
B3GNT2,-0.347707082833133,FALSE
AKAP1,0.347611044417767,FALSE
NOG,0.347611044417767,FALSE
GPR158,-0.347515006002401,FALSE
RPL23P8,-0.347515006002401,FALSE
C1orf143,-0.347515006002401,FALSE
SPAG5,-0.347418967587035,FALSE
RBM17,0.347418967587035,FALSE
CCDC22,0.347418967587035,FALSE
RTN1,0.347322929171669,FALSE
MLF1IP,-0.347226890756303,FALSE
PTPN6,0.347226890756303,FALSE
LOC386758,0.347226890756303,FALSE
ARMCX1,-0.347226890756303,FALSE
HK2,0.347130852340936,FALSE
OLFML2B,-0.347130852340936,FALSE
TUBB8,0.347130852340936,FALSE
MAP4K1,0.347130852340936,FALSE
GUCY1B3,-0.347130852340936,FALSE
PVRL4,-0.347130852340936,FALSE
TPM1,-0.34703481392557,FALSE
LRRC3C,-0.34703481392557,FALSE
SCD5,-0.34703481392557,FALSE
INPP4B,-0.34703481392557,FALSE
KCNMB2,-0.34703481392557,FALSE
DTHD1,0.34703481392557,FALSE
ANXA2,-0.346938775510204,FALSE
TSHR,-0.346938775510204,FALSE
CLOCK,-0.346842737094838,TRUE
NSUN2,0.346842737094838,FALSE
LRRC48,0.346842737094838,FALSE
OTUD3,0.346842737094838,FALSE
CYLD,0.346842737094838,FALSE
LOC152274,-0.346842737094838,FALSE
CHIC1,-0.346746698679472,FALSE
UBXN10,-0.346746698679472,FALSE
PNPLA4,0.346650660264106,FALSE
CT62,-0.346650660264106,FALSE
SLC22A10,-0.346554621848739,FALSE
CISD1,-0.346458583433373,FALSE
HOXC9,-0.346458583433373,TRUE
LOC100292905,-0.346458583433373,FALSE
HSP90AB6P,0.346458583433373,FALSE
PKHD1L1,-0.346458583433373,FALSE
AHR,-0.346266506602641,TRUE
ZSCAN1,-0.346266506602641,TRUE
CRY2,0.346266506602641,FALSE
TNFRSF4,0.346266506602641,FALSE
GPT2,0.346266506602641,FALSE
LOC100129397,0.346266506602641,FALSE
LINC00264,0.346266506602641,FALSE
MAN2B2,0.346266506602641,FALSE
FAM54A,-0.346170468187275,FALSE
SRRM3,-0.346170468187275,FALSE
PEX26,-0.346074429771909,FALSE
FAM189B,-0.346074429771909,FALSE
AFF4,0.346074429771909,FALSE
BCAM,0.345978391356543,FALSE
MOCS1,0.345978391356543,FALSE
SCNM1,-0.345978391356543,FALSE
SNX21,0.345882352941177,FALSE
WBSCR27,0.345882352941177,FALSE
TXNIP,0.345882352941177,FALSE
NS3BP,0.34578631452581,FALSE
MRPL34,-0.345690276110444,FALSE
LOC100131733,-0.345690276110444,FALSE
RPS20P27,-0.345594237695078,FALSE
PSME3,0.345402160864346,FALSE
EID2,-0.345402160864346,FALSE
ALX3,-0.345402160864346,TRUE
GABPA,-0.34530612244898,TRUE
LCN8,-0.34530612244898,FALSE
LRRC24,0.34530612244898,FALSE
CA5BP1,-0.345210084033613,FALSE
SPPL2B,-0.345210084033613,FALSE
PVT1,-0.345210084033613,FALSE
PCYOX1L,-0.345210084033613,FALSE
GIMAP7,0.345210084033613,FALSE
KIAA1407,0.345210084033613,FALSE
RFPL3,-0.345114045618247,FALSE
GKAP1,0.345114045618247,FALSE
CIT,-0.345018007202881,FALSE
GSX1,-0.345018007202881,TRUE
ANKRD40,0.345018007202881,FALSE
SRD5A1,-0.344921968787515,FALSE
NDUFS5,-0.344921968787515,FALSE
RDH11,-0.344921968787515,FALSE
SNAPC4,0.344825930372149,FALSE
GOLM1,-0.344729891956783,FALSE
PEMT,0.344729891956783,FALSE
DEDD2,0.344729891956783,FALSE
BBOX1,0.344729891956783,FALSE
RARRES2,0.344729891956783,FALSE
COL3A1,-0.344633853541417,FALSE
SNCB,-0.344633853541417,FALSE
SULT1B1,-0.344633853541417,FALSE
NCCRP1,-0.344633853541417,FALSE
C9orf64,-0.344633853541417,FALSE
FNBP1,0.344633853541417,FALSE
LOC730091,-0.344633853541417,FALSE
DBNL,0.34453781512605,FALSE
FBXO5,-0.344441776710684,FALSE
SLC30A1,-0.344441776710684,FALSE
DDX19B,0.344441776710684,FALSE
RUNX2,-0.344441776710684,TRUE
RIN2,-0.344441776710684,FALSE
HEMK1,0.344441776710684,FALSE
PTCHD2,-0.344441776710684,FALSE
GAB3,0.344345738295318,FALSE
REV1,0.344345738295318,FALSE
TTN,-0.344249699879952,FALSE
CTSC,-0.344249699879952,FALSE
C17orf76,-0.344249699879952,FALSE
CRLS1,-0.344249699879952,FALSE
GRM2,0.344249699879952,FALSE
MYOM1,0.344153661464586,FALSE
COL6A1,-0.344153661464586,FALSE
RDH5,0.344153661464586,FALSE
SLC25A24,-0.344153661464586,FALSE
ZNF792,-0.344153661464586,TRUE
GRIK3,-0.344153661464586,FALSE
ADAM23,-0.344153661464586,FALSE
LOC390660,-0.34405762304922,FALSE
TFR2,-0.34405762304922,FALSE
PEX19,0.343961584633854,FALSE
C3orf43,-0.343961584633854,FALSE
TRAF4,-0.343865546218487,FALSE
C14orf91,0.343769507803121,FALSE
GTF2H1,-0.343769507803121,FALSE
ZSCAN29,0.343769507803121,TRUE
RAB21,-0.343673469387755,FALSE
AGPHD1,-0.343673469387755,FALSE
LOC441268,0.343673469387755,FALSE
FUCA2,-0.343673469387755,FALSE
NTSR1,-0.343673469387755,FALSE
LHX2,-0.343577430972389,TRUE
ROR1,-0.343577430972389,FALSE
TGIF2,0.343577430972389,TRUE
C14orf165,-0.343481392557023,FALSE
RHBDL2,-0.343481392557023,FALSE
FLJ40039,-0.343481392557023,FALSE
HHIPL1,-0.343481392557023,FALSE
ACP1,-0.343481392557023,FALSE
GRAMD3,0.343481392557023,FALSE
HIST1H2AL,-0.343385354141657,FALSE
RAB18,-0.343385354141657,FALSE
CLK3,0.343385354141657,FALSE
MAP2K1,0.343289315726291,FALSE
HIST1H4D,-0.343193277310924,FALSE
GRID1,-0.343193277310924,FALSE
MCHR1,-0.343097238895558,FALSE
MAP4K2,0.343097238895558,FALSE
FLJ44511,0.343097238895558,FALSE
DOK5,-0.343001200480192,FALSE
GH1,-0.343001200480192,FALSE
HRH1,-0.343001200480192,FALSE
RIOK3,-0.342905162064826,FALSE
CNOT7,-0.342905162064826,FALSE
RETNLB,-0.342905162064826,FALSE
LOC401431,0.34280912364946,FALSE
HARBI1,-0.34280912364946,FALSE
TGFBR2,0.34280912364946,FALSE
GPBAR1,0.342713085234094,FALSE
NRXN1,0.342713085234094,FALSE
L3MBTL2,0.342713085234094,FALSE
C9orf148,-0.342617046818728,FALSE
PPP1R2,-0.342521008403361,FALSE
ISCA1,-0.342521008403361,FALSE
C16orf62,-0.342521008403361,FALSE
LOC100128198,0.342521008403361,FALSE
FBXO22-AS1,-0.342521008403361,FALSE
ACO1,0.342424969987995,FALSE
ARHGAP21,0.342424969987995,FALSE
CEP57L1,-0.342328931572629,FALSE
MAPK12,0.342328931572629,FALSE
IDH3G,0.342328931572629,FALSE
ADCK3,0.342232893157263,FALSE
DOCK9,0.342136854741897,FALSE
NAG20,-0.342040816326531,FALSE
GLOD4,-0.341944777911165,FALSE
SEPT7P2,0.341944777911165,FALSE
DQX1,-0.341944777911165,FALSE
EXOSC6,0.341848739495798,FALSE
ZNF177,0.341848739495798,TRUE
DKFZP586K1520,0.341752701080432,FALSE
DDX17,0.341656662665066,FALSE
C2orf43,-0.3415606242497,FALSE
DAG1,0.3415606242497,FALSE
GBP6,-0.341464585834334,FALSE
ALAS1,0.341464585834334,FALSE
CCDC154,0.341464585834334,FALSE
PSMD11,0.341464585834334,FALSE
C9orf100,-0.341368547418968,FALSE
ZNF107,-0.341368547418968,FALSE
HSDL1,0.341368547418968,FALSE
ZFP2,0.341368547418968,TRUE
ST6GAL2,-0.341272509003601,FALSE
TACC3,-0.341272509003601,FALSE
IL18BP,0.341272509003601,FALSE
NCAPG,-0.341272509003601,FALSE
RIOK2,-0.341272509003601,FALSE
ZNF684,-0.341176470588235,TRUE
SPRN,-0.341080432172869,FALSE
C12orf54,0.341080432172869,FALSE
CASP7,-0.340984393757503,FALSE
DHX9,0.340984393757503,FALSE
KRT20,-0.340888355342137,FALSE
LOC100130372,-0.340888355342137,FALSE
NUF2,-0.340792316926771,FALSE
PRMT6,-0.340792316926771,FALSE
SERPINC1,0.340792316926771,FALSE
HAND2,-0.340792316926771,TRUE
SLC20A2,-0.340696278511405,FALSE
PDCL2,-0.340696278511405,FALSE
CAPN1,0.340696278511405,FALSE
TMEM158,-0.340600240096038,FALSE
LRRC34,0.340600240096038,FALSE
OR5AU1,-0.340600240096038,FALSE
DLST,0.340600240096038,FALSE
COQ10A,0.340600240096038,FALSE
STARD8,0.340504201680672,FALSE
SLC39A1,0.340504201680672,FALSE
ZNF664,0.340504201680672,TRUE
FBXL12,0.340504201680672,FALSE
MSGN1,-0.340504201680672,TRUE
PSMD5,-0.340408163265306,FALSE
ECHDC2,0.340408163265306,FALSE
WDFY3,0.340408163265306,FALSE
FUT3,0.340408163265306,FALSE
CRLF2,-0.34031212484994,FALSE
THOC5,0.34031212484994,FALSE
TM7SF2,0.340216086434574,FALSE
BEST1,0.340216086434574,FALSE
SRG7,-0.340120048019208,FALSE
LRRC71,-0.340024009603842,FALSE
HMGN2,-0.340024009603842,FALSE
FZD5,0.340024009603842,FALSE
NSUN7,0.340024009603842,FALSE
TMEM234,-0.339927971188475,FALSE
RPS7,-0.339927971188475,FALSE
C1orf177,-0.339927971188475,FALSE
KIFC1,-0.339831932773109,FALSE
EXTL1,0.339831932773109,FALSE
TCF3,0.339831932773109,TRUE
TRIAP1,-0.339735894357743,FALSE
PDP1,-0.339735894357743,FALSE
NANOS1,0.339639855942377,FALSE
CLEC16A,-0.339639855942377,FALSE
ASCL3,-0.339639855942377,TRUE
SGK1,-0.339543817527011,FALSE
MFSD1,-0.339543817527011,FALSE
CELA3A,-0.339543817527011,FALSE
MS4A2,-0.339543817527011,FALSE
XG,-0.339447779111645,FALSE
KCNJ13,-0.339447779111645,FALSE
PLXDC2,-0.339447779111645,FALSE
GNAZ,-0.339447779111645,FALSE
LOC100129840,-0.339447779111645,FALSE
LOC441177,-0.339447779111645,FALSE
TIMM8A,-0.339351740696279,FALSE
CDCP1,-0.339255702280912,FALSE
MBOAT7,0.339255702280912,FALSE
C16orf95,-0.339255702280912,FALSE
LOC100129763,-0.339255702280912,FALSE
TM4SF4,-0.339255702280912,FALSE
GSTM2P1,0.339159663865546,FALSE
FLJ46020,-0.33906362545018,FALSE
ZNF768,0.33906362545018,TRUE
CRELD2,-0.33906362545018,FALSE
TC2N,0.33906362545018,FALSE
MCM7,0.338967587034814,FALSE
METTL7B,-0.338967587034814,FALSE
SLC6A11,-0.338967587034814,FALSE
GJA1,-0.338871548619448,FALSE
XRCC6,-0.338871548619448,FALSE
G0S2,0.338871548619448,FALSE
NRG4,-0.338775510204082,FALSE
OR9A2,-0.338775510204082,FALSE
C9orf21,-0.338679471788716,FALSE
PTP4A2,0.338679471788716,FALSE
APBB1IP,0.338679471788716,FALSE
OR5M3,-0.338679471788716,FALSE
ALDH4A1,0.338583433373349,FALSE
SELP,-0.338583433373349,FALSE
LOC100128737,-0.338487394957983,FALSE
MTHFD2L,0.338487394957983,FALSE
MMRN1,0.338487394957983,FALSE
ZNF812,-0.338391356542617,FALSE
PALLD,-0.338391356542617,FALSE
SAMD3,0.338199279711885,FALSE
NPY1R,0.338199279711885,FALSE
ZNF2,-0.338199279711885,FALSE
APCS,-0.338199279711885,FALSE
LOC554206,0.338199279711885,FALSE
TMEM133,0.338199279711885,FALSE
CEACAM18,0.338199279711885,FALSE
SNORD124,-0.338199279711885,FALSE
PDCD4,0.338103241296519,FALSE
LSM1,-0.338103241296519,FALSE
NXT2,-0.338103241296519,FALSE
SUMF2,-0.338103241296519,FALSE
TTC9B,-0.338007202881152,FALSE
LOC120824,-0.338007202881152,FALSE
SCN11A,0.337911164465786,FALSE
RPL32,-0.337911164465786,FALSE
LOC91948,-0.33781512605042,FALSE
C17orf70,0.33781512605042,FALSE
LOC100129138,0.33781512605042,FALSE
MAGT1,-0.337719087635054,FALSE
LINC00472,0.337719087635054,FALSE
CRLF3,-0.337623049219688,FALSE
ECH1,0.337623049219688,FALSE
ELL2,-0.337527010804322,FALSE
LOC100132731,-0.337527010804322,FALSE
LOC728743,0.337527010804322,FALSE
CCNB1,-0.337430972388956,FALSE
NOMO1,-0.337430972388956,FALSE
TMEM44,-0.337430972388956,FALSE
CTBP1,0.337430972388956,FALSE
LY6G6E,-0.337334933973589,FALSE
PGLS,-0.337334933973589,FALSE
LOC100130930,0.337334933973589,FALSE
SOX21,-0.337334933973589,TRUE
HIST1H2AE,-0.337238895558223,FALSE
FBXL19,-0.337238895558223,FALSE
TMEM39A,-0.337238895558223,FALSE
LOC100509378,-0.337238895558223,FALSE
RPH3A,-0.337142857142857,FALSE
PDGFRL,-0.337054911379538,FALSE
TTC12,-0.337046818727491,FALSE
TCTEX1D2,-0.337046818727491,FALSE
ACTN3,0.336950780312125,FALSE
HSD17B13,0.336950780312125,FALSE
SKA1,-0.336854741896759,FALSE
KRT5,0.336854741896759,FALSE
SLC2A4,0.336854741896759,FALSE
MXD3,-0.336758703481393,TRUE
SLC9A3,-0.336758703481393,FALSE
EVX2,-0.336758703481393,TRUE
DHX57,-0.33656662665066,FALSE
WWP2,0.33656662665066,FALSE
LOC254896,-0.33656662665066,FALSE
LOC338799,0.33656662665066,FALSE
TERC,-0.336470588235294,FALSE
SLC16A12,-0.336374549819928,FALSE
TWIST1,-0.336278511404562,TRUE
STK4,-0.336278511404562,FALSE
SIGLEC14,-0.336278511404562,FALSE
PSMB4,-0.336278511404562,FALSE
RPGRIP1,0.336278511404562,FALSE
ATXN7L3,0.336182472989196,FALSE
HIVEP2,0.336182472989196,TRUE
FBXO38,0.33608643457383,FALSE
RAB6B,0.33608643457383,FALSE
HIST1H2BG,-0.335990396158463,FALSE
ADAMDEC1,-0.335990396158463,FALSE
MAPK1,-0.335894357743097,FALSE
ERICH1,0.335894357743097,FALSE
LASP1,0.335894357743097,FALSE
OR1S2,-0.335894357743097,FALSE
CIRH1A,0.335798319327731,FALSE
BBS7,-0.335798319327731,FALSE
FASTKD1,-0.335798319327731,FALSE
BRAT1,0.335798319327731,FALSE
C3orf14,-0.335702280912365,FALSE
ITIH2,-0.335702280912365,FALSE
IL15,0.335702280912365,FALSE
ITGAL,0.335702280912365,FALSE
LDHD,0.335702280912365,FALSE
BAMBI,-0.335606242496999,FALSE
SNHG4,-0.335606242496999,FALSE
OR9Q2,-0.335606242496999,FALSE
SDC2,-0.335606242496999,FALSE
RABGAP1,-0.335510204081633,FALSE
GUCA2B,-0.335510204081633,FALSE
SLC13A2,0.335510204081633,FALSE
GPRC6A,-0.3353181272509,FALSE
CCDC82,0.3353181272509,FALSE
RDH13,0.3353181272509,FALSE
GPD1L,0.3353181272509,FALSE
IGFALS,-0.335222088835534,FALSE
SRRD,-0.335222088835534,FALSE
IL11RA,0.335222088835534,FALSE
SEC24B,0.335126050420168,FALSE
ISX,-0.335030012004802,TRUE
C3orf35,0.335030012004802,FALSE
INSL3,-0.335030012004802,FALSE
LIN9,-0.334933973589436,FALSE
CD40,0.334933973589436,FALSE
LOC202025,0.334933973589436,FALSE
ADRB1,0.334933973589436,FALSE
DLEC1,0.334741896758703,FALSE
GPX3,0.334741896758703,FALSE
LOC283335,-0.334645858343337,FALSE
TBC1D2B,0.334645858343337,FALSE
NOBOX,-0.334645858343337,TRUE
MAPK8IP3,0.334645858343337,FALSE
TOX2,0.334645858343337,FALSE
HIST2H4A,-0.334645858343337,FALSE
PLIN4,0.334645858343337,FALSE
LOC257396,-0.334549819927971,FALSE
NDUFV1,0.334549819927971,FALSE
FGGY,-0.334549819927971,FALSE
CUL7,0.334549819927971,FALSE
CHRNA10,0.334453781512605,FALSE
CASK,-0.334357743097239,FALSE
MYO1F,0.334261704681873,FALSE
TAP2,0.334261704681873,FALSE
DNAJC9,-0.334261704681873,FALSE
C6orf138,-0.334165666266507,FALSE
KRBOX1,-0.334165666266507,FALSE
C10orf113,0.334165666266507,FALSE
HSPA6,0.33406962785114,FALSE
C16orf57,-0.333973589435774,FALSE
DKFZp451B082,-0.333973589435774,FALSE
ZNF816,-0.333973589435774,TRUE
FBN2,-0.333973589435774,FALSE
SLC26A2,-0.333877551020408,FALSE
STMN1,-0.333877551020408,FALSE
HSD3B2,-0.333877551020408,FALSE
PLXNB2,0.333877551020408,FALSE
CDHR2,-0.333781512605042,FALSE
TRIM59,-0.333781512605042,FALSE
SPINK8,-0.333781512605042,FALSE
RYR2,-0.333781512605042,FALSE
FBF1,0.333685474189676,FALSE
EFCAB1,0.333685474189676,FALSE
PRKCDBP,-0.333685474189676,FALSE
FAM65C,0.33358943577431,FALSE
LOC100287314,-0.333493397358944,FALSE
NCBP1,-0.333493397358944,FALSE
RICTOR,0.333493397358944,FALSE
PEX12,-0.333493397358944,FALSE
GTF3C6,-0.333397358943577,FALSE
LMAN1,-0.333397358943577,FALSE
RNF166,0.333301320528211,FALSE
TRAF3IP2,0.333301320528211,FALSE
LOC285375,-0.333301320528211,FALSE
PITPNB,0.333301320528211,FALSE
AGPAT9,0.333301320528211,FALSE
KLHL20,-0.333205282112845,FALSE
ZBTB16,0.333205282112845,TRUE
EEF1E1,-0.333205282112845,FALSE
OR12D2,-0.333205282112845,FALSE
LCK,0.333109243697479,FALSE
AP3M2,0.333109243697479,FALSE
TCEA2,0.333013205282113,FALSE
PRO0628,0.333013205282113,FALSE
KY,-0.333013205282113,FALSE
ZC3H12D,0.332917166866747,FALSE
C16orf78,-0.332917166866747,FALSE
FAM190B,0.332917166866747,FALSE
DDX51,-0.332821128451381,FALSE
NMNAT2,0.332821128451381,FALSE
CRTAM,0.332821128451381,FALSE
CTSB,-0.332725090036014,FALSE
SRP14,-0.332725090036014,FALSE
NPM1,-0.332725090036014,FALSE
IGFBPL1,-0.332725090036014,FALSE
TLR10,0.332725090036014,FALSE
LOC100131796,0.332629051620648,FALSE
MT1E,-0.332629051620648,FALSE
PLIN5,0.332629051620648,FALSE
ZNF646,0.332629051620648,TRUE
C1orf229,-0.332629051620648,FALSE
SMARCA4,-0.332533013205282,FALSE
VRK2,-0.332533013205282,FALSE
POP4,-0.332533013205282,FALSE
OR6M1,-0.332533013205282,FALSE
KCNV2,-0.332533013205282,FALSE
ATP1B1,-0.332533013205282,FALSE
LOC100506930,0.332436974789916,FALSE
NME2,-0.332244897959184,TRUE
HTRA2,0.332244897959184,FALSE
HIF1A,-0.332148859543818,TRUE
L3MBTL3,0.332148859543818,FALSE
VRK3,0.332148859543818,FALSE
KLHL5,0.332052821128451,FALSE
INSIG2,-0.332052821128451,FALSE
LYRM4,-0.332052821128451,FALSE
CETN3,-0.332052821128451,FALSE
LOC497257,0.331956782713085,FALSE
CCDC6,-0.331956782713085,FALSE
NECAP2,-0.331956782713085,FALSE
SNED1,-0.331956782713085,FALSE
LOC285181,0.331956782713085,FALSE
TTC39C,0.331860744297719,FALSE
MRPL3,-0.331860744297719,FALSE
SLC6A1,0.331764705882353,FALSE
TAPT1,0.331668667466987,FALSE
KRT19,-0.331668667466987,FALSE
SLC25A47,-0.331668667466987,FALSE
CDX1,-0.331572629051621,TRUE
RNASE13,-0.331572629051621,FALSE
COL22A1,-0.331572629051621,FALSE
MT2A,-0.331476590636255,FALSE
ITGA11,-0.331380552220888,FALSE
ATP2A3,0.331380552220888,FALSE
KCNE1,-0.331380552220888,FALSE
SEMA4C,0.331380552220888,FALSE
TRNT1,-0.331284513805522,FALSE
NFATC4,0.331284513805522,TRUE
PPCS,-0.331284513805522,FALSE
HAAO,-0.331188475390156,FALSE
HDGFRP2,-0.331188475390156,FALSE
CYGB,-0.331188475390156,FALSE
RBBP9,-0.331188475390156,FALSE
ACAP1,0.33109243697479,FALSE
POLR2E,-0.33109243697479,FALSE
RCN2,-0.33109243697479,FALSE
CDK5R2,-0.33109243697479,FALSE
PLAC2,0.33109243697479,FALSE
HSF1,-0.330996398559424,TRUE
GOLIM4,-0.330996398559424,FALSE
UNQ6494,-0.330900360144058,FALSE
OR51F1,-0.330900360144058,FALSE
SLC7A10,0.330900360144058,FALSE
LOC100190938,0.330804321728692,FALSE
RAP2B,-0.330804321728692,FALSE
PIP4K2C,-0.330804321728692,FALSE
C22orf13,0.330708283313325,FALSE
GLRX3,-0.330708283313325,FALSE
CYB5B,0.330708283313325,FALSE
CLIC4,-0.330708283313325,FALSE
PPFIBP1,-0.330708283313325,FALSE
IL17F,-0.330708283313325,FALSE
GOLGA5,-0.330612244897959,FALSE
MRGPRG,-0.330612244897959,FALSE
CHST9-AS1,-0.330612244897959,FALSE
OR2A42,-0.330516206482593,FALSE
USMG5,-0.330516206482593,FALSE
CBLB,0.330516206482593,FALSE
UPF1,0.330420168067227,FALSE
CD1B,-0.330420168067227,FALSE
FAM174A,-0.330324129651861,FALSE
MIOX,-0.330324129651861,FALSE
PIGO,0.330324129651861,FALSE
LAMA1,-0.330324129651861,FALSE
DEPDC7,-0.330324129651861,FALSE
TREM1,-0.330228091236495,FALSE
OR10K2,-0.330228091236495,FALSE
BCO2,0.330228091236495,FALSE
PSPH,-0.330228091236495,FALSE
RRBP1,-0.330132052821128,FALSE
WIF1,0.330132052821128,FALSE
ZBTB26,-0.330132052821128,TRUE
RPL14,-0.330036014405762,FALSE
CYB5R4,-0.329939975990396,FALSE
SCRIB,0.329939975990396,FALSE
FADD,-0.329939975990396,FALSE
C11orf75,-0.32984393757503,FALSE
CCDC120,0.32984393757503,FALSE
KCNJ5,-0.329747899159664,FALSE
PPP6R1,-0.329651860744298,FALSE
STXBP2,0.329651860744298,FALSE
CHD1L,-0.329651860744298,FALSE
KITLG,0.329651860744298,FALSE
ZNF512B,0.329651860744298,TRUE
AGPAT4-IT1,0.329651860744298,FALSE
KIAA0226L,0.329651860744298,FALSE
CST7,0.329555822328932,FALSE
LCOR,0.329555822328932,FALSE
DUSP7,-0.329555822328932,FALSE
OR5A2,-0.329555822328932,FALSE
CORO1A,0.329459783913565,FALSE
MGAT5,-0.329459783913565,FALSE
CDK5RAP1,0.329459783913565,FALSE
NAAA,0.329459783913565,FALSE
ARSB,-0.329459783913565,FALSE
LOC90834,0.329459783913565,FALSE
TARSL2,0.329459783913565,FALSE
DUSP11,-0.329363745498199,FALSE
GEMIN6,-0.329363745498199,FALSE
POU2F1,0.329363745498199,TRUE
PROC,-0.329363745498199,FALSE
LOC439951,-0.329363745498199,FALSE
EXOSC4,-0.329267707082833,FALSE
PEA15,0.329267707082833,FALSE
RPS3A,-0.329267707082833,FALSE
TMEM22,0.329267707082833,FALSE
FHIT,-0.329171668667467,FALSE
SDPR,0.329171668667467,FALSE
BICC1,-0.329075630252101,FALSE
LINS,0.329075630252101,FALSE
COPS8,-0.328979591836735,FALSE
DNAJA3,0.328979591836735,FALSE
PKP3,-0.328883553421369,FALSE
ATP6V1E2,-0.328883553421369,FALSE
TTLL10,0.328787515006002,FALSE
LOC100216545,-0.328787515006002,FALSE
RSL1D1,-0.328691476590636,FALSE
EHD2,0.328691476590636,FALSE
CD47,-0.328691476590636,FALSE
NGF,-0.328691476590636,FALSE
FNBP4,0.328691476590636,FALSE
LOC339568,-0.328691476590636,FALSE
UAP1L1,0.328691476590636,FALSE
AQP10,-0.328691476590636,FALSE
ALKBH7,-0.32859543817527,FALSE
DRG2,0.32859543817527,FALSE
PKIG,-0.328499399759904,FALSE
MIPEP,0.328403361344538,FALSE
NUDT9P1,0.328403361344538,FALSE
RRP36,-0.328307322929172,FALSE
ZNHIT6,0.328307322929172,FALSE
CNTROB,0.328211284513806,FALSE
NDUFS6,-0.328211284513806,FALSE
FGF23,0.328115246098439,FALSE
IBA57,0.328115246098439,FALSE
FBXW5,0.328019207683073,FALSE
AGBL1,-0.328019207683073,FALSE
PMAIP1,-0.327923169267707,FALSE
TNFSF13B,-0.327923169267707,FALSE
TMEM219,-0.327923169267707,FALSE
KLHL21,0.327923169267707,FALSE
PSTK,-0.327923169267707,FALSE
KLRG1,0.327827130852341,FALSE
LOC100130463,0.327827130852341,FALSE
SNHG7,0.327827130852341,FALSE
HCK,0.327827130852341,FALSE
HSD17B12,-0.327731092436975,FALSE
ZNF511,0.327731092436975,TRUE
LMNA,-0.327635054021609,FALSE
SSX3,-0.327635054021609,FALSE
FAM122C,0.327635054021609,FALSE
OR4X1,-0.327539015606243,FALSE
SIN3A,0.327539015606243,FALSE
MSL1,-0.327539015606243,FALSE
MAP4K4,0.327539015606243,FALSE
ZSWIM2,-0.327539015606243,FALSE
POLR1E,0.327442977190876,FALSE
SORD,-0.327442977190876,FALSE
NOTCH3,0.327442977190876,FALSE
H1FOO,-0.327442977190876,FALSE
FAM108B1,-0.32734693877551,FALSE
HARS,0.32734693877551,FALSE
MGC57346,0.32734693877551,FALSE
KRT222,0.32734693877551,FALSE
XRCC3,-0.327250900360144,FALSE
NSD1,0.327250900360144,FALSE
LOC613266,-0.327250900360144,FALSE
ATOH8,0.327154861944778,TRUE
PSD4,0.327154861944778,FALSE
PYCARD,-0.327154861944778,FALSE
COG5,-0.327154861944778,FALSE
SLC25A6,-0.327154861944778,FALSE
TMEM99,-0.327154861944778,FALSE
FAM105A,-0.327058823529412,FALSE
SCG5,-0.327058823529412,FALSE
CYP17A1,-0.327058823529412,FALSE
HNF4A,-0.327058823529412,TRUE
PAX1,-0.326962785114046,TRUE
EIF3H,-0.326962785114046,FALSE
GRIN2D,-0.326962785114046,FALSE
ARHGAP29,0.326866746698679,FALSE
DKFZp547G183,0.326866746698679,FALSE
PIK3C2G,-0.326866746698679,FALSE
CXCR7,0.326866746698679,FALSE
SPEN,-0.326770708283313,FALSE
LOC284379,-0.326770708283313,FALSE
MT1H,-0.326674669867947,FALSE
BLOC1S2,-0.326674669867947,FALSE
C18orf10,-0.326674669867947,FALSE
SLC34A2,-0.326578631452581,FALSE
C3orf65,-0.326578631452581,FALSE
F12,-0.326578631452581,FALSE
UBA6,-0.326578631452581,FALSE
LAMA2,0.326578631452581,FALSE
CCDC17,0.326578631452581,FALSE
AZI2,-0.326482593037215,FALSE
SPECC1,-0.326482593037215,FALSE
G6PC3,0.326482593037215,FALSE
IDI2,-0.326482593037215,FALSE
OR51A7,-0.326482593037215,FALSE
REP15,-0.326386554621849,FALSE
C5orf43,-0.326386554621849,FALSE
KIAA0020,-0.326386554621849,FALSE
GAL3ST1,0.326386554621849,FALSE
ZNF621,-0.326290516206483,TRUE
SCGB3A2,-0.326290516206483,FALSE
SP7,-0.326290516206483,TRUE
NCOA1,0.326290516206483,FALSE
NPPB,-0.326290516206483,FALSE
A2LD1,-0.326194477791116,FALSE
PLK4,-0.326194477791116,FALSE
TCEAL8,-0.326194477791116,FALSE
ADNP2,-0.326194477791116,TRUE
UBAP1,0.326194477791116,FALSE
RTN4RL1,0.32609843937575,FALSE
SNRPD1,-0.32609843937575,FALSE
OR13C5,-0.32609843937575,FALSE
DLK1,-0.326002400960384,FALSE
WDR83,0.326002400960384,FALSE
E2F2,-0.325906362545018,TRUE
ZER1,0.325906362545018,FALSE
HIST1H2BB,-0.325810324129652,FALSE
NOTCH2NL,-0.325810324129652,FALSE
DIS3L,0.325810324129652,FALSE
PDIA4,-0.325810324129652,FALSE
DHRS13,0.325714285714286,FALSE
LOC399715,0.325714285714286,FALSE
CLSTN1,0.325714285714286,FALSE
LOC100289650,0.325714285714286,FALSE
CA11,0.32561824729892,FALSE
LOC100132363,-0.32561824729892,FALSE
LEP,0.32561824729892,FALSE
VASH2,-0.325522208883553,FALSE
TSSC4,-0.325522208883553,FALSE
ARHGAP33,0.325522208883553,FALSE
BRCA1,-0.325522208883553,FALSE
BHMT,-0.325426170468187,FALSE
THAP7,0.325426170468187,FALSE
MAB21L3,-0.325330132052821,FALSE
FOXP2,0.325330132052821,TRUE
PRADC1,-0.325234093637455,FALSE
BMP2,-0.325234093637455,FALSE
ZNF396,-0.325138055222089,TRUE
CEP41,-0.325138055222089,FALSE
TSHB,-0.325138055222089,FALSE
EDA,0.325042016806723,FALSE
TMEM27,-0.325042016806723,FALSE
MEFV,-0.324945978391357,FALSE
PKIA,-0.324945978391357,FALSE
PABPC4L,-0.324945978391357,FALSE
FUT2,0.324945978391357,FALSE
LRRC2,-0.324753901560624,FALSE
OLA1,-0.324753901560624,FALSE
MEX3D,-0.324753901560624,FALSE
KCNG4,-0.324657863145258,FALSE
ZNF556,-0.324657863145258,TRUE
TIMM9,-0.324561824729892,FALSE
IGFBP1,-0.324561824729892,FALSE
LOC153684,0.324561824729892,FALSE
KCNN2,-0.324465786314526,FALSE
DOPEY1,-0.32436974789916,FALSE
LOC648570,-0.32436974789916,FALSE
SAMHD1,-0.324273709483794,FALSE
YEATS2,-0.324273709483794,FALSE
SFXN2,0.324273709483794,FALSE
LOXL2,-0.324177671068427,FALSE
CAPZA1,-0.324177671068427,FALSE
LOH12CR1,-0.324177671068427,FALSE
CCL19,-0.324081632653061,FALSE
SSR3,-0.324081632653061,FALSE
MAPRE3,0.324081632653061,FALSE
UTP20,0.324081632653061,FALSE
LPL,0.324081632653061,FALSE
LOC100134240,-0.323985594237695,FALSE
NARF,0.323985594237695,FALSE
RAB24,0.323985594237695,FALSE
SNRPG,-0.323985594237695,FALSE
C20orf141,-0.323985594237695,FALSE
GAPDHS,-0.323985594237695,FALSE
ARAP2,0.323985594237695,FALSE
BDNF,-0.323985594237695,FALSE
CYP2D6,0.323889555822329,FALSE
RNF212,-0.323889555822329,FALSE
R3HDM2,0.323889555822329,FALSE
TXNDC9,-0.323793517406963,FALSE
OR4S1,-0.323793517406963,FALSE
RET,0.323793517406963,FALSE
ZNF778,-0.323697478991597,TRUE
ZNF124,0.323697478991597,TRUE
C11orf71,-0.323697478991597,FALSE
LINC00165,-0.323697478991597,FALSE
AKNA,0.32360144057623,FALSE
SARS,-0.32360144057623,FALSE
NDOR1,-0.32360144057623,FALSE
SYT8,-0.323505402160864,FALSE
TINAGL1,-0.323505402160864,FALSE
LOC100287879,-0.323409363745498,FALSE
SNAR-C3,0.323409363745498,FALSE
NT5C2,-0.323313325330132,FALSE
MAS1L,-0.323313325330132,FALSE
FAM196B,0.323313325330132,FALSE
AKD1,-0.323217286914766,FALSE
KIF2C,-0.323217286914766,FALSE
MRPS28,-0.323217286914766,FALSE
CFP,0.3231212484994,FALSE
SH3BGRL,-0.3231212484994,FALSE
UGGT1,-0.323025210084034,FALSE
PARP16,0.322929171668668,FALSE
EXOC5,-0.322833133253301,FALSE
LOC729732,0.322833133253301,FALSE
FKBP3,-0.322833133253301,FALSE
FAM59A,0.322833133253301,FALSE
TRRAP,0.322833133253301,FALSE
ST7-AS1,0.322833133253301,FALSE
GRM5,-0.322737094837935,FALSE
C22orf24,-0.322545018007203,FALSE
CCL7,-0.322545018007203,FALSE
LOC729870,0.322545018007203,FALSE
IRG1,-0.322545018007203,FALSE
HEXB,-0.322448979591837,FALSE
TDGF1,-0.322352941176471,FALSE
ASAH2,-0.322352941176471,FALSE
ATXN3L,-0.322256902761104,FALSE
LOC100130954,-0.322256902761104,FALSE
KCNIP4,0.322256902761104,FALSE
C3orf38,-0.322256902761104,FALSE
SKOR2,-0.322256902761104,TRUE
LOC100130357,0.322256902761104,FALSE
JAKMIP1,0.322160864345738,FALSE
LOC644339,0.322160864345738,FALSE
TCP11L1,-0.322064825930372,FALSE
BAZ2B,0.322064825930372,FALSE
PHB,0.321968787515006,FALSE
ABTB1,0.321968787515006,FALSE
CES3,-0.321968787515006,FALSE
KRTAP1-3,-0.32187274909964,FALSE
UBE2S,-0.32187274909964,FALSE
ITFG2,0.32187274909964,FALSE
NEBL,0.32187274909964,FALSE
C10orf99,-0.32187274909964,FALSE
JPX,0.321776710684274,FALSE
EHD3,-0.321776710684274,FALSE
SDR9C7,-0.321776710684274,FALSE
PDLIM4,-0.321776710684274,FALSE
GINS4,-0.321680672268908,FALSE
KCNMB3,0.321680672268908,FALSE
TIGIT,0.321584633853541,FALSE
DEFB121,-0.321584633853541,FALSE
PAPOLA,-0.321488595438175,FALSE
ZNF573,0.321488595438175,TRUE
ZNF585A,0.321488595438175,FALSE
NSL1,-0.321488595438175,FALSE
GIMAP6,0.321488595438175,FALSE
SNCG,0.321392557022809,FALSE
DEFB104B,-0.321392557022809,FALSE
PINK1,0.321392557022809,FALSE
YY1,-0.321392557022809,TRUE
GBF1,0.321392557022809,FALSE
HMGN5,-0.321392557022809,FALSE
SPDYE2,-0.321296518607443,FALSE
STEAP4,-0.321296518607443,FALSE
TARM1,-0.321296518607443,FALSE
MCART1,-0.321296518607443,FALSE
PRDM4,0.321296518607443,TRUE
LIPT1,0.321200480192077,FALSE
LOC100506136,-0.321200480192077,FALSE
FAM182B,-0.321104441776711,FALSE
LOC619207,-0.321104441776711,FALSE
SLC13A5,-0.321008403361345,FALSE
BIRC2,-0.320912364945978,FALSE
LINC00511,-0.320816326530612,FALSE
ZMYND17,-0.320816326530612,FALSE
SALL3,-0.320816326530612,TRUE
LOC100133857,-0.320816326530612,FALSE
KRTAP25-1,-0.320816326530612,FALSE
SKP1,-0.320720288115246,FALSE
C14orf159,0.320720288115246,FALSE
KCNA5,0.32062424969988,FALSE
RPS17,-0.320528211284514,FALSE
LIF,-0.320528211284514,FALSE
RASSF4,0.320528211284514,FALSE
TMEM237,-0.320432172869148,FALSE
CSTF3,-0.320432172869148,FALSE
PGAP2,-0.320432172869148,FALSE
TTC21A,0.320432172869148,FALSE
C16orf59,-0.320432172869148,FALSE
HRASLS2,-0.320336134453782,FALSE
MMP13,-0.320336134453782,FALSE
RNU2-2,-0.320240096038415,FALSE
CENPN,-0.320240096038415,FALSE
SLC25A18,0.320240096038415,FALSE
TUBGCP4,0.320240096038415,FALSE
MSI2,-0.320240096038415,FALSE
PSMA6,-0.320144057623049,FALSE
PIK3R2,-0.320144057623049,FALSE
PCDH18,-0.320048019207683,FALSE
NRN1L,0.320048019207683,FALSE
C8orf56,-0.320048019207683,FALSE
IGDCC4,-0.320048019207683,FALSE
GPR171,0.320048019207683,FALSE
ZNF823,0.320048019207683,TRUE
PLCL2,-0.319951980792317,FALSE
PIGM,-0.319951980792317,FALSE
PCDHB17,0.319951980792317,FALSE
EMR3,-0.319855942376951,FALSE
CLDN12,-0.319855942376951,FALSE
LOC642361,0.319855942376951,FALSE
PHOSPHO1,-0.319855942376951,FALSE
RAB37,-0.319759903961585,FALSE
TRNAU1AP,0.319759903961585,FALSE
PPP1R3E,0.319759903961585,FALSE
PGAM4,-0.319759903961585,FALSE
RNF122,-0.319663865546219,FALSE
C12orf59,-0.319663865546219,FALSE
MAGEL2,-0.319663865546219,FALSE
CNFN,-0.319663865546219,FALSE
C1orf168,0.319567827130852,FALSE
HIST1H2AC,-0.319567827130852,FALSE
ZC3H4,0.319567827130852,TRUE
PYY,-0.319567827130852,FALSE
OLFM4,0.319567827130852,FALSE
GGCT,-0.319471788715486,FALSE
RFC4,-0.319471788715486,FALSE
TROAP,-0.319471788715486,FALSE
OPA1,0.31937575030012,FALSE
PROX2,-0.31937575030012,TRUE
NDUFA11,-0.31937575030012,FALSE
KIAA1370,0.31937575030012,FALSE
GTSE1,-0.319279711884754,FALSE
KCNJ2,-0.319279711884754,FALSE
LOC100130171,-0.319279711884754,FALSE
WISP3,-0.319279711884754,FALSE
FAM89B,-0.319279711884754,FALSE
WEE1,-0.319279711884754,FALSE
LOC144571,0.319279711884754,FALSE
KRT19P2,-0.319183673469388,FALSE
HAS3,-0.319183673469388,FALSE
SLC23A3,0.319183673469388,FALSE
MAGEA4,-0.319183673469388,FALSE
RASL10B,-0.319087635054022,FALSE
ABCA2,0.319087635054022,FALSE
GFPT1,0.319087635054022,FALSE
CELSR2,0.319087635054022,FALSE
C1orf61,-0.318991596638656,FALSE
TOR1AIP1,-0.318991596638656,FALSE
NID2,-0.318991596638656,FALSE
RAD51AP1,-0.318991596638656,FALSE
ASXL1,-0.318991596638656,FALSE
ZMYM2,0.318991596638656,FALSE
LOC345051,0.318991596638656,FALSE
LCE2A,-0.318991596638656,FALSE
SH3PXD2A,-0.318895558223289,FALSE
CBX2,-0.318895558223289,FALSE
C2orf18,0.318895558223289,FALSE
TAS2R13,-0.318895558223289,FALSE
KAZN,0.318799519807923,FALSE
SLC30A3,-0.318799519807923,FALSE
LOC284578,0.318703481392557,FALSE
GEMIN8,0.318703481392557,FALSE
MOGAT1,0.318703481392557,FALSE
MAL2,0.318607442977191,FALSE
ERO1L,-0.318607442977191,FALSE
FAM83D,-0.318511404561825,FALSE
MECP2,-0.318511404561825,FALSE
NDE1,0.318511404561825,FALSE
DNAJC15,-0.318511404561825,FALSE
CD79A,-0.318415366146459,FALSE
TIGD2,-0.318415366146459,FALSE
LOC100128019,0.318415366146459,FALSE
PRAM1,0.318319327731092,FALSE
LOC554223,-0.318319327731092,FALSE
DSTNP2,-0.318319327731092,FALSE
CDK2AP2,0.318319327731092,FALSE
CD28,-0.318319327731092,FALSE
TAS2R60,-0.318223289315726,FALSE
ZDHHC4,-0.318223289315726,FALSE
CADPS2,-0.318223289315726,FALSE
ESRRA,0.31812725090036,TRUE
IRF1,0.31812725090036,TRUE
MAPKAPK5,0.31812725090036,FALSE
LOC100129042,0.31812725090036,FALSE
RPL8,-0.318031212484994,FALSE
GPR137B,-0.318031212484994,FALSE
TAG,-0.318031212484994,FALSE
LDHC,-0.317935174069628,FALSE
ATP6V1C2,-0.317935174069628,FALSE
DEFA11P,-0.317935174069628,FALSE
GSDMC,-0.317839135654262,FALSE
NUDCD2,-0.317839135654262,FALSE
MARCKS,-0.317839135654262,FALSE
NDNL2,0.317839135654262,FALSE
SHMT1,0.317839135654262,FALSE
PEX14,0.317839135654262,FALSE
GPR150,-0.317839135654262,FALSE
PAQR7,-0.317839135654262,TRUE
SPINK7,-0.317743097238896,FALSE
STX2,-0.317743097238896,FALSE
UEVLD,-0.317743097238896,FALSE
CCDC53,-0.317743097238896,FALSE
VCL,0.317743097238896,FALSE
C17orf69,-0.317647058823529,FALSE
LOC100128348,0.317551020408163,FALSE
DPEP2,0.317551020408163,FALSE
COX7A1,-0.317454981992797,FALSE
ELMOD1,-0.317454981992797,FALSE
HES5,-0.317454981992797,TRUE
GUCA1B,0.317454981992797,FALSE
ZSWIM5,0.317454981992797,FALSE
MEI1,0.317454981992797,FALSE
QARS,-0.317358943577431,FALSE
GPX4,0.317358943577431,FALSE
C12orf5,-0.317358943577431,FALSE
ARHGEF37,0.317358943577431,FALSE
OR6V1,-0.317262905162065,FALSE
RPS25,-0.317262905162065,FALSE
RBM42,0.317262905162065,FALSE
CTC1,0.317262905162065,FALSE
IFT74,-0.317262905162065,FALSE
CATSPER1,-0.317262905162065,FALSE
MRPL21,-0.317262905162065,FALSE
CXCR6,0.317262905162065,FALSE
RASD1,0.317262905162065,FALSE
MT1A,-0.317166866746699,FALSE
SLC36A4,-0.317166866746699,FALSE
HN1,-0.317070828331333,FALSE
TBC1D10B,-0.316974789915966,FALSE
KCND3,-0.316974789915966,FALSE
NCEH1,-0.316974789915966,FALSE
POU3F1,-0.316974789915966,TRUE
LOC100131094,-0.3168787515006,FALSE
OR1A2,-0.3168787515006,FALSE
PRKAB1,0.3168787515006,FALSE
TRIM52,0.316782713085234,FALSE
RAMP1,-0.316782713085234,FALSE
P2RX4,-0.316686674669868,FALSE
LOC100131000,0.316686674669868,FALSE
ARSF,-0.316686674669868,FALSE
DHH,-0.316686674669868,FALSE
LOC93444,-0.316686674669868,FALSE
KLRC3,0.316590636254502,FALSE
BDH1,-0.316590636254502,FALSE
TM6SF2,-0.316590636254502,FALSE
EXD2,-0.316494597839136,FALSE
C22orf36,0.316494597839136,FALSE
PASD1,-0.316494597839136,FALSE
TNNC1,-0.31639855942377,FALSE
SLC22A8,-0.31639855942377,FALSE
IRX3,0.31639855942377,TRUE
PYY2,-0.31639855942377,FALSE
PEX11B,0.31639855942377,FALSE
UBE2W,-0.316302521008403,FALSE
LUZP1,0.316302521008403,FALSE
IQCC,0.316302521008403,FALSE
RCOR2,-0.316302521008403,FALSE
SYN2,0.316206482593037,FALSE
DCAF13,-0.316206482593037,FALSE
SNORA78,-0.316206482593037,FALSE
IRF2,0.316206482593037,TRUE
THAP2,-0.316206482593037,FALSE
ADARB2,-0.316110444177671,FALSE
NMNAT1,-0.316110444177671,FALSE
FAM95B1,0.316110444177671,FALSE
ZNF474,-0.316014405762305,FALSE
NME1,-0.316014405762305,FALSE
SPATS2L,-0.316014405762305,FALSE
ZNF544,0.316014405762305,FALSE
C19orf23,-0.316014405762305,FALSE
HMGN3,-0.315918367346939,FALSE
SPANXN4,-0.315918367346939,FALSE
PRRG3,-0.315918367346939,FALSE
NECAB1,0.315918367346939,FALSE
CDK5,-0.315918367346939,FALSE
WDR12,-0.315822328931573,FALSE
CBR1,-0.315822328931573,FALSE
MCM10,-0.315822328931573,FALSE
OR6Y1,-0.315822328931573,FALSE
SOX11,-0.315822328931573,TRUE
HP1BP3,-0.315726290516206,FALSE
HEATR8,-0.315726290516206,FALSE
C17orf97,-0.31563025210084,FALSE
HIST1H2BL,-0.31563025210084,FALSE
S100A2,-0.31563025210084,FALSE
LOC388692,-0.31563025210084,FALSE
SRPX,-0.31563025210084,FALSE
IL1F10,-0.315534213685474,FALSE
RFPL4B,-0.315534213685474,FALSE
NUDT17,0.315534213685474,FALSE
ATP5L2,-0.315438175270108,FALSE
COBL,-0.315438175270108,FALSE
C1orf170,-0.315342136854742,FALSE
HPS6,-0.315342136854742,FALSE
HMGCR,-0.315342136854742,FALSE
ARPM1,-0.315342136854742,FALSE
DPP10,0.315342136854742,FALSE
ISYNA1,0.315246098439376,FALSE
XPO5,0.315246098439376,FALSE
TMEM191A,-0.315246098439376,FALSE
CCDC102A,0.315246098439376,FALSE
LOC100506036,0.315246098439376,FALSE
SYTL2,-0.31515006002401,FALSE
C19orf29,-0.31515006002401,FALSE
PEG3-AS1,-0.315054021608643,FALSE
ST6GALNAC2,0.315054021608643,FALSE
GTF2H5,-0.315054021608643,FALSE
LOC729291,0.315054021608643,FALSE
LOXL3,-0.315054021608643,FALSE
TAF4,0.314957983193277,FALSE
C4orf19,0.314957983193277,FALSE
GNAO1,0.314861944777911,FALSE
KIN,-0.314861944777911,FALSE
LOC100128338,-0.314861944777911,FALSE
RNGTT,0.314861944777911,FALSE
B3GNT1,0.314861944777911,FALSE
PDE3B,0.314861944777911,FALSE
RPP40,-0.314765906362545,FALSE
SLIRP,-0.314765906362545,FALSE
CKAP2L,-0.314669867947179,FALSE
RIMKLB,0.314669867947179,FALSE
OTOS,-0.314669867947179,FALSE
CHIC2,-0.314669867947179,FALSE
CD8A,0.314669867947179,FALSE
LAMC3,0.314669867947179,FALSE
FBXL8,-0.314573829531813,FALSE
FAU,-0.314573829531813,FALSE
PDIK1L,-0.314477791116447,FALSE
HERC3,0.314477791116447,FALSE
PDRG1,0.314477791116447,FALSE
LOC283761,-0.314477791116447,FALSE
NEFH,-0.314477791116447,FALSE
QPCTL,0.314477791116447,FALSE
ABCB9,0.31438175270108,FALSE
RELL1,-0.31438175270108,FALSE
EIF4EBP1,-0.31438175270108,FALSE
CCDC33,-0.31438175270108,FALSE
RPL37,0.31438175270108,FALSE
GPR156,-0.31438175270108,FALSE
CAPN6,-0.314285714285714,FALSE
TMEM33,-0.314285714285714,FALSE
C8orf44,0.314285714285714,FALSE
CIDEA,0.314285714285714,FALSE
RBMXL1,0.314189675870348,FALSE
ACTL6A,-0.314189675870348,FALSE
THAP10,-0.314189675870348,FALSE
NAALAD2,0.314189675870348,FALSE
KLHL1,-0.314093637454982,FALSE
TBX1,0.314093637454982,TRUE
PTGFR,-0.314093637454982,FALSE
SLC15A4,-0.314093637454982,FALSE
LOC283547,-0.314093637454982,FALSE
KCNK15,-0.314093637454982,FALSE
MTERFD3,0.314093637454982,FALSE
LOC401588,0.314093637454982,FALSE
C18orf8,0.313997599039616,FALSE
MYCT1,0.313997599039616,FALSE
SBK2,-0.31390156062425,FALSE
TRIM6,-0.31390156062425,FALSE
SQRDL,-0.31390156062425,FALSE
FAM83A,-0.313805522208884,FALSE
FAM173A,-0.313805522208884,FALSE
IZUMO4,0.313805522208884,FALSE
RNF144A,-0.313709483793517,FALSE
KIF18A,-0.313613445378151,FALSE
KCTD16,-0.313613445378151,FALSE
PDLIM2,0.313613445378151,FALSE
HPX-2,-0.313613445378151,FALSE
LOC154761,0.313613445378151,FALSE
MRAP,0.313613445378151,FALSE
NEIL3,-0.313517406962785,FALSE
CD79B,0.313517406962785,FALSE
DCHS1,0.313517406962785,FALSE
DCP1A,0.313517406962785,FALSE
BGLAP,-0.313517406962785,FALSE
LRRK1,0.313421368547419,FALSE
ACVR2B,0.313421368547419,FALSE
CATSPER4,-0.313421368547419,FALSE
MGC4294,-0.313325330132053,FALSE
LOC285629,-0.313325330132053,FALSE
C19orf80,0.313325330132053,FALSE
C9orf3,-0.313325330132053,FALSE
MKS1,0.313325330132053,FALSE
PPAT,-0.313325330132053,FALSE
ANGPTL5,-0.313325330132053,FALSE
LOC401052,0.313229291716687,FALSE
DUS2L,0.313229291716687,FALSE
ECE2,-0.313133253301321,FALSE
PRLHR,-0.313133253301321,FALSE
AQP7,0.313133253301321,FALSE
DAO,-0.313037214885954,FALSE
MAGEB17,-0.313037214885954,FALSE
LMF2,-0.313037214885954,FALSE
NPY5R,0.312941176470588,FALSE
NFIA,0.312941176470588,TRUE
LOC440900,0.312941176470588,FALSE
NMNAT3,0.312941176470588,FALSE
CDH8,-0.312845138055222,FALSE
UBA2,0.312845138055222,FALSE
LYZL2,-0.312845138055222,FALSE
KIAA0748,-0.312749099639856,FALSE
BIRC7,-0.312749099639856,FALSE
SMAD5,-0.312749099639856,TRUE
FABP4,0.312749099639856,FALSE
TRMT1,0.31265306122449,FALSE
C8orf73,-0.31265306122449,FALSE
CROCCP2,0.312557022809124,FALSE
LOC100190986,0.312557022809124,FALSE
OR2F1,-0.312557022809124,FALSE
ZNF664-FAM101A,-0.312557022809124,FALSE
RRH,-0.312460984393757,FALSE
EMILIN3,0.312460984393757,FALSE
WSCD2,0.312460984393757,FALSE
ADAMTSL2,-0.312364945978391,FALSE
TMEM185A,0.312364945978391,FALSE
TJP2,-0.312268907563025,FALSE
NUDT18,-0.312268907563025,FALSE
SPATA6,0.312268907563025,FALSE
SF3B5,-0.312268907563025,FALSE
TCAM1P,-0.312268907563025,FALSE
OSBP,0.312172869147659,FALSE
MSX2,-0.312076830732293,TRUE
CACNA1H,0.312076830732293,FALSE
TOMM70A,0.312076830732293,FALSE
PDAP1,-0.311980792316927,FALSE
ABHD12,0.311980792316927,FALSE
KLHL33,-0.311980792316927,FALSE
PTHLH,-0.311980792316927,FALSE
SULT1E1,-0.311980792316927,FALSE
SPIN1,0.311884753901561,FALSE
FMO3,0.311884753901561,FALSE
ASB13,0.311884753901561,FALSE
EML1,-0.311884753901561,FALSE
DDX26B,0.311884753901561,FALSE
LOC644285,0.311788715486194,FALSE
RERG,-0.311788715486194,FALSE
SLC9A9,-0.311788715486194,FALSE
MED16,0.311788715486194,FALSE
B4GALT7,-0.311692677070828,FALSE
IWS1,-0.311692677070828,FALSE
DCX,-0.311692677070828,FALSE
PEG3,-0.311596638655462,TRUE
AQPEP,0.311596638655462,FALSE
LOC285943,0.311596638655462,FALSE
UBA7,0.311596638655462,FALSE
LINC00347,-0.311596638655462,FALSE
BCAS2,-0.311596638655462,FALSE
GPT,0.311596638655462,FALSE
TUBB4A,-0.311596638655462,FALSE
C13orf30,-0.311500600240096,FALSE
LOC202181,0.31140456182473,FALSE
ARSG,0.31140456182473,FALSE
CYP4Z2P,0.311308523409364,FALSE
NLN,-0.311308523409364,FALSE
LOC644083,-0.311308523409364,FALSE
C9orf106,-0.311212484993998,FALSE
DDX39B,0.311212484993998,FALSE
SUPT6H,0.311212484993998,FALSE
CTAGE15P,0.311212484993998,FALSE
LIN54,-0.311212484993998,FALSE
KIAA0947,0.311116446578632,FALSE
RHBDD2,0.311020408163265,FALSE
HDHD3,0.311020408163265,FALSE
GUCY2GP,-0.311020408163265,FALSE
EIF4G3,-0.310924369747899,FALSE
BRIP1,-0.310924369747899,FALSE
RPS6KA4,0.310924369747899,FALSE
KLRG2,-0.310924369747899,FALSE
HDX,-0.310924369747899,TRUE
PSMG2,-0.310924369747899,FALSE
ZNF57,0.310924369747899,TRUE
MYH8,-0.310924369747899,FALSE
DKFZp686M1136,0.310924369747899,FALSE
ADAM8,0.310828331332533,FALSE
TEX2,0.310828331332533,FALSE
AGBL5,0.310828331332533,FALSE
HIST1H2AH,-0.310732292917167,FALSE
NUDT8,-0.310732292917167,FALSE
NOL10,-0.310732292917167,FALSE
AURKC,-0.310732292917167,FALSE
UCN,0.310732292917167,FALSE
LOC283454,0.310732292917167,FALSE
MRPL50,-0.310636254501801,FALSE
WDR77,0.310636254501801,FALSE
RPL36AL,-0.310636254501801,FALSE
DNAJB11,-0.310540216086435,FALSE
BORA,-0.310540216086435,FALSE
SUB1,0.310540216086435,FALSE
ARL6IP4,-0.310540216086435,FALSE
RPL32P3,-0.310540216086435,FALSE
LOC100131176,0.310540216086435,FALSE
IPO11,-0.310444177671068,FALSE
ACADVL,0.310444177671068,FALSE
PDE4D,-0.310348139255702,FALSE
USP19,0.310348139255702,FALSE
MFSD6L,-0.310348139255702,FALSE
WTAP,-0.310252100840336,FALSE
PAPLN,-0.310252100840336,FALSE
FAM127C,-0.310252100840336,FALSE
STK32A,0.310252100840336,FALSE
LOC100507073,-0.31015606242497,FALSE
FLAD1,0.31015606242497,FALSE
CCRL1,0.31015606242497,FALSE
TCEAL1,-0.31015606242497,FALSE
IL36RN,-0.31015606242497,FALSE
SLC25A40,-0.310060024009604,FALSE
ANKRD20A8P,0.310060024009604,FALSE
C20orf24,-0.309963985594238,FALSE
MARCH6,0.309963985594238,FALSE
TULP3,0.309963985594238,FALSE
TIMELESS,-0.309867947178872,FALSE
TADA2B,0.309867947178872,FALSE
NDUFC1,-0.309867947178872,FALSE
DYNLT3,-0.309771908763505,FALSE
LINC00315,-0.309771908763505,FALSE
LOC100132781,-0.309771908763505,FALSE
BMP3,0.309771908763505,FALSE
HIST1H2BM,-0.309675870348139,FALSE
NOP58,-0.309675870348139,FALSE
PRR7,-0.309675870348139,FALSE
RBM22,0.309675870348139,FALSE
ZNF266,0.309579831932773,TRUE
TIPIN,-0.309579831932773,FALSE
AGPAT6,0.309579831932773,FALSE
HIST1H4H,-0.309483793517407,FALSE
FRMD3,0.309483793517407,FALSE
MALT1,0.309483793517407,FALSE
LOC100130587,-0.309387755102041,FALSE
ATP8A2,-0.309387755102041,FALSE
KRT78,-0.309387755102041,FALSE
SLC12A8,-0.309387755102041,FALSE
RAB8A,-0.309387755102041,FALSE
TMPRSS4,-0.309387755102041,FALSE
SRRM4,0.309387755102041,FALSE
MRC2,-0.309387755102041,FALSE
PEBP1,-0.309291716686675,FALSE
FAM173B,-0.309291716686675,FALSE
IL4R,-0.309195678271309,FALSE
ZNF483,-0.309195678271309,TRUE
CD93,0.309195678271309,FALSE
VPS8,0.309195678271309,FALSE
LOC728763,-0.309099639855942,FALSE
UBE2A,-0.309099639855942,FALSE
FEM1B,-0.309099639855942,FALSE
DHRS3,0.309099639855942,FALSE
NRIP1,0.309003601440576,FALSE
UCK2,-0.309003601440576,FALSE
ARL8B,-0.309003601440576,FALSE
HUS1B,0.309003601440576,FALSE
OR4F4,-0.309003601440576,FALSE
CLDN19,-0.30890756302521,FALSE
SYAP1,-0.30890756302521,FALSE
DYNC2H1,0.30890756302521,FALSE
LPPR2,0.30890756302521,FALSE
ZNF18,-0.30890756302521,TRUE
HOXA11-AS1,-0.30890756302521,FALSE
CHRNA3,0.308811524609844,FALSE
SHCBP1,-0.308811524609844,FALSE
RANBP9,-0.308811524609844,FALSE
UBXN2B,0.308811524609844,FALSE
CCDC27,-0.308811524609844,FALSE
TMEM204,0.308811524609844,FALSE
GDF2,-0.308715486194478,FALSE
MRPL15,-0.308715486194478,FALSE
FOXI2,-0.308715486194478,TRUE
C7orf51,-0.308715486194478,FALSE
ZNF730,-0.308715486194478,TRUE
EXOC3L1,-0.308619447779112,FALSE
CMTM8,-0.308619447779112,FALSE
CDADC1,0.308619447779112,FALSE
SLC16A2,0.308619447779112,FALSE
C2orf55,-0.308523409363746,FALSE
UBA3,-0.308523409363746,FALSE
CT45A5,-0.308523409363746,FALSE
NACAD,0.308523409363746,FALSE
CWC15,-0.308523409363746,FALSE
SLC25A32,-0.308523409363746,FALSE
TLCD2,0.308427370948379,FALSE
SUSD2,-0.308427370948379,FALSE
ITGB1,-0.308427370948379,FALSE
PNMAL2,0.308427370948379,FALSE
C3orf25,-0.308427370948379,FALSE
D4S234E,-0.308331332533013,FALSE
FLJ31183,-0.308331332533013,FALSE
BMP8A,0.308331332533013,FALSE
RAB26,0.308331332533013,FALSE
TUB,0.308331332533013,FALSE
PATE3,-0.308331332533013,FALSE
LOXL4,-0.308235294117647,FALSE
CLEC12B,-0.308235294117647,FALSE
RABL2A,-0.308235294117647,FALSE
AK2,-0.308235294117647,FALSE
STRN4,0.308235294117647,FALSE
PDGFRA,0.308235294117647,FALSE
NPY6R,-0.308235294117647,FALSE
RALGAPA2,0.308235294117647,FALSE
MANEA,-0.308043217286915,FALSE
SCP2,-0.308043217286915,FALSE
EMR4P,0.308043217286915,FALSE
BMPER,0.308043217286915,FALSE
GLT8D2,-0.308043217286915,FALSE
NCR1,-0.308043217286915,FALSE
RNF224,-0.308043217286915,FALSE
SHMT2,-0.308043217286915,FALSE
SPON1,0.307947178871549,FALSE
ALG5,-0.307947178871549,FALSE
TIMMDC1,-0.307947178871549,FALSE
KIAA1109,0.307851140456183,FALSE
GAS6,0.307851140456183,FALSE
LOC283392,0.307755102040816,FALSE
NHP2,-0.307755102040816,FALSE
LOC100131657,0.307755102040816,FALSE
ARID3B,0.30765906362545,FALSE
DCTN5,0.30765906362545,FALSE
GRK1,-0.30765906362545,FALSE
C20orf94,-0.30765906362545,FALSE
FAM199X,-0.307563025210084,FALSE
ICMT,-0.307563025210084,FALSE
C17orf56,0.307466986794718,FALSE
LOC339874,-0.307466986794718,FALSE
MCFD2,0.307466986794718,FALSE
APPL2,0.307466986794718,FALSE
GPR179,-0.307370948379352,FALSE
GYS1,0.307370948379352,FALSE
NOL9,0.307370948379352,FALSE
MIMT1,-0.307370948379352,FALSE
DCUN1D1,-0.307274909963986,FALSE
NAPA,0.307274909963986,FALSE
AATF,0.307274909963986,FALSE
LOC100130193,-0.307274909963986,FALSE
STUB1,0.307274909963986,FALSE
ASB2,0.307274909963986,FALSE
ORC6,-0.307178871548619,FALSE
POLD2,0.307178871548619,FALSE
NPFFR2,-0.307178871548619,FALSE
SPACA5,-0.307178871548619,FALSE
MC5R,-0.307178871548619,FALSE
RORC,0.307082833133253,TRUE
DDB2,-0.307082833133253,FALSE
CLLU1,-0.307082833133253,FALSE
CCDC152,0.307082833133253,FALSE
LOC100652995,-0.306986794717887,FALSE
ANKDD1A,0.306986794717887,FALSE
LINC00493,-0.306986794717887,FALSE
DICER1-AS,0.306986794717887,FALSE
LHFPL3,-0.306890756302521,FALSE
HIST1H2BJ,-0.306890756302521,FALSE
BRCA2,-0.306890756302521,FALSE
SYBU,0.306890756302521,FALSE
LEPREL2,-0.306890756302521,FALSE
GOLPH3,-0.306890756302521,FALSE
LOC100506127,0.306890756302521,FALSE
KIF11,-0.306794717887155,FALSE
MVK,0.306794717887155,FALSE
LOC100190939,0.306794717887155,FALSE
MILR1,-0.306698679471789,FALSE
TMEM191B,-0.306602641056423,FALSE
ADAM15,0.306602641056423,FALSE
LINC00028,-0.306602641056423,FALSE
C1orf31,-0.306602641056423,FALSE
CD3EAP,-0.306602641056423,FALSE
LCE6A,-0.306506602641056,FALSE
PSORS1C1,-0.306506602641056,FALSE
APOL4,-0.30641056422569,FALSE
CCDC164,-0.30641056422569,FALSE
CHMP5,-0.30641056422569,FALSE
TOMM7,-0.30641056422569,FALSE
ASB6,0.30641056422569,FALSE
C17orf52,-0.30641056422569,FALSE
TPO,-0.306314525810324,FALSE
CLEC1A,0.306314525810324,FALSE
LOC100128551,0.306314525810324,FALSE
TMEM154,-0.306218487394958,FALSE
PTRH1,-0.306218487394958,FALSE
GEN1,-0.306218487394958,FALSE
CARKD,-0.306218487394958,FALSE
BHLHE23,-0.306122448979592,TRUE
CHERP,0.306122448979592,FALSE
GNG4,-0.306026410564226,FALSE
RPSA,-0.306026410564226,FALSE
HMGA2,-0.306026410564226,FALSE
PRPF38A,0.306026410564226,FALSE
CDHR3,0.306026410564226,FALSE
HDC,-0.306026410564226,FALSE
GUCY2C,-0.30593037214886,FALSE
KRT10,-0.30593037214886,FALSE
ECD,-0.30593037214886,FALSE
KLRB1,0.30593037214886,FALSE
LOC338797,-0.30593037214886,FALSE
DENND2C,-0.305834333733493,FALSE
PGM2,-0.305834333733493,FALSE
LOC442132,0.305738295318127,FALSE
SH2D4A,-0.305738295318127,FALSE
THOC3,-0.305738295318127,FALSE
IL28A,-0.305738295318127,FALSE
TRIP6,0.305738295318127,FALSE
PLSCR4,0.305738295318127,FALSE
FAM60A,-0.305642256902761,FALSE
TMEM205,-0.305642256902761,FALSE
RFX7,-0.305642256902761,TRUE
HIGD1C,0.305642256902761,FALSE
GHRLOS,0.305642256902761,FALSE
UVRAG,0.305546218487395,FALSE
TSPAN6,0.305546218487395,FALSE
SETP20,-0.305546218487395,FALSE
SELENBP1,0.305546218487395,FALSE
ZC3H6,0.305546218487395,TRUE
LOC606724,0.305450180072029,FALSE
C7orf45,-0.305450180072029,FALSE
RRS1,-0.305354141656663,FALSE
CXorf30,-0.305354141656663,FALSE
C6orf165,-0.305354141656663,FALSE
PPP2R2D,0.305354141656663,FALSE
PDZK1,0.305354141656663,FALSE
APCDD1L,-0.305258103241297,FALSE
GLDC,-0.305258103241297,FALSE
FBXO22,-0.305258103241297,FALSE
ROM1,-0.305258103241297,FALSE
CCDC159,0.305258103241297,FALSE
PBX4,0.305258103241297,TRUE
GPR39,-0.305258103241297,FALSE
FAM55D,0.305258103241297,FALSE
BPIFB2,-0.30516206482593,FALSE
FLJ40434,-0.30516206482593,FALSE
TNIP1,0.30516206482593,FALSE
PIP5K1A,0.30516206482593,FALSE
MAEA,0.30516206482593,FALSE
ATAD5,-0.305066026410564,FALSE
BPHL,0.305066026410564,FALSE
WDR72,0.305066026410564,FALSE
LOC100128081,-0.305066026410564,FALSE
STARD13,-0.304969987995198,FALSE
APPL1,0.304969987995198,FALSE
KIAA1468,0.304969987995198,FALSE
ATG2B,0.304969987995198,FALSE
ARMCX4,0.304969987995198,FALSE
ABCC11,-0.304969987995198,FALSE
RNASE12,0.304969987995198,FALSE
DGKQ,0.304873949579832,FALSE
HLA-DQB2,0.304873949579832,FALSE
ST6GAL1,0.304873949579832,FALSE
RAB42,-0.304873949579832,FALSE
CASP14,-0.304873949579832,FALSE
KRT14,0.304873949579832,FALSE
EZR,-0.304777911164466,FALSE
CCDC153,0.304777911164466,FALSE
MGC42157,-0.304777911164466,FALSE
PLEKHJ1,0.304777911164466,FALSE
FAM115A,-0.3046818727491,FALSE
ISY1,-0.3046818727491,FALSE
TMEM93,-0.3046818727491,FALSE
PCDHB4,0.3046818727491,FALSE
NADSYN1,0.304585834333734,FALSE
IGF1,-0.304489795918367,FALSE
AKIRIN1,-0.304489795918367,FALSE
PAK1,-0.304489795918367,FALSE
LINC00314,0.304489795918367,FALSE
PDCD6,-0.304393757503001,FALSE
MC2R,-0.304393757503001,FALSE
PLEKHF2,-0.304297719087635,FALSE
FOXM1,-0.304297719087635,TRUE
CHMP1A,0.304201680672269,FALSE
C10orf58,0.304201680672269,FALSE
FAM175A,-0.304201680672269,FALSE
FLJ42220,0.304201680672269,FALSE
TSKS,-0.304105642256903,FALSE
NUDT19,-0.304105642256903,FALSE
TUFT1,0.304105642256903,FALSE
LOC388906,-0.304105642256903,FALSE
TGFBI,-0.30391356542617,FALSE
UXT,-0.30391356542617,FALSE
CDC6,-0.30391356542617,FALSE
AP4S1,-0.303817527010804,FALSE
NEXN,-0.303817527010804,FALSE
ALG6,-0.303817527010804,FALSE
TMEM80,0.303817527010804,FALSE
ZNF547,0.303721488595438,TRUE
C2orf61,-0.303625450180072,FALSE
PPP2R5A,0.303625450180072,FALSE
NAPB,0.303625450180072,FALSE
SMARCA5,-0.303625450180072,FALSE
ZNF697,0.303529411764706,TRUE
DPH2,0.303529411764706,FALSE
DDIT3,0.303529411764706,TRUE
PNMAL1,-0.303529411764706,FALSE
LOC643623,0.303529411764706,FALSE
LOC100131096,0.303529411764706,FALSE
HIATL1,0.30343337334934,FALSE
LIAS,-0.30343337334934,FALSE
GRXCR1,-0.30343337334934,FALSE
GABRG1,0.30343337334934,FALSE
LMO3,0.303337334933974,FALSE
CROCC,0.303337334933974,FALSE
CPE,-0.303337334933974,FALSE
RNF139,-0.303337334933974,FALSE
SHISA6,-0.303337334933974,FALSE
MMADHC,-0.303337334933974,FALSE
C1orf130,0.303337334933974,FALSE
PIGZ,0.303241296518607,FALSE
SULF1,-0.303241296518607,FALSE
BEX2,0.303241296518607,FALSE
PGAM2,-0.303241296518607,FALSE
FLJ38379,0.303241296518607,FALSE
NNAT,0.303145258103241,FALSE
SUCLG1,0.303145258103241,FALSE
C11orf73,-0.303145258103241,FALSE
TP53I3,-0.303049219687875,FALSE
BRD3,-0.303049219687875,FALSE
KRT39,-0.303049219687875,FALSE
FYCO1,0.303049219687875,FALSE
EPHA10,-0.303049219687875,FALSE
PPP1R14A,0.302953181272509,FALSE
GDF10,0.302953181272509,FALSE
SRD5A2,-0.302953181272509,FALSE
TSPY3,-0.302953181272509,FALSE
FREM1,0.302857142857143,FALSE
HIST2H2BE,-0.302761104441777,FALSE
MMGT1,-0.302761104441777,FALSE
KIAA1530,0.302761104441777,FALSE
SDHC,-0.302665066026411,FALSE
SLC7A11,-0.302665066026411,FALSE
NSMCE2,-0.302665066026411,FALSE
ASIP,-0.302665066026411,FALSE
ALKBH8,-0.302569027611044,FALSE
PRSS23,-0.302569027611044,FALSE
FRMD4A,0.302569027611044,FALSE
ZNF428,-0.302569027611044,FALSE
FBXO27,0.302569027611044,FALSE
KCNN1,-0.302569027611044,FALSE
STAC3,-0.302472989195678,FALSE
GDF6,-0.302472989195678,FALSE
TMEM223,-0.302472989195678,FALSE
TMEM151A,-0.302472989195678,FALSE
ZCCHC3,0.302472989195678,FALSE
SGTA,0.302376950780312,FALSE
PJA2,0.302376950780312,FALSE
KRTAP19-6,-0.302376950780312,FALSE
LOC644246,-0.302280912364946,FALSE
KCTD19,-0.302280912364946,FALSE
FAM71E2,-0.302280912364946,FALSE
C19orf53,-0.302280912364946,FALSE
APOA5,-0.302280912364946,FALSE
ZNF385C,0.302280912364946,FALSE
EGLN3,0.302280912364946,FALSE
ANKRD60,-0.30218487394958,FALSE
HDHD2,-0.30218487394958,FALSE
FLJ45445,0.30218487394958,FALSE
PPP2R2A,0.30218487394958,FALSE
CAPN10,0.302088835534214,FALSE
ABHD16B,-0.302088835534214,FALSE
FLNA,-0.301992797118848,FALSE
LLPH,-0.301992797118848,FALSE
FLJ42709,0.301896758703481,FALSE
ZNF29P,0.301896758703481,FALSE
LOC646498,0.301896758703481,FALSE
C20orf118,-0.301896758703481,FALSE
PGD,0.301800720288115,FALSE
MSH2,-0.301800720288115,FALSE
SLC28A1,-0.301800720288115,FALSE
PDZD7,-0.301800720288115,FALSE
RNU12,-0.301704681872749,FALSE
CBX7,-0.301704681872749,FALSE
SERPINE2,-0.301704681872749,FALSE
ZNF20,0.301704681872749,TRUE
DUSP13,-0.301704681872749,FALSE
BDP1,0.301608643457383,FALSE
LINC00466,-0.301608643457383,FALSE
PNPLA3,0.301512605042017,FALSE
LOC440742,-0.301512605042017,FALSE
PEAK1,0.301416566626651,FALSE
GPKOW,0.301416566626651,FALSE
LRRC45,-0.301320528211285,FALSE
MKX,0.301320528211285,TRUE
ANO5,-0.301224489795918,FALSE
BEND6,-0.301128451380552,FALSE
GINS3,-0.301128451380552,FALSE
C17orf62,0.301128451380552,FALSE
SEC14L6,-0.301128451380552,FALSE
SLC24A6,0.301032412965186,FALSE
C11orf87,-0.301032412965186,FALSE
LOC728178,-0.301032412965186,FALSE
TNIK,-0.301032412965186,FALSE
RP11-165H20.1,-0.301032412965186,FALSE
TRIM46,-0.30093637454982,FALSE
PLA1A,0.30093637454982,FALSE
PCDHB1,-0.30093637454982,FALSE
LRRC72,-0.300840336134454,FALSE
ACSL5,0.300840336134454,FALSE
SLC38A5,-0.300840336134454,FALSE
MRPS35,-0.300840336134454,FALSE
RPUSD2,-0.300840336134454,FALSE
NDUFA8,-0.300744297719088,FALSE
CPXM1,-0.300744297719088,FALSE
SEC23A,-0.300744297719088,FALSE
PRUNE,0.300744297719088,FALSE
KRT6B,-0.300744297719088,FALSE
KLF1,-0.300648259303721,TRUE
PTPRF,0.300648259303721,FALSE
VMO1,-0.300648259303721,FALSE
SETD7,0.300648259303721,FALSE
MYH10,0.300648259303721,FALSE
GTF3C1,0.300648259303721,FALSE
RAVER2,0.300648259303721,FALSE
ASAP2,0.300648259303721,FALSE
NUDT12,-0.300648259303721,FALSE
BMP7,-0.300552220888355,FALSE
DDB1,-0.300552220888355,FALSE
BABAM1,0.300552220888355,FALSE
SAMD9,-0.300552220888355,FALSE
PRO0611,-0.300456182472989,FALSE
ZFHX4,0.300456182472989,TRUE
FBXL2,-0.300456182472989,FALSE
ELOVL7,0.300456182472989,FALSE
MCOLN1,0.300360144057623,FALSE
CALU,-0.300264105642257,FALSE
CSNK1A1,-0.300264105642257,FALSE
ZNF32-AS3,-0.300264105642257,FALSE
LOC100653210,0.300264105642257,FALSE
HIST1H2BI,-0.300168067226891,FALSE
HCRTR1,-0.300168067226891,FALSE
GPBP1L1,0.300168067226891,TRUE
C7orf13,-0.300168067226891,FALSE
CAPN5,-0.300168067226891,FALSE
PTGES3,-0.300168067226891,FALSE
LGALSL,-0.300168067226891,FALSE
INTS3,0.300168067226891,FALSE
TRIM68,0.300168067226891,FALSE
ZNF642,-0.300072028811525,FALSE
KLHL11,-0.300072028811525,FALSE
ADAMTS18,0.299975990396159,FALSE
SRSF2,-0.299975990396159,FALSE
BAI3,0.299975990396159,FALSE
COPS3,-0.299975990396159,FALSE
OSBPL8,-0.299879951980792,FALSE
MGC34800,-0.299879951980792,FALSE
RPL19,-0.299879951980792,FALSE
RTTN,0.299879951980792,FALSE
C14orf82,-0.299879951980792,FALSE
INPP1,0.299879951980792,FALSE
C18orf54,-0.299879951980792,FALSE
PHTF2,-0.299783913565426,FALSE
SYT15,-0.299783913565426,FALSE
ZNF689,0.299783913565426,TRUE
LOC100652953,-0.299783913565426,FALSE
PTPN4,-0.29968787515006,FALSE
SELRC1,-0.29968787515006,FALSE
C19orf66,-0.29968787515006,FALSE
S100A5,-0.29968787515006,FALSE
LOC100132006,0.299591836734694,FALSE
FGFR1OP2,-0.299495798319328,FALSE
LOC100132859,-0.299495798319328,FALSE
FLJ39653,0.299495798319328,FALSE
EXPH5,-0.299495798319328,FALSE
MED6,0.299399759903962,FALSE
IGSF9,-0.299303721488595,FALSE
ZNF682,-0.299303721488595,TRUE
ANKRD30BP2,-0.299303721488595,FALSE
C18orf12,-0.299303721488595,FALSE
ATAD1,-0.299303721488595,FALSE
LRRN4,-0.299303721488595,FALSE
KRTAP10-4,-0.299303721488595,FALSE
MZT1,-0.299303721488595,FALSE
AQP5,-0.299303721488595,FALSE
LOC100129345,0.299207683073229,FALSE
CLEC4M,-0.299207683073229,FALSE
PIGS,-0.299207683073229,FALSE
FAM8A1,0.299207683073229,FALSE
LILRB1,0.299207683073229,FALSE
POU2AF1,0.299207683073229,FALSE
TFEB,-0.299111644657863,TRUE
RAB11FIP1,-0.299111644657863,FALSE
ARHGAP44,-0.299111644657863,FALSE
SMG9,0.299111644657863,FALSE
BBS4,0.299111644657863,FALSE
LOC649294,-0.299015606242497,FALSE
DPY19L3,-0.299015606242497,FALSE
C3orf26,-0.299015606242497,FALSE
RANBP1,-0.299015606242497,FALSE
MGEA5,0.299015606242497,FALSE
ADAM12,-0.298919567827131,FALSE
BCKDHA,0.298919567827131,FALSE
JDP2,-0.298919567827131,TRUE
LOC100130800,-0.298919567827131,FALSE
DNM1L,0.298823529411765,FALSE
LOC100507236,-0.298823529411765,FALSE
PCDHA3,-0.298823529411765,FALSE
GRK5,0.298727490996399,FALSE
DSG3,-0.298631452581032,FALSE
ZNF417,0.298631452581032,TRUE
KIR2DS2,0.298631452581032,FALSE
FAM126A,-0.298535414165666,FALSE
DHRS7B,-0.298535414165666,FALSE
TMEM198,0.298535414165666,FALSE
MGC70870,0.298535414165666,FALSE
TNRC6A,0.298535414165666,FALSE
WEE2,-0.298535414165666,FALSE
CCNE1,-0.2984393757503,FALSE
LOC115110,0.2984393757503,FALSE
DNAJC5,-0.2984393757503,FALSE
C3orf78,-0.2984393757503,FALSE
PROP1,-0.2984393757503,TRUE
SLC11A2,0.2984393757503,FALSE
LRCH2,0.2984393757503,FALSE
ZNF282,0.2984393757503,TRUE
RDH14,-0.298343337334934,FALSE
FAM82A2,0.298247298919568,FALSE
TUSC2,-0.298247298919568,FALSE
BAHCC1,0.298247298919568,FALSE
TNNT3,-0.298151260504202,FALSE
ATP1A1OS,-0.298151260504202,FALSE
CEACAM7,-0.298151260504202,FALSE
CREM,-0.298151260504202,TRUE
TMEM192,0.298151260504202,FALSE
SFRP5,-0.298151260504202,FALSE
HLA-DPB1,0.297959183673469,FALSE
LOC387646,-0.297959183673469,FALSE
DIRAS3,0.297959183673469,FALSE
EMB,-0.297863145258103,FALSE
BLACE,-0.297863145258103,FALSE
NPEPL1,0.297767106842737,FALSE
COL6A4P2,-0.297767106842737,FALSE
QPRT,-0.297767106842737,FALSE
SYT10,-0.297767106842737,FALSE
TNS1,0.297671068427371,FALSE
LOC100128320,0.297671068427371,FALSE
FAM22G,0.297671068427371,FALSE
GALNT2,0.297671068427371,FALSE
AP1G2,0.297575030012005,FALSE
GAA,-0.297575030012005,FALSE
FSTL4,-0.297575030012005,FALSE
C21orf59,0.297575030012005,FALSE
L3MBTL4,0.297575030012005,FALSE
C6orf108,-0.297478991596639,FALSE
C19orf52,-0.297478991596639,FALSE
MYBPH,-0.297478991596639,FALSE
LOC494150,-0.297382953181273,FALSE
WDFY4,-0.297286914765906,FALSE
RREB1,0.297286914765906,TRUE
P2RX5,-0.297286914765906,FALSE
PRHOXNB,-0.297286914765906,FALSE
OTOP1,-0.29719087635054,FALSE
RHD,0.297094837935174,FALSE
FAM75C2,-0.297094837935174,FALSE
MYH14,-0.297094837935174,FALSE
C3,0.297094837935174,FALSE
ZNF33A,-0.296998799519808,TRUE
RNF165,0.296998799519808,FALSE
ZBED1,0.296998799519808,TRUE
ANGEL1,0.296998799519808,FALSE
ZNF83,0.296902761104442,TRUE
MECOM,0.296902761104442,TRUE
SPTSSA,-0.296902761104442,FALSE
ZNF616,-0.296902761104442,TRUE
CLCN1,-0.296902761104442,FALSE
CCDC43,-0.296806722689076,FALSE
EPHB4,0.296806722689076,FALSE
OR51T1,-0.296806722689076,FALSE
KRT83,-0.296806722689076,FALSE
INSRR,-0.296806722689076,FALSE
MAN1A2,-0.29671068427371,FALSE
SPATA4,-0.29671068427371,FALSE
EHBP1L1,0.29671068427371,FALSE
COMMD7,-0.29671068427371,FALSE
PRRX1,-0.296614645858343,TRUE
TMEM87A,-0.296614645858343,FALSE
C9orf40,-0.296614645858343,FALSE
LBH,-0.296614645858343,FALSE
SLC25A34,0.296518607442977,FALSE
C16orf89,-0.296518607442977,FALSE
PTRH2,-0.296518607442977,FALSE
KLHDC8B,0.296518607442977,FALSE
YTHDC2,0.296518607442977,FALSE
OR1C1,-0.296518607442977,FALSE
KRTAP10-5,0.296422569027611,FALSE
TLK2,-0.296422569027611,FALSE
ACSL1,0.296422569027611,FALSE
USP49,-0.296422569027611,FALSE
PHGR1,-0.296422569027611,FALSE
SPTBN2,-0.296422569027611,FALSE
VNN3,-0.296326530612245,FALSE
CTDSPL2,-0.296326530612245,FALSE
SGTB,-0.296326530612245,FALSE
MIR31HG,-0.296230492196879,FALSE
DKK3,-0.296230492196879,FALSE
KDM3B,0.296230492196879,FALSE
NMUR1,0.296134453781513,FALSE
ZNF367,-0.296134453781513,TRUE
HCLS1,0.296134453781513,FALSE
CRIM1,0.296038415366146,FALSE
ANXA2P3,-0.29594237695078,FALSE
HMX1,-0.29594237695078,TRUE
TXNL4A,-0.29594237695078,FALSE
TRAPPC2L,-0.29594237695078,FALSE
ADM2,-0.295846338535414,FALSE
GPANK1,-0.295846338535414,FALSE
CENPK,-0.295846338535414,FALSE
SCAMP3,-0.295750300120048,FALSE
RANBP3,0.295750300120048,FALSE
ATP6V0E2,0.295750300120048,FALSE
PUS10,-0.295750300120048,FALSE
SNAPC2,-0.295750300120048,FALSE
CCL13,-0.295654261704682,FALSE
TBC1D3B,0.295558223289316,FALSE
PPP1R8,-0.295558223289316,FALSE
C22orf43,0.295558223289316,FALSE
LOC401176,-0.295558223289316,FALSE
BAIAP2L1,-0.29546218487395,FALSE
KCNK9,-0.29546218487395,FALSE
ZBTB5,0.29546218487395,TRUE
OR52N5,-0.295366146458583,FALSE
HIST1H3A,-0.295366146458583,FALSE
RPL22,-0.295366146458583,FALSE
C17orf100,-0.295366146458583,FALSE
GPR176,-0.295270108043217,FALSE
CES1P2,0.295270108043217,FALSE
NDUFA13,-0.295270108043217,FALSE
LSAMP,-0.295270108043217,FALSE
STK31,0.295270108043217,FALSE
NKX1-2,-0.295174069627851,TRUE
NTN3,-0.295174069627851,TRUE
JPH1,0.295174069627851,FALSE
LOC286186,-0.295174069627851,FALSE
HMBOX1,-0.295078031212485,FALSE
LOC92249,0.295078031212485,FALSE
MARVELD1,-0.295078031212485,FALSE
NDUFB5,-0.295078031212485,FALSE
GPLD1,0.295078031212485,FALSE
LOC285762,-0.295078031212485,FALSE
MAP1LC3C,-0.295078031212485,FALSE
C8orf48,-0.294981992797119,FALSE
LAGE3,-0.294981992797119,FALSE
FAM49A,-0.294981992797119,FALSE
KAT8,0.294981992797119,FALSE
LOC731424,-0.294981992797119,FALSE
SEMA3F,0.294885954381753,FALSE
TIRAP,-0.294885954381753,FALSE
EMX1,-0.294885954381753,TRUE
PIGX,-0.294885954381753,FALSE
COMMD3,-0.294885954381753,FALSE
ATP5G2,-0.294885954381753,FALSE
LOC286094,-0.294885954381753,FALSE
CMPK1,-0.294789915966387,FALSE
LOC100505635,-0.294789915966387,FALSE
AP1S2,-0.29469387755102,FALSE
LCE3C,-0.29469387755102,FALSE
SOHLH2,-0.29469387755102,TRUE
SLN,-0.294597839135654,FALSE
KIF15,-0.294597839135654,FALSE
PTAFR,-0.294597839135654,FALSE
S1PR3,-0.294597839135654,FALSE
FLRT2,0.294501800720288,FALSE
SFTPB,-0.294501800720288,FALSE
CYP2U1,-0.294405762304922,FALSE
PCDHA6,-0.294405762304922,FALSE
XPNPEP1,0.294309723889556,FALSE
LOC145757,-0.29421368547419,FALSE
VAC14,0.29421368547419,FALSE
TUBA1B,-0.29421368547419,FALSE
PGM3,-0.29421368547419,FALSE
DNAH7,0.294117647058824,FALSE
AXL,0.294021608643457,FALSE
BPGM,-0.293925570228091,FALSE
THAP4,0.293925570228091,FALSE
ZNF354A,0.293925570228091,TRUE
THAP11,0.293925570228091,TRUE
NFX1,-0.293829531812725,TRUE
PRKCA,-0.293829531812725,FALSE
DSPP,0.293733493397359,FALSE
TRIM8,0.293733493397359,FALSE
PSMB1,-0.293733493397359,FALSE
HCG18,0.293733493397359,FALSE
NPVF,-0.293733493397359,FALSE
TRPV5,-0.293733493397359,FALSE
TRIM45,0.293733493397359,FALSE
MORN1,-0.293637454981993,FALSE
CD99P1,0.293637454981993,FALSE
GPRC5B,0.293637454981993,FALSE
LMBRD1,-0.293541416566627,FALSE
MAPK10,0.293445378151261,FALSE
CSGALNACT2,-0.293445378151261,FALSE
TMPRSS2,-0.293445378151261,FALSE
RNF138P1,0.293349339735894,FALSE
LOC649201,-0.293349339735894,FALSE
B3GNT7,-0.293349339735894,FALSE
UHRF1BP1L,-0.293253301320528,FALSE
PGBD3,-0.293253301320528,FALSE
RBM26,0.293253301320528,FALSE
FBXW8,0.293253301320528,FALSE
ARMC5,-0.293157262905162,FALSE
GP9,-0.293157262905162,FALSE
ILF2,-0.293157262905162,FALSE
POU5F1,0.293157262905162,TRUE
POP7,-0.293157262905162,FALSE
PCDHB16,0.293157262905162,FALSE
LOC284939,-0.293061224489796,FALSE
IQGAP1,-0.293061224489796,FALSE
ND1,0.29296518607443,FALSE
TFPT,-0.29296518607443,FALSE
HLA-DRA,0.29296518607443,FALSE
CCDC101,0.29296518607443,FALSE
CCDC23,-0.29296518607443,FALSE
B4GALNT1,-0.29296518607443,FALSE
DUPD1,-0.292869147659064,FALSE
PPOX,0.292773109243698,FALSE
PPP1R17,0.292773109243698,FALSE
HLF,0.292773109243698,TRUE
TXNDC16,0.292773109243698,FALSE
DPY19L2P2,-0.292773109243698,FALSE
NLRP8,-0.292677070828331,FALSE
TTYH1,-0.292581032412965,FALSE
SMTN,0.292484993997599,FALSE
GRID2,-0.292484993997599,FALSE
IGLL5,0.292484993997599,FALSE
RBFOX2,-0.292388955582233,FALSE
SCARNA2,-0.292292917166867,FALSE
ITGB4,0.292292917166867,FALSE
CRYAB,0.292196878751501,FALSE
CEMP1,0.292196878751501,FALSE
SNORA70B,0.292196878751501,FALSE
CYP19A1,-0.292100840336134,FALSE
RTCD1,-0.292100840336134,FALSE
HEATR7A,-0.292100840336134,FALSE
C2orf62,-0.292100840336134,FALSE
ASXL3,0.292100840336134,FALSE
CHMP4A,0.292004801920768,FALSE
PGLYRP3,-0.292004801920768,FALSE
ZNF281,0.292004801920768,TRUE
RIPK1,-0.291908763505402,FALSE
TRIM35,-0.291908763505402,FALSE
C2orf63,-0.29171668667467,FALSE
LOC100128077,0.29171668667467,FALSE
LOC400657,-0.29171668667467,FALSE
HAR1B,-0.29171668667467,FALSE
SOX21-AS1,-0.29171668667467,FALSE
ANKS1B,-0.291620648259304,FALSE
NBEAL2,0.291524609843938,FALSE
PPP1R9B,0.291524609843938,FALSE
LOC100131910,-0.291428571428571,FALSE
MEOX1,0.291428571428571,TRUE
RCC2,-0.291428571428571,FALSE
LOC645427,-0.291428571428571,FALSE
PLBD1,-0.291428571428571,FALSE
ATAD3C,0.291428571428571,FALSE
EMR2,0.291428571428571,FALSE
FLJ43663,0.291428571428571,FALSE
LOC100130887,-0.291428571428571,FALSE
IRF4,0.291428571428571,TRUE
ARMCX2,-0.291332533013205,FALSE
NME5,-0.291332533013205,FALSE
SRP19,0.291236494597839,FALSE
PPM1D,-0.291236494597839,FALSE
GXYLT2,-0.291236494597839,FALSE
ESYT3,-0.291140456182473,FALSE
TRAPPC4,-0.291140456182473,FALSE
MVD,0.291140456182473,FALSE
SYCE1,0.291140456182473,FALSE
NELL2,0.291140456182473,FALSE
GPR19,-0.291044417767107,FALSE
C1orf51,0.291044417767107,FALSE
TEX21P,0.290948379351741,FALSE
SELK,-0.290948379351741,FALSE
TIMM50,-0.290852340936375,FALSE
LOC387647,-0.290852340936375,FALSE
RNU1-5,-0.290756302521008,FALSE
SHOX,-0.290756302521008,TRUE
POLQ,-0.290756302521008,FALSE
SERF1B,-0.290756302521008,FALSE
BOC,0.290756302521008,FALSE
PDCL3,-0.290660264105642,FALSE
EEF1B2,-0.290660264105642,FALSE
RBM10,-0.290564225690276,FALSE
B4GALT1,-0.290564225690276,FALSE
SLC41A1,0.290564225690276,FALSE
LOC158402,0.290564225690276,FALSE
HERC6,-0.29046818727491,FALSE
ASPH,0.29046818727491,FALSE
PCDHB19P,0.29046818727491,FALSE
WASF1,-0.290372148859544,FALSE
MRE11A,-0.290372148859544,FALSE
RERGL,0.290372148859544,FALSE
CACNG7,-0.290276110444178,FALSE
RIT2,-0.290276110444178,FALSE
LOC286161,0.290276110444178,FALSE
FAM177B,0.290276110444178,FALSE
C7orf65,-0.290180072028812,FALSE
MIA2,-0.290180072028812,FALSE
HEXIM2,-0.290180072028812,FALSE
NPHS2,-0.290084033613445,FALSE
CLNS1A,-0.290084033613445,FALSE
LOC286437,0.289987995198079,FALSE
KPNA1,0.289987995198079,FALSE
MOGS,-0.289987995198079,FALSE
DPM1,-0.289987995198079,FALSE
KTN1,0.289987995198079,FALSE
ANG,0.289987995198079,FALSE
GAN,-0.289891956782713,FALSE
MLX,0.289891956782713,TRUE
HES2,-0.289795918367347,TRUE
NDUFS4,-0.289795918367347,FALSE
ETV6,-0.289795918367347,TRUE
ZNF382,-0.289795918367347,TRUE
TLR3,-0.289795918367347,FALSE
NXNL1,-0.289699879951981,FALSE
CGB,-0.289699879951981,FALSE
XPO4,0.289603841536615,FALSE
CACNG3,-0.289603841536615,FALSE
ITGA3,0.289507803121249,FALSE
LOC730159,-0.289507803121249,FALSE
ZNF385A,0.289507803121249,FALSE
SF3B14,-0.289411764705882,FALSE
ANKRD11,-0.289411764705882,FALSE
IRF8,0.289411764705882,TRUE
PON3,0.289411764705882,FALSE
KLHL29,-0.289315726290516,FALSE
OR1B1,-0.289315726290516,FALSE
F2,-0.289315726290516,FALSE
PEX1,0.289315726290516,FALSE
TNFSF8,-0.289315726290516,FALSE
FLJ39639,0.28921968787515,FALSE
C22orf34,0.28921968787515,FALSE
AUH,0.28921968787515,FALSE
ZCCHC13,-0.289123649459784,FALSE
PDGFA,-0.289123649459784,FALSE
SERP2,-0.289123649459784,FALSE
TMEM106A,0.289123649459784,FALSE
PIK3R4,0.289123649459784,FALSE
METTL15,-0.289027611044418,FALSE
LOC100129534,0.289027611044418,FALSE
ELAVL3,0.289027611044418,FALSE
OR6W1P,-0.288931572629052,FALSE
LOC100130373,0.288931572629052,FALSE
CENPE,-0.288835534213685,FALSE
MLLT11,-0.288835534213685,FALSE
HCRP1,-0.288835534213685,FALSE
ND4L,-0.288835534213685,FALSE
ACTR8,-0.288835534213685,FALSE
C10orf10,0.288739495798319,FALSE
PLEKHA4,-0.288739495798319,FALSE
ALPPL2,-0.288739495798319,FALSE
PRIM2,-0.288739495798319,FALSE
TIMM17B,-0.288739495798319,FALSE
HAR1A,-0.288739495798319,FALSE
OR11H6,-0.288739495798319,FALSE
LIPK,-0.288643457382953,FALSE
NNMT,-0.288643457382953,FALSE
KANK1,0.288643457382953,FALSE
CXorf23,0.288643457382953,FALSE
TMEM63C,-0.288643457382953,FALSE
GLYR1,0.288643457382953,FALSE
ZNF581,0.288643457382953,TRUE
GRB2,0.288643457382953,FALSE
HIST1H2AK,-0.288547418967587,FALSE
RNF6,-0.288547418967587,FALSE
RXRG,0.288547418967587,TRUE
OOEP,-0.288547418967587,FALSE
FTMT,-0.288451380552221,FALSE
C10orf28,0.288451380552221,FALSE
CNN2,-0.288451380552221,FALSE
OGN,-0.288451380552221,FALSE
RPTOR,0.288355342136855,FALSE
GCM1,-0.288355342136855,TRUE
TCF12,-0.288355342136855,TRUE
HLTF,-0.288355342136855,FALSE
RNF215,-0.288355342136855,FALSE
DOK4,0.288355342136855,FALSE
OR2T1,-0.288259303721489,FALSE
CLIC5,0.288259303721489,FALSE
SLC12A7,0.288259303721489,FALSE
DLG4,-0.288259303721489,FALSE
RG9MTD1,-0.288259303721489,FALSE
LY75,0.288259303721489,FALSE
C1orf135,-0.288163265306122,FALSE
C13orf27,-0.288163265306122,FALSE
LOC100133319,0.288163265306122,FALSE
STK39,0.288067226890756,FALSE
OR10A4,0.288067226890756,FALSE
COL15A1,-0.28797118847539,FALSE
FSD1L,-0.28797118847539,FALSE
ACTN2,-0.28797118847539,FALSE
BBX,0.28797118847539,TRUE
NDUFB11,-0.28797118847539,FALSE
LOC84856,-0.287875150060024,FALSE
CDK2,-0.287875150060024,FALSE
CSDC2,0.287875150060024,FALSE
KLHL30,0.287779111644658,FALSE
RAN,-0.287779111644658,FALSE
PAPSS1,-0.287779111644658,FALSE
UNC45B,0.287683073229292,FALSE
FLJ46552,0.287683073229292,FALSE
LOC100130148,-0.287683073229292,FALSE
LOC151534,-0.287587034813926,FALSE
MAFA,-0.287587034813926,TRUE
BTBD1,-0.287587034813926,FALSE
TTC4,0.287587034813926,FALSE
CDK18,0.287490996398559,FALSE
LHFPL2,-0.287394957983193,FALSE
FLJ32063,-0.287394957983193,FALSE
CSF1,0.287394957983193,FALSE
UCHL5,-0.287298919567827,FALSE
GALNTL2,0.287298919567827,FALSE
LOC100507530,0.287298919567827,FALSE
SPOCK1,-0.287202881152461,FALSE
IL1A,-0.287202881152461,FALSE
RPS5,-0.287202881152461,FALSE
LOC100132057,0.287202881152461,FALSE
ARHGAP20,0.287106842737095,FALSE
HBXIP,-0.287106842737095,FALSE
SLC7A6,-0.287010804321729,FALSE
CDK7,-0.287010804321729,FALSE
ATP7A,-0.287010804321729,FALSE
GNPDA2,-0.287010804321729,FALSE
TOMM5,-0.287010804321729,FALSE
OR10AD1,-0.287010804321729,FALSE
C2orf44,0.287010804321729,FALSE
ALDH6A1,-0.287010804321729,FALSE
FOXD4,0.287010804321729,TRUE
JUNB,0.286914765906363,TRUE
RASSF1,-0.286914765906363,FALSE
TCEAL7,-0.286914765906363,FALSE
DEC1,-0.286914765906363,FALSE
POLG,0.286818727490996,FALSE
NME7,-0.286818727490996,FALSE
PVRL3,-0.286818727490996,FALSE
CHRFAM7A,0.286818727490996,FALSE
HK3,0.28672268907563,FALSE
SERPINF1,-0.28672268907563,FALSE
RCAN2,-0.28672268907563,FALSE
SPARCL1,0.28672268907563,FALSE
LOC729966,0.28672268907563,FALSE
STGC3,0.28672268907563,FALSE
MAZ,-0.286626650660264,TRUE
MATL2963,-0.286626650660264,FALSE
CUL4A,-0.286626650660264,FALSE
POLA1,-0.286626650660264,FALSE
DEPTOR,-0.286626650660264,FALSE
KLHDC8A,0.286530612244898,FALSE
FNBP1L,0.286530612244898,FALSE
KDM4D,0.286530612244898,FALSE
LACRT,-0.286434573829532,FALSE
CDC16,0.286434573829532,FALSE
LOC338667,-0.286434573829532,FALSE
IL32,0.286338535414166,FALSE
NAV2,0.286338535414166,FALSE
C1orf86,-0.286338535414166,FALSE
CAPRIN2,0.286338535414166,FALSE
COL19A1,0.286338535414166,FALSE
LOC100129826,-0.2862424969988,FALSE
PCSK2,0.2862424969988,FALSE
SLC4A11,-0.286146458583433,FALSE
LOC283693,0.286146458583433,FALSE
ZNF484,-0.286050420168067,FALSE
OR10A5,-0.285954381752701,FALSE
FLJ45482,0.285954381752701,FALSE
TUBB4B,0.285954381752701,FALSE
SSTR2,0.285858343337335,FALSE
TMEM56,0.285858343337335,FALSE
ARL5A,-0.285858343337335,FALSE
ZUFSP,-0.285858343337335,FALSE
ARFRP1,0.285858343337335,FALSE
SEC22A,-0.285858343337335,FALSE
KMO,-0.285858343337335,FALSE
POU4F2,-0.285858343337335,TRUE
ATAD2B,0.285762304921969,FALSE
SMAD3,0.285762304921969,TRUE
LOC100130899,0.285666266506603,FALSE
ANGPTL1,-0.285666266506603,FALSE
PDK2,0.285666266506603,FALSE
PDE4A,0.285666266506603,FALSE
OR2H2,-0.285666266506603,FALSE
FOXD3,-0.285570228091237,TRUE
SCTR,-0.285570228091237,FALSE
PCK1,0.285570228091237,FALSE
CXCL12,-0.28547418967587,FALSE
GGN,-0.28547418967587,FALSE
SMOC1,-0.28547418967587,FALSE
KIAA1522,0.28547418967587,FALSE
LOC283270,0.285378151260504,FALSE
CCIN,-0.285378151260504,FALSE
SCARNA10,-0.285282112845138,FALSE
FAM166A,-0.285282112845138,FALSE
DYRK1A,-0.285282112845138,FALSE
RHOA,-0.285282112845138,FALSE
CLK4,0.285282112845138,FALSE
OR5L2,-0.285186074429772,FALSE
LYPD5,-0.285186074429772,FALSE
KRT15,-0.285186074429772,FALSE
FDFT1,0.285186074429772,FALSE
KLK2,-0.285186074429772,FALSE
KANSL2,-0.285186074429772,FALSE
SPHKAP,-0.285186074429772,FALSE
AKT2,0.285090036014406,FALSE
CRNN,-0.285090036014406,FALSE
LOC80054,0.28499399759904,FALSE
MNT,0.28499399759904,TRUE
TTC15,0.28499399759904,FALSE
MYO9A,0.28499399759904,FALSE
AMPD2,0.28499399759904,FALSE
TTC22,-0.28499399759904,FALSE
C6orf25,-0.284897959183673,FALSE
C8orf58,-0.284897959183673,FALSE
FLYWCH1,0.284897959183673,FALSE
HAPLN2,-0.284897959183673,FALSE
ABHD16A,0.284897959183673,FALSE
C14orf34,-0.284801920768307,FALSE
CYBRD1,-0.284801920768307,FALSE
ROBO1,-0.284801920768307,FALSE
DHRS4,0.284801920768307,FALSE
STX6,0.284705882352941,FALSE
LOC647983,-0.284705882352941,FALSE
DRD5,-0.284609843937575,FALSE
OR5E1P,-0.284609843937575,FALSE
LINC00281,-0.284513805522209,FALSE
PPAP2B,0.284513805522209,FALSE
TAMM41,0.284513805522209,FALSE
TPST1,-0.284417767106843,FALSE
UNC13D,0.284417767106843,FALSE
LOC100129717,0.284417767106843,FALSE
XKR6,0.284321728691477,FALSE
CCDC116,0.284321728691477,FALSE
ENO3,0.284321728691477,FALSE
NDUFA3,-0.284321728691477,FALSE
TNPO1,0.284321728691477,FALSE
SPATA19,-0.284321728691477,FALSE
SCN9A,0.28422569027611,FALSE
PARK7,-0.28422569027611,FALSE
CUL1,0.28422569027611,FALSE
NACA2,-0.28422569027611,FALSE
RPS11,-0.28422569027611,FALSE
FAM20C,0.28422569027611,FALSE
MGC45800,-0.284129651860744,FALSE
SDC3,-0.284129651860744,FALSE
TMEM126A,-0.284129651860744,FALSE
UCP1,-0.284129651860744,FALSE
LINC00486,-0.284129651860744,FALSE
LOC100129387,0.284033613445378,FALSE
WDR45L,0.284033613445378,FALSE
USP5,0.284033613445378,FALSE
ZKSCAN5,0.284033613445378,TRUE
HS3ST2,0.284033613445378,FALSE
C14orf182,-0.284033613445378,FALSE
LOC100133089,0.284033613445378,FALSE
ATP6V1C1,-0.283937575030012,FALSE
ERP29,-0.283937575030012,FALSE
IFIT1,-0.283937575030012,FALSE
PRSS1,-0.283937575030012,FALSE
MMP23B,-0.283841536614646,FALSE
MCM3,-0.283841536614646,FALSE
LOC100130155,-0.283841536614646,FALSE
RN5-8S1,-0.283841536614646,FALSE
SMC5,0.28374549819928,FALSE
RNF14,-0.28374549819928,FALSE
ZNF204P,0.28374549819928,FALSE
AQP7P1,0.283649459783914,FALSE
CHST7,0.283649459783914,FALSE
AMT,0.283649459783914,FALSE
MRPL54,-0.283649459783914,FALSE
C6orf27,-0.283649459783914,FALSE
KRT79,-0.283553421368547,FALSE
OPRK1,0.283553421368547,FALSE
RQCD1,-0.283553421368547,FALSE
ETV2,-0.283553421368547,TRUE
RNF180,0.283553421368547,FALSE
LOC100132874,-0.283457382953181,FALSE
RARS2,-0.283457382953181,FALSE
MRPL27,-0.283457382953181,FALSE
CLDND2,0.283457382953181,FALSE
C9orf140,-0.283457382953181,FALSE
EP400NL,-0.283457382953181,FALSE
SART3,0.283457382953181,FALSE
LOC100130776,-0.283361344537815,FALSE
FANCC,-0.283361344537815,FALSE
MPP1,-0.283361344537815,FALSE
FAM110B,-0.283361344537815,FALSE
DCST2,-0.283361344537815,FALSE
SEC62,0.283361344537815,FALSE
CDCP2,-0.283361344537815,FALSE
TMEM30C,-0.283361344537815,FALSE
WNT16,-0.283265306122449,FALSE
KDELC2,-0.283265306122449,FALSE
CRYBB2,0.283265306122449,FALSE
P2RY10,-0.283265306122449,FALSE
DLEU7,-0.283265306122449,FALSE
OTOP2,-0.283265306122449,FALSE
ITGAD,-0.283169267707083,FALSE
DRAM1,0.283169267707083,FALSE
LOC389043,-0.283073229291717,FALSE
FAIM,-0.283073229291717,FALSE
MRPL33,-0.283073229291717,FALSE
UBASH3A,0.283073229291717,FALSE
TIMP2,-0.283073229291717,FALSE
TAF5L,0.283073229291717,FALSE
SLC45A4,0.283073229291717,FALSE
MLLT4,0.282977190876351,FALSE
DNAI2,-0.282977190876351,FALSE
YME1L1,-0.282977190876351,FALSE
TRMT11,0.282977190876351,FALSE
LOC613126,0.282977190876351,FALSE
C22orf46,0.282881152460984,FALSE
CALM3,-0.282881152460984,FALSE
TMEM160,-0.282881152460984,FALSE
CENPL,-0.282785114045618,FALSE
IGFBP3,0.282785114045618,FALSE
KCNA2,0.282785114045618,FALSE
LOC283731,-0.282689075630252,FALSE
RAD50,-0.282689075630252,FALSE
ZNHIT3,-0.282689075630252,FALSE
RNF135,0.282689075630252,FALSE
BEND5,0.282689075630252,FALSE
ZFAND2B,0.282689075630252,FALSE
MRPL23,-0.282593037214886,FALSE
RSG1,-0.282593037214886,FALSE
LOC100132891,-0.28249699879952,FALSE
GTF3C5,-0.28249699879952,FALSE
HIST1H4E,-0.28249699879952,FALSE
LOC100289079,-0.282400960384154,FALSE
SLC22A25,0.282400960384154,FALSE
C11orf83,-0.282304921968788,FALSE
TMEM116,0.282304921968788,FALSE
PCM1,0.282304921968788,FALSE
NFKB1,0.282304921968788,TRUE
DHFRL1,0.282304921968788,FALSE
COL10A1,-0.282208883553421,FALSE
MYOT,0.282208883553421,FALSE
ZNF569,0.282208883553421,TRUE
GRHL3,-0.282208883553421,TRUE
RHOBTB1,-0.282112845138055,FALSE
NUDT16,0.282112845138055,FALSE
RPL29,-0.282112845138055,FALSE
STAM2,-0.282112845138055,FALSE
MOCOS,-0.282016806722689,FALSE
VEGFB,0.282016806722689,FALSE
BACE1,-0.282016806722689,FALSE
B3GNT8,-0.282016806722689,FALSE
POLR2J,-0.282016806722689,FALSE
CEACAM21,-0.282016806722689,FALSE
SPEM1,-0.281920768307323,FALSE
TAB1,0.281824729891957,FALSE
PPP4R2,-0.281824729891957,FALSE
SMC6,-0.281824729891957,FALSE
TMEM176B,-0.281728691476591,FALSE
LRRFIP1,-0.281728691476591,TRUE
ANKK1,0.281728691476591,FALSE
PWRN1,0.281728691476591,FALSE
C1QTNF5,-0.281632653061225,FALSE
OGFOD2,-0.281632653061225,FALSE
WIPI2,-0.281632653061225,FALSE
ZNF317,0.281632653061225,TRUE
ITGB3BP,-0.281632653061225,FALSE
MUC16,-0.281632653061225,FALSE
DUXA,-0.281536614645858,TRUE
ACAA1,0.281536614645858,FALSE
ARL16,0.281440576230492,FALSE
TBC1D3P5,-0.281440576230492,FALSE
FAM92A1,-0.281344537815126,FALSE
NAT9,0.281344537815126,FALSE
CSNK1A1L,-0.281344537815126,FALSE
ZNF473,0.281344537815126,FALSE
NCKAP1L,0.28124849939976,FALSE
SLC37A3,-0.28124849939976,FALSE
INS-IGF2,0.28124849939976,FALSE
CNKSR3,0.281152460984394,FALSE
DTNB,0.281152460984394,FALSE
CCDC90B,-0.281152460984394,FALSE
FTSJD1,-0.281056422569028,FALSE
ZNF69,0.281056422569028,TRUE
ARFIP1,-0.281056422569028,FALSE
EIF3L,0.281056422569028,FALSE
MAPKAPK2,0.281056422569028,FALSE
FLJ26850,0.281056422569028,FALSE
TIMP4,0.281056422569028,FALSE
CADM2,0.280960384153661,FALSE
LOC652119,-0.280864345738295,FALSE
SPTLC3,-0.280768307322929,FALSE
PRKAR1A,-0.280768307322929,FALSE
MST1,0.280768307322929,FALSE
AOC2,-0.280672268907563,FALSE
ACOT4,0.280672268907563,FALSE
SOCS4,-0.280672268907563,FALSE
UBE2V1,-0.280672268907563,FALSE
CRYGD,-0.280672268907563,FALSE
KIF4A,-0.280576230492197,FALSE
CCDC124,0.280576230492197,FALSE
RGMA,0.280576230492197,FALSE
ZNF277,-0.280480192076831,FALSE
OGFOD1,-0.280480192076831,FALSE
ACADM,-0.280480192076831,FALSE
FLJ38109,0.280480192076831,FALSE
ERI2,-0.280384153661465,FALSE
GLUD2,-0.280384153661465,FALSE
STARD5,0.280384153661465,FALSE
STC1,0.280288115246098,FALSE
SLC50A1,-0.280288115246098,FALSE
SAMD4B,0.280288115246098,FALSE
KRTAP10-3,-0.280288115246098,FALSE
ZNF620,-0.280192076830732,TRUE
CCL21,0.280192076830732,FALSE
BRF2,0.280192076830732,FALSE
HLX,0.280192076830732,TRUE
LAMC2,-0.280096038415366,FALSE
ABCD4,0.280096038415366,FALSE
KIAA1009,-0.28,FALSE
CFI,-0.279903961584634,FALSE
RPL39,-0.279903961584634,FALSE
LINC00442,-0.279903961584634,FALSE
CTDNEP1,-0.279807923169268,FALSE
TCHHL1,0.279807923169268,FALSE
ARID2,0.279807923169268,FALSE
GGTLC2,-0.279807923169268,FALSE
LDHAL6A,-0.279711884753902,FALSE
SFXN1,-0.279711884753902,FALSE
RALB,-0.279711884753902,FALSE
C14orf93,-0.279711884753902,FALSE
LOC202781,0.279711884753902,FALSE
RPS20,-0.279615846338535,FALSE
PTPRE,0.279615846338535,FALSE
FZD3,0.279519807923169,FALSE
C8orf77,0.279423769507803,FALSE
TRMU,0.279423769507803,FALSE
HGFAC,-0.279423769507803,FALSE
NOVA2,0.279327731092437,FALSE
CARD16,-0.279327731092437,FALSE
SPPL2A,-0.279231692677071,FALSE
OIT3,-0.279231692677071,FALSE
MYF5,-0.279231692677071,TRUE
LOC283482,-0.279135654261705,FALSE
STXBP3,-0.279135654261705,FALSE
EBLN1,-0.279135654261705,FALSE
ZNF878,0.279039615846339,TRUE
ATP6V1A,-0.278943577430972,FALSE
TRIO,0.278847539015606,FALSE
GPN1,-0.278847539015606,FALSE
CWF19L1,0.278847539015606,FALSE
FLJ34503,0.278847539015606,FALSE
C1orf173,0.27875150060024,FALSE
LOC152217,-0.27875150060024,FALSE
HNRNPU-AS1,0.27875150060024,FALSE
ST18,-0.27875150060024,TRUE
STAMBPL1,0.27875150060024,FALSE
LOC440028,-0.27875150060024,FALSE
EPB41L3,-0.278655462184874,FALSE
CIR1,-0.278655462184874,FALSE
MRPS12,-0.278655462184874,FALSE
MAP3K3,0.278655462184874,FALSE
LOC100131929,0.278655462184874,FALSE
CAB39,-0.278559423769508,FALSE
NRSN2,-0.278463385354142,FALSE
TMBIM6,-0.278463385354142,FALSE
COX4NB,-0.278367346938776,FALSE
TRIM47,-0.278367346938776,FALSE
TREM2,-0.278271308523409,FALSE
USP10,-0.278271308523409,FALSE
MYADML,-0.278175270108043,FALSE
PACS1,0.278175270108043,FALSE
LOC440131,-0.278175270108043,FALSE
STAG3L2,0.278175270108043,FALSE
ARHGEF12,0.278175270108043,FALSE
P2RY4,-0.278175270108043,FALSE
TGM5,-0.278175270108043,FALSE
SCARNA5,-0.278079231692677,FALSE
CDK9,0.278079231692677,FALSE
ZNF93,-0.278079231692677,TRUE
TMEM55A,-0.278079231692677,FALSE
KPRP,-0.277983193277311,FALSE
WTIP,0.277983193277311,FALSE
IKZF5,0.277983193277311,TRUE
USP3,0.277983193277311,FALSE
SMAP2,0.277983193277311,FALSE
SPACA7,-0.277983193277311,FALSE
LINC00256B,-0.277887154861945,FALSE
IFNA22P,0.277887154861945,FALSE
RNF115,0.277887154861945,FALSE
ABCA13,-0.277791116446579,FALSE
SETD3,-0.277791116446579,FALSE
ZNF35,-0.277791116446579,TRUE
SCOC,-0.277791116446579,FALSE
LOC285103,-0.277791116446579,FALSE
MSX2P1,-0.277695078031212,FALSE
ZNF252,-0.277695078031212,FALSE
PRKACG,-0.277599039615846,FALSE
POLR2M,-0.277599039615846,FALSE
LPO,-0.277599039615846,FALSE
DIO2,-0.27750300120048,FALSE
YIPF5,-0.27750300120048,FALSE
SGPL1,0.27750300120048,FALSE
SLC6A8,0.277406962785114,FALSE
KLHL28,-0.277406962785114,FALSE
ARPC5L,-0.277406962785114,FALSE
TNRC6C,0.277406962785114,FALSE
LOC728875,-0.277406962785114,FALSE
STRBP,0.277406962785114,FALSE
PKD2,0.277406962785114,FALSE
PLA2G3,-0.277406962785114,FALSE
RHOXF1,0.277310924369748,TRUE
LOC100128869,-0.277310924369748,FALSE
GALNT9,-0.277310924369748,FALSE
C17orf42,-0.277310924369748,FALSE
ZNF26,0.277310924369748,FALSE
TTPA,0.277214885954382,FALSE
RTN3,0.277214885954382,FALSE
PRPS2,-0.277214885954382,FALSE
LOC400550,-0.277214885954382,FALSE
LOC100233209,0.277214885954382,FALSE
PLA2G2F,-0.277214885954382,FALSE
GALP,-0.277214885954382,FALSE
LZIC,-0.277118847539016,FALSE
CKMT1A,-0.277118847539016,FALSE
GSTA5,-0.277118847539016,FALSE
HCP5B,0.277118847539016,FALSE
SERPINB4,-0.277118847539016,FALSE
KRTAP5-9,-0.277022809123649,FALSE
LHFP,-0.277022809123649,FALSE
GUSB,-0.277022809123649,FALSE
LOC100506533,0.277022809123649,FALSE
ANTXR1,-0.276926770708283,FALSE
TMEM66,-0.276926770708283,FALSE
IDS,-0.276926770708283,FALSE
RGAG4,0.276926770708283,FALSE
CFDP1,0.276926770708283,FALSE
SEC22C,0.276926770708283,FALSE
RPS15,-0.276830732292917,FALSE
PPIEL,0.276830732292917,FALSE
STOM,0.276830732292917,FALSE
IDI1,-0.276734693877551,FALSE
LOC283553,-0.276734693877551,FALSE
OR4F6,-0.276734693877551,FALSE
PRPSAP2,0.276734693877551,FALSE
KCNJ10,0.276734693877551,FALSE
DNMT3A,-0.276638655462185,FALSE
CBY3,-0.276638655462185,FALSE
SSX8,-0.276542617046819,FALSE
VEGFA,-0.276542617046819,FALSE
POMT1,0.276446578631453,FALSE
CABLES2,0.276350540216086,FALSE
SLC26A9,0.276350540216086,FALSE
TFCP2L1,-0.27625450180072,TRUE
LIMA1,0.27625450180072,FALSE
RNF38,0.27625450180072,FALSE
EEF1G,-0.27625450180072,FALSE
POLR3B,0.27625450180072,FALSE
MAGI2-IT1,0.27625450180072,FALSE
EMP3,-0.276158463385354,FALSE
RRAS2,0.276158463385354,FALSE
KIF17,0.276062424969988,FALSE
LOC100131510,-0.275966386554622,FALSE
COX5A,-0.275870348139256,FALSE
MGST1,0.275870348139256,FALSE
ZNF34,0.27577430972389,TRUE
NDUFS2,0.27577430972389,FALSE
IQCG,-0.27577430972389,FALSE
PLD1,-0.27577430972389,FALSE
SLC26A4,0.27577430972389,FALSE
FN1,-0.275678271308523,FALSE
FAM195A,-0.275678271308523,FALSE
VAPA,-0.275678271308523,FALSE
CHCHD1,-0.275678271308523,FALSE
FGF4,-0.275678271308523,FALSE
CSF3R,0.275582232893157,FALSE
LOC644145,-0.275582232893157,FALSE
SEMA3G,0.275582232893157,FALSE
HIP1R,0.275582232893157,FALSE
SLC22A31,-0.275582232893157,FALSE
ZNFX1-AS1,-0.275582232893157,FALSE
NAGLU,0.275582232893157,FALSE
SLCO1A2,-0.275582232893157,FALSE
DIO3,0.275582232893157,FALSE
THSD4,-0.275582232893157,FALSE
CASP12,-0.275486194477791,FALSE
LOC100128993,-0.275486194477791,FALSE
CSNK1G3,-0.275486194477791,FALSE
STK19,0.275486194477791,FALSE
SLAMF8,-0.275390156062425,FALSE
FAM190A,0.275390156062425,FALSE
ARCN1,-0.275390156062425,FALSE
PKI55,0.275390156062425,FALSE
DHODH,0.275390156062425,FALSE
ITGAV,-0.275390156062425,FALSE
CITED2,0.275390156062425,FALSE
IQCB1,0.275390156062425,FALSE
TCL1B,0.275390156062425,FALSE
ABHD11-AS1,-0.275390156062425,FALSE
KRT28,-0.275294117647059,FALSE
OR6X1,-0.275294117647059,FALSE
STOX2,0.275294117647059,TRUE
ZNF829,-0.275294117647059,TRUE
ERVI-1,-0.275294117647059,FALSE
ZNF333,-0.275198079231693,TRUE
LRRTM2,-0.275198079231693,FALSE
TTC23,-0.275198079231693,FALSE
HEYL,-0.275198079231693,TRUE
TRPM2,0.275198079231693,FALSE
FAM75A2,0.275198079231693,FALSE
ARHGAP28,-0.275102040816327,FALSE
TGIF1,-0.275102040816327,TRUE
PRR19,-0.275102040816327,FALSE
FRRS1,-0.27500600240096,FALSE
ZNF516,-0.27500600240096,TRUE
PIK3R6,-0.27500600240096,FALSE
RNF133,-0.27500600240096,FALSE
TRIM69,-0.274909963985594,FALSE
PLA2R1,0.274909963985594,FALSE
SPATA17,-0.274909963985594,FALSE
SLC9A2,-0.274813925570228,FALSE
C17orf49,-0.274813925570228,FALSE
C8orf67,-0.274813925570228,FALSE
ZDHHC13,-0.274813925570228,FALSE
PTGES,-0.274717887154862,FALSE
IGSF3,-0.274717887154862,FALSE
MGC21881,-0.274717887154862,FALSE
FAAH,0.274717887154862,FALSE
LDLRAD3,0.274717887154862,FALSE
HSPB8,0.274621848739496,FALSE
LACTBL1,-0.274621848739496,FALSE
UFL1,-0.274621848739496,FALSE
GPR77,-0.274621848739496,FALSE
LOC651536,0.274621848739496,FALSE
SLC22A13,-0.274621848739496,FALSE
KLHL35,-0.27452581032413,FALSE
SMOC2,-0.27452581032413,FALSE
TTF1,0.27452581032413,FALSE
DNAH11,0.27452581032413,FALSE
ARSE,-0.27452581032413,FALSE
C17orf82,-0.274429771908764,FALSE
HOXD8,-0.274429771908764,TRUE
COPA,-0.274429771908764,FALSE
KRTAP4-12,-0.274429771908764,FALSE
LOC100133145,-0.274429771908764,FALSE
GALNT3,-0.274333733493397,FALSE
TYRO3P,-0.274333733493397,FALSE
FECH,-0.274237695078031,FALSE
SEPT7,-0.274237695078031,FALSE
BBS12,-0.274237695078031,FALSE
PPARGC1A,0.274237695078031,FALSE
LOC642781,-0.274141656662665,FALSE
BTBD18,0.274141656662665,FALSE
LRRC4B,-0.274045618247299,FALSE
ADA,-0.274045618247299,FALSE
PRR15,-0.274045618247299,FALSE
LEAP2,0.274045618247299,FALSE
TOX4,0.274045618247299,TRUE
POT1,-0.274045618247299,FALSE
MEIG1,-0.274045618247299,FALSE
JAKMIP2,-0.273949579831933,FALSE
NSRP1,0.273949579831933,FALSE
OR52K1,0.273949579831933,FALSE
LRR1,-0.273949579831933,FALSE
ARMC3,-0.273949579831933,FALSE
PLOD1,-0.273949579831933,FALSE
GGNBP2,0.273949579831933,FALSE
PSMB11,-0.273949579831933,FALSE
PADI3,0.273949579831933,FALSE
DSCC1,-0.273853541416567,FALSE
LGALS12,0.273853541416567,FALSE
IL20RB,0.273757503001201,FALSE
ZFPM2,0.273757503001201,FALSE
LOC283485,-0.273757503001201,FALSE
BOD1,0.273757503001201,FALSE
FKBP8,0.273661464585834,FALSE
RAPGEF5,0.273661464585834,FALSE
GPR141,-0.273661464585834,FALSE
LAMB2,0.273661464585834,FALSE
KCNJ16,-0.273661464585834,FALSE
C15orf29,0.273661464585834,FALSE
CLLU1OS,-0.273565426170468,FALSE
ZNF772,-0.273565426170468,TRUE
VWC2,-0.273565426170468,FALSE
CLPP,-0.273469387755102,FALSE
MFAP3L,-0.273469387755102,FALSE
C6orf81,-0.273469387755102,FALSE
PTPRVP,0.273469387755102,FALSE
HRG,-0.273469387755102,FALSE
FRG2,-0.273469387755102,FALSE
TTBK1,-0.273469387755102,FALSE
GDEP,-0.273469387755102,FALSE
GRN,-0.273469387755102,FALSE
DIRAS1,-0.273373349339736,FALSE
AFF2,-0.273373349339736,FALSE
IAPP,-0.273373349339736,FALSE
FBXW12,-0.273373349339736,FALSE
CPA1,0.27327731092437,FALSE
LOC644093,-0.27327731092437,FALSE
ZEB2,-0.27327731092437,TRUE
DONSON,0.27327731092437,FALSE
HEATR5B,0.27327731092437,FALSE
WDR31,0.27327731092437,FALSE
SCGB1C1,-0.27327731092437,FALSE
SOX17,0.273181272509004,TRUE
PPP1R1A,-0.273181272509004,FALSE
CGREF1,-0.273181272509004,FALSE
LOC645586,0.273181272509004,FALSE
ACHE,-0.273181272509004,FALSE
ZNF788,-0.273181272509004,FALSE
CAMKMT,0.273181272509004,FALSE
FMNL3,0.273181272509004,FALSE
CBX1,-0.273181272509004,FALSE
SGCG,0.273181272509004,FALSE
REXO1L1,-0.273085234093637,FALSE
TAOK2,0.273085234093637,FALSE
PURA,0.273085234093637,TRUE
NANS,-0.273085234093637,FALSE
DLG2,0.273085234093637,FALSE
RCN1,-0.272989195678271,FALSE
MEGF8,0.272989195678271,FALSE
PIGB,0.272989195678271,FALSE
FMR1NB,-0.272893157262905,FALSE
QPCT,-0.272893157262905,FALSE
VWA5A,-0.272893157262905,FALSE
KIAA1147,0.272893157262905,FALSE
FLJ30838,-0.272893157262905,FALSE
CMTM6,-0.272893157262905,FALSE
FERD3L,-0.272893157262905,TRUE
LOC728208,-0.272797118847539,FALSE
IRS2,0.272797118847539,FALSE
VPS18,-0.272701080432173,FALSE
NDUFAF3,-0.272701080432173,FALSE
C20orf166-AS1,-0.272701080432173,FALSE
FAM207A,-0.272605042016807,FALSE
ZACN,-0.272605042016807,FALSE
PPL,0.272605042016807,FALSE
CCL5,0.272605042016807,FALSE
LOC100507003,-0.272605042016807,FALSE
FAM71D,-0.272509003601441,FALSE
HAND1,-0.272509003601441,TRUE
CD101,-0.272412965186074,FALSE
CD207,0.272412965186074,FALSE
BRD4,0.272316926770708,FALSE
GLP1R,-0.272316926770708,FALSE
HIST1H2AJ,-0.272220888355342,FALSE
LY6G6F,-0.272220888355342,FALSE
ANKRD35,-0.272220888355342,FALSE
TUBA8,-0.272220888355342,FALSE
NPW,-0.272220888355342,FALSE
RARRES3,-0.272124849939976,FALSE
TDP2,-0.272124849939976,FALSE
COL4A2,-0.27202881152461,FALSE
CEACAM1,0.27202881152461,FALSE
MOXD1,-0.27202881152461,FALSE
FGF18,-0.27202881152461,FALSE
PLD3,0.271932773109244,FALSE
UPK1B,0.271932773109244,FALSE
OR2L2,-0.271836734693878,FALSE
TSR2,0.271836734693878,FALSE
FLJ35024,-0.271836734693878,FALSE
YRDC,-0.271836734693878,FALSE
LOC729173,-0.271836734693878,FALSE
MT1M,-0.271740696278511,FALSE
SLC22A11,0.271740696278511,FALSE
WIPF1,0.271740696278511,FALSE
LOC100127909,0.271740696278511,FALSE
STXBP5,-0.271740696278511,FALSE
ASB3,0.271740696278511,FALSE
C3orf24,-0.271740696278511,FALSE
MYLPF,-0.271644657863145,FALSE
PANK3,-0.271644657863145,FALSE
OSBPL1A,0.271644657863145,FALSE
RHEBL1,-0.271644657863145,FALSE
CXXC4,0.271548619447779,FALSE
IKZF3,0.271548619447779,TRUE
CCR1,-0.271548619447779,FALSE
DKFZP564C196,-0.271548619447779,FALSE
LOC100508384,-0.271548619447779,FALSE
ZNF304,0.271452581032413,TRUE
NSMCE1,-0.271452581032413,FALSE
SLC44A3,-0.271452581032413,FALSE
RTP4,-0.271452581032413,FALSE
LOC100129125,-0.271452581032413,FALSE
CLEC2L,-0.271452581032413,FALSE
C5orf27,-0.271356542617047,FALSE
ACOT11,-0.271356542617047,FALSE
HNRNPH3,0.271356542617047,FALSE
DDA1,-0.271356542617047,FALSE
FAM138D,-0.271356542617047,FALSE
OR2A12,-0.271356542617047,FALSE
PDZRN4,0.271356542617047,FALSE
CYP2C19,0.271356542617047,FALSE
LOC401490,-0.271356542617047,FALSE
LOC100499183,-0.271260504201681,FALSE
EBNA1BP2,-0.271260504201681,FALSE
PARD6B,0.271260504201681,FALSE
OR10G3,-0.271164465786315,FALSE
SEMA7A,-0.271164465786315,FALSE
CLMN,0.271164465786315,FALSE
LOC646576,-0.271164465786315,FALSE
ZNF821,0.271164465786315,TRUE
NDUFB8,-0.271164465786315,FALSE
GABRB2,-0.271164465786315,FALSE
MARCH5,0.271068427370948,FALSE
CLIP4,0.271068427370948,FALSE
PHAX,-0.271068427370948,FALSE
TRAM1,-0.271068427370948,FALSE
CDR2,0.271068427370948,FALSE
FNDC9,-0.271068427370948,FALSE
LRTM1,-0.271068427370948,FALSE
RASAL2,-0.270972388955582,FALSE
RSPH1,-0.270972388955582,FALSE
HSPA8,0.270972388955582,FALSE
ARMC10,-0.270972388955582,FALSE
LRP3,-0.270972388955582,FALSE
MYH3,0.270972388955582,FALSE
ABR,-0.270876350540216,FALSE
FERMT3,0.270876350540216,FALSE
LOC100131490,-0.270876350540216,FALSE
CRP,-0.270876350540216,FALSE
RBP4,0.270876350540216,FALSE
WWC2,-0.27078031212485,FALSE
HSP90AA2,-0.27078031212485,FALSE
PCCA,0.27078031212485,FALSE
GAS7,0.27078031212485,FALSE
HCAR3,0.27078031212485,FALSE
GAS2L3,-0.27078031212485,FALSE
OR5T3,-0.270684273709484,FALSE
SNORA75,0.270684273709484,FALSE
MTHFD1,0.270684273709484,FALSE
SHC1,0.270684273709484,FALSE
C16orf58,0.270684273709484,FALSE
ZNF592,0.270684273709484,TRUE
LOC645202,-0.270684273709484,FALSE
RPA4,-0.270588235294118,FALSE
ATP6V0B,-0.270588235294118,FALSE
SLC35B4,-0.270588235294118,FALSE
TCF19,-0.270588235294118,FALSE
LEFTY2,0.270588235294118,FALSE
LOC154860,-0.270588235294118,FALSE
DHRS1,0.270492196878752,FALSE
MAGEE1,-0.270492196878752,FALSE
LOC149950,-0.270492196878752,FALSE
LOC100129089,0.270492196878752,FALSE
ZBTB2,-0.270396158463385,TRUE
CLN6,0.270396158463385,FALSE
C5orf4,0.270396158463385,FALSE
IGF2R,0.270396158463385,FALSE
LOC255177,0.270300120048019,FALSE
TBCEL,-0.270204081632653,FALSE
AUTS2,-0.270204081632653,FALSE
EIF4E,-0.270204081632653,FALSE
FAM76B,0.270204081632653,FALSE
LOC388780,-0.270204081632653,FALSE
AZGP1,0.270108043217287,FALSE
SIRT1,0.270108043217287,FALSE
PMVK,-0.270108043217287,FALSE
C15orf24,-0.270108043217287,FALSE
JRKL,-0.270108043217287,FALSE
BCHE,-0.270012004801921,FALSE
TGM1,0.270012004801921,FALSE
LOC729305,-0.270012004801921,FALSE
MLST8,-0.270012004801921,FALSE
C10orf111,0.270012004801921,FALSE
CCDC155,-0.270012004801921,FALSE
LOC648987,-0.269915966386555,FALSE
GNB2,0.269915966386555,FALSE
DMRTC1,0.269915966386555,FALSE
C4orf36,0.269819927971188,FALSE
EN1,-0.269723889555822,TRUE
BCAR3,0.269627851140456,FALSE
FMO9P,-0.269627851140456,FALSE
ADRM1,0.26953181272509,FALSE
OPA3,0.26953181272509,FALSE
LOC401093,0.26953181272509,FALSE
SOX18,0.26953181272509,TRUE
C20orf11,0.26953181272509,FALSE
RIC8B,0.26953181272509,FALSE
BMP15,-0.26953181272509,FALSE
VMAC,-0.269435774309724,FALSE
GPR180,-0.269435774309724,FALSE
TTTY19,-0.269435774309724,FALSE
SPAM1,-0.269339735894358,FALSE
ERO1LB,-0.269339735894358,FALSE
PDE7A,-0.269339735894358,FALSE
MRVI1-AS1,-0.269339735894358,FALSE
C19orf73,-0.269243697478992,FALSE
C2orf80,-0.269243697478992,FALSE
SBNO1,-0.269243697478992,FALSE
TSSK2,-0.269243697478992,FALSE
SH3RF1,-0.269243697478992,FALSE
XK,0.269147659063625,FALSE
FAM69A,-0.269147659063625,FALSE
PINX1,-0.269147659063625,FALSE
COX5B,-0.269051620648259,FALSE
C9orf125,0.269051620648259,FALSE
PLAC1,-0.269051620648259,FALSE
CDA,-0.268955582232893,FALSE
SNX13,-0.268955582232893,FALSE
FPGS,-0.268955582232893,FALSE
PWWP2B,0.268955582232893,FALSE
C6orf99,-0.268859543817527,FALSE
ERCC4,-0.268859543817527,FALSE
WDR73,0.268859543817527,FALSE
ZNF347,0.268763505402161,TRUE
ZNF137P,0.268763505402161,FALSE
GJA9,-0.268763505402161,FALSE
TMEM123,-0.268763505402161,FALSE
ACTR6,-0.268763505402161,FALSE
SGK196,-0.268763505402161,FALSE
KNDC1,-0.268763505402161,FALSE
ZNF720,-0.268667466986795,FALSE
RAB1A,-0.268667466986795,FALSE
ABHD6,0.268667466986795,FALSE
PAOX,0.268667466986795,FALSE
GOLGA8F,0.268667466986795,FALSE
MYO16,0.268571428571429,FALSE
FTHL17,0.268571428571429,FALSE
HEPN1,0.268475390156062,FALSE
PIK3R3,0.268475390156062,FALSE
TFPI2,0.268475390156062,FALSE
PHF21A,0.268475390156062,FALSE
CHST8,-0.268475390156062,FALSE
LOC151657,0.268475390156062,FALSE
FOXD4L2,-0.268475390156062,FALSE
HTR3B,-0.268475390156062,FALSE
TCEB1,-0.268379351740696,FALSE
EIF2C1,-0.26828331332533,FALSE
REC8,0.268187274909964,FALSE
CNNM2,0.268187274909964,FALSE
BARHL1,-0.268187274909964,TRUE
TRAT1,0.268187274909964,FALSE
KIAA1257,0.268187274909964,FALSE
TBXA2R,-0.268091236494598,FALSE
FAM155A,-0.268091236494598,FALSE
GLRX5,-0.268091236494598,FALSE
MCL1,0.268091236494598,FALSE
MTMR14,0.268091236494598,FALSE
GCGR,-0.268091236494598,FALSE
PRDM13,-0.267995198079232,FALSE
NCK2,-0.267995198079232,FALSE
YPEL2,0.267995198079232,FALSE
CRLF1,-0.267995198079232,FALSE
AACS,0.267899159663866,FALSE
TWF1,-0.267899159663866,FALSE
SLC37A1,0.267899159663866,FALSE
PTPRD,-0.267899159663866,FALSE
LOC100126447,-0.267899159663866,FALSE
TSPYL5,-0.267803121248499,FALSE
KIAA1143,-0.267803121248499,FALSE
PHACTR4,0.267803121248499,FALSE
OR2A2,-0.267707082833133,FALSE
FLJ33630,-0.267707082833133,FALSE
METAP1D,-0.267707082833133,FALSE
C17orf13,0.267707082833133,FALSE
C9orf96,-0.267707082833133,FALSE
RPS6KC1,-0.267611044417767,FALSE
LOC100128361,-0.267611044417767,FALSE
ST7,-0.267611044417767,FALSE
OR13H1,-0.267515006002401,FALSE
EFNA1,0.267515006002401,FALSE
KERA,-0.267515006002401,FALSE
HS3ST3B1,-0.267515006002401,FALSE
XIAP,-0.267418967587035,FALSE
IBTK,-0.267418967587035,FALSE
IQCA1,0.267322929171669,FALSE
LOC149773,-0.267322929171669,FALSE
C6orf186,-0.267322929171669,FALSE
TBC1D29,-0.267322929171669,FALSE
WASH1,-0.267226890756303,FALSE
PLAGL2,0.267226890756303,TRUE
MEST,0.267226890756303,FALSE
SNORA16B,0.267226890756303,FALSE
CTDSPL,0.267226890756303,FALSE
FLJ12825,-0.267130852340936,FALSE
ATP8,-0.267130852340936,FALSE
RAET1K,-0.267130852340936,FALSE
TNP2,-0.267130852340936,FALSE
IDH3B,0.267130852340936,FALSE
NBR1,-0.267130852340936,FALSE
OR52E8,-0.26703481392557,FALSE
LOC100132069,0.26703481392557,FALSE
SUGP1,0.26703481392557,FALSE
DOCK10,-0.26703481392557,FALSE
VN1R3,0.266938775510204,FALSE
CMYA5,0.266938775510204,FALSE
LOC100505890,-0.266938775510204,FALSE
ANXA6,0.266842737094838,FALSE
C19orf25,-0.266842737094838,FALSE
LOC100131180,0.266842737094838,FALSE
ZDHHC3,0.266746698679472,FALSE
TMEM45B,-0.266746698679472,FALSE
CD86,-0.266650660264106,FALSE
CYP2S1,-0.266650660264106,FALSE
MNS1,-0.266650660264106,FALSE
LOC284798,0.266650660264106,FALSE
ELP3,-0.26655462184874,FALSE
MAFG,0.26655462184874,TRUE
RCAN3,-0.26655462184874,FALSE
TGFB1I1,-0.266458583433373,FALSE
RCSD1,0.266458583433373,FALSE
KCMF1,0.266458583433373,FALSE
RPL23A,-0.266458583433373,FALSE
PVRIG,0.266362545018007,FALSE
HSP90AB4P,-0.266362545018007,FALSE
LOC100507205,-0.266362545018007,FALSE
CAV1,0.266362545018007,FALSE
TMEM164,0.266266506602641,FALSE
RRP12,0.266266506602641,FALSE
THOC7,-0.266266506602641,FALSE
TECRL,0.266266506602641,FALSE
PEBP4,-0.266170468187275,FALSE
SPAG16,-0.266170468187275,FALSE
MTERF,-0.266170468187275,FALSE
CDK19,-0.266170468187275,FALSE
HBD,0.266170468187275,FALSE
IL2RA,-0.266074429771909,FALSE
PLEK2,-0.266074429771909,FALSE
PTPLA,0.266074429771909,FALSE
DHX34,0.266074429771909,FALSE
STX7,-0.265978391356543,FALSE
LOC646862,-0.265978391356543,FALSE
SPR,-0.265978391356543,FALSE
LYSMD4,0.265978391356543,FALSE
ZNF43,0.265978391356543,FALSE
DCN,-0.265978391356543,FALSE
S100A3,-0.265882352941176,FALSE
DKFZp566F0947,0.265882352941176,FALSE
KIAA1462,0.265882352941176,FALSE
BRE,-0.265882352941176,FALSE
CLCN7,0.265882352941176,FALSE
C14orf178,0.265882352941176,FALSE
LOC285593,-0.265882352941176,FALSE
SPNS3,-0.26578631452581,FALSE
CAMSAP3,-0.26578631452581,FALSE
LOC100130027,0.26578631452581,FALSE
ANKRD44,0.26578631452581,FALSE
UBAC1,0.265690276110444,FALSE
LOC151658,-0.265594237695078,FALSE
RILP,0.265594237695078,FALSE
METTL11B,-0.265594237695078,FALSE
ISM1,-0.265594237695078,FALSE
SFRP4,0.265594237695078,FALSE
GOLGA2P2Y,0.265498199279712,FALSE
KIAA1598,-0.265498199279712,FALSE
RPS23,-0.265498199279712,FALSE
TBP,0.265498199279712,FALSE
FLJ10489,-0.265402160864346,FALSE
LOC100505564,0.26530612244898,FALSE
GPR137,0.26530612244898,FALSE
LOC147727,0.26530612244898,FALSE
CAPZB,0.265210084033614,FALSE
SLC4A9,-0.265210084033614,FALSE
SPANXA1,-0.265210084033614,FALSE
ARHGEF40,0.265114045618247,FALSE
ZNRF2,-0.265114045618247,FALSE
KIR2DL2,0.265114045618247,FALSE
GGCX,-0.265114045618247,FALSE
C1orf98,0.265114045618247,FALSE
FAM71E1,-0.265018007202881,FALSE
SNX14,-0.265018007202881,FALSE
LINC00251,0.265018007202881,FALSE
TRAPPC5,-0.265018007202881,FALSE
AP1M1,0.265018007202881,FALSE
EVI2B,-0.264921968787515,FALSE
KLHDC10,-0.264921968787515,FALSE
DYRK2,-0.264921968787515,FALSE
C19orf33,-0.264921968787515,FALSE
EXD3,0.264825930372149,FALSE
MRPS11,-0.264825930372149,FALSE
GRIP1,-0.264825930372149,FALSE
ANXA3,0.264729891956783,FALSE
FAM86A,0.264729891956783,FALSE
RRAD,0.264729891956783,FALSE
HOXA6,0.264633853541417,TRUE
SALL4,0.264633853541417,TRUE
UTS2D,0.26453781512605,FALSE
LOC100509490,-0.26453781512605,FALSE
C12orf76,0.26453781512605,FALSE
SGCE,-0.26453781512605,FALSE
CYP26B1,0.26453781512605,FALSE
LSM10,-0.26453781512605,FALSE
AQP12A,-0.26453781512605,FALSE
PNMT,0.264441776710684,FALSE
GMEB1,0.264441776710684,TRUE
CHD7,0.264441776710684,FALSE
LOC286367,0.264345738295318,FALSE
S100A7,-0.264345738295318,FALSE
POMGNT1,-0.264345738295318,FALSE
UBR3,0.264345738295318,FALSE
TAS2R42,0.264345738295318,FALSE
CHRNA1,-0.264345738295318,FALSE
PLS1,-0.264249699879952,FALSE
LOC728342,0.264153661464586,FALSE
C3orf55,0.264153661464586,FALSE
CCL27,-0.264153661464586,FALSE
ARF3,0.264153661464586,FALSE
MKL1,-0.264153661464586,FALSE
SLC20A1,-0.264153661464586,FALSE
BTBD9,-0.26405762304922,FALSE
SNRPN,0.26405762304922,FALSE
LIPE,0.26405762304922,FALSE
TBXAS1,-0.263961584633854,FALSE
KLF6,0.263865546218487,TRUE
SSBP4,0.263865546218487,FALSE
APPBP2,0.263865546218487,FALSE
ATF7IP2,0.263865546218487,FALSE
PRPH,0.263865546218487,FALSE
OR2J3,-0.263865546218487,FALSE
LOC100131635,0.263769507803121,FALSE
ECE1,0.263769507803121,FALSE
IDO2,0.263769507803121,FALSE
TMEM60,-0.263673469387755,FALSE
SLC10A7,-0.263673469387755,FALSE
ARPP19,-0.263673469387755,FALSE
C9orf82,-0.263673469387755,FALSE
SYT13,-0.263577430972389,FALSE
EIF4ENIF1,-0.263577430972389,FALSE
LOC283665,-0.263577430972389,FALSE
CMTM2,0.263481392557023,FALSE
ADAMTS6,-0.263481392557023,FALSE
UBXN1,0.263481392557023,FALSE
FAM83G,0.263481392557023,FALSE
SLC35D1,-0.263481392557023,FALSE
LOC388242,0.263481392557023,FALSE
FOLR4,-0.263481392557023,FALSE
SRP72,-0.263385354141657,FALSE
SCN2B,-0.263385354141657,FALSE
ANKRD6,0.263385354141657,FALSE
NARG2,0.263385354141657,FALSE
FOS,0.263289315726291,TRUE
MAPK8IP1,-0.263289315726291,FALSE
RTP2,-0.263289315726291,FALSE
LPIN2,0.263289315726291,FALSE
PCSK1N,-0.263289315726291,FALSE
RMI2,-0.263289315726291,FALSE
MAGEB6,-0.263193277310924,FALSE
MICB,0.263193277310924,FALSE
CDKN2B,-0.263193277310924,FALSE
CD1D,-0.263193277310924,FALSE
FAM170A,-0.263193277310924,FALSE
BTC,-0.263097238895558,FALSE
ABTB2,0.263097238895558,FALSE
C11orf53,-0.263097238895558,FALSE
ADIPOR1,-0.263001200480192,FALSE
SLC22A15,-0.263001200480192,FALSE
C19orf48,-0.263001200480192,FALSE
ARHGAP24,0.262905162064826,FALSE
TRIP12,-0.26280912364946,FALSE
ASCC3,-0.26280912364946,FALSE
NHLRC4,-0.262713085234094,FALSE
MICALL1,0.262713085234094,FALSE
ANKRD33,-0.262713085234094,FALSE
FAM114A2,0.262713085234094,FALSE
LOC648740,-0.262617046818728,FALSE
COX4I2,-0.262617046818728,FALSE
TOMM40L,-0.262617046818728,FALSE
FAM133B,-0.262617046818728,FALSE
PIAS4,0.262617046818728,FALSE
LOC255512,0.262521008403361,FALSE
SPIB,-0.262424969987995,TRUE
LONRF1,0.262424969987995,FALSE
TRIM7,-0.262424969987995,FALSE
RAD21-AS1,-0.262424969987995,FALSE
B4GALT2,-0.262328931572629,FALSE
LOC145694,-0.262328931572629,FALSE
LEPREL1,-0.262328931572629,FALSE
ZDHHC23,-0.262328931572629,FALSE
C12orf32,-0.262287209852548,FALSE
TNNC2,0.262232893157263,FALSE
DLX5,0.262232893157263,TRUE
MT1X,-0.262136854741897,FALSE
IGSF22,-0.262136854741897,FALSE
PPP1R14C,-0.262136854741897,FALSE
ERMN,-0.262040816326531,FALSE
EHD4,-0.262040816326531,FALSE
RGS10,-0.262040816326531,FALSE
PRND,0.261944777911164,FALSE
PPP3CB,0.261944777911164,FALSE
CCDC146,0.261944777911164,FALSE
GAP43,-0.261944777911164,FALSE
SP140L,0.261848739495798,TRUE
TSC22D1,0.261848739495798,FALSE
LOC100129373,-0.261848739495798,FALSE
PRR12,0.261752701080432,FALSE
PLEKHO2,0.261752701080432,FALSE
FANCE,0.261752701080432,FALSE
ETV1,-0.261752701080432,TRUE
PP2672,0.261752701080432,FALSE
LOC100128699,-0.261656662665066,FALSE
SPATA12,-0.261656662665066,FALSE
ASB8,0.261656662665066,FALSE
VPS4A,0.2615606242497,FALSE
LOC440461,0.2615606242497,FALSE
NUP50,-0.261464585834334,FALSE
MED25,0.261464585834334,FALSE
KLHDC1,0.261464585834334,FALSE
SWI5,-0.261464585834334,FALSE
LOC729696,0.261464585834334,FALSE
BPIFA1,-0.261368547418968,FALSE
CYP2G1P,-0.261368547418968,FALSE
OR52M1,-0.261272509003601,FALSE
MGC16275,-0.261272509003601,FALSE
PFDN5,-0.261272509003601,FALSE
TBX5,-0.261176470588235,TRUE
VEZF1,0.261176470588235,TRUE
NFATC2IP,0.261176470588235,FALSE
ARFGAP2,0.261176470588235,FALSE
TMEM79,0.261080432172869,FALSE
BTN2A2,0.261080432172869,FALSE
GHRH,-0.261080432172869,FALSE
CCR10,0.260984393757503,FALSE
LOC650293,0.260984393757503,FALSE
SLAIN1,0.260984393757503,FALSE
CTAGE5,-0.260888355342137,FALSE
ZNF136,0.260888355342137,TRUE
HES7,0.260888355342137,TRUE
LOC100292680,0.260792316926771,FALSE
MLANA,-0.260792316926771,FALSE
SEC16B,-0.260792316926771,FALSE
C4orf51,-0.260792316926771,FALSE
SNRPD2,-0.260600240096038,FALSE
MED26,0.260600240096038,FALSE
LOC729968,-0.260600240096038,FALSE
SERPING1,-0.260504201680672,FALSE
DAND5,0.260504201680672,FALSE
RFC5,-0.260504201680672,FALSE
ULBP1,-0.260504201680672,FALSE
TMEM209,-0.260504201680672,FALSE
FRAT1,0.260504201680672,FALSE
SEPHS1P1,-0.260504201680672,FALSE
LOC285766,-0.260504201680672,FALSE
ACTR3,-0.260408163265306,FALSE
CSK,0.260408163265306,FALSE
NKPD1,0.26031212484994,FALSE
SERTAD1,-0.26031212484994,FALSE
PPAPDC1B,-0.26031212484994,FALSE
FCN3,-0.26031212484994,FALSE
CCND2,0.26031212484994,FALSE
MFGE8,0.260216086434574,FALSE
GCC1,0.260120048019208,FALSE
TSEN54,-0.260120048019208,FALSE
SARDH,-0.260024009603842,FALSE
TRIM53P,-0.260024009603842,FALSE
LYN,0.260024009603842,FALSE
LOC647323,0.259927971188475,FALSE
HIST1H2AD,-0.259927971188475,FALSE
LOC100652822,0.259927971188475,FALSE
OR13C3,-0.259927971188475,FALSE
SMCR7L,-0.259831932773109,FALSE
CFHR3,-0.259831932773109,FALSE
GCET2,-0.259831932773109,FALSE
OR2A20P,0.259831932773109,FALSE
B3GNT4,-0.259831932773109,FALSE
RP2,-0.259735894357743,FALSE
PAK7,0.259639855942377,FALSE
BRD2,0.259639855942377,FALSE
P4HTM,0.259639855942377,FALSE
NDUFB10,-0.259543817527011,FALSE
DOCK7,-0.259447779111645,FALSE
MEF2D,-0.259447779111645,TRUE
CPEB3,0.259447779111645,FALSE
OR10J3,-0.259447779111645,FALSE
PI15,-0.259351740696279,FALSE
EDIL3,-0.259351740696279,FALSE
RNF112,0.259351740696279,FALSE
MRPL17,-0.259351740696279,FALSE
NAMPT,0.259255702280912,FALSE
CYP24A1,-0.259255702280912,FALSE
HTR4,-0.259255702280912,FALSE
OR2W1,-0.259255702280912,FALSE
TAP1,0.259255702280912,FALSE
OR2M5,-0.259255702280912,FALSE
DNMBP-AS1,-0.259255702280912,FALSE
SFTA2,-0.259255702280912,FALSE
FGD6,-0.259255702280912,FALSE
APOL2,0.259159663865546,FALSE
C9orf150,0.259159663865546,FALSE
OSTM1,-0.25906362545018,FALSE
FER1L6,-0.25906362545018,FALSE
LOC100129034,0.25906362545018,FALSE
KCND2,-0.25906362545018,FALSE
SMC4,-0.258967587034814,FALSE
WT1,-0.258967587034814,TRUE
PLCXD3,0.258967587034814,FALSE
ACSL6,0.258871548619448,FALSE
SLC8A1,-0.258871548619448,FALSE
LARS,-0.258871548619448,FALSE
C9orf173,-0.258871548619448,FALSE
IL9R,-0.258871548619448,FALSE
RYR1,0.258775510204082,FALSE
LOC100652807,-0.258775510204082,FALSE
CMTM4,0.258775510204082,FALSE
CSAG3,0.258775510204082,FALSE
MST152,-0.258775510204082,FALSE
CYP3A5,0.258679471788716,FALSE
TFEC,-0.258679471788716,TRUE
LOC100128946,-0.258679471788716,FALSE
CLDN15,0.258679471788716,FALSE
CECR5,0.258679471788716,FALSE
FLJ40712,-0.258679471788716,FALSE
COG3,0.258679471788716,FALSE
ITGB7,0.258679471788716,FALSE
SPNS1,0.258583433373349,FALSE
LOC255480,-0.258583433373349,FALSE
MEGF9,0.258583433373349,FALSE
TMEM120A,0.258487394957983,FALSE
TRPM4,0.258391356542617,FALSE
ZBTB43,0.258391356542617,TRUE
LOC646743,-0.258391356542617,FALSE
RGS21,-0.258391356542617,FALSE
KLHL14,-0.258295318127251,FALSE
ZBTB7A,0.258295318127251,TRUE
ANKRD18A,0.258199279711885,FALSE
GAL,-0.258199279711885,FALSE
SLC25A36,0.258199279711885,FALSE
LOC643327,-0.258199279711885,FALSE
GIMAP4,0.258199279711885,FALSE
PDE5A,-0.258199279711885,FALSE
SYNGAP1,-0.258103241296519,FALSE
SAE1,-0.258103241296519,FALSE
SURF1,-0.258007202881152,FALSE
MIOS,0.258007202881152,FALSE
TMEM89,-0.258007202881152,FALSE
RORB,-0.258007202881152,TRUE
C15orf5,0.258007202881152,FALSE
FAM24B,-0.258007202881152,FALSE
ADH1B,0.258007202881152,FALSE
MITF,-0.257911164465786,TRUE
LCE3A,-0.257911164465786,FALSE
LOC440346,0.257911164465786,FALSE
SUPT16H,0.257911164465786,FALSE
SLC17A3,-0.257911164465786,FALSE
MUC3A,-0.257911164465786,FALSE
ETV5,0.25781512605042,TRUE
MIB1,-0.257719087635054,FALSE
INCA1,0.257719087635054,FALSE
LOC100131048,0.257623049219688,FALSE
GRK6,0.257527010804322,FALSE
LILRB5,0.257527010804322,FALSE
CHODL,0.257527010804322,FALSE
MARCH10,-0.257527010804322,FALSE
ZNF681,-0.257430972388956,TRUE
SEPT9,-0.257430972388956,FALSE
PPFIA3,0.257430972388956,FALSE
TIGD1,0.257430972388956,FALSE
MARC1,0.257430972388956,FALSE
RGS16,-0.257334933973589,FALSE
MAP1B,-0.257238895558223,FALSE
MDK,-0.257238895558223,FALSE
C4orf7,-0.257238895558223,FALSE
C1orf43,0.257238895558223,FALSE
PTPRC,-0.257142857142857,FALSE
SLC19A3,0.257142857142857,FALSE
TAGAP,0.257142857142857,FALSE
PPP1R14B,-0.257142857142857,FALSE
JAK3,-0.257142857142857,FALSE
MRM1,0.257142857142857,FALSE
FAM73A,0.257142857142857,FALSE
TARS,-0.257046818727491,FALSE
LOC100129550,0.257046818727491,FALSE
TOP2A,-0.257046818727491,FALSE
ST8SIA2,-0.257046818727491,FALSE
CDC7,-0.256950780312125,FALSE
RRAS,0.256950780312125,FALSE
SULT1C2P1,-0.256950780312125,FALSE
CCDC42,0.256950780312125,FALSE
ARMC1,-0.256854741896759,FALSE
C14orf64,0.256758703481393,FALSE
REEP1,-0.256758703481393,FALSE
HYAL4,-0.256758703481393,FALSE
FPGT-TNNI3K,0.256758703481393,FALSE
APOBR,0.256662665066026,FALSE
SH3GL1P1,0.256662665066026,FALSE
DENR,0.256662665066026,FALSE
LOC100128607,-0.256662665066026,FALSE
CST8,-0.256662665066026,FALSE
MGAT3,0.25656662665066,FALSE
SHBG,-0.25656662665066,FALSE
C7orf36,-0.25656662665066,FALSE
SLC7A1,0.25656662665066,FALSE
OR51E1,0.25656662665066,FALSE
HPS5,0.25656662665066,FALSE
PRKAA2,0.25656662665066,FALSE
WDR55,-0.256470588235294,FALSE
NIPSNAP1,-0.256470588235294,FALSE
GPRASP2,0.256470588235294,FALSE
TOPBP1,-0.256374549819928,FALSE
CRNDE,-0.256374549819928,FALSE
SCARNA6,-0.256374549819928,FALSE
PMPCB,-0.256374549819928,FALSE
HMGN4,-0.256374549819928,FALSE
SUPT7L,0.256374549819928,FALSE
GPR82,-0.256374549819928,FALSE
MUC6,-0.256278511404562,FALSE
ALDH1L1,0.256278511404562,FALSE
PLEKHB2,-0.256278511404562,FALSE
DISC2,-0.256278511404562,FALSE
GPR32,-0.256278511404562,FALSE
PPP4R4,0.256278511404562,FALSE
C19orf67,-0.256278511404562,FALSE
LOC100130627,-0.256278511404562,FALSE
ZNF469,-0.256278511404562,TRUE
LOC100506390,-0.256182472989196,FALSE
PKIB,-0.25608643457383,FALSE
ABCC5,-0.25608643457383,FALSE
FLJ41649,-0.25608643457383,FALSE
GABRR3,-0.25608643457383,FALSE
RAB15,-0.25608643457383,FALSE
FAM200B,-0.25608643457383,FALSE
LOC100509763,0.25608643457383,FALSE
IFNE,-0.25608643457383,FALSE
LOC100127991,-0.25608643457383,FALSE
TPTE,0.255990396158463,FALSE
CD53,0.255990396158463,FALSE
STAG3L4,0.255990396158463,FALSE
LOC100506748,0.255990396158463,FALSE
EID1,-0.255990396158463,FALSE
ZNF568,-0.255894357743097,TRUE
ZNF445,0.255894357743097,FALSE
ANP32C,-0.255894357743097,FALSE
OR3A3,-0.255894357743097,FALSE
LMTK3,-0.255798319327731,FALSE
RBM19,0.255798319327731,FALSE
DPF3,-0.255702280912365,FALSE
C17orf65,-0.255702280912365,FALSE
NOC3L,-0.255702280912365,FALSE
FLJ44635,0.255702280912365,FALSE
CEACAM3,0.255606242496999,FALSE
IL1RL1,-0.255606242496999,FALSE
PREX2,-0.255606242496999,FALSE
FERMT1,-0.255606242496999,FALSE
SNORA33,0.255606242496999,FALSE
NBR2,-0.255606242496999,FALSE
ASB12,-0.255606242496999,FALSE
ZNF570,-0.255606242496999,TRUE
NECAP1,-0.255606242496999,FALSE
BET1,-0.255510204081633,FALSE
GGTLC1,-0.255510204081633,FALSE
SHISA3,0.255510204081633,FALSE
LOC340357,-0.255510204081633,FALSE
PRPF39,0.255414165666267,FALSE
KLK12,-0.255414165666267,FALSE
C19orf54,0.255414165666267,FALSE
NACC2,-0.2553181272509,TRUE
MYCBP2,0.2553181272509,FALSE
RADIL,0.255126050420168,FALSE
LOC100128979,0.255126050420168,FALSE
PALM3,-0.255126050420168,FALSE
LOC100129940,0.255126050420168,FALSE
PYGL,0.255126050420168,FALSE
ERAL1,0.255030012004802,FALSE
LOC100128191,-0.255030012004802,FALSE
OR5D16,-0.254933973589436,FALSE
MAMSTR,-0.25483793517407,FALSE
MRPL53,-0.25483793517407,FALSE
SRPX2,-0.25483793517407,FALSE
ERH,-0.25483793517407,FALSE
SLC43A3,0.25483793517407,FALSE
CCDC87,-0.254741896758703,FALSE
SFTPD,-0.254741896758703,FALSE
LOC283486,-0.254645858343337,FALSE
FAM3C,-0.254645858343337,FALSE
PICK1,0.254645858343337,FALSE
SNTB2,0.254549819927971,FALSE
BVES,0.254549819927971,FALSE
PATE1,-0.254549819927971,FALSE
CASC1,0.254549819927971,FALSE
TMEM151B,-0.254453781512605,FALSE
FAM89A,0.254453781512605,FALSE
MRPS18B,-0.254453781512605,FALSE
LOC340073,0.254453781512605,FALSE
C8orf74,-0.254357743097239,FALSE
LOC400499,-0.254357743097239,FALSE
SCGB1D2,-0.254357743097239,FALSE
CXCL3,0.254357743097239,FALSE
MUC7,-0.254357743097239,FALSE
CLYBL,0.254261704681873,FALSE
SLC31A2,-0.254261704681873,FALSE
RCAN1,-0.254261704681873,FALSE
ORM1,0.254165666266507,FALSE
FAM43A,-0.254165666266507,FALSE
MRPS18C,-0.254165666266507,FALSE
YPEL5,-0.254165666266507,FALSE
SEC14L5,0.254165666266507,FALSE
SMC1B,-0.254165666266507,FALSE
SLFN13,0.254165666266507,FALSE
DLX6-AS1,-0.25406962785114,FALSE
PKDREJ,-0.25406962785114,FALSE
ITGA10,0.25406962785114,FALSE
SLC7A6OS,-0.253973589435774,FALSE
FOXD1,-0.253973589435774,TRUE
LOC727869,-0.253973589435774,FALSE
LINC00189,0.253973589435774,FALSE
FEZ2,-0.253877551020408,FALSE
PGR,0.253877551020408,TRUE
ZBTB1,-0.253877551020408,TRUE
SRRM1,0.253877551020408,FALSE
ANGPTL4,0.253877551020408,FALSE
BRWD3,0.253877551020408,FALSE
GNRHR,-0.253877551020408,FALSE
FSD2,-0.253877551020408,FALSE
C15orf23,-0.253781512605042,FALSE
PAM,-0.253781512605042,FALSE
SP6,-0.253781512605042,TRUE
DCAF4,0.253781512605042,FALSE
EFR3B,-0.253781512605042,FALSE
MC4R,-0.253781512605042,FALSE
LOC100129716,-0.253781512605042,FALSE
ADH1A,0.253781512605042,FALSE
C7orf61,-0.253685474189676,FALSE
SPRR2D,-0.253685474189676,FALSE
RPN2,-0.253685474189676,FALSE
C17orf63,0.253685474189676,FALSE
MRPS22,-0.253685474189676,FALSE
ARHGAP40,-0.253685474189676,FALSE
ESM1,0.253685474189676,FALSE
SLITRK4,0.253685474189676,FALSE
UBASH3B,-0.253685474189676,FALSE
TAOK1,0.25358943577431,FALSE
FMR1,0.25358943577431,FALSE
UBA5,-0.25358943577431,FALSE
SGIP1,-0.25358943577431,FALSE
SCN4B,-0.25358943577431,FALSE
PLEKHO1,0.253493397358944,FALSE
S100PBP,0.253493397358944,FALSE
NEU4,0.253493397358944,FALSE
SCPEP1,-0.253493397358944,FALSE
GBE1,-0.253493397358944,FALSE
FAM70A,0.253493397358944,FALSE
LOC100289333,0.253397358943577,FALSE
C16orf90,-0.253397358943577,FALSE
CNDP1,-0.253301320528211,FALSE
OSBPL5,0.253205282112845,FALSE
CLCA3P,-0.253205282112845,FALSE
PTGS2,-0.253205282112845,FALSE
ANP32E,-0.253205282112845,FALSE
LINC00482,0.253205282112845,FALSE
SF3B2,-0.253205282112845,FALSE
RPL5,-0.253205282112845,FALSE
DSCR10,0.253109243697479,FALSE
ECSCR,0.253109243697479,FALSE
CSN2,0.253109243697479,FALSE
FLJ42022,0.253013205282113,FALSE
TM4SF1,-0.253013205282113,FALSE
ZNF711,-0.252917166866747,TRUE
PPIL1,-0.252917166866747,FALSE
NAP1L3,-0.252917166866747,FALSE
HIF3A,0.252821128451381,TRUE
ITPK1,0.252821128451381,FALSE
LOC100129794,0.252821128451381,FALSE
ERAP1,0.252725090036014,FALSE
LOC100506422,0.252725090036014,FALSE
WASH5P,-0.252725090036014,FALSE
SLC43A2,0.252725090036014,FALSE
DUSP18,-0.252725090036014,FALSE
FN3KRP,0.252725090036014,FALSE
PER2,0.252725090036014,FALSE
PRKAG3,-0.252629051620648,FALSE
ABCC3,-0.252629051620648,FALSE
MBD4,0.252629051620648,FALSE
KIAA1199,-0.252533013205282,FALSE
GPR116,0.252533013205282,FALSE
SPINK9,-0.252533013205282,FALSE
FIBP,-0.252533013205282,FALSE
COMMD2,-0.252436974789916,FALSE
C21orf67,-0.252436974789916,FALSE
NR0B2,-0.25234093637455,FALSE
PLOD3,-0.25234093637455,FALSE
C9orf57,0.25234093637455,FALSE
TNNI1,-0.252244897959184,FALSE
CRB1,0.252244897959184,FALSE
ALB,0.252148859543818,FALSE
TYRO3,0.252148859543818,FALSE
PDE9A,0.252148859543818,FALSE
RAPGEF4,-0.252148859543818,FALSE
LOC729609,0.252148859543818,FALSE
OSBPL11,-0.252148859543818,FALSE
SMO,-0.252148859543818,FALSE
MBL2,-0.252148859543818,FALSE
OR14C36,-0.252148859543818,FALSE
VAT1L,-0.252052821128451,FALSE
EDNRB,0.252052821128451,FALSE
RPL36,-0.252052821128451,FALSE
WDR17,0.251956782713085,FALSE
DUSP28,-0.251956782713085,FALSE
SRPRB,-0.251956782713085,FALSE
C12orf50,-0.251956782713085,FALSE
IFITM3,-0.251860744297719,FALSE
EIF2AK4,0.251860744297719,FALSE
KIAA1656,-0.251860744297719,FALSE
LOC100287225,-0.251860744297719,FALSE
OAS2,-0.251764705882353,FALSE
EXOC3L4,0.251764705882353,FALSE
IGFLR1,-0.251764705882353,FALSE
FNDC3A,0.251668667466987,FALSE
FAM27L,-0.251668667466987,FALSE
MAL,0.251572629051621,FALSE
AGXT2L2,0.251572629051621,FALSE
EBPL,-0.251572629051621,FALSE
KIAA1704,-0.251572629051621,FALSE
BRSK1,-0.251572629051621,FALSE
C2orf66,-0.251572629051621,FALSE
KIAA1751,-0.251476590636254,FALSE
HNRNPUL2,0.251380552220888,FALSE
LOC100132354,-0.251380552220888,FALSE
ACTL7B,-0.251380552220888,FALSE
CES1P1,0.251284513805522,FALSE
PPP1R36,0.251284513805522,FALSE
EVPLL,-0.251284513805522,FALSE
HAVCR2,-0.251284513805522,FALSE
GBP1P1,0.251284513805522,FALSE
SPDYE8P,0.251284513805522,FALSE
LOC646168,0.251188475390156,FALSE
ANKRD23,0.251188475390156,FALSE
C2orf84,0.251188475390156,FALSE
ABCF2,0.251188475390156,FALSE
IFNW1,-0.251188475390156,FALSE
PCDHA2,-0.251188475390156,FALSE
CPA4,-0.251188475390156,FALSE
THBS4,-0.25109243697479,FALSE
GSTM5,-0.25109243697479,FALSE
TOMM22,-0.25109243697479,FALSE
OVOL1,0.25109243697479,TRUE
PDE3A,-0.250996398559424,TRUE
CHIT1,-0.250996398559424,FALSE
RBM15B,0.250996398559424,FALSE
NDN,0.250996398559424,FALSE
ZBTB3,-0.250996398559424,TRUE
UBE2DNL,-0.250900360144058,FALSE
COX7A2L,-0.250900360144058,FALSE
RASGRP2,0.250804321728691,FALSE
PRIMA1,-0.250708283313325,FALSE
VCY,-0.250708283313325,FALSE
ANKFY1,-0.250708283313325,FALSE
ZNF498,0.250708283313325,FALSE
BATF,-0.250612244897959,TRUE
NIPBL,0.250612244897959,FALSE
FAM3D,-0.250612244897959,FALSE
PPP3CC,-0.250516206482593,FALSE
ATP6V1F,-0.250516206482593,FALSE
FXR1,-0.250516206482593,FALSE
EPS15,0.250516206482593,FALSE
C14orf56,-0.250420168067227,FALSE
XKR7,0.250420168067227,FALSE
GRIN3B,-0.250420168067227,FALSE
ZNF446,0.250420168067227,TRUE
SLC35G1,-0.250420168067227,FALSE
REXO2,-0.250420168067227,FALSE
LOC100130857,-0.250324129651861,FALSE
SAAL1,-0.250324129651861,FALSE
ATL1,-0.250324129651861,FALSE
PAR5,0.250324129651861,FALSE
C9orf117,-0.250228091236495,FALSE
CTRB2,-0.250228091236495,FALSE
LANCL2,0.250228091236495,FALSE
C21orf104,-0.250132052821128,FALSE
PNMA6C,0.250132052821128,FALSE
RAD51B,0.250132052821128,FALSE
FKBP2,-0.250132052821128,FALSE
CCNB1IP1,0.250132052821128,FALSE
OR2D2,-0.250132052821128,FALSE
NARS2,0.250132052821128,FALSE
GLOD5,-0.250132052821128,FALSE
POLD3,-0.250132052821128,FALSE
MORF4L1,-0.250036014405762,FALSE
FAM176A,-0.250036014405762,FALSE
THSD7A,0.250036014405762,FALSE
DPY30,-0.250036014405762,FALSE
ERP44,0.250036014405762,FALSE
TSSK1B,0.250036014405762,FALSE
MAT2B,-0.249939975990396,FALSE
MGC4473,-0.249939975990396,FALSE
ORMDL3,-0.24984393757503,FALSE
NEU1,-0.24984393757503,FALSE
COQ10B,-0.24984393757503,FALSE
ZNF205,-0.24984393757503,TRUE
NFASC,0.24984393757503,FALSE
HEY1,-0.249747899159664,TRUE
CXCR2,-0.249747899159664,FALSE
MUC2,-0.249747899159664,FALSE
LOC147804,0.249747899159664,FALSE
LINC00092,-0.249747899159664,FALSE
C7orf63,0.249747899159664,FALSE
LOC641467,0.249747899159664,FALSE
TANC1,-0.249651860744298,FALSE
THBD,0.249651860744298,FALSE
PGRMC1,-0.249651860744298,FALSE
ANGPT2,-0.249651860744298,FALSE
CDH15,-0.249555822328932,FALSE
ZFYVE9,-0.249555822328932,FALSE
KRT81,-0.249555822328932,FALSE
PPP4C,-0.249555822328932,FALSE
LOC643797,-0.249555822328932,FALSE
LOC100130938,-0.249459783913565,FALSE
SNRPF,-0.249459783913565,FALSE
JTB,-0.249459783913565,FALSE
LOC497256,-0.249459783913565,FALSE
UGT1A8,-0.249459783913565,FALSE
OR10K1,-0.249459783913565,FALSE
GRHL2,0.249363745498199,TRUE
SCEL,0.249363745498199,FALSE
PTCD1,0.249363745498199,FALSE
CEP95,0.249363745498199,FALSE
CTSO,-0.249363745498199,FALSE
RARG,0.249363745498199,TRUE
RAB5C,0.249267707082833,FALSE
LOC389602,0.249267707082833,FALSE
LOC100130920,0.249267707082833,FALSE
SCRN3,-0.249171668667467,FALSE
HNRNPUL1,0.249171668667467,FALSE
BMP6,0.249171668667467,FALSE
GANAB,0.249171668667467,FALSE
CSF2RB,-0.249171668667467,FALSE
MBD3,0.249075630252101,FALSE
CMTM7,-0.249075630252101,FALSE
TMUB2,0.249075630252101,FALSE
TIGD7,0.249075630252101,FALSE
TRAF3IP3,0.249075630252101,FALSE
SLC5A5,-0.248979591836735,FALSE
ZBTB7B,0.248883553421369,TRUE
GRID2IP,-0.248883553421369,FALSE
PREP,-0.248883553421369,FALSE
EPB41L4B,0.248883553421369,FALSE
PDZD8,-0.248883553421369,FALSE
TAS1R1,-0.248883553421369,FALSE
CDC20B,-0.248883553421369,FALSE
HSPA5,-0.248787515006002,FALSE
TMEM200B,0.248787515006002,FALSE
TESK2,-0.248787515006002,FALSE
KIAA0125,0.248691476590636,FALSE
TXNDC8,-0.248691476590636,FALSE
ADAT1,0.248691476590636,FALSE
POGLUT1,-0.24859543817527,FALSE
AKAP5,-0.248499399759904,FALSE
FAM72D,-0.248499399759904,FALSE
PAK4,-0.248499399759904,FALSE
ASMTL-AS1,0.248499399759904,FALSE
C3orf20,-0.248499399759904,FALSE
GLYCTK,0.248499399759904,FALSE
DNM1P46,0.248499399759904,FALSE
ARHGAP9,0.248403361344538,FALSE
STK10,0.248403361344538,FALSE
SACS,-0.248307322929172,FALSE
GNAI2,-0.248307322929172,FALSE
CHAMP1,0.248307322929172,FALSE
MIF4GD,0.248307322929172,FALSE
STAT3,0.248211284513806,TRUE
PSMB2,-0.248211284513806,FALSE
DAP3,-0.248211284513806,FALSE
LOC646903,-0.248115246098439,FALSE
SDCBP,-0.248115246098439,FALSE
BLK,0.248019207683073,FALSE
L3MBTL1,0.248019207683073,FALSE
RTEL1,0.248019207683073,FALSE
LOC729032,-0.248019207683073,FALSE
EBI3,0.248019207683073,FALSE
BAI1,0.248019207683073,FALSE
C10orf140,0.248019207683073,FALSE
ARMC9,-0.248019207683073,FALSE
PTDSS1,-0.247923169267707,FALSE
MFSD11,-0.247923169267707,FALSE
XAF1,0.247827130852341,FALSE
APOE,-0.247827130852341,FALSE
NAP1L1,-0.247827130852341,FALSE
ABHD8,-0.247827130852341,FALSE
FBXO28,-0.247731092436975,FALSE
CNTN4,-0.247731092436975,FALSE
PRAMEF5,-0.247731092436975,FALSE
RAG2,-0.247635054021609,FALSE
CSRNP1,0.247539015606243,TRUE
CHN1,-0.247539015606243,FALSE
ND6,-0.247539015606243,FALSE
CCR5,0.247539015606243,FALSE
WNT1,-0.247442977190876,FALSE
ARHGAP22,-0.247442977190876,FALSE
OR5D14,-0.247442977190876,FALSE
KRTAP10-2,0.247442977190876,FALSE
SIGLEC15,-0.247442977190876,FALSE
SUOX,0.247442977190876,FALSE
LOC100506342,0.24734693877551,FALSE
LOC284837,0.24734693877551,FALSE
FLJ13224,-0.247250900360144,FALSE
KBTBD12,-0.247250900360144,FALSE
MBTPS2,-0.247250900360144,FALSE
OR8G2,-0.247250900360144,FALSE
CXCL16,-0.247154861944778,FALSE
ALPP,-0.247154861944778,FALSE
C7orf46,0.247154861944778,FALSE
LOC400752,0.247154861944778,FALSE
PLA2G16,0.247058823529412,FALSE
FAM96A,-0.247058823529412,FALSE
GJA5,0.247058823529412,FALSE
PAXIP1,0.247058823529412,FALSE
TRAM2,-0.247058823529412,FALSE
OTUD1,-0.246962785114046,FALSE
TACSTD2,-0.24686674669868,FALSE
LOC100287195,-0.24686674669868,FALSE
PEX11A,0.24686674669868,FALSE
DTX2P1-UPK3BP1-PMS2P11,0.24686674669868,FALSE
CDH13,-0.24686674669868,FALSE
TUBE1,0.24686674669868,FALSE
CEP19,-0.24686674669868,FALSE
CXCL14,-0.24686674669868,FALSE
SEMA3D,-0.24686674669868,FALSE
FAM76A,-0.246770708283313,FALSE
LCN1,-0.246770708283313,FALSE
ATP11A,0.246770708283313,FALSE
ZFYVE21,0.246770708283313,FALSE
NOSIP,0.246770708283313,FALSE
LPHN3,-0.246770708283313,FALSE
ABCC10,-0.246674669867947,FALSE
DIMT1,-0.246674669867947,FALSE
PARL,-0.246674669867947,FALSE
CNOT2,0.246674669867947,FALSE
LOC100131193,-0.246674669867947,FALSE
PABPN1L,0.246674669867947,FALSE
KCNJ1,-0.246674669867947,FALSE
WFDC1,-0.246674669867947,FALSE
TMEM17,-0.246674669867947,FALSE
B4GALNT2,-0.246674669867947,FALSE
PCBP1,0.246674669867947,TRUE
DCAF12L2,-0.246578631452581,FALSE
PLEKHH3,0.246578631452581,FALSE
POLN,0.246578631452581,FALSE
EDA2R,-0.246578631452581,FALSE
HEATR5A,-0.246482593037215,FALSE
PSEN2,-0.246482593037215,FALSE
LOC100131532,-0.246482593037215,FALSE
CPEB1,-0.246482593037215,FALSE
FSIP2,-0.246386554621849,FALSE
CXorf69,-0.246386554621849,FALSE
UNC119B,0.246386554621849,FALSE
RNF2,-0.246386554621849,FALSE
BDKRB2,-0.246386554621849,FALSE
MMP14,-0.246290516206483,FALSE
C12orf33,-0.246290516206483,FALSE
PODXL2,0.246290516206483,FALSE
CNTNAP4,-0.246290516206483,FALSE
GPR123,-0.246290516206483,FALSE
DOC2A,0.246290516206483,FALSE
FANCB,-0.246290516206483,FALSE
DRGX,-0.246194477791116,TRUE
CCDC109B,-0.246194477791116,FALSE
MANBAL,0.246194477791116,FALSE
TDRD6,0.246194477791116,FALSE
HSPE1,-0.24609843937575,FALSE
LARP1,0.24609843937575,FALSE
LOC646214,0.246002400960384,FALSE
NAP1L5,0.246002400960384,FALSE
C12orf61,-0.246002400960384,FALSE
LOC285819,0.246002400960384,FALSE
C6orf163,0.246002400960384,FALSE
RASSF3,-0.245906362545018,FALSE
ZNF236,-0.245906362545018,TRUE
DNA2,-0.245906362545018,FALSE
AIF1L,-0.245810324129652,FALSE
FBLIM1,0.245810324129652,FALSE
RIBC2,-0.245810324129652,FALSE
OSBPL7,0.245810324129652,FALSE
FLJ43944,-0.245810324129652,FALSE
CYP2F1,0.245810324129652,FALSE
CXCL17,-0.245714285714286,FALSE
NUDT10,-0.245714285714286,FALSE
TSHZ3,-0.245714285714286,TRUE
SNORA65,-0.245714285714286,FALSE
ADAM17,-0.245714285714286,FALSE
TNFSF13,0.245714285714286,FALSE
ACYP1,0.245714285714286,FALSE
PRG3,0.24561824729892,FALSE
KLHL15,-0.24561824729892,FALSE
USP16,-0.245522208883553,FALSE
TSPAN32,0.245522208883553,FALSE
USP27X,0.245522208883553,FALSE
TOMM34,-0.245426170468187,FALSE
GPR64,-0.245426170468187,FALSE
LOC644686,-0.245330132052821,FALSE
LOC646808,-0.245330132052821,FALSE
PCDHGB1,0.245330132052821,FALSE
ATG16L2,0.245330132052821,FALSE
KCNIP1,-0.245234093637455,FALSE
GIGYF2,-0.245234093637455,FALSE
LTBP4,0.245234093637455,FALSE
MRPL30,-0.245234093637455,FALSE
ELTD1,0.245138055222089,FALSE
ATP4A,0.245138055222089,FALSE
SIGLEC8,-0.245138055222089,FALSE
NUDT21,-0.245042016806723,FALSE
FLJ35424,0.245042016806723,FALSE
HPGD,-0.245042016806723,FALSE
COX11,-0.245042016806723,FALSE
SIX5,0.245042016806723,TRUE
PROCR,-0.245042016806723,FALSE
DGKI,-0.245042016806723,FALSE
GALK1,-0.244945978391357,FALSE
SUZ12P,-0.244945978391357,FALSE
TAS2R4,-0.244945978391357,FALSE
PRAF2,-0.244945978391357,FALSE
FAM116B,-0.244945978391357,FALSE
TMEM220,0.24484993997599,FALSE
SNRNP25,-0.24484993997599,FALSE
SUZ12,-0.24484993997599,FALSE
FOXI1,0.24484993997599,TRUE
LSG1,0.244753901560624,FALSE
SRL,0.244753901560624,FALSE
CELF6,0.244753901560624,FALSE
PDE12,-0.244753901560624,FALSE
C1orf194,-0.244753901560624,FALSE
MACC1,-0.244753901560624,FALSE
CNTNAP3,0.244657863145258,FALSE
FLYWCH2,-0.244657863145258,FALSE
LOC441698,-0.244657863145258,FALSE
LAYN,-0.244657863145258,FALSE
BHLHE41,0.244657863145258,TRUE
GBP1,0.244561824729892,FALSE
HYALP1,-0.244561824729892,FALSE
CA5A,0.244561824729892,FALSE
ZIC4,-0.244561824729892,TRUE
SLC27A4,0.244561824729892,FALSE
RASGRP4,-0.244561824729892,FALSE
LOC339539,0.244561824729892,FALSE
NCKAP5,-0.244465786314526,FALSE
GMEB2,-0.244465786314526,TRUE
SLC27A1,0.24436974789916,FALSE
CLCA2,0.24436974789916,FALSE
FAM65A,0.24436974789916,FALSE
PPIP5K2,-0.24436974789916,FALSE
FAM183B,-0.24436974789916,FALSE
TPTE2,0.244273709483794,FALSE
TSPY2,-0.244273709483794,FALSE
PLIN2,0.244177671068427,FALSE
FAM101B,-0.244177671068427,FALSE
LOC729680,0.244177671068427,FALSE
SLC12A4,0.244177671068427,FALSE
ERCC5,0.244177671068427,FALSE
TAF1A,-0.244177671068427,FALSE
TESC,0.244081632653061,FALSE
ELOVL6,-0.244081632653061,FALSE
FAM47E,0.244081632653061,FALSE
VWC2L,-0.244081632653061,FALSE
PGAP3,0.244081632653061,FALSE
ALDH1A2,0.244081632653061,FALSE
ALS2,-0.243985594237695,FALSE
ERBB3,0.243985594237695,FALSE
PLEKHA3,-0.243985594237695,FALSE
PACSIN1,0.243985594237695,FALSE
PRR16,-0.243985594237695,FALSE
DENND2D,0.243889555822329,FALSE
SRPR,0.243889555822329,FALSE
ITGA1,0.243889555822329,FALSE
C16orf71,-0.243889555822329,FALSE
HS3ST1,0.243889555822329,FALSE
ST6GALNAC1,-0.243793517406963,FALSE
ALKBH1,0.243793517406963,FALSE
ORC5,-0.243793517406963,FALSE
NFATC2,-0.243793517406963,TRUE
KIAA0100,0.243793517406963,FALSE
LOC100126784,-0.243793517406963,FALSE
LOC400238,-0.243793517406963,FALSE
SLC25A39,0.243697478991597,FALSE
MAPK11,0.243697478991597,FALSE
SRPK2,-0.243697478991597,FALSE
CAMKK1,-0.243697478991597,FALSE
PBX2,0.243697478991597,TRUE
SLC16A1,-0.243697478991597,FALSE
PCDHGC4,-0.243697478991597,FALSE
MRGPRF,-0.243697478991597,FALSE
FKBP1B,-0.243697478991597,FALSE
XGPY2,-0.243601440576231,FALSE
PLCB2,0.243601440576231,FALSE
PRKAR2B,0.243601440576231,FALSE
LRRC4,-0.243601440576231,FALSE
STXBP5L,-0.243505402160864,FALSE
LCE4A,-0.243505402160864,FALSE
ACTRT2,-0.243505402160864,FALSE
ANKRD26P3,0.243505402160864,FALSE
SAMD14,-0.243505402160864,FALSE
KCNQ4,-0.243409363745498,FALSE
KALRN,0.243409363745498,FALSE
P4HA3,-0.243409363745498,FALSE
ICA1,0.243409363745498,FALSE
MRPS25,0.243409363745498,FALSE
CSNK1E,0.243313325330132,FALSE
PHF16,-0.243313325330132,FALSE
THAP1,-0.243217286914766,TRUE
AHCYL1,0.243217286914766,FALSE
PPP2CB,0.243217286914766,FALSE
MANSC1,0.243217286914766,FALSE
GPR1,-0.2431212484994,FALSE
FCGR2A,-0.2431212484994,FALSE
EFCAB3,0.2431212484994,FALSE
NHP2L1,-0.2431212484994,FALSE
ZBTB6,-0.2431212484994,TRUE
C15orf41,-0.2431212484994,FALSE
EPYC,-0.243025210084034,FALSE
PKMYT1,-0.243025210084034,FALSE
MTR,-0.243025210084034,FALSE
TOR1B,0.243025210084034,FALSE
IGDCC3,-0.243025210084034,FALSE
LOC439911,0.243025210084034,FALSE
NSUN3,-0.242929171668668,FALSE
TRPC6,-0.242929171668668,FALSE
OR4C6,0.242929171668668,FALSE
LOC152286,0.242833133253301,FALSE
ATE1,-0.242833133253301,FALSE
USP8,0.242833133253301,FALSE
LY9,-0.242737094837935,FALSE
KIF13B,0.242737094837935,FALSE
SERPINI1,-0.242737094837935,FALSE
ADPRHL2,0.242737094837935,FALSE
HAGHL,-0.242641056422569,FALSE
LOC340017,0.242545018007203,FALSE
EIF4A1,-0.242545018007203,FALSE
NT5C3,0.242545018007203,FALSE
GTF2F1,0.242545018007203,FALSE
C21orf30,-0.242545018007203,FALSE
EBLN2,0.242545018007203,FALSE
LOC727710,-0.242545018007203,FALSE
CPZ,-0.242545018007203,FALSE
BOD1P,-0.242448979591837,FALSE
GCLC,0.242448979591837,FALSE
UCKL1-AS1,-0.242448979591837,FALSE
VSTM4,-0.242448979591837,FALSE
TAF7L,-0.242448979591837,FALSE
SLC4A5,0.242448979591837,FALSE
UGT2A2,-0.242448979591837,FALSE
TIMM44,0.242352941176471,FALSE
PODNL1,-0.242352941176471,FALSE
BIN1,0.242352941176471,FALSE
CDH19,0.242352941176471,FALSE
C15orf32,-0.242256902761104,FALSE
DMPK,0.242256902761104,FALSE
GPSM3,-0.242256902761104,FALSE
SND1,-0.242256902761104,FALSE
C8orf50,0.242256902761104,FALSE
BMS1P1,0.242256902761104,FALSE
SLC1A1,-0.242160864345738,FALSE
PHLDA1,-0.242160864345738,FALSE
RPS7P5,-0.242160864345738,FALSE
SLC25A20,0.242160864345738,FALSE
LOC100129995,-0.242160864345738,FALSE
TSSK6,-0.242160864345738,FALSE
RPLP2,-0.242064825930372,FALSE
PROK1,-0.242064825930372,FALSE
LOC440356,-0.242064825930372,FALSE
PCDH10,0.241968787515006,FALSE
GREM1,-0.241968787515006,FALSE
PRMT1,0.241968787515006,FALSE
CSTF2T,-0.241968787515006,FALSE
LRP11,-0.241968787515006,FALSE
CMIP,0.241968787515006,FALSE
CRYM,-0.241968787515006,FALSE
PPIL3,-0.24187274909964,FALSE
TCEANC2,-0.24187274909964,FALSE
VKORC1L1,0.241776710684274,FALSE
DENND1B,-0.241776710684274,FALSE
ZNF595,0.241776710684274,TRUE
CTTNBP2,0.241680672268908,FALSE
FYTTD1,-0.241584633853541,FALSE
LOC100128501,0.241584633853541,FALSE
NARFL,0.241584633853541,FALSE
SNORA22,-0.241584633853541,FALSE
NBEA,0.241584633853541,FALSE
ERVW-1,0.241488595438175,FALSE
CDKL3,-0.241488595438175,FALSE
FAM83H,-0.241488595438175,FALSE
LUC7L3,0.241488595438175,FALSE
HSPA13,-0.241488595438175,FALSE
S100A14,0.241488595438175,FALSE
POU2F3,-0.241488595438175,TRUE
PLSCR5,0.241392557022809,FALSE
COL17A1,-0.241392557022809,FALSE
PMS2L2,0.241296518607443,FALSE
LOC100505876,-0.241200480192077,FALSE
ZNF805,-0.241200480192077,TRUE
TEX19,-0.241200480192077,FALSE
CTSL3,-0.241200480192077,FALSE
INTS4,-0.241104441776711,FALSE
SCARNA1,-0.241104441776711,FALSE
RTL1,-0.241104441776711,FALSE
CD8B,0.241104441776711,FALSE
MAOA,0.241104441776711,FALSE
LOC100128591,-0.241008403361345,FALSE
LRRIQ1,0.241008403361345,FALSE
NCAPH,-0.241008403361345,FALSE
KCNT1,0.240912364945978,FALSE
SCML4,0.240912364945978,FALSE
GADD45GIP1,-0.240912364945978,FALSE
NUCB1,0.240912364945978,FALSE
LINC00204B,0.240816326530612,FALSE
SNORA28,-0.240816326530612,FALSE
LOC100131089,0.240720288115246,FALSE
C11orf94,-0.240720288115246,FALSE
CACNB4,-0.240720288115246,FALSE
PAQR5,-0.240720288115246,FALSE
AP3S2,0.240720288115246,FALSE
PRG1,0.240720288115246,FALSE
APLF,0.24062424969988,FALSE
PPP1R27,-0.24062424969988,FALSE
UBXN2A,-0.24062424969988,FALSE
ARID3C,-0.24062424969988,TRUE
SLC23A1,0.24062424969988,FALSE
LOC401980,-0.24062424969988,FALSE
ELOVL2,0.240528211284514,FALSE
CDIPT,0.240528211284514,FALSE
MGP,-0.240528211284514,FALSE
PRO0471,0.240432172869148,FALSE
FAHD1,-0.240432172869148,FALSE
PKD2L1,-0.240432172869148,FALSE
TGFB2,-0.240432172869148,FALSE
COX6A1,-0.240432172869148,FALSE
ERN1,-0.240432172869148,FALSE
ZNF175,0.240432172869148,TRUE
HAUS1,-0.240432172869148,FALSE
PSMB7,-0.240336134453782,FALSE
KCTD13,0.240336134453782,FALSE
DZIP1L,0.240336134453782,FALSE
FAM103A1,-0.240240096038415,FALSE
ATP5J,-0.240240096038415,FALSE
MAP3K12,0.240144057623049,FALSE
SNAI3,0.240144057623049,TRUE
CASP2,0.240144057623049,FALSE
LINC00273,-0.240144057623049,FALSE
SPNS2,-0.240048019207683,FALSE
RAB31,-0.240048019207683,FALSE
LOC339894,-0.240048019207683,FALSE
LOC400620,0.240048019207683,FALSE
CLVS2,0.240048019207683,FALSE
KLK5,0.240048019207683,FALSE
PUM1,0.239951980792317,FALSE
RENBP,-0.239951980792317,FALSE
OR51M1,-0.239951980792317,FALSE
PRPH2,-0.239855942376951,FALSE
LOC728012,-0.239855942376951,FALSE
PSMG1,-0.239855942376951,FALSE
SLC22A18,-0.239855942376951,FALSE
LOC100289580,-0.239855942376951,FALSE
HBM,0.239759903961585,FALSE
C11orf48,-0.239759903961585,FALSE
LINC00340,-0.239663865546219,FALSE
ENDOU,0.239663865546219,FALSE
KATNB1,0.239663865546219,FALSE
CNPY4,-0.239663865546219,FALSE
XPNPEP2,-0.239567827130852,FALSE
VAV1,0.239567827130852,FALSE
LOC728903,-0.239567827130852,FALSE
LOC729164,-0.239567827130852,FALSE
NKX2-6,-0.239567827130852,TRUE
C6orf168,-0.239567827130852,FALSE
LOC643669,-0.23937575030012,FALSE
AKTIP,0.23937575030012,FALSE
LOC283788,0.23937575030012,FALSE
PLN,0.23937575030012,FALSE
EIF5A2,-0.23937575030012,FALSE
KRTAP16-1,-0.23937575030012,FALSE
FLJ32742,-0.23937575030012,FALSE
LOC100652758,0.239279711884754,FALSE
PTPRN,-0.239279711884754,FALSE
C5orf49,-0.239279711884754,FALSE
GATC,-0.239183673469388,FALSE
LOC100134040,0.239183673469388,FALSE
MYL10,-0.239183673469388,FALSE
DNAJB4,-0.239183673469388,FALSE
GIMAP1,0.239183673469388,FALSE
BRIX1,-0.239087635054022,FALSE
PTPN3,0.239087635054022,FALSE
C6orf226,0.239087635054022,FALSE
CCDC67,-0.239087635054022,FALSE
AUP1,0.239087635054022,FALSE
LOC728196,-0.239087635054022,FALSE
LOC728158,0.239087635054022,FALSE
GPR111,-0.239087635054022,FALSE
LOC494558,0.239087635054022,FALSE
AGTRAP,0.238991596638655,FALSE
CTBS,-0.238991596638655,FALSE
KLHL38,-0.238991596638655,FALSE
COL11A1,-0.238895558223289,FALSE
LATS1,-0.238895558223289,FALSE
HMGA1,0.238895558223289,FALSE
NAIF1,-0.238895558223289,FALSE
LOC158435,0.238895558223289,FALSE
ALPK2,-0.238799519807923,FALSE
CHCHD8,-0.238799519807923,FALSE
HMSD,-0.238799519807923,FALSE
FIP1L1,-0.238799519807923,FALSE
SKAP1,0.238799519807923,FALSE
EIF3C,-0.238799519807923,FALSE
HDAC3,-0.238799519807923,FALSE
MVP,-0.238799519807923,FALSE
LRRC40,-0.238799519807923,FALSE
TMEM14E,0.238799519807923,FALSE
ACRV1,0.238799519807923,FALSE
LRRIQ3,-0.238703481392557,FALSE
C15orf40,-0.238703481392557,FALSE
BCL2L10,-0.238703481392557,FALSE
PADI1,0.238703481392557,FALSE
ATP13A2,0.238607442977191,FALSE
PHC1,0.238607442977191,FALSE
RLTPR,-0.238511404561825,FALSE
BSG,0.238511404561825,FALSE
SIX4,-0.238511404561825,TRUE
PSMA4,-0.238511404561825,FALSE
OLFML2A,-0.238511404561825,FALSE
SS18,0.238511404561825,FALSE
EMX2OS,0.238511404561825,FALSE
PIM2,0.238415366146459,FALSE
DNAAF2,-0.238415366146459,FALSE
PLCD1,-0.238415366146459,FALSE
SPG20OS,-0.238415366146459,FALSE
ANKRD26P1,-0.238415366146459,FALSE
MED7,-0.238319327731093,FALSE
DACT2,0.238319327731093,FALSE
COX7B,-0.238319327731093,FALSE
LOC157740,-0.238319327731093,FALSE
OR10H4,-0.238319327731093,FALSE
SLC7A3,-0.238319327731093,FALSE
FREM2,0.238319327731093,FALSE
LOC285577,0.238223289315726,FALSE
KLRD1,0.238223289315726,FALSE
SCARNA9,-0.238223289315726,FALSE
LOC100130172,-0.238223289315726,FALSE
OR52W1,0.238223289315726,FALSE
PA2G4,-0.23812725090036,FALSE
CLDN1,-0.238031212484994,FALSE
LOC254128,0.238031212484994,FALSE
RBBP8,-0.238031212484994,FALSE
DPY19L2P3,-0.238031212484994,FALSE
KIAA1033,-0.238031212484994,FALSE
LOC100132356,0.238031212484994,FALSE
OTX1,-0.237935174069628,TRUE
DEGS2,-0.237935174069628,FALSE
INSR,0.237839135654262,FALSE
FLJ44477,-0.237839135654262,FALSE
SSRP1,0.237839135654262,FALSE
SYS1,-0.237839135654262,FALSE
RAB11FIP2,0.237839135654262,FALSE
SLC48A1,0.237839135654262,FALSE
LOC100128304,-0.237839135654262,FALSE
COL6A3,-0.237743097238896,FALSE
LEF1,-0.237743097238896,TRUE
MAML3,-0.237743097238896,FALSE
RAVER1,-0.237743097238896,FALSE
DPP7,0.237743097238896,FALSE
NOA1,-0.237743097238896,FALSE
TRIT1,0.237647058823529,FALSE
SEMA6D,0.237647058823529,FALSE
LRRC70,0.237647058823529,FALSE
KRTAP10-7,-0.237647058823529,FALSE
TAF1B,-0.237551020408163,FALSE
BRI3BP,-0.237551020408163,FALSE
OVOL2,-0.237551020408163,TRUE
CXCL13,-0.237454981992797,FALSE
SLC33A1,-0.237454981992797,FALSE
BMPR1A,-0.237454981992797,FALSE
PIK3C3,-0.237454981992797,FALSE
LPPR4,-0.237454981992797,FALSE
SLC25A3,-0.237358943577431,FALSE
COL14A1,-0.237358943577431,FALSE
HIST1H2BA,-0.237358943577431,FALSE
TTTY22,0.237358943577431,FALSE
TRIM49L2,-0.237358943577431,FALSE
EIF2AK2,-0.237262905162065,FALSE
NOSTRIN,0.237262905162065,FALSE
AGPAT2,0.237262905162065,FALSE
UHRF2,-0.237262905162065,FALSE
SRGAP1,0.237262905162065,FALSE
STIP1,0.237262905162065,FALSE
TCEB2,-0.237262905162065,FALSE
NEK9,0.237262905162065,FALSE
FABP9,0.237262905162065,FALSE
POMP,-0.237166866746699,FALSE
CCNT2,0.237166866746699,FALSE
C2orf51,-0.237166866746699,FALSE
FAM167A,-0.237166866746699,FALSE
PPP1R42,0.237166866746699,FALSE
YTHDF1,-0.237070828331333,FALSE
YAF2,-0.237070828331333,FALSE
FAM160B1,0.237070828331333,FALSE
DEFA4,0.236974789915966,FALSE
CEBPG,0.236974789915966,TRUE
PLCH2,-0.236974789915966,FALSE
SLC26A1,-0.236974789915966,FALSE
LOC284950,0.236974789915966,FALSE
MSMP,-0.2368787515006,FALSE
CNTNAP5,-0.2368787515006,FALSE
GPR160,0.236782713085234,FALSE
DNAJC16,-0.236782713085234,FALSE
TMEM136,-0.236782713085234,FALSE
LPAR5,-0.236782713085234,FALSE
LRRC10,-0.236686674669868,FALSE
MIR17HG,0.236686674669868,FALSE
C1orf27,0.236686674669868,FALSE
SPAG1,-0.236686674669868,FALSE
PIM3,0.236686674669868,FALSE
IGIP,0.236686674669868,FALSE
TAAR8,0.236686674669868,FALSE
LOC100133130,0.236590636254502,FALSE
BYSL,-0.236590636254502,FALSE
FES,0.236590636254502,FALSE
FGD3,-0.236590636254502,FALSE
CLSTN3,0.236590636254502,FALSE
EYA4,0.236590636254502,FALSE
LUZP2,0.236494597839136,FALSE
ROCK1,-0.236494597839136,FALSE
LTA4H,-0.236494597839136,FALSE
PGK1,-0.236494597839136,FALSE
DCP1B,-0.236494597839136,FALSE
CCDC28B,-0.23639855942377,FALSE
CDC42BPG,0.23639855942377,FALSE
BEX5,0.23639855942377,FALSE
LOC730227,-0.236302521008403,FALSE
PRKCQ,0.236302521008403,FALSE
LINC00304,0.236302521008403,FALSE
ODAM,-0.236206482593037,FALSE
USP50,-0.236206482593037,FALSE
ANKRD52,0.236110444177671,FALSE
MTERFD1,-0.236110444177671,FALSE
LOC100128477,0.236110444177671,FALSE
SH3BGRL2,0.236014405762305,FALSE
PLCXD2,-0.236014405762305,FALSE
METTL9,0.236014405762305,FALSE
MYADML2,-0.236014405762305,FALSE
GOLGA4,0.236014405762305,FALSE
AKAP13,0.236014405762305,FALSE
MGC16121,-0.236014405762305,FALSE
DEFB130,-0.236014405762305,FALSE
SNORA77,0.236014405762305,FALSE
C16orf61,-0.235918367346939,FALSE
SMU1,-0.235918367346939,FALSE
POU1F1,-0.235918367346939,TRUE
UPK2,-0.235918367346939,FALSE
WNT7A,-0.235822328931573,FALSE
CAP2,0.235822328931573,FALSE
NUDT14,-0.235822328931573,FALSE
MAP4,-0.235726290516207,FALSE
GNAQ,-0.235726290516207,FALSE
SERPIND1,-0.235726290516207,FALSE
ODF4,-0.235726290516207,FALSE
OR2T27,-0.235726290516207,FALSE
FLJ11710,0.235726290516207,FALSE
PROM2,-0.23563025210084,FALSE
CLDN17,-0.23563025210084,FALSE
MEN1,0.23563025210084,FALSE
P2RY6,-0.23563025210084,FALSE
LOC158376,0.235534213685474,FALSE
PIKFYVE,0.235534213685474,FALSE
CD244,0.235534213685474,FALSE
LINC00115,0.235534213685474,FALSE
COL9A1,-0.235438175270108,FALSE
GREB1L,0.235438175270108,FALSE
LEPROTL1,-0.235342136854742,FALSE
ZNF8,-0.235342136854742,TRUE
NDUFB6,-0.235342136854742,FALSE
ZNF764,-0.235342136854742,TRUE
DCP2,0.235342136854742,FALSE
LOC440297,-0.235246098439376,FALSE
TPT1,-0.235246098439376,FALSE
SLC25A44,0.23515006002401,FALSE
MTIF2,0.23515006002401,FALSE
NKG7,0.23515006002401,FALSE
UNQ9370,-0.23515006002401,FALSE
C5orf45,0.23515006002401,FALSE
IPO9,0.23515006002401,FALSE
OR2T10,0.23515006002401,FALSE
IQUB,0.23515006002401,FALSE
STAU2,-0.235054021608643,FALSE
RANGRF,-0.235054021608643,FALSE
ZC3H8,-0.235054021608643,TRUE
MMP25,0.234957983193277,FALSE
BPNT1,-0.234957983193277,FALSE
NUFIP2,0.234957983193277,FALSE
GMPS,-0.234957983193277,FALSE
RNF208,0.234861944777911,FALSE
SCARNA12,-0.234861944777911,FALSE
WDYHV1,-0.234861944777911,FALSE
TBC1D14,0.234861944777911,FALSE
SLC7A8,-0.234861944777911,FALSE
LOC642648,0.234861944777911,FALSE
SPRR1B,-0.234861944777911,FALSE
CP,0.234861944777911,FALSE
LOC100653296,-0.234765906362545,FALSE
LPHN1,0.234765906362545,FALSE
DKFZp761E198,0.234765906362545,FALSE
TSPAN18,0.234765906362545,FALSE
ZNRD1-AS1,-0.234765906362545,FALSE
TM9SF4,-0.234765906362545,FALSE
CDH18,-0.234765906362545,FALSE
GPR18,0.234765906362545,FALSE
ERF,0.234669867947179,TRUE
PCDHB13,-0.234669867947179,FALSE
TPI1,-0.234669867947179,FALSE
FLJ45872,-0.234669867947179,FALSE
NR1I3,-0.234669867947179,TRUE
SGK2,0.234669867947179,FALSE
FSCN1,-0.234573829531813,FALSE
C5orf13,-0.234573829531813,FALSE
UQCRFS1,-0.234573829531813,FALSE
PIP4K2A,0.234573829531813,FALSE
C8orf39,-0.234573829531813,FALSE
LEMD1,0.234573829531813,FALSE
CDC25C,-0.234477791116447,FALSE
MC1R,-0.234477791116447,FALSE
GJB3,-0.234477791116447,FALSE
GZMK,0.234477791116447,FALSE
FDX1,0.23438175270108,FALSE
LHCGR,0.23438175270108,FALSE
KARS,-0.23438175270108,FALSE
TMEM159,-0.23438175270108,FALSE
OR8U8,-0.23438175270108,FALSE
VSNL1,-0.234285714285714,FALSE
LOC100129363,0.234285714285714,FALSE
DEFB134,0.234285714285714,FALSE
PIK3R5,-0.234189675870348,FALSE
VAMP8,-0.234189675870348,FALSE
TMEM57,-0.234189675870348,FALSE
MYCBPAP,-0.234189675870348,FALSE
RSPO3,0.234189675870348,FALSE
TOMM20L,-0.234093637454982,FALSE
LINC00161,-0.234093637454982,FALSE
KLRC1,0.234093637454982,FALSE
LOC283481,0.234093637454982,FALSE
KIAA2022,0.234093637454982,FALSE
LOC642335,-0.234093637454982,FALSE
GVINP1,0.233997599039616,FALSE
YARS,0.233997599039616,FALSE
SCLT1,-0.233997599039616,FALSE
CN5H6.4,-0.233997599039616,FALSE
LINC00260,-0.23390156062425,FALSE
YY2,0.23390156062425,TRUE
DOCK5,-0.23390156062425,FALSE
NOTUM,-0.233805522208884,FALSE
TOX3,-0.233805522208884,FALSE
TMEM14B,-0.233805522208884,FALSE
PDZRN3,0.233805522208884,FALSE
SKINTL,0.233709483793517,FALSE
RARB,-0.233613445378151,TRUE
MCM9,-0.233613445378151,FALSE
LOC100129324,-0.233613445378151,FALSE
OR8D2,-0.233613445378151,FALSE
SPTBN1,0.233517406962785,FALSE
TXNDC11,0.233517406962785,FALSE
KLHL6,0.233517406962785,FALSE
ABL2,-0.233421368547419,FALSE
TAF1D,-0.233421368547419,FALSE
VGLL4,0.233421368547419,FALSE
AKR7A2,-0.233421368547419,FALSE
KCNK17,0.233325330132053,FALSE
PMS2P4,0.233325330132053,FALSE
SIX1,0.233325330132053,TRUE
FLRT1,-0.233325330132053,FALSE
GNGT2,-0.233229291716687,FALSE
PGM1,0.233229291716687,FALSE
SCN3B,0.233229291716687,FALSE
CDHR1,-0.233229291716687,FALSE
FLJ41200,0.233229291716687,FALSE
ITPKC,0.233133253301321,FALSE
COL18A1,-0.233133253301321,FALSE
TLR2,0.233133253301321,FALSE
FAM98C,0.233133253301321,FALSE
PROS1,-0.233133253301321,FALSE
ARF1,0.233133253301321,FALSE
LOC415056,-0.233133253301321,FALSE
FRMD8,0.233037214885954,FALSE
C17orf75,-0.233037214885954,FALSE
ACPT,-0.233037214885954,FALSE
DENND5B,0.232941176470588,FALSE
GABRA6,-0.232941176470588,FALSE
ZNF776,0.232941176470588,TRUE
ERC2,-0.232941176470588,FALSE
LOC285147,0.232941176470588,FALSE
TMEM194A,0.232941176470588,FALSE
HPSE2,-0.232941176470588,FALSE
MAN2B1,0.232845138055222,FALSE
CCDC104,-0.232845138055222,FALSE
LMNB2,-0.232845138055222,FALSE
AGFG1,0.232749099639856,FALSE
B3GNT3,-0.232749099639856,FALSE
CDC42SE1,0.232749099639856,FALSE
TSPAN10,-0.23265306122449,FALSE
SRGAP2P1,-0.23265306122449,FALSE
LOC91450,0.23265306122449,FALSE
ZNF3,0.23265306122449,TRUE
FLJ20444,0.23265306122449,FALSE
TOLLIP,-0.232557022809124,FALSE
HOXA11,-0.232557022809124,TRUE
ZNF667,0.232557022809124,TRUE
LMO4,0.232557022809124,FALSE
KDM5B,-0.232557022809124,FALSE
LOC100129069,-0.232557022809124,FALSE
SC5DL,0.232557022809124,FALSE
ZDHHC19,-0.232557022809124,FALSE
EMILIN2,-0.232460984393758,FALSE
LIMS3L,0.232460984393758,FALSE
SLC17A9,-0.232460984393758,FALSE
LOC100128508,0.232460984393758,FALSE
AMTN,-0.232364945978391,FALSE
C11orf49,-0.232364945978391,FALSE
LOC100506866,-0.232364945978391,FALSE
CD300C,0.232364945978391,FALSE
MOV10,0.232364945978391,FALSE
FPR2,-0.232364945978391,FALSE
BCL9,-0.232268907563025,FALSE
IGFBP4,0.232268907563025,FALSE
C8orf47,-0.232268907563025,FALSE
RNF19B,-0.232268907563025,FALSE
PDK1,0.232268907563025,FALSE
PSMG4,-0.232268907563025,FALSE
UBB,-0.232268907563025,FALSE
TRIM26,0.232268907563025,FALSE
SLC27A6,-0.232268907563025,FALSE
LOC645752,-0.232172869147659,FALSE
ISOC2,-0.232172869147659,FALSE
LOC284454,-0.232076830732293,FALSE
NLRP3,0.232076830732293,FALSE
ART1,-0.232076830732293,FALSE
PSMC4,0.232076830732293,FALSE
CCDC114,-0.232076830732293,FALSE
PRRT4,0.232076830732293,FALSE
UBE2U,-0.232076830732293,FALSE
LOC729852,-0.231980792316927,FALSE
CLDN14,0.231980792316927,FALSE
S1PR2,-0.231980792316927,FALSE
ZC3HAV1L,-0.231884753901561,FALSE
GOLGA8IP,0.231884753901561,FALSE
FLJ42393,0.231884753901561,FALSE
OR8J1,-0.231884753901561,FALSE
CCR3,0.231884753901561,FALSE
FLJ23865,0.231884753901561,FALSE
C8orf44-SGK3,0.231788715486195,FALSE
KLKB1,0.231788715486195,FALSE
ORMDL2,-0.231788715486195,FALSE
AEBP1,-0.231788715486195,TRUE
EGR4,-0.231788715486195,TRUE
APOB,-0.231788715486195,FALSE
PSD2,0.231788715486195,FALSE
NPAS1,-0.231692677070828,TRUE
NAB1,-0.231692677070828,FALSE
SLC9B1,0.231692677070828,FALSE
VOPP1,0.231692677070828,FALSE
ZNF167,-0.231692677070828,FALSE
TIMM17A,-0.231596638655462,FALSE
MRPL35,0.231596638655462,FALSE
NET1,0.231596638655462,FALSE
ZC3H3,0.231596638655462,FALSE
LOC100130542,0.231596638655462,FALSE
CYTL1,0.231500600240096,FALSE
GFOD2,0.231500600240096,FALSE
GFM1,-0.231500600240096,FALSE
ANKIB1,0.231500600240096,FALSE
SLC7A5P1,-0.231500600240096,FALSE
NLK,-0.231500600240096,FALSE
NCSTN,-0.23140456182473,FALSE
C10orf116,0.23140456182473,FALSE
ORAI3,0.23140456182473,FALSE
MMD2,-0.23140456182473,FALSE
P2RY8,0.231308523409364,FALSE
DBIL5P2,0.231308523409364,FALSE
TPRG1L,0.231308523409364,FALSE
SNORA71C,-0.231308523409364,FALSE
PITHD1,0.231308523409364,FALSE
TOMM40,0.231212484993998,FALSE
POLR3H,0.231212484993998,FALSE
SIGLEC6,0.231212484993998,FALSE
LOC400464,0.231212484993998,FALSE
UTP6,0.231212484993998,FALSE
ARL5C,0.231212484993998,FALSE
ZCWPW2,-0.231212484993998,FALSE
SELV,-0.231116446578631,FALSE
ZRANB2,0.231116446578631,FALSE
LOC400950,-0.231020408163265,FALSE
USP17,-0.231020408163265,FALSE
ZNF501,-0.231020408163265,TRUE
C12orf28,0.230924369747899,FALSE
LOC100129060,-0.230924369747899,FALSE
LOC149351,-0.230924369747899,FALSE
EEF2,0.230924369747899,FALSE
KIRREL3-AS3,-0.230828331332533,FALSE
CYB5R2,-0.230828331332533,FALSE
COPS4,-0.230828331332533,FALSE
GABRR2,-0.230828331332533,FALSE
E2F8,-0.230732292917167,TRUE
METTL21A,-0.230732292917167,FALSE
AQP4,-0.230732292917167,FALSE
ACER2,-0.230732292917167,FALSE
OR4A5,-0.230732292917167,FALSE
CFH,-0.230636254501801,FALSE
WDTC1,-0.230636254501801,FALSE
CRYBB1,-0.230636254501801,FALSE
CELF3,-0.230540216086435,FALSE
C1orf70,-0.230540216086435,FALSE
HCG9,-0.230540216086435,FALSE
C8orf22,-0.230540216086435,FALSE
PIN1,-0.230540216086435,FALSE
LOC100129675,0.230540216086435,FALSE
CRABP2,-0.230540216086435,FALSE
GLYAT,0.230444177671068,FALSE
POP5,-0.230444177671068,FALSE
HIST3H3,-0.230444177671068,FALSE
LOC100505683,0.230444177671068,FALSE
FLJ39632,-0.230444177671068,FALSE
CPOX,-0.230348139255702,FALSE
METTL1,-0.230348139255702,FALSE
LDHA,-0.230252100840336,FALSE
SNX6,-0.230252100840336,FALSE
WDR86,0.230252100840336,FALSE
PLA2G4C,0.230252100840336,FALSE
FAM122B,-0.230252100840336,FALSE
VPS37D,-0.230252100840336,FALSE
WWTR1,-0.23015606242497,FALSE
ZNF676,0.23015606242497,TRUE
FEM1C,-0.23015606242497,FALSE
GHRL,0.23015606242497,FALSE
C21orf31,-0.23015606242497,FALSE
FASTKD3,-0.230060024009604,FALSE
CYMP,0.230060024009604,FALSE
CLEC4F,0.230060024009604,FALSE
FOXO4,0.229963985594238,TRUE
PAFAH1B3,-0.229963985594238,FALSE
ANXA5,-0.229963985594238,FALSE
SF3A1,0.229963985594238,FALSE
APOD,0.229963985594238,FALSE
CAMP,0.229867947178872,FALSE
CDKL4,-0.229867947178872,FALSE
INTS5,-0.229867947178872,FALSE
LIMS1,-0.229867947178872,FALSE
FAM106CP,0.229867947178872,FALSE
C4BPB,-0.229771908763505,FALSE
FUT10,0.229771908763505,FALSE
FGL2,0.229771908763505,FALSE
LOC100289178,-0.229771908763505,FALSE
PITPNM1,0.229771908763505,FALSE
DPYSL3,-0.229771908763505,FALSE
NDUFAF4,-0.229675870348139,FALSE
DDIT4,0.229675870348139,FALSE
PCSK7,0.229675870348139,FALSE
KCNC4,0.229675870348139,FALSE
GPR21,-0.229675870348139,FALSE
ADH1C,0.229675870348139,FALSE
PPP1R14D,-0.229579831932773,FALSE
GZMA,0.229579831932773,FALSE
PROCA1,0.229579831932773,FALSE
C1orf114,-0.229579831932773,FALSE
C17orf98,0.229483793517407,FALSE
PPID,-0.229483793517407,FALSE
TMIE,-0.229483793517407,FALSE
MICU1,0.229483793517407,FALSE
B3GALNT1,-0.229483793517407,FALSE
FAM154B,-0.229483793517407,FALSE
AFMID,-0.229387755102041,FALSE
CD63,-0.229387755102041,FALSE
UBE2L3,-0.229387755102041,FALSE
MCF2L-AS1,0.229387755102041,FALSE
RAB38,-0.229387755102041,FALSE
FAHD2A,0.229291716686675,FALSE
PEF1,0.229291716686675,FALSE
TMEM25,0.229291716686675,FALSE
LOC100130078,-0.229291716686675,FALSE
LOC100505873,0.229291716686675,FALSE
ZCCHC12,-0.229291716686675,FALSE
ANTXR2,-0.229195678271309,FALSE
PPTC7,-0.229195678271309,FALSE
GMNN,-0.229195678271309,FALSE
C2CD2L,0.229195678271309,FALSE
PTPN22,-0.229195678271309,FALSE
NDUFA9,0.229195678271309,FALSE
TMTC4,-0.229195678271309,FALSE
SLC24A1,0.229195678271309,FALSE
VASP,-0.229195678271309,FALSE
LOC285370,0.229099639855942,FALSE
SHROOM4,0.229099639855942,FALSE
C2orf47,-0.229099639855942,FALSE
EMX2,0.229099639855942,TRUE
GNN,-0.229003601440576,FALSE
FLJ37798,-0.229003601440576,FALSE
DCAF7,0.22890756302521,FALSE
SPIN4,-0.22890756302521,FALSE
MS4A3,-0.228811524609844,FALSE
TEAD1,0.228811524609844,TRUE
BOLA1,-0.228811524609844,FALSE
FBXL16,0.228811524609844,FALSE
SEC31A,-0.228811524609844,FALSE
DKFZP761C1711,0.228811524609844,FALSE
ATL2,-0.228715486194478,FALSE
CDCA7L,-0.228715486194478,FALSE
SPCS2,-0.228715486194478,FALSE
UNC80,-0.228715486194478,FALSE
JSRP1,-0.228619447779112,FALSE
IVNS1ABP,-0.228619447779112,FALSE
FLJ42392,0.228619447779112,FALSE
C12orf49,-0.228619447779112,FALSE
FKBP10,-0.228619447779112,FALSE
LOC200609,0.228619447779112,FALSE
EDF1,-0.228619447779112,FALSE
FLJ45950,-0.228619447779112,FALSE
PHB2,0.228619447779112,FALSE
ABCB4,-0.228619447779112,FALSE
HES6,-0.228523409363746,TRUE
VSX2,-0.228523409363746,TRUE
SRSF8,0.228523409363746,FALSE
HS6ST1,-0.228523409363746,FALSE
DNMT3L,-0.228523409363746,FALSE
SLC6A10P,0.228427370948379,FALSE
FTH1,0.228427370948379,FALSE
LOC729681,-0.228427370948379,FALSE
NXT1,-0.228427370948379,FALSE
TCEAL5,-0.228427370948379,FALSE
BBC3,-0.228427370948379,FALSE
FAM74A1,0.228331332533013,FALSE
LOC100132831,0.228331332533013,FALSE
C11orf54,-0.228331332533013,FALSE
SETD8,-0.228331332533013,FALSE
PRICKLE1,-0.228331332533013,FALSE
ITIH6,-0.228235294117647,FALSE
C2orf50,-0.228235294117647,FALSE
FAM20B,0.228235294117647,FALSE
ZNF398,0.228235294117647,TRUE
TRPM7,-0.228235294117647,FALSE
DNAJA1P5,-0.228139255702281,FALSE
SMPDL3A,-0.228139255702281,FALSE
PRKCE,-0.228139255702281,FALSE
FLJ31713,-0.228139255702281,FALSE
LOC100128843,-0.228139255702281,FALSE
LRTOMT,0.228139255702281,FALSE
C17orf107,-0.228139255702281,FALSE
TMEM229B,-0.228139255702281,FALSE
CSF2RA,0.228043217286915,FALSE
PFN1,-0.228043217286915,FALSE
PSMD4,-0.228043217286915,FALSE
PRRG4,-0.228043217286915,FALSE
MYO7B,0.227947178871549,FALSE
RGS9BP,-0.227851140456182,FALSE
AHNAK2,-0.227851140456182,FALSE
DUSP6,0.227851140456182,FALSE
RHOD,0.227851140456182,FALSE
BRWD1,0.227851140456182,FALSE
C6orf58,-0.227851140456182,FALSE
MIXL1,-0.227851140456182,TRUE
MCCC2,-0.227755102040816,FALSE
CYP2R1,0.227755102040816,FALSE
CYP4B1,0.22765906362545,FALSE
PHF21B,-0.22765906362545,FALSE
SPRR2F,-0.22765906362545,FALSE
TOR1A,-0.227563025210084,FALSE
ZNF582,-0.227563025210084,TRUE
CCR2,0.227563025210084,FALSE
PSENEN,-0.227563025210084,FALSE
EVC,0.227563025210084,FALSE
C19orf21,-0.227563025210084,FALSE
NBPF1,0.227466986794718,FALSE
TXNDC5,-0.227466986794718,FALSE
C11orf41,-0.227466986794718,FALSE
WLS,-0.227466986794718,FALSE
DENND1A,-0.227466986794718,FALSE
PLDN,-0.227466986794718,FALSE
TMEM179B,0.227466986794718,FALSE
LOC100131667,-0.227466986794718,FALSE
SNORA26,-0.227466986794718,FALSE
RBM43,0.227370948379352,FALSE
NLGN4X,-0.227370948379352,FALSE
SH2D7,-0.227370948379352,FALSE
KRTAP13-3,-0.227370948379352,FALSE
CX3CR1,0.227370948379352,FALSE
CELA1,-0.227274909963986,FALSE
RUFY3,0.227274909963986,FALSE
SLC12A2,-0.227274909963986,FALSE
AGA,-0.227274909963986,FALSE
SUMF1,-0.227274909963986,FALSE
IDO1,-0.227274909963986,FALSE
BICD1,-0.227274909963986,FALSE
KLK15,-0.227274909963986,FALSE
SIGLEC10,0.227178871548619,FALSE
UQCC,-0.227178871548619,FALSE
FXYD4,-0.227178871548619,FALSE
TMEM42,-0.227178871548619,FALSE
ACTG2,-0.227082833133253,FALSE
MARS2,-0.227082833133253,FALSE
ESR1,-0.227082833133253,TRUE
TCP1,-0.227082833133253,FALSE
PIK3C2A,0.227082833133253,FALSE
TMEM156,0.227082833133253,FALSE
C9orf167,0.227082833133253,FALSE
SPATA9,0.226986794717887,FALSE
TTC24,-0.226986794717887,FALSE
LOC100653515,0.226986794717887,FALSE
CYP2W1,-0.226890756302521,FALSE
ROS1,-0.226890756302521,FALSE
SUV39H2,-0.226890756302521,FALSE
TRIM16,-0.226890756302521,FALSE
GOLGA6L9,0.226890756302521,FALSE
ZNF341,0.226890756302521,TRUE
ANKRD57,-0.226890756302521,FALSE
NUP93,0.226890756302521,FALSE
GNB5,0.226890756302521,FALSE
SPAG7,0.226890756302521,FALSE
SERPINB2,-0.226794717887155,FALSE
OSBP2,0.226794717887155,FALSE
ILVBL,0.226794717887155,FALSE
PSPC1,-0.226794717887155,FALSE
IFI30,-0.226794717887155,FALSE
LOC644662,0.226794717887155,FALSE
CA9,-0.226794717887155,FALSE
ABCA3,0.226698679471789,FALSE
LOC401022,-0.226698679471789,FALSE
TMEM85,-0.226698679471789,FALSE
ZC3H12A,0.226698679471789,FALSE
RNF150,0.226602641056423,FALSE
UFM1,-0.226602641056423,FALSE
ASPSCR1,-0.226602641056423,FALSE
ADAMTS5,0.226602641056423,FALSE
TBRG4,0.226602641056423,FALSE
SPOP,-0.226602641056423,FALSE
HLA-B,0.226506602641056,FALSE
SAV1,-0.226506602641056,FALSE
RPL21P44,-0.226506602641056,FALSE
SNORA12,-0.226506602641056,FALSE
ZNF619,-0.226506602641056,TRUE
LOC148696,-0.226506602641056,FALSE
FAM154A,0.226506602641056,FALSE
SPINT2,0.226506602641056,FALSE
ADAM19,-0.22641056422569,FALSE
KRT12,-0.22641056422569,FALSE
EIF3M,-0.22641056422569,FALSE
RALYL,-0.226314525810324,FALSE
SYNJ2,-0.226314525810324,FALSE
ZNF548,0.226314525810324,TRUE
ALKBH3,0.226218487394958,FALSE
MGC2889,-0.226218487394958,FALSE
LOC642947,-0.226218487394958,FALSE
AKR1CL1,-0.226122448979592,FALSE
LOC100129516,-0.226122448979592,FALSE
DOM3Z,0.226026410564226,FALSE
MYZAP,0.226026410564226,FALSE
RPL36AP33,0.226026410564226,FALSE
GP1BA,-0.226026410564226,FALSE
TGM2,0.22593037214886,FALSE
NPB,-0.22593037214886,FALSE
TTC25,0.22593037214886,FALSE
ADAM28,0.22593037214886,FALSE
OFD1,0.22593037214886,FALSE
CACNG2,0.22593037214886,FALSE
TMEM190,-0.22593037214886,FALSE
S100B,0.22593037214886,FALSE
RLF,0.225834333733493,TRUE
PDCD2L,0.225834333733493,FALSE
OPN5,-0.225834333733493,FALSE
LOC100129250,-0.225738295318127,FALSE
LDLRAP1,0.225738295318127,FALSE
LOC646268,-0.225738295318127,FALSE
BMX,0.225738295318127,FALSE
FBXO18,0.225738295318127,FALSE
FMN1,-0.225738295318127,FALSE
ZNF518B,-0.225738295318127,TRUE
WDR38,-0.225738295318127,FALSE
LOC100132764,-0.225738295318127,FALSE
MDFI,-0.225738295318127,FALSE
EMG1,0.225642256902761,FALSE
FLJ21369,-0.225546218487395,FALSE
CCDC68,0.225546218487395,FALSE
C5orf24,-0.225546218487395,FALSE
DLG3,0.225546218487395,FALSE
FAM75D4,-0.225546218487395,FALSE
TMEM176A,-0.225450180072029,FALSE
FLRT3,-0.225450180072029,FALSE
SIPA1L1,-0.225450180072029,FALSE
ALDH9A1,0.225450180072029,FALSE
MCM6,-0.225450180072029,FALSE
RBM14,0.225450180072029,FALSE
TRPC7,-0.225450180072029,FALSE
NOTO,-0.225450180072029,TRUE
TCEAL2,0.225354141656663,FALSE
ASB11,-0.225354141656663,FALSE
ZNF267,-0.225258103241297,FALSE
VPS16,0.225258103241297,FALSE
RXFP4,-0.225258103241297,FALSE
ABCD2,0.225258103241297,FALSE
SCGB2A1,0.225258103241297,FALSE
ABCC12,-0.22516206482593,FALSE
PNP,-0.22516206482593,FALSE
LOC100130865,-0.22516206482593,FALSE
ZNF30,0.22516206482593,TRUE
USP1,-0.22516206482593,FALSE
MTSS1L,0.225066026410564,FALSE
PRPF38B,0.225066026410564,FALSE
CXCR2P1,0.225066026410564,FALSE
PRDX6,-0.224969987995198,FALSE
CDRT15P1,-0.224969987995198,FALSE
KIAA2013,-0.224969987995198,FALSE
TRIM31,-0.224969987995198,FALSE
MFAP4,0.224969987995198,FALSE
HMBS,-0.224873949579832,FALSE
INF2,-0.224873949579832,FALSE
TMEM201,-0.224873949579832,FALSE
TMEM37,0.224873949579832,FALSE
RAB3IL1,0.224873949579832,FALSE
DMP1,-0.224777911164466,FALSE
CIAO1,0.224777911164466,FALSE
ZNF786,0.224777911164466,FALSE
TTTY13,-0.224777911164466,FALSE
C9orf25,0.2246818727491,FALSE
C18orf25,0.2246818727491,FALSE
CORO7,0.2246818727491,FALSE
CYP27A1,-0.2246818727491,FALSE
RGL4,0.224585834333734,FALSE
DOCK4,-0.224585834333734,FALSE
GPR115,-0.224585834333734,FALSE
MON1B,0.224585834333734,FALSE
JOSD2,-0.224489795918367,FALSE
RNF214,0.224489795918367,FALSE
ENOX2,-0.224489795918367,FALSE
FLJ23867,-0.224489795918367,FALSE
SAMD11,-0.224393757503001,TRUE
TSPYL6,-0.224393757503001,FALSE
DHX8,0.224393757503001,FALSE
LOC100129322,0.224297719087635,FALSE
HSD11B1,0.224297719087635,FALSE
TCEAL6,-0.224297719087635,FALSE
DKFZP586B0319,0.224297719087635,FALSE
OPN1SW,-0.224297719087635,FALSE
KLHDC9,0.224297719087635,FALSE
FLJ46906,0.224297719087635,FALSE
GOLGA8E,0.224201680672269,FALSE
NOD2,0.224201680672269,FALSE
RIN3,0.224201680672269,FALSE
DLX4,-0.224201680672269,TRUE
PLA2G6,0.224201680672269,FALSE
SLC34A1,0.224201680672269,FALSE
MAFF,0.224105642256903,TRUE
CARD11,0.224009603841537,FALSE
BFAR,0.224009603841537,FALSE
ALG3,-0.224009603841537,FALSE
GPR27,-0.224009603841537,FALSE
F3,-0.22391356542617,FALSE
TMEM126B,-0.22391356542617,FALSE
ZNF439,0.22391356542617,TRUE
NLRP4,-0.22391356542617,FALSE
LOC100128333,0.22391356542617,FALSE
XKRX,-0.22391356542617,FALSE
PCDHB10,0.22391356542617,FALSE
GXYLT1,0.223817527010804,FALSE
RNF168,-0.223817527010804,FALSE
TECR,0.223817527010804,FALSE
SIRT6,0.223817527010804,FALSE
LYG2,-0.223817527010804,FALSE
MLC1,-0.223721488595438,FALSE
CYP2B6,-0.223721488595438,FALSE
SORBS1,-0.223721488595438,FALSE
ANGPTL2,-0.223721488595438,FALSE
MST4,-0.223721488595438,FALSE
PLA2G2A,0.223625450180072,FALSE
ALDOB,-0.223625450180072,FALSE
PYROXD2,0.223625450180072,FALSE
LOC286071,-0.223625450180072,FALSE
COLEC11,-0.223529411764706,FALSE
ZNF813,-0.223529411764706,TRUE
MTHFD2,-0.223529411764706,FALSE
NDUFAF1,-0.223529411764706,FALSE
BTBD11,0.223529411764706,FALSE
WAC,0.223529411764706,FALSE
PHF2,0.223529411764706,FALSE
EDNRA,-0.22343337334934,FALSE
TTC32,0.22343337334934,FALSE
PWP2,0.22343337334934,FALSE
THAP5,-0.22343337334934,FALSE
GBP7,0.22343337334934,FALSE
DCLRE1B,-0.223337334933974,FALSE
SAP30L,0.223337334933974,FALSE
TP53AIP1,-0.223337334933974,FALSE
SYDE2,-0.223337334933974,FALSE
ZCCHC17,-0.223337334933974,FALSE
TICAM1,-0.223337334933974,FALSE
FTCD,0.223337334933974,FALSE
TSPAN2,-0.223337334933974,FALSE
OR10A3,-0.223241296518607,FALSE
KRT1,0.223241296518607,FALSE
EXOC3L2,0.223241296518607,FALSE
TCL6,-0.223241296518607,FALSE
PTGR1,0.223241296518607,FALSE
C7orf69,-0.223241296518607,FALSE
LOC100653060,0.223241296518607,FALSE
YWHAZ,-0.223145258103241,FALSE
CNPY1,-0.223145258103241,FALSE
LOC100134167,0.2231025955648,FALSE
ZC3H7B,0.223049219687875,FALSE
WBP4,-0.223049219687875,FALSE
LMAN1L,-0.223049219687875,FALSE
HINT1,-0.223049219687875,FALSE
FBXW10,0.223049219687875,FALSE
C10orf91,-0.223049219687875,FALSE
C1orf127,-0.222953181272509,FALSE
F13A1,-0.222953181272509,FALSE
UBFD1,-0.222953181272509,FALSE
LOC100127888,-0.222953181272509,FALSE
MMP20,-0.222857142857143,FALSE
C22orf39,0.222857142857143,FALSE
SIRT2,0.222857142857143,FALSE
LOC440993,0.222857142857143,FALSE
CETN1,-0.222857142857143,FALSE
TAS2R9,-0.222857142857143,FALSE
SRSF11,-0.222761104441777,FALSE
FAM102B,-0.222761104441777,FALSE
PDZD3,0.222761104441777,FALSE
KCNK1,-0.222761104441777,FALSE
TERT,-0.222761104441777,FALSE
GLIPR2,-0.222665066026411,FALSE
ODF3,-0.222665066026411,FALSE
RBMY2FP,0.222665066026411,FALSE
PRKRIR,0.222569027611044,FALSE
SMYD4,0.222569027611044,FALSE
ZNF672,0.222569027611044,TRUE
PRRX2,-0.222569027611044,TRUE
SIAE,-0.222569027611044,FALSE
C1orf150,-0.222569027611044,FALSE
IGLL1,0.222472989195678,FALSE
LCNL1,-0.222472989195678,FALSE
HIST1H4G,-0.222472989195678,FALSE
RTP3,-0.222472989195678,FALSE
SCARA3,-0.222376950780312,FALSE
TGS1,-0.222376950780312,FALSE
HYLS1,-0.222376950780312,FALSE
SPP1,-0.222376950780312,FALSE
OR51A2,0.222376950780312,FALSE
ZNF334,-0.222376950780312,TRUE
PCDHB18,-0.222376950780312,FALSE
MIER3,-0.222280912364946,FALSE
FLJ46010,-0.222280912364946,FALSE
RPS16P5,0.222280912364946,FALSE
SMOX,-0.222280912364946,FALSE
OLIG3,-0.222280912364946,TRUE
FCGR1B,-0.22218487394958,FALSE
LOC100128292,-0.22218487394958,FALSE
ATRIP,-0.22218487394958,FALSE
SLC25A25,0.22218487394958,FALSE
SORBS2,-0.22218487394958,FALSE
CKLF,-0.22218487394958,FALSE
ZDHHC14,0.222088835534214,FALSE
LOC731789,0.222088835534214,FALSE
ZNF471,0.222088835534214,TRUE
SCAND3,0.222088835534214,FALSE
RBMS2,-0.221992797118848,FALSE
AMMECR1L,0.221992797118848,FALSE
NPR2,0.221992797118848,FALSE
CNIH3,-0.221992797118848,FALSE
PIAS2,-0.221992797118848,FALSE
JAM2,-0.221896758703481,FALSE
IFI16,-0.221896758703481,FALSE
LOC100129572,-0.221896758703481,FALSE
CTSL2,-0.221896758703481,FALSE
FKBP1A,-0.221800720288115,FALSE
FAM13A,0.221800720288115,FALSE
HMGCS1,0.221800720288115,FALSE
ITGA8,0.221800720288115,FALSE
ANKRD13C,-0.221800720288115,FALSE
LOC100128988,-0.221800720288115,FALSE
FAM117A,0.221800720288115,FALSE
FAM25C,-0.221704681872749,FALSE
GPR133,-0.221704681872749,FALSE
EVI5,-0.221704681872749,FALSE
CBFA2T2,0.221704681872749,FALSE
AKIP1,-0.221704681872749,FALSE
METTL21B,0.221704681872749,FALSE
C1QL3,-0.221704681872749,FALSE
KCTD12,-0.221704681872749,FALSE
LOC283887,0.221704681872749,FALSE
GUCA2A,-0.221704681872749,FALSE
TLE4,0.221608643457383,FALSE
ANGPT1,0.221608643457383,FALSE
SYT9,0.221608643457383,FALSE
LOC284998,-0.221608643457383,FALSE
OPALIN,-0.221608643457383,FALSE
LBP,0.221512605042017,FALSE
MLL2,0.221512605042017,FALSE
C21orf7,-0.221512605042017,FALSE
MTCP1NB,-0.221512605042017,FALSE
FLJ39051,-0.221512605042017,FALSE
GHSR,-0.221416566626651,FALSE
OR52E6,-0.221416566626651,FALSE
DDX5,0.221416566626651,FALSE
RIPK3,-0.221416566626651,FALSE
LOC100652917,-0.221416566626651,FALSE
LOC100129931,0.221320528211285,FALSE
PRRG2,-0.221320528211285,FALSE
ACBD3,-0.221320528211285,FALSE
ILDR2,-0.221224489795918,FALSE
OR6Q1,-0.221128451380552,FALSE
GGT7,0.221128451380552,FALSE
HTR2A,-0.221128451380552,FALSE
DHX33,0.221128451380552,FALSE
ATP5F1,-0.221128451380552,FALSE
HDGFL1,-0.221128451380552,FALSE
RAP1B,-0.221128451380552,FALSE
LOC541467,-0.221128451380552,FALSE
HADHA,0.221128451380552,FALSE
KRT73,-0.221032412965186,FALSE
GLI2,-0.221032412965186,TRUE
DUS3L,0.221032412965186,FALSE
LY6G6C,0.221032412965186,FALSE
KGFLP1,-0.22093637454982,FALSE
CAMSAP2,0.22093637454982,FALSE
N4BP2,-0.22093637454982,FALSE
UBE2D2,-0.22093637454982,FALSE
RABEPK,-0.220840336134454,FALSE
LOC285191,-0.220840336134454,FALSE
C9orf93,0.220840336134454,FALSE
OR10G9,0.220744297719088,FALSE
LOC100652805,-0.220744297719088,FALSE
NCLN,0.220744297719088,FALSE
TMEM235,-0.220744297719088,FALSE
SYTL1,0.220648259303721,FALSE
IPO7,-0.220648259303721,FALSE
MUC22,-0.220648259303721,FALSE
OR4A47,-0.220552220888355,FALSE
IL18RAP,0.220552220888355,FALSE
ATP6V0C,-0.220552220888355,FALSE
SRA1,-0.220552220888355,FALSE
GLCCI1,0.220552220888355,FALSE
LTC4S,0.220552220888355,FALSE
TEC,0.220552220888355,FALSE
APOBEC3D,-0.220456182472989,FALSE
RASAL3,-0.220456182472989,FALSE
AP4B1,0.220456182472989,FALSE
OR2B11,-0.220456182472989,FALSE
OR1L4,0.220456182472989,FALSE
RASL11B,0.220360144057623,FALSE
DCLRE1A,-0.220360144057623,FALSE
TCERG1L,-0.220360144057623,FALSE
FOXR2,-0.220360144057623,TRUE
ST5,-0.220264105642257,FALSE
ZXDC,0.220264105642257,FALSE
CPD,0.220264105642257,FALSE
OR8B3,-0.220264105642257,FALSE
FCGR2C,-0.220168067226891,FALSE
LSM14B,-0.220168067226891,FALSE
NUP62CL,0.220168067226891,FALSE
KRT24,-0.220168067226891,FALSE
WHAMMP3,0.220168067226891,FALSE
FAM57B,-0.220072028811525,FALSE
JMJD4,-0.220072028811525,FALSE
LOC647107,-0.220072028811525,FALSE
FRYL,-0.219975990396159,FALSE
OR52K2,-0.219975990396159,FALSE
PABPC5-AS1,-0.219975990396159,FALSE
ACOX1,0.219879951980792,FALSE
CNGA1,-0.219879951980792,FALSE
GTSF1,-0.219783913565426,FALSE
ALDH3A1,0.219783913565426,FALSE
CXorf40B,0.219783913565426,FALSE
OPCML,-0.219783913565426,FALSE
EFS,0.219783913565426,FALSE
SLC15A3,0.21968787515006,FALSE
LOC407835,0.21968787515006,FALSE
TSSK3,-0.219591836734694,FALSE
C3orf22,-0.219591836734694,FALSE
LOC374443,0.219591836734694,FALSE
LOC400654,-0.219591836734694,FALSE
FLJ38773,-0.219591836734694,FALSE
TMPO,-0.219495798319328,FALSE
RPS19,-0.219495798319328,FALSE
PLSCR2,0.219399759903962,FALSE
VWA5B2,-0.219399759903962,FALSE
ACACA,-0.219399759903962,FALSE
TM9SF3,-0.219399759903962,FALSE
HIAT1,-0.219399759903962,FALSE
HINT2,0.219399759903962,FALSE
FOXL2,-0.219399759903962,TRUE
TMEM86A,-0.219399759903962,FALSE
AACSP1,0.219399759903962,FALSE
COPS7B,-0.219303721488595,FALSE
MKI67,-0.219207683073229,FALSE
PQLC1,0.219207683073229,FALSE
PPP6C,0.219207683073229,FALSE
PPP1R16B,0.219207683073229,FALSE
FAM205B,-0.219207683073229,FALSE
AATK,0.219111644657863,FALSE
MGC39584,-0.219015606242497,FALSE
OR4A15,-0.219015606242497,FALSE
KAT6B,0.219015606242497,FALSE
ATXN8OS,-0.219015606242497,FALSE
DES,-0.218919567827131,FALSE
HSPD1,-0.218919567827131,FALSE
GNG5,-0.218919567827131,FALSE
ALDH16A1,0.218919567827131,FALSE
PRKCZ,-0.218919567827131,FALSE
GALNT11,0.218919567827131,FALSE
ALDOAP2,-0.218919567827131,FALSE
GRIK1,0.218919567827131,FALSE
CREB3L2,-0.218823529411765,TRUE
ZNF841,0.218823529411765,FALSE
KRTAP20-2,-0.218823529411765,FALSE
TRGV7,-0.218823529411765,FALSE
HIST1H2BF,-0.218727490996399,FALSE
YDJC,-0.218727490996399,FALSE
SLPI,-0.218727490996399,FALSE
CD300LD,-0.218727490996399,FALSE
RIC8A,0.218727490996399,FALSE
XKR5,-0.218727490996399,FALSE
NR2F2,0.218727490996399,TRUE
HMOX1,-0.218727490996399,FALSE
NTSR2,-0.218631452581032,FALSE
GSG2,-0.218631452581032,FALSE
FASTKD5,-0.218631452581032,FALSE
CNTN3,0.218631452581032,FALSE
IRAK2,0.218631452581032,FALSE
BCAS3,-0.218535414165666,FALSE
LOC401242,-0.218535414165666,FALSE
GABRG2,-0.218535414165666,FALSE
MZF1,0.218535414165666,TRUE
LSP1,0.218535414165666,FALSE
YEATS4,-0.2184393757503,FALSE
TMTC2,-0.2184393757503,FALSE
CXCL9,0.218343337334934,FALSE
GLRX,-0.218343337334934,FALSE
CCR6,0.218343337334934,FALSE
MAP3K9,-0.218343337334934,FALSE
H2BFXP,0.218343337334934,FALSE
LOC100128529,0.218343337334934,FALSE
RPF1,-0.218247298919568,FALSE
AVL9,-0.218247298919568,FALSE
VASH1,0.218151260504202,FALSE
RSL24D1,-0.218055222088836,FALSE
PPM1M,0.218055222088836,FALSE
NOX3,-0.218055222088836,FALSE
THRAP3,-0.218055222088836,FALSE
ARID5A,0.217959183673469,FALSE
TNNI2,-0.217959183673469,FALSE
PPARA,0.217959183673469,TRUE
MAU2,0.217959183673469,FALSE
OR10V1,-0.217959183673469,FALSE
MTIF3,-0.217863145258103,FALSE
ACVR1C,0.217863145258103,FALSE
KIAA1826,-0.217767106842737,FALSE
FANCL,0.217767106842737,FALSE
LOC100128139,-0.217671068427371,FALSE
MYLK4,0.217671068427371,FALSE
XPR1,0.217671068427371,FALSE
HAUS5,0.217671068427371,FALSE
ZNF135,0.217671068427371,TRUE
RAB3C,-0.217575030012005,FALSE
R3HDML,-0.217575030012005,FALSE
HTR6,-0.217575030012005,FALSE
LHX5,-0.217382953181273,TRUE
PIGT,-0.217382953181273,FALSE
CYTH2,0.217382953181273,FALSE
LBX2,-0.217382953181273,TRUE
AGXT,-0.217286914765906,FALSE
ZFYVE1,0.21719087635054,FALSE
SUCLG2,-0.21719087635054,FALSE
SLC25A2,-0.21719087635054,FALSE
RGS7,0.217094837935174,FALSE
UTP23,-0.217094837935174,FALSE
LOC401320,0.217094837935174,FALSE
HIRA,0.217094837935174,FALSE
HBEGF,0.216998799519808,FALSE
LOC541473,-0.216998799519808,FALSE
REST,-0.216998799519808,TRUE
SLURP1,-0.216998799519808,FALSE
OR2Y1,-0.216998799519808,FALSE
PSKH1,0.216998799519808,FALSE
CSAG2,0.216998799519808,FALSE
LOC100130778,-0.216902761104442,FALSE
MYEF2,-0.216902761104442,FALSE
SLC2A13,-0.216806722689076,FALSE
PTGIR,0.216806722689076,FALSE
LOC100652967,0.216710684273709,FALSE
GALNT6,-0.216710684273709,FALSE
IER3IP1,-0.216710684273709,FALSE
LOC100144603,-0.216710684273709,FALSE
TLX1,-0.216614645858343,TRUE
TBX21,0.216518607442977,TRUE
INSL6,-0.216518607442977,FALSE
ZNF134,-0.216518607442977,TRUE
STIM2,0.216518607442977,FALSE
REPS2,-0.216518607442977,FALSE
LOC340074,-0.216518607442977,FALSE
SLC16A8,-0.216518607442977,FALSE
HPYR1,-0.216518607442977,FALSE
ITGB1BP3,-0.216422569027611,FALSE
MMP12,-0.216326530612245,FALSE
KIAA0317,-0.216326530612245,FALSE
C4orf27,-0.216326530612245,FALSE
NFE2L1,0.216326530612245,TRUE
COG4,-0.216326530612245,FALSE
LY6G5B,0.216326530612245,FALSE
MICA,0.216326530612245,FALSE
SPG11,0.216326530612245,FALSE
HOXB13-AS1,-0.216230492196879,FALSE
ABCA9,0.216230492196879,FALSE
LOC100131150,0.216230492196879,FALSE
ZW10,0.216230492196879,FALSE
C15orf43,-0.216230492196879,FALSE
TMEM47,0.216134453781513,FALSE
TMEM127,-0.216134453781513,FALSE
PPP1R16A,0.216134453781513,FALSE
TNFSF14,0.216134453781513,FALSE
UQCRBP1,0.216134453781513,FALSE
C11orf36,-0.216134453781513,FALSE
PAGE3,-0.216134453781513,FALSE
NOS2,-0.216038415366146,FALSE
CCDC3,-0.216038415366146,FALSE
HDAC11,-0.216038415366146,FALSE
INPP5B,-0.216038415366146,FALSE
IL1RAPL1,-0.21594237695078,FALSE
KLF15,0.21594237695078,TRUE
CC2D2A,-0.21594237695078,FALSE
PRRT2,0.21594237695078,FALSE
GKN1,0.21594237695078,FALSE
LOC100129502,0.215846338535414,FALSE
SLITRK5,0.215846338535414,FALSE
MTTP,0.215846338535414,FALSE
FBXW7,-0.215750300120048,FALSE
NR1H3,0.215750300120048,TRUE
PRPF40A,-0.215750300120048,FALSE
LOC100289341,0.215750300120048,FALSE
C17orf72,0.215750300120048,FALSE
SESTD1,0.215750300120048,FALSE
SYNC,0.215654261704682,FALSE
CBX4,0.215558223289316,FALSE
MRPL12,-0.21546218487395,FALSE
LOC284023,0.21546218487395,FALSE
E2F5,0.21546218487395,TRUE
LINC00235,-0.21546218487395,FALSE
KBTBD10,0.21546218487395,FALSE
CDR2L,-0.215366146458583,FALSE
ATRX,-0.215366146458583,FALSE
FBXL15,0.215366146458583,FALSE
LOC643486,-0.215366146458583,FALSE
GBGT1,0.215366146458583,FALSE
ANK3,-0.215270108043217,FALSE
CD59,0.215270108043217,FALSE
NDST1,0.215270108043217,FALSE
PUSL1,-0.215270108043217,FALSE
UMPS,-0.215270108043217,FALSE
TMEM135,0.215174069627851,FALSE
NIPAL3,-0.215174069627851,FALSE
AMN1,0.215174069627851,FALSE
HLA-F-AS1,-0.215174069627851,FALSE
KRTAP4-2,0.215174069627851,FALSE
DMRTA1,0.215174069627851,TRUE
HSDL2,0.215078031212485,FALSE
ACTL9,-0.215078031212485,FALSE
ATP8B3,-0.215078031212485,FALSE
OR2A9P,0.215078031212485,FALSE
TOB2,0.215078031212485,FALSE
TNFAIP2,0.215078031212485,FALSE
APOLD1,0.214981992797119,FALSE
FGF1,-0.214981992797119,FALSE
CALB2,0.214981992797119,FALSE
SNX11,0.214981992797119,FALSE
RUNDC1,0.214981992797119,FALSE
NCR2,-0.214981992797119,FALSE
C17orf80,-0.214885954381753,FALSE
ADRA1A,-0.214885954381753,FALSE
GLRX2,-0.214885954381753,FALSE
XYLT2,-0.214885954381753,FALSE
GPR151,-0.214885954381753,FALSE
MESP1,0.214885954381753,TRUE
GGNBP1,-0.214789915966387,FALSE
LOC283692,-0.214789915966387,FALSE
LOC100129119,-0.214789915966387,FALSE
C11orf85,-0.214789915966387,FALSE
POLR3G,0.214789915966387,FALSE
LOC401324,0.214789915966387,FALSE
LYZL6,0.214789915966387,FALSE
AAA1,-0.21469387755102,FALSE
SCYL2,-0.21469387755102,FALSE
LOC339442,-0.21469387755102,FALSE
BMS1P4,0.21469387755102,FALSE
LOC255025,0.21469387755102,FALSE
SREBF1,-0.214597839135654,TRUE
CD44,-0.214597839135654,FALSE
RAB3IP,0.214597839135654,FALSE
CHMP4C,-0.214597839135654,FALSE
NCALD,-0.214597839135654,FALSE
HESX1,-0.214597839135654,TRUE
GYS2,0.214501800720288,FALSE
NKIRAS2,0.214501800720288,FALSE
SASS6,0.214501800720288,FALSE
FLJ27502,0.214501800720288,FALSE
LOC100270804,0.214501800720288,FALSE
HGC6.3,0.214405762304922,FALSE
ZRSR2,-0.214405762304922,FALSE
TSKU,0.214405762304922,FALSE
LOC100129744,-0.214405762304922,FALSE
DEFB132,-0.214309723889556,FALSE
FNIP1,-0.214309723889556,FALSE
PCDHGA9,-0.214309723889556,FALSE
MUC5B,0.214309723889556,FALSE
FANK1,-0.21421368547419,FALSE
FLJ31945,-0.21421368547419,FALSE
SRSF1,0.21421368547419,FALSE
FZD10,-0.21421368547419,FALSE
C15orf42,-0.214117647058824,FALSE
HPDL,-0.214117647058824,FALSE
CYB561D2,-0.214021608643457,FALSE
EPM2A,0.214021608643457,FALSE
FAF2,0.214021608643457,FALSE
PRSS50,0.214021608643457,FALSE
CDC42,-0.213925570228091,FALSE
MIER2,-0.213925570228091,FALSE
ZNF876P,0.213925570228091,TRUE
CHMP2B,-0.213925570228091,FALSE
LOC100132244,-0.213925570228091,FALSE
TNFRSF6B,0.213829531812725,FALSE
KIDINS220,0.213829531812725,FALSE
SIDT1,0.213829531812725,FALSE
HLA-DOB,0.213829531812725,FALSE
OPN1MW,-0.213829531812725,FALSE
KIAA1456,-0.213733493397359,FALSE
HIST1H1C,-0.213733493397359,FALSE
ZNF213,0.213733493397359,TRUE
HLA-DQA1,0.213733493397359,FALSE
HSH2D,0.213637454981993,FALSE
PDZD4,0.213637454981993,FALSE
NBPF11,0.213637454981993,FALSE
ST6GALNAC3,0.213541416566627,FALSE
ZNF525,-0.213541416566627,TRUE
UBQLN4,0.213541416566627,FALSE
CCND3,0.213541416566627,FALSE
ZFP82,0.213541416566627,TRUE
CRYBB2P1,0.213541416566627,FALSE
FAT1,-0.213445378151261,FALSE
FARS2,0.213445378151261,FALSE
DOPEY2,0.213445378151261,FALSE
RAP1GAP,-0.213349339735894,FALSE
OSMR,-0.213349339735894,FALSE
KIFC2,0.213349339735894,FALSE
DBN1,-0.213349339735894,FALSE
HTR3A,-0.213349339735894,FALSE
KIAA0247,0.213349339735894,FALSE
NUP54,-0.213253301320528,FALSE
SETD5,0.213253301320528,FALSE
MARK3,0.213157262905162,FALSE
DIP2B,0.213157262905162,FALSE
OR5B21,0.213157262905162,FALSE
CLPB,-0.213061224489796,FALSE
SSTR3,-0.213061224489796,FALSE
CCDC106,-0.21296518607443,FALSE
KRTAP9-6,-0.21296518607443,FALSE
NR6A1,-0.21296518607443,TRUE
TMEM9,-0.21296518607443,FALSE
EFNB3,-0.212869147659064,FALSE
SPIN2B,0.212869147659064,FALSE
KCNK12,-0.212869147659064,FALSE
TRIM36,-0.212869147659064,FALSE
C13orf35,0.212869147659064,FALSE
FLG,-0.212773109243697,FALSE
LRTM2,0.212773109243697,FALSE
LOC283663,0.212773109243697,FALSE
TTC26,-0.212677070828331,FALSE
LRRCC1,-0.212677070828331,FALSE
RNASE4,0.212677070828331,FALSE
CREG2,-0.212677070828331,FALSE
TMEM38B,-0.212581032412965,FALSE
ABHD1,0.212581032412965,FALSE
MRFAP1,0.212581032412965,FALSE
LOC390937,-0.212484993997599,FALSE
SPEF1,-0.212484993997599,FALSE
INO80C,0.212484993997599,FALSE
DAXX,0.212484993997599,FALSE
OSBPL6,-0.212484993997599,FALSE
MLL4,-0.212484993997599,FALSE
ODZ1,0.212484993997599,FALSE
PAX6,0.212388955582233,TRUE
DHCR24,0.212388955582233,FALSE
EPHX3,-0.212388955582233,FALSE
SEMA4G,-0.212388955582233,FALSE
LOC100131395,-0.212388955582233,FALSE
STK17A,0.212388955582233,FALSE
CSNK2A1,-0.212292917166867,FALSE
LOC100131355,0.212292917166867,FALSE
NOXRED1,-0.212292917166867,FALSE
ZFX,-0.212196878751501,TRUE
ACOT1,0.212196878751501,FALSE
EYA1,0.212196878751501,FALSE
HBQ1,0.212100840336134,FALSE
KIAA1429,-0.212100840336134,FALSE
BCOR,-0.212100840336134,FALSE
POLR3F,0.212100840336134,FALSE
HLA-DOA,-0.212100840336134,FALSE
LOC644248,-0.212100840336134,FALSE
NT5M,0.212004801920768,FALSE
SLC2A12,-0.212004801920768,FALSE
YIPF1,-0.211908763505402,FALSE
NCKAP5L,0.211908763505402,FALSE
C11orf31,-0.211908763505402,FALSE
ACSM1,0.211908763505402,FALSE
NPLOC4,0.211908763505402,FALSE
TCHH,-0.211908763505402,FALSE
C2orf3,0.211908763505402,FALSE
UBN2,0.211908763505402,FALSE
FBN1,0.211908763505402,FALSE
LOC100509860,0.211908763505402,FALSE
RUNX1T1,0.211908763505402,FALSE
LOC100128682,-0.211812725090036,FALSE
DRAP1,-0.211812725090036,FALSE
SLC25A41,0.211812725090036,FALSE
PRKAG1,0.211812725090036,FALSE
PPAN-P2RY11,0.21171668667467,FALSE
FBXO24,-0.21171668667467,FALSE
UBE3A,0.21171668667467,FALSE
ASF1B,-0.21171668667467,FALSE
FAM9B,-0.21171668667467,FALSE
INPP4A,-0.211620648259304,FALSE
DEXI,-0.211620648259304,FALSE
LGALS1,-0.211620648259304,FALSE
GRASP,0.211620648259304,FALSE
KLHL13,-0.211620648259304,FALSE
LOC100131354,0.211524609843938,FALSE
VARS,0.211524609843938,FALSE
ASNSD1,-0.211524609843938,FALSE
ZNF25,0.211524609843938,TRUE
FGF13,0.211524609843938,FALSE
GLI3,-0.211524609843938,TRUE
ANKS6,0.211428571428571,FALSE
RTN4RL2,-0.211428571428571,FALSE
ADAM21,0.211428571428571,FALSE
RARRES1,-0.211332533013205,FALSE
IL17RA,0.211332533013205,FALSE
LMNB1,-0.211332533013205,FALSE
SNHG1,0.211332533013205,FALSE
FLJ37786,-0.211332533013205,FALSE
PQBP1,-0.211236494597839,FALSE
PTPN2,-0.211236494597839,FALSE
KRTAP20-3,-0.211236494597839,FALSE
CMKLR1,-0.211236494597839,FALSE
H2AFJ,0.211236494597839,FALSE
TRAPPC2,0.211236494597839,FALSE
GPR45,-0.211236494597839,FALSE
ELOVL4,-0.211140456182473,FALSE
TREML2P1,-0.211140456182473,FALSE
MYOG,-0.211044417767107,TRUE
RBM15,0.211044417767107,FALSE
PLXNA4,0.210948379351741,FALSE
LOC284191,-0.210948379351741,FALSE
NKX6-3,-0.210948379351741,TRUE
PART1,-0.210948379351741,FALSE
EXOSC2,0.210948379351741,FALSE
TTC27,0.210948379351741,FALSE
LAMP3,-0.210948379351741,FALSE
EPHB3,-0.210948379351741,FALSE
HCFC1,-0.210852340936375,FALSE
EXOSC9,-0.210852340936375,FALSE
NUP160,0.210852340936375,FALSE
OR5M1,-0.210852340936375,FALSE
HRAS,0.210756302521008,FALSE
LOC100131599,0.210756302521008,FALSE
IKZF4,0.210756302521008,TRUE
ARGFXP2,0.210756302521008,FALSE
NQO1,0.210660264105642,FALSE
FLJ25694,-0.210660264105642,FALSE
CLDN7,-0.210660264105642,FALSE
NDUFA12,-0.210660264105642,FALSE
DDX27,0.210660264105642,FALSE
MRPS10,-0.210660264105642,FALSE
LOC100130642,0.210660264105642,FALSE
THBS2,-0.210564225690276,FALSE
C8orf55,0.210564225690276,FALSE
C14orf70,-0.210564225690276,FALSE
SNX19,0.210564225690276,FALSE
IL21,-0.210564225690276,FALSE
RNF141,0.21046818727491,FALSE
CUL4B,-0.21046818727491,FALSE
ENTPD4,-0.21046818727491,FALSE
ESCO1,0.21046818727491,FALSE
TMEM131,0.210372148859544,FALSE
SLC10A4,0.210372148859544,FALSE
SYCP3,-0.210372148859544,FALSE
LOC100130522,-0.210276110444178,FALSE
GPC1,-0.210276110444178,FALSE
MPP3,0.210180072028812,FALSE
CHRNA6,-0.210084033613445,FALSE
BRPF3,-0.210084033613445,FALSE
PDHA2,0.210084033613445,FALSE
ZNF530,0.210084033613445,TRUE
ATIC,-0.209987995198079,FALSE
CDKL5,-0.209987995198079,FALSE
OR5L1,0.209987995198079,FALSE
TEDDM1,-0.209987995198079,FALSE
POTEF,-0.209891956782713,FALSE
LOC284648,-0.209891956782713,FALSE
SCGB2A2,-0.209891956782713,FALSE
FOXF2,-0.209891956782713,TRUE
WFDC12,0.209891956782713,FALSE
RNF182,-0.209795918367347,FALSE
ZMYND19,0.209795918367347,FALSE
MBLAC1,0.209795918367347,FALSE
RASGEF1A,-0.209795918367347,FALSE
SNORD116-19,-0.209795918367347,FALSE
CASP14L,-0.209795918367347,FALSE
NKD2,-0.209699879951981,FALSE
FAM100A,0.209699879951981,FALSE
LCTL,-0.209699879951981,FALSE
FHAD1,0.209603841536615,FALSE
C9orf103,0.209603841536615,FALSE
CPNE3,0.209603841536615,FALSE
FHL2,0.209603841536615,FALSE
SENP2,0.209603841536615,FALSE
SIRT5,-0.209507803121249,FALSE
CCR8,0.209411764705882,FALSE
PET112,0.209411764705882,FALSE
CREG1,-0.209411764705882,FALSE
RAB11A,0.209411764705882,FALSE
PFKM,0.209411764705882,FALSE
LOC100130298,-0.209411764705882,FALSE
SIGIRR,0.209315726290516,FALSE
GRIA3,-0.209315726290516,FALSE
ZNF709,0.209315726290516,TRUE
SGK223,0.209315726290516,FALSE
PP7080,0.209315726290516,FALSE
C6orf52,-0.209315726290516,FALSE
JAK1,0.209315726290516,FALSE
TNFRSF11B,-0.209315726290516,FALSE
RBM47,-0.20921968787515,FALSE
PDHA1,0.20921968787515,FALSE
NTF3,-0.20921968787515,FALSE
PLTP,-0.209123649459784,FALSE
CD82,-0.209123649459784,FALSE
KLF7,-0.209123649459784,TRUE
NXN,-0.209123649459784,FALSE
TAPBPL,0.209123649459784,FALSE
ZNF131,-0.209123649459784,TRUE
LOC283867,-0.209027611044418,FALSE
KL,0.209027611044418,FALSE
OLFM1,0.209027611044418,FALSE
O3FAR1,0.209027611044418,FALSE
DPH5,-0.209027611044418,FALSE
KLF14,-0.209027611044418,TRUE
P2RY14,0.208931572629052,FALSE
LOC100128035,0.208931572629052,FALSE
OR7E156P,0.208931572629052,FALSE
TBL2,-0.208931572629052,FALSE
SEPT3,-0.208931572629052,FALSE
KCNN4,-0.208835534213685,FALSE
SETD4,-0.208835534213685,FALSE
BTG3,-0.208835534213685,FALSE
MANSC4,0.208739495798319,FALSE
MUC8,-0.208739495798319,FALSE
RPL15,0.208739495798319,FALSE
NPSA,0.208739495798319,FALSE
LRRC39,-0.208739495798319,FALSE
RAB11FIP4,-0.208739495798319,FALSE
ST8SIA5,-0.208739495798319,FALSE
FLJ39095,-0.208739495798319,FALSE
ARHGAP4,-0.208643457382953,FALSE
FAM162A,-0.208643457382953,FALSE
THG1L,-0.208643457382953,FALSE
OR7E19P,-0.208643457382953,FALSE
MOB1B,-0.208547418967587,FALSE
EBF1,0.208547418967587,TRUE
ZNF561,-0.208547418967587,TRUE
NRBP1,0.208547418967587,FALSE
LAPTM4B,-0.208451380552221,FALSE
LINC00473,-0.208451380552221,FALSE
HMG20A,0.208451380552221,FALSE
MCM4,-0.208355342136855,FALSE
MAP1S,-0.208355342136855,FALSE
KIF1A,0.208355342136855,FALSE
SSX4B,0.208355342136855,FALSE
ARHGAP25,0.208355342136855,FALSE
SPATA8,-0.208355342136855,FALSE
C1orf140,-0.208259303721489,FALSE
TRAM1L1,-0.208259303721489,FALSE
SNORA58,0.208259303721489,FALSE
LRRD1,-0.208259303721489,FALSE
ZDHHC24,-0.208259303721489,FALSE
MYO1H,0.208163265306122,FALSE
LOC143188,0.208163265306122,FALSE
MEGF10,-0.208163265306122,FALSE
RAB20,0.208067226890756,FALSE
CD209,-0.208067226890756,FALSE
SMARCAL1,-0.208067226890756,FALSE
CYP4F3,0.20797118847539,FALSE
CHAF1B,-0.20797118847539,FALSE
NEDD1,-0.20797118847539,FALSE
SEMA3B,-0.20797118847539,FALSE
TNXB,0.207875150060024,FALSE
GNL3,-0.207875150060024,FALSE
ZNF260,-0.207875150060024,TRUE
FAM131A,0.207875150060024,FALSE
SEC24D,-0.207875150060024,FALSE
FOXS1,-0.207875150060024,TRUE
LOC727808,-0.207779111644658,FALSE
ARHGEF2,0.207779111644658,FALSE
HCAR2,-0.207779111644658,FALSE
DNAJB2,0.207779111644658,FALSE
ZNF238,0.207779111644658,FALSE
ABCF1,0.207779111644658,FALSE
BTG2,0.207683073229292,FALSE
CXorf56,-0.207683073229292,FALSE
DEM1,-0.207683073229292,FALSE
C16orf3,0.207683073229292,FALSE
LOC100129617,0.207683073229292,FALSE
ACSM3,-0.207683073229292,FALSE
GJC3,-0.207683073229292,FALSE
THADA,0.207587034813926,FALSE
C11orf52,0.207587034813926,FALSE
GUF1,-0.207587034813926,FALSE
ATP6V1B1,0.207587034813926,FALSE
ARSA,-0.207587034813926,FALSE
LOC730020,-0.207587034813926,FALSE
CDKN2D,-0.207490996398559,FALSE
IPMK,-0.207490996398559,FALSE
RNF111,0.207490996398559,FALSE
ZSCAN30,-0.207394957983193,TRUE
GABARAPL1,0.207394957983193,FALSE
LOC641365,-0.207394957983193,FALSE
UBE2F,-0.207298919567827,FALSE
SH3RF2,0.207298919567827,FALSE
LOC389199,0.207298919567827,FALSE
CPS1,-0.207298919567827,FALSE
LOC401480,0.207202881152461,FALSE
GABRA1,-0.207202881152461,FALSE
MXRA7,-0.207202881152461,FALSE
LOC338694,-0.207202881152461,FALSE
TTC31,0.207202881152461,FALSE
LOC100128787,-0.207202881152461,FALSE
RN18S1,-0.207106842737095,FALSE
SAMD4A,-0.207106842737095,FALSE
SLC39A11,-0.207010804321729,FALSE
NHSL1,0.207010804321729,FALSE
CHST4,-0.207010804321729,FALSE
KRTAP27-1,-0.207010804321729,FALSE
SLC5A7,-0.207010804321729,FALSE
CPLX4,0.207010804321729,FALSE
DNAH12,0.206914765906363,FALSE
CCDC62,-0.206914765906363,FALSE
GFM2,-0.206914765906363,FALSE
SHOX2,-0.206914765906363,TRUE
LOC100131366,-0.206914765906363,FALSE
RASGRP3,0.206818727490996,FALSE
PPARD,0.206818727490996,TRUE
KDM4B,-0.206818727490996,FALSE
KIAA1984,0.206818727490996,FALSE
HOXC10,-0.206818727490996,TRUE
ANKAR,0.206818727490996,FALSE
SRFBP1,-0.20672268907563,FALSE
MORC4,-0.20672268907563,FALSE
GSTO1,-0.20672268907563,FALSE
LOC100134868,0.20672268907563,FALSE
DAZAP2,-0.20672268907563,FALSE
CMTM5,-0.206626650660264,FALSE
ELK3,-0.206626650660264,TRUE
MAD1L1,0.206626650660264,FALSE
DUSP26,-0.206530612244898,FALSE
ABCC8,0.206530612244898,FALSE
DHCR7,0.206530612244898,FALSE
BMS1,-0.206530612244898,FALSE
ANKRD13A,-0.206530612244898,FALSE
FABP2,-0.206530612244898,FALSE
EFHB,0.206434573829532,FALSE
LALBA,0.206434573829532,FALSE
UBC,0.206434573829532,FALSE
CPNE6,-0.206434573829532,FALSE
CBFA2T3,0.206434573829532,FALSE
PGCP,-0.206338535414166,FALSE
LOC285954,-0.206338535414166,FALSE
PGM2L1,-0.206338535414166,FALSE
LOC100128563,0.206338535414166,FALSE
TTLL9,-0.2062424969988,FALSE
HSPG2,-0.2062424969988,FALSE
FAM98A,-0.2062424969988,FALSE
REEP2,-0.2062424969988,FALSE
SLC25A12,-0.2062424969988,FALSE
MATN2,-0.2062424969988,FALSE
SMARCA2,-0.206146458583433,FALSE
GUCA1C,-0.206050420168067,FALSE
ESRP1,-0.206050420168067,FALSE
ITGB3,-0.206050420168067,FALSE
TWISTNB,-0.206050420168067,FALSE
SLAMF9,-0.206050420168067,FALSE
POLR2K,-0.205954381752701,FALSE
LRRC52,-0.205954381752701,FALSE
PCDHA12,-0.205954381752701,FALSE
MFSD2A,0.205858343337335,FALSE
PSMB6,-0.205858343337335,FALSE
EID2B,0.205858343337335,FALSE
SPDYC,-0.205858343337335,FALSE
LOC728606,-0.205858343337335,FALSE
LOC643723,0.205762304921969,FALSE
LOC100288911,0.205762304921969,FALSE
CDC42EP3,0.205762304921969,FALSE
KNTC1,0.205762304921969,FALSE
FAM124A,0.205762304921969,FALSE
OR52A5,0.205666266506603,FALSE
IMPDH1,0.205666266506603,FALSE
SRSF10,-0.205666266506603,FALSE
LOC283888,-0.205666266506603,FALSE
RRP7B,-0.205570228091237,FALSE
ABCD1,0.205570228091237,FALSE
DCAF17,-0.205570228091237,FALSE
FHL1,-0.205570228091237,FALSE
CHCHD2,-0.205570228091237,FALSE
TSL,-0.205570228091237,FALSE
KIFAP3,-0.20547418967587,FALSE
RBM8A,-0.20547418967587,FALSE
ZBTB24,-0.20547418967587,TRUE
PHOSPHO2-KLHL23,0.20547418967587,FALSE
LCA5L,0.20547418967587,FALSE
FRG1B,0.20547418967587,FALSE
C15orf38,-0.205378151260504,FALSE
OR6P1,-0.205378151260504,FALSE
TEX22,0.205378151260504,FALSE
LOC727721,-0.205378151260504,FALSE
MPP4,-0.205378151260504,FALSE
DPYSL4,0.205282112845138,FALSE
LDLRAD1,-0.205282112845138,FALSE
OR51L1,-0.205282112845138,FALSE
KIAA1045,0.205282112845138,FALSE
ZMAT4,-0.205282112845138,FALSE
MATN3,-0.205282112845138,FALSE
KRT35,-0.205282112845138,FALSE
CMPK2,-0.205186074429772,FALSE
SLC19A2,0.205186074429772,FALSE
GAS5,-0.205186074429772,FALSE
LOC644649,0.205186074429772,FALSE
OR4D6,-0.205186074429772,FALSE
PDIA2,0.205186074429772,FALSE
ERVH-3,-0.205186074429772,FALSE
KIAA0907,-0.205090036014406,FALSE
NR1D2,0.205090036014406,TRUE
RPL27A,-0.205090036014406,FALSE
NPC1,0.205090036014406,FALSE
MIR100HG,-0.205090036014406,FALSE
PCGEM1,0.205090036014406,FALSE
SPZ1,-0.205090036014406,TRUE
RBMX2,-0.20499399759904,FALSE
USP25,0.20499399759904,FALSE
TMEM178,0.20499399759904,FALSE
METTL20,-0.20499399759904,FALSE
TMEM211,0.20499399759904,FALSE
SRSF9,-0.204897959183673,FALSE
LYPD1,-0.204897959183673,FALSE
MRPL36,-0.204897959183673,FALSE
TSPY26P,-0.204897959183673,FALSE
PPP1R9A,0.204801920768307,FALSE
SUMO1P3,-0.204801920768307,FALSE
ZSCAN2,-0.204801920768307,TRUE
RASSF2,0.204801920768307,FALSE
RNFT2,0.204801920768307,FALSE
LOC100129280,0.204801920768307,FALSE
ZNF668,-0.204801920768307,TRUE
DBH,-0.204801920768307,FALSE
PCDHA10,0.204801920768307,FALSE
MEX3B,-0.204705882352941,FALSE
HAUS2,-0.204705882352941,FALSE
COL4A3BP,0.204609843937575,FALSE
WNT10B,-0.204609843937575,FALSE
SEPW1,0.204609843937575,FALSE
OR56B1,-0.204609843937575,FALSE
LOC100131107,0.204609843937575,FALSE
PLG,-0.204609843937575,FALSE
MAGEB16,-0.204609843937575,FALSE
LOC649395,-0.204513805522209,FALSE
KCTD3,-0.204513805522209,FALSE
LOC285095,-0.204513805522209,FALSE
DLEU2L,0.204513805522209,FALSE
HSPA1L,0.204513805522209,FALSE
LCN6,0.204417767106843,FALSE
C6orf132,-0.204321728691477,FALSE
GNG2,-0.204321728691477,FALSE
TG,-0.204321728691477,FALSE
ATP1B4,-0.20422569027611,FALSE
LIMK2,0.20422569027611,FALSE
C1orf186,-0.20422569027611,FALSE
CA5B,0.20422569027611,FALSE
REV3L,0.20422569027611,FALSE
ZNF140,0.20422569027611,TRUE
ZFAT-AS1,0.204129651860744,FALSE
HPRT1,-0.204129651860744,FALSE
LOC728978,-0.204129651860744,FALSE
SMCR5,0.204129651860744,FALSE
TFDP2,-0.204033613445378,TRUE
PEX10,0.204033613445378,FALSE
CCDC97,0.204033613445378,FALSE
MAGIX,0.204033613445378,FALSE
IMPG1,-0.204033613445378,FALSE
NTN5,0.203937575030012,FALSE
TMX2,-0.203937575030012,FALSE
OR7E24,-0.203937575030012,FALSE
LOC100291323,0.203841536614646,FALSE
MAFIP,0.203841536614646,FALSE
CARS,0.203841536614646,FALSE
TPMT,-0.203841536614646,FALSE
FLJ46120,0.20374549819928,FALSE
RLN2,0.20374549819928,FALSE
DERL2,-0.20374549819928,FALSE
CSF2,-0.20374549819928,FALSE
HIVEP3,0.203649459783914,TRUE
C18orf34,-0.203649459783914,FALSE
TAS2R16,-0.203649459783914,FALSE
LCE5A,-0.203553421368547,FALSE
WDR82,0.203553421368547,FALSE
SPINK13,-0.203553421368547,FALSE
SORL1,0.203553421368547,FALSE
RSBN1L,-0.203553421368547,FALSE
MYOM3,-0.203553421368547,FALSE
C21orf90,0.203457382953181,FALSE
SMAD6,-0.203457382953181,FALSE
BCAT2,-0.203457382953181,FALSE
C22orf26,0.203457382953181,FALSE
SMC3,0.203457382953181,FALSE
TERF1,-0.203457382953181,FALSE
FTO,-0.203361344537815,FALSE
KSR1,0.203361344537815,FALSE
VCP,-0.203361344537815,FALSE
SLC25A21,0.203265306122449,FALSE
LOC388588,-0.203265306122449,FALSE
MFAP1,-0.203265306122449,FALSE
GPR12,-0.203265306122449,FALSE
LIG4,-0.203265306122449,FALSE
CST6,0.203169267707083,FALSE
CCDC125,-0.203169267707083,FALSE
RBMS1,-0.203169267707083,FALSE
ACCN4,-0.203169267707083,FALSE
CPNE5,0.203169267707083,FALSE
SCRT2,-0.203169267707083,TRUE
FLJ22447,-0.203169267707083,FALSE
LOC574538,0.203073229291717,FALSE
ALOX5,0.203073229291717,FALSE
SNAR-G1,-0.203073229291717,FALSE
TSPAN13,-0.203073229291717,FALSE
ZMYND10,0.203073229291717,FALSE
ECT2,-0.203073229291717,FALSE
XRN1,0.203073229291717,FALSE
SERPINA3,0.202977190876351,FALSE
IFI44,-0.202977190876351,FALSE
ASB17,-0.202977190876351,FALSE
ZNF596,0.202977190876351,TRUE
IFITM5,-0.202977190876351,FALSE
SCRN1,0.202977190876351,FALSE
C20orf7,-0.202977190876351,FALSE
SENP5,0.202977190876351,FALSE
AGK,-0.202977190876351,FALSE
CELA2B,-0.202881152460984,FALSE
MCM2,-0.202881152460984,FALSE
LRRC33,0.202881152460984,FALSE
CEP44,0.202881152460984,FALSE
SLC5A10,-0.202785114045618,FALSE
SACM1L,-0.202785114045618,FALSE
CYP4F22,-0.202785114045618,FALSE
PGLYRP1,0.202689075630252,FALSE
FOLH1,-0.202689075630252,FALSE
LOC100129186,0.202689075630252,FALSE
SPEG,0.202689075630252,FALSE
GLYATL3,0.202689075630252,FALSE
BTN2A3P,-0.202593037214886,FALSE
ZAN,-0.202593037214886,FALSE
BCL11B,0.202593037214886,TRUE
PRSS22,-0.202593037214886,FALSE
GADD45G,0.20249699879952,FALSE
C4orf21,-0.20249699879952,FALSE
ENTPD1,-0.20249699879952,FALSE
PARP8,0.20249699879952,FALSE
OVCA2,-0.202400960384154,FALSE
TRAIP,-0.202400960384154,FALSE
ANP32D,-0.202400960384154,FALSE
LOC100129461,-0.202400960384154,FALSE
DCD,-0.202304921968788,FALSE
ZEB1,-0.202304921968788,TRUE
CUZD1,0.202304921968788,FALSE
C14orf118,-0.202304921968788,FALSE
FNDC8,-0.202304921968788,FALSE
LOC100129072,0.202304921968788,FALSE
ZDHHC8P1,0.202304921968788,FALSE
LOC643659,0.202304921968788,FALSE
OPLAH,0.202208883553421,FALSE
LARP1B,-0.202208883553421,FALSE
TMEM168,0.202208883553421,FALSE
RNF181,-0.202208883553421,FALSE
OR11A1,-0.202208883553421,FALSE
LRFN1,0.202208883553421,FALSE
C6orf221,0.202208883553421,FALSE
SEC14L3,-0.202112845138055,FALSE
SATB2,-0.202112845138055,TRUE
UPF2,-0.202112845138055,FALSE
PBX1,0.202112845138055,TRUE
ZNF577,0.202112845138055,TRUE
MAGEA6,-0.202112845138055,FALSE
NRG2,-0.202112845138055,FALSE
C7orf29,0.202112845138055,FALSE
SLC26A10,0.202016806722689,FALSE
CA8,0.202016806722689,FALSE
MPL,0.202016806722689,FALSE
SGSM1,-0.202016806722689,FALSE
ZEB1-AS1,0.202016806722689,FALSE
GOLGA8A,0.201920768307323,FALSE
KIAA0415,0.201824729891957,FALSE
F9,0.201824729891957,FALSE
SLC45A1,0.201824729891957,FALSE
SCARNA13,-0.201728691476591,FALSE
AADACL3,-0.201728691476591,FALSE
HNRPLL,-0.201728691476591,FALSE
C6orf15,-0.201728691476591,FALSE
MYO19,-0.201728691476591,FALSE
C14orf102,0.201728691476591,FALSE
OR8H1,0.201728691476591,FALSE
MTMR3,0.201632653061225,FALSE
ESRRG,-0.201632653061225,TRUE
LOC400927,0.201536614645858,FALSE
SCUBE2,0.201536614645858,FALSE
TRAK1,-0.201536614645858,FALSE
LCP2,0.201536614645858,FALSE
APOO,-0.201536614645858,FALSE
PABPC1L2A,-0.201536614645858,FALSE
C1QTNF1,0.201440576230492,FALSE
PLEKHN1,-0.201440576230492,FALSE
LINC00426,0.201440576230492,FALSE
LINC00310,0.201440576230492,FALSE
DEFA3,0.201344537815126,FALSE
ARID5B,0.201344537815126,FALSE
WNT3A,-0.201344537815126,FALSE
LINC00317,-0.201344537815126,FALSE
CTSF,-0.201344537815126,FALSE
LOC100132146,-0.201344537815126,FALSE
SLC22A12,-0.201344537815126,FALSE
LOC100129380,0.20124849939976,FALSE
CDH17,-0.20124849939976,FALSE
LOC100132147,0.201152460984394,FALSE
ZNF701,-0.201152460984394,TRUE
LENG8,-0.201152460984394,FALSE
TNK1,-0.201152460984394,FALSE
VPS35,-0.201152460984394,FALSE
LOC100287326,-0.201152460984394,FALSE
TMEM239,-0.201152460984394,FALSE
PCP2,-0.201056422569028,FALSE
HGS,0.201056422569028,FALSE
C19orf46,-0.201056422569028,FALSE
PPM1G,0.201056422569028,FALSE
SLC25A10,0.201056422569028,FALSE
HOXD11,-0.201056422569028,TRUE
SLC39A14,-0.200960384153661,FALSE
ODF3L1,0.200960384153661,FALSE
CTPS,-0.200960384153661,FALSE
GNAS,0.200960384153661,FALSE
PAQR3,-0.200864345738295,FALSE
BAG5,0.200864345738295,FALSE
STARD10,0.200864345738295,FALSE
ANKRD58,-0.200864345738295,FALSE
LOC644727,-0.200864345738295,FALSE
CHRNE,-0.200864345738295,FALSE
UNC13B,-0.200768307322929,FALSE
CREB5,0.200768307322929,TRUE
LPGAT1,-0.200768307322929,FALSE
SMG7,-0.200672268907563,FALSE
NAALADL2,-0.200672268907563,FALSE
TMEM30B,-0.200672268907563,FALSE
LOC729668,0.200672268907563,FALSE
LOC63930,0.200672268907563,FALSE
POLR3A,-0.200576230492197,FALSE
ATF1,-0.200576230492197,TRUE
SHC4,-0.200576230492197,FALSE
UBE2E4P,0.200480192076831,FALSE
LNX2,-0.200480192076831,FALSE
GSC,-0.200480192076831,TRUE
LOC340107,-0.200480192076831,FALSE
PSKH2,-0.200480192076831,FALSE
LINC00200,0.200480192076831,FALSE
PRRC2B,-0.200384153661465,FALSE
SYT17,0.200384153661465,FALSE
PHLDB3,0.200384153661465,FALSE
BCMO1,-0.200384153661465,FALSE
AMH,-0.200384153661465,FALSE
HULC,0.200384153661465,FALSE
NOX5,-0.200288115246098,FALSE
RABGGTB,0.200288115246098,FALSE
UNC5D,-0.200288115246098,FALSE
ZNF502,0.200288115246098,TRUE
ZCCHC8,0.200288115246098,FALSE
RMST,-0.200288115246098,FALSE
GSX2,-0.200288115246098,TRUE
NPY2R,-0.200192076830732,FALSE
OR10H2,-0.200192076830732,FALSE
DPCR1,0.200192076830732,FALSE
SLC22A1,0.200192076830732,FALSE
TGM7,-0.200192076830732,FALSE
FAM204A,-0.200192076830732,FALSE
IK,0.200192076830732,FALSE
IL17REL,-0.200192076830732,FALSE
CLSTN2,0.200192076830732,FALSE
DKFZp686A05212,0.200192076830732,FALSE
CD48,0.200192076830732,FALSE
ID1,-0.200192076830732,FALSE
PGBD1,0.200192076830732,TRUE
VAMP3,-0.200096038415366,FALSE
CTXN3,-0.200096038415366,FALSE
HAS1,-0.2,FALSE
OR6C75,0.2,FALSE
C11orf92,-0.2,FALSE
LOC648044,-0.2,FALSE
GM2A,-0.2,FALSE
QSER1,-0.2,FALSE
ULK4,-0.2,FALSE
COPG2,-0.199903961584634,FALSE
HIST4H4,-0.199903961584634,FALSE
B3GAT3,-0.199903961584634,FALSE
CTRC,0.199903961584634,FALSE
RPL30,-0.199807923169268,FALSE
SNORA80,-0.199807923169268,FALSE
METAP2,0.199807923169268,FALSE
PZP,0.199807923169268,FALSE
CITED1,-0.199711884753902,FALSE
RAB32,-0.199711884753902,FALSE
KRBA1,-0.199711884753902,FALSE
NUDT22,-0.199711884753902,FALSE
GRAMD4,0.199711884753902,FALSE
SLC25A27,0.199711884753902,FALSE
LOC100129171,0.199711884753902,FALSE
LARP4,-0.199615846338535,FALSE
LOC100506351,-0.199615846338535,FALSE
PRDM11,-0.199615846338535,TRUE
LOC441025,-0.199519807923169,FALSE
IPP,0.199519807923169,FALSE
ZNF70,-0.199519807923169,TRUE
GATA1,-0.199423769507803,TRUE
ZNF852,-0.199423769507803,TRUE
ZNF302,0.199423769507803,TRUE
ADRA2C,0.199423769507803,FALSE
RGS2,-0.199327731092437,FALSE
URB2,0.199327731092437,FALSE
FOXL1,-0.199327731092437,TRUE
GSK3B,0.199327731092437,FALSE
GBX2,-0.199327731092437,TRUE
PTPN1,0.199327731092437,FALSE
CLEC2B,0.199231692677071,FALSE
APOOL,-0.199231692677071,FALSE
VSTM2L,0.199231692677071,FALSE
KDM4C,0.199231692677071,FALSE
RPL13P5,-0.199135654261705,FALSE
UFC1,-0.199135654261705,FALSE
FAM13C,-0.199135654261705,FALSE
SNIP1,0.199135654261705,FALSE
TMEM171,-0.199135654261705,FALSE
PNOC,-0.199135654261705,FALSE
LINC00240,0.199135654261705,FALSE
ATP6V0D1,-0.199039615846339,FALSE
RP9P,-0.199039615846339,FALSE
CISH,-0.198943577430972,FALSE
SEPSECS,-0.198943577430972,FALSE
TNFRSF12A,-0.198943577430972,FALSE
LINC00272,0.198943577430972,FALSE
FASN,0.198847539015606,FALSE
NRN1,-0.198847539015606,FALSE
SMARCE1,-0.198847539015606,FALSE
APEX2,-0.198847539015606,FALSE
BCL7B,0.198847539015606,FALSE
FIGLA,0.198847539015606,TRUE
SLC6A5,-0.198847539015606,FALSE
MANBA,0.198847539015606,FALSE
G6PC2,0.19875150060024,FALSE
SERINC1,0.19875150060024,FALSE
SLC30A9,0.19875150060024,FALSE
CADM1,-0.19875150060024,FALSE
OR8S1,-0.19875150060024,FALSE
SLCO4C1,0.198655462184874,FALSE
PTPRA,0.198655462184874,FALSE
GMCL1,-0.198655462184874,FALSE
C3orf27,-0.198655462184874,FALSE
GAPDH,-0.198655462184874,FALSE
GOLGA6L7P,-0.198559423769508,FALSE
DUSP12,-0.198559423769508,FALSE
ZNF763,0.198559423769508,TRUE
GPR52,-0.198559423769508,FALSE
OR52L1,-0.198559423769508,FALSE
OSTBETA,-0.198463385354142,FALSE
C6orf183,-0.198463385354142,FALSE
C17orf6,0.198463385354142,FALSE
GRRP1,-0.198463385354142,FALSE
NDUFS8,-0.198463385354142,FALSE
C19orf2,-0.198463385354142,FALSE
GCK,-0.198463385354142,FALSE
C8orf86,0.198463385354142,FALSE
PIAS1,0.198463385354142,FALSE
NLRP14,0.198463385354142,FALSE
SERPINA13,-0.198463385354142,FALSE
SERPINA10,-0.198463385354142,FALSE
FBRSL1,-0.198367346938776,FALSE
ASB16,-0.198367346938776,FALSE
ARL17B,-0.198367346938776,FALSE
RAD17,0.198367346938776,FALSE
DSC3,-0.198367346938776,FALSE
GDF9,0.198367346938776,FALSE
KC6,0.198367346938776,FALSE
WIPF3,0.198271308523409,FALSE
DNAI1,-0.198271308523409,FALSE
BHLHA15,-0.198175270108043,TRUE
STARD4,-0.198175270108043,FALSE
ABHD2,0.198175270108043,TRUE
LPAR4,-0.198079231692677,FALSE
QRFPR,-0.198079231692677,FALSE
EPHA4,-0.198079231692677,FALSE
TMEM145,-0.197983193277311,FALSE
OTUD6A,-0.197983193277311,FALSE
OPTC,-0.197983193277311,FALSE
LOC728752,-0.197983193277311,FALSE
DKFZP434A062,-0.197887154861945,FALSE
ZNF45,-0.197887154861945,TRUE
SULT1A2,0.197887154861945,FALSE
GZMM,-0.197887154861945,FALSE
YIF1B,-0.197887154861945,FALSE
PFKL,-0.197887154861945,FALSE
EFCAB6,0.197887154861945,FALSE
IL10RA,0.197887154861945,FALSE
C17orf47,-0.197887154861945,FALSE
TREML4,0.197887154861945,FALSE
FBXO32,0.197791116446579,FALSE
PPM1N,0.197791116446579,FALSE
BRF1,0.197791116446579,FALSE
ARL3,0.197791116446579,FALSE
SCUBE1,-0.197791116446579,FALSE
SLC30A7,-0.197695078031212,FALSE
MAGED4B,-0.197695078031212,FALSE
LOC284244,0.197695078031212,FALSE
LOC649133,0.197599039615846,FALSE
CPXM2,-0.197599039615846,FALSE
MED24,0.197599039615846,FALSE
TERF2IP,0.197599039615846,FALSE
SNAR-A3,-0.19750300120048,FALSE
LANCL1,0.19750300120048,FALSE
SNORA37,-0.197406962785114,FALSE
LOC400756,0.197406962785114,FALSE
TRPM8,-0.197406962785114,FALSE
ASCL1,-0.197406962785114,TRUE
GPC5,0.197310924369748,FALSE
PCGF5,-0.197310924369748,FALSE
GTF2IRD2B,0.197310924369748,TRUE
OR4A16,-0.197310924369748,FALSE
CARD18,0.197214885954382,FALSE
PPP1R13B,0.197214885954382,FALSE
LOC729879,-0.197214885954382,FALSE
EXOSC8,0.197214885954382,FALSE
LOC441495,-0.197118847539016,FALSE
TLK1,-0.197118847539016,FALSE
SLC26A6,0.197118847539016,FALSE
APAF1,-0.197118847539016,FALSE
VGLL3,0.197022809123649,FALSE
PREB,0.197022809123649,FALSE
GNG13,-0.197022809123649,FALSE
GDF15,-0.197022809123649,FALSE
ABCG1,-0.196926770708283,FALSE
IMPA1,-0.196926770708283,FALSE
CNNM4,0.196926770708283,FALSE
SIK2,0.196926770708283,FALSE
ATP2A2,-0.196830732292917,FALSE
TAOK3,-0.196830732292917,FALSE
HOXD13,-0.196830732292917,TRUE
AASDHPPT,-0.196830732292917,FALSE
ZP3,0.196830732292917,FALSE
ANXA13,-0.196830732292917,FALSE
KIAA1486,-0.196830732292917,FALSE
LOC440905,0.196830732292917,FALSE
ZNF491,0.196734693877551,TRUE
DPAGT1,0.196734693877551,FALSE
CCR4,-0.196734693877551,FALSE
C9orf153,-0.196638655462185,FALSE
LRRTM1,-0.196638655462185,FALSE
AP2M1,-0.196638655462185,FALSE
ZNF251,0.196638655462185,TRUE
PLCD4,0.196542617046819,FALSE
BMP5,0.196542617046819,FALSE
TRPC4,-0.196446578631453,FALSE
HDAC2,-0.196446578631453,FALSE
AKT1S1,-0.196446578631453,FALSE
NCAPD3,0.196446578631453,FALSE
TBC1D10C,0.196446578631453,FALSE
AMBP,0.196350540216086,FALSE
SGSM3,0.196350540216086,FALSE
ATP2B4,-0.196350540216086,FALSE
ZNF117,0.19625450180072,TRUE
MMD,0.19625450180072,FALSE
LGALS9,0.19625450180072,FALSE
SPRED1,-0.19625450180072,FALSE
SP1,0.19625450180072,TRUE
WNT3,-0.19625450180072,FALSE
CYP27C1,-0.19625450180072,FALSE
ODZ4,0.19625450180072,FALSE
CRYGN,-0.196158463385354,FALSE
ZNF688,-0.196158463385354,TRUE
DEFB129,-0.196158463385354,FALSE
RNASET2,0.196158463385354,FALSE
IL17D,0.196158463385354,FALSE
LOC100288018,-0.196158463385354,FALSE
LOC100130009,-0.196062424969988,FALSE
GRM8,-0.196062424969988,FALSE
ENC1,0.196062424969988,FALSE
IMP5,-0.196062424969988,FALSE
OTOG,-0.196062424969988,FALSE
C5orf60,-0.195966386554622,FALSE
C1orf35,-0.195966386554622,FALSE
GPR114,-0.195966386554622,FALSE
AGTR1,0.195966386554622,FALSE
TSTD1,0.195966386554622,FALSE
G6PC,-0.195966386554622,FALSE
PABPC1L,-0.195870348139256,FALSE
C9orf86,0.195870348139256,FALSE
LOC100132526,0.195870348139256,FALSE
ZNF232,0.195870348139256,TRUE
HBG1,0.19577430972389,FALSE
SLC18A2,-0.19577430972389,FALSE
MAG,-0.19577430972389,FALSE
CINP,-0.19577430972389,FALSE
ING5,-0.19577430972389,FALSE
NEK8,0.195678271308523,FALSE
CTSL1P2,-0.195678271308523,FALSE
CNN3,-0.195678271308523,FALSE
CSRNP2,0.195678271308523,TRUE
TBC1D4,-0.195678271308523,FALSE
KCNF1,-0.195678271308523,FALSE
CRNKL1,-0.195582232893157,FALSE
PRODH2,0.195582232893157,FALSE
RPAP3,-0.195486194477791,FALSE
GBA,-0.195486194477791,FALSE
LHB,-0.195486194477791,FALSE
SMCP,-0.195486194477791,FALSE
MINA,0.195390156062425,FALSE
NUBP2,-0.195390156062425,FALSE
BRP44,-0.195390156062425,FALSE
PES1,0.195390156062425,FALSE
LINC00176,-0.195390156062425,FALSE
CSE1L,-0.195390156062425,FALSE
HERC4,-0.195294117647059,FALSE
KRTAP4-11,-0.195294117647059,FALSE
EIF4B,-0.195294117647059,FALSE
TAS2R31,0.195294117647059,FALSE
LOC343052,-0.195294117647059,FALSE
HEATR7B2,-0.195294117647059,FALSE
HTR2B,-0.195294117647059,FALSE
SNRNP27,-0.195198079231693,FALSE
SLK,0.195198079231693,FALSE
DGCR2,0.195198079231693,FALSE
FLJ46300,-0.195198079231693,FALSE
C17orf66,-0.195198079231693,FALSE
RGNEF,-0.195102040816327,FALSE
LOC90784,-0.195102040816327,FALSE
MEF2A,-0.195102040816327,TRUE
S1PR5,0.195102040816327,FALSE
TDRG1,-0.195102040816327,FALSE
SOX13,-0.19500600240096,TRUE
TDRD7,-0.19500600240096,FALSE
CTU2,-0.19500600240096,FALSE
RUNDC3B,-0.194909963985594,FALSE
EPHB1,-0.194909963985594,FALSE
IZUMO1,-0.194909963985594,FALSE
FAM123A,0.194909963985594,FALSE
IFT52,-0.194813925570228,FALSE
COCH,-0.194813925570228,FALSE
FAM161A,0.194813925570228,FALSE
ZSWIM7,0.194813925570228,FALSE
FLJ42289,0.194813925570228,FALSE
ATP8B2,-0.194717887154862,FALSE
DBNDD2,-0.194717887154862,FALSE
CTSE,0.194717887154862,FALSE
SLC7A14,-0.194717887154862,FALSE
SLC22A17,0.194717887154862,FALSE
MYL3,0.194717887154862,FALSE
KLF5,-0.194717887154862,TRUE
MYO18B,-0.194717887154862,FALSE
SST,0.194717887154862,FALSE
EREG,-0.194621848739496,FALSE
PDZK1IP1,0.194621848739496,FALSE
STEAP2,0.194621848739496,FALSE
CCDC50,0.194621848739496,FALSE
LOC647070,0.194621848739496,FALSE
RS1,-0.194621848739496,FALSE
METRNL,-0.19452581032413,FALSE
ZNF541,0.19452581032413,FALSE
DYNLRB2,-0.19452581032413,FALSE
RBM23,0.19452581032413,FALSE
PROX1,0.19452581032413,TRUE
LACTB2,-0.194429771908764,FALSE
B3GNTL1,0.194429771908764,FALSE
MTFR1,-0.194429771908764,FALSE
AIF1,-0.194429771908764,FALSE
SP3P,-0.194429771908764,FALSE
NT5DC3,0.194429771908764,FALSE
KCNU1,-0.194429771908764,FALSE
TFF1,-0.194429771908764,FALSE
NIPSNAP3B,0.194333733493397,FALSE
PRSS3,-0.194333733493397,FALSE
CST1,-0.194333733493397,FALSE
LOC644919,-0.194333733493397,FALSE
THEMIS,0.194237695078031,FALSE
AKAP4,-0.194237695078031,FALSE
NR4A1,0.194237695078031,TRUE
BMP1,-0.194237695078031,FALSE
TCTA,0.194237695078031,FALSE
TAF11,0.194237695078031,FALSE
IL2RB,0.194237695078031,FALSE
DCAF11,0.194141656662665,FALSE
GCH1,0.194141656662665,FALSE
SBDSP1,0.194141656662665,FALSE
ZMYM1,0.194141656662665,FALSE
GPR98,0.194141656662665,FALSE
RPS6KA3,-0.194045618247299,FALSE
LAMA3,-0.194045618247299,FALSE
N4BP2L1,0.194045618247299,FALSE
PSMD1,-0.194045618247299,FALSE
ALOX12B,-0.194045618247299,FALSE
PSMD14,-0.194045618247299,FALSE
VPS37C,0.194045618247299,FALSE
TULP2,-0.194045618247299,FALSE
MEP1A,-0.194045618247299,FALSE
NPSR1,-0.194045618247299,FALSE
CFHR4,-0.194045618247299,FALSE
EPAG,0.193949579831933,FALSE
CD37,-0.193853541416567,FALSE
CCDC85B,0.193853541416567,FALSE
TMPRSS11D,-0.193853541416567,FALSE
CARD8,0.193853541416567,FALSE
C10orf82,-0.193853541416567,FALSE
ZNF322,0.1937575030012,TRUE
LOC100130175,0.1937575030012,FALSE
RAP1A,-0.193661464585834,FALSE
ILKAP,0.193661464585834,FALSE
IGJ,0.193565426170468,FALSE
RFTN2,-0.193565426170468,FALSE
HVCN1,0.193565426170468,FALSE
LOC100132167,0.193469387755102,FALSE
PRPF4,-0.193469387755102,FALSE
RAB35,0.193469387755102,FALSE
UIMC1,0.193373349339736,FALSE
PVALB,-0.193373349339736,FALSE
C6orf127,-0.193373349339736,FALSE
STON1-GTF2A1L,0.193373349339736,FALSE
DDX18,-0.19327731092437,FALSE
ZMYND8,0.19327731092437,FALSE
SH3YL1,0.19327731092437,FALSE
ZWILCH,-0.19327731092437,FALSE
TRMT112,-0.19327731092437,FALSE
LOC100129104,-0.193181272509004,FALSE
CTNNA1,0.193181272509004,FALSE
TYW1,0.193181272509004,FALSE
ADORA1,0.193085234093637,FALSE
SNAP47,-0.193085234093637,FALSE
ADI1,-0.193085234093637,FALSE
LRRC38,-0.193085234093637,FALSE
MAP7D2,-0.193085234093637,FALSE
CLMP,0.192989195678271,FALSE
RSU1,0.192989195678271,FALSE
LOC57399,-0.192989195678271,FALSE
ZNF283,-0.192893157262905,TRUE
THNSL2,0.192893157262905,FALSE
OR8B8,-0.192893157262905,FALSE
LOC387720,0.192893157262905,FALSE
ALDH8A1,-0.192893157262905,FALSE
ELOVL5,-0.192797118847539,FALSE
POLR2C,0.192797118847539,FALSE
HMGXB4,0.192797118847539,FALSE
MS4A10,-0.192797118847539,FALSE
KCNA10,-0.192797118847539,FALSE
CAPS2,0.192797118847539,FALSE
PGBD5,-0.192701080432173,FALSE
CACNA1I,-0.192701080432173,FALSE
PDE6G,-0.192701080432173,FALSE
DHX29,0.192701080432173,FALSE
KRT16P2,-0.192701080432173,FALSE
ANO3,0.192605042016807,FALSE
ABP1,-0.192605042016807,FALSE
PRR20B,0.192605042016807,FALSE
IMMP2L,0.192605042016807,FALSE
NTN4,0.192605042016807,FALSE
BCCIP,0.192509003601441,FALSE
SLC9B2,-0.192509003601441,FALSE
LOC100130071,-0.192509003601441,FALSE
LOC285286,0.192509003601441,FALSE
DRD3,-0.192509003601441,FALSE
LRIT2,-0.192509003601441,FALSE
C6orf201,-0.192509003601441,FALSE
C11orf95,-0.192412965186074,FALSE
MYO5B,-0.192412965186074,FALSE
EIF4E3,0.192412965186074,FALSE
LOC100653275,-0.192412965186074,FALSE
KRTAP10-12,0.192412965186074,FALSE
RPS2,0.192316926770708,FALSE
PCDHA4,-0.192316926770708,FALSE
RNF26,-0.192316926770708,FALSE
TPTE2P3,0.192316926770708,FALSE
KDM1B,-0.192316926770708,FALSE
TP53,0.192316926770708,TRUE
LOC641364,-0.192316926770708,FALSE
LINC00221,0.192316926770708,FALSE
LOC100132197,-0.192316926770708,FALSE
FHOD3,-0.192220888355342,FALSE
C1orf63,0.192220888355342,FALSE
PRR14L,0.192220888355342,FALSE
KLF10,0.192220888355342,TRUE
SOD2,-0.192124849939976,FALSE
ARAP1,-0.192124849939976,FALSE
FAM5B,0.192124849939976,FALSE
PELI1,0.19202881152461,FALSE
C16orf88,-0.19202881152461,FALSE
DDO,0.19202881152461,FALSE
RFPL4A,-0.19202881152461,FALSE
C17orf79,-0.19202881152461,FALSE
PCDH20,-0.191932773109244,FALSE
LOC100131242,-0.191932773109244,FALSE
OR10A2,-0.191932773109244,FALSE
PLCG2,0.191932773109244,FALSE
TMEM59L,-0.191932773109244,FALSE
SPINLW1-WFDC6,-0.191932773109244,FALSE
BTN3A1,-0.191836734693878,FALSE
NKX6-2,-0.191836734693878,TRUE
C9orf41,-0.191836734693878,FALSE
UBE2Z,0.191836734693878,FALSE
SV2C,0.191836734693878,FALSE
ZNF37A,0.191836734693878,TRUE
LOC388456,-0.191836734693878,FALSE
FLJ45248,-0.191740696278511,FALSE
MRPL46,-0.191740696278511,FALSE
CCL20,-0.191740696278511,FALSE
SNORA76,0.191740696278511,FALSE
MYH11,0.191740696278511,FALSE
YES1,0.191644657863145,FALSE
ITLN2,-0.191644657863145,FALSE
LOC100131347,0.191644657863145,FALSE
CCNY,0.191644657863145,FALSE
MUCL1,0.191644657863145,FALSE
KLHL8,-0.191548619447779,FALSE
IGFBP7,-0.191548619447779,FALSE
SMAP1,-0.191548619447779,FALSE
CECR2,-0.191548619447779,FALSE
UCHL1,-0.191452581032413,FALSE
IL2RG,0.191452581032413,FALSE
PLEKHM1,0.191452581032413,FALSE
THAP6,-0.191452581032413,FALSE
HNF1B,-0.191452581032413,TRUE
MSH4,0.191452581032413,FALSE
ZNF319,0.191452581032413,FALSE
ALPL,-0.191356542617047,FALSE
CLEC2D,0.191356542617047,FALSE
HSPA4L,-0.191356542617047,FALSE
IL22RA1,-0.191356542617047,FALSE
NBPF22P,0.191356542617047,FALSE
IPO4,0.191260504201681,FALSE
NME3,-0.191260504201681,FALSE
BACH1,-0.191260504201681,TRUE
CWC22,-0.191260504201681,FALSE
GDF1,0.191260504201681,FALSE
TMPRSS13,-0.191260504201681,FALSE
CHRM4,0.191164465786315,FALSE
HMOX2,-0.191164465786315,FALSE
SMARCAD1,-0.191164465786315,FALSE
SLC16A5,0.191164465786315,FALSE
SSTR5,-0.191164465786315,FALSE
TFAP2A,0.191164465786315,TRUE
ANGPT4,-0.191068427370948,FALSE
PHF5A,-0.191068427370948,FALSE
SPINK2,0.191068427370948,FALSE
MEX3C,-0.191068427370948,FALSE
CLRN1,-0.191068427370948,FALSE
PKP2,0.191068427370948,FALSE
IRF5,0.191068427370948,TRUE
RHBDF2,0.190972388955582,FALSE
LOC100188947,0.190972388955582,FALSE
ZP2,-0.190972388955582,FALSE
TMEM82,-0.190876350540216,FALSE
ATXN1L,-0.190876350540216,FALSE
LINC00294,0.190876350540216,FALSE
CTAGE1,-0.190876350540216,FALSE
ZNRF4,-0.190876350540216,FALSE
RSPO1,0.19078031212485,FALSE
FRMPD3,-0.19078031212485,FALSE
MIAT,0.19078031212485,FALSE
ZNF253,0.19078031212485,TRUE
IL28RA,0.19078031212485,FALSE
ESPN,-0.19078031212485,FALSE
UNC93A,-0.19078031212485,FALSE
LOC283140,0.190684273709484,FALSE
FDX1L,-0.190684273709484,FALSE
LOC100130342,-0.190684273709484,FALSE
TLR9,-0.190684273709484,FALSE
NUP210L,0.190684273709484,FALSE
BLVRB,-0.190588235294118,FALSE
FOLH1B,-0.190588235294118,FALSE
ZNF222,0.190588235294118,TRUE
MSL2,0.190588235294118,FALSE
IL3,-0.190588235294118,FALSE
PPRC1,0.190492196878752,FALSE
LGALS3BP,-0.190492196878752,FALSE
STK17B,-0.190492196878752,FALSE
LOC440864,-0.190492196878752,FALSE
PMM1,0.190492196878752,FALSE
JMJD5,-0.190396158463385,FALSE
HOXC4,-0.190396158463385,TRUE
SMARCA1,-0.190396158463385,FALSE
HIGD2A,-0.190396158463385,FALSE
C10orf12,-0.190396158463385,FALSE
PAFAH2,0.190396158463385,FALSE
PPP3R1,-0.190300120048019,FALSE
ME1,-0.190300120048019,FALSE
NACA,-0.190300120048019,FALSE
PPEF2,0.190300120048019,FALSE
SHISA9,0.190204081632653,FALSE
HSD17B4,0.190204081632653,FALSE
LINC00476,-0.190204081632653,FALSE
ASMTL,0.190204081632653,FALSE
KIAA0368,0.190204081632653,FALSE
ZNF674,-0.190204081632653,TRUE
KRTAP23-1,-0.190204081632653,FALSE
LOC100130913,-0.190204081632653,FALSE
OR51F2,0.190204081632653,FALSE
CYBB,-0.190108043217287,FALSE
MGC39372,-0.190108043217287,FALSE
ANKRD26,-0.190108043217287,FALSE
C2orf89,-0.190012004801921,FALSE
KAT6A,0.190012004801921,FALSE
LOC100128816,0.190012004801921,FALSE
SLIT1,-0.189915966386555,FALSE
SLC38A3,0.189915966386555,FALSE
USH1G,-0.189819927971189,FALSE
FMO4,0.189723889555822,FALSE
PMP2,0.189627851140456,FALSE
LOC645166,-0.189627851140456,FALSE
PABPC5,-0.189627851140456,FALSE
GDPD1,-0.189627851140456,FALSE
RPL13AP17,-0.189627851140456,FALSE
GTF2B,-0.189627851140456,FALSE
C6orf218,-0.189627851140456,FALSE
SNCAIP,0.18953181272509,FALSE
SEPT8,-0.18953181272509,FALSE
TUBB,-0.18953181272509,FALSE
MYOCD,0.18953181272509,FALSE
ORM2,-0.18953181272509,FALSE
LOC391767,-0.18953181272509,FALSE
C20orf194,0.189435774309724,FALSE
LOC283028,0.189435774309724,FALSE
GMPR2,-0.189435774309724,FALSE
LOC100131840,0.189435774309724,FALSE
KCNK10,0.189435774309724,FALSE
LOC145845,-0.189339735894358,FALSE
ST8SIA1,-0.189339735894358,FALSE
STL,0.189339735894358,FALSE
PAF1,0.189339735894358,FALSE
LOC728705,-0.189339735894358,FALSE
DST,-0.189339735894358,FALSE
KIAA0040,0.189243697478992,FALSE
PARVB,-0.189243697478992,FALSE
C1orf115,0.189243697478992,FALSE
TPR,0.189243697478992,FALSE
MASTL,-0.189243697478992,FALSE
LOC439949,0.189243697478992,FALSE
ACE2,-0.189147659063625,FALSE
NCS1,-0.189147659063625,FALSE
EIF4H,0.189147659063625,FALSE
KLK7,-0.189147659063625,FALSE
POLR2F,0.189051620648259,FALSE
FAM87B,-0.189051620648259,FALSE
IFI27,-0.189051620648259,FALSE
CNTN2,0.189051620648259,FALSE
MED23,0.189051620648259,FALSE
FLVCR2,0.189051620648259,FALSE
PF4,0.188955582232893,FALSE
NSMAF,0.188955582232893,FALSE
HCFC2,-0.188955582232893,FALSE
RAD51D,0.188955582232893,FALSE
HERC2P2,0.188955582232893,FALSE
FAM160A1,-0.188859543817527,FALSE
POLR2H,-0.188859543817527,FALSE
LOC442122,-0.188859543817527,FALSE
HERC2P7,0.188859543817527,FALSE
C7orf40,0.188763505402161,FALSE
BMP8B,-0.188763505402161,FALSE
FCER2,0.188763505402161,FALSE
BST2,0.188763505402161,FALSE
LOC100506713,-0.188763505402161,FALSE
FAM110A,0.188763505402161,FALSE
KIF12,0.188763505402161,FALSE
TGFB3,-0.188667466986795,FALSE
LOC100509091,0.188667466986795,FALSE
RAMP3,0.188667466986795,FALSE
NAV1,-0.188667466986795,FALSE
DCHS2,-0.188667466986795,FALSE
LOC440910,-0.188667466986795,FALSE
TOP1P2,0.188667466986795,FALSE
TMC5,0.188667466986795,FALSE
TCAP,0.188571428571429,FALSE
RNF149,-0.188571428571429,FALSE
GNE,0.188571428571429,FALSE
C2orf49,-0.188571428571429,FALSE
LOC100128366,0.188571428571429,FALSE
LPAL2,-0.188571428571429,FALSE
PTPN14,-0.188571428571429,FALSE
KIAA1324L,0.188571428571429,FALSE
SERPINE1,-0.188571428571429,FALSE
LOC100130285,-0.188475390156062,FALSE
MYO1D,-0.188475390156062,FALSE
OR2M2,0.188379351740696,FALSE
SLC16A11,0.188379351740696,FALSE
ADD2,0.18828331332533,FALSE
PCYT2,-0.18828331332533,FALSE
MYBPC2,-0.18828331332533,FALSE
VHL,0.18828331332533,FALSE
SNAI2,-0.18828331332533,TRUE
FAM153B,0.18828331332533,FALSE
PTGER2,0.188187274909964,FALSE
TDRD3,-0.188187274909964,FALSE
MDH1,-0.188187274909964,FALSE
GGT3P,-0.188187274909964,FALSE
CHST3,0.188187274909964,FALSE
SPIRE2,0.188091236494598,FALSE
RNMT,-0.188091236494598,FALSE
CAV3,0.188091236494598,FALSE
TNFAIP8L1,0.188091236494598,FALSE
LOC100132240,0.188091236494598,FALSE
ZNF444,0.188091236494598,TRUE
LOC653712,-0.188091236494598,FALSE
CCDC85A,0.188091236494598,FALSE
ATP2A1,-0.187995198079232,FALSE
HNRNPA0,0.187995198079232,FALSE
KCNJ11,-0.187995198079232,FALSE
ATP5B,0.187995198079232,FALSE
PDCD11,0.187995198079232,FALSE
ARRB2,0.187899159663866,FALSE
STRA8,0.187899159663866,FALSE
LOC339400,0.187899159663866,FALSE
GABRR1,-0.187899159663866,FALSE
LOC100134256,0.187803121248499,FALSE
ZNF187,0.187803121248499,FALSE
ANKDD1B,-0.187803121248499,FALSE
ATPAF1-AS1,0.187803121248499,FALSE
C15orf52,0.187707082833133,FALSE
FAM24A,0.187707082833133,FALSE
AVIL,0.187707082833133,FALSE
POC1B,-0.187707082833133,FALSE
SCO1,-0.187611044417767,FALSE
CCDC9,-0.187611044417767,FALSE
FGF11,-0.187611044417767,FALSE
C2orf67,-0.187611044417767,FALSE
LOC643339,-0.187611044417767,FALSE
STX19,-0.187611044417767,FALSE
SAFB,0.187515006002401,FALSE
F8,-0.187515006002401,FALSE
LOC100240734,0.187515006002401,FALSE
UTS2R,-0.187515006002401,FALSE
LOC390877,-0.187515006002401,FALSE
SLC26A3,-0.187515006002401,FALSE
LOC100507507,-0.187418967587035,FALSE
TMEM95,-0.187418967587035,FALSE
LOC731275,-0.187418967587035,FALSE
C7orf74,-0.187418967587035,FALSE
NEB,-0.187418967587035,FALSE
CYB5D2,0.187418967587035,FALSE
ABCC6P1,0.187418967587035,FALSE
OXSR1,0.187418967587035,FALSE
FRK,-0.187418967587035,FALSE
LHX1,-0.187322929171669,TRUE
IP6K3,0.187322929171669,FALSE
RPL35,-0.187322929171669,FALSE
CLCF1,0.187322929171669,FALSE
FIBCD1,-0.187322929171669,FALSE
GAL3ST2,-0.187322929171669,FALSE
PLEKHG4,0.187322929171669,FALSE
POLR1C,0.187226890756303,FALSE
SIRPA,0.187226890756303,FALSE
GZMH,0.187130852340936,FALSE
CORO1B,0.187130852340936,FALSE
DBT,-0.187130852340936,FALSE
NEIL2,-0.187130852340936,FALSE
SLC44A5,-0.187130852340936,FALSE
RAB39,-0.187130852340936,FALSE
SEC11A,-0.187130852340936,FALSE
C20orf30,-0.187130852340936,FALSE
KCNC2,0.187130852340936,FALSE
FAM7A1,0.18703481392557,FALSE
KIAA1267,0.18703481392557,FALSE
BNIPL,0.18703481392557,FALSE
C16orf91,-0.18703481392557,FALSE
TP63,-0.18703481392557,TRUE
LOC100130811,0.186938775510204,FALSE
AGAP2,-0.186938775510204,FALSE
HACL1,0.186938775510204,FALSE
C21orf71,0.186938775510204,FALSE
C15orf37,0.186938775510204,FALSE
MRGPRX3,-0.186938775510204,FALSE
REG3A,-0.186842737094838,FALSE
KRT42P,-0.186842737094838,FALSE
TIFAB,0.186842737094838,FALSE
PSG1,0.186746698679472,FALSE
LOC100131831,-0.186746698679472,FALSE
OR51I1,0.186746698679472,FALSE
PSMC3,0.186746698679472,FALSE
LOC100131864,-0.186746698679472,FALSE
LPCAT2,-0.186650660264106,FALSE
NUTF2,-0.186650660264106,FALSE
PPAP2A,0.186650660264106,FALSE
GFER,-0.186650660264106,FALSE
FAM69C,0.186650660264106,FALSE
NUBP1,-0.18655462184874,FALSE
IL37,-0.18655462184874,FALSE
DEFB105B,-0.18655462184874,FALSE
FRG2B,-0.18655462184874,FALSE
NT5C1A,0.18655462184874,FALSE
ZFAT,0.186458583433373,TRUE
C16orf13,-0.186458583433373,FALSE
UBE2MP1,0.186458583433373,FALSE
DOLPP1,-0.186458583433373,FALSE
EXOSC7,0.186458583433373,FALSE
PSG11,0.186458583433373,FALSE
USP45,0.186362545018007,FALSE
MRTO4,-0.186362545018007,FALSE
CAND1,-0.186362545018007,FALSE
PAK2,0.186362545018007,FALSE
LOC389493,0.186362545018007,FALSE
MED31,-0.186362545018007,FALSE
THUMPD3,-0.186362545018007,FALSE
ACTR3BP2,0.186362545018007,FALSE
CYP8B1,0.186362545018007,FALSE
C12orf12,-0.186266506602641,FALSE
ARID4B,0.186266506602641,FALSE
C11orf68,0.186266506602641,FALSE
LOC100128239,-0.186266506602641,FALSE
C5orf50,-0.186266506602641,FALSE
ADCY2,0.186266506602641,FALSE
CHMP7,0.186266506602641,FALSE
FBXO43,-0.186266506602641,FALSE
AMDHD1,-0.186266506602641,FALSE
USP2,-0.186266506602641,FALSE
NCF4,0.186170468187275,FALSE
ELMO2,0.186170468187275,FALSE
PTH,0.186170468187275,FALSE
OR4D1,-0.186170468187275,FALSE
MORN5,0.186170468187275,FALSE
APOBEC1,0.186074429771909,FALSE
ATG16L1,0.186074429771909,FALSE
CNTD1,0.186074429771909,FALSE
LOC151475,-0.186074429771909,FALSE
CDKN2C,-0.186074429771909,FALSE
JMJD8,0.186074429771909,FALSE
ZNF16,0.186074429771909,TRUE
HSD3B7,-0.185978391356543,FALSE
GREM2,0.185978391356543,FALSE
PWP1,-0.185978391356543,FALSE
DIRC2,-0.185978391356543,FALSE
PLA2G12B,-0.185978391356543,FALSE
FAM159A,-0.185978391356543,FALSE
ARNTL,0.185978391356543,FALSE
OR5W2,-0.185978391356543,FALSE
LINC00313,0.185882352941176,FALSE
FAM134B,-0.185882352941176,FALSE
MGAT1,-0.185882352941176,FALSE
CAT,0.185882352941176,FALSE
RNASE11,-0.185882352941176,FALSE
TMUB1,0.185882352941176,FALSE
PPP1R11,0.185882352941176,FALSE
LMO7,-0.18578631452581,FALSE
SLC35F2,-0.18578631452581,FALSE
EPT1,-0.18578631452581,FALSE
FTSJD2,0.18578631452581,FALSE
PTPN9,0.18578631452581,FALSE
XRCC6BP1,0.18578631452581,FALSE
FAM84B,0.18578631452581,FALSE
DAAM1,0.185690276110444,FALSE
NAP1L2,0.185690276110444,FALSE
HRSP12,-0.185594237695078,FALSE
CCDC132,-0.185594237695078,FALSE
CA6,-0.185594237695078,FALSE
ETFDH,0.185594237695078,FALSE
MIA3,-0.185594237695078,FALSE
SPATA20,0.185594237695078,FALSE
ANKRD56,-0.185594237695078,FALSE
LILRB4,-0.185498199279712,FALSE
RASA3,0.185498199279712,FALSE
CLDN22,-0.185498199279712,FALSE
PP12613,0.185498199279712,FALSE
LDB3,-0.185402160864346,FALSE
WDR44,-0.185402160864346,FALSE
SHD,-0.185402160864346,FALSE
SNRPB,0.185402160864346,FALSE
FKSG2,-0.185402160864346,FALSE
UBL4B,-0.185402160864346,FALSE
TBCA,-0.185402160864346,FALSE
MRPL23-AS1,0.185402160864346,FALSE
NLRP12,0.18530612244898,FALSE
ODZ3,-0.18530612244898,FALSE
FAM84A,-0.18530612244898,FALSE
PLA2G2D,0.18530612244898,FALSE
TCEANC,0.18530612244898,FALSE
LOC100130057,-0.18530612244898,FALSE
LRRC8E,-0.185210084033613,FALSE
RAB3D,-0.185210084033613,FALSE
DEGS1,-0.185210084033613,FALSE
CDKN1B,0.185114045618247,FALSE
PSMC3IP,0.185114045618247,FALSE
LRRC57,-0.185018007202881,FALSE
LOC678655,-0.185018007202881,FALSE
DKFZp451A211,-0.184921968787515,FALSE
SH3BP4,0.184921968787515,FALSE
NMB,0.184921968787515,FALSE
STX11,0.184921968787515,FALSE
CXorf36,0.184921968787515,FALSE
TRAPPC6B,0.184921968787515,FALSE
LOC400236,-0.184825930372149,FALSE
RAET1E,-0.184825930372149,FALSE
CYP46A1,-0.184729891956783,FALSE
BPY2B,-0.184729891956783,FALSE
DBIL5P,0.184633853541417,FALSE
OR2K2,0.184633853541417,FALSE
SCAF4,0.184633853541417,FALSE
MRPL39,-0.184633853541417,FALSE
OR2V2,-0.184633853541417,FALSE
TSNAX,-0.18453781512605,FALSE
GAL3ST4,-0.18453781512605,FALSE
CACNG4,-0.18453781512605,FALSE
ATP2B2,-0.184441776710684,FALSE
TMEM215,0.184441776710684,FALSE
LOC100128063,-0.184441776710684,FALSE
APOH,-0.184441776710684,FALSE
AURKA,-0.184345738295318,FALSE
MKI67IP,-0.184345738295318,FALSE
SNHG13,0.184345738295318,FALSE
LOC100131702,-0.184345738295318,FALSE
ZNF665,-0.184345738295318,TRUE
LOC255411,0.184345738295318,FALSE
LINC00244,0.184249699879952,FALSE
C8orf78,0.184249699879952,FALSE
ITSN1,0.184249699879952,FALSE
ATF5,0.184249699879952,TRUE
LINC00202,0.184153661464586,FALSE
LOC100306975,0.184153661464586,FALSE
LOC441204,0.184153661464586,FALSE
FEV,-0.184153661464586,TRUE
IFNAR2,-0.18405762304922,FALSE
CD160,0.18405762304922,FALSE
LOC100653058,0.18405762304922,FALSE
HOXB1,-0.18405762304922,TRUE
RP9,0.18405762304922,FALSE
RNF219,-0.183961584633854,FALSE
RAB12,-0.183865546218487,FALSE
C12orf45,-0.183865546218487,FALSE
PYGO2,-0.183865546218487,FALSE
CRHR1,0.183865546218487,FALSE
FAM20A,-0.183769507803121,FALSE
ZNF418,-0.183769507803121,TRUE
TNFAIP8L3,-0.183769507803121,FALSE
LOC648691,-0.183769507803121,FALSE
CD2AP,-0.183673469387755,FALSE
EFTUD2,-0.183673469387755,FALSE
MPPED2,0.183673469387755,FALSE
BCL2L15,-0.183673469387755,FALSE
SOD3,0.183673469387755,FALSE
GRIN2B,0.183577430972389,FALSE
STX1A,0.183577430972389,FALSE
DDHD2,0.183577430972389,FALSE
CUL9,0.183577430972389,FALSE
LOC158960,0.183577430972389,FALSE
C15orf53,0.183577430972389,FALSE
KIAA1377,0.183577430972389,FALSE
TFDP1,-0.183481392557023,TRUE
PRO1768,-0.183481392557023,FALSE
STX1B,-0.183481392557023,FALSE
CCDC61,-0.183481392557023,FALSE
ZNF365,-0.183481392557023,FALSE
KCNG2,-0.183481392557023,FALSE
KCTD15,-0.183385354141657,FALSE
CNGB1,-0.183385354141657,FALSE
LCN15,0.183385354141657,FALSE
C11orf63,-0.183289315726291,FALSE
PDCD2,-0.183289315726291,FALSE
LOC723809,-0.183289315726291,FALSE
GBAS,0.183289315726291,FALSE
ZBTB49,0.183289315726291,TRUE
HLA-DMA,0.183289315726291,FALSE
PRAMEF1,-0.183289315726291,FALSE
SYK,0.183193277310924,FALSE
ENTPD3,-0.183193277310924,FALSE
C4orf32,0.183193277310924,FALSE
THOC6,-0.183193277310924,FALSE
NPY,0.183193277310924,FALSE
MTMR7,0.183193277310924,FALSE
C2orf85,0.183193277310924,FALSE
SLC10A5,-0.183097238895558,FALSE
MME,0.183097238895558,FALSE
RNF151,0.183097238895558,FALSE
LRRC66,0.183097238895558,FALSE
P2RY13,0.183097238895558,FALSE
TMEM132E,-0.183001200480192,FALSE
PTEN,-0.183001200480192,FALSE
TRPM3,0.183001200480192,FALSE
LAT2,-0.183001200480192,FALSE
ADCY1,0.183001200480192,FALSE
CRYBA4,0.183001200480192,FALSE
AES,0.183001200480192,FALSE
TLN1,0.183001200480192,FALSE
LOC100129292,-0.183001200480192,FALSE
LOC100131381,-0.182905162064826,FALSE
C5orf28,-0.182905162064826,FALSE
ZNF350,-0.182905162064826,TRUE
VWA2,-0.182905162064826,FALSE
C2orf69,-0.182905162064826,FALSE
TSPEAR,0.182905162064826,FALSE
MAPKBP1,0.18280912364946,FALSE
HMG20B,-0.18280912364946,FALSE
NKAP,-0.18280912364946,FALSE
LOC388942,-0.18280912364946,FALSE
LOC100133286,-0.182713085234094,FALSE
FCHSD2,-0.182713085234094,FALSE
DMTF1,-0.182713085234094,TRUE
DDAH2,0.182713085234094,FALSE
PLCL1,-0.182713085234094,FALSE
RNF183,-0.182713085234094,FALSE
WFDC13,0.182713085234094,FALSE
HSD17B1,0.182617046818728,FALSE
C6orf192,-0.182617046818728,FALSE
HIST3H2BB,-0.182617046818728,FALSE
C5orf20,0.182617046818728,FALSE
GOLT1B,-0.182521008403361,FALSE
SESN1,0.182424969987995,FALSE
FLJ32224,0.182424969987995,FALSE
TPRN,-0.182424969987995,FALSE
SS18L2,-0.182424969987995,FALSE
IL17C,0.182424969987995,FALSE
LOC729652,0.182328931572629,FALSE
SEC14L2,-0.182328931572629,FALSE
CDCA5,-0.182232893157263,FALSE
BEX4,-0.182232893157263,FALSE
SPAG11B,0.182232893157263,FALSE
SLC46A2,0.182232893157263,FALSE
EIF2A,-0.182136854741897,FALSE
ASRGL1,0.182136854741897,FALSE
MPO,0.182040816326531,FALSE
MGC16025,0.182040816326531,FALSE
CLDN3,-0.182040816326531,FALSE
CPNE4,0.182040816326531,FALSE
NAA40,0.181944777911164,FALSE
CXXC5,-0.181944777911164,FALSE
NUP153,0.181944777911164,FALSE
PXT1,0.181944777911164,FALSE
MBOAT1,0.181944777911164,FALSE
EDDM3B,-0.181944777911164,FALSE
PKD1L2,0.181848739495798,FALSE
NLE1,-0.181848739495798,FALSE
CDC27,0.181848739495798,FALSE
TTYH3,-0.181848739495798,FALSE
C3orf52,-0.181848739495798,FALSE
KDM5A,-0.181848739495798,FALSE
SPTB,-0.181752701080432,FALSE
VAX2,-0.181752701080432,TRUE
FBXO7,0.181752701080432,FALSE
YIPF7,-0.181752701080432,FALSE
C2orf16,-0.181752701080432,FALSE
TPD52L2,0.181752701080432,FALSE
DDTL,-0.181752701080432,FALSE
RAC2,-0.181656662665066,FALSE
KRTAP10-8,-0.181656662665066,FALSE
MS4A6E,0.181656662665066,FALSE
DGKE,0.1815606242497,FALSE
ITFG3,-0.1815606242497,FALSE
RFK,-0.1815606242497,FALSE
GIP,-0.1815606242497,FALSE
ATPAF1,-0.1815606242497,FALSE
TMPRSS11E,-0.1815606242497,FALSE
ATF7IP,-0.181464585834334,FALSE
PRR23B,-0.181464585834334,FALSE
PRDM5,-0.181368547418968,TRUE
LOC440313,-0.181368547418968,FALSE
FAM208B,0.181368547418968,FALSE
LOC100130458,-0.181368547418968,FALSE
DSEL,0.181368547418968,FALSE
F8A1,0.181368547418968,FALSE
HECW2,-0.181368547418968,FALSE
UNC93B1,0.181272509003601,FALSE
ST3GAL4,0.181272509003601,FALSE
SEMA4A,-0.181272509003601,FALSE
SEC24C,-0.181176470588235,FALSE
LOC100129581,-0.181176470588235,FALSE
GBP5,0.181176470588235,FALSE
HOXB13,-0.181176470588235,TRUE
OR10H5,0.181176470588235,FALSE
EPB49,0.181080432172869,FALSE
F7,0.181080432172869,FALSE
THEG,0.181080432172869,FALSE
LOC100271722,0.181080432172869,FALSE
SIRPG,0.181080432172869,FALSE
C10orf53,-0.181080432172869,FALSE
C1orf216,0.181080432172869,FALSE
TXNRD3NB,-0.180984393757503,FALSE
RPL29P2,-0.180984393757503,FALSE
CABP5,-0.180984393757503,FALSE
GRAP2,0.180984393757503,FALSE
ASPA,0.180888355342137,FALSE
GPR25,-0.180888355342137,FALSE
INTS6,-0.180888355342137,FALSE
ANKS1A,-0.180888355342137,FALSE
DISP2,-0.180888355342137,FALSE
SCARNA16,-0.180888355342137,FALSE
LDLRAD2,-0.180888355342137,FALSE
LOC100130856,-0.180888355342137,FALSE
SLC4A3,-0.180888355342137,FALSE
RBMXL2,0.180888355342137,FALSE
OR10G4,-0.180888355342137,FALSE
SIAH2,-0.180792316926771,FALSE
LOR,-0.180792316926771,FALSE
KIAA0494,0.180792316926771,FALSE
MTF2,0.180792316926771,FALSE
TMCO3,-0.180792316926771,FALSE
LOC100130872,0.180792316926771,FALSE
LOC100129858,-0.180696278511405,FALSE
MPRIP,0.180696278511405,FALSE
ANAPC10,-0.180696278511405,FALSE
ITIH4,0.180696278511405,FALSE
ADCYAP1,-0.180696278511405,FALSE
PTPRR,-0.180696278511405,FALSE
LOC100329135,-0.180600240096038,FALSE
GDF7,-0.180600240096038,FALSE
SIX2,0.180600240096038,TRUE
UNC13C,-0.180600240096038,FALSE
PTCRA,-0.180504201680672,FALSE
USH1C,0.180504201680672,FALSE
C19orf70,-0.180504201680672,FALSE
ZNF628,0.180504201680672,TRUE
LOC100128105,-0.180504201680672,FALSE
SEL1L3,0.180504201680672,FALSE
DSCR9,-0.180408163265306,FALSE
AMZ2P1,0.180408163265306,FALSE
CLDN16,-0.180408163265306,FALSE
LOC100133985,-0.180408163265306,FALSE
LOC100128573,0.18031212484994,FALSE
RABEP1,-0.18031212484994,FALSE
ADORA3,-0.18031212484994,FALSE
CTTNBP2NL,-0.18031212484994,FALSE
LOC254100,0.18031212484994,FALSE
ANKRD43,0.180216086434574,FALSE
DMGDH,0.180216086434574,FALSE
NRCAM,-0.180216086434574,FALSE
TTTY23,0.180216086434574,FALSE
VPS41,-0.180216086434574,FALSE
CHODL-AS1,-0.180120048019208,FALSE
FABP5,0.180024009603842,FALSE
ADRBK2,0.180024009603842,FALSE
MTMR2,-0.180024009603842,FALSE
ZBTB9,0.180024009603842,TRUE
HSD17B2,-0.180024009603842,FALSE
C6orf191,-0.180024009603842,FALSE
LCN2,0.179927971188475,FALSE
KIAA2018,0.179927971188475,FALSE
MYH9,-0.179927971188475,FALSE
KIAA0319,0.179927971188475,FALSE
LARP7,-0.179831932773109,FALSE
DPRXP4,0.179831932773109,FALSE
PPA2,-0.179831932773109,FALSE
C6orf48,0.179831932773109,FALSE
C1orf101,-0.179831932773109,FALSE
KIF18B,-0.179831932773109,FALSE
ATXN8,-0.179831932773109,FALSE
LOC100506220,-0.179831932773109,FALSE
CTNND2,0.179831932773109,FALSE
SUGT1P3,0.179831932773109,FALSE
KRTAP5-1,-0.179831932773109,FALSE
MTERFD2,0.179735894357743,FALSE
ZFC3H1,0.179735894357743,FALSE
TNFRSF10C,-0.179639855942377,FALSE
LOC728690,-0.179639855942377,FALSE
SDHAF1,-0.179639855942377,FALSE
AADACL2,-0.179639855942377,FALSE
RASSF9,0.179639855942377,FALSE
HERC5,0.179543817527011,FALSE
C19orf12,0.179543817527011,FALSE
PTN,-0.179543817527011,FALSE
FSTL1,-0.179543817527011,FALSE
LOC283728,0.179543817527011,FALSE
TDO2,-0.179543817527011,FALSE
C1QL1,-0.179543817527011,FALSE
FTLP10,0.179543817527011,FALSE
C3orf77,0.179447779111645,FALSE
CRB3,0.179447779111645,FALSE
TXLNA,-0.179447779111645,FALSE
FAM75D3,0.179447779111645,FALSE
CFD,0.179447779111645,FALSE
DMKN,-0.179447779111645,FALSE
TPRA1,0.179447779111645,FALSE
OR4N4,0.179351740696279,FALSE
C6orf94,-0.179351740696279,FALSE
GLIS2,-0.179351740696279,TRUE
BPIFA3,0.179351740696279,FALSE
LOC285281,0.179255702280912,FALSE
ZNF503-AS2,-0.179255702280912,FALSE
FAM138A,-0.179159663865546,FALSE
HOMER1,0.179159663865546,FALSE
ANGEL2,0.179159663865546,FALSE
CUX2,-0.179159663865546,TRUE
RABL5,-0.179159663865546,FALSE
NKX3-1,0.179159663865546,TRUE
LOC645195,0.179159663865546,FALSE
NEK5,0.179159663865546,FALSE
C19orf60,0.17906362545018,FALSE
SIVA1,-0.17906362545018,FALSE
VNN1,0.17906362545018,FALSE
PTGS1,-0.17906362545018,FALSE
LOC253044,0.178967587034814,FALSE
TMEM129,0.178967587034814,FALSE
RNF43,0.178967587034814,FALSE
LOC100129312,0.178871548619448,FALSE
LDHB,-0.178871548619448,FALSE
OR7E37P,0.178871548619448,FALSE
FAM70B,-0.178871548619448,FALSE
GLIS3,-0.178871548619448,TRUE
CRCP,0.178871548619448,FALSE
LOC285000,0.178775510204082,FALSE
LOC645485,0.178775510204082,FALSE
LRFN4,-0.178775510204082,FALSE
GCAT,-0.178775510204082,FALSE
DCDC2B,0.178775510204082,FALSE
FCRL6,-0.178679471788715,FALSE
DUSP22,0.178679471788715,FALSE
SLC7A4,-0.178679471788715,FALSE
FLJ38576,-0.178679471788715,FALSE
MAGEB10,-0.178679471788715,FALSE
LOC100129316,0.178679471788715,FALSE
TAS2R40,-0.178679471788715,FALSE
AMD1,-0.178583433373349,FALSE
ZNF773,-0.178583433373349,TRUE
DDHD1,0.178583433373349,FALSE
ATF4,-0.178487394957983,TRUE
ATP6V1H,0.178487394957983,FALSE
GYLTL1B,-0.178487394957983,FALSE
KLLN,0.178391356542617,FALSE
TMX3,-0.178391356542617,FALSE
LOC100506173,-0.178295318127251,FALSE
ACYP2,-0.178199279711885,FALSE
MEIS2,-0.178199279711885,TRUE
PJA1,-0.178199279711885,FALSE
TMEM50A,0.178199279711885,FALSE
OAS3,-0.178103241296519,FALSE
NGRN,0.178103241296519,FALSE
POLB,-0.178103241296519,FALSE
NUB1,0.178103241296519,FALSE
EIF2D,0.178103241296519,FALSE
METTL18,-0.178007202881152,FALSE
MAPRE1,-0.178007202881152,FALSE
LOC441461,-0.178007202881152,FALSE
OR11G2,-0.178007202881152,FALSE
IRF9,0.177911164465786,TRUE
RAB4A,-0.177911164465786,FALSE
FGF21,0.177911164465786,FALSE
ATF3,0.17781512605042,TRUE
NT5DC4,-0.17781512605042,FALSE
IRGC,-0.17781512605042,FALSE
PDCD5,-0.17781512605042,FALSE
OCRL,0.17781512605042,FALSE
MYADM,-0.17781512605042,FALSE
API5,-0.177719087635054,FALSE
GSDMD,0.177719087635054,FALSE
SLC16A6,0.177719087635054,FALSE
SNX29,0.177719087635054,FALSE
NCR3,0.177719087635054,FALSE
ATXN2L,0.177719087635054,FALSE
CUBN,0.177719087635054,FALSE
MUM1L1,0.177719087635054,FALSE
C19orf55,0.177623049219688,FALSE
STK32C,0.177623049219688,FALSE
PYGO1,-0.177623049219688,FALSE
SLC1A7,0.177527010804322,FALSE
GRIN3A,-0.177527010804322,FALSE
PIF1,-0.177527010804322,FALSE
OR2B2,-0.177527010804322,FALSE
ETF1,0.177527010804322,FALSE
MRC1,0.177430972388956,FALSE
MIPEPP3,0.177430972388956,FALSE
ACTRT1,-0.177430972388956,FALSE
TNP1,-0.177334933973589,FALSE
KIR2DS3,-0.177238895558223,FALSE
GYPC,0.177238895558223,FALSE
ITGA6,0.177238895558223,FALSE
EPB41L2,-0.177238895558223,FALSE
SI,0.177238895558223,FALSE
FIBIN,-0.177238895558223,FALSE
LRRC25,0.177142857142857,FALSE
MBIP,-0.177142857142857,FALSE
GTF3A,-0.177142857142857,FALSE
ISG20L2,0.177142857142857,FALSE
PAR4,-0.177142857142857,FALSE
PWRN2,0.177142857142857,FALSE
GNAL,0.177046818727491,FALSE
LOC283484,-0.176950780312125,FALSE
PTCH1,-0.176950780312125,FALSE
FLJ12334,-0.176950780312125,FALSE
CECR9,0.176950780312125,FALSE
CRHBP,0.176950780312125,FALSE
LOC100134409,-0.176854741896759,FALSE
NKAIN1,-0.176854741896759,FALSE
HPCA,0.176854741896759,FALSE
PTCH2,-0.176758703481393,FALSE
FLJ41455,0.176758703481393,FALSE
CNP,0.176758703481393,FALSE
CTDP1,0.176758703481393,FALSE
UTS2,-0.176758703481393,FALSE
CXorf38,0.176662665066026,FALSE
USP17L2,0.176662665066026,FALSE
HCN2,-0.17656662665066,FALSE
SPATA2L,-0.17656662665066,FALSE
HCRTR2,0.17656662665066,FALSE
LOC100127994,0.17656662665066,FALSE
ATM,-0.176470588235294,FALSE
LOC100130386,0.176470588235294,FALSE
LOC100131034,-0.176470588235294,FALSE
LOC391636,0.176470588235294,FALSE
ELF2,-0.176470588235294,TRUE
PGC,0.176470588235294,FALSE
TUG1,0.176470588235294,FALSE
NXPH4,-0.176470588235294,FALSE
SCG2,-0.176374549819928,FALSE
CLEC4C,-0.176374549819928,FALSE
LOC100134237,0.176374549819928,FALSE
MTMR9,0.176374549819928,FALSE
RNF170,-0.176374549819928,FALSE
C11orf61,0.176374549819928,FALSE
C8orf28,-0.176374549819928,FALSE
LOC729987,-0.176374549819928,FALSE
SLC10A1,-0.176278511404562,FALSE
LOC100130276,0.176278511404562,FALSE
TUBD1,0.176278511404562,FALSE
TPSD1,-0.176278511404562,FALSE
OR10C1,0.176278511404562,FALSE
FBLN1,-0.176182472989196,FALSE
TMPRSS9,0.176182472989196,FALSE
EIF3G,0.176182472989196,FALSE
DMC1,-0.176182472989196,FALSE
FOSL2,-0.17608643457383,TRUE
SDF4,0.17608643457383,FALSE
LINC00256A,-0.17608643457383,FALSE
B7H6,-0.17608643457383,FALSE
FLJ31813,0.175990396158463,FALSE
ZNF438,-0.175990396158463,TRUE
UNC5A,-0.175990396158463,FALSE
FAM163A,-0.175894357743097,FALSE
RGR,-0.175894357743097,FALSE
SELM,-0.175894357743097,FALSE
ENPP3,-0.175894357743097,FALSE
ST3GAL5,-0.175894357743097,FALSE
MUTED,-0.175798319327731,FALSE
ATG12,-0.175798319327731,FALSE
ANKRD2,-0.175798319327731,FALSE
ZFYVE19,-0.175798319327731,FALSE
MAP4K3,0.175702280912365,FALSE
GRIN2A,-0.175702280912365,FALSE
FASTK,-0.175702280912365,FALSE
LOC100128811,0.175702280912365,FALSE
SGK110,-0.175702280912365,FALSE
PLAUR,-0.175702280912365,FALSE
ABCD3,0.175606242496999,FALSE
FLJ14107,-0.175606242496999,FALSE
CD5,0.175606242496999,FALSE
RWDD1,-0.175606242496999,FALSE
ZNF81,-0.175510204081633,TRUE
RPS27,0.175510204081633,FALSE
LOC344967,0.175510204081633,FALSE
USP21,0.175510204081633,FALSE
SCAMP1,-0.175510204081633,FALSE
CARD9,0.175414165666267,FALSE
FNIP2,0.175414165666267,FALSE
INO80E,0.175414165666267,FALSE
CCDC51,-0.175414165666267,FALSE
LOC284751,-0.175414165666267,FALSE
LOC151760,-0.175414165666267,FALSE
HTR3E,-0.175414165666267,FALSE
SAA3P,-0.175414165666267,FALSE
SNX16,-0.1753181272509,FALSE
H19,0.1753181272509,FALSE
C1orf52,-0.1753181272509,FALSE
AIP,0.1753181272509,FALSE
TP53TG1,-0.1753181272509,FALSE
ITGA2B,-0.1753181272509,FALSE
MXD1,0.175222088835534,TRUE
MDGA1,-0.175222088835534,FALSE
LOC147670,0.175222088835534,FALSE
IFT172,0.175222088835534,FALSE
PRH2,0.175126050420168,FALSE
MYL12A,-0.175126050420168,FALSE
FAM122A,-0.175126050420168,FALSE
KIAA1919,-0.175126050420168,FALSE
PCDH15,-0.175030012004802,FALSE
UBL4A,-0.175030012004802,FALSE
MRPL19,0.175030012004802,FALSE
SARNP,-0.175030012004802,FALSE
C7orf62,-0.175030012004802,FALSE
LOC145474,0.175030012004802,FALSE
C4orf37,0.174933973589436,FALSE
POLR3K,-0.174933973589436,FALSE
DAB2IP,-0.174933973589436,FALSE
PACRGL,0.174933973589436,FALSE
DSCR8,0.174933973589436,FALSE
LOC643401,0.17483793517407,FALSE
HSPC072,-0.17483793517407,FALSE
CDON,0.174741896758703,FALSE
HS6ST3,0.174741896758703,FALSE
MOB4,-0.174741896758703,FALSE
RER1,0.174741896758703,FALSE
AK8,-0.174741896758703,FALSE
SLC28A2,-0.174741896758703,FALSE
VAMP2,-0.174645858343337,FALSE
DNAL4,-0.174645858343337,FALSE
FBXL18,-0.174645858343337,FALSE
ZDHHC17,0.174645858343337,FALSE
KRTAP4-4,-0.174645858343337,FALSE
NRG1,-0.174549819927971,FALSE
SPEF2,-0.174549819927971,FALSE
JAG2,0.174549819927971,FALSE
KBTBD6,-0.174549819927971,FALSE
LOC645769,-0.174549819927971,FALSE
GUCY2D,-0.174549819927971,FALSE
POLI,0.174453781512605,FALSE
SLC5A4,0.174453781512605,FALSE
USE1,0.174453781512605,FALSE
ZNF799,0.174453781512605,TRUE
SPRR3,0.174453781512605,FALSE
C14orf177,0.174357743097239,FALSE
SERPINA5,0.174357743097239,FALSE
GPR172B,-0.174261704681873,FALSE
FZR1,-0.174261704681873,FALSE
OR1M1,-0.174261704681873,FALSE
CXXC1P1,0.174165666266507,FALSE
LOC100288884,0.174165666266507,FALSE
MYL4,-0.174165666266507,FALSE
IFNB1,-0.174165666266507,FALSE
C1orf74,-0.174165666266507,FALSE
LOC283403,0.174165666266507,FALSE
POLR2B,0.174165666266507,FALSE
PRO2012,-0.174165666266507,FALSE
APOBEC3C,0.174165666266507,FALSE
GLTSCR2,0.17406962785114,FALSE
SRSF7,0.17406962785114,FALSE
SEPT6,0.17406962785114,FALSE
FOXRED2,-0.17406962785114,FALSE
LOC340239,-0.17406962785114,FALSE
SMARCC1,-0.17406962785114,FALSE
GPR124,0.17406962785114,FALSE
LOC100131662,-0.17406962785114,FALSE
FAM99A,-0.173973589435774,FALSE
ZNF710,-0.173973589435774,TRUE
MLL5,0.173973589435774,FALSE
OSTN,0.173973589435774,FALSE
PPP1R35,0.173877551020408,FALSE
HMGN1,-0.173877551020408,FALSE
CACNB1,0.173877551020408,FALSE
GALT,-0.173877551020408,FALSE
FAM169B,-0.173877551020408,FALSE
IFITM2,-0.173781512605042,FALSE
KLHL31,0.173781512605042,FALSE
ARMC6,-0.173781512605042,FALSE
FAM197Y2P,-0.173685474189676,FALSE
FBXO40,0.17358943577431,FALSE
LOC286068,-0.17358943577431,FALSE
C1QL2,0.17358943577431,FALSE
LOC642776,-0.17358943577431,FALSE
RBM24,0.17358943577431,FALSE
HTR5A,-0.17358943577431,FALSE
FLJ41170,-0.17358943577431,FALSE
C9orf16,-0.173493397358944,FALSE
SPDYE5,0.173493397358944,FALSE
RNF220,0.173493397358944,FALSE
CEP192,0.173493397358944,FALSE
LOC255654,0.173493397358944,FALSE
GAGE7,0.173493397358944,FALSE
STAC,0.173493397358944,FALSE
PHKB,-0.173493397358944,FALSE
LOC727916,-0.173493397358944,FALSE
SCML2,0.173493397358944,FALSE
AIM2,-0.173493397358944,FALSE
ZBED4,-0.173397358943577,TRUE
DMRT1,-0.173397358943577,TRUE
MAP9,0.173397358943577,FALSE
LRRC55,-0.173301320528211,FALSE
CSRP2,0.173301320528211,FALSE
ADRA1D,-0.173301320528211,FALSE
LOC100130580,0.173301320528211,FALSE
CBFB,-0.173301320528211,FALSE
LPP-AS2,-0.173301320528211,FALSE
IL19,-0.173301320528211,FALSE
PDPN,-0.173301320528211,FALSE
PNPT1,-0.173205282112845,FALSE
LOC283911,0.173205282112845,FALSE
ZNF408,0.173205282112845,TRUE
PRSS44,-0.173109243697479,FALSE
ATP5SL,-0.173109243697479,FALSE
SEMA5A,-0.173109243697479,FALSE
MTX1,0.173109243697479,FALSE
FAM40B,-0.173109243697479,FALSE
CSTB,-0.173013205282113,FALSE
RRAGA,-0.173013205282113,FALSE
RPP30,0.173013205282113,FALSE
CCBE1,-0.173013205282113,FALSE
HRNR,-0.172917166866747,FALSE
RCN3,-0.172917166866747,FALSE
RBM20,-0.172917166866747,FALSE
GPR34,-0.172917166866747,FALSE
C1orf94,-0.172917166866747,FALSE
MSMB,-0.172917166866747,FALSE
LGALS8,0.172821128451381,FALSE
MGC16703,-0.172821128451381,FALSE
CCDC134,-0.172821128451381,FALSE
NRARP,-0.172821128451381,FALSE
PRR21,0.172821128451381,FALSE
ATP5G1,-0.172821128451381,FALSE
CFLAR,0.172725090036014,FALSE
PDE10A,-0.172725090036014,FALSE
ARL2,0.172725090036014,FALSE
FAM45A,-0.172725090036014,FALSE
EXOSC5,0.172725090036014,FALSE
NAF1,-0.172725090036014,FALSE
SOCS5,-0.172725090036014,FALSE
WWP1,0.172725090036014,FALSE
PPP2R1B,0.172629051620648,FALSE
C10orf81,-0.172629051620648,FALSE
C14orf1,-0.172629051620648,FALSE
NFKBIE,-0.172629051620648,FALSE
CBLN3,0.172629051620648,FALSE
LOC100652851,-0.172629051620648,FALSE
LOC442459,-0.172533013205282,FALSE
TRIM9,0.172533013205282,FALSE
TAAR2,-0.172436974789916,FALSE
CSPG4,0.172436974789916,FALSE
SPINK6,-0.172436974789916,FALSE
GSTA7P,0.17234093637455,FALSE
LOC283435,0.17234093637455,FALSE
H2AFZ,-0.17234093637455,FALSE
FCRL5,0.17234093637455,FALSE
TRAF3IP1,0.17234093637455,FALSE
OS9,-0.17234093637455,FALSE
SH3GL1P3,0.17234093637455,FALSE
FLJ32255,0.17234093637455,FALSE
ESR2,-0.172244897959184,TRUE
KIAA1430,-0.172244897959184,FALSE
HIST1H2BE,-0.172244897959184,FALSE
KIAA0753,-0.172244897959184,FALSE
KBTBD2,0.172244897959184,FALSE
CASKIN2,0.172148859543818,FALSE
LTK,-0.172148859543818,FALSE
POLE4,0.172148859543818,FALSE
C11orf82,-0.172148859543818,FALSE
TGDS,-0.172148859543818,FALSE
PAPPA,-0.172148859543818,FALSE
ISY1-RAB43,-0.172148859543818,FALSE
TXNL1,-0.172052821128451,FALSE
ACCN5,-0.172052821128451,FALSE
BCAP31,-0.172052821128451,FALSE
FRS2,-0.172052821128451,FALSE
UACA,0.172052821128451,FALSE
DENND5A,0.171956782713085,FALSE
MZT2A,0.171956782713085,FALSE
LOC643923,-0.171956782713085,FALSE
LOC93622,0.171860744297719,FALSE
LRRC14B,-0.171860744297719,FALSE
MYH1,0.171764705882353,FALSE
SOD1,-0.171764705882353,FALSE
LOC100130815,-0.171764705882353,FALSE
RB1,-0.171764705882353,FALSE
HPS4,0.171764705882353,FALSE
GATA3,0.171764705882353,TRUE
ZNF784,-0.171764705882353,TRUE
PHGDH,-0.171668667466987,FALSE
MDM1,-0.171572629051621,FALSE
ZNF787,0.171572629051621,TRUE
THEM4,0.171572629051621,FALSE
ZC3H7A,0.171572629051621,FALSE
RAI14,-0.171572629051621,FALSE
DTD1,-0.171572629051621,FALSE
LOC254312,-0.171572629051621,FALSE
LRRC10B,0.171476590636255,FALSE
ZNF706,0.171476590636255,FALSE
CHST14,0.171476590636255,FALSE
C21orf91-OT1,0.171476590636255,FALSE
C9orf4,-0.171476590636255,FALSE
PTPN12,0.171380552220888,FALSE
HBB,0.171380552220888,FALSE
LOC729121,-0.171380552220888,FALSE
OR9A4,-0.171284513805522,FALSE
C10orf25,-0.171284513805522,FALSE
PDCD1,0.171284513805522,FALSE
EMCN,0.171284513805522,FALSE
XAGE1A,-0.171284513805522,FALSE
C12orf74,-0.171284513805522,FALSE
OR4B1,-0.171188475390156,FALSE
YPEL1,0.171188475390156,FALSE
AQP3,-0.171188475390156,FALSE
C9orf80,-0.171188475390156,FALSE
LOC400099,-0.171188475390156,FALSE
SHC3,-0.17109243697479,FALSE
IFITM4P,-0.17109243697479,FALSE
SNORA74B,-0.17109243697479,FALSE
TMEM169,-0.17109243697479,FALSE
SLC30A10,-0.17109243697479,FALSE
RRP9,0.170996398559424,FALSE
FAM151A,-0.170996398559424,FALSE
C6orf211,-0.170996398559424,FALSE
BCL7C,0.170996398559424,FALSE
LOC100130745,0.170996398559424,FALSE
OR1D5,-0.170996398559424,FALSE
PRTG,-0.170900360144058,FALSE
CRYBA2,-0.170900360144058,FALSE
ZFP36L1,0.170900360144058,FALSE
PICALM,0.170900360144058,FALSE
LOC283112,-0.170900360144058,FALSE
SPOCD1,-0.170804321728691,FALSE
GH2,0.170804321728691,FALSE
LOC100132368,-0.170804321728691,FALSE
PIGC,0.170708283313325,FALSE
KLHL12,-0.170708283313325,FALSE
SERPINF2,0.170708283313325,FALSE
MCOLN3,-0.170708283313325,FALSE
STARD9,-0.170612244897959,FALSE
ARFGAP1,-0.170612244897959,FALSE
TRIM38,0.170612244897959,FALSE
FAM186B,-0.170516206482593,FALSE
GPRC5C,-0.170516206482593,FALSE
LYVE1,0.170516206482593,FALSE
CBL,0.170420168067227,FALSE
CLCN5,0.170420168067227,FALSE
WDR34,-0.170420168067227,FALSE
ZBTB12,-0.170420168067227,TRUE
CCND1,0.170420168067227,FALSE
LOC100131099,0.170420168067227,FALSE
PCSK1,-0.170324129651861,FALSE
PPY,-0.170324129651861,FALSE
LANCL3,-0.170324129651861,FALSE
CTCF,0.170324129651861,TRUE
SLITRK3,0.170228091236495,FALSE
UHRF1BP1,0.170228091236495,FALSE
SNX25,-0.170228091236495,FALSE
MCCD1,-0.170228091236495,FALSE
PSME2,-0.170132052821128,FALSE
OTOR,-0.170132052821128,FALSE
AMZ2,0.170132052821128,FALSE
WHSC1L1,0.170132052821128,FALSE
LOC284788,0.170132052821128,FALSE
LOC100131581,-0.170036014405762,FALSE
NUDT5,-0.170036014405762,FALSE
NSF,-0.170036014405762,FALSE
SH2B2,-0.170036014405762,FALSE
LOC100130000,0.170036014405762,FALSE
HNRNPAB,-0.169939975990396,FALSE
DLGAP3,-0.169939975990396,FALSE
C7orf71,-0.169939975990396,FALSE
TCN1,-0.16984393757503,FALSE
LOC100127885,-0.16984393757503,FALSE
DEF6,-0.16984393757503,FALSE
LOC729950,-0.16984393757503,FALSE
OR2A14,0.16984393757503,FALSE
PLD5,-0.169747899159664,FALSE
ECHDC3,-0.169747899159664,FALSE
MPEG1,-0.169747899159664,FALSE
MS4A14,-0.169747899159664,FALSE
B4GALT6,-0.169747899159664,FALSE
IL1RAPL2,-0.169747899159664,FALSE
SIGLEC5,-0.169747899159664,FALSE
TAS2R50,-0.169651860744298,FALSE
BAD,0.169651860744298,FALSE
TFAP2D,0.169651860744298,TRUE
GRM7,-0.169651860744298,FALSE
KRTAP13-2,0.169651860744298,FALSE
C5orf62,0.169555822328932,FALSE
ITPA,-0.169555822328932,FALSE
KDELR1,-0.169555822328932,FALSE
FOXD2,0.169555822328932,TRUE
EDDM3A,-0.169555822328932,FALSE
RBM46,-0.169459783913565,FALSE
SLC37A2,-0.169459783913565,FALSE
ANKRD36BP1,0.169459783913565,FALSE
LOC100131257,-0.169363745498199,FALSE
KRTAP12-4,-0.169363745498199,FALSE
KRTAP10-9,0.169363745498199,FALSE
IFNA7,-0.169363745498199,FALSE
RCE1,-0.169267707082833,FALSE
CDCA4,-0.169267707082833,FALSE
PTGER4,0.169267707082833,FALSE
PITX1,0.169267707082833,TRUE
DUSP5,0.169171668667467,FALSE
KHDRBS3,-0.169171668667467,FALSE
GULP1,-0.169171668667467,FALSE
GPRIN1,-0.169171668667467,FALSE
PGA3,0.169171668667467,FALSE
LOC389906,0.169171668667467,FALSE
PDCD7,0.169171668667467,FALSE
TFRC,0.169171668667467,FALSE
NT5DC1,0.169171668667467,FALSE
DLX2,-0.169171668667467,TRUE
SHKBP1,0.169171668667467,FALSE
ARHGEF35,-0.169075630252101,FALSE
BCL2L11,-0.169075630252101,FALSE
CALCRL,-0.169075630252101,FALSE
ELL,-0.169075630252101,FALSE
PRSS21,-0.169075630252101,FALSE
MAP1A,0.169075630252101,FALSE
ACCSL,0.169075630252101,FALSE
MARCH7,-0.168979591836735,FALSE
HSPA1B,0.168979591836735,FALSE
SSH2,0.168979591836735,FALSE
VEZT,-0.168979591836735,FALSE
SHPK,-0.168979591836735,FALSE
DDX28,-0.168979591836735,FALSE
PSD3,-0.168979591836735,FALSE
DNAJB1,0.168883553421369,FALSE
ZNF449,0.168883553421369,TRUE
CCDC56,-0.168883553421369,FALSE
HDAC6,0.168883553421369,FALSE
SLC22A6,-0.168883553421369,FALSE
LOC100129198,0.168883553421369,FALSE
GJA10,-0.168787515006002,FALSE
CLGN,-0.168787515006002,FALSE
KRTAP10-6,-0.168787515006002,FALSE
MYF6,-0.168787515006002,TRUE
MUDENG,-0.168787515006002,FALSE
NCDN,0.168787515006002,FALSE
RAB33A,-0.168787515006002,FALSE
VIT,-0.168691476590636,FALSE
BARX1,-0.168691476590636,TRUE
LOC100287221,-0.16859543817527,FALSE
COL8A2,-0.16859543817527,FALSE
RNF39,-0.16859543817527,FALSE
PIP5K1P1,-0.16859543817527,FALSE
SCUBE3,-0.16859543817527,FALSE
HNRNPKP3,-0.16859543817527,FALSE
RHAG,0.168499399759904,FALSE
ZG16B,-0.168499399759904,FALSE
INHBC,-0.168499399759904,FALSE
PLA2G7,-0.168499399759904,FALSE
C6orf223,0.168499399759904,FALSE
METTL16,-0.168499399759904,FALSE
ZDHHC21,-0.168403361344538,FALSE
CALM2,-0.168403361344538,FALSE
TNAP,0.168403361344538,FALSE
NPM3,-0.168403361344538,FALSE
SLED1,0.168403361344538,FALSE
YWHAE,0.168307322929172,FALSE
ITGB1BP1,0.168307322929172,FALSE
C1orf100,-0.168307322929172,FALSE
PSMA1,-0.168211284513806,FALSE
DUT,-0.168211284513806,FALSE
LOC100130581,0.168211284513806,FALSE
PLP2,-0.168211284513806,FALSE
ELFN2,0.168211284513806,FALSE
MAS1,-0.168115246098439,FALSE
MAST4,0.168019207683073,FALSE
CNRIP1,0.168019207683073,FALSE
VAMP5,-0.168019207683073,FALSE
RUSC1,-0.168019207683073,FALSE
SEPT5,0.168019207683073,FALSE
LOC100507605,-0.167827130852341,FALSE
EIF3K,0.167827130852341,FALSE
BET3L,-0.167731092436975,FALSE
PLA2G5,-0.167731092436975,FALSE
SFXN3,-0.167731092436975,FALSE
UNC5C,-0.167731092436975,FALSE
WARS2,-0.167731092436975,FALSE
NUP155,0.167731092436975,FALSE
TET1,-0.167731092436975,FALSE
LDB1,0.167731092436975,FALSE
DIRC1,-0.167635054021609,FALSE
F10,-0.167635054021609,FALSE
AMBN,0.167635054021609,FALSE
TOMM6,-0.167635054021609,FALSE
COL5A1,0.167635054021609,FALSE
CEP170,-0.167539015606243,FALSE
GTF2A2,-0.167539015606243,FALSE
CCDC165,-0.167539015606243,FALSE
CPB1,-0.167539015606243,FALSE
MEPE,-0.167442977190876,FALSE
CDH6,-0.167442977190876,FALSE
PDCD10,-0.167442977190876,FALSE
C19orf28,0.167442977190876,FALSE
UBE2E2,0.167442977190876,FALSE
OR8U1,-0.167442977190876,FALSE
SCGB1D4,-0.16734693877551,FALSE
CPPED1,-0.16734693877551,FALSE
WDR36,0.16734693877551,FALSE
UPP1,-0.167250900360144,FALSE
LOC100289090,0.167250900360144,FALSE
LOC440386,0.167250900360144,FALSE
SHANK1,0.167250900360144,FALSE
OR8H2,-0.167250900360144,FALSE
LBR,0.167154861944778,FALSE
ANO10,-0.167154861944778,FALSE
C2orf48,0.167058823529412,FALSE
PPPDE2,-0.167058823529412,FALSE
MRPL37,-0.167058823529412,FALSE
RUFY4,0.167058823529412,FALSE
GLIPR1L2,-0.167058823529412,FALSE
CCDC38,0.167058823529412,FALSE
FAM19A5,-0.166962785114046,FALSE
WDSUB1,0.166962785114046,FALSE
C1orf227,-0.166962785114046,FALSE
CSNK1A1P1,-0.166962785114046,FALSE
OR10J5,0.166962785114046,FALSE
LOC283089,0.16686674669868,FALSE
LOC730651,-0.16686674669868,FALSE
LOC100507634,0.16686674669868,FALSE
LOC285141,-0.16686674669868,FALSE
CES1,0.166770708283313,FALSE
NEURL2,-0.166770708283313,FALSE
C4orf6,-0.166674669867947,FALSE
NBAS,0.166674669867947,FALSE
HAMP,-0.166674669867947,FALSE
LRBA,0.166674669867947,FALSE
ATP1B2,0.166674669867947,FALSE
LOC151300,0.166674669867947,FALSE
UNC5B,-0.166674669867947,FALSE
LIN28B,-0.166674669867947,FALSE
LOC440700,0.166674669867947,FALSE
IRX2,0.166578631452581,TRUE
LOC100130573,0.166578631452581,FALSE
FETUB,-0.166578631452581,FALSE
MUC13,-0.166578631452581,FALSE
FUT1,0.166482593037215,FALSE
UBQLN1,0.166482593037215,FALSE
CCDC168,-0.166482593037215,FALSE
PLAC9,0.166482593037215,FALSE
DND1,0.166482593037215,FALSE
TXLNB,-0.166482593037215,FALSE
PIP,0.166482593037215,FALSE
TLR8,-0.166386554621849,FALSE
PUS7L,-0.166386554621849,FALSE
S100A7A,-0.166386554621849,FALSE
KCNA4,-0.166386554621849,FALSE
FAT3,-0.166290516206483,FALSE
SNX18,-0.166290516206483,FALSE
YIPF3,0.166290516206483,FALSE
PRPF19,-0.166290516206483,FALSE
RASL10A,0.166290516206483,FALSE
PARP1,-0.166290516206483,FALSE
LOC100131763,0.166290516206483,FALSE
LOC100131943,0.166194477791116,FALSE
RGS19,-0.166194477791116,FALSE
IDH1,0.166194477791116,FALSE
AIFM1,0.166194477791116,FALSE
SRI,-0.166194477791116,FALSE
IGSF6,-0.166194477791116,FALSE
PMS2P5,0.16609843937575,FALSE
GSPT2,-0.16609843937575,FALSE
ELAVL2,0.16609843937575,FALSE
PCDH17,0.16609843937575,FALSE
C17orf64,0.166002400960384,FALSE
OR14I1,-0.166002400960384,FALSE
SLC22A7,-0.165906362545018,FALSE
C4orf39,-0.165906362545018,FALSE
UGT1A6,-0.165906362545018,FALSE
EFHA2,0.165906362545018,FALSE
DNAJC7,0.165906362545018,FALSE
LOC348840,-0.165810324129652,FALSE
LZTS2,-0.165810324129652,FALSE
POM121L12,-0.165810324129652,FALSE
LRRC8A,0.165810324129652,FALSE
ANKRD20A4,-0.165810324129652,FALSE
ZPBP,-0.165810324129652,FALSE
NUDCD3,-0.165714285714286,FALSE
RPAP1,0.165714285714286,FALSE
STARD7,0.165714285714286,FALSE
ZNF181,0.165714285714286,TRUE
MKNK2,0.165714285714286,FALSE
PCOLCE,-0.165714285714286,FALSE
CERS6,-0.16561824729892,FALSE
IL16,-0.16561824729892,FALSE
TF,0.165522208883553,FALSE
OR8H3,-0.165522208883553,FALSE
F5,-0.165522208883553,FALSE
LSM12,-0.165426170468187,FALSE
OR2L8,-0.165426170468187,FALSE
ZNF816-ZNF321P,0.165426170468187,FALSE
HDAC8,0.165330132052821,FALSE
WDR48,0.165330132052821,FALSE
PRCC,-0.165330132052821,FALSE
COG2,-0.165330132052821,FALSE
TRIM42,-0.165330132052821,FALSE
ANXA11,-0.165234093637455,FALSE
SH3BGRL3,-0.165234093637455,FALSE
SLFN12L,0.165234093637455,FALSE
SLC16A3,-0.165234093637455,FALSE
LOC100131174,-0.165138055222089,FALSE
SLIT2,0.165138055222089,FALSE
CPSF4L,-0.165138055222089,FALSE
OR13C4,-0.165138055222089,FALSE
PCDHB11,0.165138055222089,FALSE
SIK1,0.165042016806723,FALSE
BEST3,0.165042016806723,FALSE
KIAA1217,-0.165042016806723,FALSE
EDN1,-0.165042016806723,FALSE
LOC100505488,-0.165042016806723,FALSE
PM20D2,0.165042016806723,FALSE
LOC643770,-0.165042016806723,FALSE
LOC283861,0.165042016806723,FALSE
SLAMF7,0.165042016806723,FALSE
PTPRQ,-0.164945978391357,FALSE
BNIP3L,0.164945978391357,FALSE
PDCD6IP,-0.164945978391357,FALSE
MSC,0.164945978391357,TRUE
ASTL,-0.164945978391357,FALSE
PTAR1,0.164945978391357,FALSE
CDS1,-0.164945978391357,FALSE
WDR47,0.164945978391357,FALSE
LOC441167,-0.16484993997599,FALSE
SNHG3,-0.16484993997599,FALSE
FAM82B,-0.16484993997599,FALSE
BNC2,-0.16484993997599,FALSE
LTB4R,0.16484993997599,FALSE
HBE1,0.16484993997599,FALSE
TRABD,0.164753901560624,FALSE
PDZD2,0.164657863145258,FALSE
FAM58A,0.164657863145258,FALSE
ASH2L,0.164657863145258,FALSE
TUFM,0.164657863145258,FALSE
RPL18A,-0.164657863145258,FALSE
NEUROG3,-0.164657863145258,TRUE
CECR5-AS1,0.164657863145258,FALSE
SLC7A13,0.164657863145258,FALSE
HOPX,0.164561824729892,FALSE
CADM3,0.164561824729892,FALSE
ELOF1,0.164561824729892,FALSE
RAC1,0.164561824729892,FALSE
GAD2,-0.164465786314526,FALSE
LRCH1,0.164465786314526,FALSE
FLOT2,0.164465786314526,FALSE
WNK2,-0.164465786314526,FALSE
LOC648149,0.164465786314526,FALSE
LOC100127972,0.164465786314526,FALSE
LIPJ,-0.16436974789916,FALSE
B3GNT5,-0.16436974789916,FALSE
C8orf76,-0.16436974789916,FALSE
SLC45A3,-0.16436974789916,FALSE
KIAA0889,-0.16436974789916,FALSE
MIR143HG,-0.16436974789916,FALSE
TP53INP2,0.16436974789916,FALSE
WDR49,0.164177671068427,FALSE
TSC2,-0.164177671068427,FALSE
SECISBP2L,0.164177671068427,FALSE
TPCN1,0.164177671068427,FALSE
RAPGEF6,0.164177671068427,FALSE
LINC00113,0.164177671068427,FALSE
SMG5,-0.164081632653061,FALSE
NID1,-0.164081632653061,FALSE
LOC100128822,0.164081632653061,FALSE
SPATA18,0.164081632653061,FALSE
UGT2B15,-0.164081632653061,FALSE
ATOH1,-0.164081632653061,TRUE
FHL5,-0.163985594237695,FALSE
NRD1,0.163985594237695,FALSE
NCAN,-0.163985594237695,FALSE
LOC100131195,-0.163985594237695,FALSE
LOC644366,0.163985594237695,FALSE
TMCC2,0.163889555822329,FALSE
SFRP1,0.163889555822329,FALSE
YBX2,0.163889555822329,FALSE
RNASE6,-0.163889555822329,FALSE
CCK,-0.163889555822329,FALSE
EGLN1,-0.163793517406963,FALSE
BEX1,0.163793517406963,FALSE
MPV17L2,-0.163793517406963,FALSE
RIOK1,0.163793517406963,FALSE
RPS16,-0.163793517406963,FALSE
AP1AR,0.163793517406963,FALSE
ZNF197,0.163793517406963,FALSE
FLJ11292,0.163793517406963,FALSE
SPINT4,0.163793517406963,FALSE
PFN3,-0.163697478991597,FALSE
CDC42BPB,0.163697478991597,FALSE
MCM5,0.163697478991597,FALSE
VSIG7,0.163697478991597,FALSE
BTBD3,0.163697478991597,FALSE
SLC6A18,-0.163697478991597,FALSE
SLC36A2,-0.163697478991597,FALSE
C17orf61,-0.16360144057623,FALSE
ARHGAP42,0.16360144057623,FALSE
GAB4,-0.16360144057623,FALSE
TUSC1,-0.163505402160864,FALSE
CHMP3,-0.163505402160864,FALSE
LOC145820,-0.163505402160864,FALSE
MAP3K10,0.163505402160864,FALSE
TMPRSS11F,-0.163505402160864,FALSE
SYCP1,-0.163505402160864,FALSE
OR6C70,0.163409363745498,FALSE
RUSC2,0.163409363745498,FALSE
SH3BGR,0.163409363745498,FALSE
CYP1A2,0.163409363745498,FALSE
PSAP,0.163409363745498,FALSE
NR2E1,-0.163409363745498,TRUE
ITFG1,-0.163313325330132,FALSE
C5orf35,-0.163313325330132,FALSE
APH1A,0.163313325330132,FALSE
ALAD,0.163217286914766,FALSE
RAB28,-0.163217286914766,FALSE
ZNF639,-0.163217286914766,TRUE
LHX3,-0.163217286914766,TRUE
ALLC,-0.163217286914766,FALSE
PTGDR,0.1631212484994,FALSE
CDC42EP1,-0.1631212484994,FALSE
PLEKHA2,-0.1631212484994,FALSE
BPESC1,0.1631212484994,FALSE
CA13,-0.163025210084034,FALSE
CRYBB3,-0.163025210084034,FALSE
EIF1B,-0.163025210084034,FALSE
PRAMEF22,-0.163025210084034,FALSE
LOC285401,-0.163025210084034,FALSE
GAS2L2,-0.162929171668667,FALSE
C3orf62,0.162929171668667,FALSE
SPINT3,0.162929171668667,FALSE
SIRPB2,-0.162929171668667,FALSE
LOC100652791,-0.162833133253301,FALSE
MEG8,0.162833133253301,FALSE
DLG5,0.162737094837935,FALSE
CELF1,-0.162737094837935,FALSE
MTRF1,0.162737094837935,FALSE
MATR3,-0.162737094837935,FALSE
SPATA5L1,-0.162737094837935,FALSE
AGBL3,-0.162737094837935,FALSE
HAVCR1,0.162737094837935,FALSE
WNK3,-0.162737094837935,FALSE
AGPAT3,0.162641056422569,FALSE
DOK6,-0.162641056422569,FALSE
ABHD4,-0.162641056422569,FALSE
RPL31P11,0.162641056422569,FALSE
tAKR,-0.162641056422569,FALSE
HEATR3,-0.162545018007203,FALSE
SRRM2,-0.162545018007203,FALSE
LCN12,-0.162545018007203,FALSE
RPRD1A,0.162545018007203,FALSE
LRPAP1,0.162545018007203,FALSE
SLC9A3R1,0.162545018007203,FALSE
SH3BP2,-0.162545018007203,FALSE
RAP1GAP2,-0.162545018007203,FALSE
LIPC,-0.162545018007203,FALSE
SPP2,-0.162545018007203,FALSE
DACH1,0.162448979591837,TRUE
RACGAP1P,-0.162448979591837,FALSE
LOC158434,0.162448979591837,FALSE
GRPEL2,0.162352941176471,FALSE
TREX2,-0.162352941176471,FALSE
INPP5J,0.162256902761104,FALSE
TRIB3,-0.162160864345738,FALSE
ZCCHC18,-0.162160864345738,FALSE
C10orf27,-0.162064825930372,FALSE
LOC100129223,0.162064825930372,FALSE
PAX7,-0.161968787515006,TRUE
MAP6D1,-0.161968787515006,FALSE
DLGAP2,-0.161968787515006,FALSE
CDR1,-0.16187274909964,FALSE
C7orf41,0.16187274909964,FALSE
MIR155HG,-0.16187274909964,FALSE
C6orf146,0.16187274909964,FALSE
OTC,-0.16187274909964,FALSE
LOC730974,0.16187274909964,FALSE
C14orf149,-0.161776710684274,FALSE
SH2D3A,0.161776710684274,FALSE
TAB2,-0.161776710684274,FALSE
KHDC1,-0.161776710684274,FALSE
LOC729737,-0.161776710684274,FALSE
HSPB2,-0.161776710684274,FALSE
HOMEZ,0.161776710684274,TRUE
TLR4,-0.161680672268908,FALSE
GPR85,-0.161680672268908,FALSE
GCLM,0.161680672268908,FALSE
LINC00471,-0.161680672268908,FALSE
PVRL2,0.161680672268908,FALSE
CACNG8,-0.161680672268908,FALSE
ISG20,0.161584633853541,FALSE
TMEM238,-0.161584633853541,FALSE
OSR2,-0.161584633853541,TRUE
OR2AE1,-0.161584633853541,FALSE
TM2D2,-0.161584633853541,FALSE
KIAA0430,0.161584633853541,FALSE
NAGPA,0.161584633853541,FALSE
ACCN2,-0.161584633853541,FALSE
BAALC,0.161488595438175,FALSE
ZMAT2,-0.161488595438175,FALSE
EIF2B2,-0.161488595438175,FALSE
BCAS4,0.161488595438175,FALSE
ADAMTS10,0.161488595438175,FALSE
STC2,0.161488595438175,FALSE
SSTR4,-0.161488595438175,FALSE
AZU1,0.161392557022809,FALSE
OR13C8,0.161392557022809,FALSE
MX2,-0.161392557022809,FALSE
PLCE1,0.161392557022809,FALSE
PARD3B,0.161392557022809,FALSE
EIF4A2,0.161392557022809,FALSE
FLJ41130,-0.161392557022809,FALSE
OTX2,-0.161392557022809,TRUE
SIX3,-0.161296518607443,TRUE
ZSCAN5A,-0.161296518607443,TRUE
LOC339240,0.161296518607443,FALSE
OCA2,-0.161296518607443,FALSE
DKFZp434L192,0.161296518607443,FALSE
CALHM2,0.161200480192077,FALSE
OR6T1,-0.161200480192077,FALSE
CCNJ,-0.161200480192077,FALSE
VAV3,-0.161200480192077,FALSE
GPR142,-0.161200480192077,FALSE
LOC100506247,-0.161200480192077,FALSE
SCARNA9L,-0.161104441776711,FALSE
TMTC1,-0.161104441776711,FALSE
FAM53B,0.161104441776711,FALSE
MGC39545,-0.161104441776711,FALSE
CALML4,-0.161104441776711,FALSE
PRKCI,-0.161008403361345,FALSE
PLD4,0.161008403361345,FALSE
SH3BP5L,0.161008403361345,FALSE
ZXDA,0.161008403361345,FALSE
FAM131B,0.161008403361345,FALSE
SOAT2,-0.160912364945978,FALSE
JMJD7,0.160912364945978,FALSE
KRT31,-0.160912364945978,FALSE
ZNF713,-0.160816326530612,TRUE
HIST1H3G,-0.160816326530612,FALSE
TMEM189,0.160816326530612,FALSE
CD38,0.160816326530612,FALSE
XKR4,0.160816326530612,FALSE
ZNF114,0.160816326530612,TRUE
NAV3,-0.160720288115246,FALSE
SNAR-E,-0.160720288115246,FALSE
DIXDC1,-0.160720288115246,FALSE
KIF6,0.16062424969988,FALSE
LOC100652824,-0.16062424969988,FALSE
SULT1C3,-0.16062424969988,FALSE
KCNV1,-0.160528211284514,FALSE
IKZF1,0.160528211284514,TRUE
MAP6,0.160528211284514,FALSE
KLHL23,0.160528211284514,FALSE
C8orf40,-0.160528211284514,FALSE
ACAA2,0.160432172869148,FALSE
CYP51A1,-0.160432172869148,FALSE
KRTAP2-2,-0.160432172869148,FALSE
TTLL12,-0.160432172869148,FALSE
PSG10P,-0.160432172869148,FALSE
C3orf32,-0.160336134453782,FALSE
CYP4F8,-0.160336134453782,FALSE
LOC554207,-0.160336134453782,FALSE
PTPRZ1,-0.160336134453782,FALSE
FRG1,-0.160336134453782,FALSE
CATSPER2,-0.160336134453782,FALSE
SORCS3,-0.160336134453782,FALSE
DEPDC4,-0.160336134453782,FALSE
LOC150381,0.160336134453782,FALSE
S100A8,0.160240096038415,FALSE
EPB41L1,0.160240096038415,FALSE
PARVA,0.160240096038415,FALSE
PYROXD1,-0.160240096038415,FALSE
TAC4,-0.160240096038415,FALSE
TMEM86B,0.160144057623049,FALSE
DEFB110,-0.160144057623049,FALSE
LOC100132724,-0.160144057623049,FALSE
CAMK4,-0.160144057623049,FALSE
LLGL2,-0.160144057623049,FALSE
HEPACAM2,0.160144057623049,FALSE
IFT88,0.160144057623049,FALSE
CYP3A4,-0.160048019207683,FALSE
CCDC59,-0.160048019207683,FALSE
PAQR4,-0.160048019207683,FALSE
PSMA3,-0.160048019207683,FALSE
COL27A1,-0.160048019207683,FALSE
THOC1,0.160048019207683,FALSE
OR2T5,-0.160048019207683,FALSE
RBKS,-0.160048019207683,FALSE
OR4N5,0.159951980792317,FALSE
FAM107B,0.159951980792317,FALSE
GATA6,0.159951980792317,TRUE
ZNF800,0.159951980792317,TRUE
TRPM6,-0.159951980792317,FALSE
LOC148638,0.159951980792317,FALSE
CUX1,0.159855942376951,TRUE
PIP5KL1,0.159855942376951,FALSE
CLEC2A,-0.159759903961585,FALSE
LRRC56,0.159759903961585,FALSE
IL15RA,0.159759903961585,FALSE
CHPT1,0.159759903961585,FALSE
C5orf22,-0.159759903961585,FALSE
EED,-0.159759903961585,FALSE
ISPD,-0.159759903961585,FALSE
PCDHB15,0.159759903961585,FALSE
CLDN9,-0.159663865546219,FALSE
SLC25A17,0.159663865546219,FALSE
NCAPH2,-0.159663865546219,FALSE
C7orf70,-0.159663865546219,FALSE
C16orf45,0.159663865546219,FALSE
RCBTB2,0.159663865546219,FALSE
FLJ42200,0.159567827130852,FALSE
NIPAL2,-0.159567827130852,FALSE
FASLG,0.159567827130852,FALSE
TSSC1,-0.159567827130852,FALSE
FMOD,-0.159567827130852,FALSE
LOC144481,0.159471788715486,FALSE
PTPRS,0.159471788715486,FALSE
POLA2,0.159471788715486,FALSE
HPGDS,-0.159471788715486,FALSE
ADAMTS4,-0.15937575030012,FALSE
COL12A1,-0.15937575030012,FALSE
NOB1,0.15937575030012,FALSE
GOT1,-0.15937575030012,FALSE
SAMD12-AS1,-0.15937575030012,FALSE
MSTN,0.159279711884754,FALSE
CBWD7,-0.159279711884754,FALSE
UNC50,0.159279711884754,FALSE
TMOD3,-0.159279711884754,FALSE
LOC100506731,0.159279711884754,FALSE
CLCN6,0.159183673469388,FALSE
NLGN4Y,-0.159183673469388,FALSE
OR5M10,-0.159183673469388,FALSE
TSPAN15,0.159087635054022,FALSE
PCDHA1,-0.159087635054022,FALSE
AGT,-0.159087635054022,FALSE
FLJ37638,-0.159087635054022,FALSE
C17orf96,0.158991596638655,FALSE
SLC29A1,0.158991596638655,FALSE
LOC729041,-0.158991596638655,FALSE
ZNF883,-0.158991596638655,TRUE
TNFSF10,0.158991596638655,FALSE
MICALCL,0.158895558223289,FALSE
LOC100134368,-0.158895558223289,FALSE
LIN7A,0.158799519807923,FALSE
OR2A5,-0.158799519807923,FALSE
LELP1,0.158799519807923,FALSE
LOC401357,-0.158703481392557,FALSE
NT5C3L,0.158703481392557,FALSE
SYT1,-0.158703481392557,FALSE
LOC729451,0.158703481392557,FALSE
KLHL24,0.158703481392557,FALSE
LOC100132099,-0.158703481392557,FALSE
CCR9,-0.158703481392557,FALSE
WDR16,-0.158607442977191,FALSE
RNH1,0.158607442977191,FALSE
CCDC79,-0.158607442977191,FALSE
XAGE5,0.158511404561825,FALSE
T,-0.158415366146459,FALSE
CCDC13,-0.158415366146459,FALSE
MXRA5,-0.158415366146459,FALSE
PPHLN1,-0.158415366146459,FALSE
PPAPDC1A,-0.158415366146459,FALSE
OR4C16,-0.158415366146459,FALSE
NKX2-2,-0.158415366146459,TRUE
OR4D11,0.158415366146459,FALSE
CCDC70,-0.158415366146459,FALSE
HDGF,-0.158319327731092,TRUE
LOC645261,-0.158319327731092,FALSE
LOC286238,-0.158319327731092,FALSE
C1orf195,0.158319327731092,FALSE
TSPYL4,0.158319327731092,FALSE
COLEC10,-0.158319327731092,FALSE
SOAT1,-0.158223289315726,FALSE
CRMP1,-0.158223289315726,FALSE
TH,-0.158223289315726,FALSE
IFT46,0.158223289315726,FALSE
TSPAN14,0.15812725090036,FALSE
ZNF492,-0.15812725090036,TRUE
MURC,-0.15812725090036,FALSE
TMEM130,-0.15812725090036,FALSE
HDAC5,0.15812725090036,TRUE
NPPC,-0.15812725090036,FALSE
PPBP,0.158031212484994,FALSE
CT45A1,-0.158031212484994,FALSE
PKM2,-0.158031212484994,FALSE
LOC100129846,0.158031212484994,FALSE
FAM41C,-0.158031212484994,FALSE
QKI,-0.157935174069628,FALSE
RBP5,-0.157935174069628,FALSE
IGFL2,-0.157935174069628,FALSE
LOC728323,-0.157935174069628,FALSE
C20orf202,-0.157935174069628,FALSE
PMM2,0.157935174069628,FALSE
DRD2,-0.157935174069628,FALSE
ACSL4,-0.157935174069628,FALSE
NSAP11,0.157935174069628,FALSE
C17orf59,0.157935174069628,FALSE
DEFB112,-0.157935174069628,FALSE
SCD,0.157935174069628,FALSE
PPP1R18,-0.157839135654262,FALSE
PRLR,-0.157839135654262,FALSE
PHC3,0.157839135654262,FALSE
TMPRSS3,-0.157839135654262,FALSE
ZNF442,0.157839135654262,TRUE
PPIF,-0.157743097238896,FALSE
FAM111B,-0.157743097238896,FALSE
TXLNG,0.157743097238896,FALSE
C16orf5,0.157647058823529,FALSE
GPR50,-0.157647058823529,FALSE
TRAF3,-0.157551020408163,FALSE
LOC728671,0.157551020408163,FALSE
HAT1,-0.157551020408163,FALSE
LOC145216,-0.157551020408163,FALSE
SLC5A11,-0.157551020408163,FALSE
LOC391322,0.157551020408163,FALSE
CHSY3,-0.157454981992797,FALSE
BNIP3,-0.157454981992797,FALSE
MSRB3,0.157454981992797,FALSE
ZFP91,0.157454981992797,TRUE
FAM208A,0.157454981992797,FALSE
LOC100132481,-0.157454981992797,FALSE
ARL6IP1,0.157454981992797,FALSE
ERVFRD-2,0.157358943577431,FALSE
TTC29,-0.157358943577431,FALSE
LOC729059,-0.157358943577431,FALSE
RSPO2,-0.157358943577431,FALSE
AKR1C1,0.157262905162065,FALSE
FSHB,-0.157262905162065,FALSE
SIM2,0.157262905162065,TRUE
LOC253039,0.157262905162065,FALSE
LCMT2,-0.157262905162065,FALSE
LOC283214,0.157262905162065,FALSE
FLJ25363,-0.157262905162065,FALSE
ARSH,-0.157262905162065,FALSE
LOC100652797,-0.157262905162065,FALSE
CLEC5A,-0.157166866746699,FALSE
KRT72,0.157166866746699,FALSE
LAT,0.157166866746699,FALSE
FRG2C,-0.157166866746699,FALSE
NSA2,-0.157070828331333,FALSE
KRTAP12-2,0.157070828331333,FALSE
TYW5,0.157070828331333,FALSE
WDR88,0.156974789915966,FALSE
CCDC149,-0.156974789915966,FALSE
CD164L2,-0.156974789915966,FALSE
OR4F29,-0.156974789915966,FALSE
LOC100132078,-0.156974789915966,FALSE
OR3A2,-0.156974789915966,FALSE
BHLHE22,-0.1568787515006,TRUE
MFSD6,-0.1568787515006,FALSE
NOTCH2,0.1568787515006,FALSE
OSBPL2,-0.1568787515006,FALSE
ERV18-1,0.1568787515006,FALSE
OR52H1,0.1568787515006,FALSE
C12orf24,-0.156782713085234,FALSE
TRIM65,-0.156782713085234,FALSE
FAM120AOS,-0.156686674669868,FALSE
C1orf55,-0.156686674669868,FALSE
KCNC1,-0.156686674669868,FALSE
CNNM3,-0.156686674669868,FALSE
RASGRF2,0.156686674669868,FALSE
LUC7L,0.156686674669868,FALSE
SPOCK2,-0.156686674669868,FALSE
ZNF202,0.156686674669868,TRUE
IYD,-0.156686674669868,FALSE
CXCL1,-0.156590636254502,FALSE
TBC1D16,-0.156590636254502,FALSE
LIME1,-0.156590636254502,FALSE
AEN,-0.156590636254502,FALSE
ATP6V1G1,-0.156590636254502,FALSE
LOC100132800,0.156590636254502,FALSE
C8B,-0.156494597839136,FALSE
KLK4,0.156494597839136,FALSE
ADAMTS9,0.156494597839136,FALSE
UBE2E1,0.156494597839136,FALSE
TEAD3,0.156494597839136,TRUE
C5orf32,0.156494597839136,FALSE
WDR11,0.156494597839136,FALSE
VWA3B,-0.156494597839136,FALSE
GOPC,-0.156494597839136,FALSE
KRTAP4-5,-0.156494597839136,FALSE
CA7,-0.156494597839136,FALSE
LOC100131101,-0.156494597839136,FALSE
ACSM2A,-0.156494597839136,FALSE
SLFN14,0.156494597839136,FALSE
VENTXP1,0.15639855942377,FALSE
CD177,0.15639855942377,FALSE
RAB7A,-0.15639855942377,FALSE
AQP1,-0.15639855942377,FALSE
CXorf22,0.15639855942377,FALSE
C16orf54,-0.15639855942377,FALSE
POLDIP2,0.15639855942377,FALSE
LOC338739,0.15639855942377,FALSE
CNTNAP2,0.15639855942377,FALSE
PPM1B,-0.156302521008403,FALSE
MLKL,0.156302521008403,FALSE
TAF1,0.156302521008403,FALSE
ELP2,0.156302521008403,FALSE
C3orf75,-0.156302521008403,FALSE
IDH2,0.156302521008403,FALSE
ADRA2B,0.156302521008403,FALSE
GATA5,0.156302521008403,TRUE
PRSS36,-0.156206482593037,FALSE
GATA2,-0.156206482593037,TRUE
SLC2A4RG,0.156206482593037,TRUE
CCT2,-0.156206482593037,FALSE
GPR31,-0.156206482593037,FALSE
OR1L8,-0.156110444177671,FALSE
ZNF645,-0.156110444177671,FALSE
LOC253573,-0.156110444177671,FALSE
C20orf203,0.156110444177671,FALSE
C18orf18,0.156110444177671,FALSE
SF3A3,-0.156014405762305,FALSE
ZNF677,0.156014405762305,TRUE
STRA13,-0.156014405762305,FALSE
LOC144486,-0.156014405762305,FALSE
AK4,0.155918367346939,FALSE
ACBD5,-0.155918367346939,FALSE
ZDHHC16,-0.155918367346939,FALSE
RGP1,0.155918367346939,FALSE
KRT27,-0.155918367346939,FALSE
GPR62,0.155918367346939,FALSE
LOC100500938,0.155918367346939,FALSE
LOC286299,0.155918367346939,FALSE
PECAM1,0.155822328931573,FALSE
PLK1,-0.155822328931573,FALSE
OR4D5,-0.155822328931573,FALSE
DDX10,-0.155726290516206,FALSE
EHMT1,-0.155726290516206,FALSE
SUPT3H,-0.155726290516206,FALSE
EGOT,-0.155726290516206,FALSE
C7orf50,0.155726290516206,FALSE
VAPB,0.155726290516206,FALSE
C8orf85,-0.155726290516206,FALSE
SLC14A1,0.15563025210084,FALSE
ST7-OT4,0.15563025210084,FALSE
RTDR1,-0.15563025210084,FALSE
TRIM66,0.15563025210084,FALSE
ANKRD55,-0.15563025210084,FALSE
LOC100128922,0.15563025210084,FALSE
SERINC2,-0.15563025210084,FALSE
C1D,-0.155534213685474,FALSE
CTRB1,0.155534213685474,FALSE
ZNF618,0.155534213685474,FALSE
VN1R2,-0.155534213685474,FALSE
LOC284215,0.155534213685474,FALSE
TTC39A,0.155438175270108,FALSE
ANKRD27,0.155438175270108,FALSE
CLDN10,-0.155438175270108,FALSE
FANCA,-0.155342136854742,FALSE
CXorf58,-0.155342136854742,FALSE
UST,-0.155342136854742,FALSE
DDI2,-0.155342136854742,FALSE
PRX,-0.155342136854742,FALSE
SLC46A3,-0.155342136854742,FALSE
LRRC37BP1,0.155342136854742,FALSE
PLLP,-0.155342136854742,FALSE
KCNK13,-0.155342136854742,FALSE
LOC100128818,0.155246098439376,FALSE
NHLRC2,0.155246098439376,FALSE
MITD1,-0.15515006002401,FALSE
CASP9,0.15515006002401,FALSE
C22orf28,0.15515006002401,FALSE
LOC729866,-0.15515006002401,FALSE
C16orf47,-0.15515006002401,FALSE
C5,0.15515006002401,FALSE
SAP30,-0.155054021608643,FALSE
UGT2A1,-0.155054021608643,FALSE
FARP2,-0.155054021608643,FALSE
FLJ16779,0.155054021608643,FALSE
PPT2,0.155054021608643,FALSE
FAM66C,0.155054021608643,FALSE
CASP5,-0.154957983193277,FALSE
AQP6,0.154957983193277,FALSE
ARRDC3,-0.154957983193277,FALSE
HSPA14,-0.154957983193277,FALSE
DLK2,-0.154957983193277,FALSE
SLC17A2,-0.154957983193277,FALSE
C15orf26,-0.154861944777911,FALSE
NOL8,-0.154861944777911,FALSE
FADS6,-0.154861944777911,FALSE
FAM176B,-0.154861944777911,FALSE
IL6,-0.154765906362545,FALSE
TCP10,-0.154765906362545,FALSE
LRMP,0.154765906362545,FALSE
DNAJC27-AS1,-0.154765906362545,FALSE
EIF5,0.154765906362545,FALSE
ZAR1L,-0.154765906362545,FALSE
MYNN,-0.154669867947179,TRUE
MPV17,-0.154669867947179,FALSE
PKP1,-0.154669867947179,FALSE
ZCCHC7,-0.154669867947179,FALSE
FAM72A,-0.154573829531813,FALSE
GABPB1,0.154573829531813,FALSE
DIP2A,0.154573829531813,FALSE
INO80D,-0.154573829531813,FALSE
LOC100505501,-0.154477791116447,FALSE
AHRR,-0.154477791116447,TRUE
GNAT1,-0.15438175270108,FALSE
ZNF671,0.15438175270108,TRUE
CSMD3,0.15438175270108,FALSE
CRISP2,-0.154285714285714,FALSE
C6orf105,-0.154285714285714,FALSE
CYBA,-0.154285714285714,FALSE
SLC9A3R2,0.154285714285714,FALSE
BCL9L,0.154285714285714,FALSE
ZNF479,0.154285714285714,TRUE
SLFN5,0.154285714285714,FALSE
GCM2,-0.154285714285714,TRUE
WNT4,0.154189675870348,FALSE
LOC441666,0.154189675870348,FALSE
ZMYM3,0.154189675870348,FALSE
NRIP3,-0.154189675870348,FALSE
TRIM48,-0.154189675870348,FALSE
DLG1,-0.154093637454982,FALSE
C9orf71,-0.154093637454982,FALSE
NUP107,0.154093637454982,FALSE
DKK4,-0.154093637454982,FALSE
LOC550112,-0.154093637454982,FALSE
LOC286382,-0.153997599039616,FALSE
CROT,-0.153997599039616,FALSE
FRAS1,-0.153997599039616,FALSE
DHX40,0.153997599039616,FALSE
PMS2P1,0.153997599039616,FALSE
RWDD2B,-0.153997599039616,FALSE
LRP6,-0.153997599039616,FALSE
LOC389300,0.153997599039616,FALSE
LOC392364,-0.153997599039616,FALSE
CDRT1,-0.15390156062425,FALSE
LOC286184,-0.153805522208884,FALSE
LOC348761,-0.153805522208884,FALSE
SH2D4B,-0.153805522208884,FALSE
NDUFA7,-0.153805522208884,FALSE
C20orf72,-0.153805522208884,FALSE
DIO1,-0.153805522208884,FALSE
DKFZp434J0226,-0.153805522208884,FALSE
SLC7A7,0.153709483793517,FALSE
CHST11,-0.153709483793517,FALSE
IPO13,0.153709483793517,FALSE
KTI12,-0.153709483793517,FALSE
SDR42E1,-0.153709483793517,FALSE
ZNF702P,-0.153613445378151,TRUE
EFNA5,-0.153613445378151,FALSE
PIBF1,-0.153613445378151,FALSE
ALOX15,0.153613445378151,FALSE
PPP1R7,-0.153613445378151,FALSE
ZNF148,0.153613445378151,TRUE
AZFP,0.153613445378151,FALSE
KIF3B,0.153613445378151,FALSE
TLR8-AS1,0.153613445378151,FALSE
OR5H14,0.153613445378151,FALSE
OR52I2,-0.153517406962785,FALSE
GABRG3,0.153517406962785,FALSE
TSEN34,-0.153517406962785,FALSE
LOC100128226,0.153517406962785,FALSE
LOC100130713,-0.153517406962785,FALSE
A2ML1,0.153517406962785,FALSE
EPC1,-0.153421368547419,FALSE
PDZD11,-0.153421368547419,FALSE
LOC100130987,0.153421368547419,FALSE
LOC100507421,-0.153325330132053,FALSE
ANKRD45,0.153325330132053,FALSE
LOC100129269,0.153325330132053,FALSE
FP6628,0.153325330132053,FALSE
LOC100130931,-0.153325330132053,FALSE
FLJ36000,-0.153229291716687,FALSE
SNORA66,0.153229291716687,FALSE
ACSF2,0.153229291716687,FALSE
TPP1,0.153229291716687,FALSE
LOC100128386,0.153229291716687,FALSE
CABIN1,0.153229291716687,FALSE
COL4A1,-0.153133253301321,FALSE
CHRNA4,0.153133253301321,FALSE
LOC100129888,-0.153133253301321,FALSE
C20orf173,-0.153133253301321,FALSE
GLT25D2,0.153133253301321,FALSE
DGKK,-0.153133253301321,FALSE
C1QTNF9B,0.153133253301321,FALSE
CLEC4D,0.153037214885954,FALSE
FAM168B,-0.153037214885954,FALSE
NGDN,0.153037214885954,FALSE
C1orf111,-0.152941176470588,FALSE
MZB1,0.152941176470588,FALSE
TGOLN2,0.152941176470588,FALSE
KRTAP4-8,-0.152941176470588,FALSE
SRP54,0.152941176470588,FALSE
ZIC3,-0.152941176470588,TRUE
RPL28,0.152845138055222,FALSE
HYDIN,-0.152845138055222,FALSE
PPA1,-0.152845138055222,FALSE
CYTH4,0.152845138055222,FALSE
CLIP1,0.152845138055222,FALSE
MSH6,-0.152845138055222,FALSE
SPOCK3,0.152749099639856,FALSE
SERF1A,-0.152749099639856,FALSE
TTF2,0.152749099639856,FALSE
CD180,0.152749099639856,FALSE
TSC22D2,0.152656726496018,FALSE
DPH3,-0.15265306122449,FALSE
TMCO1,-0.15265306122449,FALSE
NDRG3,0.15265306122449,FALSE
DAZL,-0.15265306122449,FALSE
BCAS1,-0.152557022809124,FALSE
ZNF239,0.152557022809124,TRUE
ACR,0.152557022809124,FALSE
FAM206A,0.152557022809124,FALSE
GPR20,0.152557022809124,FALSE
ENPP5,0.152557022809124,FALSE
C2orf15,0.152557022809124,FALSE
MMP3,-0.152557022809124,FALSE
OSGEP,0.152557022809124,FALSE
NSDHL,-0.152460984393758,FALSE
SLC39A2,0.152460984393758,FALSE
UOX,0.152364945978391,FALSE
MED11,-0.152268907563025,FALSE
NAA30,-0.152268907563025,FALSE
ZNF14,-0.152268907563025,TRUE
HPSE,-0.152268907563025,FALSE
CHUK,-0.152268907563025,FALSE
TNNI3K,0.152268907563025,FALSE
NLRP2,0.152268907563025,FALSE
LOC400622,-0.152268907563025,FALSE
OBFC2A,0.152172869147659,FALSE
ZNF485,0.152172869147659,TRUE
CCDC138,-0.152172869147659,FALSE
OTOP3,-0.152172869147659,FALSE
DEFB106B,0.152172869147659,FALSE
GOLGA7B,-0.152076830732293,FALSE
SNAR-B1,0.152076830732293,FALSE
METTL21D,0.152076830732293,FALSE
SLC22A18AS,-0.152076830732293,FALSE
S100A12,0.151980792316927,FALSE
SAA2,-0.151980792316927,FALSE
SNRNP70,0.151980792316927,FALSE
FAM27A,-0.151980792316927,FALSE
NACC1,-0.151980792316927,TRUE
APEH,0.151980792316927,FALSE
RAB17,0.151980792316927,FALSE
SLC28A3,0.151980792316927,FALSE
MOXD2P,-0.151980792316927,FALSE
NCOA7,0.151884753901561,FALSE
TIAL1,0.151884753901561,FALSE
CREB3L4,0.151884753901561,TRUE
PLK5,0.151884753901561,FALSE
GJB5,0.151884753901561,FALSE
GAGE1,0.151884753901561,FALSE
PSMF1,0.151788715486194,FALSE
LOC285084,-0.151788715486194,FALSE
JMJD1C,0.151788715486194,FALSE
C14orf48,0.151692677070828,FALSE
NEFM,-0.151692677070828,FALSE
NTNG2,-0.151692677070828,FALSE
INSC,-0.151692677070828,FALSE
LOC729159,-0.151692677070828,FALSE
PIWIL4,0.151692677070828,FALSE
PLXNB3,0.151692677070828,FALSE
FLJ40194,0.151692677070828,FALSE
CAPN14,-0.151692677070828,FALSE
SSC5D,-0.151596638655462,FALSE
HEBP2,0.151596638655462,FALSE
SLC39A13,-0.151596638655462,FALSE
ADAMTS2,-0.151596638655462,FALSE
SNTG2,0.151596638655462,FALSE
L2HGDH,0.151596638655462,FALSE
OBP2A,0.151596638655462,FALSE
MAP3K1,0.151596638655462,FALSE
C2orf27A,0.151596638655462,FALSE
LOC646719,0.151596638655462,FALSE
MCF2L,0.151500600240096,FALSE
LOC100131283,-0.151500600240096,FALSE
LOC728819,-0.151500600240096,FALSE
C2orf56,-0.15140456182473,FALSE
PRELP,0.15140456182473,FALSE
TRIM55,-0.15140456182473,FALSE
FRS3,0.15140456182473,FALSE
SLC4A1,0.151308523409364,FALSE
MYO3B,-0.151308523409364,FALSE
ABCA7,0.151308523409364,FALSE
C3orf79,-0.151308523409364,FALSE
RPUSD1,-0.151308523409364,FALSE
NDUFB9,-0.151308523409364,FALSE
LOC645949,-0.151308523409364,FALSE
APLP2,0.151308523409364,FALSE
CA2,0.151212484993998,FALSE
SLC24A5,0.151212484993998,FALSE
PDIA6,-0.151212484993998,FALSE
PCDHA7,0.151212484993998,FALSE
COL4A6,0.151212484993998,FALSE
RCOR3,0.151212484993998,FALSE
LOC100216001,-0.151212484993998,FALSE
TMEM144,0.151212484993998,FALSE
CDX2,-0.151212484993998,TRUE
SERTAD4,0.151212484993998,FALSE
GART,-0.151116446578631,FALSE
CANX,0.151116446578631,FALSE
MCOLN2,0.151116446578631,FALSE
RDBP,0.151116446578631,FALSE
NHEJ1,0.151116446578631,FALSE
LOC100129148,0.151116446578631,FALSE
CCDC66,-0.151020408163265,FALSE
CNOT8,0.151020408163265,FALSE
C12orf52,-0.151020408163265,FALSE
KIAA1644,0.151020408163265,FALSE
PPP1R3F,0.151020408163265,FALSE
ECSIT,0.151020408163265,FALSE
LOC100134713,-0.151020408163265,FALSE
RMND1,0.151020408163265,FALSE
GPR125,-0.151020408163265,FALSE
FOSB,0.150924369747899,TRUE
VSIG4,-0.150924369747899,FALSE
LOC90246,-0.150924369747899,FALSE
ABAT,-0.150924369747899,FALSE
LINC00303,0.150924369747899,FALSE
YOD1,-0.150828331332533,FALSE
CYP26A1,-0.150828331332533,FALSE
STAG1,-0.150828331332533,FALSE
LOC100271836,-0.150828331332533,FALSE
C5orf64,0.150828331332533,FALSE
STOML2,0.150732292917167,FALSE
TOX,0.150732292917167,FALSE
NPTXR,0.150636254501801,FALSE
GAFA1,0.150636254501801,FALSE
KCNS1,-0.150540216086435,FALSE
LRP1,-0.150540216086435,FALSE
MGAT5B,-0.150444177671068,FALSE
LGALS16,-0.150444177671068,FALSE
BDNF-AS1,-0.150444177671068,FALSE
POM121L10P,0.150348139255702,FALSE
SGMS1,-0.150348139255702,FALSE
MT1IP,0.150348139255702,FALSE
UCN3,-0.150348139255702,FALSE
C10orf112,-0.150348139255702,FALSE
LOC728061,-0.150348139255702,FALSE
OR52D1,-0.150348139255702,FALSE
RANBP17,-0.150252100840336,FALSE
IL31RA,-0.150252100840336,FALSE
CNOT6L,-0.150252100840336,FALSE
SNX20,-0.150252100840336,FALSE
OXER1,0.150252100840336,FALSE
CORO2B,0.150252100840336,FALSE
AKR1D1,-0.15015606242497,FALSE
CTPS2,-0.15015606242497,FALSE
ANKRD50,-0.15015606242497,FALSE
MACF1,-0.150060024009604,FALSE
PPP1R12B,-0.150060024009604,FALSE
ZNF777,-0.149963985594238,TRUE
C2orf77,-0.149963985594238,FALSE
SUV420H1,-0.149867947178872,FALSE
KIR3DL3,-0.149867947178872,FALSE
DAPP1,-0.149867947178872,FALSE
LOC100129785,0.149867947178872,FALSE
ENPP7,-0.149867947178872,FALSE
KATNA1,-0.149771908763505,FALSE
LINGO1,0.149771908763505,FALSE
TMEM163,-0.149771908763505,FALSE
RRAGC,0.149675870348139,FALSE
CNTF,-0.149675870348139,FALSE
C18orf57,-0.149675870348139,FALSE
GCKR,0.149675870348139,FALSE
GNB3,0.149675870348139,FALSE
LOC100506191,0.149675870348139,FALSE
ELK4,-0.149579831932773,TRUE
MAF,-0.149579831932773,TRUE
FGL1,-0.149579831932773,FALSE
LRRC69,-0.149579831932773,FALSE
EDEM1,-0.149579831932773,FALSE
LOC644656,0.149579831932773,FALSE
ANKRD65,0.149579831932773,FALSE
GLRA4,-0.149579831932773,FALSE
LOC401410,0.149579831932773,FALSE
C5orf42,-0.149483793517407,FALSE
CCL1,-0.149483793517407,FALSE
FHOD1,0.149483793517407,FALSE
FBXO15,-0.149483793517407,FALSE
IQCJ,0.149483793517407,FALSE
RAD23B,0.149483793517407,FALSE
HEATR4,0.149483793517407,FALSE
NUMB,0.149483793517407,FALSE
CABP1,0.149483793517407,FALSE
VDAC3,0.149483793517407,FALSE
LOC729603,0.149483793517407,FALSE
H1F0,0.149483793517407,FALSE
GEMIN8P4,0.149483793517407,FALSE
PLAC4,-0.149483793517407,FALSE
COL8A1,-0.149483793517407,FALSE
PSG3,0.149387755102041,FALSE
ID4,0.149387755102041,FALSE
MAST1,-0.149387755102041,FALSE
LOC283483,0.149387755102041,FALSE
LOC728065,0.149387755102041,FALSE
A4GNT,0.149387755102041,FALSE
FGF10,-0.149291716686675,FALSE
TEX12,-0.149291716686675,FALSE
TNNT1,-0.149291716686675,FALSE
TLL1,-0.149291716686675,FALSE
STOML1,-0.149291716686675,FALSE
NEDD4L,-0.149291716686675,FALSE
ZNF696,0.149291716686675,TRUE
CLEC19A,0.149291716686675,FALSE
SLC6A4,0.149195678271309,FALSE
SNX27,0.149195678271309,FALSE
LOC389641,0.149195678271309,FALSE
NPHP1,0.149195678271309,FALSE
SWT1,0.149195678271309,FALSE
PCDHGB8P,0.149099639855942,FALSE
OLIG1,-0.149099639855942,TRUE
PTP4A3,0.149099639855942,FALSE
MICAL2,-0.149099639855942,FALSE
LOC100129112,0.149099639855942,FALSE
FDXACB1,0.149099639855942,FALSE
BTN2A1,-0.149003601440576,FALSE
HOXD12,0.149003601440576,TRUE
NOL12,0.149003601440576,FALSE
DEFB4A,-0.149003601440576,FALSE
ANKRD7,-0.149003601440576,FALSE
DGCR10,0.14890756302521,FALSE
SCGN,0.148811524609844,FALSE
LYSMD1,0.148811524609844,FALSE
LIPI,-0.148811524609844,FALSE
MATN4,-0.148715486194478,FALSE
LOC339260,0.148715486194478,FALSE
TPD52,-0.148715486194478,FALSE
TRERF1,-0.148715486194478,FALSE
LYL1,0.148619447779112,TRUE
SCGB1A1,-0.148619447779112,FALSE
CCDC151,-0.148619447779112,FALSE
CASP1,-0.148619447779112,FALSE
SSX1,0.148619447779112,FALSE
SNX31,-0.148619447779112,FALSE
PEX6,-0.148619447779112,FALSE
C12orf36,-0.148619447779112,FALSE
SPAG6,0.148523409363746,FALSE
RPL11,-0.148523409363746,FALSE
LIX1L,0.148523409363746,FALSE
TP73-AS1,0.148523409363746,FALSE
DDX58,-0.148427370948379,FALSE
RPAP2,-0.148331332533013,FALSE
NPRL3,0.148331332533013,FALSE
DZIP3,-0.148331332533013,FALSE
RFC1,0.148331332533013,FALSE
TKTL2,-0.148331332533013,FALSE
PCDHAC2,-0.148331332533013,FALSE
TRDN,-0.148235294117647,FALSE
RPS19BP1,0.148235294117647,FALSE
COL6A2,-0.148235294117647,FALSE
AADACL4,-0.148235294117647,FALSE
CDRT15,-0.148235294117647,FALSE
LOC100133957,-0.148235294117647,FALSE
ANK2,-0.148139255702281,FALSE
CIITA,0.148139255702281,FALSE
SRMS,-0.148139255702281,FALSE
PSMC2,-0.148139255702281,FALSE
OR56B4,-0.148139255702281,FALSE
TLL2,0.148139255702281,FALSE
LOC647979,-0.148043217286915,FALSE
PNRC1,0.148043217286915,FALSE
C15orf62,-0.148043217286915,FALSE
PAICS,-0.148043217286915,FALSE
LOC642620,-0.148043217286915,FALSE
SP9,0.147947178871549,TRUE
N4BP2L2,0.147947178871549,FALSE
MRPL22,-0.147947178871549,FALSE
LOC100130269,-0.147947178871549,FALSE
LOC145837,0.147947178871549,FALSE
MAGEB18,0.147851140456182,FALSE
BCL2L13,-0.147851140456182,FALSE
OR4K5,-0.147851140456182,FALSE
FOXF1,-0.147851140456182,TRUE
C12orf63,0.147755102040816,FALSE
CCL23,0.147755102040816,FALSE
C11orf93,0.147755102040816,FALSE
TXN2,0.147755102040816,FALSE
MAPK8IP2,-0.147755102040816,FALSE
LOC100505841,-0.147755102040816,FALSE
CADPS,-0.14765906362545,FALSE
PRDM1,-0.14765906362545,TRUE
GRAMD2,-0.14765906362545,FALSE
OMP,-0.14765906362545,FALSE
SLC12A5,0.14765906362545,FALSE
C4BPA,-0.14765906362545,FALSE
LY6K,0.147563025210084,FALSE
HNRNPA1,-0.147563025210084,FALSE
GIPC3,0.147563025210084,FALSE
TBC1D5,0.147563025210084,FALSE
LOC400084,0.147563025210084,FALSE
UBE2Q2P3,0.147466986794718,FALSE
SERAC1,0.147466986794718,FALSE
ZMYM5,0.147466986794718,FALSE
FCRLB,-0.147466986794718,FALSE
CCDC18,-0.147370948379352,FALSE
SNHG12,0.147370948379352,FALSE
SAFB2,0.147370948379352,FALSE
RASA1,-0.147370948379352,FALSE
ANAPC4,0.147370948379352,FALSE
TRO,0.147370948379352,FALSE
C11orf35,0.147370948379352,FALSE
LOC158696,-0.147370948379352,FALSE
TREML2,-0.147370948379352,FALSE
RND3,-0.147274909963986,FALSE
DSN1,-0.147274909963986,FALSE
ADCY9,0.147274909963986,FALSE
CEACAM16,0.147274909963986,FALSE
TJP3,0.147274909963986,FALSE
H3F3B,0.147178871548619,FALSE
KLC2,0.147178871548619,FALSE
LOC284240,-0.147178871548619,FALSE
TTTY11,0.147178871548619,FALSE
FCAR,0.147082833133253,FALSE
RRM2,-0.146986794717887,FALSE
LYNX1,-0.146986794717887,FALSE
C16orf74,-0.146986794717887,FALSE
MAGI2,0.146986794717887,FALSE
GAB1,-0.146986794717887,FALSE
MAGEC3,-0.146986794717887,FALSE
CXorf49B,-0.146890756302521,FALSE
SKIV2L2,-0.146890756302521,FALSE
PLEK,0.146890756302521,FALSE
ITIH3,-0.146890756302521,FALSE
GMPR,0.146794717887155,FALSE
LOC400682,-0.146794717887155,FALSE
EVC2,0.146794717887155,FALSE
ETS1,0.146794717887155,TRUE
CCDC81,0.146794717887155,FALSE
PGS1,0.146794717887155,FALSE
EPHA1,-0.146794717887155,FALSE
XKRY2,-0.146698679471789,FALSE
MEF2BNB,-0.146698679471789,FALSE
MLL3,0.146698679471789,FALSE
DBP,0.146698679471789,TRUE
RNF113A,-0.146698679471789,FALSE
PPP2R2B,-0.146698679471789,FALSE
CD40LG,0.146698679471789,FALSE
FAM9A,0.146602641056423,FALSE
LOC389273,-0.146602641056423,FALSE
TM2D3,-0.146602641056423,FALSE
C9orf72,0.146602641056423,FALSE
GPHB5,-0.146602641056423,FALSE
SEMA4D,0.146602641056423,FALSE
DEFA5,-0.146602641056423,FALSE
DNER,-0.146602641056423,FALSE
PCLO,-0.146506602641056,FALSE
DEAF1,-0.146506602641056,TRUE
NR2E3,-0.146506602641056,TRUE
RNMTL1,0.146506602641056,FALSE
ASPG,0.146506602641056,FALSE
VPS28,-0.146506602641056,FALSE
GABRD,-0.146506602641056,FALSE
OR6K2,-0.146506602641056,FALSE
TAS2R45,0.146506602641056,FALSE
IL5,-0.14641056422569,FALSE
MSX1,-0.14641056422569,TRUE
ATP6AP1,-0.14641056422569,FALSE
ATP5S,0.14641056422569,FALSE
CEACAM22P,0.14641056422569,FALSE
CCDC110,-0.14641056422569,FALSE
GGT5,0.146314525810324,FALSE
PPWD1,0.146314525810324,FALSE
DCLRE1C,-0.146314525810324,FALSE
ASAP1,0.146314525810324,FALSE
DYDC2,0.146314525810324,FALSE
C1QTNF9B-AS1,0.146314525810324,FALSE
LOC100130597,0.146314525810324,FALSE
MTCH2,-0.146218487394958,FALSE
SLC6A14,0.146218487394958,FALSE
PLXNA1,0.146218487394958,FALSE
BHLHE40,0.146122448979592,TRUE
KHSRP,-0.146122448979592,FALSE
LOC100129917,0.146122448979592,FALSE
HERPUD2,-0.146122448979592,FALSE
PDSS2,-0.146122448979592,FALSE
C1orf122,-0.146122448979592,FALSE
CLINT1,-0.146122448979592,FALSE
LOC284576,0.146122448979592,FALSE
OR51B5,-0.146122448979592,FALSE
GALNTL6,-0.146122448979592,FALSE
SIRPB1,0.146026410564226,FALSE
EPPK1,0.146026410564226,FALSE
ZNF91,0.146026410564226,TRUE
KIAA1539,-0.14593037214886,FALSE
TAAR5,-0.14593037214886,FALSE
ADRB3,-0.14593037214886,FALSE
WRAP53,-0.14593037214886,FALSE
HLA-DPB2,0.14593037214886,FALSE
PIWIL3,-0.14593037214886,FALSE
TMSB4XP1,0.14593037214886,FALSE
PPIH,-0.145834333733493,FALSE
NFYB,0.145834333733493,TRUE
LOC100132529,0.145834333733493,FALSE
RXFP2,-0.145834333733493,FALSE
ARHGAP19,-0.145738295318127,FALSE
LINC00488,0.145738295318127,FALSE
ERCC1,-0.145738295318127,FALSE
ONECUT3,-0.145738295318127,TRUE
CXCR3,0.145642256902761,FALSE
LOC644554,0.145642256902761,FALSE
CAMK2B,0.145642256902761,FALSE
LOC149134,-0.145642256902761,FALSE
FAM57A,-0.145642256902761,FALSE
MASP2,0.145642256902761,FALSE
NFE2L3,-0.145642256902761,TRUE
ZNF528,0.145642256902761,TRUE
CHGA,-0.145642256902761,FALSE
CYP2A7,0.145546218487395,FALSE
DACH2,0.145546218487395,TRUE
RNF125,0.145546218487395,FALSE
GFRA1,-0.145546218487395,FALSE
NAT10,0.145546218487395,FALSE
BBS5,-0.145546218487395,FALSE
ANKRD13D,0.145546218487395,FALSE
SIGLEC16,0.145546218487395,FALSE
CLIP2,0.145546218487395,FALSE
ING4,0.145546218487395,FALSE
ADARB2-AS1,-0.145546218487395,FALSE
TLR7,-0.145546218487395,FALSE
LCORL,-0.145450180072029,FALSE
GUSBP1,-0.145450180072029,FALSE
CORO1C,-0.145450180072029,FALSE
PIK3CA,0.145450180072029,FALSE
FCHSD1,-0.145450180072029,FALSE
OR5D18,0.145354141656663,FALSE
ZNF783,-0.145354141656663,TRUE
SNHG5,-0.145354141656663,FALSE
LGR4,0.145258103241297,FALSE
BRSK2,-0.145258103241297,FALSE
TMEM35,-0.145258103241297,FALSE
MTL5,0.14516206482593,FALSE
OSTalpha,-0.145066026410564,FALSE
NYX,-0.145066026410564,FALSE
WASL,-0.145066026410564,FALSE
LOC388276,-0.145066026410564,FALSE
INCENP,-0.144969987995198,FALSE
MAPK9,-0.144969987995198,FALSE
MEIS3,0.144969987995198,TRUE
MATK,0.144969987995198,FALSE
LOC730081,0.144969987995198,FALSE
ALAS2,0.144873949579832,FALSE
KRT8,0.144873949579832,FALSE
LOC100128727,-0.144873949579832,FALSE
LOC100128653,0.144873949579832,FALSE
ACY1,0.144777911164466,FALSE
LOC158863,0.144777911164466,FALSE
CHMP2A,-0.144777911164466,FALSE
RNF130,-0.144777911164466,FALSE
ATG4B,-0.144777911164466,FALSE
FLJ21408,0.144777911164466,FALSE
FLJ13197,0.144777911164466,FALSE
VSTM1,0.1446818727491,FALSE
LOC642980,-0.1446818727491,FALSE
CUEDC1,0.1446818727491,FALSE
CHADL,0.1446818727491,FALSE
LOC284926,0.1446818727491,FALSE
ENPP4,0.144585834333733,FALSE
TRAPPC1,-0.144585834333733,FALSE
PXN,0.144585834333733,FALSE
KEAP1,0.144585834333733,FALSE
RBP2,0.144585834333733,FALSE
PPP1R1C,-0.144585834333733,FALSE
CD14,-0.144489795918367,FALSE
LOC150185,-0.144489795918367,FALSE
DOCK11,0.144393757503001,FALSE
CDH9,-0.144393757503001,FALSE
CLCN3,-0.144393757503001,FALSE
COPS7A,0.144393757503001,FALSE
TMEM92,-0.144393757503001,FALSE
LOC400768,-0.144297719087635,FALSE
RAB40AL,-0.144297719087635,FALSE
ARHGAP18,-0.144297719087635,FALSE
LRRC37A3,-0.144297719087635,FALSE
NUDT15,0.144297719087635,FALSE
LOC652586,0.144297719087635,FALSE
LOC646508,-0.144201680672269,FALSE
HDGFRP3,-0.144201680672269,FALSE
ATP6V1G3,-0.144201680672269,FALSE
SLC16A9,-0.144201680672269,FALSE
TCEB3B,0.144201680672269,FALSE
KRT75,-0.144105642256903,FALSE
INPP5A,-0.144105642256903,FALSE
ACAD10,0.144105642256903,FALSE
CKS1B,-0.144105642256903,FALSE
KLK1,0.144105642256903,FALSE
LOC347411,0.144105642256903,FALSE
CEP152,0.144105642256903,FALSE
SCARF1,0.144009603841537,FALSE
FAM26E,0.144009603841537,FALSE
ZNF121,-0.14391356542617,TRUE
CDNF,0.14391356542617,FALSE
ALS2CR8,0.14391356542617,FALSE
RBMX,0.143817527010804,FALSE
ZC4H2,-0.143817527010804,FALSE
C11orf44,-0.143817527010804,FALSE
PSMC5,0.143817527010804,FALSE
LOC728573,0.143721488595438,FALSE
LOC646976,0.143721488595438,FALSE
EIF2AK1,0.143625450180072,FALSE
FAM22D,-0.143625450180072,FALSE
SLC4A4,0.143625450180072,FALSE
LOC284219,-0.143625450180072,FALSE
ADAMTS3,-0.143625450180072,FALSE
MMP9,-0.143625450180072,FALSE
HAX1,-0.143529411764706,FALSE
PLRG1,-0.143529411764706,FALSE
COL6A6,0.143529411764706,FALSE
TUBA4A,0.14343337334934,FALSE
DEFB131,0.14343337334934,FALSE
PRMT7,0.14343337334934,FALSE
LOC100505880,-0.14343337334934,FALSE
OR4Q3,0.14343337334934,FALSE
DNAH5,-0.143337334933974,FALSE
MUC4,-0.143337334933974,FALSE
RALGAPB,0.143337334933974,FALSE
ZNF300,-0.143337334933974,TRUE
NEK4,0.143337334933974,FALSE
LRP1B,0.143337334933974,FALSE
ABCA17P,0.143337334933974,FALSE
RNASEH1,0.143337334933974,FALSE
LOC653075,0.143241296518607,FALSE
LOC100130880,-0.143241296518607,FALSE
CPT1B,0.143241296518607,FALSE
NLRX1,0.143241296518607,FALSE
TSPAN5,0.143241296518607,FALSE
GABARAP,-0.143241296518607,FALSE
ONECUT1,-0.143241296518607,TRUE
CTCFL,0.143145258103241,TRUE
EFCAB4B,-0.143145258103241,FALSE
DEFB103B,-0.143145258103241,FALSE
TSPAN3,0.143145258103241,FALSE
FBXO2,0.143145258103241,FALSE
VPS25,-0.143145258103241,FALSE
CPXCR1,0.143145258103241,FALSE
TMEM206,-0.143049219687875,FALSE
B3GALNT2,-0.143049219687875,FALSE
EFCAB4A,-0.143049219687875,FALSE
MGC2752,-0.143049219687875,FALSE
NCL,-0.142953181272509,FALSE
LOC399753,-0.142953181272509,FALSE
SAMD7,-0.142953181272509,TRUE
OVCH2,-0.142953181272509,FALSE
MTMR9LP,0.142857142857143,FALSE
CHTF18,0.142857142857143,FALSE
PHACTR1,-0.142857142857143,FALSE
IFNGR1,0.142857142857143,FALSE
TBC1D12,0.142857142857143,FALSE
C1orf38,0.142857142857143,FALSE
SPDYE4,0.142857142857143,FALSE
AFM,-0.142857142857143,FALSE
LINC00355,-0.142761104441777,FALSE
C19orf56,-0.142761104441777,FALSE
CYP1A1,-0.142761104441777,FALSE
BSPH1,-0.142761104441777,FALSE
HSPBAP1,-0.142665066026411,FALSE
RAD21,-0.142665066026411,FALSE
PCDP1,0.142665066026411,FALSE
MEA1,-0.142665066026411,FALSE
SYTL5,-0.142665066026411,FALSE
THBS1,-0.142569027611044,FALSE
FAM71F1,-0.142569027611044,FALSE
HOXD3,0.142569027611044,TRUE
C1orf180,-0.142569027611044,FALSE
LOC642366,-0.142569027611044,FALSE
FGA,-0.142472989195678,FALSE
RASSF10,0.142472989195678,FALSE
EVI5L,-0.142472989195678,FALSE
CTU1,-0.142472989195678,FALSE
ST8SIA3,-0.142472989195678,FALSE
FAM172A,-0.142472989195678,FALSE
HNRNPH2,-0.142472989195678,FALSE
CACNA1A,0.142472989195678,FALSE
NPTX1,-0.142376950780312,FALSE
LOC401557,-0.142376950780312,FALSE
CDHR4,0.142376950780312,FALSE
PCIF1,-0.142376950780312,FALSE
LOC286052,0.142376950780312,FALSE
C12orf77,-0.142376950780312,FALSE
LOC643936,-0.142280912364946,FALSE
EI24,0.142280912364946,FALSE
STMN4,-0.142280912364946,FALSE
DEFB135,0.142280912364946,FALSE
AANAT,-0.14218487394958,FALSE
ASB4,-0.14218487394958,FALSE
LOC100131053,0.14218487394958,FALSE
LOC728769,-0.14218487394958,FALSE
NIPA1,0.14218487394958,FALSE
BAGE,-0.14218487394958,FALSE
FUCA1,-0.14218487394958,FALSE
LYPD6B,-0.14218487394958,FALSE
CDY2A,-0.14218487394958,FALSE
LOC100131289,0.14218487394958,FALSE
USP9X,0.142088835534214,FALSE
TMEM214,-0.142088835534214,FALSE
SESN3,0.142088835534214,FALSE
PPIG,0.142088835534214,FALSE
PANK2,0.142088835534214,FALSE
LOC219347,0.141992797118848,FALSE
CDSN,-0.141992797118848,FALSE
LOC100131829,0.141992797118848,FALSE
MUC12,-0.141992797118848,FALSE
GPR61,0.141992797118848,FALSE
MASP1,-0.141896758703481,FALSE
ERV3-1,-0.141896758703481,FALSE
GPER,0.141896758703481,FALSE
STAU1,0.141896758703481,FALSE
TIGD3,-0.141896758703481,FALSE
CECR1,0.141896758703481,FALSE
OR52I1,0.141896758703481,FALSE
ADAMTS1,0.141800720288115,FALSE
KCNJ6,-0.141800720288115,FALSE
CGRRF1,-0.141800720288115,FALSE
HLA-G,0.141800720288115,FALSE
TIMD4,-0.141704681872749,FALSE
TGFB1,0.141704681872749,FALSE
PGAP1,-0.141704681872749,FALSE
CHRDL1,0.141704681872749,FALSE
TNFRSF8,0.141608643457383,FALSE
IRAK4,-0.141608643457383,FALSE
DNAJC13,-0.141608643457383,FALSE
PURB,0.141608643457383,TRUE
ZNF354B,0.141608643457383,TRUE
NDNF,-0.141608643457383,FALSE
NAT14,-0.141608643457383,FALSE
INGX,-0.141608643457383,FALSE
MAP2K3,0.141512605042017,FALSE
NME9,0.141512605042017,FALSE
PSTPIP2,-0.141512605042017,FALSE
PUS3,-0.141416566626651,FALSE
GRK4,0.141416566626651,FALSE
ANKRD32,-0.141416566626651,FALSE
VAMP7,-0.141416566626651,FALSE
NACAP1,-0.141416566626651,FALSE
AURKB,-0.141416566626651,FALSE
KBTBD4,0.141416566626651,FALSE
GALNT12,-0.141320528211285,FALSE
DEFA6,-0.141320528211285,FALSE
EIF4EBP2,0.141224489795918,FALSE
ITK,0.141224489795918,FALSE
MFAP2,-0.141224489795918,FALSE
FOXP1,-0.141224489795918,TRUE
SLC2A8,-0.141224489795918,FALSE
MPP2,0.141224489795918,FALSE
SERTAD2,0.141224489795918,FALSE
OPTN,0.141128451380552,FALSE
RGS9,0.141128451380552,FALSE
NDUFAB1,-0.141128451380552,FALSE
SRPK3,0.141128451380552,FALSE
BCLAF1,-0.141128451380552,FALSE
CNGA3,-0.141128451380552,FALSE
ZNF143,0.141128451380552,TRUE
RECK,-0.141128451380552,FALSE
UGT8,-0.141128451380552,FALSE
GALNT13,0.141128451380552,FALSE
KRT8P41,0.141128451380552,FALSE
KLF8,0.141128451380552,TRUE
LOC146481,-0.141128451380552,FALSE
TAL2,-0.141032412965186,TRUE
CYR61,0.14093637454982,FALSE
FAM18B2,-0.14093637454982,FALSE
NOP56,-0.14093637454982,FALSE
C13orf26,0.14093637454982,FALSE
LOC100129055,-0.14093637454982,FALSE
FAM48B2,-0.14093637454982,FALSE
FMO6P,-0.14093637454982,FALSE
TP73,-0.140840336134454,TRUE
SLC25A11,0.140840336134454,FALSE
DNHD1,-0.140840336134454,FALSE
NUS1,-0.140744297719088,FALSE
ALG12,0.140744297719088,FALSE
GORAB,-0.140744297719088,FALSE
C8A,0.140744297719088,FALSE
LOC100133991,0.140744297719088,FALSE
GPR182,-0.140648259303722,FALSE
TMEM88,0.140648259303722,FALSE
MTSS1,-0.140648259303722,FALSE
CD2,0.140648259303722,FALSE
MCTP1,0.140648259303722,FALSE
LOC728723,0.140648259303722,FALSE
ANXA7,-0.140648259303722,FALSE
RPL7,-0.140648259303722,FALSE
SYPL2,0.140648259303722,FALSE
SLC1A4,0.140648259303722,FALSE
HTR7,-0.140648259303722,FALSE
KU-MEL-3,-0.140648259303722,FALSE
LOC100287704,0.140648259303722,FALSE
RBFOX3,-0.140648259303722,FALSE
LOC100132247,-0.140552220888355,FALSE
MAT1A,-0.140552220888355,FALSE
ITPRIPL2,-0.140552220888355,FALSE
NDUFS3,-0.140552220888355,FALSE
GADL1,-0.140456182472989,FALSE
SLC39A8,0.140456182472989,FALSE
DCAF12L1,-0.140456182472989,FALSE
PGP,-0.140456182472989,FALSE
SNRNP35,0.140456182472989,FALSE
TAC3,0.140456182472989,FALSE
KRTAP7-1,-0.140456182472989,FALSE
C19orf77,-0.140360144057623,FALSE
LOC100128176,-0.140360144057623,FALSE
CTSH,0.140360144057623,FALSE
SLC4A10,-0.140360144057623,FALSE
SDHA,0.140360144057623,FALSE
FOXC2,0.140360144057623,TRUE
ICAM2,0.140360144057623,FALSE
OR7G2,0.140360144057623,FALSE
MCCC1,0.140264105642257,FALSE
PRR4,0.140264105642257,FALSE
PPP2R5E,-0.140264105642257,FALSE
JRK,-0.140168067226891,FALSE
EBF4,0.140168067226891,TRUE
ZAR1,-0.140168067226891,FALSE
OR5H2,0.140168067226891,FALSE
LMO1,0.140072028811525,FALSE
FSCN2,-0.140072028811525,FALSE
DYNLRB1,-0.139975990396158,FALSE
PRB4,0.139879951980792,FALSE
NECAB3,0.139879951980792,FALSE
KCNIP3,0.139879951980792,TRUE
MNDA,-0.139783913565426,FALSE
LOC643441,0.139783913565426,FALSE
WDR24,-0.139783913565426,FALSE
DGCR9,0.139783913565426,FALSE
C1orf87,-0.13968787515006,FALSE
GPATCH3,0.13968787515006,FALSE
OR5AS1,0.13968787515006,FALSE
HSP90B3P,-0.139591836734694,FALSE
ICK,0.139591836734694,FALSE
RBBP6,0.139591836734694,FALSE
DMXL1,0.139591836734694,FALSE
TFF2,-0.139591836734694,FALSE
FGF14-IT1,-0.139591836734694,FALSE
OR5V1,-0.139495798319328,FALSE
ADPGK,0.139495798319328,FALSE
SYT2,0.139399759903962,FALSE
HGF,-0.139399759903962,FALSE
SOX9,-0.139399759903962,TRUE
RGS18,-0.139399759903962,FALSE
SHQ1,-0.139399759903962,FALSE
MFSD8,0.139399759903962,FALSE
TBX6,-0.139399759903962,TRUE
APOBEC4,-0.139399759903962,FALSE
RB1CC1,0.139399759903962,FALSE
LRRC8D,-0.139399759903962,FALSE
MTA3,0.139399759903962,FALSE
OR1L6,-0.139399759903962,FALSE
CLVS1,0.139303721488595,FALSE
ANKRD20A1,-0.139303721488595,FALSE
LRRTM3,-0.139207683073229,FALSE
TMCO2,-0.139207683073229,FALSE
EIF5B,0.139207683073229,FALSE
GRPEL1,-0.139207683073229,FALSE
JMY,0.139207683073229,FALSE
HNRNPU,-0.139207683073229,FALSE
CDC42SE2,0.139207683073229,FALSE
PLEKHA1,-0.139207683073229,FALSE
DUSP1,0.139207683073229,FALSE
EXOC2,0.139207683073229,FALSE
LOC100131878,0.139207683073229,FALSE
CTNND1,-0.139111644657863,FALSE
IQCJ-SCHIP1,-0.139111644657863,FALSE
SGCZ,-0.139015606242497,FALSE
FOLR2,-0.139015606242497,FALSE
UBE3C,0.139015606242497,FALSE
PLA2G10,-0.138919567827131,FALSE
FLG2,-0.138919567827131,FALSE
RRAGB,0.138919567827131,FALSE
CEACAM6,-0.138823529411765,FALSE
GOLGA6L6,0.138823529411765,FALSE
TNFRSF10D,-0.138823529411765,FALSE
TTC36,0.138823529411765,FALSE
RBPJ,-0.138823529411765,TRUE
LOC100129275,0.138823529411765,FALSE
OR14A16,-0.138823529411765,FALSE
SERPINE3,-0.138823529411765,FALSE
ADAM32,-0.138727490996399,FALSE
LINC00460,-0.138727490996399,FALSE
SAMD12,-0.138727490996399,FALSE
SSBP3,0.138727490996399,FALSE
PABPC1L2B,0.138727490996399,FALSE
DGAT2L7,-0.138727490996399,FALSE
CCKAR,0.138727490996399,FALSE
LOC100628314,-0.138727490996399,FALSE
ACP5,-0.138727490996399,FALSE
LOC284440,-0.138631452581032,FALSE
CUTC,0.138631452581032,FALSE
DZIP1,-0.138631452581032,FALSE
CAMK1D,-0.138631452581032,FALSE
RNF34,0.138631452581032,FALSE
LOC200772,-0.138631452581032,FALSE
CERS2,0.138631452581032,FALSE
SLC2A3,0.138535414165666,FALSE
RANGAP1,-0.138535414165666,FALSE
TRIM39,-0.138535414165666,FALSE
CABYR,0.138535414165666,FALSE
PRDM10,0.138535414165666,TRUE
MARCKSL1,0.138535414165666,FALSE
STK24,-0.138535414165666,FALSE
PLA2G4F,-0.138535414165666,FALSE
TNFSF4,-0.138535414165666,FALSE
HECW1,0.138535414165666,FALSE
NAT8L,0.1384393757503,FALSE
SRC,0.1384393757503,FALSE
LOC100131434,0.1384393757503,FALSE
TRIB1,0.1384393757503,FALSE
ZBTB8A,0.1384393757503,TRUE
CORO2A,-0.138343337334934,FALSE
LOC100130417,-0.138343337334934,FALSE
ZNF543,-0.138343337334934,TRUE
NKAIN2,0.138343337334934,FALSE
RNF145,-0.138247298919568,FALSE
TRMT61B,-0.138247298919568,FALSE
FOXH1,-0.138247298919568,TRUE
HFE2,0.138247298919568,FALSE
LOC284108,0.138247298919568,FALSE
COL2A1,-0.138247298919568,FALSE
CTSG,-0.138151260504202,FALSE
ARHGDIB,-0.138151260504202,FALSE
GPR183,0.138151260504202,FALSE
TPPP3,-0.138151260504202,FALSE
SLCO2B1,0.138151260504202,FALSE
IER5,-0.138151260504202,FALSE
MYT1L,-0.138151260504202,TRUE
GAFA3,0.138055222088836,FALSE
HAPLN1,-0.138055222088836,FALSE
SLC9A4,-0.138055222088836,FALSE
STRA6,-0.138055222088836,FALSE
LOC286087,-0.138055222088836,FALSE
ZNF765,-0.137959183673469,TRUE
USP12,-0.137959183673469,FALSE
KIF16B,0.137959183673469,FALSE
DUSP10,-0.137959183673469,FALSE
SOX3,-0.137863145258103,TRUE
TRH,0.137863145258103,FALSE
MARCH3,0.137767106842737,FALSE
ANKFN1,0.137767106842737,FALSE
MDH2,0.137767106842737,FALSE
YWHAG,0.137671068427371,FALSE
METTL5,-0.137671068427371,FALSE
KISS1R,-0.137671068427371,FALSE
C6orf106,0.137671068427371,FALSE
LINGO2,0.137671068427371,FALSE
ZNF84,0.137671068427371,FALSE
SPANXN3,-0.137671068427371,FALSE
CDH12,-0.137671068427371,FALSE
RASGRP1,0.137575030012005,FALSE
DACT1,-0.137575030012005,FALSE
TEX101,-0.137575030012005,FALSE
LOC728084,0.137575030012005,FALSE
LOC643802,-0.137478991596639,FALSE
C9orf156,-0.137478991596639,FALSE
GABPB2,-0.137478991596639,FALSE
OR5AP2,0.137478991596639,FALSE
ADAT2,-0.137382953181273,FALSE
SLC38A11,-0.137382953181273,FALSE
CYC1,0.137382953181273,FALSE
FAM168A,-0.137286914765906,FALSE
LOC100132273,-0.137286914765906,FALSE
LIN52,0.137286914765906,FALSE
SLCO6A1,-0.13719087635054,FALSE
VTI1B,-0.13719087635054,FALSE
FANCG,-0.13719087635054,FALSE
NCAPG2,-0.137094837935174,FALSE
SKP2,-0.137094837935174,FALSE
RPP38,-0.137094837935174,FALSE
DHRS7C,0.137094837935174,FALSE
DSCR4,-0.136998799519808,FALSE
CAMKK2,0.136998799519808,FALSE
GAD1,0.136998799519808,FALSE
CFL1,-0.136998799519808,FALSE
MAPK1IP1L,0.136998799519808,FALSE
EFCAB9,0.136998799519808,FALSE
KRTAP22-2,-0.136998799519808,FALSE
ZNF714,0.136902761104442,TRUE
AMHR2,-0.136902761104442,FALSE
NPPA,-0.136902761104442,FALSE
C4orf52,-0.136902761104442,FALSE
DOC2B,0.136902761104442,FALSE
EXT2,-0.136902761104442,FALSE
ATP2C1,0.136902761104442,FALSE
LIG3,-0.136902761104442,FALSE
XBP1,-0.136806722689076,TRUE
PSMD12,-0.136806722689076,FALSE
FAM180A,-0.136806722689076,FALSE
CEBPD,-0.136806722689076,TRUE
RIMS2,-0.136710684273709,FALSE
DAB1,-0.136710684273709,FALSE
HDDC2,-0.136710684273709,FALSE
SNX32,-0.136710684273709,FALSE
RGS14,0.136710684273709,FALSE
UBE2J2,0.136710684273709,FALSE
TMEM132A,-0.136614645858343,FALSE
C4B,-0.136614645858343,FALSE
KCNQ3,-0.136614645858343,FALSE
ARMCX3,-0.136614645858343,FALSE
HOXD9,-0.136614645858343,TRUE
CSDE1,-0.136614645858343,FALSE
CEP57,-0.136614645858343,FALSE
MLH1,0.136614645858343,FALSE
LOC100132215,-0.136614645858343,FALSE
CECR6,0.136614645858343,FALSE
MAGEB5,0.136614645858343,FALSE
HNRNPR,-0.136518607442977,FALSE
SH3D21,-0.136518607442977,FALSE
LINC00239,-0.136518607442977,FALSE
LOC100131015,0.136422569027611,FALSE
PTPN21,0.136326530612245,FALSE
PRAMEF6,-0.136326530612245,FALSE
CCDC111,0.136326530612245,FALSE
OR5I1,-0.136326530612245,FALSE
FAM196A,-0.136326530612245,FALSE
TMIGD1,0.136230492196879,FALSE
MIB2,0.136230492196879,FALSE
JKAMP,-0.136230492196879,FALSE
LOC643201,0.136230492196879,FALSE
LOC100131821,-0.136230492196879,FALSE
NEUROD6,-0.136230492196879,TRUE
NIPAL4,-0.136134453781513,FALSE
DYNC1LI2,0.136134453781513,FALSE
MYOZ2,-0.136134453781513,FALSE
SFT2D1,-0.136134453781513,FALSE
ADCY4,0.136134453781513,FALSE
ANO9,0.136134453781513,FALSE
KCNMB4,0.136134453781513,FALSE
C16orf80,-0.136134453781513,FALSE
HECA,0.136038415366146,FALSE
KLHDC2,0.136038415366146,FALSE
CLPX,-0.136038415366146,FALSE
LOC284561,-0.136038415366146,FALSE
OR8G5,0.136038415366146,FALSE
CBLL1,-0.13594237695078,FALSE
OR2D3,0.13594237695078,FALSE
PAK6,-0.13594237695078,FALSE
MGC10814,0.135846338535414,FALSE
UPK3A,-0.135846338535414,FALSE
GCHFR,0.135846338535414,FALSE
RHOBTB3,0.135846338535414,FALSE
IPW,-0.135846338535414,FALSE
LINC00246A,0.135846338535414,FALSE
OTUB1,0.135846338535414,FALSE
C15orf48,-0.135750300120048,FALSE
ADAMTS17,-0.135750300120048,FALSE
NOC2L,-0.135750300120048,FALSE
MOGAT2,-0.135750300120048,FALSE
S100A16,0.135750300120048,FALSE
PLSCR1,-0.135750300120048,TRUE
CDC23,-0.135750300120048,FALSE
FDPSL2A,0.135750300120048,FALSE
GPR162,-0.135654261704682,FALSE
LOC284263,-0.135654261704682,FALSE
BLVRA,-0.135654261704682,FALSE
TXNDC2,-0.135654261704682,FALSE
OR1Q1,0.135654261704682,FALSE
JMJD6,0.135558223289316,FALSE
APOL1,0.135558223289316,FALSE
FLT3,0.135558223289316,FALSE
RHBG,-0.135558223289316,FALSE
LOC401098,-0.135558223289316,FALSE
TRIM60,-0.13546218487395,FALSE
KIAA1524,-0.13546218487395,FALSE
SNHG8,-0.13546218487395,FALSE
ANKRD53,-0.13546218487395,FALSE
MRPS18A,0.13546218487395,FALSE
LRFN2,0.13546218487395,FALSE
PECR,0.135366146458583,FALSE
LY6E,0.135366146458583,FALSE
SERINC4,0.135366146458583,FALSE
LOC442421,0.135366146458583,FALSE
BASP1P1,-0.135366146458583,FALSE
AHCY,0.135366146458583,FALSE
LOC642422,0.135366146458583,FALSE
MYH6,-0.135270108043217,FALSE
RNF10,0.135270108043217,FALSE
TSNARE1,-0.135270108043217,FALSE
C11orf70,-0.135270108043217,FALSE
C8orf84,0.135270108043217,FALSE
MS4A13,0.135270108043217,FALSE
LOC100129999,-0.135270108043217,FALSE
DDX25,-0.135270108043217,FALSE
IARS2,0.135270108043217,FALSE
VASN,-0.135270108043217,FALSE
EPGN,0.135270108043217,FALSE
KRTAP17-1,-0.135270108043217,FALSE
NEUROD2,-0.135270108043217,TRUE
ASZ1,-0.135270108043217,FALSE
SNX4,-0.135174069627851,FALSE
MGST2,-0.135174069627851,FALSE
LOC554201,-0.135174069627851,FALSE
LOC100131346,0.135174069627851,FALSE
CHAC1,-0.135174069627851,FALSE
TST,0.135078031212485,FALSE
NOL7,-0.135078031212485,FALSE
PSMA2,-0.134981992797119,FALSE
NAALADL1,-0.134981992797119,FALSE
CDKN2B-AS,-0.134981992797119,FALSE
HLA-L,-0.134981992797119,FALSE
PP14571,0.134885954381753,FALSE
C1orf95,0.134885954381753,FALSE
OR10G8,-0.134885954381753,FALSE
LAG3,0.134885954381753,FALSE
C9orf170,-0.134885954381753,FALSE
SP4,0.134885954381753,TRUE
OAZ1,-0.134789915966387,FALSE
NKX2-1,0.134789915966387,TRUE
CLEC4G,0.13469387755102,FALSE
DKFZP434L187,0.13469387755102,FALSE
ABI3BP,-0.134597839135654,FALSE
PIK3IP1,-0.134597839135654,FALSE
GPR35,0.134597839135654,FALSE
CDK20,0.134597839135654,FALSE
PABPC1,-0.134501800720288,FALSE
NCAPD2,-0.134501800720288,FALSE
FAT4,-0.134501800720288,FALSE
LPCAT4,0.134501800720288,FALSE
OXGR1,-0.134405762304922,FALSE
LOC100128252,-0.134405762304922,FALSE
KLRC4,0.134405762304922,FALSE
GPRIN3,0.134405762304922,FALSE
MAP3K8,0.134405762304922,FALSE
ANKRD46,0.134405762304922,FALSE
TTC28-AS1,0.134405762304922,FALSE
LETM2,-0.134405762304922,FALSE
SDHAF2,-0.134405762304922,FALSE
ZBTB44,0.134405762304922,FALSE
FBLN7,0.134405762304922,FALSE
COMP,-0.134405762304922,FALSE
GLUL,0.134309723889556,FALSE
ADRBK1,0.134309723889556,FALSE
CYB561,-0.134309723889556,FALSE
AFG3L2,0.134309723889556,FALSE
FSCN3,-0.134309723889556,FALSE
WRB,-0.134309723889556,FALSE
LOC339529,-0.134309723889556,FALSE
NPTX2,-0.13421368547419,FALSE
FLJ44674,0.13421368547419,FALSE
PPP1R12A,-0.13421368547419,FALSE
VRTN,-0.13421368547419,FALSE
C18orf26,0.134117647058824,FALSE
IKZF2,-0.134117647058824,TRUE
PLEKHG4B,-0.134117647058824,FALSE
MIS18BP1,0.134117647058824,FALSE
MYSM1,0.134117647058824,FALSE
ZSCAN12,-0.134117647058824,TRUE
HOOK3,-0.134021608643457,FALSE
NCOR1,-0.134021608643457,FALSE
IFFO2,0.134021608643457,FALSE
WNT9A,-0.134021608643457,FALSE
TMEM69,0.134021608643457,FALSE
FBXO30,-0.134021608643457,FALSE
PTX4,0.134021608643457,FALSE
SLCO1B7,0.133925570228091,FALSE
SLC38A10,0.133925570228091,FALSE
C9orf43,0.133925570228091,FALSE
CHID1,-0.133925570228091,FALSE
B4GALT4,-0.133925570228091,FALSE
CENPH,-0.133829531812725,FALSE
NR2C2,0.133829531812725,TRUE
MAP3K7,-0.133829531812725,FALSE
SAP30BP,0.133733493397359,FALSE
RBM33,-0.133733493397359,FALSE
C9orf68,0.133733493397359,FALSE
RYBP,-0.133733493397359,FALSE
KRTAP5-2,0.133733493397359,FALSE
CLDN18,0.133733493397359,FALSE
MSRA,0.133637454981993,FALSE
ELK1,-0.133637454981993,TRUE
FSD1,-0.133637454981993,FALSE
HECTD2,-0.133637454981993,FALSE
OAT,-0.133637454981993,FALSE
NF1,0.133541416566627,FALSE
ITM2A,0.133541416566627,FALSE
NDUFS1,-0.133541416566627,FALSE
CASP8AP2,0.133541416566627,FALSE
HP,-0.133445378151261,FALSE
OR5B17,0.133445378151261,FALSE
PREPL,-0.133445378151261,FALSE
ZNF652,-0.133445378151261,TRUE
NXF2,-0.133445378151261,FALSE
RNF216,-0.133349339735894,FALSE
IRS4,0.133349339735894,FALSE
ACVR1B,-0.133349339735894,FALSE
EFEMP1,-0.133349339735894,FALSE
LOC728099,0.133349339735894,FALSE
SCARB1,0.133253301320528,FALSE
MAD2L2,-0.133253301320528,FALSE
ZNF653,0.133253301320528,FALSE
LOC285626,-0.133253301320528,FALSE
ELAC2,0.133157262905162,FALSE
KRTAP2-4,0.133157262905162,FALSE
EHD1,0.133157262905162,FALSE
C19orf20,0.133157262905162,FALSE
ZNF578,0.133157262905162,TRUE
DNAH6,0.133157262905162,FALSE
LINC00162,-0.133157262905162,FALSE
C14orf132,-0.133157262905162,FALSE
CXorf66,-0.133157262905162,FALSE
PKN2,0.133061224489796,FALSE
MED28,-0.133061224489796,FALSE
PHYH,-0.133061224489796,FALSE
LOC100128751,-0.133061224489796,FALSE
PRICKLE4,0.133061224489796,FALSE
SPATS2,-0.133061224489796,FALSE
RASA4,0.13296518607443,FALSE
POM121L8P,0.13296518607443,FALSE
ARL1,-0.13296518607443,FALSE
SLC35E3,0.13296518607443,FALSE
AKR7L,-0.13296518607443,FALSE
KRTAP9-8,-0.13296518607443,FALSE
SEC11C,-0.132869147659064,FALSE
NT5DC2,-0.132869147659064,FALSE
DHX30,0.132869147659064,FALSE
NEU3,-0.132869147659064,FALSE
IQCD,-0.132869147659064,FALSE
ANKRD34C,0.132773109243697,FALSE
KCTD21,0.132773109243697,FALSE
HEMGN,0.132677070828331,FALSE
TRIOBP,0.132677070828331,FALSE
LOC100131860,-0.132677070828331,FALSE
EIF3F,0.132677070828331,FALSE
KLRAP1,-0.132677070828331,FALSE
RBFOX1,-0.132677070828331,FALSE
C2CD4A,-0.132677070828331,FALSE
PGF,-0.132581032412965,FALSE
HCN3,0.132581032412965,FALSE
LOC400027,0.132581032412965,FALSE
MAGEC1,0.132581032412965,FALSE
IFT43,0.132581032412965,FALSE
EPS8L3,-0.132581032412965,FALSE
RAB7B,-0.132581032412965,FALSE
C8orf68,-0.132484993997599,FALSE
H2BFWT,0.132484993997599,FALSE
LOC100132396,-0.132484993997599,FALSE
LOC100509196,0.132484993997599,FALSE
RWDD4,0.132388955582233,FALSE
UGGT2,-0.132388955582233,FALSE
PCNX,-0.132388955582233,FALSE
SDAD1,-0.132388955582233,FALSE
CSNK1G1,0.132388955582233,FALSE
FLJ40292,0.132388955582233,FALSE
APIP,0.132292917166867,FALSE
C5orf15,-0.132292917166867,FALSE
ZHX2,0.132196878751501,TRUE
PI4K2A,0.132196878751501,FALSE
STAP1,0.132196878751501,FALSE
ATAD3B,0.132100840336134,FALSE
ADAMTSL1,-0.132100840336134,FALSE
FTSJ2,-0.132100840336134,FALSE
CYB5R3,-0.132100840336134,FALSE
LOC100133306,-0.132100840336134,FALSE
SSBP1,-0.132100840336134,FALSE
LOC100132319,-0.132100840336134,FALSE
LOC100128356,-0.132100840336134,FALSE
PDE6D,-0.132100840336134,FALSE
SLC35D2,0.132100840336134,FALSE
LINC00106,-0.132004801920768,FALSE
MRPL42P5,0.132004801920768,FALSE
LOC100127951,0.132004801920768,FALSE
SLC1A6,-0.132004801920768,FALSE
C11orf58,0.131908763505402,FALSE
CMTM3,-0.131908763505402,FALSE
SIGLEC11,0.131812725090036,FALSE
SH3RF3,0.131812725090036,FALSE
MTMR10,0.131812725090036,FALSE
RC3H2,-0.131812725090036,FALSE
PIN4,-0.131812725090036,FALSE
LOC100129935,-0.131812725090036,FALSE
TRIM14,-0.13171668667467,FALSE
ADAP2,0.13171668667467,FALSE
FLJ46066,0.13171668667467,FALSE
PRAMEF20,-0.13171668667467,FALSE
SPATC1,-0.131620648259304,FALSE
NGEF,-0.131620648259304,FALSE
TMEM180,0.131620648259304,FALSE
TSPYL1,-0.131620648259304,FALSE
MRPS27,0.131620648259304,FALSE
PCSK9,-0.131524609843938,FALSE
GLE1,-0.131524609843938,FALSE
CDKN2AIP,-0.131524609843938,FALSE
PRAMEF7,-0.131524609843938,FALSE
LOC339988,0.131524609843938,FALSE
LPPR5,0.131524609843938,FALSE
LGALS13,-0.131524609843938,FALSE
LOC286002,-0.131428571428571,FALSE
SF3B3,-0.131428571428571,FALSE
DGCR14,0.131428571428571,FALSE
IL10,-0.131428571428571,FALSE
SLC17A6,-0.131428571428571,FALSE
ALKBH5,0.131428571428571,FALSE
IL13,0.131428571428571,FALSE
LOC100129648,-0.131428571428571,FALSE
IFNGR2,0.131332533013205,FALSE
SULF2,0.131332533013205,FALSE
C1orf109,0.131332533013205,FALSE
LOC100133106,0.131332533013205,FALSE
TNFRSF13C,-0.131332533013205,FALSE
FRAT2,-0.131236494597839,FALSE
GNG12,-0.131140456182473,FALSE
DMRTB1,-0.131140456182473,TRUE
METTL21C,-0.131044417767107,FALSE
C10orf76,0.131044417767107,FALSE
IDUA,-0.131044417767107,FALSE
WDR81,0.131044417767107,FALSE
CLEC4A,-0.131044417767107,FALSE
CCKBR,-0.131044417767107,FALSE
GMPPA,0.131044417767107,FALSE
C8orf45,-0.131044417767107,FALSE
FCRL4,-0.131044417767107,FALSE
SOST,-0.131044417767107,FALSE
DCTD,0.131044417767107,FALSE
ZNF268,-0.130948379351741,TRUE
TLR1,0.130948379351741,FALSE
COX1,-0.130948379351741,FALSE
PLCB4,-0.130948379351741,FALSE
LINC00341,0.130852340936375,FALSE
RASSF6,0.130756302521008,FALSE
SLC39A6,-0.130756302521008,FALSE
CYCSP52,0.130756302521008,FALSE
C17orf105,-0.130660264105642,FALSE
MGC14436,-0.130660264105642,FALSE
LOC390858,-0.130660264105642,FALSE
AMPH,-0.130660264105642,FALSE
C2orf42,0.130660264105642,FALSE
ZPLD1,-0.130660264105642,FALSE
POMZP3,-0.130564225690276,FALSE
C12orf10,0.130564225690276,FALSE
HNRNPM,-0.130564225690276,FALSE
TNS4,-0.130564225690276,FALSE
AKR1A1,-0.130564225690276,FALSE
MFI2,-0.130564225690276,FALSE
PMEPA1,0.130564225690276,FALSE
OR6B3,-0.13046818727491,FALSE
CS,0.13046818727491,FALSE
XCL1,0.13046818727491,FALSE
CD320,0.13046818727491,FALSE
COL5A3,0.13046818727491,FALSE
LOC440031,0.13046818727491,FALSE
PIEZO2,0.130372148859544,FALSE
ABCB10,0.130372148859544,FALSE
NPIP,0.130372148859544,FALSE
ERCC8,-0.130372148859544,FALSE
GLIPR1,-0.130276110444178,FALSE
RAD52,-0.130276110444178,FALSE
HOXA13,0.130276110444178,TRUE
RHOB,0.130180072028812,FALSE
SASH1,0.130180072028812,FALSE
UBE2J1,-0.130180072028812,FALSE
C9orf116,0.130180072028812,FALSE
GABBR1,-0.130180072028812,FALSE
HSP90B1,-0.130180072028812,FALSE
TIMP1,-0.130180072028812,FALSE
SEPHS2,-0.130180072028812,FALSE
LINC00051,-0.130180072028812,FALSE
TTC3,0.130180072028812,FALSE
CSTA,0.130084033613445,FALSE
LRPPRC,0.130084033613445,FALSE
EDC4,0.130084033613445,FALSE
SCN1B,0.130084033613445,FALSE
WDR13,0.130084033613445,FALSE
C9orf9,0.130084033613445,FALSE
ZNF295-AS1,0.130084033613445,FALSE
LCE2B,-0.130084033613445,FALSE
TMEM167B,-0.129987995198079,FALSE
ZNF486,-0.129987995198079,TRUE
NF1P2,-0.129987995198079,FALSE
GSR,-0.129987995198079,FALSE
INTS2,0.129987995198079,FALSE
CD96,0.129987995198079,FALSE
RAX2,0.129795918367347,TRUE
CCDC57,0.129795918367347,FALSE
ATP5C1,-0.129795918367347,FALSE
SNAPC5,-0.129795918367347,FALSE
SHANK2,-0.129795918367347,FALSE
METTL7A,0.129795918367347,FALSE
MSLNL,-0.129795918367347,FALSE
ZC3HAV1,-0.129795918367347,FALSE
SNORD9,0.129795918367347,FALSE
SNX8,-0.129699879951981,FALSE
SSSCA1,-0.129699879951981,FALSE
VEPH1,-0.129699879951981,FALSE
BTBD8,-0.129699879951981,FALSE
ADAM18,0.129603841536615,FALSE
DCDC1,0.129603841536615,FALSE
BAG3,0.129603841536615,FALSE
DLGAP4,-0.129603841536615,FALSE
TLE6,0.129603841536615,FALSE
GSPT1,-0.129507803121248,FALSE
ICT1,-0.129507803121248,FALSE
CHRAC1,0.129507803121248,FALSE
POTEKP,0.129507803121248,FALSE
LOC100128885,-0.129507803121248,FALSE
C17orf99,0.129411764705882,FALSE
LOC644189,0.129411764705882,FALSE
PCDH7,-0.129411764705882,FALSE
SLC10A2,0.129411764705882,FALSE
HSF5,-0.129411764705882,TRUE
BEGAIN,-0.129411764705882,FALSE
PTPN11,0.129315726290516,FALSE
C5orf46,-0.129315726290516,FALSE
IGFBP5,0.129315726290516,FALSE
C4orf50,-0.129315726290516,FALSE
OR10A7,-0.12921968787515,FALSE
HOXC12,-0.12921968787515,TRUE
C4orf41,0.12921968787515,FALSE
C6orf208,-0.12921968787515,FALSE
FRMPD1,-0.12921968787515,FALSE
RRP8,-0.129123649459784,FALSE
BPIFB4,-0.129123649459784,FALSE
EYA2,0.129123649459784,FALSE
LOC100507505,-0.129123649459784,FALSE
OR5M9,0.129027611044418,FALSE
CMAS,0.129027611044418,FALSE
CCDC117,0.129027611044418,FALSE
LOC100507012,-0.129027611044418,FALSE
ZNF280B,-0.129027611044418,TRUE
HPR,-0.128931572629052,FALSE
SHC2,0.128931572629052,FALSE
SYT16,-0.128931572629052,FALSE
LRP5L,-0.128931572629052,FALSE
GRIA2,-0.128931572629052,FALSE
FGF14,-0.128931572629052,FALSE
SMAD4,-0.128931572629052,TRUE
WDR35,0.128931572629052,FALSE
TMPRSS11A,0.128931572629052,FALSE
PENK,-0.128835534213685,FALSE
OR8I2,-0.128835534213685,FALSE
SLCO1C1,-0.128835534213685,FALSE
ANKRD34A,0.128835534213685,FALSE
DPYS,-0.128835534213685,FALSE
TAS2R38,-0.128835534213685,FALSE
IL36G,0.128835534213685,FALSE
NFE4,0.128739495798319,FALSE
DPRX,-0.128739495798319,TRUE
CCDC147,0.128739495798319,FALSE
CASR,0.128739495798319,FALSE
NEU2,-0.128739495798319,FALSE
C19orf59,0.128643457382953,FALSE
THOP1,-0.128643457382953,FALSE
ZNF598,0.128643457382953,FALSE
TARS2,0.128643457382953,FALSE
CEP97,-0.128643457382953,FALSE
KRT76,-0.128643457382953,FALSE
TBX4,0.128643457382953,TRUE
FAM155B,-0.128643457382953,FALSE
LOC149837,-0.128547418967587,FALSE
LCP1,0.128547418967587,FALSE
ACOXL,-0.128547418967587,FALSE
ZNF605,0.128547418967587,FALSE
CNNM1,-0.128547418967587,FALSE
CDK15,-0.128547418967587,FALSE
KLF17,0.128451380552221,TRUE
RHEB,-0.128451380552221,FALSE
CD226,-0.128451380552221,FALSE
MBD1,0.128451380552221,FALSE
COMMD1,-0.128451380552221,FALSE
LOC646626,-0.128451380552221,FALSE
SLC41A3,0.128451380552221,FALSE
CALR3,-0.128451380552221,FALSE
FLJ14186,0.128355342136855,FALSE
METTL10,-0.128355342136855,FALSE
LOC100130503,-0.128355342136855,FALSE
MRAP2,-0.128355342136855,FALSE
MERTK,-0.128259303721489,FALSE
UBE2O,0.128259303721489,FALSE
C5orf25,-0.128259303721489,FALSE
TMF1,-0.128259303721489,FALSE
WDR5,-0.128259303721489,FALSE
BACE2,-0.128259303721489,FALSE
PCYT1B,-0.128259303721489,FALSE
ALG8,-0.128163265306122,FALSE
NONO,-0.128163265306122,FALSE
DEFB109P1,-0.128163265306122,FALSE
ST6GALNAC5,-0.128163265306122,FALSE
ARMS2,0.128163265306122,FALSE
FUT4,-0.128067226890756,FALSE
CCNG2,-0.128067226890756,FALSE
KCTD7,0.128067226890756,FALSE
B3GNT9,-0.128067226890756,FALSE
MRPL42,-0.128067226890756,FALSE
KREMEN1,-0.128067226890756,FALSE
LOC100129775,0.128067226890756,FALSE
TAS1R2,-0.128067226890756,FALSE
TRPV1,0.12797118847539,FALSE
KIAA0232,0.12797118847539,FALSE
VCAN,-0.12797118847539,FALSE
FAM46C,0.127875150060024,FALSE
TTR,0.127875150060024,FALSE
LINC00302,0.127875150060024,FALSE
EIF4E1B,0.127875150060024,FALSE
LOC100652838,-0.127875150060024,FALSE
CSTT,0.127779111644658,FALSE
LRRC15,-0.127779111644658,FALSE
ACSS1,-0.127779111644658,FALSE
NELL1,-0.127779111644658,FALSE
RNASE7,-0.127779111644658,FALSE
STK38L,-0.127779111644658,FALSE
CTLA4,0.127683073229292,FALSE
ZNF740,0.127683073229292,TRUE
C7orf31,-0.127683073229292,FALSE
AMICA1,-0.127683073229292,FALSE
BLZF1,-0.127587034813926,FALSE
KBTBD5,-0.127587034813926,FALSE
H2AFB2,-0.127587034813926,FALSE
LRRC4C,0.127587034813926,FALSE
CTNNB1,-0.127490996398559,FALSE
CDHR5,-0.127490996398559,FALSE
ASAP1-IT1,0.127490996398559,FALSE
MPZL2,-0.127394957983193,FALSE
BID,-0.127394957983193,FALSE
RUVBL2,0.127394957983193,FALSE
AMZ1,0.127394957983193,FALSE
VWA5B1,0.127394957983193,FALSE
ZNF519,0.127394957983193,TRUE
NLRP11,0.127394957983193,FALSE
CCDC169,-0.127394957983193,FALSE
SPRY1,0.127298919567827,FALSE
MRPS26,0.127298919567827,FALSE
UBR1,0.127298919567827,FALSE
TPTE2P6,-0.127298919567827,FALSE
ZC3HC1,0.127202881152461,FALSE
NMT1,0.127202881152461,FALSE
MED17,-0.127202881152461,FALSE
TK2,0.127106842737095,FALSE
DDX59,-0.127106842737095,FALSE
MTMR6,-0.127106842737095,FALSE
TNC,0.127106842737095,FALSE
FAM129B,-0.127106842737095,FALSE
ADAMTS16,-0.127106842737095,FALSE
SEC1,0.127010804321729,FALSE
SLC25A19,0.127010804321729,FALSE
LOC100128170,-0.127010804321729,FALSE
LOC441009,0.127010804321729,FALSE
TP53INP1,-0.126914765906363,FALSE
FREM3,0.126914765906363,FALSE
ATG7,0.126914765906363,FALSE
DAGLA,0.126914765906363,FALSE
FLJ16124,-0.126914765906363,FALSE
AGPAT1,-0.126818727490996,FALSE
C2orf76,-0.126818727490996,FALSE
RFPL1,0.126818727490996,FALSE
F13B,0.12672268907563,FALSE
TARDBP,-0.12672268907563,FALSE
MGC23270,-0.12672268907563,FALSE
NFE2L2,-0.12672268907563,TRUE
SEH1L,0.126626650660264,FALSE
KCTD17,-0.126626650660264,FALSE
SLC35B3,-0.126626650660264,FALSE
PTPN20A,-0.126626650660264,FALSE
RPAIN,0.126626650660264,FALSE
HOXC5,-0.126626650660264,TRUE
PSRC1,-0.126626650660264,FALSE
RAB9BP1,0.126626650660264,FALSE
GSTM4,0.126626650660264,FALSE
OR4C45,-0.126626650660264,FALSE
KPNA4,0.126530612244898,FALSE
SOX5,-0.126530612244898,TRUE
C1orf49,-0.126530612244898,FALSE
PCDHB12,0.126530612244898,FALSE
TMEM74,-0.126530612244898,FALSE
C5orf48,0.126434573829532,FALSE
SNAR-C4,0.126434573829532,FALSE
C20orf196,-0.126338535414166,FALSE
AVEN,-0.126338535414166,FALSE
BBS9,-0.126338535414166,FALSE
SFXN5,0.126338535414166,FALSE
ZNF441,0.126338535414166,TRUE
FLJ31306,0.1262424969988,FALSE
CEP290,0.1262424969988,FALSE
SLC25A5,-0.1262424969988,FALSE
TLCD1,-0.1262424969988,FALSE
GRM6,-0.1262424969988,FALSE
LINC00326,0.126146458583433,FALSE
FAM185A,0.126146458583433,FALSE
LOC100288615,0.126146458583433,FALSE
LOC100129240,0.126146458583433,FALSE
MS4A8B,-0.126050420168067,FALSE
NIPSNAP3A,-0.126050420168067,FALSE
LOC387895,0.126050420168067,FALSE
AHCTF1,-0.126050420168067,FALSE
EPN1,0.126050420168067,FALSE
PLA2G2C,-0.126050420168067,FALSE
ZC3H12B,0.126050420168067,FALSE
LOC100128697,0.126050420168067,FALSE
C9orf172,-0.126050420168067,FALSE
LOC100134423,0.126050420168067,FALSE
LOC286058,0.125954381752701,FALSE
ZNF154,-0.125954381752701,TRUE
FAM55A,0.125954381752701,FALSE
COX18,0.125954381752701,FALSE
KRTAP19-7,-0.125954381752701,FALSE
SDR16C5,-0.125954381752701,FALSE
RP1,0.125954381752701,FALSE
TTC37,-0.125858343337335,FALSE
LOC100147773,-0.125858343337335,FALSE
EGFLAM,-0.125762304921969,FALSE
MFAP5,-0.125762304921969,FALSE
FAM22F,0.125762304921969,FALSE
CDH5,-0.125762304921969,FALSE
UBR5,-0.125666266506603,FALSE
DNAJC28,-0.125666266506603,FALSE
SCN8A,-0.125666266506603,FALSE
MRPL38,-0.125666266506603,FALSE
RFFL,0.125666266506603,FALSE
PXDNL,-0.125666266506603,FALSE
C21orf54,0.125666266506603,FALSE
TLX3,0.125666266506603,TRUE
CCDC85C,-0.125570228091237,FALSE
C18orf62,0.125570228091237,FALSE
EPHX2,0.125570228091237,FALSE
C6orf97,0.125570228091237,FALSE
OR56A4,-0.125570228091237,FALSE
PPIL4,-0.12547418967587,FALSE
DDC,-0.12547418967587,FALSE
C4orf38,0.12547418967587,FALSE
FLJ37201,-0.12547418967587,FALSE
MIDN,-0.125378151260504,FALSE
PPM1K,-0.125378151260504,FALSE
TNFRSF10A,-0.125378151260504,FALSE
SAMM50,0.125378151260504,FALSE
SLC35A3,0.125378151260504,FALSE
NVL,-0.125378151260504,FALSE
BRD7P3,0.125378151260504,FALSE
OR51B6,0.125378151260504,FALSE
TPH2,0.125282112845138,FALSE
CSF3,-0.125282112845138,FALSE
LOC646034,0.125282112845138,FALSE
SEC23B,0.125282112845138,FALSE
DUX4L9,0.125282112845138,FALSE
LOC100128675,0.125186074429772,FALSE
IFRD2,0.125186074429772,FALSE
GATS,0.125186074429772,FALSE
TTTY1,-0.125186074429772,FALSE
AWAT2,-0.125186074429772,FALSE
OR5P2,-0.125186074429772,FALSE
RNASE1,-0.125090036014406,FALSE
CDH4,0.125090036014406,FALSE
STAP2,-0.125090036014406,FALSE
TRMT12,-0.125090036014406,FALSE
SIT1,0.125090036014406,FALSE
GPR119,-0.125090036014406,FALSE
LOH12CR2,-0.125090036014406,FALSE
LRP8,0.12499399759904,FALSE
ENGASE,0.12499399759904,FALSE
MTM1,0.12499399759904,FALSE
OBSCN,0.12499399759904,FALSE
PHF7,-0.12499399759904,FALSE
KLC4,-0.12499399759904,FALSE
EIF2S1,-0.12499399759904,FALSE
PEX11G,0.12499399759904,FALSE
ANKRD17,0.12499399759904,FALSE
ZNF781,0.12499399759904,TRUE
C10orf120,-0.124897959183673,FALSE
DNAJA4,0.124897959183673,FALSE
PRDX5,-0.124897959183673,FALSE
ATG13,0.124897959183673,FALSE
CLTA,-0.124897959183673,FALSE
TMEM14C,-0.124897959183673,FALSE
RNF144B,0.124897959183673,FALSE
C2orf53,-0.124897959183673,FALSE
KCNA6,-0.124897959183673,FALSE
LOC283738,-0.124801920768307,FALSE
GPC6,-0.124801920768307,FALSE
TPCN2,0.124801920768307,FALSE
EIF2B1,0.124801920768307,FALSE
KRT18,-0.124801920768307,FALSE
PRDM9,-0.124801920768307,FALSE
TNIP2,0.124705882352941,FALSE
MRPS31,-0.124705882352941,FALSE
M6PR,0.124705882352941,FALSE
TCTN2,-0.124705882352941,FALSE
PRSS42,-0.124705882352941,FALSE
LOC389607,-0.124609843937575,FALSE
MS4A4E,0.124609843937575,FALSE
LOC441233,-0.124609843937575,FALSE
C2orf57,-0.124609843937575,FALSE
EIF2C4,-0.124513805522209,FALSE
INTS9,0.124513805522209,FALSE
SPRR2C,-0.124513805522209,FALSE
EDARADD,-0.124513805522209,FALSE
GEM,-0.124417767106843,FALSE
SLC8A2,-0.124417767106843,FALSE
CD3G,0.124321728691477,FALSE
LOC100128398,0.124321728691477,FALSE
ZNF100,0.124321728691477,TRUE
CAMTA1,0.124321728691477,FALSE
GCNT6,0.124321728691477,FALSE
CCR7,0.124321728691477,FALSE
MATN1,-0.12422569027611,FALSE
LOC100507244,0.12422569027611,FALSE
HLA-DRB5,0.12422569027611,FALSE
SHISA2,-0.12422569027611,FALSE
BCL2A1,0.124129651860744,FALSE
FUT6,-0.124129651860744,FALSE
ZFP3,0.124129651860744,TRUE
ELSPBP1,0.124129651860744,FALSE
LOC200830,0.124036591550555,FALSE
SHARPIN,-0.124033613445378,FALSE
SLC6A17,-0.124033613445378,FALSE
IRAK1,-0.123937575030012,FALSE
POLR1D,0.123937575030012,FALSE
LOC100128511,-0.123937575030012,FALSE
ZNF132,-0.123841536614646,TRUE
PARG,-0.123841536614646,FALSE
ARHGAP15,0.123841536614646,FALSE
ARAF,0.123841536614646,FALSE
HEATR6,0.123841536614646,FALSE
C22orf31,-0.123841536614646,FALSE
FGF19,-0.123841536614646,FALSE
IGKV1D-13,-0.123841536614646,FALSE
CXorf48,0.123841536614646,FALSE
NCRNA00249,-0.123841536614646,FALSE
GDNF,-0.12374549819928,FALSE
TKT,0.12374549819928,FALSE
TCOF1,-0.12374549819928,FALSE
MED10,0.12374549819928,FALSE
LOC645434,0.123649459783914,FALSE
FNDC3B,-0.123649459783914,FALSE
NTF4,-0.123649459783914,FALSE
C1orf126,0.123649459783914,FALSE
PCDHGA8,-0.123649459783914,FALSE
PCID2,0.123649459783914,FALSE
WNT6,0.123649459783914,FALSE
DCK,-0.123553421368547,FALSE
KRBA2,0.123553421368547,FALSE
LOC100130433,-0.123553421368547,FALSE
ZSCAN5D,0.123553421368547,FALSE
MBL1P,0.123553421368547,FALSE
BAIAP2,-0.123457382953181,FALSE
TRAPPC6A,0.123457382953181,FALSE
MGC50722,-0.123457382953181,FALSE
YWHAH,-0.123457382953181,FALSE
CHCHD10,0.123361344537815,FALSE
MID1,0.123361344537815,FALSE
HSBP1L1,0.123361344537815,FALSE
C9orf29,-0.123361344537815,FALSE
LOC100131719,-0.123361344537815,FALSE
SLC30A8,-0.123361344537815,FALSE
PEX5L,0.123361344537815,FALSE
MRGPRE,-0.123265306122449,FALSE
SPRYD4,-0.123265306122449,FALSE
SLC12A3,0.123265306122449,FALSE
C15orf60,0.123265306122449,FALSE
TRIM40,-0.123265306122449,FALSE
LOC100128792,-0.123265306122449,FALSE
LIX1,-0.123169267707083,FALSE
GSTK1,-0.123169267707083,FALSE
MLK7-AS1,-0.123169267707083,FALSE
ZFP42,-0.123073229291717,TRUE
ITGA4,-0.123073229291717,FALSE
PSMD10,0.123073229291717,FALSE
MEF2C,-0.123073229291717,TRUE
ACOT8,-0.123073229291717,FALSE
KLHL25,0.123073229291717,FALSE
C5orf41,0.123073229291717,FALSE
LILRA4,0.123073229291717,FALSE
BAG1,-0.122977190876351,FALSE
KCNIP4-IT1,0.122977190876351,FALSE
APEX1,0.122977190876351,FALSE
C20orf111,0.122977190876351,FALSE
ATP6V1E1,0.122977190876351,FALSE
C3orf67,-0.122977190876351,FALSE
TSSK4,-0.122977190876351,FALSE
LATS2,0.122881152460984,FALSE
GPC2,-0.122881152460984,FALSE
ZNF487P,-0.122881152460984,FALSE
GPR68,-0.122881152460984,FALSE
LOC643714,-0.122881152460984,FALSE
PPIAL4G,0.122785114045618,FALSE
TNFAIP8,-0.122785114045618,FALSE
ICAM4,-0.122689075630252,FALSE
PHF12,0.122689075630252,FALSE
ANKRD10,-0.122689075630252,FALSE
TAPBP,0.122689075630252,FALSE
FAM181B,0.122689075630252,FALSE
F8A2,0.122689075630252,FALSE
TOB2P1,0.122689075630252,FALSE
COL4A5,0.122689075630252,FALSE
LRRC1,-0.122593037214886,FALSE
SERPINB1,-0.122593037214886,FALSE
SH2D1A,0.122593037214886,FALSE
ZNF224,0.122593037214886,TRUE
ZNF622,0.122593037214886,FALSE
ZFP1,0.122593037214886,TRUE
ZNF37BP,0.122593037214886,FALSE
RPRM,-0.122593037214886,FALSE
PRAMEF3,-0.12249699879952,FALSE
LDHAL6B,-0.12249699879952,FALSE
SNRPB2,-0.12249699879952,FALSE
HTRA3,-0.12249699879952,FALSE
AMOT,-0.122400960384154,FALSE
IGSF11,-0.122400960384154,FALSE
ZNF169,-0.122400960384154,TRUE
CNOT1,-0.122400960384154,FALSE
MFF,-0.122400960384154,FALSE
HIGD2B,-0.122400960384154,FALSE
UBR2,0.122400960384154,FALSE
LINC00208,-0.122400960384154,FALSE
C2orf88,0.122304921968788,FALSE
LOC338620,-0.122304921968788,FALSE
HBP1,-0.122208883553421,TRUE
TMEM67,0.122208883553421,FALSE
NECAB2,0.122208883553421,FALSE
LOC100506639,0.122208883553421,FALSE
LOC286063,0.122208883553421,FALSE
ECI1,0.122112845138055,FALSE
TEX11,0.122112845138055,FALSE
KIAA0240,0.122112845138055,FALSE
OLFM2,0.122112845138055,FALSE
CRHR2,0.122112845138055,FALSE
RNASEL,-0.122112845138055,FALSE
C12orf66,-0.122016806722689,FALSE
CGGBP1,0.122016806722689,FALSE
ATRN,-0.122016806722689,FALSE
MGC16142,0.122016806722689,FALSE
KRTAP3-2,0.122016806722689,FALSE
S1PR1,0.121920768307323,FALSE
TMEM186,0.121920768307323,FALSE
BBS10,-0.121920768307323,FALSE
TAS2R10,0.121920768307323,FALSE
FLJ31715,0.121920768307323,FALSE
RAMP2,0.121824729891957,FALSE
FLJ45974,0.121824729891957,FALSE
GSG1,-0.121728691476591,FALSE
BDH2,-0.121728691476591,FALSE
BBS2,0.121728691476591,FALSE
CHRNB4,-0.121728691476591,FALSE
LOC388553,0.121632653061224,FALSE
TTI2,-0.121632653061224,FALSE
HDDC3,-0.121632653061224,FALSE
ALDH3B1,0.121632653061224,FALSE
ZNF182,0.121536614645858,TRUE
FHL3,0.121536614645858,FALSE
FAM86C2P,-0.121440576230492,FALSE
TRIM58,-0.121344537815126,FALSE
HEXA,-0.121344537815126,FALSE
LOC730961,-0.121344537815126,FALSE
ADAM29,-0.121344537815126,FALSE
AMMECR1,-0.12124849939976,FALSE
CREB3,-0.12124849939976,TRUE
FXYD5,0.12124849939976,FALSE
PARP2,-0.12124849939976,FALSE
MRPL28,-0.121152460984394,FALSE
ZNF703,-0.121152460984394,FALSE
GALNTL4,0.121152460984394,FALSE
PTPRT,0.121152460984394,FALSE
FUT7,-0.121056422569028,FALSE
STXBP4,-0.121056422569028,FALSE
FAM116A,0.121056422569028,FALSE
IRF2BPL,-0.121056422569028,FALSE
PTK7,-0.121056422569028,FALSE
C8orf42,0.121056422569028,FALSE
DHX15,0.121056422569028,FALSE
PRKCG,-0.120960384153661,FALSE
ITGAM,0.120960384153661,FALSE
CTNNBL1,0.120960384153661,FALSE
UTP14C,0.120960384153661,FALSE
LOC100169752,-0.120960384153661,FALSE
NPIPL3,0.120960384153661,FALSE
TPBG,-0.120864345738295,FALSE
CYP3A7,0.120864345738295,FALSE
FONG,-0.120864345738295,FALSE
C19orf69,0.120864345738295,FALSE
GPATCH1,0.120864345738295,FALSE
OR5K4,0.120864345738295,FALSE
LOC285972,-0.120864345738295,FALSE
ZNF770,-0.120768307322929,FALSE
ZNF426,0.120768307322929,TRUE
TAF8,0.120768307322929,FALSE
LOC100129463,-0.120768307322929,FALSE
NFKBIB,0.120768307322929,FALSE
SYP,0.120768307322929,FALSE
BARHL2,0.120768307322929,TRUE
C6orf204,-0.120768307322929,FALSE
CCNK,-0.120768307322929,FALSE
LOC100129408,0.120672268907563,FALSE
EXOC1,0.120672268907563,FALSE
PPBPL2,-0.120672268907563,FALSE
LOC100129113,-0.120672268907563,FALSE
DDX54,-0.120576230492197,FALSE
LTN1,0.120576230492197,FALSE
MDH1B,0.120576230492197,FALSE
FAM201A,0.120480192076831,FALSE
GORASP1,0.120480192076831,FALSE
C3orf64,0.120480192076831,FALSE
RP1L1,-0.120480192076831,FALSE
FAM192A,0.120480192076831,FALSE
SUFU,-0.120480192076831,FALSE
C9orf84,-0.120480192076831,FALSE
SOSTDC1,-0.120480192076831,FALSE
FAM19A1,-0.120384153661465,FALSE
RNASEK,-0.120384153661465,FALSE
RUNDC3A,0.120384153661465,FALSE
ADCY8,-0.120384153661465,FALSE
ZNF28,0.120288115246098,TRUE
KIAA1671,-0.120288115246098,FALSE
LOC728431,-0.120288115246098,FALSE
VENTXP7,0.120288115246098,FALSE
GPI,0.120288115246098,FALSE
COX8C,-0.120288115246098,FALSE
INE2,-0.120192076830732,FALSE
ATP11C,0.120192076830732,FALSE
FLJ38717,0.120192076830732,FALSE
LOC100131756,0.120192076830732,FALSE
CCRN4L,-0.120192076830732,FALSE
LOC100129936,0.120192076830732,FALSE
C7orf52,-0.120192076830732,FALSE
ENPP2,-0.120096038415366,FALSE
AIG1,-0.120096038415366,FALSE
ARL11,-0.120096038415366,FALSE
KIAA1107,0.120096038415366,FALSE
LOC338963,-0.12,FALSE
DNAJB8,-0.12,FALSE
C15orf55,-0.12,FALSE
UBE2B,0.12,FALSE
INTS10,0.12,FALSE
C19orf45,-0.12,FALSE
ZNF705G,-0.119903961584634,TRUE
GCC2,0.119903961584634,FALSE
MLLT1,0.119903961584634,FALSE
RHOU,0.119903961584634,FALSE
ZNF493,0.119903961584634,TRUE
OR1J1,0.119903961584634,FALSE
CNGA2,-0.119903961584634,FALSE
NOXO1,0.119903961584634,FALSE
ZSWIM1,-0.119903961584634,FALSE
FBXO47,-0.119807923169268,FALSE
TMEM120B,0.119807923169268,FALSE
KIF25,-0.119807923169268,FALSE
OR2T6,0.119807923169268,FALSE
CADM4,-0.119807923169268,FALSE
KRT3,-0.119807923169268,FALSE
CNN1,0.119807923169268,FALSE
FKSG83,0.119807923169268,FALSE
ABO,0.119711884753902,FALSE
NUP210P1,0.119711884753902,FALSE
CST2,-0.119711884753902,FALSE
KBTBD3,-0.119711884753902,FALSE
ARHGAP32,-0.119711884753902,FALSE
ACVR1,-0.119615846338535,FALSE
ERVFRD-1,0.119615846338535,FALSE
TSPAN33,0.119615846338535,FALSE
DPP4,-0.119615846338535,FALSE
ITGB8,0.119519807923169,FALSE
ZP4,0.119519807923169,FALSE
PXMP2,-0.119519807923169,FALSE
KRT18P55,0.119519807923169,FALSE
C1orf81,-0.119519807923169,FALSE
KCTD8,0.119423769507803,FALSE
KBTBD11,0.119423769507803,FALSE
FLJ46257,-0.119423769507803,FALSE
B3GNT6,-0.119423769507803,FALSE
FLJ31662,0.119423769507803,FALSE
MBTD1,0.119423769507803,FALSE
AP1G1,0.119423769507803,FALSE
NOS3,0.119423769507803,FALSE
PTCD3,-0.119327731092437,FALSE
PPP1R26,-0.119327731092437,FALSE
IGFL3,0.119327731092437,FALSE
SIAH3,0.119327731092437,FALSE
LOC100129048,0.119231692677071,FALSE
LOC401433,0.119231692677071,FALSE
CCNH,-0.119231692677071,FALSE
SHROOM2,-0.119231692677071,FALSE
PRSS54,-0.119231692677071,FALSE
ZBTB34,0.119231692677071,TRUE
TRIM54,-0.119231692677071,FALSE
HYMAI,0.119231692677071,FALSE
LOC440970,-0.119231692677071,FALSE
PAR1,0.119231692677071,FALSE
AQP9,0.119135654261705,FALSE
ARPP21,0.119135654261705,FALSE
CHST10,-0.119135654261705,FALSE
DKFZP434H168,0.119135654261705,FALSE
OR6N1,-0.119135654261705,FALSE
KLHL7,-0.119039615846339,FALSE
SCAF8,0.119039615846339,FALSE
KPNB1,-0.119039615846339,FALSE
PAQR8,-0.119039615846339,TRUE
KIAA0895,0.119039615846339,FALSE
UBE2N,0.119039615846339,FALSE
OR1F1,-0.119039615846339,FALSE
RFX6,0.118943577430972,TRUE
MRPL16,-0.118943577430972,FALSE
RPS6KB1,0.118943577430972,FALSE
NANOS2,0.118943577430972,FALSE
KRTAP6-1,-0.118943577430972,FALSE
AGRP,0.118943577430972,FALSE
DDX50,0.118847539015606,FALSE
LOC100270710,0.118847539015606,FALSE
PRAMEL,0.118847539015606,FALSE
CSMD2,0.11875150060024,FALSE
POLR2A,0.11875150060024,FALSE
NRIP2,0.11875150060024,FALSE
CTNNAL1,-0.11875150060024,FALSE
PSMA5,-0.11875150060024,FALSE
BK250D10.8,-0.11875150060024,FALSE
AK7,0.11875150060024,FALSE
MS4A5,-0.11875150060024,FALSE
DNLZ,-0.118655462184874,FALSE
ZNF273,-0.118655462184874,TRUE
TREH,-0.118655462184874,FALSE
LMAN2,0.118655462184874,FALSE
OR1A1,0.118655462184874,FALSE
LOC440117,0.118655462184874,FALSE
CDRT15L2,-0.118559423769508,FALSE
MCAT,-0.118559423769508,FALSE
OR52N2,-0.118559423769508,FALSE
UQCRB,0.118559423769508,FALSE
POTEM,0.118559423769508,FALSE
ARMC4,-0.118559423769508,FALSE
ALDH3A2,0.118463385354142,FALSE
SENP7,-0.118463385354142,FALSE
SMUG1,-0.118463385354142,FALSE
CAMKV,0.118463385354142,FALSE
JAG1,0.118463385354142,FALSE
C14orf128,0.118463385354142,FALSE
MBD3L2,0.118463385354142,FALSE
TCF24,-0.118367346938776,TRUE
C7orf30,0.118367346938776,FALSE
LOC780529,-0.118367346938776,FALSE
BSND,-0.118367346938776,FALSE
NFKBIA,-0.118367346938776,FALSE
A1CF,-0.118367346938776,FALSE
AHSG,-0.118367346938776,FALSE
PDX1,-0.118271308523409,TRUE
CYP4F11,0.118271308523409,FALSE
RAD23A,-0.118271308523409,FALSE
TUBA3D,-0.118271308523409,FALSE
GSS,0.118271308523409,FALSE
VSIG10,0.118271308523409,FALSE
LOC147004,-0.118271308523409,FALSE
CEACAM20,-0.118271308523409,FALSE
LOC100131792,-0.118271308523409,FALSE
FAM66A,-0.118175270108043,FALSE
INTS8,-0.118175270108043,FALSE
LIMS3-LOC440895,0.118175270108043,FALSE
FAM82A1,-0.118175270108043,FALSE
PLS3,0.118175270108043,FALSE
LOC643406,-0.118079231692677,FALSE
RDM1,-0.118079231692677,FALSE
MTF1,0.118079231692677,TRUE
C3orf74,0.118079231692677,FALSE
BLNK,0.118079231692677,FALSE
C1orf105,-0.118079231692677,FALSE
L1TD1,-0.117983193277311,FALSE
COL7A1,-0.117983193277311,FALSE
CA14,-0.117983193277311,FALSE
DZANK1,0.117983193277311,FALSE
UCA1,-0.117983193277311,FALSE
LOC100128657,0.117983193277311,FALSE
LOC100128670,0.117983193277311,FALSE
PRDM12,0.117983193277311,TRUE
HHLA2,-0.117887154861945,FALSE
SRGAP2P2,-0.117887154861945,FALSE
ZNF80,-0.117887154861945,TRUE
C18orf55,-0.117887154861945,FALSE
CIB1,-0.117887154861945,FALSE
KCNJ4,-0.117887154861945,FALSE
CD1A,-0.117887154861945,FALSE
HEPHL1,-0.117887154861945,FALSE
TBX22,0.117791116446579,TRUE
TOP1,-0.117791116446579,FALSE
SCFD1,-0.117791116446579,FALSE
C20orf54,-0.117791116446579,FALSE
C3orf51,0.117791116446579,FALSE
CD22,0.117791116446579,FALSE
ZSWIM3,0.117791116446579,FALSE
SKIL,-0.117695078031212,TRUE
C9orf142,0.117695078031212,FALSE
SESN2,-0.117695078031212,FALSE
ZNF532,-0.117695078031212,TRUE
SAT2,0.117695078031212,FALSE
G3BP2,-0.117695078031212,FALSE
PCA3,-0.117695078031212,FALSE
OR56A3,-0.117695078031212,FALSE
LOC388813,-0.117599039615846,FALSE
CEP128,-0.117599039615846,FALSE
KIAA0408,0.117599039615846,FALSE
LINC00311,-0.117599039615846,FALSE
SNORA46,0.117599039615846,FALSE
HCAR1,0.11750300120048,FALSE
CNTN5,0.11750300120048,FALSE
DHRS4L2,-0.11750300120048,FALSE
PRKRA,-0.11750300120048,FALSE
SLC39A3,-0.11750300120048,FALSE
UBE2L6,-0.11750300120048,FALSE
SPAG4,-0.117406962785114,FALSE
PHF17,-0.117406962785114,FALSE
SNUPN,0.117406962785114,FALSE
LOC100130701,0.117406962785114,FALSE
PTER,-0.117406962785114,FALSE
SLC43A1,0.117310924369748,FALSE
CCDC77,-0.117310924369748,FALSE
ADCK2,0.117310924369748,FALSE
DDI1,0.117310924369748,FALSE
PTPRO,-0.117214885954382,FALSE
LOC100128840,0.117214885954382,FALSE
PBXIP1,0.117214885954382,FALSE
CAMK2N1,-0.117214885954382,FALSE
PFKFB4,-0.117214885954382,FALSE
OR4C46,0.117214885954382,FALSE
GRIK5,0.117214885954382,FALSE
BLOC1S3,-0.117118847539016,FALSE
LOC402160,-0.117118847539016,FALSE
CAPN9,-0.117118847539016,FALSE
MAGEA8,0.117118847539016,FALSE
LOC100130849,0.117022809123649,FALSE
PPP4R1,0.117022809123649,FALSE
MYC,-0.117022809123649,TRUE
SLC17A4,-0.117022809123649,FALSE
RBM4B,0.117022809123649,FALSE
PLAC8,0.116926770708283,FALSE
SHOC2,-0.116926770708283,FALSE
LINC00410,-0.116926770708283,FALSE
CEP250,0.116926770708283,FALSE
CPN1,-0.116926770708283,FALSE
ZDHHC1,-0.116926770708283,FALSE
KRTAP4-9,-0.116926770708283,FALSE
PNMA2,-0.116830732292917,FALSE
HHAT,0.116830732292917,FALSE
EXOG,0.116830732292917,FALSE
KDSR,0.116830732292917,FALSE
C10orf32,-0.116734693877551,FALSE
EHHADH,-0.116734693877551,FALSE
FIS1,0.116734693877551,FALSE
GCNT1,-0.116734693877551,FALSE
BTBD17,0.116734693877551,FALSE
UROS,-0.116638655462185,FALSE
SRPK1,-0.116638655462185,FALSE
TMEM51,0.116638655462185,FALSE
BIRC6,0.116638655462185,FALSE
IL13RA2,-0.116542617046819,FALSE
CDRT7,-0.116542617046819,FALSE
IL5RA,0.116542617046819,FALSE
NDST3,-0.116542617046819,FALSE
RNF103,0.116542617046819,FALSE
TAS2R43,0.116542617046819,FALSE
LOC338758,0.116542617046819,FALSE
LOC646851,0.116542617046819,FALSE
CPS1-IT1,-0.116542617046819,FALSE
EAF2,-0.116446578631453,FALSE
IFRD1,0.116446578631453,FALSE
DUSP14,-0.116446578631453,FALSE
FLJ23152,-0.116446578631453,FALSE
CEACAM5,-0.116446578631453,FALSE
CCT3,0.116350540216086,FALSE
ARL4A,0.116350540216086,FALSE
TPPP,0.116350540216086,FALSE
LYZL4,0.116350540216086,FALSE
SH2D2A,-0.11625450180072,FALSE
C9orf131,-0.11625450180072,FALSE
RHBDD1,-0.11625450180072,FALSE
MID2,-0.11625450180072,FALSE
C14orf21,-0.11625450180072,FALSE
GALNTL5,0.116158463385354,FALSE
C7orf34,-0.116158463385354,FALSE
ABLIM2,-0.116158463385354,FALSE
ZNF488,0.116158463385354,FALSE
C7orf49,0.116158463385354,FALSE
ATP8B4,0.116158463385354,FALSE
EXD1,-0.116158463385354,FALSE
CYB5A,0.116062424969988,FALSE
TUBBP5,-0.116062424969988,FALSE
KIAA0087,0.116062424969988,FALSE
TFAM,0.116062424969988,FALSE
LOC84989,0.116062424969988,FALSE
ZADH2,0.116062424969988,FALSE
B3GALTL,-0.116062424969988,FALSE
LINC00238,-0.116062424969988,FALSE
SOCS6,-0.116062424969988,FALSE
LINC00320,-0.115966386554622,FALSE
DKFZP686I15217,0.115966386554622,FALSE
ZBTB25,0.115966386554622,TRUE
DEFB128,-0.115966386554622,FALSE
CHPF2,0.115966386554622,FALSE
CD1C,0.115966386554622,FALSE
OR8B2,0.115870348139256,FALSE
CAPRIN1,-0.115870348139256,FALSE
C5orf47,-0.115870348139256,FALSE
IFI35,0.115870348139256,FALSE
HHEX,0.115870348139256,TRUE
C9orf169,0.115870348139256,FALSE
ZBTB33,0.115870348139256,TRUE
C6orf130,0.11577430972389,FALSE
CHRM2,-0.11577430972389,FALSE
TXNDC3,-0.11577430972389,FALSE
ANKLE1,0.115678271308523,FALSE
ATMIN,-0.115678271308523,TRUE
IGBP1,-0.115678271308523,FALSE
MTCP1,0.115678271308523,FALSE
MRPS34,-0.115582232893157,FALSE
SLC9A6,-0.115582232893157,FALSE
LINC00263,-0.115582232893157,FALSE
C17orf85,0.115582232893157,FALSE
INSM2,-0.115582232893157,TRUE
ZNF625,-0.115486194477791,TRUE
C7orf60,-0.115486194477791,FALSE
LOC100133308,-0.115486194477791,FALSE
TCEA1,-0.115486194477791,FALSE
METTL14,0.115486194477791,FALSE
FLJ42842,-0.115390156062425,FALSE
LRG1,0.115390156062425,FALSE
PRAMEF4,0.115390156062425,FALSE
FGF9,0.115390156062425,FALSE
LOC100129449,0.115390156062425,FALSE
ZIC5,-0.115390156062425,TRUE
MTRR,-0.115390156062425,FALSE
IL17RB,-0.115390156062425,FALSE
YIPF6,0.115390156062425,FALSE
ITGA2,-0.115390156062425,FALSE
LOC100133331,-0.115294117647059,FALSE
C6orf123,-0.115294117647059,FALSE
KCNE3,0.115294117647059,FALSE
TTTY4C,-0.115198079231693,FALSE
LOC100127946,-0.115198079231693,FALSE
NANP,-0.115198079231693,FALSE
LOC100127886,-0.115102040816327,FALSE
ELF5,0.115102040816327,TRUE
ERN2,0.11500600240096,FALSE
COBLL1,0.11500600240096,FALSE
LOC81691,-0.11500600240096,FALSE
ATXN7L2,-0.11500600240096,FALSE
FBXO10,0.11500600240096,FALSE
PCGF1,0.11500600240096,FALSE
CPSF6,-0.11500600240096,FALSE
TCTE1,-0.11500600240096,FALSE
LOC643711,0.11500600240096,FALSE
CACNG5,-0.11500600240096,FALSE
LOC442028,0.11500600240096,FALSE
PCDH9,-0.114909963985594,FALSE
GYG1,-0.114909963985594,FALSE
ZNF649,0.114909963985594,TRUE
RHOJ,-0.114909963985594,FALSE
ELF4,0.114909963985594,TRUE
B3GALT1,0.114909963985594,FALSE
TNFRSF19,-0.114909963985594,FALSE
TMEM175,0.114909963985594,FALSE
EHF,-0.114909963985594,TRUE
TAGLN3,-0.114909963985594,FALSE
C17orf39,-0.114813925570228,FALSE
SPI1,-0.114813925570228,TRUE
CEP63,-0.114813925570228,FALSE
GTF3C3,0.114813925570228,FALSE
ZNF718,-0.114813925570228,TRUE
APBB2,0.114717887154862,FALSE
FLCN,-0.114717887154862,FALSE
BECN1,-0.114717887154862,FALSE
CPSF7,0.114717887154862,FALSE
LOC283854,-0.114717887154862,FALSE
RAB3B,-0.114717887154862,FALSE
ART5,-0.114717887154862,FALSE
LDOC1,-0.114717887154862,FALSE
REG1B,-0.114717887154862,FALSE
SLC35G3,-0.114621848739496,FALSE
PGRMC2,-0.114621848739496,TRUE
RPP25,-0.114621848739496,FALSE
C7orf33,0.11452581032413,FALSE
CALCA,-0.11452581032413,FALSE
CTNNA2,-0.11452581032413,FALSE
LOC100128001,0.114429771908764,FALSE
HIRIP3,0.114429771908764,FALSE
MYO1C,0.114429771908764,FALSE
LOC100128281,0.114429771908764,FALSE
PHF23,0.114333733493397,FALSE
ERP27,0.114333733493397,FALSE
DTX3,0.114333733493397,FALSE
PCDHA8,0.114333733493397,FALSE
TTTY3,0.114333733493397,FALSE
NR4A3,0.114237695078031,TRUE
GPRC5A,0.114237695078031,FALSE
MRPL18,-0.114237695078031,FALSE
FAM83C,-0.114237695078031,FALSE
WFDC2,-0.114141656662665,FALSE
TRAPPC2P1,0.114141656662665,FALSE
LOC388152,0.114141656662665,FALSE
EGF,-0.114141656662665,FALSE
ABCG4,-0.114141656662665,FALSE
TNFRSF21,0.114045618247299,FALSE
HHIP,-0.114045618247299,FALSE
NDUFV3,-0.114045618247299,FALSE
DFNB31,0.114045618247299,FALSE
GPATCH2,-0.114045618247299,FALSE
LOC283404,-0.113949579831933,FALSE
HEATR2,0.113949579831933,FALSE
BSX,-0.113949579831933,TRUE
SYNRG,-0.113853541416567,FALSE
C16orf46,0.113853541416567,FALSE
EXOC8,-0.113853541416567,FALSE
ACTG1,0.113853541416567,FALSE
PPP1R1B,0.113853541416567,FALSE
LOC100128054,0.113757503001201,FALSE
C1orf174,-0.113757503001201,FALSE
TIAM1,-0.113757503001201,FALSE
SUN3,-0.113757503001201,FALSE
IL12B,-0.113757503001201,FALSE
PRO2214,0.113757503001201,FALSE
CRISP1,0.113661464585834,FALSE
ATP2B3,-0.113661464585834,FALSE
ABI1,0.113661464585834,FALSE
LY6D,-0.113661464585834,FALSE
LOC729175,-0.113661464585834,FALSE
LOC285501,-0.113661464585834,FALSE
C11orf51,-0.113565426170468,FALSE
PHF14,0.113565426170468,FALSE
MTHFSD,0.113565426170468,FALSE
RAB9B,-0.113565426170468,FALSE
METTL21CP1,-0.113565426170468,FALSE
ANKRD19P,0.113469387755102,FALSE
GJA8,-0.113469387755102,FALSE
LOC729080,0.113469387755102,FALSE
ZBTB40,-0.113373349339736,TRUE
CACNA1B,-0.113373349339736,FALSE
CTH,-0.113373349339736,FALSE
AIM1L,-0.113373349339736,FALSE
AURKAIP1,-0.113373349339736,FALSE
C8orf71,-0.113373349339736,FALSE
SCCPDH,-0.113373349339736,FALSE
PRKD3,-0.113373349339736,FALSE
MYBPHL,0.113373349339736,FALSE
LOC730139,-0.113373349339736,FALSE
MAP2,-0.113373349339736,FALSE
NOX1,0.11327731092437,FALSE
HSPB11,-0.11327731092437,FALSE
USP36,-0.11327731092437,FALSE
PIP5K1B,0.11327731092437,FALSE
OR1F2P,-0.11327731092437,FALSE
CERS4,0.11327731092437,FALSE
LOC400743,0.11327731092437,FALSE
PROM1,-0.113181272509004,FALSE
MXD4,0.113181272509004,TRUE
PGPEP1L,0.113181272509004,FALSE
BAIAP2L2,-0.113181272509004,FALSE
RAB2B,-0.113181272509004,FALSE
KIAA0513,-0.113085234093637,FALSE
GNAS-AS1,0.113085234093637,FALSE
RINT1,-0.113085234093637,FALSE
FAM63B,0.113085234093637,FALSE
SERPINB13,-0.113085234093637,FALSE
ASB5,-0.113085234093637,FALSE
LOC400541,0.112989195678271,FALSE
ECHS1,0.112989195678271,FALSE
TTC30A,0.112989195678271,FALSE
OR2AT4,0.112989195678271,FALSE
MAPK15,0.112893157262905,FALSE
ZNF208,0.112893157262905,FALSE
ABHD15,0.112893157262905,FALSE
LRCH3,0.112893157262905,FALSE
TINF2,-0.112893157262905,FALSE
PAX3,-0.112893157262905,TRUE
TRIM23,0.112893157262905,FALSE
RNF5,0.112893157262905,FALSE
LOC100133091,0.112797118847539,FALSE
YKT6,0.112797118847539,FALSE
LGALS2,0.112797118847539,FALSE
C1orf172,0.112701080432173,FALSE
BAHD1,0.112701080432173,FALSE
ZCCHC5,-0.112701080432173,FALSE
LOC100131208,-0.112701080432173,FALSE
TCL1A,-0.112605042016807,FALSE
AFF1,-0.112605042016807,FALSE
ZNF673,0.112605042016807,FALSE
SLC31A1,0.112605042016807,FALSE
THAP9,-0.112605042016807,FALSE
SLAMF6,0.112605042016807,FALSE
LINC00271,0.112605042016807,FALSE
PDPR,0.112509003601441,FALSE
RASSF8,-0.112509003601441,FALSE
MSLN,-0.112509003601441,FALSE
LOC100287792,-0.112509003601441,FALSE
IER5L,-0.112509003601441,FALSE
LOC284933,-0.112509003601441,FALSE
HERC2P4,0.112509003601441,FALSE
SPANXB2,0.112412965186074,FALSE
ZNF526,0.112412965186074,FALSE
EPN2,0.112412965186074,FALSE
SFTPA1,-0.112412965186074,FALSE
ZNF818P,-0.112316926770708,TRUE
INHA,0.112316926770708,FALSE
ZMYM4,0.112220888355342,FALSE
RFWD2,-0.112220888355342,FALSE
FLJ44087,-0.112124849939976,FALSE
CTNNBIP1,-0.112124849939976,FALSE
INO80B,-0.112124849939976,FALSE
KIAA0895L,0.112124849939976,FALSE
PBX3,-0.112124849939976,TRUE
ZNF430,0.112124849939976,TRUE
LOC285441,-0.112124849939976,FALSE
SLC5A2,-0.112124849939976,FALSE
LINC00301,0.112124849939976,FALSE
ZNF256,0.11202881152461,TRUE
SERTAD3,0.11202881152461,FALSE
LOC400128,-0.11202881152461,FALSE
PCSK6,-0.111932773109244,FALSE
ZNF542,-0.111932773109244,FALSE
CEP89,-0.111932773109244,FALSE
LOC643650,0.111932773109244,FALSE
DEFB103A,0.111932773109244,FALSE
DUOX2,-0.111932773109244,FALSE
GJD4,-0.111836734693878,FALSE
OR4N3P,-0.111836734693878,FALSE
VPS37A,-0.111836734693878,FALSE
SNAPC3,0.111836734693878,FALSE
STRN,-0.111836734693878,FALSE
C2CD4D,0.111836734693878,FALSE
THEM5,0.111740696278511,FALSE
C9orf135,-0.111740696278511,FALSE
OC90,0.111740696278511,FALSE
ANKRD54,-0.111740696278511,FALSE
ITIH1,-0.111740696278511,FALSE
TRIM77P,-0.111740696278511,FALSE
TCF7L2,-0.111644657863145,TRUE
FZD2,-0.111644657863145,FALSE
HIBCH,0.111644657863145,FALSE
CXCL5,0.111644657863145,FALSE
SUSD5,-0.111644657863145,FALSE
KIAA0825,-0.111548619447779,FALSE
LOC151174,-0.111548619447779,FALSE
SLFNL1,-0.111548619447779,FALSE
UCK1,0.111548619447779,FALSE
LOC440600,-0.111548619447779,FALSE
INA,0.111548619447779,FALSE
OR4K17,-0.111548619447779,FALSE
ACSS3,0.111452581032413,FALSE
LYRM1,0.111452581032413,FALSE
KRTAP12-1,0.111452581032413,FALSE
ATP1A1,-0.111356542617047,FALSE
ZNF614,-0.111356542617047,TRUE
POLK,0.111356542617047,FALSE
AXDND1,0.111356542617047,FALSE
LEKR1,0.111356542617047,FALSE
TNR,-0.111356542617047,FALSE
LOC338579,-0.111356542617047,FALSE
F2RL3,0.111260504201681,FALSE
SLC39A10,-0.111260504201681,FALSE
CRYL1,-0.111260504201681,FALSE
LOC729187,-0.111260504201681,FALSE
DEFB113,-0.111260504201681,FALSE
SLA,0.111164465786315,FALSE
OR11L1,-0.111164465786315,FALSE
SBDS,-0.111164465786315,FALSE
C9orf129,-0.111164465786315,FALSE
P2RY1,-0.111164465786315,FALSE
EIF2AK3,-0.111164465786315,FALSE
ERGIC2,-0.111164465786315,FALSE
CYP26C1,-0.111164465786315,FALSE
CFC1,-0.111164465786315,FALSE
ITPK1-AS1,0.111164465786315,FALSE
H2AFY2,-0.111068427370948,FALSE
IFIH1,-0.111068427370948,FALSE
EEF1D,-0.111068427370948,FALSE
LGR5,-0.111068427370948,FALSE
LOC400684,-0.111068427370948,FALSE
IL29,0.111068427370948,FALSE
XIRP1,-0.111068427370948,FALSE
SNAP25,-0.111023073815286,FALSE
MTX3,-0.110972388955582,FALSE
SVIP,0.110972388955582,FALSE
TRIM49,-0.110972388955582,FALSE
BTBD16,-0.110876350540216,FALSE
GBP2,0.110876350540216,FALSE
RASL11A,-0.11078031212485,FALSE
CDKL1,0.11078031212485,FALSE
OLAH,0.110684273709484,FALSE
MGC34034,0.110684273709484,FALSE
USP30,0.110684273709484,FALSE
HELT,-0.110684273709484,TRUE
MARCH11,0.110684273709484,FALSE
SPINK14,-0.110684273709484,FALSE
LOC100130557,-0.110588235294118,FALSE
TCEB3,0.110588235294118,FALSE
TTI1,0.110588235294118,FALSE
ZNF271,-0.110588235294118,FALSE
PER3,-0.110492196878751,FALSE
RALBP1,0.110492196878751,FALSE
RUFY1,0.110492196878751,FALSE
HCRT,0.110492196878751,FALSE
RGS12,-0.110396158463385,FALSE
OR2T12,0.110396158463385,FALSE
RBPJL,-0.110396158463385,TRUE
HMGXB3,0.110396158463385,FALSE
SPIN3,-0.110300120048019,FALSE
DCC,-0.110300120048019,FALSE
TBC1D10A,0.110300120048019,FALSE
BHLHB9,-0.110300120048019,FALSE
PRKG2,-0.110300120048019,FALSE
PLCB3,0.110204081632653,FALSE
SPRR2E,-0.110204081632653,FALSE
C6orf154,0.110108043217287,FALSE
ZBTB20,0.110108043217287,TRUE
FAM66D,0.110108043217287,FALSE
SIGLEC1,0.110108043217287,FALSE
FGF7,0.110108043217287,FALSE
RGS3,0.110012004801921,FALSE
DKFZP547J0410,0.110012004801921,FALSE
CIAPIN1,-0.110012004801921,FALSE
RAB9A,0.110012004801921,FALSE
TDP1,-0.110012004801921,FALSE
SSB,-0.109915966386555,FALSE
SLC22A2,-0.109915966386555,FALSE
FBXL13,-0.109915966386555,FALSE
FBXW11,0.109915966386555,FALSE
TBC1D24,0.109915966386555,FALSE
CACNG6,-0.109915966386555,FALSE
LOC100506128,0.109915966386555,FALSE
KRTAP1-1,-0.109915966386555,FALSE
S1PR4,0.109819927971188,FALSE
C15orf39,0.109819927971188,FALSE
LRGUK,-0.109819927971188,FALSE
LOC100129869,-0.109723889555822,FALSE
DENND4A,0.109723889555822,FALSE
OR10Z1,-0.109723889555822,FALSE
C1QTNF7,-0.109723889555822,FALSE
OAZ3,-0.109627851140456,FALSE
SLC16A10,-0.109627851140456,FALSE
ZNF286A,-0.109627851140456,TRUE
TTC34,0.109627851140456,FALSE
CCL22,-0.10953181272509,FALSE
CD3E,0.10953181272509,FALSE
PITPNM3,0.10953181272509,FALSE
TGFA,-0.10953181272509,FALSE
RDH12,0.10953181272509,FALSE
SLC38A2,-0.109435774309724,FALSE
GFI1B,0.109435774309724,TRUE
POU2F2,-0.109435774309724,TRUE
C7orf10,-0.109435774309724,FALSE
KCND1,0.109435774309724,FALSE
KRT37,-0.109435774309724,FALSE
JAK2,0.109339735894358,FALSE
KIF21B,0.109339735894358,FALSE
ZFHX3,0.109339735894358,TRUE
APOA1,-0.109339735894358,FALSE
ARL10,-0.109339735894358,FALSE
LOC729178,-0.109339735894358,FALSE
FAM26F,0.109243697478992,FALSE
BTN1A1,0.109243697478992,FALSE
AMIGO2,0.109243697478992,FALSE
IL8,-0.109147659063625,FALSE
PAPD4,0.109147659063625,FALSE
ACP6,0.109147659063625,FALSE
DAOA-AS1,-0.109147659063625,FALSE
CHAF1A,-0.109051620648259,FALSE
TMEM202,-0.109051620648259,FALSE
ZC3H13,0.109051620648259,FALSE
DGCR6L,0.109051620648259,FALSE
KCTD20,0.109051620648259,FALSE
LOC730811,0.109051620648259,FALSE
S100G,-0.109051620648259,FALSE
AHSP,0.108955582232893,FALSE
NDP,-0.108955582232893,FALSE
ZNF385D,0.108955582232893,FALSE
ISLR2,-0.108955582232893,FALSE
ING2,-0.108955582232893,FALSE
LMX1A,-0.108955582232893,TRUE
PCMTD1,0.108955582232893,FALSE
OBFC1,-0.108859543817527,FALSE
TMEM111,0.108859543817527,FALSE
AMFR,0.108859543817527,FALSE
PQLC3,-0.108859543817527,FALSE
SENP6,0.108859543817527,FALSE
USP28,0.108859543817527,FALSE
C8orf37,-0.108763505402161,FALSE
GUCY2F,-0.108667466986795,FALSE
SLC25A45,-0.108667466986795,FALSE
AKAP3,-0.108667466986795,FALSE
FNTB,0.108571428571429,FALSE
CTR9,0.108571428571429,FALSE
ZNF847P,0.108571428571429,FALSE
PHKA1,0.108571428571429,FALSE
RAB39B,0.108571428571429,FALSE
OCLM,-0.108475390156062,FALSE
WTH3DI,0.108475390156062,FALSE
EMID2,-0.108475390156062,FALSE
APLN,-0.108475390156062,FALSE
CLCA4,-0.108475390156062,FALSE
ZNF259,-0.108379351740696,FALSE
LOC340515,-0.108379351740696,FALSE
UBE2H,-0.108379351740696,FALSE
PUM2,-0.108379351740696,FALSE
C16orf72,-0.108379351740696,FALSE
PLSCR3,0.108379351740696,FALSE
LOC100132593,-0.108379351740696,FALSE
FAM171A2,0.108379351740696,FALSE
OGDHL,-0.108379351740696,FALSE
OSGIN2,-0.108379351740696,FALSE
HLA-C,0.10828331332533,FALSE
ESX1,-0.10828331332533,TRUE
NR4A2,0.10828331332533,TRUE
C17orf58,0.10828331332533,FALSE
LINC00158,-0.10828331332533,FALSE
RANBP6,-0.108187274909964,FALSE
CEP112,0.108187274909964,FALSE
DAK,-0.108187274909964,FALSE
PELO,-0.108091236494598,FALSE
ZNF678,-0.108091236494598,TRUE
PRAMEF2,0.108091236494598,FALSE
SMPD2,0.108091236494598,FALSE
GSTO2,-0.108091236494598,FALSE
CSRNP3,-0.108091236494598,TRUE
FLJ42280,0.107995198079232,FALSE
LHPP,-0.107995198079232,FALSE
GABRA4,0.107899159663866,FALSE
CPLX2,-0.107899159663866,FALSE
HRCT1,0.107899159663866,FALSE
C6orf72,-0.107899159663866,FALSE
GBA3,-0.107899159663866,FALSE
SPDYA,-0.107899159663866,FALSE
SNORA55,-0.107899159663866,FALSE
PARP10,0.107803121248499,FALSE
ARHGAP23,-0.107803121248499,FALSE
GORASP2,-0.107803121248499,FALSE
TAAR6,-0.107803121248499,FALSE
GPR110,0.107707082833133,FALSE
DLX1,-0.107707082833133,TRUE
TPD52L1,0.107707082833133,FALSE
SIAH1,-0.107707082833133,FALSE
MKRN2,-0.107707082833133,FALSE
KIAA1609,-0.107707082833133,FALSE
LOC100128830,-0.107707082833133,FALSE
ZFP30,-0.107707082833133,TRUE
TRHDE,0.107707082833133,FALSE
RBM28,-0.107611044417767,FALSE
STAT1,0.107611044417767,TRUE
C6orf10,0.107611044417767,FALSE
CASS4,-0.107611044417767,FALSE
LOC100132292,0.107611044417767,FALSE
SLC32A1,-0.107611044417767,FALSE
TBPL2,-0.107515006002401,FALSE
TCTEX1D1,0.107515006002401,FALSE
LOC100507747,-0.107515006002401,FALSE
ACBD6,-0.107515006002401,FALSE
MYBPC3,0.107515006002401,FALSE
ITSN2,0.107515006002401,FALSE
PAPSS2,-0.107515006002401,FALSE
NT5C,0.107418967587035,FALSE
PLEKHG7,0.107418967587035,FALSE
DNAJB9,-0.107322929171669,FALSE
CHORDC1,-0.107322929171669,FALSE
ZNF391,0.107322929171669,TRUE
LRRC14,0.107322929171669,FALSE
FLJ30403,0.107322929171669,FALSE
C11orf34,-0.107322929171669,FALSE
LOC100128288,-0.107322929171669,FALSE
CXCR1,-0.107226890756303,FALSE
CEP164,-0.107226890756303,FALSE
CRYZL1,0.107226890756303,FALSE
IQCF1,0.107226890756303,FALSE
TRIM16L,0.107226890756303,FALSE
TPI1P2,-0.107226890756303,FALSE
GAFA2,-0.107226890756303,FALSE
SDHB,0.107226890756303,FALSE
PGK2,0.107226890756303,FALSE
OLFML3,0.107226890756303,FALSE
POLR1A,-0.107130852340936,FALSE
RPL4,0.107130852340936,FALSE
GZMB,0.107130852340936,FALSE
FGF16,-0.107130852340936,FALSE
C20orf27,0.10703481392557,FALSE
LOC100130348,-0.10703481392557,FALSE
SLC12A9,0.10703481392557,FALSE
LOC339316,-0.10703481392557,FALSE
GCG,0.10703481392557,FALSE
LOC221814,-0.10703481392557,FALSE
VWA1,-0.106938775510204,FALSE
LOC730668,-0.106938775510204,FALSE
FLJ33065,0.106938775510204,FALSE
STARD3NL,0.106938775510204,FALSE
SNORD12B,-0.106938775510204,FALSE
FBXL22,-0.106938775510204,FALSE
RGN,0.106938775510204,FALSE
HSPA1A,0.106842737094838,FALSE
TNN,0.106842737094838,FALSE
GOLGA3,-0.106842737094838,FALSE
LOC100130236,-0.106842737094838,FALSE
PMF1-BGLAP,-0.106842737094838,FALSE
FAM186A,-0.106842737094838,FALSE
PAN3,0.106746698679472,FALSE
ABHD10,-0.106746698679472,FALSE
SON,-0.106746698679472,FALSE
KIAA1324,-0.106746698679472,FALSE
LOC100129311,-0.106746698679472,FALSE
GDF5,0.106746698679472,FALSE
DUS4L,-0.106746698679472,FALSE
ZNF503-AS1,-0.106746698679472,FALSE
LOC100133612,0.106746698679472,FALSE
LOC286370,0.106650660264106,FALSE
MEGF11,-0.106650660264106,FALSE
LTA,0.106650660264106,FALSE
TDRKH,0.106650660264106,FALSE
KIAA1731,0.106650660264106,FALSE
ATCAY,-0.10655462184874,FALSE
C1QTNF3,-0.10655462184874,FALSE
DNMT1,0.10655462184874,FALSE
SPATS1,0.10655462184874,FALSE
SLC6A13,0.10655462184874,FALSE
PRKAG2,0.10655462184874,FALSE
POU4F3,-0.10655462184874,TRUE
DDN,-0.10655462184874,TRUE
C2orf71,0.10655462184874,FALSE
FAM125A,-0.106458583433373,FALSE
LSM11,0.106458583433373,FALSE
CMBL,0.106458583433373,FALSE
UBQLN3,0.106458583433373,FALSE
ARHGDIG,0.106362545018007,FALSE
DOK2,0.106266506602641,FALSE
TMEM125,0.106170468187275,FALSE
FTSJ1,-0.106170468187275,FALSE
SH3TC2,0.106170468187275,FALSE
IRGM,-0.106170468187275,FALSE
FAM170B,0.106170468187275,FALSE
PCYOX1,0.106170468187275,FALSE
SLC9A11,-0.106170468187275,FALSE
IGF1R,0.106074429771909,FALSE
SWAP70,-0.106074429771909,FALSE
MMP21,0.106074429771909,FALSE
MECR,0.106074429771909,FALSE
MOSPD3,0.106074429771909,FALSE
ABCB11,-0.106074429771909,FALSE
LYZL1,-0.105978391356543,FALSE
TTC13,0.105978391356543,FALSE
GPR132,-0.105978391356543,FALSE
CYTH1,0.105978391356543,FALSE
HTATSF1,0.105978391356543,FALSE
TMPRSS15,-0.105978391356543,FALSE
ATP4B,0.105978391356543,FALSE
MAGEB4,0.105882352941176,FALSE
LOC100652869,-0.105882352941176,FALSE
CCNL1,0.105882352941176,FALSE
SLC6A7,-0.105882352941176,FALSE
EMILIN1,-0.105882352941176,FALSE
KCNAB1,0.105882352941176,FALSE
MYOF,-0.105882352941176,FALSE
NFXL1,-0.105882352941176,TRUE
NAA60,-0.105882352941176,FALSE
MPP7,-0.105882352941176,FALSE
SGCB,0.10578631452581,FALSE
WWOX,0.10578631452581,FALSE
CDK8,-0.10578631452581,FALSE
U2AF2,0.10578631452581,FALSE
C17orf50,0.10578631452581,FALSE
ACP2,0.105690276110444,FALSE
MOBP,0.105690276110444,FALSE
CRIP1,0.105690276110444,FALSE
POLDIP3,-0.105690276110444,FALSE
LOC100130429,-0.105690276110444,FALSE
KCNJ9,0.105690276110444,FALSE
MRGPRX4,-0.105690276110444,FALSE
ARIH1,0.105594237695078,FALSE
CELF2,0.105498199279712,FALSE
HBS1L,-0.105498199279712,FALSE
ZNF451,-0.105498199279712,TRUE
SNORA60,-0.105498199279712,FALSE
TM9SF2,-0.105498199279712,FALSE
TRPC5,-0.105498199279712,FALSE
CCDC163P,-0.105498199279712,FALSE
C10orf118,-0.105402160864346,FALSE
C11orf57,0.105402160864346,FALSE
SH3GL1,0.105402160864346,FALSE
AGL,0.105402160864346,FALSE
LOC284669,-0.105402160864346,FALSE
UBE2K,-0.10530612244898,FALSE
LOC440934,-0.10530612244898,FALSE
CCDC96,0.10530612244898,FALSE
C2orf78,-0.105210084033613,FALSE
HNRNPA1L2,-0.105210084033613,FALSE
C1orf110,-0.105210084033613,FALSE
LCE2D,-0.105210084033613,FALSE
AKAP6,0.105210084033613,FALSE
PRSS57,0.105114045618247,FALSE
FCRL1,0.105114045618247,FALSE
TMEM170B,-0.105114045618247,FALSE
TSEN2,0.105114045618247,FALSE
ZNF431,-0.105114045618247,TRUE
MIS18A,-0.105114045618247,FALSE
IMPACT,-0.105114045618247,FALSE
ZNF583,-0.105114045618247,TRUE
FAM198B,-0.105114045618247,FALSE
ZNF575,0.105114045618247,TRUE
OR13J1,0.105114045618247,FALSE
FOXJ1,-0.105114045618247,TRUE
LOC100129961,-0.105114045618247,FALSE
CCDC36,-0.105018007202881,FALSE
KIF5B,-0.105018007202881,FALSE
SLC9A7P1,0.105018007202881,FALSE
INSIG1,-0.105018007202881,FALSE
DNASE1L1,0.105018007202881,FALSE
CYP4V2,0.105018007202881,FALSE
CALB1,-0.105018007202881,FALSE
MMP27,-0.105018007202881,FALSE
LOC727982,0.104921968787515,FALSE
LOC440330,0.104921968787515,FALSE
PDE4DIP,-0.104825930372149,FALSE
FLJ37453,0.104825930372149,FALSE
KRT26,-0.104825930372149,FALSE
LOC730441,-0.104825930372149,FALSE
RIF1,-0.104729891956783,FALSE
MBNL2,-0.104729891956783,FALSE
GPS2,0.104729891956783,FALSE
AFAP1L2,-0.104729891956783,FALSE
LOC100506955,0.104729891956783,FALSE
NDST4,0.104729891956783,FALSE
C1orf138,-0.104633853541417,FALSE
ARID3A,0.104633853541417,FALSE
KRTAP13-4,-0.104633853541417,FALSE
WBSCR22,-0.104633853541417,FALSE
LOC646471,-0.104633853541417,FALSE
REEP5,-0.104633853541417,FALSE
DENND4C,0.104633853541417,FALSE
SLC9A10,0.10453781512605,FALSE
HSPB1,0.10453781512605,FALSE
LOC100131496,0.10453781512605,FALSE
OR5K3,0.10453781512605,FALSE
PNCK,0.10453781512605,FALSE
CARS2,-0.104441776710684,FALSE
CXCL6,-0.104441776710684,FALSE
LOC100131894,-0.104441776710684,FALSE
LOC503519,0.104441776710684,FALSE
IFIT1B,0.104345738295318,FALSE
DAZ2,0.104345738295318,FALSE
ARL4C,-0.104345738295318,FALSE
SLC1A3,0.104345738295318,FALSE
HERC2,-0.104345738295318,FALSE
OXSM,-0.104345738295318,FALSE
TM4SF5,-0.104345738295318,FALSE
ZNF806,-0.104249699879952,FALSE
BRP44L,0.104249699879952,FALSE
TRIM25,-0.104249699879952,FALSE
DUSP2,0.104249699879952,FALSE
SCYL3,-0.104249699879952,FALSE
MKRN9P,0.104249699879952,FALSE
STAM,0.104249699879952,FALSE
PRM3,-0.104249699879952,FALSE
NFU1,-0.104153661464586,FALSE
CCNT1,0.104153661464586,FALSE
SLTM,0.104153661464586,FALSE
C14orf109,-0.104153661464586,FALSE
A2M,0.104153661464586,FALSE
C10orf96,-0.104153661464586,FALSE
LOC100509175,-0.104153661464586,FALSE
NLRP7,0.10405762304922,FALSE
ATXN7L1,-0.10405762304922,FALSE
DAPK3,-0.10405762304922,FALSE
LOC340090,0.10405762304922,FALSE
SYN3,0.10405762304922,FALSE
CFHR1,-0.10405762304922,FALSE
C22orf33,-0.10405762304922,FALSE
FBRS,0.103961584633854,FALSE
MOCS2,-0.103961584633854,FALSE
PON2,0.103961584633854,FALSE
LOC157273,0.103961584633854,FALSE
TMEM72-AS1,0.103961584633854,FALSE
THYN1,0.103961584633854,FALSE
POU3F2,0.103961584633854,TRUE
ZSWIM4,-0.103865546218487,FALSE
PDCD1LG2,-0.103865546218487,FALSE
BNIP2,-0.103865546218487,FALSE
C20orf152,0.103865546218487,FALSE
PCBP2,0.103865546218487,FALSE
LTBP1,-0.103865546218487,FALSE
AICDA,0.103865546218487,FALSE
MGC11082,-0.103865546218487,FALSE
BNC1,-0.103865546218487,TRUE
MRPL4,-0.103769507803121,FALSE
FAM203A,-0.103769507803121,FALSE
ILDR1,0.103769507803121,FALSE
PAFAH1B1,0.103673469387755,FALSE
VANGL2,-0.103673469387755,FALSE
HIBADH,0.103673469387755,FALSE
C1orf201,0.103577430972389,FALSE
MLF1,-0.103577430972389,FALSE
NKX6-1,-0.103577430972389,TRUE
ZNF571,0.103577430972389,TRUE
GALNTL1,0.103577430972389,FALSE
PLP1,0.103481392557023,FALSE
C22orf25,0.103385354141657,FALSE
LILRB3,0.103385354141657,FALSE
PTPRK,-0.103385354141657,FALSE
MEG3,0.103385354141657,FALSE
LOC144742,0.103385354141657,FALSE
CDH20,-0.103385354141657,FALSE
VGLL2,-0.103385354141657,FALSE
PCDHB5,0.103385354141657,FALSE
TAAR1,-0.103385354141657,FALSE
ARNT2,-0.103289315726291,TRUE
TFG,0.103289315726291,FALSE
RNF213,0.103289315726291,FALSE
ATP6V0D2,-0.103289315726291,FALSE
DEFB109P1B,-0.103289315726291,FALSE
KRTAP10-1,-0.103193277310924,FALSE
IFIT3,0.103193277310924,FALSE
LOC440082,-0.103193277310924,FALSE
CHRNA5,-0.103193277310924,FALSE
GSTT1,0.103193277310924,FALSE
IL1R2,0.103097238895558,FALSE
SLC2A5,-0.103097238895558,FALSE
PPP2R5C,-0.103097238895558,FALSE
HSF2,0.103097238895558,TRUE
CALHM3,-0.103097238895558,FALSE
LOC100132850,-0.103097238895558,FALSE
ARHGAP39,0.103001200480192,FALSE
UBE2E3,-0.103001200480192,FALSE
SAMD8,-0.103001200480192,FALSE
GPR161,0.103001200480192,FALSE
GAS2L1,0.103001200480192,FALSE
FAM120C,-0.103001200480192,FALSE
MLNR,0.103001200480192,FALSE
LOC283585,-0.103001200480192,FALSE
VAX1,-0.102905162064826,TRUE
RNF7,-0.102905162064826,FALSE
OR52B4,0.102905162064826,FALSE
TDRD9,-0.10280912364946,FALSE
LOC100289200,0.10280912364946,FALSE
FLJ40453,0.102713085234094,FALSE
C16orf42,0.102713085234094,FALSE
SMTNL1,-0.102713085234094,FALSE
LOC388882,-0.102713085234094,FALSE
UBQLN2,0.102713085234094,FALSE
GPR137C,-0.102713085234094,FALSE
LOC728868,-0.102713085234094,FALSE
CTGF,0.102713085234094,FALSE
DRD1,-0.102713085234094,FALSE
LOC100505870,0.102617046818727,FALSE
KCNAB2,-0.102521008403361,FALSE
HAUS8,-0.102521008403361,FALSE
PRR18,-0.102521008403361,FALSE
CYP11A1,-0.102521008403361,FALSE
KIF27,0.102521008403361,FALSE
LOC100652922,-0.102521008403361,FALSE
PRDM2,0.102424969987995,TRUE
TSFM,-0.102424969987995,FALSE
RWDD2A,-0.102424969987995,FALSE
FAM158A,-0.102328931572629,FALSE
OR8K5,-0.102328931572629,FALSE
GADD45A,-0.102232893157263,FALSE
LOC339975,-0.102232893157263,FALSE
ITGA5,0.102232893157263,FALSE
DSC1,-0.102232893157263,FALSE
ZNF747,-0.102232893157263,TRUE
USP46,0.102232893157263,FALSE
ACO2,0.102232893157263,FALSE
KCNE1L,-0.102232893157263,FALSE
FBP1,0.102136854741897,FALSE
FAM124B,-0.102136854741897,FALSE
LOC100130453,-0.102136854741897,FALSE
LOC100132495,0.102136854741897,FALSE
ATF6B,-0.102040816326531,TRUE
DGKH,-0.102040816326531,FALSE
LOC146795,-0.102040816326531,FALSE
MGA,-0.102040816326531,TRUE
LOC152024,0.102040816326531,FALSE
CTSK,-0.102040816326531,FALSE
HHLA1,-0.101944777911164,FALSE
SLC26A7,-0.101944777911164,FALSE
DNAJC27,0.101944777911164,FALSE
LOC100130278,-0.101944777911164,FALSE
LOC257152,0.101944777911164,FALSE
PGLYRP2,0.101944777911164,FALSE
DEFB124,0.101944777911164,FALSE
RASEF,0.101944777911164,FALSE
LOC728218,-0.101944777911164,FALSE
PSMD8,-0.101848739495798,FALSE
C1orf212,-0.101848739495798,FALSE
TAF1L,-0.101848739495798,FALSE
C18orf32,-0.101848739495798,FALSE
LOC100133315,-0.101848739495798,FALSE
GPR6,-0.101848739495798,FALSE
AFP,-0.101848739495798,FALSE
STATH,0.101848739495798,FALSE
GMDS,0.101752701080432,FALSE
LOC339524,-0.101752701080432,FALSE
LOC100130345,0.101752701080432,FALSE
LOC100507650,-0.101752701080432,FALSE
SALL1,-0.101656662665066,TRUE
DRP2,-0.101656662665066,FALSE
LOC100652742,-0.101656662665066,FALSE
TACR1,0.101656662665066,FALSE
LOC100268168,0.1015606242497,FALSE
PIK3CB,-0.1015606242497,FALSE
RBM6,0.1015606242497,FALSE
MOV10L1,0.1015606242497,FALSE
MMP16,-0.101464585834334,FALSE
ZNF837,-0.101464585834334,TRUE
RNF152,-0.101464585834334,FALSE
TFAP2E,-0.101368547418968,TRUE
C11orf21,0.101368547418968,FALSE
RAD1,-0.101368547418968,FALSE
CYP21A2,0.101368547418968,FALSE
FAF1,0.101368547418968,FALSE
CRX,-0.101368547418968,TRUE
SLC25A15,-0.101368547418968,FALSE
OR4K2,0.101272509003601,FALSE
TBR1,-0.101272509003601,TRUE
POLR2D,-0.101272509003601,FALSE
BMP2K,-0.101272509003601,FALSE
PMFBP1,-0.101272509003601,FALSE
NUFIP1,0.101272509003601,FALSE
LINC00290,-0.101272509003601,FALSE
SCO2,-0.101176470588235,FALSE
NPAS4,-0.101176470588235,TRUE
SCN3A,-0.101176470588235,FALSE
PFDN2,-0.101176470588235,FALSE
HSP90AB1,-0.101080432172869,FALSE
GFRAL,0.101080432172869,FALSE
MKRN3,0.100984393757503,FALSE
PDLIM3,-0.100984393757503,FALSE
SMEK2,0.100984393757503,FALSE
ACTR10,-0.100984393757503,FALSE
ANKRD63,-0.100984393757503,FALSE
ADAMTS14,-0.100984393757503,FALSE
LOC284100,-0.100888355342137,FALSE
ZNF259P1,-0.100888355342137,FALSE
DGKZ,0.100888355342137,FALSE
C20orf166,0.100888355342137,FALSE
SAGE1,0.100888355342137,FALSE
HLA-DQA2,0.100888355342137,FALSE
ATP6AP1L,-0.100792316926771,FALSE
BAZ1A,-0.100792316926771,FALSE
HDAC7,-0.100792316926771,FALSE
IRS1,-0.100792316926771,FALSE
MAGEE2,-0.100792316926771,FALSE
SPAG9,-0.100696278511405,FALSE
TNKS2,-0.100696278511405,FALSE
DKFZp686K1684,-0.100696278511405,FALSE
RABIF,-0.100696278511405,FALSE
IP6K2,-0.100600240096038,FALSE
UBTF,0.100600240096038,FALSE
SMN1,-0.100600240096038,FALSE
TADA2A,-0.100600240096038,FALSE
TMEM184C,0.100600240096038,FALSE
FBXO11,0.100504201680672,FALSE
SSR4P1,0.100504201680672,FALSE
RSBN1,-0.100408163265306,FALSE
LOC285692,-0.100408163265306,FALSE
TM4SF18,-0.100408163265306,FALSE
BCS1L,0.10031212484994,FALSE
LOC151171,-0.10031212484994,FALSE
PPP2CA,-0.10031212484994,FALSE
LOC116437,-0.10031212484994,FALSE
CCNF,-0.10031212484994,FALSE
LOC150568,-0.10031212484994,FALSE
LOC729887,-0.100216086434574,FALSE
ORAI1,0.100216086434574,FALSE
TUBB6,-0.100120048019208,FALSE
NUCKS1,0.100120048019208,FALSE
C12orf44,-0.100120048019208,FALSE
MTNR1A,-0.100120048019208,FALSE
CD83,-0.100024009603842,FALSE
NAA35,0.100024009603842,FALSE
RSC1A1,-0.100024009603842,FALSE
C20orf177,0.100024009603842,FALSE
SPRR2G,-0.100024009603842,FALSE
SFRP2,-0.0999279711884754,FALSE
SPECC1L,-0.0999279711884754,FALSE
EIF1,-0.0999279711884754,FALSE
TIMM13,0.0999279711884754,FALSE
GSTTP2,-0.0999279711884754,FALSE
CHRNG,-0.0999279711884754,FALSE
IL1RAP,-0.0998319327731093,FALSE
CHD2,0.0998319327731093,FALSE
CASC4,-0.0998319327731093,FALSE
ZBTB38,-0.0998319327731093,TRUE
SCARNA23,0.0998319327731093,FALSE
JUN,0.0997358943577431,TRUE
LOC284551,0.0997358943577431,FALSE
LOC729013,-0.0997358943577431,FALSE
LOC728316,0.0997358943577431,FALSE
C12orf53,-0.0997358943577431,FALSE
OR4K15,0.0997358943577431,FALSE
ATP1A4,0.0996398559423769,FALSE
PDSS1,-0.0996398559423769,FALSE
SEMA3C,0.0996398559423769,FALSE
C21orf56,0.0996398559423769,FALSE
UBP1,0.0996398559423769,TRUE
ZNF879,-0.0996398559423769,TRUE
C17orf78,0.0996398559423769,FALSE
GJD2,-0.0996398559423769,FALSE
SLC2A1,0.0995438175270108,FALSE
WNT9B,-0.0995438175270108,FALSE
GRM3,-0.0995438175270108,FALSE
CIB2,-0.0994477791116446,FALSE
ZNF99,-0.0994477791116446,TRUE
CCP110,0.0994477791116446,FALSE
LOC100130927,-0.0994477791116446,FALSE
DMBX1,-0.0994477791116446,TRUE
LOC285957,0.0993517406962785,FALSE
RPL10L,0.0993517406962785,FALSE
LOC393078,0.0993517406962785,FALSE
CILP2,-0.0993517406962785,FALSE
SMYD1,-0.0992557022809124,FALSE
CEBPB,0.0992557022809124,TRUE
ALCAM,-0.0992557022809124,FALSE
SNHG6,0.0992557022809124,FALSE
KRT2,-0.0992557022809124,FALSE
KRTAP19-5,-0.0992557022809124,FALSE
SBK1,-0.0992557022809124,FALSE
ZFP36,0.0991596638655462,FALSE
ACCN1,0.0991596638655462,FALSE
CELA3B,0.0991596638655462,FALSE
ADCY10,-0.0991596638655462,FALSE
VTN,-0.0991596638655462,FALSE
KRTAP10-11,-0.0991596638655462,FALSE
RNASE9,0.0990636254501801,FALSE
ZNF41,-0.0990636254501801,FALSE
ZNF567,-0.0990636254501801,TRUE
APOBEC3H,-0.0990636254501801,FALSE
C1orf133,-0.0990636254501801,FALSE
LOC100132234,0.0990636254501801,FALSE
HIST3H2A,0.0990636254501801,FALSE
LOC401497,0.0990636254501801,FALSE
ABCG2,-0.0989675870348139,FALSE
ARHGEF10L,0.0989675870348139,FALSE
HOXD1,-0.0989675870348139,TRUE
PHYHIP,0.0989675870348139,FALSE
FZD7,-0.0989675870348139,FALSE
PKD1L3,0.0989675870348139,FALSE
WASH3P,-0.0988715486194478,FALSE
CSNK1D,0.0988715486194478,FALSE
BCAP29,0.0988715486194478,FALSE
MMP8,0.0988715486194478,FALSE
PRSS30P,0.0988715486194478,FALSE
NCOA2,-0.0988715486194478,FALSE
SFXN4,-0.0988715486194478,FALSE
MYL7,-0.0988715486194478,FALSE
IGSF21,-0.0988715486194478,FALSE
CCDC15,-0.0988715486194478,FALSE
LOC440335,0.0988715486194478,FALSE
KPNA2,-0.0987755102040816,FALSE
MAPK8,-0.0987755102040816,FALSE
FABP12,0.0987755102040816,FALSE
AHSA1,0.0987755102040816,FALSE
FST,0.0987755102040816,FALSE
NKX2-8,-0.0987755102040816,TRUE
C1orf65,0.0987755102040816,FALSE
LOC100507362,-0.0987755102040816,FALSE
FBL,-0.0986794717887155,FALSE
TTTY2,0.0986794717887155,FALSE
LOC646324,0.0986794717887155,FALSE
CCDC73,-0.0985834333733493,FALSE
CSNK1G2,-0.0985834333733493,FALSE
RGS1,0.0985834333733493,FALSE
GPN3,-0.0985834333733493,FALSE
VWA3A,0.0985834333733493,FALSE
TMEM26,0.0985834333733493,FALSE
BTNL8,0.0984873949579832,FALSE
LYSMD3,0.0984873949579832,FALSE
IRX1,0.0984873949579832,TRUE
EMR1,-0.0984873949579832,FALSE
NOM1,0.098391356542617,FALSE
LOC731932,0.098391356542617,FALSE
ORC3,-0.098391356542617,FALSE
FAM113A,0.098391356542617,FALSE
FAM127B,0.098391356542617,FALSE
MSH3,0.0982953181272509,FALSE
SUCNR1,-0.0982953181272509,FALSE
ZNF284,-0.0982953181272509,TRUE
DNAJC30,-0.0982953181272509,FALSE
LPAR2,0.0982953181272509,FALSE
FAM50B,0.0982953181272509,FALSE
PLAG1,0.0982953181272509,TRUE
LOC400891,0.0981992797118848,FALSE
TM4SF20,-0.0981992797118848,FALSE
EXOC6,-0.0981992797118848,FALSE
PSG5,0.0981992797118848,FALSE
DDT,-0.0981992797118848,FALSE
TBC1D1,-0.0981992797118848,FALSE
RFXAP,0.0981032412965186,TRUE
DIRC3,0.0980072028811525,FALSE
SLC35E2,-0.0980072028811525,FALSE
CKB,0.0980072028811525,FALSE
PRR23C,-0.0980072028811525,FALSE
ZNF193,0.0980072028811525,FALSE
PTPRU,-0.0980072028811525,FALSE
DDX1,-0.0980072028811525,FALSE
PSAPL1,0.0979111644657863,FALSE
ADO,-0.0979111644657863,FALSE
CCL17,-0.0979111644657863,FALSE
PMCHL1,-0.0979111644657863,FALSE
C5AR1,0.0978151260504202,FALSE
IFNA14,-0.0978151260504202,FALSE
LOC100130547,-0.0978151260504202,FALSE
PTPRN2,-0.0978151260504202,FALSE
EPB41L5,0.0978151260504202,FALSE
MYO6,-0.0978151260504202,FALSE
AQP11,0.0978151260504202,FALSE
TTC35,0.0978151260504202,FALSE
PLXNA2,0.0978151260504202,FALSE
OR14J1,0.0978151260504202,FALSE
ADAMTS13,-0.097719087635054,FALSE
GPR135,0.097719087635054,FALSE
PFN2,-0.0976230492196879,FALSE
ADAMTS20,-0.0976230492196879,FALSE
SLC14A2,-0.0976230492196879,FALSE
LOC100131043,0.0976230492196879,FALSE
PRAME,-0.0976230492196879,FALSE
FLJ44715,0.0976230492196879,FALSE
LOC286135,-0.0976230492196879,FALSE
C15orf59,-0.0976230492196879,FALSE
FAM47C,-0.0976230492196879,FALSE
LOC286083,-0.0976230492196879,FALSE
CEACAM8,0.0975270108043217,FALSE
FAM201B,0.0975270108043217,FALSE
KLF3,0.0975270108043217,TRUE
HELZ,0.0975270108043217,FALSE
ATP5D,0.0975270108043217,FALSE
GLIS3-AS1,0.0975270108043217,FALSE
KRT13,-0.0975270108043217,FALSE
CCNG1,-0.0974309723889556,FALSE
SDCCAG8,-0.0974309723889556,FALSE
FCHO2,0.0974309723889556,FALSE
ITGB2,-0.0974309723889556,FALSE
NODAL,0.0974309723889556,FALSE
ATXN1,-0.0974309723889556,FALSE
DCST1,0.0974309723889556,FALSE
CDH3,-0.0974309723889556,FALSE
RPS6KB2,0.0973349339735895,FALSE
CTTN,0.0973349339735895,FALSE
LOC100286979,0.0973349339735895,FALSE
AIFM2,0.0973349339735895,FALSE
OR2L3,-0.0973349339735895,FALSE
NBEAP1,0.0972388955582233,FALSE
LOC100132790,-0.0972388955582233,FALSE
PPM1E,0.0972388955582233,FALSE
SGPP2,-0.0972388955582233,FALSE
TTTY7,-0.0971428571428571,FALSE
FAM125B,0.0971428571428571,FALSE
RBMXL3,-0.0971428571428571,FALSE
C20orf62,-0.0971428571428571,FALSE
RNPEP,-0.0971428571428571,FALSE
FAM111A,-0.0971428571428571,FALSE
FITM1,0.0971428571428571,FALSE
SEC23IP,-0.097046818727491,FALSE
UFSP1,0.097046818727491,FALSE
TEPP,0.097046818727491,FALSE
ZNF584,0.097046818727491,TRUE
POPDC2,-0.097046818727491,FALSE
CHML,-0.097046818727491,FALSE
TLX1NB,0.097046818727491,FALSE
NFS1,-0.0969507803121249,FALSE
PRSS27,-0.0969507803121249,FALSE
AKAP11,-0.0969507803121249,FALSE
LOC100130428,0.0969507803121249,FALSE
EFHC1,0.0969507803121249,FALSE
TRIM15,0.0969507803121249,FALSE
MGC13053,0.0968547418967587,FALSE
LRRC3,-0.0968547418967587,FALSE
GPR144,0.0968547418967587,FALSE
PIGH,0.0968547418967587,FALSE
PRNT,0.0968547418967587,FALSE
PRY2,-0.0967587034813926,FALSE
GTF2E2,0.0967587034813926,FALSE
SGK494,-0.0967587034813926,FALSE
FLJ13744,0.0967587034813926,FALSE
DDAH1,0.0967587034813926,FALSE
LOC645249,0.0967587034813926,FALSE
KRT40,-0.0966626650660264,FALSE
ASB1,0.0966626650660264,FALSE
TANK,-0.0966626650660264,FALSE
RGS7BP,-0.0966626650660264,FALSE
PRDM15,0.0966626650660264,TRUE
CASD1,0.0966626650660264,FALSE
CASZ1,0.0966626650660264,TRUE
TMED6,-0.0966626650660264,FALSE
SERPINB12,0.0966626650660264,FALSE
AFAP1,0.0966626650660264,FALSE
C10orf128,0.0965666266506603,FALSE
DYRK3,0.0965666266506603,FALSE
OR1N2,-0.0965666266506603,FALSE
FAM83B,-0.0965666266506603,FALSE
FMN2,0.0964705882352941,FALSE
PDYN,0.0964705882352941,FALSE
TMEM184B,-0.0964705882352941,FALSE
NDUFV2,-0.0964705882352941,FALSE
PDGFRB,-0.0964705882352941,FALSE
ARFGAP3,-0.0964705882352941,FALSE
C13orf15,0.0964705882352941,FALSE
ZFY,-0.0964705882352941,TRUE
TET2,0.096374549819928,FALSE
IL18R1,-0.096374549819928,FALSE
FAM178A,0.096374549819928,FALSE
HSD11B1L,-0.096374549819928,FALSE
ZNF189,-0.096374549819928,TRUE
FAS,-0.0962785114045618,FALSE
ZCCHC6,0.0962785114045618,FALSE
FAM26D,-0.0962785114045618,FALSE
GNA15,-0.0962785114045618,FALSE
IDI2-AS1,0.0962785114045618,FALSE
LRRK2,0.0962785114045618,FALSE
SERPINA4,0.0962785114045618,FALSE
C17orf104,-0.0961824729891957,FALSE
PGAM5,-0.0961824729891957,FALSE
CCNA1,0.0961824729891957,FALSE
IVL,-0.0961824729891957,FALSE
AGAP1,0.0961824729891957,FALSE
DIS3,-0.0961824729891957,FALSE
CYP2C18,-0.0961824729891957,FALSE
OR2G6,-0.0961824729891957,FALSE
KLK13,0.0961824729891957,FALSE
LOC100126584,-0.0961824729891957,FALSE
CCL2,-0.0960864345738295,FALSE
FAM157A,-0.0960864345738295,FALSE
INO80,-0.0960864345738295,FALSE
RRN3,0.0960864345738295,FALSE
KIAA0509,0.0960864345738295,FALSE
FAM86B2,-0.0960864345738295,FALSE
C15orf57,-0.0960864345738295,FALSE
SUSD3,0.0960864345738295,FALSE
RAB6A,0.0960864345738295,FALSE
TSGA10IP,-0.0960864345738295,FALSE
KRT4,-0.0960864345738295,FALSE
DPPA2,0.0960864345738295,FALSE
LOC441956,0.0959903961584634,FALSE
UMODL1,0.0959903961584634,FALSE
AVP,-0.0959903961584634,FALSE
ZFP90,0.0959903961584634,TRUE
VILL,0.0958943577430972,FALSE
LOC284080,0.0958943577430972,FALSE
FLJ25917,0.0958943577430972,FALSE
SLC9A5,-0.0957983193277311,FALSE
NAT8,0.0957983193277311,FALSE
AATK-AS1,-0.0957983193277311,FALSE
LOC644192,0.0957983193277311,FALSE
LINC00032,0.0957022809123649,FALSE
FGF2,0.0957022809123649,FALSE
ATXN7,-0.0957022809123649,FALSE
ZNF496,0.0957022809123649,TRUE
NUDT4,0.0957022809123649,FALSE
PROSER1,0.0957022809123649,FALSE
KIAA0913,0.0957022809123649,FALSE
RNF11,-0.0957022809123649,FALSE
SLC22A20,0.0956062424969988,FALSE
TRPC2,-0.0956062424969988,FALSE
RFPL2,0.0956062424969988,FALSE
ARMCX6,-0.0956062424969988,FALSE
TEKT5,-0.0956062424969988,FALSE
RASAL1,-0.0956062424969988,FALSE
LOC100132111,-0.0956062424969988,FALSE
OR5T2,-0.0956062424969988,FALSE
LOC100129603,-0.0956062424969988,FALSE
TMEFF2,-0.0955102040816327,FALSE
TOR2A,0.0955102040816327,FALSE
SNORA53,-0.0955102040816327,FALSE
HORMAD2,-0.0955102040816327,FALSE
PAGE1,-0.0955102040816327,FALSE
EID3,-0.0955102040816327,FALSE
GTF2E1,-0.0954141656662665,FALSE
ZNF717,0.0954141656662665,FALSE
GJA3,-0.0954141656662665,FALSE
PLEKHA8,0.0954141656662665,FALSE
SUPV3L1,0.0954141656662665,FALSE
ADAMTS19,-0.0954141656662665,FALSE
SLC35F4,-0.0954141656662665,FALSE
FLJ44313,0.0954141656662665,FALSE
FAM171A1,-0.0953181272509004,FALSE
SUDS3,0.0953181272509004,FALSE
BOLL,0.0953181272509004,FALSE
CHI3L1,0.0953181272509004,FALSE
MORC1,0.0953181272509004,FALSE
NRSN1,-0.0952220888355342,FALSE
ARMC8,0.0952220888355342,FALSE
METTL11A,-0.0952220888355342,FALSE
CARHSP1,-0.0952220888355342,FALSE
CNTNAP1,-0.0952220888355342,FALSE
PRSS47,-0.0952220888355342,FALSE
PRLH,-0.0952220888355342,FALSE
AXIN2,-0.0951260504201681,FALSE
OR13G1,-0.0951260504201681,FALSE
KAT2B,0.0951260504201681,FALSE
OR6S1,0.0950300120048019,FALSE
BDKRB1,-0.0950300120048019,FALSE
PLA2G15,-0.0950300120048019,FALSE
ERI1,-0.0950300120048019,FALSE
DUSP27,0.0950300120048019,FALSE
FLJ25328,0.0950300120048019,FALSE
PTGIS,0.0950300120048019,FALSE
MAGEA11,-0.0950300120048019,FALSE
ENAM,0.0950300120048019,FALSE
LOC157860,0.0949339735894358,FALSE
EXTL2,-0.0949339735894358,FALSE
WDR61,0.0949339735894358,FALSE
ZNF793,0.0949339735894358,TRUE
ZFAND4,-0.0948379351740696,FALSE
CATSPERG,-0.0948379351740696,FALSE
LOC646999,-0.0948379351740696,FALSE
AP4E1,-0.0948379351740696,FALSE
ALOX12P2,-0.0948379351740696,FALSE
ALX1,0.0948379351740696,TRUE
HTR1B,-0.0948379351740696,FALSE
TMEM8C,-0.0947418967587035,FALSE
CHFR,0.0947418967587035,FALSE
SIGLEC7,0.0947418967587035,FALSE
KNG1,-0.0947418967587035,FALSE
KIR2DL5A,-0.0947418967587035,FALSE
OLIG2,-0.0947418967587035,TRUE
KIR3DX1,0.0947418967587035,FALSE
ZNF626,-0.0946458583433373,TRUE
USP6,0.0946458583433373,FALSE
ATPAF2,0.0946458583433373,FALSE
C11orf86,-0.0946458583433373,FALSE
FAM92B,0.094453781512605,FALSE
OR5AN1,0.094453781512605,FALSE
NKRF,-0.094453781512605,TRUE
CNPY3,0.094453781512605,FALSE
PCDHGB4,0.094453781512605,FALSE
SLC15A5,0.094453781512605,FALSE
LOC100144602,-0.094453781512605,FALSE
NAIP,0.094453781512605,FALSE
ADH4,-0.0943577430972389,FALSE
WBSCR17,-0.0943577430972389,FALSE
TMSB4Y,0.0942617046818727,FALSE
SV2A,-0.0942617046818727,FALSE
GCOM1,0.0942617046818727,FALSE
TRIL,0.0942617046818727,FALSE
UGT2B7,-0.0942617046818727,FALSE
PNMA1,0.0941656662665066,FALSE
WDPCP,-0.0941656662665066,FALSE
SRY,-0.0940696278511404,TRUE
NICN1,-0.0940696278511404,FALSE
LOC151484,0.0940696278511404,FALSE
ZBTB7C,0.0940696278511404,TRUE
BUD31,-0.0940696278511404,FALSE
SERPINA1,0.0940696278511404,FALSE
PPIE,0.0940696278511404,FALSE
PPME1,-0.0940696278511404,FALSE
C16orf96,-0.0940696278511404,FALSE
FAM47B,0.0940696278511404,FALSE
C15orf56,0.0940696278511404,FALSE
HRH4,-0.0939735894357743,FALSE
C4orf17,-0.0939735894357743,FALSE
NCKAP1,0.0939735894357743,FALSE
SLC44A4,-0.0939735894357743,FALSE
CHI3L2,-0.0939735894357743,FALSE
VLDLR,0.0938775510204082,FALSE
STON1,0.0938775510204082,FALSE
HIPK4,-0.0938775510204082,FALSE
GRXCR2,0.093781512605042,FALSE
IFLTD1,-0.093781512605042,FALSE
ASAP3,-0.093781512605042,FALSE
LOC440896,-0.093781512605042,FALSE
IL17RD,0.093781512605042,FALSE
HAO2,-0.093781512605042,FALSE
COQ9,-0.0936854741896759,FALSE
PDS5B,0.0936854741896759,FALSE
TCP10L,0.0936854741896759,FALSE
LOC149684,-0.0936854741896759,FALSE
LEUTX,0.0936854741896759,TRUE
PHOX2A,-0.0935894357743097,TRUE
LILRA1,-0.0935894357743097,FALSE
LPAR6,0.0935894357743097,FALSE
CLTB,-0.0935894357743097,FALSE
GNA14,0.0934933973589436,FALSE
HTR1F,-0.0934933973589436,FALSE
OR5H15,0.0934933973589436,FALSE
DPY19L1P1,-0.0933973589435774,FALSE
C12orf73,-0.0933973589435774,FALSE
GRM4,0.0933973589435774,FALSE
ARFIP2,-0.0933973589435774,FALSE
STAB2,0.0933973589435774,FALSE
GOLGA2,0.0933013205282113,FALSE
CCL25,-0.0933013205282113,FALSE
TMEM231,0.0933013205282113,FALSE
KRT6C,-0.0933013205282113,FALSE
TLN2,-0.0932052821128451,FALSE
RNF113B,-0.0932052821128451,FALSE
LOC283737,-0.0932052821128451,FALSE
FOXE3,-0.0932052821128451,TRUE
RGS8,-0.0932052821128451,FALSE
CERKL,-0.093109243697479,FALSE
C7orf58,0.093109243697479,FALSE
OR5AR1,-0.093109243697479,FALSE
PANX2,-0.093109243697479,FALSE
ASH1L,0.093109243697479,FALSE
LOC388210,0.093109243697479,FALSE
IL33,0.093109243697479,FALSE
PNLIPRP2,0.093109243697479,FALSE
RCVRN,-0.093109243697479,FALSE
HEY2,-0.093109243697479,TRUE
PROKR1,-0.093109243697479,FALSE
DEFA9P,-0.0930132052821128,FALSE
FAM164C,-0.0930132052821128,FALSE
CFTR,-0.0930132052821128,FALSE
BPI,0.0929171668667467,FALSE
SSX2,-0.0929171668667467,FALSE
DENND2A,-0.0929171668667467,FALSE
KPNA6,0.0929171668667467,FALSE
ACTL7A,-0.0929171668667467,FALSE
C19orf34,-0.0928211284513806,FALSE
TYW1B,-0.0928211284513806,FALSE
LYSMD2,0.0928211284513806,FALSE
PRR5-ARHGAP8,0.0928211284513806,FALSE
RFPL3-AS1,0.0928211284513806,FALSE
C14orf176,0.0928211284513806,FALSE
LOC338651,-0.0928211284513806,FALSE
MBNL1,-0.0927250900360144,FALSE
ELL3,0.0927250900360144,FALSE
EFNA2,0.0927250900360144,FALSE
LYPLAL1,-0.0927250900360144,FALSE
HPCAL4,-0.0927250900360144,FALSE
PBOV1,-0.0926290516206483,FALSE
TOB1,0.0926290516206483,FALSE
THUMPD2,0.0926290516206483,FALSE
C11orf88,-0.0926290516206483,FALSE
DNAJB6,0.0926290516206483,FALSE
SEC16A,0.0926290516206483,FALSE
TP53BP1,0.0926290516206483,FALSE
DPY19L4,-0.0926290516206483,FALSE
PNMA3,0.0926290516206483,FALSE
LOC284513,0.0926290516206483,FALSE
ZFHX2,0.0925330132052821,TRUE
SEC13,-0.0925330132052821,FALSE
SYNDIG1L,-0.0925330132052821,FALSE
S100A9,0.092436974789916,FALSE
SLC11A1,0.092436974789916,FALSE
VNN2,0.092436974789916,FALSE
LOC728190,0.092436974789916,FALSE
FLJ40288,-0.092436974789916,FALSE
C1orf106,0.092436974789916,FALSE
FAM117B,-0.0923409363745498,FALSE
TFPI,0.0923409363745498,FALSE
FCER1G,-0.0923409363745498,FALSE
UGT3A2,-0.0923409363745498,FALSE
NOVA1,-0.0923409363745498,FALSE
FAM205A,0.0923409363745498,FALSE
BRDT,-0.0922448979591837,FALSE
LRRC37B,0.0922448979591837,FALSE
CD9,0.0922448979591837,FALSE
LOC254099,-0.0922448979591837,FALSE
HS3ST5,-0.0921488595438175,FALSE
TRIM22,-0.0921488595438175,FALSE
OR52B6,0.0921488595438175,FALSE
ECEL1,0.0920528211284514,FALSE
NPHS1,0.0920528211284514,FALSE
TCHP,-0.0920528211284514,FALSE
CACNA2D4,-0.0920528211284514,FALSE
DCAF8L1,0.0919567827130852,FALSE
LOC100131742,0.0919567827130852,FALSE
ATXN3,-0.0919567827130852,FALSE
NEMF,0.0919567827130852,FALSE
LOC284072,-0.0919567827130852,FALSE
CD200R1,-0.0918607442977191,FALSE
FKTN,-0.0918607442977191,FALSE
TMOD2,-0.0918607442977191,FALSE
TCP11L2,-0.0918607442977191,FALSE
RPS3,0.0918607442977191,TRUE
LOC728724,0.0918607442977191,FALSE
LOC286154,-0.0918607442977191,FALSE
PCDHA9,0.0918607442977191,FALSE
RBM39,-0.0917647058823529,FALSE
MESTIT1,-0.0917647058823529,FALSE
CECR3,-0.0917647058823529,FALSE
MRPL11,-0.0917647058823529,FALSE
ZFP37,-0.0917647058823529,TRUE
ZNF785,0.0916686674669868,TRUE
DBNDD1,-0.0916686674669868,FALSE
LCE1B,-0.0916686674669868,FALSE
BAG4,-0.0915726290516206,FALSE
RAC3,0.0915726290516206,FALSE
SNX5,-0.0915726290516206,FALSE
GARS,-0.0915726290516206,FALSE
CNOT10,-0.0915726290516206,FALSE
LOC100507096,0.0915726290516206,FALSE
ZNF254,0.0914765906362545,TRUE
CCDC144NL,0.0913805522208884,FALSE
MCMBP,-0.0913805522208884,FALSE
IMPDH2,-0.0913805522208884,FALSE
DPF2,0.0913805522208884,FALSE
KCNJ12,0.0913805522208884,FALSE
HABP2,0.0913805522208884,FALSE
BRAF,-0.0912845138055222,FALSE
NEK11,0.0912845138055222,FALSE
VAMP1,-0.0912845138055222,FALSE
C14orf99,-0.0912845138055222,FALSE
ZFR2,0.0912845138055222,FALSE
OR51V1,-0.0912845138055222,FALSE
CLDN11,-0.0911884753901561,FALSE
RNPEPL1,-0.0911884753901561,FALSE
ZDHHC5,0.0911884753901561,FALSE
ITPR2,-0.0911884753901561,FALSE
ZNF699,-0.0910924369747899,TRUE
DNM3,0.0910924369747899,FALSE
CETP,0.0910924369747899,FALSE
C17orf90,0.0910924369747899,FALSE
RCCD1,0.0910924369747899,FALSE
KLK11,-0.0910924369747899,FALSE
GPR112,-0.0910924369747899,FALSE
IRF7,-0.0909963985594238,TRUE
SP5,0.0909963985594238,TRUE
LOC283075,-0.0909963985594238,FALSE
FXYD7,0.0909963985594238,FALSE
SCGBL,-0.0909963985594238,FALSE
PLA2G4E,0.0909963985594238,FALSE
SF3B1,-0.0909003601440576,FALSE
CCDC94,0.0909003601440576,FALSE
SIM1,0.0909003601440576,TRUE
C9orf171,-0.0909003601440576,FALSE
ART3,-0.0909003601440576,FALSE
GLI1,0.0909003601440576,TRUE
PRTN3,0.0908043217286915,FALSE
C10orf47,0.0908043217286915,FALSE
HM13,0.0908043217286915,FALSE
SPAST,-0.0908043217286915,FALSE
SPAG17,-0.0908043217286915,FALSE
OR2L1P,-0.0908043217286915,FALSE
P2RX1,-0.0907082833133253,FALSE
DCBLD1,-0.0907082833133253,FALSE
OR2AK2,-0.0907082833133253,FALSE
CXorf64,-0.0907082833133253,FALSE
TMEM31,-0.0907082833133253,FALSE
UPF3A,0.0906122448979592,FALSE
LOC100128371,0.0906122448979592,FALSE
FAM118B,-0.0906122448979592,FALSE
BIVM,0.0906122448979592,FALSE
TMPRSS7,-0.0906122448979592,FALSE
AGR2,0.090516206482593,FALSE
ZFP112,-0.090516206482593,FALSE
EIF2C3,-0.090516206482593,FALSE
C6orf124,-0.090516206482593,FALSE
NGB,0.090516206482593,FALSE
C11orf45,-0.090516206482593,FALSE
KCNS2,-0.090516206482593,FALSE
KCNH2,0.0904201680672269,FALSE
LRRC8B,0.0904201680672269,FALSE
KRCC1,0.0904201680672269,FALSE
HAPLN3,-0.0904201680672269,FALSE
FAM18A,0.0904201680672269,FALSE
GTPBP10,0.0904201680672269,FALSE
HIVEP1,0.0904201680672269,TRUE
IL7R,-0.0904201680672269,FALSE
OR51B2,-0.0904201680672269,FALSE
DSCAM,-0.0903241296518607,FALSE
SOX1,-0.0903241296518607,TRUE
FLJ42102,-0.0903241296518607,FALSE
NPHP3-AS1,-0.0902280912364946,FALSE
PRAP1,-0.0902280912364946,FALSE
GFRA3,-0.0902280912364946,FALSE
KLK9,-0.0902280912364946,FALSE
TMEM102,-0.0902280912364946,FALSE
KLK6,-0.0902280912364946,FALSE
KRTAP9-9,0.0902280912364946,FALSE
GNAT2,0.0902280912364946,FALSE
MYEOV,-0.0901320528211285,FALSE
ZC3H15,-0.0901320528211285,FALSE
PHACTR2,-0.0901320528211285,FALSE
POLD4,-0.0901320528211285,FALSE
SLC6A9,0.0901320528211285,FALSE
FAM123B,0.0900360144057623,FALSE
APOC2,0.0900360144057623,FALSE
EFCAB8,-0.0899399759903962,FALSE
PEPD,0.0899399759903962,FALSE
VDR,-0.0899399759903962,TRUE
VIP,-0.0899399759903962,FALSE
SLC10A6,0.0899399759903962,FALSE
PRG2,0.08984393757503,FALSE
POF1B,0.08984393757503,FALSE
SCYL1,0.08984393757503,FALSE
CCT6A,-0.08984393757503,FALSE
C8orf66,0.08984393757503,FALSE
KCNB2,0.08984393757503,FALSE
OR6B1,-0.08984393757503,FALSE
CPLX3,-0.08984393757503,FALSE
LPCAT1,0.08984393757503,FALSE
FLJ41941,-0.0897478991596639,FALSE
CCNYL1,0.0897478991596639,FALSE
CEP350,0.0897478991596639,FALSE
FYB,0.0897478991596639,FALSE
RNF121,0.0897478991596639,FALSE
LOC284801,0.0897478991596639,FALSE
FOLR3,-0.0896518607442977,FALSE
DDX3X,-0.0896518607442977,FALSE
CLDN23,0.0896518607442977,FALSE
DHRSX,0.0895558223289316,FALSE
LARGE,-0.0895558223289316,FALSE
ARID1B,-0.0895558223289316,FALSE
SLC10A3,-0.0895558223289316,FALSE
GPR78,0.0895558223289316,FALSE
DECR1,-0.0895558223289316,FALSE
DNALI1,0.0895558223289316,FALSE
SLC35G5,-0.0894597839135654,FALSE
GGA2,0.0894597839135654,FALSE
RNU105B,0.0894597839135654,FALSE
LINC00114,-0.0894597839135654,FALSE
KRTAP5-6,-0.0894597839135654,FALSE
MTHFD1L,0.0893637454981993,FALSE
C14orf81,0.0893637454981993,FALSE
OR8B12,-0.0893637454981993,FALSE
C9orf139,0.0893637454981993,FALSE
COL25A1,-0.0893637454981993,FALSE
CSMD1,0.0892677070828331,FALSE
TMEM183B,-0.0892677070828331,FALSE
FBXO41,-0.0892677070828331,FALSE
PPP2R3A,-0.0892677070828331,FALSE
ANKRD34B,-0.089171668667467,FALSE
BAAT,0.089171668667467,FALSE
KIAA1432,0.089171668667467,FALSE
CHST2,0.089171668667467,FALSE
TYR,-0.0890756302521008,FALSE
FAM91A1,-0.0890756302521008,FALSE
CD52,-0.0890756302521008,FALSE
C17orf48,0.0890756302521008,FALSE
RHOC,0.0890756302521008,FALSE
OR7A10,-0.0890756302521008,FALSE
LENEP,0.0890756302521008,FALSE
EDN3,0.0889795918367347,FALSE
LOC643719,-0.0889795918367347,FALSE
C6orf35,-0.0889795918367347,FALSE
NMRAL1,-0.0889795918367347,FALSE
SH2D6,0.0889795918367347,FALSE
NXPH1,0.0888835534213686,FALSE
RDH16,-0.0888835534213686,FALSE
LOC285696,0.0888835534213686,FALSE
ZNF329,0.0887875150060024,TRUE
IRX4,-0.0887875150060024,TRUE
AGBL4,0.0886914765906363,FALSE
OR6F1,-0.0886914765906363,FALSE
SFTA3,0.0886914765906363,FALSE
NBEAL1,-0.0885954381752701,FALSE
SLC39A7,0.0885954381752701,FALSE
MAK16,0.0885954381752701,FALSE
MAP3K15,-0.0885954381752701,FALSE
INTS1,0.0885954381752701,FALSE
SEMG1,0.0885954381752701,FALSE
C15orf54,0.0885954381752701,FALSE
C1QTNF9,0.088499399759904,FALSE
CACNB2,0.088499399759904,FALSE
N6AMT1,0.088499399759904,FALSE
IL20RA,0.088499399759904,FALSE
GPR143,0.088499399759904,FALSE
GDPD2,-0.088499399759904,FALSE
LOC100130157,0.0884033613445378,FALSE
HIPK3,-0.0884033613445378,FALSE
LOC84931,-0.0884033613445378,FALSE
KIAA1161,0.0884033613445378,FALSE
KLHDC7A,-0.0884033613445378,FALSE
ASCL2,0.0884033613445378,TRUE
LOC100132071,0.0884033613445378,FALSE
SUV420H2,0.0883073229291717,FALSE
DAPL1,-0.0883073229291717,FALSE
SAG,0.0882112845138055,FALSE
ADCY3,-0.0882112845138055,FALSE
KCNG1,-0.0882112845138055,FALSE
RBM7,-0.0882112845138055,FALSE
FLJ45983,-0.0882112845138055,FALSE
ATRNL1,-0.0882112845138055,FALSE
TBC1D21,-0.0881152460984394,FALSE
APC2,-0.0881152460984394,FALSE
ANGPTL6,-0.0881152460984394,FALSE
LCE3D,-0.0881152460984394,FALSE
CRCT1,-0.0881152460984394,FALSE
C1QB,-0.0880192076830732,FALSE
GSTM1,0.0880192076830732,FALSE
LOC283501,-0.0880192076830732,FALSE
LOC388387,-0.0879231692677071,FALSE
HBBP1,-0.0879231692677071,FALSE
ATP8A1,0.0879231692677071,FALSE
NTN1,-0.0879231692677071,TRUE
CKAP5,0.0879231692677071,FALSE
CCT8L2,0.0879231692677071,FALSE
ADH7,-0.0878271308523409,FALSE
XRCC2,0.0878271308523409,FALSE
PODXL,-0.0878271308523409,FALSE
CABP4,-0.0878271308523409,FALSE
GIMAP2,-0.0878271308523409,FALSE
MXRA8,-0.0878271308523409,FALSE
GABRQ,0.0878271308523409,FALSE
DNAH2,-0.0878271308523409,FALSE
ISL1,0.0877310924369748,TRUE
CPO,-0.0877310924369748,FALSE
PALB2,0.0877310924369748,FALSE
RC3H1,0.0877310924369748,FALSE
FLJ45079,-0.0877310924369748,FALSE
LOC730755,0.0877310924369748,FALSE
UROC1,-0.0877310924369748,FALSE
TMCO5A,-0.0877310924369748,FALSE
LIG1,-0.0876350540216087,FALSE
INSM1,-0.0876350540216087,TRUE
TPH1,0.0876350540216087,FALSE
TP53BP2,0.0876350540216087,FALSE
SSX2IP,-0.0876350540216087,FALSE
TRIM43,-0.0876350540216087,FALSE
SDC4,0.0875390156062425,FALSE
EARS2,0.0875390156062425,FALSE
GIN1,-0.0875390156062425,FALSE
FCAMR,0.0875390156062425,FALSE
ALG11,-0.0875390156062425,FALSE
NCOA5,-0.0874429771908764,FALSE
APTX,-0.0874429771908764,FALSE
BATF2,0.0874429771908764,TRUE
CETN2,-0.0874429771908764,FALSE
MALAT1,0.0874429771908764,FALSE
GLYATL1,-0.0874429771908764,FALSE
RPA1,-0.0873469387755102,FALSE
ZNF221,-0.0873469387755102,TRUE
CRB2,-0.0873469387755102,FALSE
C3orf70,-0.0873469387755102,FALSE
PTX3,-0.0872509003601441,FALSE
LINC00305,0.0872509003601441,FALSE
CRISPLD2,0.0872509003601441,FALSE
DNAJC22,-0.0872509003601441,FALSE
RIMS3,0.0872509003601441,FALSE
LOC401561,-0.0872509003601441,FALSE
IFNA16,-0.0871548619447779,FALSE
HRH3,-0.0871548619447779,FALSE
LARP4B,-0.0871548619447779,FALSE
IFNA2,-0.0871548619447779,FALSE
COX7B2,0.0870588235294118,FALSE
PNO1,-0.0870588235294118,FALSE
C9orf95,0.0870588235294118,FALSE
HUS1,-0.0870588235294118,FALSE
APOBEC3G,0.0870588235294118,FALSE
IMPG2,-0.0870588235294118,FALSE
CR2,-0.0870588235294118,FALSE
TSGA13,0.0870588235294118,FALSE
ZNF287,-0.0870588235294118,TRUE
MYLK3,0.0870588235294118,FALSE
ANKRD62P1-PARP4P3,-0.0869627851140456,FALSE
C11orf96,0.0869627851140456,FALSE
UNC79,-0.0869627851140456,FALSE
ZNF705A,0.0869627851140456,TRUE
PNPLA1,-0.0869627851140456,FALSE
HILS1,-0.0869627851140456,FALSE
LOC401442,0.0868667466986795,FALSE
HTRA4,0.0868667466986795,FALSE
CENPC1,-0.0868667466986795,FALSE
MARCH1,-0.0868667466986795,FALSE
SCAND2,0.0868667466986795,FALSE
INTS7,-0.0868667466986795,FALSE
ZNF215,-0.0868667466986795,TRUE
ZMYND15,0.0868667466986795,FALSE
LOC285484,0.0868667466986795,FALSE
CCNJL,-0.0868667466986795,FALSE
KIAA1210,0.0868667466986795,FALSE
FAM118A,-0.0867707082833133,FALSE
C20orf112,-0.0867707082833133,FALSE
TMEM41A,0.0867707082833133,FALSE
AGAP11,0.0867707082833133,FALSE
PLA2G2E,0.0867707082833133,FALSE
LOC100134229,0.0867707082833133,FALSE
LINC00261,0.0867707082833133,FALSE
RASL12,0.0867707082833133,FALSE
ZNF230,-0.0866746698679472,TRUE
TRPA1,-0.0866746698679472,FALSE
LOC344887,0.0866746698679472,FALSE
TYRP1,0.0866746698679472,FALSE
OR52B2,-0.0866746698679472,FALSE
SLC5A9,0.0866746698679472,FALSE
IFI44L,0.086578631452581,FALSE
TDRD1,0.086578631452581,FALSE
LOC646627,0.086578631452581,FALSE
ZNF599,-0.086578631452581,TRUE
NUDT11,-0.086578631452581,FALSE
MCTP2,-0.0864825930372149,FALSE
FRMD7,-0.0864825930372149,FALSE
ZNF185,0.0864825930372149,FALSE
CCDC8,0.0864825930372149,FALSE
LOC646241,-0.0864825930372149,FALSE
RUNX1,-0.0863865546218488,TRUE
DOCK2,-0.0863865546218488,FALSE
TIAM2,0.0863865546218488,FALSE
LSR,0.0863865546218488,FALSE
MTNR1B,-0.0863865546218488,FALSE
PPP2R2C,0.0863865546218488,FALSE
CCDC63,-0.0863865546218488,FALSE
LOC201651,-0.0863865546218488,FALSE
GRAMD1C,-0.0862905162064826,FALSE
MGC3771,-0.0862905162064826,FALSE
LOC100129233,0.0862905162064826,FALSE
ZC3H10,-0.0861944777911164,FALSE
MRPL43,0.0861944777911164,FALSE
PTGER1,-0.0861944777911164,FALSE
HMP19,0.0861944777911164,FALSE
SBNO2,0.0860984393757503,FALSE
PCCB,0.0860984393757503,FALSE
SH3BP1,0.0860984393757503,FALSE
OR5H1,-0.0860984393757503,FALSE
EGFL6,0.0860024009603842,FALSE
PAG1,0.0860024009603842,FALSE
CIB4,-0.0860024009603842,FALSE
HTR7P1,-0.0860024009603842,FALSE
CA3,-0.0860024009603842,FALSE
OR4D2,0.0860024009603842,FALSE
LOC284276,-0.085906362545018,FALSE
LOC100132735,0.085906362545018,FALSE
ODF2,-0.085906362545018,FALSE
PPP6R2,0.085906362545018,FALSE
PDDC1,-0.085906362545018,FALSE
TP53I13,-0.085906362545018,FALSE
OOSP1,0.085906362545018,FALSE
GCN1L1,0.085906362545018,FALSE
FBXL7,-0.085906362545018,FALSE
PLK1S1,0.085906362545018,FALSE
C6orf120,0.085906362545018,FALSE
CHRNA7,0.085906362545018,FALSE
LOC283332,0.0858103241296519,FALSE
AMOTL2,0.0858103241296519,FALSE
APC,-0.0858103241296519,FALSE
EFNB1,-0.0858103241296519,FALSE
WDR87,0.0858103241296519,FALSE
LOC100652774,0.0858103241296519,FALSE
LPCAT3,0.0857142857142857,FALSE
ZNF207,0.0857142857142857,FALSE
PLCXD1,0.0857142857142857,FALSE
GRWD1,-0.0857142857142857,FALSE
MUSTN1,0.0857142857142857,FALSE
NEUROD4,-0.0857142857142857,TRUE
PPP1CB,0.0856182472989196,FALSE
FAM100B,0.0856182472989196,FALSE
PRICKLE3,0.0856182472989196,FALSE
BRMS1L,0.0856182472989196,FALSE
PIH1D2,-0.0856182472989196,FALSE
ZNF517,-0.0856182472989196,TRUE
FOXG1,0.0856182472989196,TRUE
ASPHD2,0.0855222088835534,FALSE
C14orf133,-0.0855222088835534,FALSE
OR7G3,-0.0855222088835534,FALSE
FAM78A,0.0855222088835534,FALSE
NADKD1,-0.0854261704681873,FALSE
TRAPPC8,0.0854261704681873,FALSE
SCXA,-0.0854261704681873,FALSE
NDUFA4L2,-0.0854261704681873,FALSE
ACTA2,-0.0854261704681873,FALSE
LOC100130657,0.0854261704681873,FALSE
TSPAN17,-0.0853301320528211,FALSE
ZNF585B,-0.0853301320528211,FALSE
LINC00324,-0.0853301320528211,FALSE
SUMO2,-0.0853301320528211,FALSE
SHROOM1,0.0853301320528211,FALSE
PRORSD1P,-0.0853301320528211,FALSE
DCTN4,0.0853301320528211,FALSE
SIGLEC12,0.085234093637455,FALSE
ARTN,0.085234093637455,FALSE
DHX58,0.085234093637455,FALSE
BTG4,0.085234093637455,FALSE
MAD2L1BP,-0.085234093637455,FALSE
FLJ26086,-0.085234093637455,FALSE
DNAJC5G,-0.085234093637455,FALSE
OR7A5,0.0851380552220888,FALSE
PPM1H,0.0851380552220888,FALSE
C2orf90,-0.0850420168067227,FALSE
SLC25A46,-0.0850420168067227,FALSE
MESDC2,-0.0850420168067227,FALSE
CYLC1,-0.0850420168067227,FALSE
CYP7A1,-0.0850420168067227,FALSE
LGALS14,0.0850420168067227,FALSE
ZBBX,0.0850420168067227,FALSE
AKAP12,0.0849459783913565,FALSE
KCNMB1,0.0849459783913565,FALSE
CCDC76,0.0849459783913565,FALSE
WDR89,0.0849459783913565,FALSE
NAPRT1,0.0849459783913565,FALSE
GEMIN7,0.0849459783913565,FALSE
AGAP3,0.0848499399759904,FALSE
PTPN18,-0.0848499399759904,FALSE
RBM12B,-0.0848499399759904,FALSE
GHDC,0.0848499399759904,FALSE
LOC100508383,-0.0848499399759904,FALSE
LINC00319,-0.0848499399759904,FALSE
FBN3,-0.0847539015606243,FALSE
ESF1,-0.0847539015606243,FALSE
SLC38A1,-0.0847539015606243,FALSE
AKNAD1,-0.0847539015606243,FALSE
D21S2088E,0.0847539015606243,FALSE
LONRF2,0.0847539015606243,FALSE
GDAP1L1,0.0847539015606243,FALSE
CLEC1B,0.0846578631452581,FALSE
PDE1A,-0.0846578631452581,FALSE
DHDDS,-0.0846578631452581,FALSE
ZNF608,0.0846578631452581,FALSE
STK16,-0.0846578631452581,FALSE
TCTN1,-0.0846578631452581,FALSE
NFATC1,-0.0846578631452581,TRUE
MED14,0.0846578631452581,FALSE
XDH,-0.0846578631452581,FALSE
GSTA4,0.0846578631452581,FALSE
GKN2,0.0846578631452581,FALSE
NRG3,0.084561824729892,FALSE
MRPL32,-0.084561824729892,FALSE
BNIP1,-0.084561824729892,FALSE
SNX9,0.084561824729892,FALSE
EML6,-0.084561824729892,FALSE
AMPD3,0.0844657863145258,FALSE
RABL2B,0.0844657863145258,FALSE
PRKAA1,0.0844657863145258,FALSE
LOC100130768,-0.0844657863145258,FALSE
MAK,-0.0844657863145258,FALSE
MED27,0.0843697478991597,FALSE
GOT1L1,0.0843697478991597,FALSE
CMA1,0.0843697478991597,FALSE
CYP3A43,0.0843697478991597,FALSE
EPRS,-0.0843697478991597,FALSE
C14orf41,0.0843697478991597,FALSE
SCNN1D,0.0841776710684274,FALSE
KRT77,-0.0841776710684274,FALSE
FOPNL,-0.0841776710684274,FALSE
C19orf29-AS1,-0.0841776710684274,FALSE
CACNA1F,0.0841776710684274,FALSE
NEFL,0.0841776710684274,FALSE
SLC16A14,0.0841776710684274,FALSE
RNASE8,-0.0841776710684274,FALSE
EDN2,-0.0840816326530612,FALSE
NOP14,-0.0840816326530612,FALSE
LOC100130456,-0.0840816326530612,FALSE
FAM149B1,-0.0840816326530612,FALSE
YSK4,0.0840816326530612,FALSE
MARCO,-0.0839855942376951,FALSE
BCORP1,0.0839855942376951,FALSE
PSMD9,-0.0839855942376951,FALSE
RIMS4,-0.0839855942376951,FALSE
CLDN24,0.0839855942376951,FALSE
C12orf65,-0.0839855942376951,FALSE
PNPLA5,-0.0839855942376951,FALSE
OR2A7,0.0839855942376951,FALSE
ARVP6125,0.0839855942376951,FALSE
USP43,0.0839855942376951,FALSE
CDV3,-0.0838895558223289,FALSE
IQCE,0.0838895558223289,FALSE
METTL19,0.0838895558223289,FALSE
MYCN,0.0838895558223289,TRUE
FAM40A,0.0837935174069628,FALSE
LOC100132077,-0.0837935174069628,FALSE
FLJ32756,-0.0837935174069628,FALSE
SYNPO2,0.0837935174069628,FALSE
LOC349160,-0.0837935174069628,FALSE
IGF2BP3,-0.0836974789915966,FALSE
LOC100134285,-0.0836974789915966,FALSE
FLJ44342,0.0836974789915966,FALSE
KCNH8,0.0836974789915966,FALSE
EBF2,-0.0836974789915966,TRUE
ZCCHC16,0.0836974789915966,FALSE
LOC728228,-0.0836974789915966,FALSE
LOC404266,-0.0836014405762305,FALSE
SATL1,-0.0836014405762305,FALSE
DYNC2LI1,0.0836014405762305,FALSE
GRHL1,0.0835054021608644,TRUE
LOC100132249,-0.0835054021608644,FALSE
KANK2,0.0835054021608644,FALSE
WDR6,-0.0835054021608644,FALSE
LOC644450,-0.0835054021608644,FALSE
DLC1,-0.0834093637454982,FALSE
LOC283713,0.0834093637454982,FALSE
NTAN1,-0.0834093637454982,FALSE
PRNP,-0.0834093637454982,FALSE
CPT1A,-0.0834093637454982,FALSE
PLCH1,0.0834093637454982,FALSE
PODN,0.0833133253301321,FALSE
ZMAT3,-0.0833133253301321,FALSE
TMEM143,0.0833133253301321,FALSE
PRMT3,-0.0832172869147659,FALSE
LOC401445,0.0831212484993998,FALSE
PNLIPRP1,-0.0831212484993998,FALSE
RPRML,-0.0831212484993998,FALSE
SLC45A2,0.0831212484993998,FALSE
F2RL1,0.0831212484993998,FALSE
EPO,0.0831212484993998,FALSE
LRRC42,0.0830252100840336,FALSE
MESDC1,-0.0830252100840336,FALSE
OR7E5P,0.0830252100840336,FALSE
C1orf226,-0.0830252100840336,FALSE
SLC17A7,-0.0830252100840336,FALSE
MARS,-0.0830252100840336,FALSE
NFIL3,-0.0829291716686675,TRUE
TRIM2,0.0829291716686675,FALSE
FOXK2,0.0829291716686675,TRUE
LOC153546,-0.0829291716686675,FALSE
WFDC6,-0.0829291716686675,FALSE
RPLP0,-0.0829291716686675,FALSE
FRMD5,-0.0829291716686675,FALSE
SIPA1L3,-0.0829291716686675,FALSE
OR2G3,-0.0829291716686675,FALSE
CYCS,-0.0828331332533013,FALSE
THUMPD1,-0.0828331332533013,FALSE
C19orf42,0.0828331332533013,FALSE
DPPA5,0.0828331332533013,FALSE
NFIC,0.0828331332533013,TRUE
VIL1,-0.0828331332533013,FALSE
ALDOC,0.0827370948379352,FALSE
LPHN2,0.0827370948379352,FALSE
ADNP,0.0827370948379352,TRUE
LOC285889,0.0827370948379352,FALSE
IREB2,0.082641056422569,FALSE
SPN,-0.082641056422569,FALSE
LOC400706,0.082641056422569,FALSE
OTP,0.082641056422569,TRUE
MPP6,-0.082641056422569,FALSE
LOC283516,-0.082641056422569,FALSE
ANKRD62,0.0825450180072029,FALSE
C2orf74,0.0825450180072029,FALSE
WDR43,-0.0825450180072029,FALSE
KRAS,-0.0825450180072029,FALSE
APBA2,-0.0825450180072029,FALSE
MAGED2,-0.0825450180072029,FALSE
LOC283674,0.0825450180072029,FALSE
CLC,0.0824489795918367,FALSE
MGC15885,0.0824489795918367,FALSE
BREA2,0.0824489795918367,FALSE
C7orf66,0.0824489795918367,FALSE
MTFP1,-0.0824489795918367,FALSE
ZNF728,0.0824489795918367,TRUE
SEMA6C,0.0824489795918367,FALSE
SHB,-0.0824489795918367,FALSE
IMP3,0.0824489795918367,FALSE
EPC2,-0.0824489795918367,FALSE
STX3,0.0824489795918367,FALSE
ZFP106,0.0823529411764706,FALSE
YJEFN3,-0.0823529411764706,FALSE
CR1,-0.0823529411764706,FALSE
C2orf72,-0.0823529411764706,FALSE
FANCM,0.0823529411764706,FALSE
CRYM-AS1,-0.0823529411764706,FALSE
DLX3,-0.0823529411764706,TRUE
LINC00470,-0.0823529411764706,FALSE
SLCO5A1,0.0823529411764706,FALSE
PPFIA4,0.0823529411764706,FALSE
KLF4,0.0822569027611045,TRUE
PSG9,-0.0822569027611045,FALSE
FLI1,0.0822569027611045,TRUE
IGFBP6,-0.0822569027611045,FALSE
SLC2A14,-0.0821608643457383,FALSE
PEG10,0.0821608643457383,FALSE
DPYD,-0.0821608643457383,FALSE
USP33,0.0821608643457383,FALSE
MICAL1,0.0821608643457383,FALSE
PLEKHD1,-0.0821608643457383,FALSE
ACOT7,-0.0821608643457383,FALSE
LOC100506485,0.0821608643457383,FALSE
FLJ33581,-0.0820648259303722,FALSE
C22orf37,-0.0820648259303722,FALSE
ANKRD22,-0.0820648259303722,FALSE
GALM,0.0820648259303722,FALSE
HUWE1,-0.0820648259303722,FALSE
NOC4L,0.081968787515006,FALSE
ZNF286B,0.081968787515006,TRUE
AZGP1P1,0.081968787515006,FALSE
SLC29A2,-0.081968787515006,FALSE
LINC00339,-0.0818727490996399,FALSE
USO1,-0.0818727490996399,FALSE
LOC100129515,-0.0818727490996399,FALSE
C14orf28,0.0818727490996399,FALSE
TRIM37,-0.0817767106842737,FALSE
EXOC4,0.0817767106842737,FALSE
KIAA1804,-0.0817767106842737,FALSE
TAX1BP3,0.0817767106842737,FALSE
POLR2J4,-0.0817767106842737,FALSE
CD300E,0.0817767106842737,FALSE
TTTY14,0.0817767106842737,FALSE
LOC100130051,-0.0816806722689076,FALSE
FXC1,0.0816806722689076,FALSE
RASD2,-0.0816806722689076,FALSE
CSRP1,-0.0816806722689076,FALSE
C20orf20,-0.0816806722689076,FALSE
CACNA2D3,0.0816806722689076,FALSE
SULT1C2,0.0816806722689076,FALSE
S100A7L2,-0.0816806722689076,FALSE
ADAM3A,0.0815846338535414,FALSE
ZBTB8B,-0.0815846338535414,TRUE
COPE,-0.0815846338535414,FALSE
PYDC1,-0.0815846338535414,FALSE
TTC7B,0.0815846338535414,FALSE
ZNF550,-0.0815846338535414,TRUE
RSF1,0.0815846338535414,FALSE
SLC12A6,-0.0815846338535414,FALSE
LOC728975,-0.0815846338535414,FALSE
FLJ33544,0.0815846338535414,FALSE
GUSBP11,0.0814885954381753,FALSE
C7orf43,-0.0814885954381753,FALSE
PERP,0.0814885954381753,FALSE
LRRC49,-0.0814885954381753,FALSE
PRSS53,0.0814885954381753,FALSE
ITLN1,0.0813925570228091,FALSE
CAST,0.0813925570228091,FALSE
ZNF597,0.0813925570228091,TRUE
ESRP2,-0.0813925570228091,FALSE
INSL5,0.0813925570228091,FALSE
LOC100130451,0.0813925570228091,FALSE
CCDC30,-0.0813925570228091,FALSE
LTB,0.0813925570228091,FALSE
ABCA1,0.081296518607443,FALSE
SMAGP,0.081296518607443,FALSE
GABRP,-0.0812004801920768,FALSE
FLJ37505,0.0812004801920768,FALSE
GPR173,-0.0812004801920768,FALSE
LAMTOR3,-0.0811044417767107,FALSE
LOC644277,-0.0811044417767107,FALSE
AKAP7,0.0811044417767107,FALSE
GPC4,-0.0811044417767107,FALSE
LOC100130921,0.0811044417767107,FALSE
TNFRSF17,0.0811044417767107,FALSE
HTR3D,0.0810084033613446,FALSE
C3orf58,-0.0810084033613446,FALSE
LOC100130468,0.0810084033613446,FALSE
EPDR1,0.0810084033613446,FALSE
HAO1,0.0810084033613446,FALSE
ANGPTL7,-0.0810084033613446,FALSE
IGF2BP2,-0.0809123649459784,FALSE
PPP2R5B,0.0809123649459784,FALSE
MPPED1,-0.0809123649459784,FALSE
CHD1,0.0808163265306122,FALSE
NARS,-0.0808163265306122,FALSE
CD99,-0.0808163265306122,FALSE
PSME4,-0.0808163265306122,FALSE
ASPDH,-0.0808163265306122,FALSE
GOLGA6L1,-0.0807202881152461,FALSE
KYNU,-0.0807202881152461,FALSE
RASSF5,-0.0807202881152461,FALSE
PRKAR2A,-0.0807202881152461,FALSE
WDR64,0.0807202881152461,FALSE
LAP3,0.0807202881152461,FALSE
ZNF423,-0.0807202881152461,TRUE
CHP,-0.0807202881152461,FALSE
ZIM2,0.0806242496998799,TRUE
ZNF766,-0.0806242496998799,TRUE
CRYGC,-0.0806242496998799,FALSE
ORF1,0.0806242496998799,FALSE
APOBEC2,0.0805282112845138,FALSE
ARC,0.0805282112845138,FALSE
TTLL5,0.0805282112845138,FALSE
TMEM101,-0.0805282112845138,FALSE
C19orf68,0.0805282112845138,FALSE
MARCH2,0.0805282112845138,FALSE
IFNA10,-0.0805282112845138,FALSE
SLA2,0.0804321728691477,FALSE
IVD,-0.0804321728691477,FALSE
LOC440292,-0.0804321728691477,FALSE
EFNA3,0.0804321728691477,FALSE
NAP1L6,0.0804321728691477,FALSE
CD46,0.0803361344537815,FALSE
LGALS7,-0.0803361344537815,FALSE
ZNF420,-0.0803361344537815,TRUE
ZNF833P,-0.0803361344537815,TRUE
KLF13,0.0803361344537815,TRUE
LOC646736,-0.0802400960384154,FALSE
MAPK14,-0.0802400960384154,FALSE
ZNF416,0.0802400960384154,TRUE
CREB3L3,0.0802400960384154,TRUE
CYP1B1,0.0801440576230492,FALSE
MMP19,-0.0801440576230492,FALSE
MTMR4,-0.0801440576230492,FALSE
TMEM177,-0.0801440576230492,FALSE
FOXQ1,0.0801440576230492,TRUE
LST1,0.0800480192076831,FALSE
ISM2,0.0800480192076831,FALSE
FAR1,-0.0800480192076831,FALSE
LOC283038,0.0800480192076831,FALSE
C4orf43,-0.0800480192076831,FALSE
GFOD1,0.0800480192076831,FALSE
FBLN5,0.0800480192076831,FALSE
FGFBP1,-0.0800480192076831,FALSE
OR7D2,-0.0800480192076831,FALSE
LILRA5,-0.0799519807923169,FALSE
HIGD1A,-0.0799519807923169,FALSE
LYPD4,0.0799519807923169,FALSE
INSL4,-0.0799519807923169,FALSE
DUSP4,0.0798559423769508,FALSE
ZPBP2,-0.0798559423769508,FALSE
BCL2L14,0.0798559423769508,FALSE
CLIP3,0.0798559423769508,FALSE
LOC100128185,-0.0798559423769508,FALSE
MYB,-0.0797599039615846,TRUE
SYT6,0.0797599039615846,FALSE
OGFRL1,-0.0797599039615846,FALSE
EFNB2,0.0796638655462185,FALSE
SNX10,-0.0796638655462185,FALSE
C18orf45,-0.0796638655462185,FALSE
RDH10,-0.0796638655462185,FALSE
TRIM17,-0.0796638655462185,FALSE
SNW1,-0.0796638655462185,FALSE
BTRC,-0.0796638655462185,FALSE
LOC285627,0.0796638655462185,FALSE
UNC13A,-0.0796638655462185,FALSE
SRSF6,-0.0795678271308523,FALSE
CCDC41,-0.0795678271308523,FALSE
PHYHIPL,-0.0795678271308523,FALSE
PHF8,-0.0795678271308523,FALSE
LOC150935,0.0795678271308523,FALSE
COL13A1,0.0795678271308523,FALSE
MAX,-0.0794717887154862,TRUE
POLL,0.0794717887154862,FALSE
RPGRIP1L,-0.0794717887154862,FALSE
FAM25A,0.0794717887154862,FALSE
ARHGEF26,0.0794717887154862,FALSE
SLC36A3,0.0794717887154862,FALSE
IZUMO2,0.0794717887154862,FALSE
C8orf38,-0.0793757503001201,FALSE
LOC100507410,-0.0792797118847539,FALSE
TMED10,-0.0792797118847539,FALSE
OR5F1,-0.0792797118847539,FALSE
GCNT7,0.0792797118847539,FALSE
NR1I2,-0.0792797118847539,TRUE
TCF21,0.0792797118847539,TRUE
MYL1,-0.0791836734693878,FALSE
FUZ,0.0791836734693878,FALSE
CASP10,0.0791836734693878,FALSE
TTC5,-0.0791836734693878,FALSE
C11orf42,-0.0791836734693878,FALSE
SMAD1,-0.0790876350540216,TRUE
ANKRD36,-0.0790876350540216,FALSE
MAML2,0.0790876350540216,FALSE
PRRC1,0.0790876350540216,FALSE
SPRYD7,0.0790876350540216,FALSE
TTTY15,-0.0790876350540216,FALSE
XRRA1,-0.0789915966386555,FALSE
IFIT2,-0.0789915966386555,FALSE
NRADDP,0.0789915966386555,FALSE
GPR89B,-0.0789915966386555,FALSE
R3HCC1,-0.0789915966386555,FALSE
GABRA5,0.0788955582232893,FALSE
ZNF223,0.0788955582232893,TRUE
GIPR,-0.0788955582232893,FALSE
ID2,-0.0788955582232893,FALSE
FGF20,-0.0788955582232893,FALSE
DIEXF,-0.0788955582232893,FALSE
KCNK3,-0.0787995198079232,FALSE
KIAA0090,-0.0787995198079232,FALSE
AQR,0.0787995198079232,FALSE
PARP9,0.0787995198079232,FALSE
RCHY1,0.0787995198079232,FALSE
ZNF415,-0.078703481392557,TRUE
DMWD,0.078703481392557,FALSE
PHOX2B,0.078703481392557,TRUE
KIFC3,0.078703481392557,FALSE
FLJ25758,-0.078703481392557,FALSE
HIST2H2BA,-0.078703481392557,FALSE
OR4S2,-0.078703481392557,FALSE
LOC285547,0.078703481392557,FALSE
DNAJB3,-0.078703481392557,FALSE
LINC00207,-0.0786074429771909,FALSE
NCK1,-0.0786074429771909,FALSE
ACSM5,0.0786074429771909,FALSE
LOC728503,-0.0786074429771909,FALSE
SH3GL1P2,0.0786074429771909,FALSE
DKFZp547J222,0.0786074429771909,FALSE
HTN3,0.0786074429771909,FALSE
PLA2G4D,-0.0786074429771909,FALSE
ZNF217,-0.0785114045618247,TRUE
GOLGA6L5,0.0785114045618247,FALSE
SARM1,-0.0785114045618247,FALSE
ZNF285,0.0785114045618247,TRUE
FRMD1,0.0784153661464586,FALSE
LOC100131067,-0.0784153661464586,FALSE
SLCO2A1,-0.0784153661464586,FALSE
ZGPAT,0.0784153661464586,TRUE
KRT23,0.0784153661464586,FALSE
HOXC13,-0.0784153661464586,TRUE
LOC100129721,-0.0784153661464586,FALSE
ZSCAN22,-0.0784153661464586,TRUE
DEFB115,-0.0783193277310924,FALSE
HEPH,-0.0783193277310924,FALSE
SNX2,-0.0783193277310924,FALSE
HAB1,0.0783193277310924,FALSE
OLR1,0.0783193277310924,FALSE
LINC00494,-0.0783193277310924,FALSE
SULT1C4,0.0782232893157263,FALSE
TMEM41B,0.0782232893157263,FALSE
TKTL1,-0.0782232893157263,FALSE
TXK,0.0782232893157263,FALSE
C3orf33,0.0781272509003602,FALSE
CTAGE4,0.0781272509003602,FALSE
OGG1,0.0781272509003602,FALSE
DDX31,0.0781272509003602,FALSE
SCAF11,-0.078031212484994,FALSE
TMEM38A,0.078031212484994,FALSE
ABI3,-0.078031212484994,FALSE
SERPINI2,-0.078031212484994,FALSE
LOC645967,0.078031212484994,FALSE
NEDD9,0.0779351740696279,FALSE
CD3D,0.0779351740696279,FALSE
TMC4,0.0779351740696279,FALSE
POFUT1,0.0779351740696279,FALSE
CCT5,0.0779351740696279,FALSE
PPIL6,0.0779351740696279,FALSE
ATP10D,-0.0779351740696279,FALSE
SERPINA9,0.0779351740696279,FALSE
TBC1D23,-0.0778391356542617,FALSE
RAB34,0.0778391356542617,FALSE
SERTM1,0.0778391356542617,FALSE
WFDC10A,-0.0777430972388956,FALSE
C1orf146,0.0777430972388956,FALSE
APOM,0.0777430972388956,FALSE
CLASP2,0.0777430972388956,FALSE
RUVBL1,-0.0777430972388956,FALSE
HLA-DQB1,0.0777430972388956,FALSE
TTC33,0.0777430972388956,FALSE
SETBP1,-0.0777430972388956,FALSE
LOC100130894,-0.0777430972388956,FALSE
NBPF15,-0.0776470588235294,FALSE
RSAD2,-0.0776470588235294,FALSE
LOC100131138,-0.0776470588235294,FALSE
ALKBH2,-0.0776470588235294,FALSE
TAF5,-0.0776470588235294,FALSE
IFITM10,-0.0776470588235294,FALSE
BPIFA4P,-0.0776470588235294,FALSE
EPS8,0.0775510204081633,FALSE
SSU72,0.0775510204081633,FALSE
MDGA2,0.0775510204081633,FALSE
SETMAR,-0.0774549819927971,FALSE
FUNDC2P2,-0.0774549819927971,FALSE
PIGY,-0.0774549819927971,FALSE
VGLL1,-0.0774549819927971,FALSE
GLYATL2,-0.0774549819927971,FALSE
HLA-DMB,0.0774549819927971,FALSE
GPAT2,-0.077358943577431,FALSE
FBXW9,0.077358943577431,FALSE
C20orf85,0.077358943577431,FALSE
MYBL2,-0.0772629051620648,TRUE
ZNF454,-0.0772629051620648,TRUE
NUPR1,0.0772629051620648,FALSE
BTBD19,-0.0771668667466987,FALSE
TMED7-TICAM2,0.0771668667466987,FALSE
ITGAX,-0.0771668667466987,FALSE
NLRP5,-0.0771668667466987,FALSE
LOC339666,-0.0771668667466987,FALSE
BCL3,-0.0770708283313325,FALSE
ZNF675,0.0770708283313325,TRUE
RAPSN,-0.0770708283313325,FALSE
C9orf146,0.0770708283313325,FALSE
SPATA22,-0.0770708283313325,FALSE
CYB5RL,0.0770708283313325,FALSE
MICALL2,-0.0770708283313325,FALSE
ADD3,0.0770708283313325,FALSE
HOTAIR,-0.0770708283313325,FALSE
TRIM64,-0.0770708283313325,FALSE
PDE11A,-0.0769747899159664,FALSE
LAMB1,-0.0769747899159664,FALSE
GK,-0.0769747899159664,FALSE
CAND2,-0.0769747899159664,FALSE
LOC100132501,-0.0769747899159664,FALSE
C6orf162,-0.0769747899159664,FALSE
LRRIQ4,0.0769747899159664,FALSE
ROR2,-0.0769747899159664,FALSE
KRTAP6-2,0.0769747899159664,FALSE
LDLR,-0.0768787515006003,FALSE
MPST,-0.0768787515006003,FALSE
FGF3,0.0768787515006003,FALSE
FLJ90757,-0.0768787515006003,FALSE
RPS14,-0.0767827130852341,FALSE
FAM43B,-0.0767827130852341,FALSE
NFIB,0.0767827130852341,TRUE
CD84,0.0767827130852341,FALSE
WRN,0.0767827130852341,FALSE
KRTAP1-5,-0.0767827130852341,FALSE
ZNF549,0.0767827130852341,TRUE
ZNF521,-0.0767827130852341,FALSE
AMIGO1,-0.076686674669868,FALSE
CST3,-0.076686674669868,FALSE
COTL1,-0.076686674669868,FALSE
ARRDC1,0.0765906362545018,FALSE
LIN37,0.0765906362545018,FALSE
CDH24,0.0765906362545018,FALSE
C12orf26,-0.0765906362545018,FALSE
LOC100133920,-0.0765906362545018,FALSE
BMI1,0.0765906362545018,FALSE
NTRK1,-0.0765906362545018,FALSE
IGSF8,0.0764945978391357,FALSE
B4GALNT3,-0.0764945978391357,FALSE
PIGR,0.0764945978391357,FALSE
CD200,-0.0763985594237695,FALSE
DIDO1,-0.0763985594237695,FALSE
NMBR,0.0763985594237695,FALSE
TRPC3,0.0763985594237695,FALSE
CHRND,-0.0763985594237695,FALSE
GIF,-0.0763985594237695,FALSE
LINC00266-1,0.0763025210084034,FALSE
SULT2A1,-0.0763025210084034,FALSE
FAM83F,0.0763025210084034,FALSE
PAIP2,0.0763025210084034,FALSE
GLTP,0.0763025210084034,FALSE
FAM99B,0.0763025210084034,FALSE
FBXL21,-0.0763025210084034,FALSE
ODF1,-0.0762064825930372,FALSE
KIAA1654,-0.0762064825930372,FALSE
IL7,-0.0762064825930372,FALSE
OR5R1,-0.0762064825930372,FALSE
SLC30A2,-0.0762064825930372,FALSE
FLJ43879,0.0762064825930372,FALSE
FBXO21,0.0762064825930372,FALSE
DCAF8L2,-0.0761104441776711,FALSE
P2RY12,-0.0761104441776711,FALSE
MSTO1,-0.0760144057623049,FALSE
HIST2H2BF,0.0760144057623049,FALSE
LOC729177,-0.0760144057623049,FALSE
FBXO39,-0.0760144057623049,FALSE
SNX3,-0.0760144057623049,FALSE
ICOSLG,-0.0760144057623049,FALSE
LOC144817,0.0760144057623049,FALSE
RGSL1,0.0760144057623049,FALSE
TTTY16,0.0759183673469388,FALSE
NTRK2,-0.0759183673469388,FALSE
GTPBP5,0.0759183673469388,FALSE
CHRNB3,-0.0759183673469388,FALSE
PDE4C,-0.0759183673469388,FALSE
DSG2,0.0759183673469388,FALSE
QRICH2,-0.0758223289315726,FALSE
ACD,0.0758223289315726,FALSE
VIM,-0.0758223289315726,FALSE
CAPSL,-0.0758223289315726,FALSE
OR1L1,-0.0758223289315726,FALSE
ARFGEF1,-0.0758223289315726,FALSE
GLRA2,0.0757262905162065,FALSE
KRTAP8-1,-0.0757262905162065,FALSE
CCNB3,0.0757262905162065,FALSE
CXorf61,-0.0757262905162065,FALSE
ZNF695,-0.0757262905162065,TRUE
TUBGCP3,0.0757262905162065,FALSE
RINL,-0.0757262905162065,FALSE
GPR15,0.0757262905162065,FALSE
LAMB4,-0.0756302521008403,FALSE
CACNA2D1,0.0756302521008403,FALSE
LRAT,0.0756302521008403,FALSE
CYLC2,0.0756302521008403,FALSE
CLASP1,-0.0756302521008403,FALSE
KAL1,-0.0756302521008403,FALSE
CD70,-0.0756302521008403,FALSE
CBR4,0.0756302521008403,FALSE
AGTR2,0.0755342136854742,FALSE
C11orf1,0.0755342136854742,FALSE
OR5K2,0.0755342136854742,FALSE
RBM4,-0.0755342136854742,FALSE
EIF3E,-0.0755342136854742,FALSE
LOC441455,0.0754381752701081,FALSE
LOC100288292,0.0754381752701081,FALSE
TP53TG5,-0.0754381752701081,FALSE
FAM83E,-0.0754381752701081,FALSE
MYPN,-0.0754381752701081,FALSE
TTLL2,0.0754381752701081,FALSE
C8orf75,-0.0754381752701081,FALSE
PIR,-0.0753421368547419,FALSE
PNRC2,0.0753421368547419,FALSE
ZNF732,0.0753421368547419,TRUE
CLN3,-0.0753421368547419,FALSE
CDYL,-0.0753421368547419,FALSE
TRIM33,0.0753421368547419,FALSE
SP140,0.0753421368547419,TRUE
FGFBP2,0.0753421368547419,FALSE
SLC27A2,-0.0753421368547419,FALSE
AOX2P,0.0752460984393758,FALSE
SART1,0.0752460984393758,FALSE
HNMT,-0.0752460984393758,FALSE
EIF3A,0.0752460984393758,FALSE
SSNA1,-0.0752460984393758,FALSE
NRK,-0.0752460984393758,FALSE
MT4,0.0752460984393758,FALSE
CNTD2,-0.0751500600240096,FALSE
ZFAND3,-0.0751500600240096,FALSE
ORAI2,0.0751500600240096,FALSE
TMEM218,-0.0751500600240096,FALSE
LYPD2,-0.0751500600240096,FALSE
LOC374890,-0.0751500600240096,FALSE
PRR9,-0.0751500600240096,FALSE
LOC645188,-0.0750540216086435,FALSE
AKIRIN2,-0.0750540216086435,FALSE
WNT11,-0.0749579831932773,FALSE
HNRNPK,-0.0749579831932773,FALSE
ARF6,0.0749579831932773,FALSE
ACTR3C,-0.0749579831932773,FALSE
AMELX,-0.0749579831932773,FALSE
EGFR,-0.0748619447779112,FALSE
TARBP2,-0.0748619447779112,FALSE
ACTR3B,0.0748619447779112,FALSE
THAP7-AS1,0.0748619447779112,FALSE
DYRK1B,-0.0748619447779112,FALSE
KIAA1755,0.0748619447779112,FALSE
NKAPP1,0.0748619447779112,FALSE
TNFRSF1A,0.0748619447779112,FALSE
FLJ42969,-0.0748619447779112,FALSE
NIF3L1,-0.0748619447779112,FALSE
C16orf92,0.0748619447779112,FALSE
MYH2,0.074765906362545,FALSE
MAPKAPK3,-0.074765906362545,FALSE
ETV3,-0.074765906362545,TRUE
SLC37A4,0.074765906362545,FALSE
ITM2C,-0.074765906362545,FALSE
SLC15A1,-0.074765906362545,FALSE
PLEKHA5,-0.0746698679471789,FALSE
IL31,-0.0746698679471789,FALSE
DGKB,0.0745738295318127,FALSE
SERINC5,-0.0745738295318127,FALSE
C6orf57,-0.0745738295318127,FALSE
ARHGEF33,-0.0745738295318127,FALSE
WFIKKN1,0.0745738295318127,FALSE
LIMK1,0.0745738295318127,FALSE
TMEM170A,0.0745738295318127,FALSE
LOC645591,-0.0745738295318127,FALSE
PCDHB8,0.0745738295318127,FALSE
COX3,0.0744777911164466,FALSE
R3HDM1,-0.0744777911164466,FALSE
OPRL1,-0.0744777911164466,FALSE
IFT80,-0.0744777911164466,FALSE
ENPP1,0.0744777911164466,FALSE
LOC727799,-0.0744777911164466,FALSE
KIR2DS4,-0.0744777911164466,FALSE
OR8K1,0.0743817527010804,FALSE
KPTN,-0.0743817527010804,FALSE
ZNF462,0.0743817527010804,TRUE
LOC100289509,0.0743817527010804,FALSE
ALOX12,0.0742857142857143,FALSE
DCLK2,0.0742857142857143,FALSE
WDR78,-0.0742857142857143,FALSE
PTGER3,0.0742857142857143,FALSE
FBXO9,0.0742857142857143,FALSE
PATZ1,-0.0742857142857143,TRUE
C4orf45,0.0742857142857143,FALSE
PCDHB14,-0.0742857142857143,FALSE
ING1,-0.0741896758703481,FALSE
CBLN1,0.0741896758703481,FALSE
C14orf126,0.0741896758703481,FALSE
RBFA,-0.0741896758703481,FALSE
LOC730338,0.0741896758703481,FALSE
DDR1,0.0741896758703481,FALSE
NOP16,-0.074093637454982,FALSE
ADH5,0.074093637454982,FALSE
ULK2,-0.074093637454982,FALSE
ZNF410,0.074093637454982,TRUE
GPD2,0.074093637454982,FALSE
ZNF77,0.074093637454982,TRUE
ADAM5P,0.0739975990396159,FALSE
ZNF830,-0.0739975990396159,FALSE
B2M,-0.0739975990396159,FALSE
ATP6V1B2,0.0739975990396159,FALSE
RNF138,-0.0739975990396159,FALSE
LRRC7,-0.0739015606242497,FALSE
ARGLU1,0.0739015606242497,FALSE
C22orf40,0.0739015606242497,FALSE
DNAJB13,0.0739015606242497,FALSE
LOC145945,-0.0739015606242497,FALSE
PCGF2,0.0739015606242497,FALSE
ASB15,0.0739015606242497,FALSE
ZIK1,0.0738055222088836,TRUE
ATF2,-0.0738055222088836,TRUE
LGALS9C,-0.0738055222088836,FALSE
RABEP2,-0.0738055222088836,FALSE
PCDHA11,-0.0738055222088836,FALSE
LOC643542,0.0738055222088836,FALSE
MEMO1,-0.0737094837935174,FALSE
DCAF10,0.0737094837935174,FALSE
TALDO1,-0.0737094837935174,FALSE
FOXI3,-0.0737094837935174,TRUE
F2R,0.0737094837935174,FALSE
LOC100130924,0.0737094837935174,FALSE
KRTAP4-6,-0.0737094837935174,FALSE
LOC100240735,0.0737094837935174,FALSE
ATP5E,-0.0736134453781513,FALSE
KRTAP19-2,-0.0736134453781513,FALSE
AZIN1,-0.0736134453781513,FALSE
DNAJC25,-0.0736134453781513,FALSE
MGC34796,-0.0736134453781513,FALSE
LOC286121,-0.0736134453781513,FALSE
CSTL1,0.0736134453781513,FALSE
LOC389834,-0.0735174069627851,FALSE
ELMO1,-0.0735174069627851,FALSE
MACROD1,-0.0735174069627851,FALSE
OR4C12,0.073421368547419,FALSE
SIGLECP3,-0.073421368547419,FALSE
LOC286467,-0.073421368547419,FALSE
AP3B2,-0.073421368547419,FALSE
TSPAN19,0.073421368547419,FALSE
NMS,0.073421368547419,FALSE
NAA15,0.0733253301320528,FALSE
NR2F6,-0.0733253301320528,TRUE
PLEKHH1,0.0733253301320528,FALSE
SYNGR3,0.0733253301320528,FALSE
LOC100130231,-0.0733253301320528,FALSE
LOC100131497,-0.0732292917166867,FALSE
HOXB6,0.0732292917166867,TRUE
RHOQ,0.0732292917166867,FALSE
DPP3,0.0732292917166867,FALSE
GON4L,0.0732292917166867,FALSE
GPR84,-0.0732292917166867,FALSE
TRADD,-0.0732292917166867,FALSE
LOC389676,-0.0732292917166867,FALSE
ZDBF2,-0.0732292917166867,FALSE
IL12A,0.0732292917166867,FALSE
RNF128,0.0732292917166867,FALSE
PDE1C,-0.0731332533013205,FALSE
CERK,0.0731332533013205,FALSE
ENTPD8,0.0731332533013205,FALSE
TPK1,-0.0731332533013205,FALSE
MLLT10,-0.0731332533013205,FALSE
MRP63,0.0731332533013205,FALSE
C11orf91,0.0731332533013205,FALSE
PDE6C,-0.0731332533013205,FALSE
LILRA3,-0.0730372148859544,FALSE
PCBP4,0.0730372148859544,FALSE
FIG4,0.0730372148859544,FALSE
LOC100288069,0.0730372148859544,FALSE
LOC152586,-0.0730372148859544,FALSE
CNGB3,-0.0729411764705882,FALSE
FGFR2,-0.0729411764705882,FALSE
ICOS,0.0729411764705882,FALSE
TBC1D28,0.0729411764705882,FALSE
LOC100128075,-0.0729411764705882,FALSE
IFITM1,-0.0728451380552221,FALSE
SPDYE3,-0.0728451380552221,FALSE
SLAIN2,0.0728451380552221,FALSE
TTTY17A,-0.0728451380552221,FALSE
FOXR1,-0.0728451380552221,TRUE
SLCO1B3,0.0728451380552221,FALSE
ACLY,-0.072749099639856,FALSE
C1orf187,0.072749099639856,FALSE
SSPO,-0.072749099639856,FALSE
FLJ39739,-0.072749099639856,FALSE
OMG,-0.072749099639856,FALSE
C5orf63,-0.0726530612244898,FALSE
OR5H6,-0.0726530612244898,FALSE
HYOU1,0.0726530612244898,FALSE
CLDN8,0.0726530612244898,FALSE
CACNA1E,-0.0725570228091237,FALSE
FLJ31356,0.0725570228091237,FALSE
DPYSL2,0.0725570228091237,FALSE
NUAK1,0.0725570228091237,FALSE
LRRC29,-0.0725570228091237,FALSE
NT5E,-0.0725570228091237,FALSE
BICD2,0.0725570228091237,FALSE
TAF3,-0.0725570228091237,FALSE
ZNF311,0.0725570228091237,TRUE
ENHO,-0.0725570228091237,FALSE
GSTA2,0.0724609843937575,FALSE
XAB2,0.0724609843937575,FALSE
MSL3P1,0.0724609843937575,FALSE
TSG1,-0.0724609843937575,FALSE
NFYC,-0.0724609843937575,TRUE
ONECUT2,-0.0724609843937575,TRUE
TMEM165,0.0723649459783914,FALSE
PIK3AP1,-0.0723649459783914,FALSE
NKIRAS1,0.0723649459783914,FALSE
AK1,-0.0723649459783914,FALSE
KIAA0391,-0.0722689075630252,FALSE
LOC414300,0.0722689075630252,FALSE
LOC153811,-0.0722689075630252,FALSE
LOC641518,0.0722689075630252,FALSE
CYB5D1,-0.0721728691476591,FALSE
LOC100506328,0.0721728691476591,FALSE
LOC285878,0.0720768307322929,FALSE
DCAF4L2,-0.0720768307322929,FALSE
SLC25A23,0.0720768307322929,FALSE
TONSL,-0.0720768307322929,FALSE
CNIH2,0.0720768307322929,FALSE
ATOH7,0.0720768307322929,TRUE
TM6SF1,-0.0719807923169268,FALSE
CNTNAP3B,0.0719807923169268,FALSE
MORF4L2,-0.0719807923169268,FALSE
TTTY5,-0.0719807923169268,FALSE
CNR2,-0.0719807923169268,FALSE
METTL2A,-0.0718847539015606,FALSE
TIA1,-0.0718847539015606,FALSE
OR2T8,0.0718847539015606,FALSE
SERPINB6,0.0718847539015606,FALSE
LOC157931,-0.0718847539015606,FALSE
SPACA3,-0.0718847539015606,FALSE
PPAPDC2,-0.0718847539015606,FALSE
OR10H1,0.0718847539015606,FALSE
RPS4Y1,-0.0718847539015606,FALSE
TRIM11,0.0717887154861945,FALSE
LOC100130419,0.0717887154861945,FALSE
TXNDC15,-0.0717887154861945,FALSE
PTGDR2,0.0717887154861945,FALSE
PIK3CD,0.0716926770708283,FALSE
MAP7,0.0716926770708283,FALSE
FLJ10661,0.0716926770708283,FALSE
LOC100133131,0.0716926770708283,FALSE
RAB8B,-0.0716926770708283,FALSE
LRWD1,0.0716926770708283,FALSE
MAGEF1,0.0716926770708283,FALSE
ANXA9,0.0716926770708283,FALSE
CLDN6,-0.0716926770708283,FALSE
THSD7B,-0.0716926770708283,FALSE
VTCN1,0.0715983577243042,FALSE
UBE2CBP,-0.0715966386554622,FALSE
LINC00336,0.0715966386554622,FALSE
RPL23,-0.0715966386554622,FALSE
GM140,-0.0715966386554622,FALSE
ZNF385B,0.0715966386554622,FALSE
ZNF558,0.0715966386554622,TRUE
TAF2,0.071500600240096,FALSE
TBL1XR1,-0.071500600240096,FALSE
LOC100130761,-0.071500600240096,FALSE
PPP1R3C,-0.071500600240096,FALSE
DAB2,-0.071500600240096,FALSE
LIPG,-0.071500600240096,FALSE
LOC100132707,0.0714045618247299,FALSE
RD3,-0.0714045618247299,FALSE
ARSJ,0.0714045618247299,FALSE
IL20,-0.0713085234093638,FALSE
GTPBP6,0.0713085234093638,FALSE
FAM90A7,0.0713085234093638,FALSE
FBXL5,0.0713085234093638,FALSE
CHAC2,0.0713085234093638,FALSE
CLEC3A,-0.0713085234093638,FALSE
C5orf30,0.0712124849939976,FALSE
CTAGE10P,0.0712124849939976,FALSE
MAGEC2,0.0712124849939976,FALSE
LOC100130700,0.0712124849939976,FALSE
OR6C2,-0.0712124849939976,FALSE
P2RY2,0.0711164465786314,FALSE
ANO6,0.0711164465786314,FALSE
SEC61A1,0.0711164465786314,FALSE
LOC643355,-0.0711164465786314,FALSE
MFN1,-0.0711164465786314,FALSE
OR13A1,0.0711164465786314,FALSE
CLDN2,0.0710204081632653,FALSE
PRKXP1,-0.0710204081632653,FALSE
SMCR7,-0.0710204081632653,FALSE
XYLT1,-0.0710204081632653,FALSE
PARN,0.0710204081632653,FALSE
C7,-0.0710204081632653,FALSE
KCNH1,-0.0710204081632653,FALSE
KCNA1,0.0709243697478992,FALSE
ZNF346,0.0709243697478992,FALSE
MYOD1,-0.0709243697478992,TRUE
ZNF296,0.0709243697478992,TRUE
ALDH7A1,0.070828331332533,FALSE
ZKSCAN3,-0.070828331332533,TRUE
UBL7,0.070828331332533,FALSE
TBCC,0.070828331332533,FALSE
KAAG1,-0.070828331332533,FALSE
OR5AK2,0.0707322929171669,FALSE
RFESD,-0.0707322929171669,FALSE
TIPARP,-0.0707322929171669,FALSE
STK35,0.0707322929171669,FALSE
SCN10A,0.0707322929171669,FALSE
LOC100133123,-0.0707322929171669,FALSE
UROD,0.0706362545018007,FALSE
UPRT,0.0706362545018007,FALSE
SLU7,0.0706362545018007,FALSE
C1orf21,0.0706362545018007,FALSE
C19orf47,0.0706362545018007,FALSE
C2orf81,0.0706362545018007,FALSE
TBC1D13,0.0706362545018007,FALSE
PYCRL,0.0706362545018007,FALSE
RSPH10B,0.0706362545018007,FALSE
KCNH4,-0.0706362545018007,FALSE
ARPC5,0.0705402160864346,FALSE
ALDH1A3,-0.0705402160864346,FALSE
PACS2,0.0705402160864346,FALSE
DNASE1,0.0705402160864346,FALSE
ZNF524,-0.0705402160864346,TRUE
SFPQ,-0.0705402160864346,FALSE
AKR7A2P1,0.0705402160864346,FALSE
HMGCLL1,0.0704441776710684,FALSE
DEFA10P,0.0704441776710684,FALSE
LIPA,0.0704441776710684,FALSE
PP2D1,-0.0704441776710684,FALSE
VIPR2,0.0704441776710684,FALSE
LOC100506816,0.0704441776710684,FALSE
LGALS3,-0.0704441776710684,FALSE
UGP2,0.0703481392557023,FALSE
CBWD5,-0.0703481392557023,FALSE
SRCRB4D,0.0703481392557023,FALSE
ECI2,0.0703481392557023,FALSE
AGBL2,-0.0703481392557023,FALSE
KIAA1279,-0.0703481392557023,FALSE
LOC100131608,0.0702521008403361,FALSE
LOC440104,0.0702521008403361,FALSE
TSC22D3,0.0702521008403361,FALSE
NDUFA10,0.0702521008403361,FALSE
SRGAP2,0.0702521008403361,FALSE
ZNF587,0.0702521008403361,TRUE
DDX20,-0.0702521008403361,FALSE
TNPO3,-0.0702521008403361,FALSE
CCDC14,0.0702521008403361,FALSE
TFAP2C,-0.0702521008403361,TRUE
GLTPD2,0.0702521008403361,FALSE
LRRC58,0.07015606242497,FALSE
CYFIP2,-0.07015606242497,FALSE
BOD1L,0.07015606242497,FALSE
TGM3,-0.07015606242497,FALSE
CD164,-0.0700600240096039,FALSE
UBXN7,-0.0700600240096039,FALSE
ZNF546,0.0700600240096039,TRUE
OR4K13,0.0700600240096039,FALSE
KIR2DL4,0.0700600240096039,FALSE
MAGI3,-0.0700600240096039,FALSE
CBR3,0.0700600240096039,FALSE
LOC285778,0.0699639855942377,FALSE
NQO2,-0.0699639855942377,FALSE
CHL1,0.0699639855942377,FALSE
ZNF566,-0.0699639855942377,TRUE
TREX1,-0.0699639855942377,FALSE
ADIG,0.0699639855942377,FALSE
POU3F4,0.0699639855942377,TRUE
GALR1,-0.0699639855942377,FALSE
COL18A1-AS1,-0.0699639855942377,FALSE
FLJ34747,-0.0699639855942377,FALSE
PRAMEF15,-0.0698679471788715,FALSE
CEND1,-0.0698679471788715,FALSE
LOC401188,0.0698679471788715,FALSE
OR2T33,0.0698679471788715,FALSE
CD109,-0.0698679471788715,FALSE
ZNF404,0.0698679471788715,TRUE
GLT1D1,0.0697719087635054,FALSE
CXCL2,-0.0697719087635054,FALSE
AFF3,-0.0697719087635054,TRUE
FAM18B2-CDRT4,0.0697719087635054,FALSE
CASC2,0.0697719087635054,FALSE
ULBP2,-0.0697719087635054,FALSE
LOC100270746,0.0697719087635054,FALSE
LINC00222,-0.0697719087635054,FALSE
KIF9,0.0696758703481393,FALSE
LHFPL1,-0.0696758703481393,FALSE
OR7D4,0.0696758703481393,FALSE
F2RL2,-0.0696758703481393,FALSE
FIGNL2,-0.0696758703481393,FALSE
ARHGEF3,0.0696758703481393,FALSE
MAGEA2B,0.0696758703481393,FALSE
MS4A4A,-0.0695798319327731,FALSE
RUNX3,0.0695798319327731,TRUE
TAS2R14,-0.0695798319327731,FALSE
CALML6,-0.069483793517407,FALSE
GDPD4,-0.069483793517407,FALSE
ANP32B,0.069483793517407,FALSE
WDFY3-AS2,0.069483793517407,FALSE
TSPAN1,0.069483793517407,FALSE
CBX3P2,0.069483793517407,FALSE
CXorf51A,-0.0693877551020408,FALSE
GLIS1,-0.0693877551020408,TRUE
USP9Y,-0.0693877551020408,FALSE
MTMR8,0.0692917166866747,FALSE
LHX9,0.0692917166866747,TRUE
KRT71,-0.0692917166866747,FALSE
ZNF579,0.0692917166866747,TRUE
AREG,-0.0691956782713085,FALSE
MCF2L2,0.0691956782713085,FALSE
HMGB2,-0.0691956782713085,FALSE
WBP2NL,-0.0691956782713085,FALSE
TCFL5,-0.0691956782713085,TRUE
KIAA1191,0.0691956782713085,FALSE
SOX4,-0.0691956782713085,TRUE
HEG1,-0.0691956782713085,FALSE
CALD1,-0.0691956782713085,FALSE
LOC727677,0.0691956782713085,FALSE
SLC7A5,-0.0690996398559424,FALSE
LOC285033,-0.0690996398559424,FALSE
ICAM3,-0.0690036014405762,FALSE
HCST,0.0690036014405762,FALSE
CNTRL,0.0690036014405762,FALSE
NRAP,0.0690036014405762,FALSE
DRG1,0.0690036014405762,FALSE
CRTAC1,-0.0690036014405762,FALSE
GJC2,0.0689075630252101,FALSE
C9orf85,-0.0689075630252101,FALSE
SLCO3A1,-0.0689075630252101,FALSE
TMEM161B,-0.0689075630252101,FALSE
AWAT1,-0.0689075630252101,FALSE
LOC100507431,0.0688115246098439,FALSE
LOC100130442,0.0688115246098439,FALSE
DPP8,0.0688115246098439,FALSE
RHCG,0.0688115246098439,FALSE
BCAN,-0.0688115246098439,FALSE
UNCX,-0.0688115246098439,TRUE
LOC339593,-0.0687154861944778,FALSE
PRAMEF13,-0.0687154861944778,FALSE
TRAK2,-0.0687154861944778,FALSE
PTDSS2,0.0687154861944778,FALSE
SLC6A19,-0.0687154861944778,FALSE
SLC13A3,-0.0687154861944778,FALSE
DACT3,-0.0687154861944778,FALSE
LOC100131492,-0.0687154861944778,FALSE
BMPR1B,-0.0687154861944778,FALSE
HNF4G,0.0686194477791116,TRUE
POC5,-0.0686194477791116,FALSE
COMMD9,0.0686194477791116,FALSE
C10orf62,-0.0686194477791116,FALSE
ELAVL1,-0.0686194477791116,FALSE
RN7SL1,-0.0685234093637455,FALSE
SLC25A37,0.0684273709483793,FALSE
PUS7,-0.0684273709483793,FALSE
SLCO1B1,-0.0684273709483793,FALSE
CENPT,-0.0684273709483793,FALSE
NPL,-0.0684273709483793,FALSE
PRRG1,-0.0684273709483793,FALSE
RALA,0.0684273709483793,FALSE
C1QTNF8,0.0684273709483793,FALSE
FMR1-AS1,-0.0684273709483793,FALSE
STARD6,0.0684273709483793,FALSE
LOC100289255,0.0684273709483793,FALSE
LINC00487,0.0683313325330132,FALSE
PDHX,0.0683313325330132,FALSE
PDE8A,0.0683313325330132,FALSE
TBCB,0.0683313325330132,FALSE
HNRPDL,0.0683313325330132,FALSE
GPC3,0.0683313325330132,FALSE
TTLL11,0.0683313325330132,FALSE
LOC100653325,0.0683313325330132,FALSE
FAM129C,0.0682352941176471,FALSE
OR7E12P,0.0682352941176471,FALSE
PARD6A,0.0682352941176471,FALSE
OR10T2,-0.0682352941176471,FALSE
MGAT4C,-0.0681392557022809,FALSE
DALRD3,0.0681392557022809,FALSE
BPTF,0.0681392557022809,FALSE
C4orf11,0.0681392557022809,FALSE
RESP18,-0.0681392557022809,FALSE
SPIC,0.0681392557022809,TRUE
NTRK3,-0.0680432172869148,FALSE
ENTPD2,-0.0680432172869148,FALSE
TRPT1,0.0680432172869148,FALSE
LOC100131129,0.0680432172869148,FALSE
DDRGK1,0.0680432172869148,FALSE
ARL6IP6,-0.0680432172869148,FALSE
ATG3,0.0680432172869148,FALSE
NSUN6,0.0680432172869148,FALSE
ACTC1,0.0680432172869148,FALSE
NT5C1B,-0.0679471788715486,FALSE
VSIG10L,-0.0679471788715486,FALSE
WISP2,-0.0679471788715486,FALSE
LOC284395,-0.0679471788715486,FALSE
CLDN4,-0.0678511404561825,FALSE
CAMK2A,0.0678511404561825,FALSE
HOXB2,-0.0678511404561825,TRUE
PLXNA3,-0.0678511404561825,FALSE
GZF1,-0.0678511404561825,TRUE
LOC100506898,0.0678511404561825,FALSE
ASCL4,0.0678511404561825,TRUE
WNT10A,0.0678511404561825,FALSE
BRS3,-0.0678511404561825,FALSE
SLC40A1,-0.0678511404561825,FALSE
CDC37L1,-0.0677551020408163,FALSE
RFX3,-0.0677551020408163,TRUE
FCGR2B,-0.0677551020408163,FALSE
SDCCAG3,-0.0677551020408163,FALSE
TRMT6,-0.0677551020408163,FALSE
SNX24,-0.0676590636254502,FALSE
DLAT,0.0676590636254502,FALSE
CHRNB1,0.0676590636254502,FALSE
ACAD9,0.0676590636254502,FALSE
C9orf114,-0.0676590636254502,FALSE
ATF7,0.0676590636254502,TRUE
LOC151009,-0.0676590636254502,FALSE
METTL23,0.0676590636254502,FALSE
LOC100129894,-0.067563025210084,FALSE
TMEM71,0.067563025210084,FALSE
WDR20,-0.067563025210084,FALSE
FZD6,0.067563025210084,FALSE
ZNF890P,-0.067563025210084,FALSE
CCL3L3,-0.0674669867947179,FALSE
LOC100128668,0.0674669867947179,FALSE
HPS1,-0.0674669867947179,FALSE
C1orf116,0.0674669867947179,FALSE
ZNF257,-0.0673709483793517,TRUE
EBF3,0.0673709483793517,TRUE
KIAA0564,-0.0673709483793517,FALSE
CLIC1,-0.0673709483793517,FALSE
FAM182A,-0.0673709483793517,FALSE
HGD,0.0672749099639856,FALSE
STK11,0.0672749099639856,FALSE
GPR83,0.0672749099639856,FALSE
LOC340178,0.0672749099639856,FALSE
LCMT1,-0.0672749099639856,FALSE
FMO1,-0.0672749099639856,FALSE
SOX2-OT,0.0672749099639856,FALSE
OR13F1,-0.0672749099639856,FALSE
LHFPL4,0.0672749099639856,FALSE
DSCR6,-0.0672749099639856,FALSE
FAM86DP,0.0671788715486194,FALSE
ST8SIA6,0.0671788715486194,FALSE
ERCC6,-0.0671788715486194,FALSE
BANK1,0.0671788715486194,FALSE
MED30,-0.0671788715486194,FALSE
CCDC19,0.0671788715486194,FALSE
CLRN2,0.0671788715486194,FALSE
PITPNA,0.0671788715486194,FALSE
C9orf79,-0.0671788715486194,FALSE
LOC100127961,0.0671788715486194,FALSE
LOC399708,-0.0670828331332533,FALSE
PLEC,-0.0670828331332533,FALSE
LOC143286,0.0670828331332533,FALSE
FIGF,-0.0670828331332533,FALSE
ZIC1,0.0669867947178872,TRUE
CYB5R1,-0.0669867947178872,FALSE
MTG1,0.0669867947178872,FALSE
ARX,-0.0669867947178872,TRUE
TBC1D26,0.0669867947178872,FALSE
FEZF2,-0.066890756302521,TRUE
MGC4859,-0.066890756302521,FALSE
VPS33A,0.066890756302521,FALSE
ING3,0.066890756302521,FALSE
MRPS7,0.066890756302521,FALSE
DEFB133,0.0667947178871549,FALSE
LOC100129393,-0.0667947178871549,FALSE
EIF3J,-0.0667947178871549,FALSE
LOC100506972,0.0667947178871549,FALSE
LOC731779,-0.0666986794717887,FALSE
TIMM10,0.0666986794717887,FALSE
SH3GL2,-0.0666986794717887,FALSE
PHF20L1,-0.0666986794717887,FALSE
LOC100132207,-0.0666986794717887,FALSE
EFCAB2,-0.0666026410564226,FALSE
RSRC2,0.0666026410564226,FALSE
EIF2S2,-0.0666026410564226,FALSE
LILRA6,0.0666026410564226,FALSE
OR10Q1,0.0666026410564226,FALSE
PKD2L2,0.0665066026410564,FALSE
CCDC105,-0.0665066026410564,FALSE
C19orf39,0.0665066026410564,FALSE
UFSP2,-0.0665066026410564,FALSE
DKK2,-0.0665066026410564,FALSE
BLID,-0.0665066026410564,FALSE
MAST2,-0.0664105642256903,FALSE
NIN,-0.0664105642256903,FALSE
HPX,0.0664105642256903,FALSE
TTBK2,0.0664105642256903,FALSE
MEF2B,0.0664105642256903,TRUE
LOC100127904,-0.0664105642256903,FALSE
PRMT10,-0.0664105642256903,FALSE
NFYA,-0.0663145258103241,TRUE
ANKRD33B,-0.0663145258103241,FALSE
ADCYAP1R1,-0.0663145258103241,FALSE
TSPAN12,-0.0663145258103241,FALSE
DARS,-0.0663145258103241,FALSE
LOC284628,0.0663145258103241,FALSE
LOC100132987,-0.0663145258103241,FALSE
GFPT2,-0.066218487394958,FALSE
ZIM3,-0.066218487394958,TRUE
ITPRIPL1,-0.066218487394958,FALSE
TRA2A,-0.066218487394958,FALSE
S100A1,0.066218487394958,FALSE
TSLP,0.066218487394958,FALSE
LOC399815,0.066218487394958,FALSE
CCDC158,-0.0661224489795918,FALSE
FAM109A,0.0661224489795918,FALSE
LARS2,0.0661224489795918,FALSE
ASNA1,0.0661224489795918,FALSE
HAPLN4,0.0661224489795918,FALSE
HOXC11,-0.0661224489795918,TRUE
UPK1A,-0.0660264105642257,FALSE
NOL3,0.0660264105642257,FALSE
OTOL1,-0.0660264105642257,FALSE
CYP39A1,-0.0660264105642257,FALSE
NTM,-0.0659303721488595,FALSE
SLC25A48,-0.0659303721488595,FALSE
C4orf44,0.0659303721488595,FALSE
MCHR2,0.0659303721488595,FALSE
CCDC144A,-0.0659303721488595,FALSE
C17orf77,0.0659303721488595,FALSE
LCE3E,0.0659303721488595,FALSE
POTEB,-0.0659303721488595,FALSE
OR6N2,-0.0659303721488595,FALSE
C6,-0.0658343337334934,FALSE
LIN7B,-0.0658343337334934,FALSE
SUCLA2,0.0658343337334934,FALSE
TRPV3,-0.0658343337334934,FALSE
LOC440337,-0.0657382953181273,FALSE
OXCT1,0.0657382953181273,FALSE
GIPC1,-0.0657382953181273,FALSE
AHI1,0.0657382953181273,FALSE
SCNN1G,0.0657382953181273,FALSE
POU3F3,0.0657382953181273,TRUE
LOC100131432,-0.0657382953181273,FALSE
ADAM30,0.0656422569027611,FALSE
C14orf86,-0.0656422569027611,FALSE
TM7SF4,-0.0656422569027611,FALSE
NAT8B,0.0656422569027611,FALSE
CPSF3,-0.0656422569027611,FALSE
SLC2A9,-0.0656422569027611,FALSE
NLRP9,0.0656422569027611,FALSE
SETX,0.0656422569027611,FALSE
NHSL2,-0.065546218487395,FALSE
FAM150A,0.065546218487395,FALSE
SPICE1,-0.065546218487395,FALSE
LENG1,0.065546218487395,FALSE
SMG8,-0.065546218487395,FALSE
ZNF627,0.065546218487395,TRUE
SH3GL3,0.065546218487395,FALSE
LOC400794,-0.0654501800720288,FALSE
ADAM2,0.0654501800720288,FALSE
C21orf62,0.0654501800720288,FALSE
CASP8,0.0654501800720288,FALSE
CCDC42B,0.0654501800720288,FALSE
ZNF790,-0.0654501800720288,TRUE
NLGN1,0.0654501800720288,FALSE
LOC100130232,-0.0654501800720288,FALSE
PCDHGA5,0.0654501800720288,FALSE
LOC729658,0.0654501800720288,FALSE
MINPP1,-0.0653541416566627,FALSE
NCF2,0.0653541416566627,FALSE
NYNRIN,0.0653541416566627,FALSE
LOC100129938,0.0653541416566627,FALSE
OAZ2,0.0653541416566627,FALSE
SHCBP1L,-0.0653541416566627,FALSE
FAM71F2,-0.0653541416566627,FALSE
LRIT3,-0.0653541416566627,FALSE
KRTAP5-3,-0.0653541416566627,FALSE
UNQ6975,0.0653541416566627,FALSE
FCER1A,-0.0653541416566627,FALSE
GCA,0.0652581032412965,FALSE
CHST9,-0.0652581032412965,FALSE
MRS2P2,0.0652581032412965,FALSE
PCDHGA12,0.0652581032412965,FALSE
WDR25,-0.0652581032412965,FALSE
TRIM21,0.0652581032412965,FALSE
KIF3C,0.0652581032412965,FALSE
POU6F2,-0.0652581032412965,TRUE
PRSS33,-0.0652581032412965,FALSE
IL28B,-0.0651620648259304,FALSE
NRGN,-0.0651620648259304,FALSE
COQ2,-0.0651620648259304,FALSE
RAB27A,0.0650660264105642,FALSE
ZSCAN20,0.0650660264105642,TRUE
PRSS55,0.0650660264105642,FALSE
OAF,0.0650660264105642,FALSE
OR3A1,-0.0650660264105642,FALSE
OR51G1,-0.0650660264105642,FALSE
KCNK18,0.0649699879951981,FALSE
C12orf35,-0.0649699879951981,FALSE
CENPI,0.0649699879951981,FALSE
IGSF5,0.0649699879951981,FALSE
LOC100499221,-0.0649699879951981,FALSE
ZNF782,-0.0648739495798319,FALSE
TFB1M,0.0648739495798319,FALSE
FLJ16341,0.0648739495798319,FALSE
SLC30A4,-0.0648739495798319,FALSE
TMC3,0.0648739495798319,FALSE
SERPINB10,-0.0647779111644658,FALSE
FAM71A,0.0647779111644658,FALSE
MIR7-3HG,-0.0647779111644658,FALSE
MNAT1,-0.0647779111644658,FALSE
DTNA,-0.0647779111644658,FALSE
METTL13,0.0647779111644658,FALSE
PAGE4,0.0647779111644658,FALSE
LOC100289186,0.0647779111644658,FALSE
CYP2J2,0.0647779111644658,FALSE
OR10G7,0.0647779111644658,FALSE
LOC285205,0.0647779111644658,FALSE
SNORA62,-0.0646818727490996,FALSE
PPP3CA,-0.0646818727490996,FALSE
FAM166B,0.0646818727490996,FALSE
IGSF23,-0.0646818727490996,FALSE
ERVV-2,-0.0646818727490996,FALSE
KRTAP9-3,0.0646818727490996,FALSE
KDM5D,0.0646818727490996,FALSE
LOC100499484,0.0645858343337335,FALSE
TMEM114,-0.0645858343337335,FALSE
SMEK1,-0.0644897959183673,FALSE
LOC440040,0.0644897959183673,FALSE
GP2,-0.0644897959183673,FALSE
C19orf38,0.0643937575030012,FALSE
ZNF638,-0.0643937575030012,FALSE
STAG2,-0.0643937575030012,FALSE
PRDM8,0.0643937575030012,FALSE
CHURC1,-0.0643937575030012,FALSE
NPNT,0.0643937575030012,FALSE
CWH43,-0.0643937575030012,FALSE
BARD1,0.0643937575030012,FALSE
SOX15,-0.0643937575030012,TRUE
EGR2,0.0642977190876351,TRUE
NAP1L4,-0.0642977190876351,FALSE
LARP6,0.0642977190876351,FALSE
C21orf91,-0.0642977190876351,FALSE
LOC440173,-0.0642977190876351,FALSE
LOC541472,0.0642977190876351,FALSE
SCN1A,-0.0642016806722689,FALSE
PMEL,-0.0642016806722689,FALSE
MAP2K2,0.0642016806722689,FALSE
SLC22A4,-0.0641056422569028,FALSE
TEAD4,-0.0641056422569028,TRUE
FCN2,0.0641056422569028,FALSE
PCBD1,0.0641056422569028,FALSE
PNISR,0.0640096038415366,FALSE
ISLR,-0.0640096038415366,FALSE
LOC440704,0.0640096038415366,FALSE
OR2J2,-0.0640096038415366,FALSE
OSBPL9,0.0639135654261705,FALSE
ZNRD1,-0.0639135654261705,FALSE
SMARCD1,-0.0639135654261705,FALSE
C1QTNF2,-0.0639135654261705,FALSE
PDE7B,-0.0639135654261705,FALSE
RELB,-0.0639135654261705,TRUE
PIPOX,-0.0639135654261705,FALSE
AGR3,-0.0639135654261705,FALSE
GPATCH4,-0.0638175270108043,FALSE
ZC3H11A,-0.0638175270108043,FALSE
LOC339505,0.0638175270108043,FALSE
C3orf45,-0.0638175270108043,FALSE
C21orf119,-0.0638175270108043,FALSE
OR12D3,-0.0638175270108043,FALSE
FEM1A,-0.0637214885954382,FALSE
FABP1,-0.0637214885954382,FALSE
LOC100131032,0.0637214885954382,FALSE
LCA5,0.0637214885954382,FALSE
LOC286059,-0.0637214885954382,FALSE
RPS18,-0.0637214885954382,FALSE
FATE1,0.0637214885954382,FALSE
OR13D1,-0.0637214885954382,FALSE
ZNF275,-0.063625450180072,TRUE
NBPF10,0.063625450180072,FALSE
DPM2,0.063625450180072,FALSE
GLRB,-0.063625450180072,FALSE
PIGA,-0.063625450180072,FALSE
KIAA0930,-0.063625450180072,FALSE
JOSD1,0.063625450180072,FALSE
CHCHD3,0.063625450180072,FALSE
ZFP57,-0.063625450180072,TRUE
C10orf35,0.0635294117647059,FALSE
TMEM43,-0.0635294117647059,FALSE
CLUAP1,-0.0635294117647059,FALSE
SNPH,-0.0635294117647059,FALSE
ZNF180,-0.0635294117647059,TRUE
CD68,-0.0635294117647059,FALSE
PPM1L,-0.0635294117647059,FALSE
C10orf105,-0.0635294117647059,FALSE
ESRRB,-0.0635294117647059,TRUE
RRAGD,0.0635294117647059,FALSE
PLEKHM3,-0.0634333733493397,FALSE
TOP1MT,0.0634333733493397,FALSE
FUNDC2,-0.0634333733493397,FALSE
USP51,0.0634333733493397,FALSE
S100Z,0.0634333733493397,FALSE
SULT6B1,0.0633373349339736,FALSE
PTPLB,0.0633373349339736,FALSE
FLJ37035,-0.0633373349339736,FALSE
STOML3,-0.0633373349339736,FALSE
PAPD5,-0.0633373349339736,FALSE
LOC100130589,-0.0633373349339736,FALSE
RHCE,-0.0632412965186074,FALSE
BRMS1,0.0632412965186074,FALSE
SEL1L,-0.0632412965186074,FALSE
C19orf44,-0.0632412965186074,FALSE
ANKRD13B,0.0632412965186074,FALSE
IQCK,0.0632412965186074,FALSE
KBTBD7,-0.0632412965186074,FALSE
C4orf49,-0.0632412965186074,FALSE
DYDC1,-0.0631452581032413,FALSE
BATF3,0.0631452581032413,TRUE
NXF3,-0.0631452581032413,FALSE
KIAA1244,-0.0631452581032413,FALSE
NDEL1,0.0631452581032413,FALSE
DSG1,-0.0631452581032413,FALSE
FBXL4,0.0631452581032413,FALSE
FAM183A,0.0631452581032413,FALSE
LOC646482,0.0631452581032413,FALSE
LOC100189589,-0.0630492196878752,FALSE
FRY,-0.0630492196878752,FALSE
GTPBP3,0.0630492196878752,FALSE
LCE1E,-0.0630492196878752,FALSE
FAM164A,-0.0630492196878752,FALSE
OR6C76,0.062953181272509,FALSE
DIRAS2,-0.062953181272509,FALSE
ZMYM6NB,-0.062953181272509,FALSE
SNAI1,0.062953181272509,TRUE
FLJ41350,-0.0628571428571429,FALSE
NPM2,-0.0628571428571429,FALSE
DDX52,-0.0628571428571429,FALSE
DKC1,-0.0628571428571429,FALSE
ZNF850,-0.0628571428571429,FALSE
SKOR1,-0.0628571428571429,TRUE
EFHD2,0.0628571428571429,FALSE
MYD88,0.0628571428571429,FALSE
PI4K2B,-0.0628571428571429,FALSE
MBTPS1,0.0627611044417767,FALSE
ROBO2,-0.0627611044417767,FALSE
ANKRD1,0.0627611044417767,FALSE
PCBP3-OT1,-0.0627611044417767,FALSE
NWD1,0.0627611044417767,FALSE
PPFIA2,-0.0627611044417767,FALSE
LOC339862,0.0627611044417767,FALSE
OR2G2,-0.0627611044417767,FALSE
SPSB1,0.0626650660264106,FALSE
CLEC7A,0.0626650660264106,FALSE
VWCE,0.0626650660264106,FALSE
MAP2K6,0.0626650660264106,FALSE
UAP1,0.0625690276110444,FALSE
KLK14,0.0625690276110444,FALSE
PSTPIP1,-0.0625690276110444,FALSE
OCEL1,0.0625690276110444,FALSE
MAFB,-0.0625690276110444,TRUE
FLJ22763,0.0624729891956783,FALSE
ACTR1A,0.0624729891956783,FALSE
FOXA3,0.0624729891956783,TRUE
LETM1,0.0623769507803121,FALSE
RWDD3,-0.0623769507803121,FALSE
CNTN1,-0.0623769507803121,FALSE
LOC441736,-0.0623769507803121,FALSE
ABL1,0.0623769507803121,FALSE
BTG1,-0.062280912364946,FALSE
FBXO8,-0.062280912364946,FALSE
RFC2,0.062280912364946,FALSE
ATG10,-0.062280912364946,FALSE
XPA,0.0621848739495798,FALSE
DNAJB7,-0.0621848739495798,FALSE
RTBDN,-0.0621848739495798,FALSE
LOC400548,-0.0621848739495798,FALSE
LOC286177,-0.0621848739495798,FALSE
BEND2,0.0620888355342137,FALSE
OR4F21,0.0620888355342137,FALSE
MPDU1,-0.0620888355342137,FALSE
RPL10,0.0620888355342137,FALSE
CTSS,-0.0620888355342137,FALSE
KRIT1,0.0620888355342137,FALSE
NBN,0.0620888355342137,FALSE
ELOVL1,0.0619927971188475,FALSE
FKBP4,0.0618967587034814,FALSE
LOC729739,-0.0618967587034814,FALSE
CXorf68,0.0618967587034814,FALSE
CABP2,0.0618967587034814,FALSE
ICAM1,-0.0618007202881153,FALSE
ZNF527,0.0618007202881153,TRUE
TRIM78P,-0.0618007202881153,FALSE
AP1M2,0.0618007202881153,FALSE
RGPD6,0.0617046818727491,FALSE
OR4F15,-0.061608643457383,FALSE
TRAF7,0.061608643457383,FALSE
PTBP2,0.0615126050420168,FALSE
KIAA0141,0.0615126050420168,FALSE
GAR1,-0.0615126050420168,FALSE
CCDC39,0.0615126050420168,FALSE
FKBP6,0.0615126050420168,FALSE
C20orf151,0.0615126050420168,FALSE
REG3G,0.0615126050420168,FALSE
NALCN,0.0614165666266507,FALSE
LINC00299,-0.0614165666266507,FALSE
KCTD5,-0.0614165666266507,FALSE
FBXL14,0.0614165666266507,FALSE
RBM12,0.0614165666266507,FALSE
C14orf80,0.0614165666266507,FALSE
TEX264,-0.0614165666266507,FALSE
GMPPB,0.0614165666266507,FALSE
TFAP2B,-0.0614165666266507,TRUE
LOC339926,-0.0613205282112845,FALSE
POM121L2,-0.0613205282112845,FALSE
MTA2,0.0613205282112845,FALSE
LOC100132352,0.0613205282112845,FALSE
LOC100506310,0.0613205282112845,FALSE
OVCH1,0.0613205282112845,FALSE
C12orf69,0.0613205282112845,FALSE
LOC285768,0.0613205282112845,FALSE
LOC339298,0.0612244897959184,FALSE
STX16,-0.0612244897959184,FALSE
ZNF250,-0.0612244897959184,TRUE
RAPGEF1,0.0612244897959184,FALSE
ADSL,-0.0612244897959184,FALSE
LOC286442,-0.0612244897959184,FALSE
C2orf40,0.0612244897959184,FALSE
C2CD4B,0.0611284513805522,FALSE
TMEM100,-0.0611284513805522,FALSE
TMEM150C,-0.0611284513805522,FALSE
FAM178B,0.0611284513805522,FALSE
GYPE,-0.0611284513805522,FALSE
BRD7,-0.0611284513805522,FALSE
SMS,0.0611284513805522,FALSE
LOC728716,-0.0611284513805522,FALSE
C21orf88,-0.0610324129651861,FALSE
LOC100131298,0.0610324129651861,FALSE
PROSC,0.0610324129651861,FALSE
SAMD10,-0.0610324129651861,FALSE
SRGN,-0.0609363745498199,FALSE
FCGR3A,0.0608403361344538,FALSE
PARP4,0.0608403361344538,FALSE
LOC100131825,-0.0608403361344538,FALSE
CLP1,0.0608403361344538,FALSE
OR5AK4P,-0.0608403361344538,FALSE
GPRC5D,-0.0608403361344538,FALSE
PPP1R3A,-0.0607442977190876,FALSE
ATP6,-0.0607442977190876,FALSE
C12orf43,0.0607442977190876,FALSE
ZNF836,-0.0607442977190876,FALSE
FBXL3,0.0607442977190876,FALSE
BANF1,-0.0607442977190876,FALSE
LOC653061,-0.0606482593037215,FALSE
PIGP,-0.0606482593037215,FALSE
DNAJC8,-0.0606482593037215,FALSE
LOC284661,-0.0606482593037215,FALSE
SLITRK1,-0.0606482593037215,FALSE
TNFRSF1B,0.0606482593037215,FALSE
PSMC6,0.0606482593037215,FALSE
LOC100130817,0.0606482593037215,FALSE
MBD2,0.0605522208883553,FALSE
ACTL8,0.0605522208883553,FALSE
SPATA5,0.0605522208883553,FALSE
LOC221946,-0.0605522208883553,FALSE
TIGD6,0.0605522208883553,FALSE
PDE4B,-0.0604561824729892,FALSE
HCN4,0.0604561824729892,FALSE
RAB13,-0.0604561824729892,FALSE
FLJ36644,-0.0604561824729892,FALSE
FAM49B,-0.0604561824729892,FALSE
ABCC1,0.0604561824729892,FALSE
EYA3,0.0604561824729892,FALSE
C17orf53,-0.0604561824729892,FALSE
LMOD3,-0.0603601440576231,FALSE
EMD,0.0603601440576231,FALSE
OR10J1,-0.0603601440576231,FALSE
C10orf136,-0.0602641056422569,FALSE
IL4I1,-0.0602641056422569,FALSE
LOC400685,0.0602641056422569,FALSE
NUP35,-0.0602641056422569,FALSE
CHAD,-0.0602641056422569,FALSE
CEP135,-0.0602641056422569,FALSE
SELL,-0.0601680672268908,FALSE
CD248,-0.0601680672268908,FALSE
MCRS1,0.0601680672268908,FALSE
CCDC64,-0.0601680672268908,FALSE
LOC100287477,-0.0601680672268908,FALSE
DNAJC21,0.0600720288115246,FALSE
LOC401037,-0.0600720288115246,FALSE
LOC728093,0.0600720288115246,FALSE
PPP2R4,-0.0600720288115246,FALSE
NR0B1,-0.0600720288115246,FALSE
PCDHGB7,0.0599759903961585,FALSE
CDK12,-0.0599759903961585,FALSE
SLAMF1,-0.0599759903961585,FALSE
TNFAIP8L2,0.0599759903961585,FALSE
LRRC43,-0.0599759903961585,FALSE
DDX3Y,-0.0599759903961585,FALSE
USP15,0.0598799519807923,FALSE
BAK1,0.0598799519807923,FALSE
RNF32,-0.0598799519807923,FALSE
CHDH,-0.0598799519807923,FALSE
SMR3B,-0.0598799519807923,FALSE
FAM104A,-0.0597839135654262,FALSE
RECQL,0.0597839135654262,FALSE
SEPT7L,-0.0597839135654262,FALSE
ITPRIP,0.05968787515006,FALSE
ND2,-0.05968787515006,FALSE
COPG,0.05968787515006,FALSE
ACSL3,-0.05968787515006,FALSE
WDR3,-0.0595918367346939,FALSE
GRIA4,0.0595918367346939,FALSE
ZFAND1,-0.0595918367346939,FALSE
FLJ33534,-0.0595918367346939,FALSE
OR4P4,-0.0595918367346939,FALSE
RHBDL3,-0.0594957983193277,FALSE
CAMK2D,-0.0594957983193277,FALSE
ZNF680,-0.0594957983193277,TRUE
TMEM147,-0.0594957983193277,FALSE
ALPK1,0.0594957983193277,FALSE
HTR1A,0.0594957983193277,FALSE
NCRNA00185,0.0594957983193277,FALSE
OR2M4,0.0593997599039616,FALSE
ADAD2,0.0593997599039616,FALSE
HDAC9,-0.0593997599039616,FALSE
ZNF576,0.0593997599039616,TRUE
RNF148,-0.0593997599039616,FALSE
C17orf101,0.0593997599039616,FALSE
GABRB1,0.0593997599039616,FALSE
CDX4,-0.0593997599039616,TRUE
LOC100130314,0.0593997599039616,FALSE
TIGD4,0.0593997599039616,FALSE
CDH23,-0.0593037214885954,FALSE
DTX3L,-0.0593037214885954,FALSE
RCBTB1,-0.0593037214885954,FALSE
ARHGEF10,-0.0593037214885954,FALSE
SARS2,-0.0593037214885954,FALSE
LOC348120,-0.0593037214885954,FALSE
COX2,-0.0592076830732293,FALSE
LOC439950,0.0592076830732293,FALSE
PRDX3,0.0592076830732293,FALSE
RPSAP52,-0.0592076830732293,FALSE
RGS11,0.0592076830732293,FALSE
HNF1A-AS1,0.0592076830732293,FALSE
B3GALT6,-0.0592076830732293,FALSE
LRRC18,-0.0592076830732293,FALSE
CSN3,0.0592076830732293,FALSE
LOC153910,0.0592076830732293,FALSE
TINAG,-0.0591116446578632,FALSE
NPFFR1,-0.0591116446578632,FALSE
LRRC37A2,-0.0591116446578632,FALSE
OR10R3P,0.0591116446578632,FALSE
EPHA5,0.059015606242497,FALSE
LOC401180,-0.059015606242497,FALSE
STAT2,0.059015606242497,TRUE
STRC,0.059015606242497,FALSE
PDXDC1,0.059015606242497,FALSE
DUSP21,-0.059015606242497,FALSE
COL4A3,0.059015606242497,FALSE
KRT6A,0.059015606242497,FALSE
CEBPE,0.0589195678271309,TRUE
ARHGEF4,0.0589195678271309,FALSE
HNF1A,-0.0589195678271309,TRUE
PLEKHH2,-0.0589195678271309,FALSE
GP1BB,-0.0589195678271309,FALSE
SLC4A1AP,-0.0589195678271309,FALSE
OTOGL,0.0588235294117647,FALSE
LOC100506514,0.0588235294117647,FALSE
STX12,0.0588235294117647,FALSE
TACR3,-0.0588235294117647,FALSE
ZNF789,0.0588235294117647,TRUE
VAMP4,-0.0587274909963986,FALSE
ZFP41,0.0587274909963986,TRUE
EIF1AX,-0.0587274909963986,FALSE
ZBTB45,-0.0587274909963986,TRUE
NUMBL,0.0587274909963986,FALSE
FJX1,0.0587274909963986,FALSE
UBXN4,-0.0587274909963986,FALSE
RHOH,0.0587274909963986,FALSE
CHRM5,-0.0587274909963986,FALSE
HS3ST3A1,-0.0587274909963986,FALSE
RNU4ATAC,0.0585354141656663,FALSE
WHSC1,0.0585354141656663,FALSE
TEX13A,0.0585354141656663,FALSE
UTP15,-0.0585354141656663,FALSE
ZNF589,-0.0585354141656663,TRUE
TCF20,-0.0585354141656663,FALSE
SNRNP48,-0.0585354141656663,FALSE
TRIM41,-0.0585354141656663,FALSE
HIST1H3I,0.0585354141656663,FALSE
LOC100507203,0.0585354141656663,FALSE
PABPC4,-0.0584393757503001,FALSE
KDM6A,-0.0584393757503001,FALSE
TAF9,-0.0584393757503001,FALSE
SPG21,-0.058343337334934,FALSE
ADAMTS15,0.058343337334934,FALSE
ACBD7,-0.0582472989195678,FALSE
C10orf107,-0.0582472989195678,FALSE
TRIM27,-0.0582472989195678,FALSE
HADHB,0.0582472989195678,FALSE
CCDC83,-0.0581512605042017,FALSE
SKAP2,-0.0581512605042017,FALSE
ANXA2P1,-0.0581512605042017,FALSE
DNAJC4,-0.0581512605042017,FALSE
APBA1,-0.0581512605042017,FALSE
GYG2P1,-0.0581512605042017,FALSE
LOC441493,0.0581512605042017,FALSE
CCL3,-0.0580552220888355,FALSE
MRPS15,-0.0580552220888355,FALSE
ZNF48,0.0580552220888355,FALSE
KLKP1,0.0580552220888355,FALSE
KRTAP21-2,-0.0580552220888355,FALSE
LMTK2,-0.0580552220888355,FALSE
PPCDC,0.0580552220888355,FALSE
RNF175,-0.0580552220888355,FALSE
LOC338588,0.0579591836734694,FALSE
ENO4,0.0579591836734694,FALSE
XYLB,-0.0579591836734694,FALSE
LRRC28,0.0579591836734694,FALSE
DNASE2,-0.0579591836734694,FALSE
NPAT,0.0579591836734694,FALSE
LOC283710,0.0578631452581032,FALSE
UGT2B11,0.0578631452581032,FALSE
PSIMCT-1,-0.0578631452581032,FALSE
GCFC1,0.0578631452581032,FALSE
CLIC2,0.0578631452581032,FALSE
CLEC17A,-0.0578631452581032,FALSE
FAM71B,-0.0578631452581032,FALSE
NOL4,-0.0578631452581032,FALSE
PAK3,0.0578631452581032,FALSE
PRIC285,0.0577671068427371,FALSE
TACO1,0.0577671068427371,FALSE
LOC100505719,0.0577671068427371,FALSE
RXFP1,-0.057671068427371,FALSE
GRB10,-0.057671068427371,FALSE
MKL2,0.057671068427371,FALSE
OR51E2,-0.057671068427371,TRUE
TMX4,0.057671068427371,FALSE
FRMD4B,-0.057671068427371,FALSE
MT1DP,-0.057671068427371,FALSE
ZNF234,0.057671068427371,TRUE
SEMA3A,-0.057671068427371,FALSE
LOC100128851,0.057671068427371,FALSE
FAM5C,-0.057671068427371,FALSE
LOC286114,0.0575750300120048,FALSE
TAF4B,-0.0575750300120048,FALSE
ZNF200,0.0575750300120048,FALSE
ZNF320,-0.0575750300120048,TRUE
ZBTB41,0.0575750300120048,TRUE
ATP5G3,-0.0575750300120048,FALSE
DEFB127,-0.0575750300120048,FALSE
BCAR4,-0.0575750300120048,FALSE
LOC100130354,0.0575750300120048,FALSE
RFT1,-0.0574789915966387,FALSE
KLHL17,0.0574789915966387,FALSE
GABRA3,-0.0574789915966387,FALSE
MARCH8,-0.0573829531812725,FALSE
CTNS,-0.0572869147659064,FALSE
RHOT1,-0.0572869147659064,FALSE
ENDOG,-0.0572869147659064,FALSE
EIF3I,0.0572869147659064,FALSE
NPBWR2,0.0572869147659064,FALSE
LOC100130331,-0.0572869147659064,FALSE
MAGEB3,0.0571908763505402,FALSE
ZNF727,0.0571908763505402,TRUE
EPB41L4A,0.0571908763505402,FALSE
OTUD4,-0.0570948379351741,FALSE
SLC9A7,-0.0570948379351741,FALSE
IL17RC,0.0569987995198079,FALSE
C10orf129,0.0569987995198079,FALSE
SERPINB7,-0.0569987995198079,FALSE
LINC00309,-0.0569987995198079,FALSE
ZNF432,0.0569027611044418,FALSE
LHFPL5,-0.0569027611044418,FALSE
GPR148,-0.0569027611044418,FALSE
FCN1,0.0568067226890756,FALSE
OGDH,0.0568067226890756,FALSE
C14orf183,0.0568067226890756,FALSE
PION,0.0568067226890756,FALSE
SORCS2,0.0568067226890756,FALSE
ATP9A,0.0567106842737095,FALSE
LOC128322,0.0567106842737095,FALSE
MCU,-0.0567106842737095,FALSE
MS4A1,0.0567106842737095,FALSE
ATP7B,-0.0567106842737095,FALSE
SDC4P,-0.0567106842737095,FALSE
GLIPR1L1,0.0566146458583433,FALSE
RBM27,0.0566146458583433,FALSE
HOXA7,0.0566146458583433,TRUE
FLJ45340,0.0566146458583433,FALSE
MAGEB1,-0.0566146458583433,FALSE
RPA2,0.0566146458583433,FALSE
RASGEF1C,-0.0566146458583433,FALSE
LOC100129974,-0.0566146458583433,FALSE
OR6A2,0.0566146458583433,FALSE
TMED11P,0.0565186074429772,FALSE
RBM3,0.0565186074429772,FALSE
SCAMP5,-0.0565186074429772,FALSE
RIPPLY2,-0.0565186074429772,FALSE
TLR5,-0.0564225690276111,FALSE
CDO1,0.0564225690276111,FALSE
LOC729706,-0.0564225690276111,FALSE
OLFM3,0.0563265306122449,FALSE
C20orf165,0.0563265306122449,FALSE
TAF6L,-0.0563265306122449,FALSE
SCLY,0.0563265306122449,FALSE
LRIF1,0.0563265306122449,FALSE
ANAPC5,-0.0563265306122449,FALSE
RXFP3,-0.0563265306122449,FALSE
SATB1,-0.0563265306122449,TRUE
ZNF233,-0.0563265306122449,TRUE
LOC100128164,-0.0563265306122449,FALSE
LOC283922,0.0563265306122449,FALSE
SOX14,-0.0563265306122449,TRUE
C15orf27,0.0562304921968788,FALSE
MFSD10,0.0562304921968788,FALSE
HDAC4,-0.0562304921968788,TRUE
ZNF594,-0.0562304921968788,FALSE
KIF3A,-0.0562304921968788,FALSE
AGMO,0.0561344537815126,FALSE
ADORA2A,-0.0561344537815126,FALSE
POLR2I,-0.0561344537815126,FALSE
NAT2,0.0561344537815126,FALSE
PROK2,0.0560384153661465,FALSE
WDR65,-0.0560384153661465,FALSE
ATPBD4,0.0560384153661465,FALSE
CDH11,0.0560384153661465,FALSE
RPL7A,-0.0560384153661465,FALSE
STK32B,0.0560384153661465,FALSE
NHLH1,0.0559423769507803,TRUE
TMEM188,-0.0559423769507803,FALSE
TTLL13,-0.0559423769507803,FALSE
NAA20,-0.0559423769507803,FALSE
C19orf51,-0.0559423769507803,FALSE
CYB561D1,0.0559423769507803,FALSE
LOC199897,-0.0559423769507803,FALSE
OR52J3,0.0559423769507803,FALSE
OR2B3,0.0558463385354142,FALSE
NPEPPS,0.0558463385354142,FALSE
MBNL3,-0.0558463385354142,FALSE
TIGD5,0.0558463385354142,FALSE
LINC00308,0.0558463385354142,FALSE
NR5A1,0.0558463385354142,TRUE
LOC100131826,-0.055750300120048,FALSE
IFNG,0.055750300120048,FALSE
SPACA1,0.055750300120048,FALSE
SLC12A1,-0.055750300120048,FALSE
LRRC30,-0.055750300120048,FALSE
CSF1R,-0.055750300120048,FALSE
FFAR3,-0.0556542617046819,FALSE
HOMER3,-0.0556542617046819,FALSE
METTL2B,-0.0556542617046819,FALSE
ZFPM1,0.0556542617046819,FALSE
FGF8,-0.0556542617046819,FALSE
GOLGB1,-0.0556542617046819,FALSE
LYRM2,0.0556542617046819,FALSE
LINC00474,0.0556542617046819,FALSE
GNL3L,0.0555582232893157,FALSE
SIGLEC9,-0.0555582232893157,FALSE
HTR3C,-0.0555582232893157,FALSE
AKT3,-0.0555582232893157,FALSE
TPRX1,-0.0555582232893157,TRUE
ZNF835,-0.0554621848739496,TRUE
C6orf103,0.0553661464585834,FALSE
LOC100129518,-0.0553661464585834,FALSE
HNRNPF,-0.0553661464585834,FALSE
MAGEB2,-0.0553661464585834,FALSE
ULBP3,-0.0553661464585834,FALSE
ADAM11,-0.0552701080432173,FALSE
STAC2,-0.0552701080432173,FALSE
RBAK,-0.0552701080432173,TRUE
MOG,-0.0552701080432173,FALSE
ZNF75A,-0.0552701080432173,TRUE
RCOR1,0.0552701080432173,FALSE
VPS54,0.0551740696278511,FALSE
NSMCE4A,-0.0551740696278511,FALSE
PARP15,0.0551740696278511,FALSE
JAZF1,-0.0551740696278511,FALSE
LOC100506241,-0.0551740696278511,FALSE
NINJ1,-0.055078031212485,FALSE
TRUB2,-0.055078031212485,FALSE
IGF2-AS,-0.055078031212485,FALSE
P2RX2,-0.055078031212485,FALSE
LOC100131907,-0.055078031212485,FALSE
SYT14,-0.055078031212485,FALSE
OR9G9,0.055078031212485,FALSE
ABHD13,0.0549819927971189,FALSE
LOC100506710,-0.0549819927971189,FALSE
HAL,-0.0549819927971189,FALSE
TMEM212,0.0549819927971189,FALSE
C18orf19,0.0548859543817527,FALSE
FFAR2,0.0548859543817527,FALSE
ZNF324B,0.0548859543817527,TRUE
CITED4,0.0548859543817527,FALSE
PTGR2,0.0548859543817527,FALSE
TMEM225,-0.0548859543817527,FALSE
VCAM1,0.0548859543817527,FALSE
DYNLL2,-0.0547899159663866,FALSE
IL12RB2,0.0547899159663866,FALSE
NTPCR,0.0547899159663866,FALSE
GLO1,0.0547899159663866,FALSE
GNG3,-0.0547899159663866,FALSE
MIR137HG,-0.0547899159663866,FALSE
SDHD,0.0546938775510204,FALSE
SH3GLB1,0.0546938775510204,FALSE
METAP1,0.0546938775510204,FALSE
LZTFL1,-0.0546938775510204,FALSE
LOC200261,-0.0546938775510204,FALSE
SLC47A2,-0.0546938775510204,FALSE
LOC284412,0.0546938775510204,FALSE
MYOM2,-0.0546938775510204,FALSE
GGT6,0.0546938775510204,FALSE
ZYG11A,-0.0545978391356543,FALSE
CORO6,0.0545978391356543,FALSE
ARHGEF25,0.0545978391356543,FALSE
TATDN3,0.0545978391356543,FALSE
ZNF658,0.0545978391356543,FALSE
LOC100509553,0.0545978391356543,FALSE
KRT74,-0.0545978391356543,FALSE
IL17A,-0.0545978391356543,FALSE
MUC17,0.0545018007202881,FALSE
KCTD14,-0.0545018007202881,FALSE
DNTT,0.054405762304922,FALSE
PPP1R21,0.054405762304922,FALSE
OR8J3,-0.054405762304922,FALSE
LOC100506733,0.0543097238895558,FALSE
MCM8,0.0543097238895558,FALSE
PVRL1,-0.0543097238895558,FALSE
LIMD1,-0.0543097238895558,FALSE
LOC256880,-0.0543097238895558,FALSE
PRAMEF8,-0.0543097238895558,FALSE
SLC5A12,0.0542136854741897,FALSE
TGIF2LY,-0.0542136854741897,TRUE
C9orf24,-0.0542136854741897,FALSE
SDS,0.0542136854741897,FALSE
EXT1,0.0542136854741897,FALSE
MGC40069,0.0542136854741897,FALSE
SELPLG,-0.0541176470588235,FALSE
RPL3,0.0541176470588235,FALSE
APOF,-0.0541176470588235,FALSE
OR11H12,-0.0541176470588235,FALSE
OR9K2,-0.0540216086434574,FALSE
ABCB8,0.0540216086434574,FALSE
KRT82,0.0540216086434574,FALSE
RAB3GAP2,-0.0540216086434574,FALSE
CSTF2,-0.0540216086434574,FALSE
CLRN3,-0.0540216086434574,FALSE
PFN4,-0.0540216086434574,FALSE
LLGL1,-0.0539255702280912,FALSE
OR4D9,0.0539255702280912,FALSE
FAM115C,0.0539255702280912,FALSE
HSPBP1,0.0539255702280912,FALSE
TECTB,-0.0539255702280912,FALSE
FAM46D,-0.0538295318127251,FALSE
PPP4R1L,-0.053733493397359,FALSE
CFHR5,-0.053733493397359,FALSE
C19orf22,-0.053733493397359,FALSE
POLR1B,-0.053733493397359,FALSE
ELF3,-0.053733493397359,TRUE
ID3,0.053733493397359,FALSE
ZHX1-C8ORF76,0.053733493397359,FALSE
GNPAT,-0.053733493397359,FALSE
CTSL1,0.053733493397359,FALSE
SLC38A7,-0.0536374549819928,FALSE
TMEM128,0.0536374549819928,FALSE
ZNF644,-0.0536374549819928,TRUE
CENPJ,0.0536374549819928,FALSE
LOC100131023,-0.0536374549819928,FALSE
RAB25,0.0536374549819928,FALSE
GBX1,-0.0535414165666267,TRUE
SEPX1,-0.0535414165666267,FALSE
UBTFL1,0.0535414165666267,FALSE
KHDRBS1,-0.0535414165666267,FALSE
CCDC28A,-0.0535414165666267,FALSE
TBCCD1,0.0535414165666267,FALSE
TSGA10,0.0535414165666267,FALSE
BSCL2,0.0535414165666267,FALSE
PRDX2,0.0534453781512605,FALSE
LOC285556,-0.0534453781512605,FALSE
HPS3,0.0534453781512605,FALSE
MC3R,-0.0534453781512605,FALSE
KCNH5,-0.0533493397358944,FALSE
LOC100130560,-0.0533493397358944,FALSE
TBC1D2,-0.0533493397358944,FALSE
CILP,0.0533493397358944,FALSE
CRYAA,0.0532533013205282,FALSE
ZSCAN23,-0.0532533013205282,TRUE
FLJ13773,-0.0532533013205282,FALSE
SPTBN4,-0.0532533013205282,FALSE
C5orf39,-0.0532533013205282,FALSE
FLJ44054,0.0532533013205282,FALSE
HSD52,0.0532533013205282,FALSE
LOC391766,0.0532533013205282,FALSE
SMCHD1,0.0531572629051621,FALSE
HMX3,-0.0531572629051621,TRUE
GLS2,-0.0531572629051621,FALSE
XAGE2B,-0.0531572629051621,FALSE
PRUNE2,-0.0530612244897959,FALSE
FAM105B,0.0530612244897959,FALSE
GABRB3,0.0530612244897959,FALSE
ANKRD36BP2,0.0530612244897959,FALSE
LOC100129973,-0.0530612244897959,FALSE
ZRANB3,-0.0529651860744298,FALSE
RBMY1B,0.0529651860744298,FALSE
MICAL3,0.0529651860744298,FALSE
PIGN,-0.0529651860744298,FALSE
ANXA10,-0.0529651860744298,FALSE
LRIG3,0.0529651860744298,FALSE
OR6K6,0.0529651860744298,FALSE
GATA4,0.0528691476590636,TRUE
LOC399900,-0.0528691476590636,FALSE
RILPL2,0.0528691476590636,FALSE
ETAA1,-0.0528691476590636,FALSE
DCAF6,0.0528691476590636,FALSE
SEZ6L,-0.0528691476590636,FALSE
APLP1,-0.0528691476590636,FALSE
ADAM7,-0.0528691476590636,FALSE
CCDC65,-0.0528691476590636,FALSE
SNORA2B,0.0528691476590636,FALSE
TOPORS,-0.0527731092436975,FALSE
TXNRD3,-0.0527731092436975,FALSE
CBX6,0.0527731092436975,FALSE
GPR101,0.0527731092436975,FALSE
FLJ46365,0.0527731092436975,FALSE
GJB7,0.0526770708283313,FALSE
AP1B1,-0.0526770708283313,FALSE
GCNT2,0.0526770708283313,FALSE
ZNF155,-0.0526770708283313,TRUE
ZNF563,-0.0526770708283313,TRUE
PTBP3,0.0526770708283313,FALSE
DHRS2,0.0526770708283313,FALSE
OR5D13,-0.0526770708283313,FALSE
DEDD,-0.0525810324129652,FALSE
RBM11,0.0525810324129652,FALSE
SEZ6,0.0525810324129652,FALSE
SLC38A8,-0.0525810324129652,FALSE
TMED9,-0.0525810324129652,FALSE
SMEK3P,0.0524849939975991,FALSE
DENND1C,0.0524849939975991,FALSE
MST1R,0.0524849939975991,FALSE
MOAP1,0.0524849939975991,FALSE
FOXE1,0.0524849939975991,TRUE
PLAGL1,-0.0523889555822329,TRUE
OR1D2,-0.0523889555822329,FALSE
SPRY3,-0.0522929171668667,FALSE
ZCCHC14,-0.0522929171668667,FALSE
PSCA,-0.0522929171668667,FALSE
ARL14,0.0522929171668667,FALSE
LOC100127940,-0.0522929171668667,FALSE
CLCN4,0.0522929171668667,FALSE
GPR87,-0.0522929171668667,FALSE
MFN2,0.0521968787515006,FALSE
SLC25A26,0.0521968787515006,FALSE
UBR7,-0.0521968787515006,FALSE
LOC340037,0.0521968787515006,FALSE
FLJ35946,0.0521008403361345,FALSE
ZNF326,-0.0521008403361345,FALSE
FLJ33996,-0.0521008403361345,FALSE
C15orf58,0.0521008403361345,FALSE
ALG10B,0.0521008403361345,FALSE
MBD5,0.0521008403361345,FALSE
SPANXA2-OT1,-0.0521008403361345,FALSE
KIAA0196,-0.0520048019207683,FALSE
LOC100131231,-0.0520048019207683,FALSE
LDOC1L,0.0520048019207683,FALSE
ZDHHC15,-0.0520048019207683,FALSE
ABHD5,-0.0519087635054022,FALSE
ZFP62,0.0519087635054022,FALSE
FBXO36,0.0519087635054022,FALSE
SPRY2,-0.0519087635054022,FALSE
LOC283624,0.051812725090036,FALSE
ALDH3B2,-0.051812725090036,FALSE
POM121L4P,-0.051812725090036,FALSE
USP41,-0.051812725090036,FALSE
CARM1,-0.051812725090036,FALSE
PLEKHF1,-0.051812725090036,FALSE
MX1,-0.0517166866746699,FALSE
LOC170425,0.0517166866746699,FALSE
SELT,-0.0517166866746699,FALSE
LOC286190,-0.0517166866746699,FALSE
CHCHD4,0.0517166866746699,FALSE
FAM138E,-0.0517166866746699,FALSE
FGF22,0.0517166866746699,FALSE
IGFN1,-0.0517166866746699,FALSE
ZNF750,-0.0517166866746699,TRUE
LOC145678,-0.0517166866746699,FALSE
ATP8B1,0.0517166866746699,FALSE
C12orf40,0.0517166866746699,FALSE
LINC00323,0.0517166866746699,FALSE
FLJ39080,-0.0516206482593037,FALSE
SYCE1L,-0.0516206482593037,FALSE
LOC100129781,0.0516206482593037,FALSE
ISCA2,0.0515246098439376,FALSE
SYNPO2L,-0.0515246098439376,FALSE
TRIM3,-0.0515246098439376,FALSE
CTSZ,-0.0515246098439376,FALSE
SIK3,0.0515246098439376,FALSE
OLFML1,-0.0515246098439376,FALSE
MET,-0.0515246098439376,FALSE
CHMP1B,0.0515246098439376,FALSE
FLJ40852,0.0515246098439376,FALSE
HTR1D,-0.0514285714285714,FALSE
GSTZ1,-0.0514285714285714,FALSE
IFNK,-0.0514285714285714,FALSE
SNX30,-0.0514285714285714,FALSE
LOC400662,-0.0513325330132053,FALSE
BRD1,-0.0513325330132053,FALSE
TAS2R8,-0.0513325330132053,FALSE
SLC3A1,0.0512364945978391,FALSE
RPL7L1,0.0512364945978391,FALSE
C10orf137,-0.0512364945978391,FALSE
NBPF3,0.0512364945978391,FALSE
ENOPH1,0.051140456182473,FALSE
MEOX2,-0.051140456182473,TRUE
GNRH2,-0.051140456182473,FALSE
HOXC6,0.051140456182473,TRUE
TAS2R41,0.051140456182473,FALSE
C10orf57,-0.0510444177671068,FALSE
TAS2R46,-0.0510444177671068,FALSE
FAM98B,-0.0509483793517407,FALSE
ABHD3,-0.0509483793517407,FALSE
LOC100192426,0.0509483793517407,FALSE
TRIM61,-0.0509483793517407,FALSE
ZNF10,0.0509483793517407,TRUE
TBL1X,-0.0508523409363746,FALSE
PUF60,0.0508523409363746,FALSE
TEKT2,0.0508523409363746,FALSE
DNAJB8-AS1,-0.0507563025210084,FALSE
SYNCRIP,-0.0507563025210084,FALSE
CCBL2,-0.0507563025210084,FALSE
MMEL1,-0.0507563025210084,FALSE
UHMK1,-0.0507563025210084,FALSE
CDK4,-0.0507563025210084,FALSE
NAV2-AS4,0.0507563025210084,FALSE
LOC399939,0.0507563025210084,FALSE
LOC727775,0.0507563025210084,FALSE
LINC00111,-0.0506602641056423,FALSE
NIT2,-0.0506602641056423,FALSE
MAN1C1,0.0506602641056423,FALSE
TAF9B,-0.0506602641056423,FALSE
MTOR,0.0506602641056423,FALSE
SSR2,-0.0506602641056423,FALSE
SLC7A9,0.0506602641056423,FALSE
C12orf42,0.0505642256902761,FALSE
PTCHD3,0.0505642256902761,FALSE
LOC100129413,-0.0505642256902761,FALSE
SEPT12,-0.0505642256902761,FALSE
FAM18B1,-0.0505642256902761,FALSE
ENO1,-0.0505642256902761,TRUE
ARNT,0.0505642256902761,TRUE
DEFB108B,-0.0505642256902761,FALSE
MRPS6,0.0505642256902761,FALSE
MORC3,-0.0505642256902761,FALSE
REG1A,-0.0505642256902761,FALSE
C11orf16,-0.05046818727491,FALSE
SUN1,0.05046818727491,FALSE
GRIK2,0.05046818727491,FALSE
MIIP,-0.05046818727491,FALSE
PELI2,-0.05046818727491,FALSE
CSPG5,-0.05046818727491,FALSE
ANP32A,0.05046818727491,FALSE
LOC100128437,-0.05046818727491,FALSE
TNFRSF14,-0.0503721488595438,FALSE
OR7E47P,-0.0503721488595438,FALSE
RFXANK,0.0503721488595438,TRUE
TMSB10,-0.0503721488595438,FALSE
ERC1,0.0503721488595438,FALSE
FASTKD2,0.0503721488595438,FALSE
DYNC1I2,-0.0503721488595438,FALSE
C10orf67,0.0502761104441777,FALSE
LOC96610,0.0502761104441777,FALSE
ZNF880,0.0502761104441777,TRUE
C16orf93,-0.0502761104441777,FALSE
SYNPO,0.0501800720288115,FALSE
ZNF22,0.0501800720288115,TRUE
ZNF160,0.0501800720288115,TRUE
EME2,-0.0500840336134454,FALSE
SPINK5,0.0500840336134454,FALSE
RALGPS1,0.0500840336134454,FALSE
PCDHGC3,-0.0500840336134454,FALSE
MDS2,0.0500840336134454,FALSE
CBLN4,0.0500840336134454,FALSE
DCUN1D3,0.0499879951980792,FALSE
OR2A25,-0.0499879951980792,FALSE
RNU105C,-0.0499879951980792,FALSE
HAUS4,0.0499879951980792,FALSE
SLC13A4,-0.0499879951980792,FALSE
LOC727924,-0.0499879951980792,FALSE
TMEM200C,-0.0498919567827131,FALSE
KIAA1661,0.0498919567827131,FALSE
PPIP5K1,-0.0497959183673469,FALSE
HYAL2,0.0497959183673469,FALSE
IL36B,-0.0497959183673469,FALSE
SLC6A20,0.0497959183673469,FALSE
AHCYL2,0.0497959183673469,FALSE
CYP27B1,0.0497959183673469,FALSE
MAGEA10,0.0497959183673469,FALSE
MRPL2,0.0496998799519808,FALSE
WDR93,-0.0496998799519808,FALSE
PCBD2,0.0496998799519808,FALSE
RLN1,-0.0496998799519808,FALSE
SGK3,-0.0496998799519808,FALSE
RAB3A,-0.0496998799519808,FALSE
MADCAM1,0.0496998799519808,FALSE
SAT1,0.0496038415366146,FALSE
TBL1Y,-0.0496038415366146,FALSE
CAPN13,-0.0496038415366146,FALSE
TMPRSS11B,-0.0496038415366146,FALSE
LOC100132344,-0.0496038415366146,FALSE
KPNA7,0.0496038415366146,FALSE
SLC2A2,-0.0495078031212485,FALSE
LOC440925,-0.0495078031212485,FALSE
LOC729040,0.0495078031212485,FALSE
PTPN20B,0.0495078031212485,FALSE
KLHDC7B,-0.0495078031212485,FALSE
PNPLA2,-0.0495078031212485,FALSE
CSAD,0.0495078031212485,FALSE
CAPN2,-0.0495078031212485,FALSE
TRANK1,0.0495078031212485,FALSE
RPS6KA5,0.0495078031212485,FALSE
PGM5P2,-0.0495078031212485,FALSE
CCDC7,-0.0494117647058824,FALSE
QRSL1,-0.0494117647058824,FALSE
SOX8,-0.0494117647058824,TRUE
LOC100652857,0.0494117647058824,FALSE
LINC00242,-0.0494117647058824,FALSE
ATP9B,0.0494117647058824,FALSE
USP48,0.0494117647058824,FALSE
ELN,-0.0494117647058824,FALSE
FAM19A3,-0.0494117647058824,FALSE
OR4C13,0.0493157262905162,FALSE
MAB21L2,-0.0493157262905162,FALSE
OTUD6B,0.0493157262905162,FALSE
SERPINA12,-0.0493157262905162,FALSE
DCDC2C,0.0492196878751501,FALSE
APOA1BP,-0.0492196878751501,FALSE
ACE,-0.0492196878751501,FALSE
C19orf76,0.0492196878751501,FALSE
CES5A,0.0492196878751501,FALSE
PDP2,0.0491236494597839,FALSE
RRP7A,-0.0491236494597839,FALSE
C15orf61,-0.0491236494597839,FALSE
DLX6,-0.0491236494597839,TRUE
TMC2,0.0491236494597839,FALSE
LOC729626,-0.0491236494597839,FALSE
PLK2,-0.0491236494597839,FALSE
LPIN3,0.0490276110444178,FALSE
SAA4,0.0490276110444178,FALSE
NFKB2,-0.0490276110444178,TRUE
SH3KBP1,0.0490276110444178,FALSE
MGC16075,-0.0490276110444178,FALSE
VSIG1,-0.0490276110444178,FALSE
PON1,0.0490276110444178,FALSE
RAD9B,0.0489315726290516,FALSE
PPY2,0.0489315726290516,FALSE
PSMD2,-0.0489315726290516,FALSE
KRTDAP,-0.0489315726290516,FALSE
SCARNA17,-0.0489315726290516,FALSE
DDX60L,0.0489315726290516,FALSE
PAH,-0.0489315726290516,FALSE
LOC100288428,0.0489315726290516,FALSE
PPAP2C,-0.0488355342136855,FALSE
DLEU1,-0.0488355342136855,FALSE
RAB3GAP1,0.0487394957983193,FALSE
TMEM191C,0.0487394957983193,FALSE
C6orf222,0.0487394957983193,FALSE
C9orf78,-0.0486434573829532,FALSE
LINC00284,-0.0486434573829532,FALSE
LOC389023,-0.0486434573829532,FALSE
TRPC1,-0.0486434573829532,FALSE
LOC100133311,0.048547418967587,FALSE
DHX36,-0.048547418967587,FALSE
TMSB4X,-0.048547418967587,FALSE
CECR7,-0.048547418967587,FALSE
PRAMEF10,-0.048547418967587,FALSE
ZNF292,-0.0484513805522209,TRUE
HRK,-0.0484513805522209,FALSE
MRPS30,0.0484513805522209,FALSE
C14orf101,-0.0484513805522209,FALSE
OR4X2,0.0484513805522209,FALSE
SNTN,0.0484513805522209,FALSE
C6orf225,0.0484513805522209,FALSE
LOC647012,-0.0483553421368547,FALSE
C14orf135,-0.0483553421368547,FALSE
LOC257358,-0.0483553421368547,FALSE
HMX2,0.0483553421368547,TRUE
INTU,-0.0483553421368547,FALSE
LOC653550,0.0483553421368547,FALSE
PPP1R3G,-0.0483553421368547,FALSE
LOC440944,0.0483553421368547,FALSE
C2orf82,0.0483553421368547,FALSE
TGM4,-0.0482593037214886,FALSE
ZNF85,0.0482593037214886,TRUE
METTL12,-0.0482593037214886,FALSE
EFNA4,-0.0482593037214886,FALSE
PRPS1L1,0.0482593037214886,FALSE
GOLT1A,0.0482593037214886,FALSE
ANGPTL3,-0.0481632653061225,FALSE
CUEDC2,-0.0481632653061225,FALSE
DDX19A,0.0481632653061225,FALSE
HECTD1,0.0481632653061225,FALSE
SPRR4,0.0481632653061225,FALSE
MRGPRX2,-0.0480672268907563,FALSE
CNBD1,-0.0480672268907563,FALSE
MID1IP1,-0.0480672268907563,FALSE
LOC651337,-0.0479711884753902,FALSE
KRTAP19-1,0.0479711884753902,FALSE
CBY1,-0.0479711884753902,FALSE
MAMDC4,0.0479711884753902,FALSE
C21orf49,-0.0479711884753902,FALSE
SKI,-0.047875150060024,TRUE
NOLC1,-0.0477791116446579,FALSE
COL4A4,0.0477791116446579,FALSE
MAGOH,0.0477791116446579,FALSE
LOC644794,-0.0477791116446579,FALSE
CLECL1,-0.0477791116446579,FALSE
LINC00163,0.0477791116446579,FALSE
C1orf185,0.0476830732292917,FALSE
GPR37,0.0476830732292917,FALSE
POLD1,-0.0476830732292917,FALSE
C17orf103,0.0476830732292917,FALSE
WFIKKN2,-0.0476830732292917,FALSE
TNNT2,-0.0476830732292917,FALSE
FAM194A,-0.0476830732292917,FALSE
GABARAPL2,-0.0476830732292917,FALSE
DPY19L2,-0.0476830732292917,FALSE
TECPR2,0.0475870348139256,FALSE
RTN4,0.0475870348139256,FALSE
ABCE1,-0.0475870348139256,FALSE
LOC284373,0.0475870348139256,FALSE
ERLIN2,-0.0475870348139256,FALSE
LOC100270679,-0.0475870348139256,FALSE
RFX8,-0.0475870348139256,TRUE
ZCCHC2,0.0475870348139256,FALSE
NFE2,0.0474909963985594,TRUE
TRMT2B,0.0474909963985594,FALSE
FAM50A,0.0474909963985594,FALSE
LOC728175,0.0474909963985594,FALSE
ARHGAP6,0.0473949579831933,FALSE
C11orf40,0.0473949579831933,FALSE
DUOXA2,-0.0473949579831933,FALSE
FBXO33,0.0473949579831933,FALSE
LOC284294,-0.0472989195678271,FALSE
GCSH,0.0472989195678271,FALSE
VTI1A,0.0472989195678271,FALSE
FAM200A,-0.0472989195678271,FALSE
CFLAR-AS1,0.0472989195678271,FALSE
NLRP6,0.0472989195678271,FALSE
ZNF600,-0.047202881152461,FALSE
SERPINB11,-0.047202881152461,FALSE
MARCH9,-0.047202881152461,FALSE
SENP1,0.047202881152461,FALSE
SERPINB5,-0.047202881152461,FALSE
TNF,0.0471068427370948,FALSE
HINT3,0.0471068427370948,FALSE
FXYD6,0.0471068427370948,FALSE
POP1,-0.0471068427370948,FALSE
ANO4,-0.0471068427370948,FALSE
CCRL2,0.0470108043217287,FALSE
PPIA,-0.0470108043217287,FALSE
ZNF146,-0.0470108043217287,TRUE
CAPS,0.0470108043217287,FALSE
SERPINB3,-0.0470108043217287,FALSE
FEN1,-0.0469147659063625,FALSE
ZNF736,0.0469147659063625,TRUE
STEAP1,-0.0469147659063625,FALSE
FAM96B,-0.0469147659063625,FALSE
FAM163B,-0.0469147659063625,FALSE
SEC14L1,0.0468187274909964,FALSE
FAM58BP,0.0468187274909964,FALSE
KCNQ1OT1,0.0468187274909964,FALSE
NXPH2,0.0468187274909964,FALSE
RMND5A,-0.0467226890756303,FALSE
DNAAF1,-0.0467226890756303,FALSE
CEP85,0.0467226890756303,FALSE
OR1I1,0.0467226890756303,FALSE
LOC730101,0.0467226890756303,FALSE
IL23R,-0.0467226890756303,FALSE
FLJ42351,0.0467226890756303,FALSE
PACSIN2,-0.0466266506602641,FALSE
TMEM140,-0.0466266506602641,FALSE
CTDSP1,0.0466266506602641,FALSE
ZCCHC4,0.0466266506602641,FALSE
TIMM23,-0.0466266506602641,FALSE
AIFM3,0.0466266506602641,FALSE
OR51Q1,0.0466266506602641,FALSE
LOC157627,-0.0466266506602641,FALSE
SHH,-0.046530612244898,FALSE
PHF13,-0.046530612244898,FALSE
LOC340094,0.046530612244898,FALSE
CD80,0.046530612244898,FALSE
C6orf112,0.046530612244898,FALSE
CASP6,-0.0464345738295318,FALSE
CD163L1,0.0464345738295318,FALSE
GMNC,-0.0464345738295318,FALSE
ITGB1BP2,0.0464345738295318,FALSE
OR6C68,-0.0464345738295318,FALSE
MRPL40,-0.0463385354141657,FALSE
ATP12A,-0.0463385354141657,FALSE
LOC100129884,-0.0463385354141657,FALSE
GYPA,0.0462424969987995,FALSE
EML4,-0.0462424969987995,FALSE
RGMB,0.0462424969987995,FALSE
PLAA,-0.0462424969987995,FALSE
POLR3D,-0.0462424969987995,FALSE
WNK4,-0.0462424969987995,FALSE
TUBA1A,0.0462424969987995,FALSE
PCDHGA2,0.0462424969987995,FALSE
SPINT1,0.0462424969987995,FALSE
AMELY,-0.0462424969987995,FALSE
VPS13C,-0.0461464585834334,FALSE
LOC442497,0.0461464585834334,FALSE
RIMKLA,0.0461464585834334,FALSE
MAP1LC3B,0.0461464585834334,FALSE
AIMP1,-0.0461464585834334,FALSE
GNB2L1,0.0461464585834334,FALSE
DGUOK,0.0461464585834334,FALSE
KCNJ3,-0.0461464585834334,FALSE
HES3,-0.0461464585834334,TRUE
OVOS,-0.0461464585834334,FALSE
PIN1P1,0.0460504201680672,FALSE
MDFIC,-0.0460504201680672,FALSE
IQCF6,-0.0460504201680672,FALSE
VSIG2,-0.0460504201680672,FALSE
LINC00469,-0.0460504201680672,FALSE
INMT,-0.0459543817527011,FALSE
RBM44,0.0459543817527011,FALSE
RNFT1,-0.0459543817527011,FALSE
ZFAND5,-0.0458583433373349,FALSE
USP53,0.0458583433373349,FALSE
ANKH,-0.0458583433373349,FALSE
WDFY1,-0.0458583433373349,FALSE
UPB1,-0.0458583433373349,FALSE
PYDC2,-0.0458583433373349,FALSE
EPHX4,-0.0458583433373349,FALSE
MGC24103,-0.0458583433373349,FALSE
ZNF318,-0.0457623049219688,FALSE
GRIA1,0.0457623049219688,FALSE
MRPL9,-0.0457623049219688,FALSE
OR2L13,-0.0456662665066026,FALSE
ZNFX1,-0.0456662665066026,FALSE
SUGP2,0.0456662665066026,FALSE
MYO1A,-0.0456662665066026,FALSE
TMEM97,-0.0456662665066026,FALSE
SYNPR,0.0456662665066026,FALSE
ZNF560,-0.0456662665066026,TRUE
IL9,0.0455702280912365,FALSE
RIMS1,-0.0455702280912365,FALSE
ATP1A2,-0.0455702280912365,FALSE
PTPRJ,0.0455702280912365,FALSE
SEPT11,-0.0455702280912365,FALSE
LOC100128517,-0.0455702280912365,FALSE
BCKDHB,0.0454741896758704,FALSE
PCDHGB3,0.0454741896758704,FALSE
FGD2,-0.0454741896758704,FALSE
STBD1,0.0453781512605042,FALSE
RGS17,0.0453781512605042,FALSE
TNFSF18,0.0452821128451381,FALSE
ERRFI1,-0.0452821128451381,FALSE
IGSF10,0.0452821128451381,FALSE
LOC100132774,-0.0452821128451381,FALSE
FAM101A,-0.0452821128451381,FALSE
LOC282980,-0.0452821128451381,FALSE
ERAP2,-0.0451860744297719,FALSE
CCDC47,-0.0451860744297719,FALSE
EDEM2,0.0451860744297719,FALSE
MAN1A1,0.0451860744297719,FALSE
PCTP,-0.0451860744297719,FALSE
FLT4,-0.0451860744297719,FALSE
PATE2,-0.0451860744297719,FALSE
C1QL4,0.0451860744297719,FALSE
DIP2C,0.0450900360144058,FALSE
TMEM139,-0.0450900360144058,FALSE
DEFB119,-0.0450900360144058,FALSE
FLJ45139,0.0449939975990396,FALSE
CYTB,-0.0449939975990396,FALSE
LOC153469,-0.0449939975990396,FALSE
RPS6KA2,-0.0449939975990396,FALSE
DGCR5,0.0449939975990396,FALSE
ACY3,-0.0449939975990396,FALSE
LOC100216546,-0.0449939975990396,FALSE
VSTM2A,0.0448979591836735,FALSE
TMCO4,-0.0448979591836735,FALSE
UBE2I,0.0448979591836735,FALSE
LMLN,-0.0448979591836735,FALSE
C17orf87,0.0448979591836735,FALSE
BRAP,-0.0448979591836735,FALSE
GAS1,-0.0448019207683073,FALSE
SERGEF,-0.0448019207683073,FALSE
AKAP9,0.0448019207683073,FALSE
HCG11,-0.0448019207683073,FALSE
ZMYND12,0.0448019207683073,FALSE
FAM41AY1,0.0447058823529412,FALSE
LOC100129195,0.0447058823529412,FALSE
ZSCAN5B,0.0447058823529412,TRUE
LINC00112,-0.0447058823529412,FALSE
TAS2R39,0.0447058823529412,FALSE
KIF1C,0.044609843937575,FALSE
GPBP1,-0.044609843937575,TRUE
GUCA1A,-0.044609843937575,FALSE
TAS2R7,0.044609843937575,FALSE
LHX4,0.0445138055222089,TRUE
GALNS,-0.0445138055222089,FALSE
CREB1,0.0445138055222089,TRUE
OR10W1,-0.0445138055222089,FALSE
NKD1,0.0445138055222089,FALSE
YBX1,-0.0444177671068427,FALSE
IQCF2,0.0444177671068427,FALSE
ETFA,-0.0444177671068427,FALSE
GOSR2,-0.0444177671068427,FALSE
ACOT12,0.0444177671068427,FALSE
CLDN25,0.0444177671068427,FALSE
FLVCR1-AS1,0.0444177671068427,FALSE
FERMT2,-0.0443217286914766,FALSE
PARP11,-0.0443217286914766,FALSE
LOC645722,-0.0443217286914766,FALSE
LOC100130430,-0.0443217286914766,FALSE
ZAK,-0.0443217286914766,FALSE
LOC100506871,-0.0443217286914766,FALSE
C1QC,0.0443217286914766,FALSE
OR8K3,-0.0443217286914766,FALSE
CD69,0.0442256902761104,FALSE
DAAM2,-0.0442256902761104,FALSE
CMC1,-0.0442256902761104,FALSE
LRP4,0.0442256902761104,FALSE
SPON2,-0.0442256902761104,FALSE
ZNF536,-0.0442256902761104,TRUE
TMEM61,0.0442256902761104,FALSE
CRYGA,0.0442256902761104,FALSE
SPO11,0.0442256902761104,FALSE
SEL1L2,-0.0441296518607443,FALSE
RAD51AP2,0.0441296518607443,FALSE
PRRT1,-0.0441296518607443,FALSE
LOC286189,0.0440336134453782,FALSE
DHFR,-0.0440336134453782,FALSE
SSBP2,-0.0440336134453782,FALSE
TMEM11,-0.0440336134453782,FALSE
LOC728254,-0.0440336134453782,FALSE
SFTPC,-0.043937575030012,FALSE
CARD14,-0.043937575030012,FALSE
TBX2,0.043937575030012,TRUE
CLU,0.043937575030012,FALSE
DMRTA2,0.043937575030012,TRUE
PHF10,-0.0438415366146459,FALSE
SHF,0.0438415366146459,FALSE
KRR1,-0.0438415366146459,FALSE
MRGPRX1,-0.0438415366146459,FALSE
QDPR,-0.0437454981992797,FALSE
LOC100506393,-0.0437454981992797,FALSE
ADRA1B,-0.0437454981992797,FALSE
CXorf57,0.0437454981992797,FALSE
EXOC3,-0.0437454981992797,FALSE
RTN4R,-0.0437454981992797,FALSE
LOC100133050,0.0437454981992797,FALSE
LPP,0.0436494597839136,FALSE
TMEM65,-0.0436494597839136,FALSE
FAM63A,0.0436494597839136,FALSE
ZNF804A,-0.0436494597839136,FALSE
SNCA,0.0435534213685474,FALSE
CDC5L,-0.0435534213685474,TRUE
ALS2CR12,-0.0435534213685474,FALSE
LOC100128905,-0.0435534213685474,FALSE
CAMLG,-0.0435534213685474,FALSE
NEUROG1,0.0435534213685474,TRUE
TASP1,0.0435534213685474,FALSE
OR9I1,-0.0435534213685474,FALSE
CEPT1,0.0435534213685474,FALSE
REEP4,0.0435534213685474,FALSE
SPINLW1,0.0435534213685474,FALSE
HSD17B6,-0.0435534213685474,FALSE
CST9L,0.0435534213685474,FALSE
OR4N2,0.0434573829531813,FALSE
ANKMY1,0.0434573829531813,FALSE
SLC25A16,0.0434573829531813,FALSE
ESPNL,-0.0434573829531813,FALSE
LMX1B,-0.0434573829531813,TRUE
STX17,-0.0434573829531813,FALSE
SMURF2,0.0433613445378151,FALSE
GGTA1P,-0.0433613445378151,FALSE
ZSCAN10,-0.0433613445378151,TRUE
CDH16,-0.0433613445378151,FALSE
VN1R4,0.0433613445378151,FALSE
FAM150B,0.0433613445378151,FALSE
PPAN,0.043265306122449,FALSE
ZNF480,-0.043265306122449,TRUE
LYPLA2,-0.043265306122449,FALSE
CACNA1G,0.043265306122449,FALSE
LOC100130169,0.043265306122449,FALSE
CDKN1A,0.0431692677070828,FALSE
THTPA,0.0431692677070828,FALSE
LMF1,0.0431692677070828,FALSE
COG6,0.0431692677070828,FALSE
ZNF775,0.0431692677070828,TRUE
ZBP1,-0.0431692677070828,FALSE
LRRC3B,0.0431692677070828,FALSE
SNTB1,-0.0431692677070828,FALSE
MAP7D3,-0.0431692677070828,FALSE
TEF,0.0430732292917167,TRUE
PAGE2,-0.0430732292917167,FALSE
EIF2B3,-0.0430732292917167,FALSE
HIGD1B,-0.0430732292917167,FALSE
GFI1,-0.0430732292917167,TRUE
PPYR1,0.0430732292917167,FALSE
TMOD4,0.0430732292917167,FALSE
ATP6V0E1,-0.0430732292917167,FALSE
LOC285965,0.0430732292917167,FALSE
TMC7,0.0430732292917167,FALSE
DPYSL5,0.0430732292917167,FALSE
TMEM229A,0.0430732292917167,FALSE
HNRNPC,0.0429771908763505,FALSE
LOC652276,-0.0429771908763505,FALSE
LYPD3,-0.0429771908763505,FALSE
GSK3A,-0.0429771908763505,FALSE
LSM4,0.0429771908763505,FALSE
PRSS38,0.0429771908763505,FALSE
KCNIP2,0.0428811524609844,FALSE
ANKRD36B,0.0428811524609844,FALSE
NUDCD1,0.0428811524609844,FALSE
SUSD4,-0.0427851140456183,FALSE
MLLT6,0.0427851140456183,FALSE
LOC221122,0.0427851140456183,FALSE
AEBP2,-0.0427851140456183,FALSE
REN,-0.0427851140456183,FALSE
FAM133A,-0.0427851140456183,FALSE
BTBD6,0.0426890756302521,FALSE
GTF2H2D,-0.0426890756302521,FALSE
AGGF1,-0.0426890756302521,FALSE
CGB2,-0.0426890756302521,FALSE
ROCK2,0.042593037214886,FALSE
EXOC6B,-0.042593037214886,FALSE
ARL8A,0.042593037214886,FALSE
STYX,-0.042593037214886,FALSE
OR1S1,0.042593037214886,FALSE
ZNF610,0.042593037214886,TRUE
OPN4,-0.042593037214886,FALSE
SUSD1,-0.042593037214886,FALSE
FAM132B,-0.042593037214886,FALSE
ANKS4B,-0.042593037214886,FALSE
TRIM10,0.0424969987995198,FALSE
VDAC1,-0.0424969987995198,FALSE
BMPR2,-0.0424969987995198,FALSE
WAS,0.0424969987995198,FALSE
CSRP3,0.0424969987995198,FALSE
GRHPR,0.0424969987995198,FALSE
HOXB7,-0.0424969987995198,TRUE
IFNA6,-0.0424969987995198,FALSE
DPY19L2P1,-0.0424009603841537,FALSE
ZNF419,-0.0424009603841537,TRUE
ZXDB,-0.0424009603841537,FALSE
DKFZp686L13185,-0.0424009603841537,FALSE
TPM3,0.0423049219687875,FALSE
UGCG,0.0423049219687875,FALSE
MIS12,0.0423049219687875,FALSE
KBTBD8,0.0423049219687875,FALSE
SDR16C6P,0.0422088835534214,FALSE
SOCS3,-0.0422088835534214,FALSE
OR5K1,0.0422088835534214,FALSE
STH,0.0422088835534214,FALSE
ARL13A,0.0422088835534214,FALSE
TTTY12,0.0422088835534214,FALSE
LIPT2,0.0422088835534214,FALSE
GALNT8,0.0422088835534214,FALSE
CABLES1,0.0421128451380552,FALSE
C15orf44,0.0421128451380552,FALSE
SPTLC1,-0.0421128451380552,FALSE
FAM102A,-0.0421128451380552,FALSE
DUX3,0.0420168067226891,TRUE
TCP10L2,0.0420168067226891,FALSE
PAPPA2,0.0419207683073229,FALSE
ATP8B5P,-0.0419207683073229,FALSE
NAA25,-0.0419207683073229,FALSE
PARK2,0.0419207683073229,FALSE
PORCN,-0.0419207683073229,FALSE
TRIM67,0.0419207683073229,FALSE
DSG4,-0.0419207683073229,FALSE
CRISP3,-0.0418247298919568,FALSE
WDR75,0.0418247298919568,FALSE
CRH,-0.0418247298919568,FALSE
TSPAN4,-0.0418247298919568,FALSE
AGSK1,-0.0417286914765906,FALSE
NIM1,-0.0417286914765906,FALSE
ZNF192P1,0.0417286914765906,FALSE
TPPP2,0.0417286914765906,FALSE
PCDH11Y,0.0417286914765906,FALSE
GPR55,0.0417286914765906,FALSE
KRT80,-0.0417286914765906,FALSE
CLEC9A,0.0417286914765906,FALSE
FPR1,0.0416326530612245,FALSE
TNRC18,-0.0416326530612245,FALSE
GRM1,0.0416326530612245,FALSE
ASAH1,-0.0416326530612245,FALSE
DIAPH2,0.0416326530612245,FALSE
CLEC4GP1,0.0416326530612245,FALSE
SLC25A33,-0.0416326530612245,FALSE
RPS6KA1,0.0416326530612245,FALSE
TMEM221,-0.0416326530612245,FALSE
KPNA5,0.0415366146458583,FALSE
HPD,-0.0415366146458583,FALSE
DCXR,0.0415366146458583,FALSE
CD19,0.0415366146458583,FALSE
TMED4,-0.0415366146458583,FALSE
CORIN,0.0415366146458583,FALSE
TPSAB1,-0.0415366146458583,FALSE
CGA,0.0415366146458583,FALSE
ZNF774,0.0414405762304922,TRUE
SLC5A3,-0.0414405762304922,FALSE
TBKBP1,0.0414405762304922,FALSE
OR7C1,0.0414405762304922,FALSE
LOC388948,0.0413445378151261,FALSE
LOC283050,0.0413445378151261,FALSE
KRTAP9-7,0.0413445378151261,FALSE
LGI3,0.0413445378151261,FALSE
WFDC9,0.0413445378151261,FALSE
IQCF5,-0.0413445378151261,FALSE
LNPEP,-0.0412484993997599,FALSE
DEFB114,0.0412484993997599,FALSE
SH3PXD2B,-0.0412484993997599,FALSE
ZNF707,0.0412484993997599,TRUE
STAG3,0.0412484993997599,FALSE
GNA13,0.0412484993997599,FALSE
CYP11B1,0.0412484993997599,FALSE
OR4L1,-0.0412484993997599,FALSE
ARG1,0.0411524609843938,FALSE
LOC100131066,-0.0411524609843938,FALSE
NLRP13,0.0411524609843938,FALSE
CACHD1,0.0411524609843938,FALSE
ELF1,-0.0411524609843938,TRUE
TFCP2,0.0411524609843938,TRUE
IRX5,0.0411524609843938,TRUE
GPR26,0.0411524609843938,FALSE
C20orf108,-0.0410564225690276,FALSE
LAMA5,-0.0410564225690276,FALSE
DHRS7,0.0410564225690276,FALSE
ISL2,0.0410564225690276,TRUE
POGZ,-0.0410564225690276,TRUE
OR2W3,0.0410564225690276,FALSE
NDUFC2,-0.0409603841536615,FALSE
BST1,-0.0408643457382953,FALSE
NASP,-0.0408643457382953,FALSE
LOC729020,0.0408643457382953,FALSE
BTLA,-0.0408643457382953,FALSE
IKBKE,0.0408643457382953,FALSE
TBX20,-0.0408643457382953,TRUE
SYNGR1,-0.0407683073229292,FALSE
ACPL2,-0.0407683073229292,FALSE
SLC35A2,0.0407683073229292,FALSE
PRSS16,0.0407683073229292,FALSE
RNASE10,-0.0407683073229292,FALSE
LOC729860,0.0407683073229292,FALSE
CTNNA3,-0.0407683073229292,FALSE
C11orf46,-0.0407683073229292,FALSE
RGAG1,0.0407683073229292,FALSE
TCTN3,0.040672268907563,FALSE
CLK1,-0.040672268907563,FALSE
CCDC157,-0.040672268907563,FALSE
SEMA6B,0.040672268907563,FALSE
EFCAB7,0.040672268907563,FALSE
PER4,-0.040672268907563,FALSE
RASGRF1,0.040672268907563,FALSE
NCF1,0.0405762304921969,FALSE
CD300LF,0.0405762304921969,FALSE
ZYG11B,0.0405762304921969,FALSE
SLC35C1,0.0405762304921969,FALSE
TRIM32,0.0405762304921969,FALSE
SAA1,-0.0404801920768307,FALSE
LIPF,-0.0404801920768307,FALSE
ZNF468,-0.0404801920768307,TRUE
UBE2V2,-0.0404801920768307,FALSE
RPL23AP53,-0.0404801920768307,FALSE
STRADB,0.0404801920768307,FALSE
CRYBA1,-0.0404801920768307,FALSE
INADL,0.0404801920768307,FALSE
PCGF6,0.0403841536614646,FALSE
HSF2BP,-0.0403841536614646,FALSE
MARC2,-0.0403841536614646,FALSE
ZNF691,-0.0403841536614646,TRUE
PRSS45,0.0403841536614646,FALSE
ERMP1,-0.0403841536614646,FALSE
TTC21B,0.0402881152460984,FALSE
DPF1,0.0402881152460984,FALSE
MYH13,0.0402881152460984,FALSE
APLNR,-0.0402881152460984,FALSE
FUT9,-0.0401920768307323,FALSE
LOC127841,0.0401920768307323,FALSE
IFNA21,0.0401920768307323,FALSE
CALML5,-0.0401920768307323,FALSE
C1QA,0.0401920768307323,FALSE
GIPC2,0.0401920768307323,FALSE
MED13,-0.0400960384153662,FALSE
WNT2,-0.0400960384153662,FALSE
UBE4B,0.04,FALSE
NUPL1,0.04,FALSE
RAP2A,0.04,FALSE
OR52A1,0.04,FALSE
WDR92,0.04,FALSE
FUT5,0.04,FALSE
PNKP,0.04,FALSE
MARCH4,-0.0399039615846339,FALSE
BPIFB3,0.0399039615846339,FALSE
SNHG10,0.0399039615846339,FALSE
RFWD3,-0.0399039615846339,FALSE
SPERT,0.0399039615846339,FALSE
MRPL24,0.0398079231692677,FALSE
OR51A4,-0.0398079231692677,FALSE
ZCWPW1,0.0398079231692677,FALSE
SNRPC,-0.0398079231692677,FALSE
VPS26A,0.0398079231692677,FALSE
GFRA2,0.0398079231692677,FALSE
LOC100128131,0.0398079231692677,FALSE
PITX2,-0.0398079231692677,TRUE
LOC100130370,0.0397118847539016,FALSE
CLPTM1L,0.0397118847539016,FALSE
ODF3B,-0.0396158463385354,FALSE
LOC338817,0.0396158463385354,FALSE
CCT7,0.0396158463385354,FALSE
HR,-0.0396158463385354,FALSE
SDK2,-0.0396158463385354,FALSE
LOC100133461,-0.0396158463385354,FALSE
RPS9,-0.0396158463385354,FALSE
KRTAP21-1,-0.0396158463385354,FALSE
C5orf52,-0.0396158463385354,FALSE
XIST,0.0395198079231693,FALSE
C1orf228,0.0395198079231693,FALSE
DNAJB5,-0.0395198079231693,FALSE
B3GAT2,-0.0395198079231693,FALSE
DTNBP1,0.0395198079231693,FALSE
LRP2,-0.0395198079231693,FALSE
FAM86FP,0.0395198079231693,FALSE
PCDHGA3,0.0395198079231693,FALSE
PP13004,-0.0395198079231693,FALSE
FAM71C,-0.0395198079231693,FALSE
IPO5,0.0394237695078031,FALSE
OR10AG1,0.0394237695078031,FALSE
SYT7,0.0394237695078031,FALSE
SYCP2,0.0394237695078031,FALSE
KLHL32,-0.039327731092437,FALSE
NR3C1,-0.039327731092437,TRUE
ENPEP,-0.039327731092437,FALSE
MRPS23,-0.039327731092437,FALSE
C2orf27B,0.0392316926770708,FALSE
ASXL2,-0.0392316926770708,FALSE
LOC401177,0.0391356542617047,FALSE
LOC401134,-0.0391356542617047,FALSE
TMEM146,0.0391356542617047,FALSE
TSTA3,0.0391356542617047,FALSE
LOC145783,0.0391356542617047,FALSE
MPHOSPH6,-0.0391356542617047,FALSE
LOC729047,-0.0390396158463385,FALSE
SCN5A,-0.0390396158463385,FALSE
LOC152578,0.0390396158463385,FALSE
TXLNG2P,-0.0390396158463385,FALSE
MTX2,-0.0389435774309724,FALSE
DHTKD1,-0.0389435774309724,FALSE
KCTD1,-0.0389435774309724,FALSE
NTS,-0.0389435774309724,FALSE
THNSL1,-0.0389435774309724,FALSE
SPINK4,0.0389435774309724,FALSE
ABHD12B,-0.0388475390156062,FALSE
MRVI1,0.0388475390156062,FALSE
SRSF12,-0.0388475390156062,FALSE
GNPTG,0.0388475390156062,FALSE
TTTY8,-0.0387515006002401,FALSE
ANP32A-IT1,-0.0387515006002401,FALSE
SCML1,0.0387515006002401,FALSE
CCDC88A,0.0387515006002401,FALSE
GALR2,0.0387515006002401,FALSE
RPIA,0.0386554621848739,FALSE
WDR69,-0.0386554621848739,FALSE
KRTAP5-5,-0.0386554621848739,FALSE
ELOVL3,-0.0386554621848739,FALSE
LAPTM5,0.0386554621848739,FALSE
ZNF443,-0.0386554621848739,TRUE
OR1L3,-0.0386554621848739,FALSE
PRM1,-0.0386554621848739,FALSE
AQP2,0.0386554621848739,FALSE
C10orf131,-0.0386554621848739,FALSE
FGF5,-0.0385594237695078,FALSE
FOXN2,-0.0385594237695078,TRUE
LOC100653080,-0.0385594237695078,FALSE
LOC203274,0.0385594237695078,FALSE
TMPPE,0.0385594237695078,FALSE
LOC340512,0.0385594237695078,FALSE
MYOZ3,-0.0384633853541417,FALSE
SYCN,0.0384633853541417,FALSE
RP1-177G6.2,0.0384633853541417,FALSE
TDRD12,-0.0384633853541417,FALSE
MYH16,-0.0384633853541417,FALSE
ESRG,0.0384633853541417,FALSE
SERPINA7,-0.0384633853541417,FALSE
EWSR1,-0.0383673469387755,FALSE
ZNF17,-0.0383673469387755,TRUE
LOC285740,-0.0383673469387755,FALSE
ARPC1A,0.0383673469387755,FALSE
LOC100128160,-0.0383673469387755,FALSE
TRPV4,0.0383673469387755,FALSE
EIF1AY,0.0383673469387755,FALSE
LECT2,0.0383673469387755,FALSE
GABBR2,-0.0383673469387755,FALSE
CXorf28,0.0383673469387755,FALSE
LYPD6,-0.0383673469387755,FALSE
LOC729444,0.0382713085234094,FALSE
FNDC4,0.0382713085234094,FALSE
CD27,0.0382713085234094,FALSE
KCNK16,-0.0382713085234094,FALSE
KCTD2,-0.0381752701080432,FALSE
PELP1,-0.0381752701080432,FALSE
PRCD,-0.0381752701080432,FALSE
PCYT1A,-0.0381752701080432,FALSE
RND1,-0.0381752701080432,FALSE
TMEM72,-0.0381752701080432,FALSE
ANKRD30B,-0.0380792316926771,FALSE
PALM2,0.0380792316926771,FALSE
GPX1,-0.0380792316926771,FALSE
HDLBP,0.0380792316926771,FALSE
IFNAR1,-0.0380792316926771,FALSE
ZBTB10,-0.0380792316926771,TRUE
SLBP,-0.0380792316926771,FALSE
NUDT16P1,-0.0380792316926771,FALSE
NBLA00301,-0.0380792316926771,FALSE
C8orf29,0.0380792316926771,FALSE
PKNOX1,0.0379831932773109,TRUE
PPP1R3B,-0.0379831932773109,FALSE
TPRXL,-0.0379831932773109,TRUE
KCTD4,-0.0379831932773109,FALSE
LOC100130691,0.0378871548619448,FALSE
GAMT,0.0378871548619448,FALSE
GDA,-0.0378871548619448,FALSE
LOC493754,-0.0378871548619448,FALSE
C22orf23,0.0378871548619448,FALSE
SLC6A12,-0.0378871548619448,FALSE
SPATA16,-0.0378871548619448,FALSE
NEK7,0.0377911164465786,FALSE
ALOX5AP,0.0377911164465786,FALSE
H2AFY,0.0377911164465786,FALSE
NFAM1,-0.0377911164465786,FALSE
UQCRC1,0.0377911164465786,FALSE
LOC100131131,0.0377911164465786,FALSE
SSH1,-0.0376950780312125,FALSE
LOC285456,0.0376950780312125,FALSE
HADH,0.0376950780312125,FALSE
TMEM18,-0.0376950780312125,FALSE
PCDH1,0.0376950780312125,FALSE
HIF1AN,-0.0376950780312125,FALSE
LOC285419,0.0376950780312125,FALSE
AADAT,-0.0376950780312125,FALSE
FMNL2,0.0375990396158463,FALSE
ATR,-0.0375990396158463,FALSE
THSD1,-0.0375990396158463,FALSE
ARSK,-0.0375990396158463,FALSE
TREML3,-0.0375990396158463,FALSE
YAP1,0.0375030012004802,FALSE
KRT32,-0.0375030012004802,FALSE
RND2,0.0375030012004802,FALSE
LINC00478,0.0375030012004802,FALSE
DUSP5P,0.0375030012004802,FALSE
NMU,0.037406962785114,FALSE
LOC100130654,-0.037406962785114,FALSE
VPS13A,0.037406962785114,FALSE
NHLRC3,-0.037406962785114,FALSE
LAX1,-0.037406962785114,FALSE
FAM81B,0.037406962785114,FALSE
KRT84,0.037406962785114,FALSE
UG0898H09,0.037406962785114,FALSE
ATP11B,0.0373109243697479,FALSE
HHIPL2,0.0373109243697479,FALSE
RBM41,-0.0372148859543818,FALSE
C10orf90,-0.0372148859543818,FALSE
GJB1,-0.0372148859543818,FALSE
LOC728339,0.0372148859543818,FALSE
LINGO3,-0.0372148859543818,FALSE
LOC100129098,-0.0371188475390156,FALSE
OR2M7,-0.0371188475390156,FALSE
OR1J2,-0.0371188475390156,FALSE
MYH15,0.0371188475390156,FALSE
SPTSSB,-0.0371188475390156,FALSE
LOC100126448,-0.0371188475390156,FALSE
TBC1D15,-0.0370228091236495,FALSE
OR10P1,-0.0370228091236495,FALSE
CPEB2,-0.0370228091236495,FALSE
HDHD1,0.0370228091236495,FALSE
IL18,-0.0370228091236495,FALSE
ZNF74,0.0370228091236495,TRUE
MON2,0.0370228091236495,FALSE
ADCY7,-0.0370228091236495,FALSE
ANO8,0.0369267707082833,FALSE
WDR54,-0.0369267707082833,FALSE
HAP1,-0.0369267707082833,FALSE
ATP2B1,0.0369267707082833,FALSE
BANF2,-0.0369267707082833,FALSE
PAAF1,-0.0368307322929172,FALSE
SLC27A3,0.036734693877551,FALSE
KDM5C,0.036734693877551,FALSE
NAA16,-0.036734693877551,FALSE
KIAA0528,0.036734693877551,FALSE
COMT,-0.036734693877551,FALSE
LOC729995,-0.036734693877551,FALSE
ITGB6,0.0366386554621849,FALSE
FLJ26245,0.0366386554621849,FALSE
BOP1,-0.0365426170468187,FALSE
DKFZp686O1327,-0.0365426170468187,FALSE
ECHDC1,-0.0365426170468187,FALSE
SOS2,0.0365426170468187,FALSE
SPTBN5,0.0365426170468187,FALSE
CTSD,0.0365426170468187,FALSE
OR4E2,-0.0365426170468187,FALSE
RHOF,-0.0365426170468187,FALSE
OR1G1,0.0365426170468187,FALSE
CIB3,0.0364465786314526,FALSE
PTCD2,-0.0364465786314526,FALSE
KDM2A,-0.0364465786314526,FALSE
ZNF394,0.0364465786314526,TRUE
HGSNAT,0.0364465786314526,FALSE
LOC280665,-0.0364465786314526,FALSE
LOC100134365,-0.0364465786314526,FALSE
BCR,0.0363505402160864,FALSE
NAE1,-0.0363505402160864,FALSE
VPS4B,-0.0363505402160864,FALSE
DTWD1,-0.0363505402160864,FALSE
HOXB3,0.0363505402160864,TRUE
ASCC1,-0.0363505402160864,FALSE
LOC100134937,-0.0363505402160864,FALSE
PROKR2,-0.0363505402160864,FALSE
LOC441052,0.0363505402160864,FALSE
DDX39A,-0.0362545018007203,FALSE
GNGT1,0.0362545018007203,FALSE
VPS36,-0.0362545018007203,FALSE
POLR3GL,0.0362545018007203,FALSE
CYTIP,0.0362545018007203,FALSE
IPO8,-0.0361584633853541,FALSE
ALKBH4,0.0361584633853541,FALSE
UBD,-0.0361584633853541,FALSE
ACTA1,0.036062424969988,FALSE
CXorf1,-0.036062424969988,FALSE
FAM55B,0.036062424969988,FALSE
BIRC8,-0.036062424969988,FALSE
ORC1,-0.036062424969988,FALSE
LEMD3,0.036062424969988,FALSE
PCDHGC5,0.036062424969988,FALSE
TMEM161A,0.0359663865546219,FALSE
ATP13A3,-0.0359663865546219,FALSE
LOC100130950,0.0359663865546219,FALSE
ZNF354C,-0.0359663865546219,TRUE
LOC388946,0.0358703481392557,FALSE
SNORA81,-0.0358703481392557,FALSE
NPHP3,-0.0358703481392557,FALSE
DDOST,-0.0358703481392557,FALSE
SMPD1,0.0358703481392557,FALSE
PDPK1,0.0358703481392557,FALSE
AGXT2L1,0.0358703481392557,FALSE
LOC400940,0.0358703481392557,FALSE
LOC100130876,0.0358703481392557,FALSE
NXNL2,-0.0357743097238896,FALSE
IL4,-0.0357743097238896,FALSE
LSM6,-0.0357743097238896,FALSE
SLC16A7,-0.0357743097238896,FALSE
ZMAT5,-0.0357743097238896,FALSE
CTDSP2,0.0356782713085234,FALSE
DMXL2,-0.0356782713085234,FALSE
WNT8B,-0.0356782713085234,FALSE
LOC100131170,-0.0356782713085234,FALSE
SH3D19,0.0355822328931573,FALSE
GTF2IRD1,-0.0355822328931573,TRUE
ACSBG2,0.0355822328931573,FALSE
C10orf68,-0.0355822328931573,FALSE
GUSBP5,-0.0355822328931573,FALSE
SLCO4A1,0.0354861944777911,FALSE
PCSK4,0.0354861944777911,FALSE
GPR37L1,0.0354861944777911,FALSE
LOC730202,0.0354861944777911,FALSE
MTUS2,-0.035390156062425,FALSE
TNKS1BP1,-0.035390156062425,FALSE
FBLL1,-0.035390156062425,FALSE
RIPPLY1,0.035390156062425,FALSE
GIT1,0.0352941176470588,FALSE
H2AFB3,0.0352941176470588,FALSE
USP39,-0.0352941176470588,FALSE
C16orf55,0.0352941176470588,FALSE
SNAP29,0.0352941176470588,FALSE
GCNT4,-0.0352941176470588,FALSE
DAP,-0.0352941176470588,FALSE
TMEM207,0.0351980792316927,FALSE
PRR3,-0.0351980792316927,FALSE
ZNF704,-0.0351980792316927,TRUE
ANKRD16,0.0351980792316927,FALSE
FGB,-0.0351980792316927,FALSE
KLF12,-0.0351980792316927,TRUE
LOC100288568,0.0351980792316927,FALSE
LOC100131232,0.0351980792316927,FALSE
STAT6,0.0351020408163265,TRUE
HS3ST4,-0.0351020408163265,FALSE
LOC100129427,-0.0351020408163265,FALSE
RDH8,-0.0351020408163265,FALSE
SLC25A43,0.0351020408163265,FALSE
FLJ44838,-0.0351020408163265,FALSE
SLC17A8,0.0351020408163265,FALSE
XPO7,-0.0350060024009604,FALSE
KRT33B,0.0350060024009604,FALSE
RTN2,-0.0350060024009604,FALSE
MYH7,-0.0349099639855942,FALSE
C18orf63,-0.0349099639855942,FALSE
C1orf141,-0.0349099639855942,FALSE
PRSS12,-0.0349099639855942,FALSE
TMEM8A,0.0349099639855942,FALSE
HSPA2,-0.0349099639855942,FALSE
TBC1D9,-0.0349099639855942,FALSE
OCIAD1,-0.0349099639855942,FALSE
GSTT2,-0.0349099639855942,FALSE
LINC00461,0.0349099639855942,FALSE
KISS1,-0.0349099639855942,FALSE
LOC284260,-0.0349099639855942,FALSE
AKT1,0.0348139255702281,FALSE
RUFY2,0.0348139255702281,FALSE
LOC100130539,0.0348139255702281,FALSE
LONRF3,-0.0348139255702281,FALSE
LOC399875,0.0348139255702281,FALSE
C14orf23,-0.0347178871548619,FALSE
VSTM5,0.0347178871548619,FALSE
FNTA,0.0347178871548619,FALSE
LOC643551,0.0347178871548619,FALSE
C9orf11,0.0347178871548619,FALSE
NTHL1,0.0347178871548619,FALSE
SVEP1,0.0347178871548619,FALSE
HSF4,-0.0347178871548619,TRUE
C15orf50,0.0347178871548619,FALSE
RNF217,0.0346218487394958,FALSE
FAM59B,-0.0346218487394958,FALSE
BPIFA2,0.0346218487394958,FALSE
C6orf118,-0.0346218487394958,FALSE
OR11H4,0.0346218487394958,FALSE
ABCC2,0.0345258103241297,FALSE
MGC23284,0.0345258103241297,FALSE
BTK,-0.0345258103241297,FALSE
ADAM33,0.0345258103241297,FALSE
HPCAL1,0.0345258103241297,FALSE
DOLK,0.0345258103241297,FALSE
POLM,0.0345258103241297,FALSE
SLC1A2,0.0345258103241297,FALSE
EPX,0.0344297719087635,FALSE
FLJ35390,-0.0344297719087635,FALSE
D21S2090E,0.0343337334933974,FALSE
CHMP4B,0.0343337334933974,FALSE
C1RL,-0.0343337334933974,FALSE
FLJ46320,-0.0343337334933974,FALSE
BEND4,-0.0342376950780312,FALSE
PCDH8,-0.0342376950780312,FALSE
CLEC4E,-0.0341416566626651,FALSE
KRT25,0.0341416566626651,FALSE
C9orf69,0.0341416566626651,FALSE
CLDN20,-0.0340456182472989,FALSE
ZNF738,0.0340456182472989,TRUE
C19orf75,-0.0340456182472989,FALSE
PIGW,0.0340456182472989,FALSE
KIAA1024L,0.0340456182472989,FALSE
CXCR4,0.0339495798319328,FALSE
MEIS1,-0.0339495798319328,TRUE
PSME1,-0.0339495798319328,FALSE
CREBL2,0.0339495798319328,TRUE
PEX7,0.0339495798319328,FALSE
TAS2R19,-0.0339495798319328,FALSE
GALC,-0.0338535414165666,FALSE
SRM,0.0338535414165666,FALSE
KLHDC5,0.0338535414165666,FALSE
HACE1,-0.0338535414165666,FALSE
OR4K1,0.0338535414165666,FALSE
FLJ37644,0.0338535414165666,FALSE
SPCS1,-0.0338535414165666,FALSE
PTF1A,0.0338535414165666,TRUE
SLC35B2,0.0337575030012005,FALSE
LAMC1,-0.0337575030012005,FALSE
DIS3L2,0.0337575030012005,FALSE
NR5A2,-0.0337575030012005,TRUE
KIAA1967,0.0337575030012005,FALSE
LOC732275,0.0337575030012005,FALSE
DNAJA1,-0.0337575030012005,FALSE
C17orf102,-0.0337575030012005,FALSE
CABS1,-0.0336614645858343,FALSE
SLMO2,0.0336614645858343,FALSE
LEPROT,0.0336614645858343,FALSE
MREG,0.0336614645858343,FALSE
C7orf25,0.0336614645858343,FALSE
FAM194B,0.0336614645858343,FALSE
ZNF606,0.0335654261704682,FALSE
PKN3,-0.0335654261704682,FALSE
SUMO3,-0.0335654261704682,FALSE
ZNF425,-0.0335654261704682,TRUE
LOC100132336,-0.0335654261704682,FALSE
LOC100129111,0.0335654261704682,FALSE
PRG4,-0.033469387755102,FALSE
RAB44,0.033469387755102,FALSE
MTUS1,0.033469387755102,FALSE
MB21D2,0.033469387755102,FALSE
OR9H1P,0.033469387755102,FALSE
VEGFC,-0.033469387755102,FALSE
PCBP3,0.033469387755102,FALSE
LOC729911,0.033469387755102,FALSE
PSG2,-0.033469387755102,FALSE
KRTAP15-1,0.033469387755102,FALSE
GRK7,-0.0333733493397359,FALSE
PTPRG,-0.0333733493397359,FALSE
PLK3,-0.0333733493397359,FALSE
POTED,-0.0333733493397359,FALSE
BEST4,0.0333733493397359,FALSE
C4orf47,-0.0333733493397359,FALSE
F11,0.0332773109243697,FALSE
MARK4,-0.0332773109243697,FALSE
ZNF165,0.0332773109243697,TRUE
DCT,-0.0332773109243697,FALSE
PDXP,0.0332773109243697,FALSE
MYOZ1,0.0332773109243697,FALSE
LOC100128172,-0.0332773109243697,FALSE
PAX5,-0.0332773109243697,TRUE
FAM169A,-0.0332773109243697,FALSE
OSBPL10,0.0331812725090036,FALSE
FSHR,0.0331812725090036,FALSE
LOC285796,-0.0330852340936375,FALSE
OR52N1,-0.0330852340936375,FALSE
TTPAL,-0.0330852340936375,FALSE
TAS2R5,0.0330852340936375,FALSE
LOC728558,-0.0330852340936375,FALSE
FOXA2,-0.0330852340936375,TRUE
AJUBA,0.0330852340936375,FALSE
UTRN,-0.0329891956782713,FALSE
KCNA3,0.0329891956782713,FALSE
MFSD9,0.0328931572629052,FALSE
LRRN2,-0.0328931572629052,FALSE
APOBEC3A,0.0328931572629052,FALSE
LOC283070,0.0328931572629052,FALSE
COX4I1,-0.0328931572629052,FALSE
GRIK4,-0.0328931572629052,FALSE
RAX,-0.032797118847539,TRUE
C15orf33,-0.032797118847539,FALSE
FOSL1,-0.032797118847539,TRUE
LAIR2,-0.032797118847539,FALSE
RHO,-0.032797118847539,FALSE
LCT,-0.032797118847539,FALSE
NAA11,-0.0327010804321729,FALSE
SOX6,0.0327010804321729,TRUE
FAM55C,0.0327010804321729,FALSE
LOC157381,0.0326050420168067,FALSE
CST9,0.0326050420168067,FALSE
LOC126536,-0.0326050420168067,FALSE
UPK3B,0.0326050420168067,FALSE
LOC641746,0.0325090036014406,FALSE
AMOTL1,-0.0325090036014406,FALSE
PLBD2,0.0325090036014406,FALSE
CCDC74B,-0.0325090036014406,FALSE
C12orf62,0.0324129651860744,FALSE
ZNF708,0.0324129651860744,TRUE
TSIX,-0.0324129651860744,FALSE
TEKT4,0.0324129651860744,FALSE
CHCHD7,0.0324129651860744,FALSE
DET1,-0.0324129651860744,FALSE
UCMA,-0.0324129651860744,FALSE
LOC100233156,0.0323169267707083,FALSE
TDRD5,-0.0323169267707083,FALSE
KLF9,-0.0323169267707083,TRUE
ATG5,0.0323169267707083,FALSE
ANKRD9,0.0323169267707083,FALSE
ADAM20,0.0323169267707083,FALSE
SECTM1,0.0323169267707083,FALSE
FLJ16126,-0.0323169267707083,FALSE
ATP2C2,-0.0322208883553421,FALSE
ZFP161,0.0322208883553421,FALSE
GNAI1,0.032124849939976,FALSE
C5orf38,-0.032124849939976,FALSE
CDC14A,0.032124849939976,FALSE
DBX2,0.032124849939976,TRUE
CEACAM4,0.0320288115246098,FALSE
DAOA,-0.0320288115246098,FALSE
URM1,0.0320288115246098,FALSE
CD99L2,-0.0320288115246098,FALSE
TAB3,-0.0320288115246098,FALSE
ACER3,-0.0320288115246098,FALSE
LOC100128950,0.0320288115246098,FALSE
CA10,-0.0320288115246098,FALSE
MUC15,-0.0320288115246098,FALSE
C8orf80,0.0319327731092437,FALSE
PAIP1,-0.0319327731092437,FALSE
SPG20,0.0319327731092437,FALSE
GRIPAP1,-0.0319327731092437,FALSE
C6orf170,-0.0319327731092437,FALSE
C18orf15,0.0319327731092437,FALSE
CST11,0.0319327731092437,FALSE
OR5C1,-0.0319327731092437,FALSE
SLC5A8,-0.0318367346938776,FALSE
SEMA5B,0.0318367346938776,FALSE
ARHGAP1,0.0318367346938776,FALSE
LRRTM4,-0.0318367346938776,FALSE
TMEM196,0.0317406962785114,FALSE
C14orf105,-0.0317406962785114,FALSE
HNRNPA3,0.0317406962785114,FALSE
CSHL1,0.0317406962785114,FALSE
OR7C2,-0.0317406962785114,FALSE
GLTPD1,-0.0316446578631453,FALSE
SLFN11,0.0316446578631453,FALSE
ASB14,0.0315486194477791,FALSE
FGF12,0.0315486194477791,FALSE
KCNH6,0.0315486194477791,FALSE
LOC284577,-0.0315486194477791,FALSE
IMP4,0.031452581032413,FALSE
PMS2,-0.031452581032413,FALSE
DNAJC24,0.031452581032413,FALSE
PWWP2A,-0.031452581032413,FALSE
DGCR8,0.031452581032413,FALSE
ADAMTSL5,0.031452581032413,FALSE
RDX,0.031452581032413,FALSE
OR8D1,0.031452581032413,FALSE
BLCAP,-0.0313565426170468,FALSE
TPRG1,0.0313565426170468,FALSE
TMEM203,0.0313565426170468,FALSE
WNT5B,0.0313565426170468,FALSE
PCDHB2,-0.0313565426170468,FALSE
NBPF7,0.0313565426170468,FALSE
SKCG-1,-0.0312605042016807,FALSE
OR10S1,0.0312605042016807,FALSE
MKRN1,-0.0312605042016807,FALSE
ATAD3A,-0.0312605042016807,FALSE
DPP9,0.0312605042016807,FALSE
RAB10,-0.0312605042016807,FALSE
UTP18,0.0312605042016807,FALSE
LRRC61,0.0312605042016807,FALSE
KHDRBS2,0.0312605042016807,FALSE
SOHLH1,-0.0312605042016807,TRUE
SPRR2A,0.0312605042016807,FALSE
LOC285758,-0.0312605042016807,FALSE
C12orf37,0.0311644657863145,FALSE
LOC93432,-0.0311644657863145,FALSE
ZNF295,-0.0311644657863145,FALSE
NLRC4,0.0311644657863145,FALSE
CEBPZ,-0.0311644657863145,FALSE
TSPO2,0.0311644657863145,FALSE
B4GALT5,0.0311644657863145,FALSE
ZNF90,-0.0311644657863145,TRUE
C5orf55,-0.0311644657863145,FALSE
DUOX1,-0.0311644657863145,FALSE
HILPDA,-0.0310684273709484,FALSE
DNAJC2,-0.0310684273709484,FALSE
LRRC16B,-0.0310684273709484,FALSE
FLJ32955,-0.0310684273709484,FALSE
SNRPA1,0.0310684273709484,FALSE
PRKD1,-0.0310684273709484,FALSE
KCNE4,-0.0309723889555822,FALSE
ZC3H12C,0.0309723889555822,FALSE
FGF6,-0.0309723889555822,FALSE
FAM113B,0.0309723889555822,FALSE
FLJ20712,-0.0309723889555822,FALSE
OSR1,0.0309723889555822,TRUE
ALDH1A1,-0.0308763505402161,FALSE
XRN2,-0.0308763505402161,FALSE
C7orf55,-0.0308763505402161,FALSE
GNMT,0.0308763505402161,FALSE
FYN,0.0307803121248499,FALSE
LOC100128126,-0.0307803121248499,FALSE
SPATA21,-0.0307803121248499,FALSE
FXYD3,0.0307803121248499,FALSE
SCRG1,-0.0307803121248499,FALSE
LOC100507465,0.0307803121248499,FALSE
ANK1,0.0306842737094838,FALSE
ZNF814,-0.0306842737094838,FALSE
TRPV6,-0.0306842737094838,FALSE
LOC731656,-0.0305882352941177,FALSE
NUP88,-0.0305882352941177,FALSE
ALS2CR11,0.0305882352941177,FALSE
TRIML2,0.0305882352941177,FALSE
KRTAP4-3,0.0304921968787515,FALSE
TSPAN16,0.0304921968787515,FALSE
ACRBP,-0.0304921968787515,FALSE
AGRN,0.0304921968787515,FALSE
PTPRH,0.0304921968787515,FALSE
FAM19A4,-0.0304921968787515,FALSE
C1orf50,-0.0304921968787515,FALSE
ARMC2,-0.0304921968787515,FALSE
LOC340508,-0.0304921968787515,FALSE
ACSBG1,-0.0303961584633854,FALSE
EFCAB5,-0.0303961584633854,FALSE
SCAI,0.0303961584633854,FALSE
LOC100128977,-0.0303961584633854,FALSE
RBP1,-0.0303961584633854,FALSE
BGN,-0.0303961584633854,FALSE
TTTY10,0.0303961584633854,FALSE
DHDH,0.0303001200480192,FALSE
SYNJ2BP,0.0303001200480192,FALSE
C10orf71,0.0302040816326531,FALSE
RPE65,0.0302040816326531,FALSE
NINJ2,-0.0302040816326531,FALSE
MTHFS,-0.0302040816326531,FALSE
TEX15,-0.0302040816326531,FALSE
WFDC11,-0.0302040816326531,FALSE
PCNXL3,-0.0302040816326531,FALSE
OR51S1,-0.0302040816326531,FALSE
GPR157,0.0302040816326531,FALSE
LOC400943,0.0302040816326531,FALSE
CPNE7,0.0301080432172869,FALSE
MB,-0.0301080432172869,FALSE
VPS13B,-0.0301080432172869,FALSE
ZNF791,0.0301080432172869,TRUE
OR2AG1,-0.0301080432172869,FALSE
GRIK1-AS2,-0.0301080432172869,FALSE
RBMY3AP,0.0301080432172869,FALSE
OR6C4,0.0300120048019208,FALSE
CD163,0.0300120048019208,FALSE
C11orf67,0.0300120048019208,FALSE
TMED5,0.0300120048019208,FALSE
AK3,-0.0300120048019208,FALSE
ZNF300P1,0.0300120048019208,FALSE
PCOLCE2,0.0300120048019208,FALSE
PDZD9,-0.0299159663865546,FALSE
HIST1H2APS1,0.0299159663865546,FALSE
ZNRF2P1,-0.0299159663865546,FALSE
FAM90A10,0.0299159663865546,FALSE
RPL23AP7,0.0299159663865546,FALSE
C3orf18,-0.0299159663865546,FALSE
RAB41,-0.0299159663865546,FALSE
VCPIP1,-0.0298199279711885,FALSE
ST13,-0.0298199279711885,FALSE
ZNF613,-0.0298199279711885,TRUE
ACIN1,-0.0298199279711885,FALSE
SCG3,-0.0298199279711885,FALSE
PPP1R15B,0.0298199279711885,FALSE
CPA5,-0.0298199279711885,FALSE
OR5A1,-0.0298199279711885,FALSE
CD33,0.0298199279711885,FALSE
OMA1,0.0297238895558223,FALSE
TECTA,-0.0297238895558223,FALSE
OR4C1P,-0.0297238895558223,FALSE
IFNA8,-0.0296278511404562,FALSE
C20orf123,-0.0296278511404562,FALSE
SAMSN1,-0.0296278511404562,FALSE
MIR4500HG,-0.02953181272509,FALSE
OR51G2,0.02953181272509,FALSE
MTMR1,-0.02953181272509,FALSE
PRAMEF19,-0.02953181272509,FALSE
CDK13,0.0294357743097239,FALSE
PTPMT1,-0.0294357743097239,FALSE
SLC5A1,-0.0294357743097239,FALSE
ZNF142,0.0294357743097239,TRUE
C1orf190,-0.0294357743097239,FALSE
JAKMIP3,0.0293397358943577,FALSE
YPLR6490,-0.0293397358943577,FALSE
S100A11,0.0293397358943577,FALSE
FOXA1,-0.0293397358943577,TRUE
CSNK2B,-0.0293397358943577,FALSE
RANBP3L,0.0293397358943577,FALSE
NHLH2,-0.0293397358943577,TRUE
ZNF586,0.0293397358943577,TRUE
ANPEP,0.0293397358943577,FALSE
ADRA2A,-0.0292436974789916,FALSE
OR4D10,-0.0292436974789916,FALSE
GMIP,-0.0291476590636255,FALSE
COL20A1,-0.0291476590636255,FALSE
AFAP1-AS1,-0.0291476590636255,FALSE
KRTAP22-1,-0.0291476590636255,FALSE
C4orf26,-0.0291476590636255,FALSE
JAGN1,-0.0290516206482593,FALSE
C1orf123,-0.0290516206482593,FALSE
TBX15,0.0290516206482593,TRUE
METTL8,-0.0290516206482593,FALSE
SLC4A7,0.0290516206482593,FALSE
SLC39A12,-0.0290516206482593,FALSE
SNTG1,0.0289555822328932,FALSE
KCTD18,-0.0289555822328932,FALSE
LCE3B,-0.0289555822328932,FALSE
HEATR1,-0.0289555822328932,FALSE
MAB21L1,0.0289555822328932,FALSE
FH,0.0289555822328932,FALSE
OR5AC2,-0.028859543817527,FALSE
NEXN-AS1,0.028859543817527,FALSE
TBK1,0.028859543817527,FALSE
ACMSD,-0.028859543817527,FALSE
NDUFS7,-0.028859543817527,FALSE
STMN3,-0.028859543817527,FALSE
OVOS2,0.028859543817527,FALSE
KCNQ1,0.028859543817527,FALSE
LOC100132014,-0.0287635054021609,FALSE
DNASE2B,0.0286674669867947,FALSE
RNASE2,-0.0285714285714286,FALSE
AGXT2,-0.0285714285714286,FALSE
TULP1,-0.0285714285714286,FALSE
DDX6,-0.0285714285714286,FALSE
C20orf43,0.0285714285714286,FALSE
CCDC121,-0.0285714285714286,FALSE
PAEP,-0.0285714285714286,FALSE
SEPT10,-0.0285714285714286,FALSE
AGPAT4,-0.0285714285714286,FALSE
CSDA,0.0284753901560624,FALSE
DOCK1,0.0284753901560624,FALSE
C16orf73,-0.0284753901560624,FALSE
TNIP3,-0.0284753901560624,FALSE
GPR75,-0.0284753901560624,FALSE
DEFB1,0.0283793517406963,FALSE
MOB3B,-0.0283793517406963,FALSE
KCNQ2,0.0283793517406963,FALSE
ZKSCAN2,0.0283793517406963,TRUE
NME6,0.0283793517406963,FALSE
GCRG224,0.0283793517406963,FALSE
PAPOLB,-0.0283793517406963,FALSE
SLC35F1,0.0282833133253301,FALSE
MUM1,-0.0282833133253301,FALSE
REREP3,0.0282833133253301,FALSE
WDR52,-0.028187274909964,FALSE
CPB2,0.028187274909964,FALSE
HCCS,-0.028187274909964,FALSE
MYL6,-0.028187274909964,FALSE
CDC73,0.028187274909964,FALSE
HFM1,-0.028187274909964,FALSE
XPNPEP3,0.028187274909964,FALSE
TTTY20,0.028187274909964,FALSE
PDLIM5,-0.0280912364945978,FALSE
FLJ40536,0.0280912364945978,FALSE
TMPRSS11BNL,-0.0280912364945978,FALSE
LOC284757,-0.0280912364945978,FALSE
FAM161B,-0.0280912364945978,FALSE
GCNT3,0.0280912364945978,FALSE
CYP4A22,0.0280912364945978,FALSE
ZNF557,0.0280912364945978,TRUE
OR2W5,0.0280912364945978,FALSE
OR52E2,0.0279951980792317,FALSE
C7orf57,-0.0279951980792317,FALSE
CLEC18C,0.0279951980792317,FALSE
SLC47A1,-0.0279951980792317,FALSE
ZDHHC9,-0.0278991596638656,FALSE
FFAR1,0.0278991596638656,FALSE
ITCH,0.0278991596638656,FALSE
DAZ1,0.0278991596638656,FALSE
PADI2,-0.0278991596638656,FALSE
BSPRY,-0.0278031212484994,FALSE
EIF6,-0.0278031212484994,FALSE
CSGALNACT1,-0.0278031212484994,FALSE
MPP5,0.0278031212484994,FALSE
ANKRD49,0.0278031212484994,FALSE
SLC35E1,-0.0278031212484994,FALSE
LOC220906,0.0278031212484994,FALSE
KLK10,-0.0278031212484994,FALSE
COL6A5,-0.0278031212484994,FALSE
ANXA8L2,0.0278031212484994,FALSE
TRIML1,-0.0277070828331333,FALSE
IRAK3,-0.0277070828331333,FALSE
KRTAP4-7,-0.0277070828331333,FALSE
RPL9,-0.0277070828331333,FALSE
PSMB5,-0.0277070828331333,FALSE
HOXC8,-0.0277070828331333,TRUE
KLHL10,-0.0277070828331333,FALSE
GNB1L,0.0276110444177671,FALSE
FAM134A,0.0276110444177671,FALSE
ADAMTS8,0.0276110444177671,FALSE
ANAPC16,-0.027515006002401,FALSE
HERPUD1,0.027515006002401,FALSE
SLC38A6,0.027515006002401,FALSE
GPHN,-0.027515006002401,FALSE
ARPC1B,0.027515006002401,FALSE
SP110,-0.027515006002401,TRUE
CCDC115,-0.027515006002401,FALSE
TCF23,0.027515006002401,TRUE
C1orf129,-0.0274189675870348,FALSE
SPRYD5,0.0274189675870348,FALSE
ST7L,-0.0274189675870348,FALSE
BCKDK,-0.0274189675870348,FALSE
CCDC12,0.0274189675870348,FALSE
C12orf29,-0.0274189675870348,FALSE
LOC729678,-0.0274189675870348,FALSE
CDK17,0.0274189675870348,FALSE
TMEM174,-0.0274189675870348,FALSE
ZNF660,0.0274189675870348,TRUE
NAPEPLD,0.0274189675870348,FALSE
SOX2,0.0274189675870348,TRUE
LOC643529,-0.0273229291716687,FALSE
ZNF846,-0.0273229291716687,TRUE
ZGLP1,-0.0273229291716687,TRUE
BTF3,0.0273229291716687,FALSE
DDR2,0.0273229291716687,FALSE
MYH4,-0.0272268907563025,FALSE
HSFY1P1,-0.0272268907563025,FALSE
UTP14A,0.0272268907563025,FALSE
C3orf19,-0.0272268907563025,FALSE
DDX11L2,-0.0272268907563025,FALSE
LOC100130548,-0.0272268907563025,FALSE
ADAM6,-0.0272268907563025,FALSE
GOLGA6A,0.0271308523409364,FALSE
LAD1,0.0271308523409364,FALSE
C10orf95,0.0271308523409364,FALSE
PSMA8,0.0271308523409364,FALSE
LOC730102,-0.0270348139255702,FALSE
TMEM233,-0.0270348139255702,FALSE
FOXN4,0.0270348139255702,TRUE
RIBC1,-0.0269387755102041,FALSE
MMAA,-0.0269387755102041,FALSE
UBE2QL1,0.0269387755102041,FALSE
C8orf8,-0.0269387755102041,FALSE
SCARNA4,-0.0269387755102041,FALSE
B4GALNT4,0.0269387755102041,FALSE
UTY,0.0269387755102041,FALSE
ACAP3,0.0268427370948379,FALSE
TMEM108,-0.0268427370948379,FALSE
CSRP2BP,0.0268427370948379,FALSE
C12orf34,-0.0268427370948379,FALSE
EPS8L2,-0.0268427370948379,FALSE
HSPB9,-0.0268427370948379,FALSE
CD1E,-0.0268427370948379,FALSE
DKFZp779M0652,-0.0267466986794718,FALSE
IRF2BP1,-0.0267466986794718,FALSE
CCDC91,-0.0267466986794718,FALSE
IL36A,-0.0267466986794718,FALSE
MGRN1,0.0267466986794718,FALSE
GNPTAB,-0.0267466986794718,FALSE
LOC645431,-0.0267466986794718,FALSE
RARA,-0.0266506602641056,TRUE
CLEC18B,-0.0266506602641056,FALSE
FRMPD2,-0.0266506602641056,FALSE
LOC100131691,-0.0266506602641056,FALSE
CLNK,0.0265546218487395,FALSE
PFKFB2,-0.0265546218487395,FALSE
CPVL,-0.0265546218487395,FALSE
ARFGEF2,-0.0265546218487395,FALSE
DEPDC5,0.0265546218487395,FALSE
PAPOLG,-0.0265546218487395,FALSE
FBXO6,-0.0265546218487395,FALSE
RBBP7,-0.0265546218487395,FALSE
FBXO34,0.0265546218487395,FALSE
LOC284930,-0.0265546218487395,FALSE
PCDHA13,0.0264585834333734,FALSE
WFDC8,-0.0264585834333734,FALSE
LMCD1,-0.0263625450180072,FALSE
MAGED1,-0.0263625450180072,FALSE
CD34,-0.0263625450180072,FALSE
ARID4A,-0.0263625450180072,FALSE
PARS2,0.0263625450180072,FALSE
BTBD10,-0.0262665066026411,FALSE
CERS5,0.0262665066026411,FALSE
ANKRD30BL,0.0262665066026411,FALSE
PRSS41,-0.0262665066026411,FALSE
USP18,-0.0261704681872749,FALSE
ADAL,0.0261704681872749,FALSE
POLR3C,-0.0261704681872749,FALSE
ITGB5,0.0261704681872749,FALSE
SYMPK,-0.0261704681872749,FALSE
GLB1,-0.0261704681872749,FALSE
TYW3,-0.0261704681872749,FALSE
IL10RB,-0.0261704681872749,FALSE
LOC647946,-0.0261704681872749,FALSE
RHPN1,-0.0260744297719088,FALSE
C10orf92,0.0260744297719088,FALSE
NUDT6,0.0260744297719088,FALSE
GPR22,0.0260744297719088,FALSE
APOA4,0.0260744297719088,FALSE
MGC12916,-0.0260744297719088,FALSE
LIFR,-0.0259783913565426,FALSE
CAPN7,0.0259783913565426,FALSE
TLX2,-0.0259783913565426,TRUE
RFX4,-0.0259783913565426,TRUE
OR5B2,-0.0258823529411765,FALSE
OR4C11,-0.0258823529411765,FALSE
GSTCD,-0.0258823529411765,FALSE
FAM32A,-0.0258823529411765,FALSE
LOC729324,0.0258823529411765,FALSE
PCMTD2,0.0257863145258103,FALSE
REG4,-0.0257863145258103,FALSE
NR1H4,-0.0257863145258103,TRUE
SEPT14,-0.0256902761104442,FALSE
BEND3,0.0256902761104442,FALSE
RPF2,-0.0256902761104442,FALSE
CCDC136,-0.0256902761104442,FALSE
GALNT4,0.0256902761104442,FALSE
PSEN1,-0.025594237695078,FALSE
PKLR,-0.025594237695078,FALSE
TAF6,0.025594237695078,FALSE
LOC148709,0.025594237695078,FALSE
FRA10AC1,0.025594237695078,FALSE
LOC400643,0.0254981992797119,FALSE
LOC647020,-0.0254981992797119,FALSE
DCDC5,0.0254981992797119,FALSE
LOC727915,0.0254021608643457,FALSE
LMOD1,0.0254021608643457,FALSE
FAM180B,0.0254021608643457,FALSE
GPR97,0.0254021608643457,FALSE
OR8B4,-0.0254021608643457,FALSE
KRTAP26-1,-0.0254021608643457,FALSE
ERBB4,-0.0253061224489796,FALSE
KLF2,-0.0253061224489796,TRUE
EFCAB10,-0.0253061224489796,FALSE
TMTC3,-0.0253061224489796,FALSE
C20orf26,0.0253061224489796,FALSE
SCN2A,-0.0253061224489796,FALSE
CLCNKA,-0.0253061224489796,FALSE
SMAD9,-0.0253061224489796,TRUE
C2orf54,-0.0252100840336134,FALSE
ABCB6,0.0252100840336134,FALSE
MSN,0.0252100840336134,FALSE
MOSPD2,-0.0252100840336134,FALSE
ZNF615,0.0252100840336134,FALSE
HOXB4,-0.0252100840336134,TRUE
CD97,-0.0252100840336134,FALSE
FLJ46875,0.0252100840336134,FALSE
CAGE1,-0.0251140456182473,FALSE
PLCZ1,0.0251140456182473,FALSE
STX5,0.0251140456182473,FALSE
SLC35B1,-0.0251140456182473,FALSE
HCG4B,-0.0251140456182473,FALSE
DSTYK,-0.0251140456182473,FALSE
RELN,-0.0251140456182473,FALSE
DARS2,0.0251140456182473,FALSE
EPHA6,0.0250180072028812,FALSE
CD151,0.0250180072028812,FALSE
KGFLP2,0.0250180072028812,FALSE
SPATA7,0.0250180072028812,FALSE
MAP3K4,-0.0250180072028812,FALSE
PIRT,-0.0250180072028812,FALSE
CSN1S2AP,0.024921968787515,FALSE
ADCK5,0.024921968787515,FALSE
SLC35E4,0.024921968787515,FALSE
PTH1R,-0.024921968787515,FALSE
VPS53,-0.024921968787515,FALSE
CBS,0.024921968787515,FALSE
DIAPH1,-0.024921968787515,FALSE
PRDM6,-0.024921968787515,FALSE
LOC100130916,0.024921968787515,FALSE
KLK3,-0.024921968787515,FALSE
MOS,-0.0248259303721489,FALSE
OSCAR,-0.0248259303721489,FALSE
STK11IP,0.0248259303721489,FALSE
SLC4A8,0.0248259303721489,FALSE
CCDC11,-0.0248259303721489,FALSE
MYT1,-0.0247298919567827,TRUE
PAX2,-0.0247298919567827,TRUE
TRIM72,-0.0247298919567827,FALSE
C1orf64,-0.0247298919567827,FALSE
TRPM1,0.0247298919567827,FALSE
VPREB1,-0.0246338535414166,FALSE
TRAPPC9,0.0246338535414166,FALSE
CNTN6,-0.0246338535414166,FALSE
C9orf66,-0.0246338535414166,FALSE
FKBP5,0.0245378151260504,FALSE
TMEM179,0.0245378151260504,FALSE
GRIK1-AS1,-0.0245378151260504,FALSE
ZHX3,-0.0245378151260504,TRUE
EFR3A,-0.0245378151260504,FALSE
GATM,0.0245378151260504,FALSE
CXCR5,0.0245378151260504,FALSE
PADI4,0.0244417767106843,FALSE
LOC728739,0.0244417767106843,FALSE
NUAK2,-0.0244417767106843,FALSE
SLC22A14,0.0244417767106843,FALSE
HCG22,0.0244417767106843,FALSE
RUSC1-AS1,-0.0244417767106843,FALSE
DOK1,0.0244417767106843,FALSE
OR2T4,-0.0244417767106843,FALSE
BPIFB6,-0.0244417767106843,FALSE
LOC642924,0.0244417767106843,FALSE
CA1,0.0243457382953181,FALSE
KDM2B,-0.0243457382953181,FALSE
LOC646762,-0.0243457382953181,FALSE
C14orf119,-0.0243457382953181,FALSE
UMOD,-0.0243457382953181,FALSE
LMAN2L,0.0243457382953181,FALSE
TRIM29,-0.0243457382953181,FALSE
EYS,-0.024249699879952,FALSE
MED12L,-0.024249699879952,FALSE
NRTN,-0.024249699879952,FALSE
MKRN7P,0.0241536614645858,FALSE
DBX1,-0.0241536614645858,TRUE
LOC284242,-0.0241536614645858,FALSE
VCX2,0.0241536614645858,FALSE
U2AF1,0.0241536614645858,FALSE
FLJ30679,0.0241536614645858,FALSE
PRSS58,0.0240576230492197,FALSE
PBRM1,0.0240576230492197,FALSE
GLCE,0.0240576230492197,FALSE
METTL4,-0.0240576230492197,FALSE
NEURL3,0.0240576230492197,FALSE
LRP2BP,-0.0239615846338535,FALSE
AOX1,-0.0239615846338535,FALSE
JPH2,-0.0239615846338535,TRUE
UGT2B4,0.0239615846338535,FALSE
ZNF214,0.0239615846338535,TRUE
C4orf40,-0.0239615846338535,FALSE
C6orf220,-0.0238655462184874,FALSE
TMEM236,-0.0238655462184874,FALSE
UGT2A3,0.0238655462184874,FALSE
NKAIN3,-0.0238655462184874,FALSE
ZNF461,0.0238655462184874,TRUE
S100P,-0.0237695078031213,FALSE
DCAF12,-0.0237695078031213,FALSE
CER1,-0.0237695078031213,FALSE
IFT57,0.0237695078031213,FALSE
NAT6,0.0237695078031213,FALSE
IL6ST,-0.0236734693877551,FALSE
XIRP2,-0.0236734693877551,FALSE
SLC16A13,-0.0236734693877551,FALSE
LOC100128498,-0.0236734693877551,FALSE
PRSS2,0.023577430972389,FALSE
C1orf183,-0.023577430972389,FALSE
FAM87A,-0.023577430972389,FALSE
NAB2,0.023577430972389,FALSE
PIGV,0.023577430972389,FALSE
STAR,0.0234813925570228,FALSE
DLGAP1,-0.0234813925570228,FALSE
CAB39L,-0.0234813925570228,FALSE
DSP,0.0234813925570228,FALSE
C10orf2,0.0234813925570228,FALSE
SLC35E2B,0.0234813925570228,FALSE
LOC219731,-0.0234813925570228,FALSE
MPND,-0.0234813925570228,FALSE
FAM13B,-0.0234813925570228,FALSE
BLMH,-0.0234813925570228,FALSE
ZBED2,0.0234813925570228,TRUE
PROL1,0.0234813925570228,FALSE
ELANE,0.0233853541416567,FALSE
LRRC19,-0.0233853541416567,FALSE
LOC284581,-0.0232893157262905,FALSE
SF3A2,-0.0232893157262905,FALSE
SYDE1,0.0232893157262905,FALSE
CUL2,-0.0232893157262905,FALSE
FOXB1,-0.0232893157262905,TRUE
PRKAB2,0.0232893157262905,FALSE
CRYGB,0.0232893157262905,FALSE
GNG8,-0.0231932773109244,FALSE
DEFB116,-0.0231932773109244,FALSE
REPS1,0.0230972388955582,FALSE
RBP3,-0.0230012004801921,FALSE
RPTN,0.0230012004801921,FALSE
CRABP1,0.0230012004801921,FALSE
RAB36,-0.0230012004801921,FALSE
ZSCAN12P1,0.0230012004801921,FALSE
CCDC40,0.0230012004801921,FALSE
C7orf44,-0.0230012004801921,FALSE
LOC100129476,-0.0230012004801921,FALSE
KRTAP19-4,0.0229051620648259,FALSE
TEKT1,0.0229051620648259,FALSE
STRN3,0.0229051620648259,FALSE
DDX4,-0.0229051620648259,FALSE
DEFT1P,0.0229051620648259,FALSE
DCTN3,0.0229051620648259,FALSE
AIPL1,0.0229051620648259,FALSE
MCART6,-0.0229051620648259,FALSE
FAM175B,0.0228091236494598,FALSE
CMTM1,0.0228091236494598,FALSE
ARPC4,0.0228091236494598,FALSE
WDR27,0.0228091236494598,FALSE
C1orf9,-0.0228091236494598,FALSE
LOC400568,-0.0228091236494598,FALSE
ELAVL4,-0.0228091236494598,FALSE
KIF5C,0.0227130852340936,FALSE
LOC339685,0.0227130852340936,FALSE
LOC553137,-0.0227130852340936,FALSE
B3GALT5,-0.0227130852340936,FALSE
UPP2,-0.0226170468187275,FALSE
TAS2R1,0.0226170468187275,FALSE
MTPN,-0.0226170468187275,FALSE
LAMTOR1,0.0226170468187275,FALSE
CGNL1,0.0226170468187275,FALSE
PRB2,-0.0225210084033613,FALSE
UBE3B,0.0225210084033613,FALSE
SNAPIN,-0.0225210084033613,FALSE
LOC100507050,0.0225210084033613,FALSE
CACNB3,-0.0225210084033613,FALSE
MIA,-0.0225210084033613,FALSE
POU4F1,0.0225210084033613,TRUE
SFN,0.0225210084033613,FALSE
KRTAP13-1,0.0225210084033613,FALSE
SSPN,0.0225210084033613,FALSE
ZNF323,0.0224249699879952,FALSE
BEAN1,-0.0224249699879952,FALSE
DLL3,0.0224249699879952,FALSE
ZNF648,-0.0223289315726291,TRUE
SLC22A16,-0.0223289315726291,FALSE
LRRC8C,0.0223289315726291,FALSE
KCTD6,0.0223289315726291,FALSE
NGLY1,0.0223289315726291,FALSE
FGF17,-0.0223289315726291,FALSE
ZNF565,-0.0223289315726291,TRUE
PPFIBP2,0.0223289315726291,FALSE
IL17B,0.0222328931572629,FALSE
FBXL19-AS1,-0.0222328931572629,FALSE
LINC00277,0.0222328931572629,FALSE
POLE3,0.0222328931572629,FALSE
INTS12,0.0222328931572629,FALSE
FAM135B,0.0222328931572629,FALSE
PPFIA1,0.0222328931572629,FALSE
DCAF4L1,0.0222328931572629,FALSE
LOC729176,0.0222328931572629,FALSE
TXNDC12,-0.0221368547418968,FALSE
MMRN2,-0.0221368547418968,FALSE
RORA,0.0221368547418968,TRUE
ZNF32,-0.0221368547418968,TRUE
OR5B12,-0.0220408163265306,FALSE
DRAM2,0.0220408163265306,FALSE
C6orf174,0.0220408163265306,FALSE
CCM2,0.0220408163265306,FALSE
PELI3,0.0220408163265306,FALSE
KATNAL1,-0.0220408163265306,FALSE
ERG,0.0220408163265306,TRUE
IFT27,0.0219447779111645,FALSE
KRTAP20-1,0.0219447779111645,FALSE
CCL4,0.0218487394957983,FALSE
KANK4,0.0218487394957983,FALSE
DNAH3,-0.0218487394957983,FALSE
NOL11,-0.0218487394957983,FALSE
CCDC103,0.0218487394957983,FALSE
OR5J2,0.0218487394957983,FALSE
RNLS,-0.0217527010804322,FALSE
INPP5K,-0.0217527010804322,FALSE
FAM188B,0.0217527010804322,FALSE
DISP1,-0.0217527010804322,FALSE
POTEE,0.0217527010804322,FALSE
DNAH10OS,0.0217527010804322,FALSE
SPTA1,0.021656662665066,FALSE
ARL13B,0.021656662665066,FALSE
FAM172BP,-0.021656662665066,FALSE
TCTE3,0.021656662665066,FALSE
RELL2,0.021656662665066,FALSE
MMP7,0.0215606242496999,FALSE
CST5,0.0215606242496999,FALSE
GEMIN5,-0.0215606242496999,FALSE
RASA2,0.0215606242496999,FALSE
TRAF5,0.0215606242496999,FALSE
PCDHGB2,-0.0215606242496999,FALSE
SIRT4,-0.0215606242496999,FALSE
SLC24A2,-0.0215606242496999,FALSE
CCDC113,0.0215606242496999,FALSE
GTF2I,0.0214645858343337,TRUE
LOC100506272,0.0214645858343337,FALSE
TMED1,0.0214645858343337,FALSE
SOX10,0.0214645858343337,TRUE
OR5M8,-0.0214645858343337,FALSE
LOC79015,-0.0213685474189676,FALSE
CNKSR2,0.0213685474189676,FALSE
TATDN1,-0.0213685474189676,FALSE
GBAP1,-0.0213685474189676,FALSE
AQP8,-0.0213685474189676,FALSE
CNTLN,-0.0213685474189676,FALSE
KRTAP5-4,0.0213685474189676,FALSE
C17orf74,0.0213685474189676,FALSE
LGMN,0.0213685474189676,FALSE
MYO1E,-0.0213685474189676,FALSE
SLMAP,-0.0212725090036014,FALSE
TARP,-0.0212725090036014,FALSE
LOC100131650,-0.0212725090036014,FALSE
POMC,0.0211764705882353,FALSE
EEA1,0.0211764705882353,FALSE
TMEM104,0.0211764705882353,FALSE
C17orf46,-0.0211764705882353,FALSE
HES4,0.0211764705882353,TRUE
CCDC122,-0.0211764705882353,FALSE
TBCK,0.0211764705882353,FALSE
EIF4G2,0.0210804321728692,FALSE
PCDHGB6,0.0210804321728692,FALSE
MUC5AC,-0.0210804321728692,FALSE
PPP1CC,0.0210804321728692,FALSE
AIRE,0.0210804321728692,FALSE
ATP6V1G2,-0.0210804321728692,FALSE
NR2C1,0.0210804321728692,TRUE
CLUL1,-0.0210804321728692,FALSE
HTATIP2,-0.020984393757503,FALSE
ORC4,0.020984393757503,FALSE
LSM14A,0.020984393757503,FALSE
ITGAE,0.020984393757503,FALSE
SNAPC1,0.020984393757503,FALSE
CNO,-0.020984393757503,FALSE
LOC100129297,-0.020984393757503,FALSE
POU5F2,-0.020984393757503,TRUE
LOC284632,0.020984393757503,FALSE
OSGIN1,0.0208883553421369,FALSE
LOC285178,-0.0208883553421369,FALSE
OR7A17,-0.0208883553421369,FALSE
ACSM2B,0.0208883553421369,FALSE
SVOP,-0.0208883553421369,FALSE
GP5,-0.0208883553421369,FALSE
TEX14,-0.0208883553421369,FALSE
TMEM213,-0.0208883553421369,FALSE
CRISPLD1,-0.0207923169267707,FALSE
KLC3,-0.0207923169267707,FALSE
DICER1,0.0207923169267707,FALSE
CETN4P,0.0207923169267707,FALSE
C21orf116,0.0207923169267707,FALSE
LENG9,0.0206962785114046,FALSE
WAPAL,0.0206962785114046,FALSE
CPT2,0.0206962785114046,FALSE
BIK,0.0206962785114046,FALSE
CGN,0.0206962785114046,FALSE
LINC00371,-0.0206962785114046,FALSE
LOC728073,0.0206962785114046,FALSE
AVPR1B,-0.0206962785114046,FALSE
ZG16,-0.0206962785114046,FALSE
DNAJA2,-0.0206002400960384,FALSE
MUC19,-0.0206002400960384,FALSE
OR6C6,0.0206002400960384,FALSE
WDR96,0.0206002400960384,FALSE
LOC285422,0.0206002400960384,FALSE
LOC283440,-0.0205042016806723,FALSE
SCARA5,-0.0205042016806723,FALSE
FCHO1,0.0205042016806723,FALSE
LOC284014,-0.0205042016806723,FALSE
GPX6,-0.0205042016806723,FALSE
LOC100132741,-0.0205042016806723,FALSE
FMO5,-0.0205042016806723,FALSE
LOC391764,0.0205042016806723,FALSE
CLCNKB,-0.0205042016806723,FALSE
FSTL5,-0.0205042016806723,FALSE
FCGBP,0.0204081632653061,FALSE
C14orf167,-0.0204081632653061,FALSE
MYCL1,0.0204081632653061,FALSE
RPS4Y2,-0.0204081632653061,FALSE
CCL8,0.02031212484994,FALSE
FBP2,-0.02031212484994,FALSE
MANEAL,-0.02031212484994,FALSE
ZNF721,0.02031212484994,FALSE
LOC340113,0.02031212484994,FALSE
TACR2,-0.02031212484994,FALSE
THPO,-0.02031212484994,FALSE
C1orf189,-0.02031212484994,FALSE
PIM1,-0.0202160864345738,FALSE
OR2Z1,-0.0202160864345738,FALSE
GBP3,0.0202160864345738,FALSE
VN1R5,-0.0202160864345738,FALSE
ND4,0.0201200480192077,FALSE
NEK1,-0.0201200480192077,FALSE
KCNG3,-0.0201200480192077,FALSE
ZNF248,0.0201200480192077,TRUE
LOC644242,0.0201200480192077,FALSE
LRRC23,-0.0201200480192077,FALSE
HS6ST2,0.0201200480192077,FALSE
FCGRT,-0.0200240096038415,FALSE
SPRR2B,0.0200240096038415,FALSE
OR1N1,0.0200240096038415,FALSE
LOC100124692,-0.0199279711884754,FALSE
ZNF225,0.0199279711884754,TRUE
PAM16,-0.0199279711884754,FALSE
LRRC27,0.0199279711884754,FALSE
ASF1A,0.0199279711884754,FALSE
LIMD2,-0.0199279711884754,FALSE
C1QTNF4,-0.0199279711884754,FALSE
MBD3L1,-0.0199279711884754,FALSE
NUDT2,-0.0199279711884754,FALSE
RNF17,-0.0198319327731092,FALSE
KIRREL3,0.0198319327731092,FALSE
SLC39A5,-0.0198319327731092,FALSE
ZNF429,-0.0198319327731092,TRUE
LOC729313,-0.0198319327731092,FALSE
C9orf89,-0.0198319327731092,FALSE
CBLC,-0.0198319327731092,FALSE
LOC255167,0.0198319327731092,FALSE
OR2T11,-0.0197358943577431,FALSE
LOC388630,0.019639855942377,FALSE
IL1RN,0.019639855942377,FALSE
HAUS3,0.019639855942377,FALSE
NRL,-0.019639855942377,TRUE
MRPS5,0.019639855942377,FALSE
KIRREL,-0.019639855942377,FALSE
FLJ42627,0.019639855942377,FALSE
ABCB7,-0.019639855942377,FALSE
EIF4A3,-0.0195438175270108,FALSE
GPR128,0.0195438175270108,FALSE
USP44,-0.0195438175270108,FALSE
PLXDC1,-0.0195438175270108,FALSE
RNF8,0.0195438175270108,FALSE
HIST1H3C,-0.0195438175270108,FALSE
MIPOL1,0.0195438175270108,FALSE
FLJ43903,-0.0195438175270108,FALSE
CCDC37,-0.0195438175270108,FALSE
MAGEA9,0.0195438175270108,FALSE
FUBP3,-0.0194477791116447,FALSE
NAA10,0.0194477791116447,FALSE
COX15,0.0194477791116447,FALSE
HS1BP3,0.0194477791116447,FALSE
TMEM40,0.0194477791116447,FALSE
HIST2H2AA4,0.0194477791116447,FALSE
LOC646813,-0.0194477791116447,FALSE
LOC100653108,-0.0194477791116447,FALSE
FAM46B,0.0194477791116447,FALSE
NPBWR1,0.0194477791116447,FALSE
KIAA0556,0.0194477791116447,FALSE
ROGDI,-0.0193517406962785,FALSE
CFL2,-0.0193517406962785,FALSE
ZNF735,0.0193517406962785,TRUE
KLHL2,0.0193517406962785,FALSE
PEX3,0.0193517406962785,FALSE
OR13C2,0.0193517406962785,FALSE
RNASE3,-0.0192557022809124,FALSE
OR6C1,-0.0192557022809124,FALSE
ZNF280D,-0.0192557022809124,TRUE
IKBKAP,-0.0192557022809124,FALSE
PSMA7,-0.0192557022809124,FALSE
CTAG2,0.0191596638655462,FALSE
SPOPL,0.0191596638655462,FALSE
ZCCHC23,-0.0191596638655462,FALSE
LOC100127983,0.0191596638655462,FALSE
PRKDC,-0.0191596638655462,FALSE
RNF4,0.0191596638655462,FALSE
HSPB3,0.0191596638655462,FALSE
ZNF804B,-0.0190636254501801,FALSE
LOC146336,0.0190636254501801,FALSE
ZNF749,0.0190636254501801,TRUE
ODC1,0.0190636254501801,FALSE
TDH,0.0190636254501801,FALSE
C16orf82,0.0189675870348139,FALSE
GNL3LP1,0.0189675870348139,FALSE
LOC646014,-0.0189675870348139,FALSE
PRKACB,0.0189675870348139,FALSE
CCAR1,-0.0189675870348139,FALSE
GTF2IRD2,-0.0189675870348139,TRUE
C7orf72,-0.0189675870348139,FALSE
IL22RA2,-0.0189675870348139,FALSE
C8orf51,-0.0189675870348139,FALSE
CRY1,-0.0188715486194478,FALSE
NPCDR1,0.0188715486194478,FALSE
ZNHIT2,0.0188715486194478,FALSE
HAGH,0.0187755102040816,FALSE
DNAH9,-0.0187755102040816,FALSE
C8orf4,0.0187755102040816,FALSE
PRKG1,-0.0187755102040816,FALSE
ZNF407,0.0187755102040816,TRUE
LOC400958,0.0187755102040816,FALSE
C1orf220,0.0187755102040816,FALSE
LIPH,-0.0187755102040816,FALSE
LOC286359,0.0186794717887155,FALSE
LOC401220,-0.0186794717887155,FALSE
FLJ36777,-0.0186794717887155,FALSE
FGD1,-0.0186794717887155,FALSE
HDAC1,0.0186794717887155,FALSE
CHD6,0.0186794717887155,FALSE
SIGMAR1,0.0186794717887155,FALSE
OR52R1,0.0186794717887155,FALSE
OR10A6,-0.0186794717887155,FALSE
AURKAPS1,-0.0186794717887155,FALSE
FLJ45832,-0.0186794717887155,FALSE
COL23A1,-0.0185834333733493,FALSE
LCE2C,-0.0185834333733493,FALSE
FARP1,-0.0185834333733493,FALSE
VAV2,0.0185834333733493,FALSE
CYHR1,-0.0185834333733493,FALSE
TM7SF3,-0.0185834333733493,FALSE
SLC25A31,0.0184873949579832,FALSE
DNAH8,0.0184873949579832,FALSE
CCL28,-0.0184873949579832,FALSE
THAP8,0.0184873949579832,FALSE
PDILT,-0.0184873949579832,FALSE
IL24,-0.0184873949579832,FALSE
LOC729970,0.0184873949579832,FALSE
LOC100131726,-0.0184873949579832,FALSE
C14orf166B,0.018391356542617,FALSE
C9orf102,-0.0182953181272509,FALSE
ABCC13,0.0182953181272509,FALSE
TCF25,0.0182953181272509,FALSE
DDX60,-0.0182953181272509,FALSE
FAM179B,0.0182953181272509,FALSE
SLITRK2,-0.0182953181272509,FALSE
C2orf65,-0.0182953181272509,FALSE
A1BG-AS1,-0.0182953181272509,FALSE
UBE2Q2P1,0.0181992797118848,FALSE
MBOAT2,-0.0181992797118848,FALSE
RAG1,-0.0181992797118848,FALSE
SYF2,-0.0181992797118848,FALSE
FAM9C,0.0181032412965186,FALSE
GPR88,-0.0181032412965186,FALSE
CCDC108,0.0181032412965186,FALSE
PCP4L1,-0.0181032412965186,FALSE
CFHR2,0.0181032412965186,FALSE
SEBOX,-0.0181032412965186,TRUE
LRFN3,-0.0181032412965186,FALSE
EMID1,0.0181032412965186,FALSE
OR8A1,0.0181032412965186,FALSE
UBE4A,-0.0180072028811525,FALSE
MIR205HG,-0.0180072028811525,FALSE
C8G,0.0180072028811525,FALSE
ENAH,-0.0180072028811525,FALSE
DNTTIP1,-0.0180072028811525,FALSE
APBA3,-0.0180072028811525,FALSE
CXCL11,0.0180072028811525,FALSE
TAC1,-0.0179111644657863,FALSE
LOC100653259,-0.0179111644657863,FALSE
NUP133,0.0179111644657863,FALSE
FAM22A,-0.0179111644657863,FALSE
TMEM2,-0.0179111644657863,FALSE
SERHL2,0.0179111644657863,FALSE
C16orf53,0.0179111644657863,FALSE
RG9MTD2,-0.0179111644657863,FALSE
LOC100130256,-0.0179111644657863,FALSE
LOC643783,-0.0178151260504202,FALSE
LOC401400,-0.0178151260504202,FALSE
PPM1F,-0.017719087635054,FALSE
EBAG9,-0.017719087635054,FALSE
C9orf47,-0.0176230492196879,FALSE
PRDM14,0.0176230492196879,FALSE
CHD5,-0.0176230492196879,FALSE
FTSJ3,0.0176230492196879,FALSE
TMEM52,-0.0176230492196879,FALSE
MS4A7,-0.0176230492196879,FALSE
CCBP2,-0.0176230492196879,FALSE
DKFZp686D0853,0.0175270108043217,FALSE
EPB41L4A-AS1,0.0175270108043217,FALSE
C12orf51,-0.0175270108043217,FALSE
THBS3,0.0175270108043217,FALSE
OTUD7A,0.0175270108043217,FALSE
MRPS9,0.0175270108043217,FALSE
KRT16,0.0175270108043217,FALSE
LOC100507055,0.0175270108043217,FALSE
SEMG2,-0.0174309723889556,FALSE
UNC5CL,0.0174309723889556,FALSE
BPIFB1,0.0174309723889556,FALSE
CSPG4P1Y,-0.0174309723889556,FALSE
SLC22A9,0.0174309723889556,FALSE
CLEC10A,-0.0174309723889556,FALSE
PCDHAC1,0.0174309723889556,FALSE
OR5T1,-0.0173349339735894,FALSE
ALG1L,0.0173349339735894,FALSE
LOC389791,0.0173349339735894,FALSE
PIH1D1,-0.0173349339735894,FALSE
GSTT2B,0.0173349339735894,FALSE
TEP1,-0.0172388955582233,FALSE
DEK,0.0172388955582233,FALSE
ZNF552,0.0172388955582233,TRUE
SFMBT2,-0.0172388955582233,FALSE
CCNO,-0.0172388955582233,FALSE
REG1P,-0.0171428571428571,FALSE
ARHGEF18,0.0171428571428571,FALSE
KCNH7,0.0171428571428571,FALSE
ARHGAP5,0.0171428571428571,FALSE
EPS15L1,0.0171428571428571,FALSE
FLJ36848,-0.0171428571428571,FALSE
TFAP4,-0.0171428571428571,TRUE
SLC26A8,0.017046818727491,FALSE
TRIP4,-0.017046818727491,FALSE
PNLDC1,-0.017046818727491,FALSE
SLC26A11,0.017046818727491,FALSE
TWF2,-0.017046818727491,FALSE
CCDC137,-0.017046818727491,FALSE
OR6K3,-0.017046818727491,FALSE
FLJ44896,0.0169507803121249,FALSE
HSPA9,-0.0169507803121249,FALSE
GJA4,0.0169507803121249,FALSE
UNC119,-0.0169507803121249,FALSE
FAM110C,0.0169507803121249,FALSE
ADSS,-0.0169507803121249,FALSE
DISC1,0.0168547418967587,FALSE
ANKRD37,-0.0168547418967587,FALSE
SURF2,0.0168547418967587,FALSE
DUX4L4,-0.0168547418967587,FALSE
CD302,-0.0168547418967587,FALSE
CXorf41,-0.0167587034813926,FALSE
MUC1,0.0167587034813926,FALSE
PCF11,-0.0167587034813926,FALSE
CCDC64B,0.0167587034813926,FALSE
TUBG1,-0.0166626650660264,FALSE
ATXN10,0.0166626650660264,FALSE
PAMR1,-0.0165666266506603,FALSE
TRHR,0.0165666266506603,FALSE
PRR13,-0.0164705882352941,FALSE
ABHD11,0.0164705882352941,FALSE
CCDC90A,0.0164705882352941,FALSE
SNORD8,-0.0164705882352941,FALSE
PPP1R10,-0.0164705882352941,FALSE
HSPB6,-0.0164705882352941,FALSE
TAX1BP1,0.0164705882352941,FALSE
ZNF518A,-0.0164705882352941,TRUE
C10orf93,0.0164705882352941,FALSE
ADM,0.016374549819928,FALSE
SDK1,0.016374549819928,FALSE
ACPP,-0.016374549819928,FALSE
GOSR1,0.016374549819928,FALSE
SELS,-0.016374549819928,FALSE
ARRDC4,0.016374549819928,FALSE
LOC100129216,-0.016374549819928,FALSE
LOC643962,0.0162785114045618,FALSE
MARVELD3,-0.0162785114045618,FALSE
ACCN3,-0.0162785114045618,FALSE
ALDOA,-0.0162785114045618,FALSE
KRTAP3-1,-0.0162785114045618,FALSE
CDH10,0.0162785114045618,FALSE
CLEC3B,0.0162785114045618,FALSE
VGF,-0.0162785114045618,FALSE
STOX1,0.0161824729891957,TRUE
ZHX1,0.0161824729891957,TRUE
ISOC1,0.0161824729891957,FALSE
OXCT2,-0.0161824729891957,FALSE
ZNF195,-0.0161824729891957,TRUE
ADAP1,0.0161824729891957,FALSE
LOC100127910,-0.0161824729891957,FALSE
MOK,-0.0160864345738295,FALSE
MAVS,0.0160864345738295,FALSE
C18orf42,-0.0160864345738295,FALSE
ARHGAP36,-0.0159903961584634,FALSE
TRAF2,-0.0159903961584634,FALSE
FLJ30064,-0.0159903961584634,FALSE
LOC285857,0.0159903961584634,FALSE
KIAA1211,-0.0159903961584634,FALSE
ZNF780B,-0.0158943577430972,TRUE
LRRC16A,-0.0158943577430972,FALSE
STEAP3,0.0158943577430972,FALSE
VRK1,-0.0157983193277311,FALSE
GPR65,0.0157983193277311,FALSE
SLC7A2,0.0157983193277311,FALSE
PNMA5,0.0157983193277311,FALSE
C6orf195,0.0157983193277311,FALSE
DGAT2L6,0.0157983193277311,FALSE
DMRTC2,-0.0157983193277311,TRUE
CARTPT,0.0157983193277311,FALSE
MAGEA10-MAGEA5,-0.0157022809123649,FALSE
SCRT1,-0.0157022809123649,TRUE
PTRF,-0.0157022809123649,FALSE
AGTPBP1,-0.0157022809123649,FALSE
CDS2,0.0157022809123649,FALSE
CCDC88C,-0.0157022809123649,FALSE
MRFAP1L1,0.0157022809123649,FALSE
MCPH1,-0.0156062424969988,FALSE
C5orf51,0.0156062424969988,FALSE
GIT2,0.0156062424969988,FALSE
C6orf47,-0.0156062424969988,FALSE
SOS1,-0.0155102040816327,FALSE
NUBPL,0.0155102040816327,FALSE
NCBP2,0.0155102040816327,FALSE
FAM167B,0.0155102040816327,FALSE
TMEM216,-0.0155102040816327,FALSE
PCNP,-0.0155102040816327,FALSE
FGFR3,-0.0155102040816327,FALSE
TMLHE,-0.0154141656662665,FALSE
ZFR,-0.0154141656662665,FALSE
KLK8,-0.0154141656662665,FALSE
GLYCAM1,0.0154141656662665,FALSE
LOC100128401,0.0154141656662665,FALSE
SMTNL2,0.0154141656662665,FALSE
C9,0.0154141656662665,FALSE
GAL3ST3,0.0153181272509004,FALSE
LTBP3,-0.0153181272509004,FALSE
FAM120A,0.0153181272509004,FALSE
OBP2B,0.0153181272509004,FALSE
AIMP2,-0.0153181272509004,FALSE
C16orf70,-0.0153181272509004,FALSE
CSH1,-0.0153181272509004,FALSE
DKK1,-0.0153181272509004,FALSE
PSMG3,-0.0153181272509004,FALSE
LOC201477,-0.0153181272509004,FALSE
PF4V1,-0.0152220888355342,FALSE
MYO5C,-0.0152220888355342,FALSE
FLJ45831,-0.0152220888355342,FALSE
WDR7,0.0152220888355342,FALSE
CYTH3,-0.0152220888355342,FALSE
IFNA4,0.0152220888355342,FALSE
HSD17B14,0.0152220888355342,FALSE
MUC21,0.0152220888355342,FALSE
C9orf128,0.0152220888355342,FALSE
LOC729156,-0.0152220888355342,FALSE
IL22,-0.0152220888355342,FALSE
KIAA1239,0.0151260504201681,FALSE
LOC100130507,0.0151260504201681,FALSE
EPCAM,-0.0151260504201681,FALSE
ACAT1,-0.0151260504201681,FALSE
FAM126B,0.0151260504201681,FALSE
CTBP2,0.0151260504201681,FALSE
ADRB2,-0.0151260504201681,FALSE
RBBP5,-0.0150300120048019,FALSE
ZNF737,0.0150300120048019,TRUE
GUK1,-0.0150300120048019,FALSE
CTAGE11P,-0.0150300120048019,FALSE
LUZP4,-0.0150300120048019,FALSE
EGR3,-0.0149339735894358,TRUE
SEC61A2,0.0149339735894358,FALSE
GNAT3,0.0149339735894358,FALSE
OR1J4,-0.0148379351740696,FALSE
LOC283856,-0.0148379351740696,FALSE
FABP7,0.0148379351740696,FALSE
PRR5L,-0.0148379351740696,FALSE
CSN1S2BP,0.0148379351740696,FALSE
CNST,0.0147418967587035,FALSE
LRRN4CL,0.0147418967587035,FALSE
FDPS,-0.0147418967587035,FALSE
PRO1596,0.0147418967587035,FALSE
CBLN2,0.0147418967587035,FALSE
SCARNA22,-0.0146458583433373,FALSE
MBLAC2,0.0146458583433373,FALSE
MSTO2P,0.0146458583433373,FALSE
LOC440518,0.0146458583433373,FALSE
OR6B2,0.0146458583433373,FALSE
LOC100128006,-0.0146458583433373,FALSE
EPB42,-0.0145498199279712,FALSE
LOC154449,0.0145498199279712,FALSE
BACH2,-0.0145498199279712,TRUE
ZSCAN4,0.0145498199279712,TRUE
LOC100128420,-0.0145498199279712,FALSE
HOOK1,-0.0145498199279712,FALSE
C6orf228,-0.014453781512605,FALSE
C20orf46,-0.014453781512605,FALSE
STK33,-0.014453781512605,FALSE
OR1E1,-0.014453781512605,FALSE
RALGPS2,0.014453781512605,FALSE
SEC14L4,0.0143577430972389,FALSE
RAI1,0.0143577430972389,FALSE
MGMT,-0.0143577430972389,FALSE
AMPD1,0.0143577430972389,FALSE
ZNF460,-0.0143577430972389,TRUE
PLCD3,0.0143577430972389,FALSE
RAB5A,-0.0143577430972389,FALSE
LOC442366,-0.0143577430972389,FALSE
C21orf128,-0.0143577430972389,FALSE
LOC100144597,0.0143577430972389,FALSE
SPANXN1,-0.0142617046818728,FALSE
OR52E4,0.0142617046818728,FALSE
ARR3,0.0142617046818728,FALSE
SLC25A14,0.0142617046818728,FALSE
CCHCR1,0.0141656662665066,FALSE
ADPRHL1,-0.0141656662665066,FALSE
CHRNA9,0.0141656662665066,FALSE
NPAS2,0.0141656662665066,TRUE
BTF3P11,0.0141656662665066,FALSE
NKX3-2,0.0141656662665066,TRUE
PAQR9,0.0140696278511405,FALSE
ACAP2,-0.0140696278511405,FALSE
SSFA2,0.0140696278511405,FALSE
CIDEB,-0.0140696278511405,FALSE
C1orf93,-0.0140696278511405,FALSE
LTV1,-0.0139735894357743,FALSE
LRRC31,-0.0139735894357743,FALSE
CCDC126,-0.0139735894357743,FALSE
IQCF3,-0.0139735894357743,FALSE
LOC100130015,0.0139735894357743,FALSE
CES5AP1,0.0139735894357743,FALSE
ORMDL1,0.0138775510204082,FALSE
SNX17,-0.0138775510204082,FALSE
KCTD11,0.0138775510204082,FALSE
MTVR2,0.0138775510204082,FALSE
HRH2,-0.0138775510204082,FALSE
RRNAD1,0.0138775510204082,FALSE
TAF7,0.0138775510204082,FALSE
TRMT1L,-0.0138775510204082,FALSE
LOC100129213,0.0138775510204082,FALSE
NETO1,-0.013781512605042,FALSE
HOXB5,-0.013781512605042,TRUE
LOC642852,0.013781512605042,FALSE
GPCRLTM7,-0.013781512605042,FALSE
HYDIN2,0.013781512605042,FALSE
TRAF3IP2-AS1,0.013781512605042,FALSE
FER1L6-AS1,0.013781512605042,FALSE
GLP2R,0.0136854741896759,FALSE
TRA2B,-0.0136854741896759,FALSE
ZNF729,-0.0136854741896759,TRUE
LRIT1,0.0136854741896759,FALSE
XPO1,0.0136854741896759,FALSE
WDR37,0.0136854741896759,FALSE
CYSLTR2,0.0136854741896759,FALSE
CXCL10,0.0136854741896759,FALSE
CXorf59,0.0136854741896759,FALSE
LOC401463,-0.0135894357743097,FALSE
COL9A3,-0.0135894357743097,FALSE
PLEKHG6,-0.0135894357743097,FALSE
TRAPPC3,0.0135894357743097,FALSE
TTC8,-0.0135894357743097,FALSE
GNPDA1,-0.0135894357743097,FALSE
SAMD9L,0.0135894357743097,FALSE
OR5P3,0.0134933973589436,FALSE
FLT1,0.0134933973589436,FALSE
RAP2C,-0.0134933973589436,FALSE
CHP2,-0.0134933973589436,FALSE
GJB4,0.0134933973589436,FALSE
KRTAP5-8,0.0134933973589436,FALSE
ESD,0.0134933973589436,FALSE
KRTAP5-7,-0.0134933973589436,FALSE
LOC349196,-0.0134933973589436,FALSE
LOC729770,-0.0134933973589436,FALSE
TAAR9,-0.0133973589435774,FALSE
RPN1,0.0133973589435774,FALSE
QTRTD1,-0.0133973589435774,FALSE
LSAMP-AS3,0.0133973589435774,FALSE
TREML1,0.0133013205282113,FALSE
LOC285326,-0.0133013205282113,FALSE
STX18,-0.0133013205282113,FALSE
CHRD,0.0133013205282113,FALSE
CACNA1S,0.0133013205282113,FALSE
TBC1D30,-0.0133013205282113,FALSE
GUCY2E,-0.0132052821128451,FALSE
LOC100293516,0.0132052821128451,FALSE
ARHGAP12,-0.0132052821128451,FALSE
LYRM7,0.0132052821128451,FALSE
RAB14,-0.0132052821128451,FALSE
LOC100128429,-0.0132052821128451,FALSE
KIF2B,0.0132052821128451,FALSE
C17orf109,-0.013109243697479,FALSE
C14orf39,-0.013109243697479,FALSE
ADH6,-0.013109243697479,FALSE
SMYD3,0.013109243697479,FALSE
MRPS16,-0.013109243697479,FALSE
HMGB4,0.013109243697479,FALSE
AKR7A3,-0.013109243697479,FALSE
LOC253805,0.013109243697479,FALSE
TBC1D8B,0.0130132052821128,FALSE
PKHD1,0.0130132052821128,FALSE
PIK3CG,-0.0130132052821128,FALSE
LYAR,0.0130132052821128,FALSE
ASTN1,0.0130132052821128,FALSE
RIMBP2,0.0130132052821128,FALSE
DEFB125,-0.0130132052821128,FALSE
FILIP1L,0.0130132052821128,FALSE
LINC00167,0.0130132052821128,FALSE
OR9Q1,0.0130132052821128,FALSE
TMEM132D,-0.0130132052821128,FALSE
CSN1S1,-0.0129171668667467,FALSE
L1CAM,0.0129171668667467,FALSE
PRPS1,-0.0129171668667467,FALSE
DDIT4L,-0.0129171668667467,FALSE
PSMB8,0.0129171668667467,FALSE
LOC100128554,0.0129171668667467,FALSE
CR1L,-0.0128211284513806,FALSE
VSIG8,-0.0128211284513806,FALSE
ST6GALNAC4,-0.0128211284513806,FALSE
IL2,0.0128211284513806,FALSE
TRNP1,0.0128211284513806,FALSE
PRR23A,-0.0127250900360144,FALSE
PRMT8,-0.0127250900360144,FALSE
CACNA1D,-0.0127250900360144,FALSE
OR2C1,-0.0127250900360144,FALSE
LOC728114,-0.0127250900360144,FALSE
ATP13A4,0.0127250900360144,FALSE
PAWR,-0.0127250900360144,FALSE
ZNF44,0.0126290516206483,TRUE
CDK16,-0.0126290516206483,FALSE
PDGFD,0.0126290516206483,FALSE
ME2,0.0126290516206483,FALSE
TMEM187,0.0126290516206483,FALSE
CHST1,0.0126290516206483,FALSE
LRRC20,-0.0126290516206483,FALSE
FAM162B,-0.0126290516206483,FALSE
CPNE8,-0.0125330132052821,FALSE
FLJ43390,-0.012436974789916,FALSE
GP6,-0.012436974789916,FALSE
ZNF141,-0.012436974789916,TRUE
HSD17B11,0.012436974789916,FALSE
TM9SF1,0.012436974789916,FALSE
SDF2,-0.012436974789916,FALSE
NLGN3,-0.012436974789916,FALSE
INE1,-0.0123409363745498,FALSE
SLC25A35,0.0123409363745498,FALSE
METTL22,-0.0123409363745498,FALSE
GDAP2,-0.0123409363745498,FALSE
CCT4,0.0123409363745498,FALSE
KRTAP4-1,-0.0123409363745498,FALSE
LOC644100,-0.0123409363745498,FALSE
C9orf50,-0.0123409363745498,FALSE
ANKRD31,0.0123409363745498,FALSE
LOC401296,0.0123409363745498,FALSE
MTMR11,-0.0123409363745498,FALSE
DMD,-0.0122448979591837,FALSE
SLC6A3,-0.0122448979591837,FALSE
UBAP2L,0.0122448979591837,FALSE
TTLL7,0.0122448979591837,FALSE
ZFAND2A,0.0122448979591837,FALSE
OCR1,0.0122448979591837,FALSE
LOC399829,-0.0122448979591837,FALSE
MMP10,-0.0122448979591837,FALSE
SMNDC1,-0.0121488595438175,FALSE
IGLON5,0.0121488595438175,FALSE
CCDC80,-0.0121488595438175,FALSE
IPCEF1,0.0121488595438175,FALSE
ERAS,-0.0121488595438175,FALSE
NANOGNB,0.0121488595438175,TRUE
RSPH6A,0.0121488595438175,FALSE
LPXN,0.0120528211284514,FALSE
BTBD7,0.0120528211284514,FALSE
ZSCAN16,0.0120528211284514,TRUE
LOC283914,-0.0120528211284514,FALSE
RAB40B,-0.0120528211284514,FALSE
CRYZ,0.0120528211284514,FALSE
GPR63,0.0120528211284514,FALSE
LOC644852,0.0120528211284514,FALSE
OR6C3,0.0119567827130852,FALSE
C12orf39,0.0119567827130852,FALSE
DPPA4,-0.0119567827130852,FALSE
PTK6,-0.0119567827130852,FALSE
GSG1L,0.0119567827130852,FALSE
TCEAL4,-0.0119567827130852,FALSE
GLB1L,0.0119567827130852,FALSE
ALPI,0.0119567827130852,FALSE
CLEC6A,0.0119567827130852,FALSE
LOC440149,0.0119567827130852,FALSE
C1orf210,-0.0119567827130852,FALSE
FAM104B,-0.0118607442977191,FALSE
MGC72080,-0.0118607442977191,FALSE
ACVRL1,0.0118607442977191,FALSE
LOC402779,-0.0118607442977191,FALSE
CCDC25,-0.0118607442977191,FALSE
SLC46A1,-0.0118607442977191,FALSE
CEP120,0.0117647058823529,FALSE
HLCS,0.0117647058823529,FALSE
HSD17B10,-0.0117647058823529,FALSE
TEX10,0.0117647058823529,FALSE
HSD3B1,-0.0117647058823529,FALSE
CYP2C9,-0.0117647058823529,FALSE
C16orf11,-0.0116686674669868,FALSE
PROZ,0.0116686674669868,FALSE
WWC1,0.0116686674669868,FALSE
PHF11,-0.0116686674669868,FALSE
FTL,0.0116686674669868,FALSE
APOC4,0.0116686674669868,FALSE
SLC35D3,-0.0116686674669868,FALSE
GTSF1L,-0.0116686674669868,FALSE
KCNT2,0.0116686674669868,FALSE
GSTTP1,0.0115726290516206,FALSE
CDKAL1,-0.0115726290516206,FALSE
LOC646629,-0.0115726290516206,FALSE
IL6R,0.0115726290516206,FALSE
FGG,0.0115726290516206,FALSE
SLC18A3,-0.0115726290516206,FALSE
RNF186,-0.0115726290516206,FALSE
SYNGR2,-0.0114765906362545,FALSE
MAPK13,0.0114765906362545,FALSE
TBC1D22A,0.0114765906362545,FALSE
CHTOP,-0.0114765906362545,FALSE
MPG,0.0114765906362545,FALSE
KRTAP11-1,0.0114765906362545,FALSE
C13orf33,0.0113805522208884,FALSE
MTAP,0.0113805522208884,FALSE
GNG11,-0.0113805522208884,FALSE
LOC100128881,-0.0113805522208884,FALSE
DECR2,0.0113805522208884,FALSE
COPS5,0.0113805522208884,FALSE
FAM90A1,0.0113805522208884,FALSE
TP53TG3,-0.0113805522208884,FALSE
TAS2R20,-0.0112845138055222,FALSE
IL27RA,-0.0112845138055222,FALSE
RAB30,-0.0112845138055222,FALSE
KCNAB3,0.0112845138055222,FALSE
LINC00483,-0.0112845138055222,FALSE
KIF5A,0.0112845138055222,FALSE
C3P1,0.0111884753901561,FALSE
TAAR3,0.0111884753901561,FALSE
LOC728613,0.0111884753901561,FALSE
TAGLN2,0.0111884753901561,FALSE
ATP5A1,0.0111884753901561,FALSE
C10orf11,-0.0111884753901561,FALSE
LOC152225,0.0111884753901561,FALSE
TMEM232,-0.0111884753901561,FALSE
DEFB126,-0.0111884753901561,FALSE
SOCS2,0.0110924369747899,FALSE
TPST2,0.0110924369747899,FALSE
USP37,-0.0110924369747899,FALSE
RLN3,0.0110924369747899,FALSE
ACADSB,0.0109963985594238,FALSE
TCIRG1,0.0109963985594238,FALSE
C1orf131,-0.0109963985594238,FALSE
TFIP11,0.0109963985594238,FALSE
ZNF490,0.0109963985594238,TRUE
MAP4K5,0.0109963985594238,FALSE
EDAR,-0.0109963985594238,FALSE
LOC100128531,0.0109963985594238,FALSE
AMIGO3,0.0109003601440576,FALSE
ARHGEF38,0.0109003601440576,FALSE
C2orf73,0.0109003601440576,FALSE
PDS5A,-0.0108043217286915,FALSE
ANKRD42,0.0108043217286915,FALSE
C3orf30,-0.0108043217286915,FALSE
BAGE4,0.0107082833133253,FALSE
DNTTIP2,-0.0107082833133253,FALSE
GPR174,-0.0107082833133253,FALSE
MSMO1,0.0107082833133253,FALSE
MGC12982,0.0107082833133253,FALSE
LOC100505695,-0.0107082833133253,FALSE
LOC100130705,-0.0106122448979592,FALSE
ZZZ3,0.0106122448979592,FALSE
MAPKAP1,-0.0106122448979592,FALSE
C1orf192,0.010516206482593,FALSE
TMEM64,-0.010516206482593,FALSE
OPHN1,0.010516206482593,FALSE
DCTN6,0.010516206482593,FALSE
OPRM1,-0.010516206482593,FALSE
ZDHHC22,0.0104201680672269,FALSE
LOXL1,-0.0104201680672269,FALSE
DEFB107A,-0.0104201680672269,FALSE
IGFL4,0.0104201680672269,FALSE
GMCL1P1,-0.0103241296518607,FALSE
NES,0.0103241296518607,FALSE
DCAF16,0.0103241296518607,FALSE
MTPAP,-0.0103241296518607,FALSE
MAGEA12,-0.0103241296518607,FALSE
FOXP3,0.0103241296518607,TRUE
LOC283475,0.0103241296518607,FALSE
MORN4,-0.0102280912364946,FALSE
GYPB,-0.0102280912364946,FALSE
HCN1,-0.0102280912364946,FALSE
C14orf49,-0.0102280912364946,FALSE
FAM78B,0.0102280912364946,FALSE
VAT1,0.0102280912364946,FALSE
GATSL3,0.0102280912364946,FALSE
TRIM4,-0.0102280912364946,FALSE
LOC286109,-0.0102280912364946,FALSE
N4BP1,-0.0102280912364946,FALSE
GPX2,-0.0102280912364946,FALSE
ZNF330,0.0101320528211285,FALSE
ORC2,-0.0101320528211285,FALSE
GHITM,-0.0101320528211285,FALSE
MDM4,0.0101320528211285,FALSE
OSGEPL1,0.0101320528211285,FALSE
STX10,-0.0100360144057623,FALSE
XRCC5,-0.0100360144057623,FALSE
PPIAL4A,-0.0100360144057623,FALSE
OR5B3,0.0100360144057623,FALSE
FEZ1,-0.0100360144057623,FALSE
AKR1E2,0.0100360144057623,FALSE
C6orf38,0.0100360144057623,FALSE
LIM2,-0.0100360144057623,FALSE
PRKAR1B,0.00993997599039616,FALSE
CCT8,0.00993997599039616,FALSE
HUNK,-0.00993997599039616,FALSE
LOC100128644,0.00993997599039616,FALSE
RPL23AP64,0.00993997599039616,FALSE
NCAM2,0.00993997599039616,FALSE
LOC285389,-0.00993997599039616,FALSE
LOC100507206,0.00993997599039616,FALSE
TUBB1,0.00984393757503001,FALSE
MGST3,0.00984393757503001,FALSE
GTDC1,-0.00984393757503001,FALSE
HRC,0.00984393757503001,FALSE
OBFC2B,-0.00984393757503001,FALSE
LOC100132474,0.00984393757503001,FALSE
SLC22A24,-0.00984393757503001,FALSE
FLJ34690,-0.00974789915966387,FALSE
GHRHR,0.00974789915966387,FALSE
DUX4,-0.00974789915966387,TRUE
DPP6,0.00974789915966387,FALSE
ST3GAL2,0.00974789915966387,FALSE
ZFP14,-0.00974789915966387,TRUE
PSORS1C2,-0.00974789915966387,FALSE
GK2,-0.00974789915966387,FALSE
FNDC5,-0.00974789915966387,FALSE
ABCA12,-0.00965186074429772,FALSE
SPESP1,-0.00965186074429772,FALSE
USF1,0.00965186074429772,TRUE
TCEA3,-0.00965186074429772,FALSE
GLRA1,-0.00965186074429772,FALSE
PRMT2,-0.00955582232893157,FALSE
PIGU,0.00955582232893157,FALSE
HSFX1,0.00955582232893157,TRUE
DNAH10,0.00945978391356543,FALSE
DDX21,-0.00945978391356543,FALSE
OR7G1,-0.00945978391356543,FALSE
IL17RE,0.00945978391356543,FALSE
DPEP1,-0.00945978391356543,FALSE
OR2H1,-0.00936374549819928,FALSE
ARHGEF19,0.00936374549819928,FALSE
SNX22,0.00936374549819928,FALSE
LOC389033,-0.00936374549819928,FALSE
LINC00052,0.00936374549819928,FALSE
ARGFX,-0.00936374549819928,TRUE
IRF2BP2,-0.00936374549819928,FALSE
ZNF280A,-0.00936374549819928,TRUE
PSG8,-0.00936374549819928,FALSE
LOC285173,0.00936374549819928,FALSE
ODF2L,0.00926770708283313,FALSE
NKX2-4,-0.00926770708283313,TRUE
KIF22,-0.00926770708283313,FALSE
GMFG,0.00926770708283313,FALSE
RHBDD3,-0.00926770708283313,FALSE
TMCO7,-0.00926770708283313,FALSE
CEP104,0.00926770708283313,FALSE
E2F6,-0.00926770708283313,TRUE
WDR19,0.00926770708283313,FALSE
APOC1,0.00926770708283313,FALSE
C2orf83,-0.00926770708283313,FALSE
AFG3L1P,-0.00917166866746699,FALSE
GUSBP10,0.00917166866746699,FALSE
MAN2A1,-0.00917166866746699,FALSE
RGPD5,-0.00917166866746699,FALSE
UBAC2,0.00917166866746699,FALSE
LOC100132612,-0.00917166866746699,FALSE
MAEL,0.00917166866746699,FALSE
LOC400655,-0.00907563025210084,FALSE
CCNI2,-0.00907563025210084,FALSE
KCNK5,0.00907563025210084,FALSE
NFKBIZ,0.00897959183673469,FALSE
IL1B,0.00897959183673469,FALSE
OR10R2,-0.00897959183673469,FALSE
DSE,0.00897959183673469,FALSE
POTEA,0.00897959183673469,FALSE
MYBPC1,-0.00897959183673469,FALSE
FAM135A,0.00897959183673469,FALSE
OR2T2,0.00897959183673469,FALSE
RPL19P12,0.00897959183673469,FALSE
RPPH1,0.00888355342136855,FALSE
XPOT,-0.00888355342136855,FALSE
RIIAD1,-0.00888355342136855,FALSE
ADD1,0.00888355342136855,FALSE
MFSD5,-0.00888355342136855,FALSE
MRPL20,0.00888355342136855,FALSE
RGS20,-0.00888355342136855,FALSE
LOC100190940,-0.00888355342136855,FALSE
MORN3,-0.0087875150060024,FALSE
OR56A1,0.0087875150060024,FALSE
SLC35F3,-0.0087875150060024,FALSE
EPN3,-0.0087875150060024,FALSE
LOC100507199,0.00869147659063625,FALSE
OR9G1,-0.00869147659063625,FALSE
EMP1,-0.00869147659063625,FALSE
GPR152,0.00869147659063625,FALSE
LOC388849,-0.00869147659063625,FALSE
FAM75A3,-0.00869147659063625,FALSE
LRRN3,0.00869147659063625,FALSE
PDE6H,-0.00869147659063625,FALSE
LHX8,-0.00869147659063625,TRUE
NEUROG2,0.00859543817527011,TRUE
PPP1CA,-0.00859543817527011,FALSE
YARS2,-0.00859543817527011,FALSE
KIF21A,0.00859543817527011,FALSE
RPL36A-HNRNPH2,0.00859543817527011,FALSE
SCAND1,-0.00859543817527011,FALSE
FLJ16734,-0.00859543817527011,FALSE
APOA2,0.00859543817527011,FALSE
LOC283575,-0.00859543817527011,FALSE
TMEM150B,0.00859543817527011,FALSE
PRSS48,-0.00859543817527011,FALSE
GADD45B,0.00849939975990396,FALSE
ZFYVE26,-0.00849939975990396,FALSE
ZCCHC11,0.00849939975990396,FALSE
LOC401127,-0.00849939975990396,FALSE
RANBP2,-0.00849939975990396,FALSE
RABGEF1,0.00849939975990396,FALSE
PRPSAP1,0.00849939975990396,FALSE
CLDND1,-0.00849939975990396,FALSE
EML5,-0.00840336134453782,FALSE
TMCC3,-0.00840336134453782,FALSE
OR2M3,0.00840336134453782,FALSE
HS3ST6,-0.00840336134453782,FALSE
ACOT9,0.00830732292917167,FALSE
TRAPPC10,-0.00830732292917167,FALSE
LOC91149,-0.00830732292917167,FALSE
OTUB2,0.00830732292917167,FALSE
LOC100128651,-0.00830732292917167,FALSE
NOS1,-0.00830732292917167,FALSE
RABGAP1L,-0.00821128451380552,FALSE
KLHDC4,-0.00821128451380552,FALSE
ZFYVE16,0.00821128451380552,FALSE
HIST2H3D,-0.00821128451380552,FALSE
LOC100128571,-0.00821128451380552,FALSE
TNFRSF11A,-0.00821128451380552,FALSE
HCG4,0.00821128451380552,FALSE
FSCB,0.00811524609843938,FALSE
SPIRE1,0.00811524609843938,FALSE
LOC100128242,-0.00811524609843938,FALSE
OR51D1,-0.00811524609843938,FALSE
MFSD3,0.00801920768307323,FALSE
IPPK,-0.00801920768307323,FALSE
ETV4,-0.00801920768307323,TRUE
FER1L5,0.00801920768307323,FALSE
LOC400456,0.00801920768307323,FALSE
LOC339535,0.00792316926770708,FALSE
ATP13A5,0.00792316926770708,FALSE
ATP10B,-0.00792316926770708,FALSE
TAS2R30,-0.00792316926770708,FALSE
LOC100130452,-0.00792316926770708,FALSE
LRRC46,-0.00792316926770708,FALSE
C9orf123,0.00792316926770708,FALSE
C3orf54,0.00782713085234094,FALSE
ENPP6,0.00782713085234094,FALSE
CD7,0.00782713085234094,FALSE
LOC389332,-0.00782713085234094,FALSE
RPL18,-0.00782713085234094,FALSE
LOC286149,0.00773109243697479,FALSE
LOC389831,-0.00773109243697479,FALSE
DFNA5,-0.00773109243697479,FALSE
LACTB,-0.00773109243697479,FALSE
CDH7,0.00773109243697479,FALSE
COPS6,-0.00773109243697479,FALSE
SMG1,-0.00773109243697479,FALSE
BIRC3,-0.00773109243697479,FALSE
MLIP,-0.00773109243697479,FALSE
COL21A1,-0.00773109243697479,FALSE
PSORS1C3,0.00763505402160864,FALSE
MAN1B1,0.00763505402160864,FALSE
PPPDE1,0.00763505402160864,FALSE
ADAD1,-0.00763505402160864,FALSE
TTTY21,-0.00763505402160864,FALSE
LOC284570,0.00763505402160864,FALSE
TTTY9A,0.0075390156062425,FALSE
ENTHD1,-0.0075390156062425,FALSE
GLRA3,-0.0075390156062425,FALSE
DDX49,-0.0075390156062425,FALSE
CUL5,-0.0075390156062425,FALSE
CATSPERB,0.0075390156062425,FALSE
CCDC71,-0.00744297719087635,FALSE
WDR4,-0.00744297719087635,FALSE
OXNAD1,-0.00744297719087635,FALSE
OAS1,-0.00744297719087635,FALSE
ASGR1,-0.00744297719087635,FALSE
CASQ1,0.00744297719087635,FALSE
DEFB118,-0.0073469387755102,FALSE
UBE2G2,0.0073469387755102,FALSE
MAP3K13,-0.0073469387755102,FALSE
PTPDC1,0.0073469387755102,FALSE
TOM1L1,0.0073469387755102,FALSE
NFIX,-0.0073469387755102,TRUE
ADAMTSL3,-0.00725090036014406,FALSE
LOC201617,0.00725090036014406,FALSE
ZMYM6,0.00725090036014406,FALSE
CES2,0.00725090036014406,FALSE
ZBED5,-0.00725090036014406,FALSE
TSG101,-0.00725090036014406,FALSE
CDC123,0.00725090036014406,FALSE
CXorf27,0.00725090036014406,FALSE
LOC146880,0.00725090036014406,FALSE
KRTAP9-4,0.00725090036014406,FALSE
TMEM199,0.00715486194477791,FALSE
KSR2,0.00715486194477791,FALSE
FAM189A1,0.00715486194477791,FALSE
DDX47,-0.00715486194477791,FALSE
TTLL6,-0.00715486194477791,FALSE
SYT4,-0.00715486194477791,FALSE
SEC63,0.00705882352941177,FALSE
SPINK1,0.00696278511404562,FALSE
CHMP6,-0.00696278511404562,FALSE
KHK,0.00696278511404562,FALSE
C19orf40,0.00696278511404562,FALSE
CDK11B,0.00696278511404562,FALSE
LAMB3,0.00696278511404562,FALSE
RIPK4,-0.00696278511404562,FALSE
PRR15L,0.00696278511404562,FALSE
MYLIP,0.00686674669867947,FALSE
SPANXN5,-0.00686674669867947,FALSE
SLC25A22,0.00677070828331333,FALSE
LOC158572,0.00677070828331333,FALSE
C1orf96,0.00677070828331333,FALSE
LGSN,-0.00667466986794718,FALSE
FLJ34223,-0.00667466986794718,FALSE
ZNF138,-0.00667466986794718,TRUE
KRT33A,-0.00667466986794718,FALSE
PSPN,0.00667466986794718,FALSE
ETV3L,0.00667466986794718,TRUE
C1orf88,0.00667466986794718,FALSE
NIPAL1,0.00667466986794718,FALSE
LOC390705,-0.00667466986794718,FALSE
ZC3H14,-0.00657863145258103,FALSE
VHLL,0.00657863145258103,FALSE
LOC100128496,0.00657863145258103,FALSE
ABCB5,-0.00657863145258103,FALSE
KCNA7,0.00657863145258103,FALSE
PARP14,-0.00648259303721489,FALSE
LOC154822,-0.00648259303721489,FALSE
FAM19A2,-0.00648259303721489,FALSE
CYYR1,-0.00648259303721489,FALSE
SEMA3E,-0.00648259303721489,FALSE
MMP26,0.00648259303721489,FALSE
D2HGDH,-0.00638655462184874,FALSE
CCDC160,0.00638655462184874,FALSE
RAB22A,0.00638655462184874,FALSE
MTO1,-0.00638655462184874,FALSE
LOC100128184,-0.00638655462184874,FALSE
H2BFM,0.00638655462184874,FALSE
LOC645984,0.00638655462184874,FALSE
GGT8P,-0.00638655462184874,FALSE
LIPM,-0.00638655462184874,FALSE
LOC150005,-0.00638655462184874,FALSE
MEX3A,-0.00629051620648259,FALSE
PPM1A,-0.00629051620648259,FALSE
DAPK1,-0.00629051620648259,FALSE
C19orf71,0.00629051620648259,FALSE
TM4SF19,-0.00629051620648259,FALSE
CHRM1,0.00629051620648259,FALSE
SPSB2,0.00619447779111645,FALSE
LECT1,0.00619447779111645,FALSE
ZBTB37,0.0060984393757503,TRUE
ZNF79,0.0060984393757503,TRUE
OR4C15,0.0060984393757503,FALSE
LOC100130673,0.0060984393757503,FALSE
WT1-AS,-0.0060984393757503,FALSE
LOC100505933,0.0060984393757503,FALSE
GPHA2,-0.0060984393757503,FALSE
MGAM,-0.00600240096038415,FALSE
MACROD2,-0.00600240096038415,FALSE
LINC00328,0.00600240096038415,FALSE
CDH26,0.00600240096038415,FALSE
ALG2,-0.00600240096038415,FALSE
PDE6B,-0.00600240096038415,FALSE
LOC147093,-0.00600240096038415,FALSE
C3orf49,-0.00590636254501801,FALSE
MN1,0.00590636254501801,FALSE
IARS,0.00590636254501801,FALSE
KCNK4,-0.00590636254501801,FALSE
CDC40,0.00590636254501801,FALSE
GPA33,-0.00590636254501801,FALSE
RHOXF2,-0.00590636254501801,TRUE
CAMK1G,-0.00590636254501801,FALSE
ZKSCAN1,0.00581032412965186,TRUE
DROSHA,-0.00581032412965186,FALSE
ASB9,0.00581032412965186,FALSE
BCL10,-0.00581032412965186,FALSE
ADARB1,0.00571428571428571,FALSE
CLTC,-0.00571428571428571,FALSE
TOP2B,-0.00571428571428571,FALSE
NEUROD1,0.00571428571428571,TRUE
CH25H,0.00561824729891957,FALSE
SCFD2,-0.00561824729891957,FALSE
LMO2,0.00561824729891957,FALSE
ASGR2,0.00561824729891957,FALSE
KRTAP6-3,-0.00561824729891957,FALSE
CCDC54,0.00561824729891957,FALSE
PPP1R2P9,0.00552220888355342,FALSE
LOC100128908,-0.00552220888355342,FALSE
HSFY2,0.00552220888355342,TRUE
PLEKHG2,-0.00552220888355342,FALSE
DNAJC14,-0.00552220888355342,FALSE
C4orf22,0.00552220888355342,FALSE
OR7E91P,-0.00552220888355342,FALSE
HIST1H1T,0.00552220888355342,FALSE
LOC100129110,0.00542617046818728,FALSE
VDAC2,-0.00542617046818728,FALSE
CHRNB2,0.00542617046818728,FALSE
MFHAS1,-0.00542617046818728,FALSE
ZNF654,-0.00542617046818728,TRUE
GUCY1A3,-0.00542617046818728,FALSE
IL12RB1,-0.00542617046818728,FALSE
USH2A,-0.00533013205282113,FALSE
PABPC3,-0.00533013205282113,FALSE
LOC643037,-0.00533013205282113,FALSE
ZNF808,-0.00533013205282113,FALSE
LRCH4,0.00533013205282113,FALSE
PFKP,0.00533013205282113,FALSE
CPSF2,0.00533013205282113,FALSE
NUP205,-0.00533013205282113,FALSE
LRRC9,-0.00533013205282113,FALSE
GAPT,0.00533013205282113,FALSE
LY86-AS1,-0.00533013205282113,FALSE
DEPDC1B,0.00533013205282113,FALSE
KIAA1383,-0.00523409363745498,FALSE
AJAP1,0.00523409363745498,FALSE
DBC1,-0.00523409363745498,FALSE
RNF20,0.00523409363745498,FALSE
RYK,-0.00523409363745498,FALSE
GDE1,-0.00513805522208884,FALSE
LOC100128262,-0.00513805522208884,FALSE
CYFIP1,-0.00513805522208884,FALSE
ETNK1,0.00513805522208884,FALSE
LOC100130480,-0.00513805522208884,FALSE
FAIM2,0.00513805522208884,FALSE
TMC1,-0.00513805522208884,FALSE
GLMN,0.00513805522208884,FALSE
OR4C3,0.00513805522208884,FALSE
DDX43,-0.00513805522208884,FALSE
LOC728684,-0.00504201680672269,FALSE
LOC100130992,-0.00504201680672269,FALSE
DMRT2,0.00494597839135654,TRUE
ETFB,-0.00494597839135654,FALSE
WDFY2,0.00494597839135654,FALSE
ZKSCAN4,0.00494597839135654,TRUE
MLPH,-0.00494597839135654,FALSE
MS4A12,0.00494597839135654,FALSE
FAM53A,0.00494597839135654,FALSE
GRIP2,-0.0048499399759904,FALSE
MSL3,0.0048499399759904,FALSE
DCTN2,-0.0048499399759904,FALSE
FKBPL,0.0048499399759904,FALSE
IGSF9B,-0.0048499399759904,FALSE
WDR62,0.0048499399759904,FALSE
CAPZA3,0.0048499399759904,FALSE
KRT38,-0.00475390156062425,FALSE
ABLIM1,-0.00475390156062425,FALSE
NRM,0.00475390156062425,FALSE
TMEM194B,0.00475390156062425,FALSE
TADA1,0.00475390156062425,FALSE
LOC100130540,-0.00475390156062425,FALSE
TPTE2P1,0.00475390156062425,FALSE
SNRNP40,-0.0046578631452581,FALSE
PSMB9,0.0046578631452581,FALSE
LOC253962,0.0046578631452581,FALSE
ECM2,0.0046578631452581,FALSE
CHGB,-0.0046578631452581,FALSE
LOC339788,0.0046578631452581,FALSE
ANO1,0.00456182472989196,FALSE
C22orf42,0.00456182472989196,FALSE
IL1RL2,-0.00456182472989196,FALSE
OR4M1,-0.00456182472989196,FALSE
TSR1,-0.00446578631452581,FALSE
EEF1A2,0.00446578631452581,FALSE
C20orf79,-0.00446578631452581,FALSE
MUT,-0.00446578631452581,FALSE
CHM,-0.00446578631452581,FALSE
CCDC112,0.00446578631452581,FALSE
MNX1,-0.00436974789915966,TRUE
TUBA3C,-0.00436974789915966,FALSE
OR8D4,0.00436974789915966,FALSE
RAD21L1,0.00427370948379352,FALSE
PRPF4B,-0.00427370948379352,FALSE
ZFAND6,0.00427370948379352,FALSE
SFT2D3,0.00427370948379352,FALSE
OR13C9,0.00427370948379352,FALSE
UBE2D3,0.00417767106842737,FALSE
SYPL1,0.00417767106842737,FALSE
LOC200726,-0.00417767106842737,FALSE
DNAJC19,0.00417767106842737,FALSE
MBOAT4,-0.00417767106842737,FALSE
LINC00479,0.00417767106842737,FALSE
DEFB122,-0.00417767106842737,FALSE
PTH2R,-0.00408163265306122,FALSE
FAM123C,0.00408163265306122,FALSE
HTR2C,-0.00408163265306122,FALSE
ZBTB17,-0.00408163265306122,TRUE
USP6NL,0.00408163265306122,FALSE
GPR149,0.00408163265306122,FALSE
SNX15,0.00408163265306122,FALSE
LIMCH1,0.00408163265306122,FALSE
WFDC10B,0.00408163265306122,FALSE
PCDHB7,-0.00408163265306122,FALSE
LOC100335030,0.00398559423769508,FALSE
UQCRC2,0.00398559423769508,FALSE
KIF13A,-0.00398559423769508,FALSE
GPM6B,-0.00398559423769508,FALSE
LINC00477,0.00398559423769508,FALSE
DEFA8P,0.00388955582232893,FALSE
PLAC1L,-0.00388955582232893,FALSE
TMED8,0.00388955582232893,FALSE
PRAMEF16,0.00388955582232893,FALSE
LOC100144604,0.00388955582232893,FALSE
DNMT3B,0.00388955582232893,FALSE
ERGIC3,0.00388955582232893,FALSE
CLEC12A,-0.00388955582232893,FALSE
SYT11,-0.00388955582232893,FALSE
IER2,0.00379351740696279,FALSE
KIAA1274,-0.00379351740696279,FALSE
THRB,-0.00379351740696279,TRUE
CALCR,-0.00379351740696279,FALSE
AFTPH,0.00379351740696279,FALSE
HAUS6,0.00379351740696279,FALSE
ANKUB1,-0.00379351740696279,FALSE
ZNF683,0.00369747899159664,TRUE
TTL,0.00369747899159664,FALSE
DHRS9,0.00369747899159664,FALSE
TJP1,0.00369747899159664,FALSE
TRIM63,0.00369747899159664,FALSE
TUBAL3,-0.00369747899159664,FALSE
MS4A6A,0.00360144057623049,FALSE
MRPS2,0.00360144057623049,FALSE
TNFRSF10B,-0.00360144057623049,FALSE
MCC,-0.00360144057623049,FALSE
LOC339807,0.00360144057623049,FALSE
NUP98,-0.00350540216086435,FALSE
NXF5,-0.00350540216086435,FALSE
TMEM105,-0.00350540216086435,FALSE
RAP1GDS1,-0.00350540216086435,FALSE
MED1,-0.00350540216086435,FALSE
PTPN5,0.00350540216086435,FALSE
RTKN,-0.0034093637454982,FALSE
ERBB2IP,-0.00331332533013205,FALSE
HIPK2,0.00331332533013205,FALSE
ZNF192,-0.00331332533013205,FALSE
SLC25A30,-0.00331332533013205,FALSE
C2orf28,-0.00331332533013205,FALSE
PRSS8,0.00331332533013205,FALSE
MFSD2B,-0.00331332533013205,FALSE
LOC100652763,-0.00321728691476591,FALSE
MFSD7,-0.00321728691476591,FALSE
TBCE,0.00321728691476591,FALSE
ACVR2A,-0.00321728691476591,FALSE
CPEB4,0.00321728691476591,FALSE
PDE6A,-0.00321728691476591,FALSE
C5orf54,0.00321728691476591,FALSE
TMEM155,-0.00321728691476591,FALSE
VSTM2B,-0.00321728691476591,FALSE
LOC146513,0.00321728691476591,FALSE
DNAJC6,0.00312124849939976,FALSE
C1orf198,-0.00312124849939976,FALSE
EIF3D,-0.00312124849939976,FALSE
NPAS3,0.00312124849939976,TRUE
CC2D2B,-0.00312124849939976,FALSE
EPHA3,0.00302521008403361,FALSE
MYLK,0.00302521008403361,FALSE
GRIN2C,0.00302521008403361,FALSE
MPHOSPH10,0.00302521008403361,FALSE
TTC23L,0.00302521008403361,FALSE
ENKUR,0.00302521008403361,FALSE
COL9A2,0.00292917166866747,FALSE
GUCY1B2,-0.00292917166866747,FALSE
SPATA13,0.00292917166866747,FALSE
TRAF6,0.00292917166866747,FALSE
MGC15705,0.00292917166866747,FALSE
LOC100653000,-0.00292917166866747,FALSE
OR10X1,0.00283313325330132,FALSE
LOC644841,0.00283313325330132,FALSE
NUP62,-0.00283313325330132,FALSE
FLJ38122,0.00283313325330132,FALSE
SLC38A4,0.00283313325330132,FALSE
LOC219690,0.00283313325330132,FALSE
TET3,-0.00273709483793517,FALSE
CELSR3,0.00273709483793517,FALSE
ICA1L,-0.00273709483793517,FALSE
DGCR11,-0.00273709483793517,FALSE
FOXN1,0.00273709483793517,TRUE
MCM3AP-AS1,-0.00273709483793517,FALSE
CCDC60,0.00273709483793517,FALSE
RAB33B,0.00273709483793517,FALSE
RETN,-0.00264105642256903,FALSE
KIR3DL1,-0.00264105642256903,FALSE
ARHGAP26,-0.00264105642256903,FALSE
C8orf82,-0.00264105642256903,FALSE
C5orf34,-0.00264105642256903,FALSE
ORAOV1,0.00254501800720288,FALSE
FA2H,-0.00254501800720288,FALSE
DERL1,0.00254501800720288,FALSE
ACSF3,-0.00254501800720288,FALSE
PHLPP2,-0.00244897959183674,FALSE
KIT,0.00244897959183674,FALSE
LOC100132339,-0.00244897959183674,FALSE
TMEM184A,-0.00244897959183674,FALSE
LINC00282,-0.00244897959183674,FALSE
LOC339822,-0.00235294117647059,FALSE
PHF2P1,-0.00235294117647059,FALSE
OR2C3,-0.00235294117647059,FALSE
C10orf125,-0.00235294117647059,FALSE
CDKL2,-0.00235294117647059,FALSE
CMAHP,0.00225690276110444,FALSE
PLEKHB1,0.00225690276110444,FALSE
FAM109B,0.00225690276110444,FALSE
TMEM91,-0.00225690276110444,FALSE
KLHL4,-0.00225690276110444,FALSE
KRTAP12-3,-0.00225690276110444,FALSE
OR8G1,-0.00225690276110444,FALSE
HLA-DRB6,-0.0021608643457383,FALSE
PMS1,0.0021608643457383,FALSE
PXDN,0.0021608643457383,FALSE
GIGYF1,0.0021608643457383,FALSE
NAPSA,0.0021608643457383,FALSE
ZNF235,0.0021608643457383,TRUE
SMR3A,0.0021608643457383,FALSE
ZNF280C,0.0021608643457383,TRUE
FAM75D1,-0.0021608643457383,FALSE
CFL1P1,-0.0021608643457383,FALSE
CNGA4,0.0021608643457383,FALSE
SMPX,0.00206482593037215,FALSE
USF2,0.00206482593037215,TRUE
ACAN,-0.00206482593037215,FALSE
FZD9,0.00206482593037215,FALSE
AKR1B1,-0.00206482593037215,FALSE
GANC,0.00206482593037215,FALSE
NUDT7,-0.001968787515006,FALSE
CCDC75,-0.001968787515006,FALSE
C3orf72,-0.001968787515006,FALSE
FLJ41484,0.00187274909963986,FALSE
BRWD1-IT2,0.00187274909963986,FALSE
NUPL2,-0.00187274909963986,FALSE
OR56A5,0.00187274909963986,FALSE
CYP1B1-AS1,-0.00187274909963986,FALSE
HMGCS2,-0.00187274909963986,FALSE
CRELD1,0.00177671068427371,FALSE
CBX8,0.00177671068427371,FALSE
LOC285548,-0.00177671068427371,FALSE
ZIC2,-0.00168067226890756,TRUE
OASL,-0.00168067226890756,FALSE
FXYD2,0.00168067226890756,FALSE
SLC38A9,-0.00168067226890756,FALSE
LOC387810,-0.00168067226890756,FALSE
IRF6,0.00168067226890756,TRUE
PNLIPRP3,-0.00168067226890756,FALSE
ETV7,-0.00158463385354142,TRUE
HS2ST1,0.00158463385354142,FALSE
SULT4A1,0.00158463385354142,FALSE
INS,-0.00148859543817527,FALSE
ZNF264,-0.00148859543817527,TRUE
FBXO4,0.00148859543817527,FALSE
LOC100128640,-0.00148859543817527,FALSE
TAS2R3,-0.00148859543817527,FALSE
AKAP14,0.00139255702280912,FALSE
TPD52L3,-0.00139255702280912,FALSE
MAGEA1,-0.00139255702280912,FALSE
EAF1,0.00139255702280912,FALSE
PRSS37,-0.00139255702280912,FALSE
OR51B4,0.00139255702280912,FALSE
TEX28,-0.00139255702280912,FALSE
SRXN1,-0.00129651860744298,FALSE
DCTPP1,0.00129651860744298,FALSE
NUP43,0.00129651860744298,FALSE
CCL16,-0.00129651860744298,FALSE
SIRPD,-0.00129651860744298,FALSE
SERPINA2,-0.00129651860744298,FALSE
LOC100128264,0.00120048019207683,FALSE
ZNF229,0.00120048019207683,FALSE
IRGQ,0.00120048019207683,FALSE
CXorf21,-0.00120048019207683,FALSE
GNS,0.00120048019207683,FALSE
ACOT6,-0.00120048019207683,FALSE
EIF3IP1,0.00120048019207683,FALSE
LOC100130197,-0.00110444177671068,FALSE
C20orf4,-0.00110444177671068,FALSE
MLH3,0.00110444177671068,FALSE
KRT34,-0.00110444177671068,FALSE
PNMA6A,0.00100840336134454,FALSE
EPHA7,-0.00100840336134454,FALSE
IHH,0.00100840336134454,FALSE
NUDT9,0.00100840336134454,FALSE
KRTAP2-1,0.00100840336134454,FALSE
OR9G4,0.00100840336134454,FALSE
EGR1,0.000912364945978391,TRUE
LOC154872,0.000912364945978391,FALSE
KRTAP20-4,0.000912364945978391,FALSE
MAT2A,0.000912364945978391,FALSE
FAM181A,-0.000912364945978391,FALSE
NF2,-0.000912364945978391,FALSE
KREMEN2,0.000912364945978391,FALSE
EMP2,0.000912364945978391,FALSE
FAM74A3,-0.000912364945978391,FALSE
PEX2,-0.000912364945978391,FALSE
IER3,0.000816326530612245,FALSE
SPANXN2,0.000816326530612245,FALSE
SCGB1D1,0.000816326530612245,FALSE
KNCN,0.000816326530612245,FALSE
REM1,0.000816326530612245,FALSE
LOC100131654,0.000816326530612245,FALSE
OSM,-0.000720288115246099,FALSE
TPM2,-0.000720288115246099,FALSE
ACSM4,0.000624249699879952,FALSE
USP31,0.000624249699879952,FALSE
OXR1,0.000624249699879952,FALSE
ND5,-0.000624249699879952,FALSE
UBTD1,-0.000624249699879952,FALSE
NAGK,-0.000624249699879952,FALSE
NPC1L1,0.000624249699879952,FALSE
TTC9,-0.000624249699879952,FALSE
BPIFC,-0.000528211284513806,FALSE
PLB1,-0.000528211284513806,FALSE
PHOSPHO2,0.000528211284513806,FALSE
DDX53,0.000528211284513806,FALSE
NLRP10,-0.000528211284513806,FALSE
ADK,-0.000528211284513806,FALSE
DNAH17,-0.000528211284513806,FALSE
DARC,-0.000528211284513806,FALSE
C4orf42,0.000528211284513806,FALSE
BTNL2,-0.000528211284513806,FALSE
NTNG1,-0.000528211284513806,FALSE
GFRA4,0.000528211284513806,FALSE
BARX2,-0.000528211284513806,TRUE
PGAM1,-0.000432172869147659,FALSE
SOCS7,0.000432172869147659,FALSE
MSRB2,0.000432172869147659,FALSE
GRB7,-0.000432172869147659,FALSE
LOC100130476,0.000432172869147659,FALSE
GPX5,-0.000432172869147659,FALSE
C12orf71,-0.000432172869147659,FALSE
LINC00307,0.000336134453781513,FALSE
C17orf57,-0.000336134453781513,FALSE
ZNF184,-0.000336134453781513,TRUE
ECT2L,0.000240096038415366,FALSE
LOC100129033,-0.000240096038415366,FALSE
ART4,0.000240096038415366,FALSE
SLC17A1,0.000240096038415366,FALSE
BUTR1,-0.000240096038415366,FALSE
TEX9,-0.000240096038415366,FALSE
KATNAL2,0.00014405762304922,FALSE
SREK1,-0.00014405762304922,FALSE
PABPC1P2,0.00014405762304922,FALSE
CD274,0.00014405762304922,FALSE
HIPK1,-4.80192076830732e-05,FALSE
USP35,4.80192076830732e-05,FALSE
PURG,4.80192076830732e-05,TRUE
