logFC,AveExpr,t,P.Value,adj.P.Val,B,tf
0.652125105404769,0.0652629957248313,11.4781412242181,1.07320929527073e-15,1.41117162350331e-12,25.5017969628149,ZFHX4
0.666063749174021,0.042056948027763,11.2657981487592,2.12686002035164e-15,1.41117162350331e-12,24.8346616052885,CSRNP3
0.53522043668652,0.0332510338283885,10.8025720706206,9.64744139424285e-15,3.62480052040431e-12,23.3582762581337,PURG
0.612074342925283,0.0280691263992976,10.7648023097238,1.09263014933061e-14,3.62480052040431e-12,23.2366396481667,NPAS3
-0.77245093843944,-0.0582890893120501,-9.80117423440015,2.7757895535249e-13,6.22334023254731e-11,20.0713944079708,FOXS1
0.453167987515186,0.0377563816198503,9.79718386660521,2.81386898231227e-13,6.22334023254731e-11,20.0580476815111,MEOX2
0.574765464567632,0.0459164394209575,9.44902615230767,9.30230086181539e-13,1.76345046337557e-10,18.8863809833341,ZNF521
0.80369545509425,-0.0460058780306587,9.3700593656096,1.22230297226879e-12,2.02749505525086e-10,18.6187074520787,MXD1
0.551778036119993,0.0255273832269046,9.26787033504024,1.74209180334146e-12,2.56861758114901e-10,18.2712972600037,TET1
0.56798140444907,0.0399542469468041,8.85848419237267,7.28201871692825e-12,8.70857898798385e-10,16.8684903757677,PLAGL1
0.592462634516034,0.022577792365541,8.84558535425348,7.619739042445e-12,8.70857898798385e-10,16.8240174113635,HOXC6
0.567028279763249,0.0401094945876158,8.83620800956818,7.8751279469334e-12,8.70857898798385e-10,16.7916758961174,ZNF273
0.700351166083659,0.0260250344993229,8.7362531467871,1.11967621425698e-11,1.1429310279377e-09,16.4464228728273,HOXC4
0.585384842855956,0.0345077100234135,8.64416209683002,1.54972477333145e-11,1.46891769586488e-09,16.1275119635525,ZNF618
-0.608691286054371,-0.0533191520845472,-8.59875809333551,1.81958813275575e-11,1.60972896811125e-09,15.9699969115479,TBX18
0.566362605031032,0.0180276870198227,8.44357604181874,3.15383554411548e-11,2.61571235440078e-09,15.4302930398024,ZNF135
0.395392417107989,0.0214462794974086,8.42433284046784,3.37691668188654e-11,2.63598143344908e-09,15.3632267647116,ZNF711
0.425169905559471,0.0358501154651396,8.35281045804316,4.35464351009151e-11,3.21033996549524e-09,15.1136953114832,ZNF423
0.249980420201662,0.0317154372577531,8.28105257660456,5.62243774108908e-11,3.77158723812069e-09,14.8629382127851,RXRG
-0.548331788992353,0.0341879827193426,-8.27797802980217,5.68438167011407e-11,3.77158723812069e-09,14.8521854319708,CEBPA
0.485419827936333,0.0224612318355276,8.1716124186665,8.30802811384606e-11,5.24988252717797e-09,14.4797561182425,ZNF462
0.265581513376273,0.0195583846536073,8.12221673353223,9.91194290980268e-11,5.97870374604916e-09,14.3065256407132,FOXD3
0.47459905449486,0.0398460616772408,7.96350993327345,1.74968409775789e-10,1.00949165118466e-08,13.7488344193712,ZNF536
0.401658576781458,0.00519146285837843,7.92715658911631,1.99338942087634e-10,1.10217823395954e-08,13.6208656776794,ZNF774
0.501366408970413,0.047384430344472,7.8656159195956,2.48623814552468e-10,1.3196952076445e-08,13.4040562638747,BNC2
0.478188021497946,0.0216915958641874,7.81177877724433,3.01690896483572e-10,1.53978392166807e-08,13.2142111569962,ZNF781
0.321537796268714,0.0285135476477945,7.71893166602625,4.21334390007114e-10,2.07078050199793e-08,12.8864457560034,ARNT2
0.450824693877982,0.0134052529653868,7.51372706246032,8.82888383861908e-10,4.18426030494554e-08,12.1606191833677,SALL2
0.444969773937023,0.0540099735597818,7.46682793354089,1.04579649527947e-09,4.74745735791861e-08,11.9944970319146,HAND2
0.310971697071577,0.035168621578292,7.45964659799321,1.07327596637195e-09,4.74745735791861e-08,11.9690531598901,PKNOX2
0.484290567421094,0.0491955478559996,7.42805472267613,1.20302513770643e-09,5.14972373463366e-08,11.857101172838,PRDM16
0.708473714505252,0.0109419089339373,7.35679857059809,1.55640683295331e-09,6.45422458540325e-08,11.6044785349172,ZNF233
0.503134638110533,0.0436905766674606,7.26925478003605,2.13616853943436e-09,8.58998682372544e-08,11.2939264474298,HOXA3
0.389760317974108,0.0401556649241357,7.26079000371086,2.20260687122656e-09,8.59664505328719e-08,11.2638892192709,PEG3
0.530614601005537,0.0305776944060188,7.18346255951316,2.91397350262541e-09,1.10481223942398e-07,10.9894295518794,ZNF519
0.362223346401289,0.0420404179651464,7.13164502952067,3.51535441144514e-09,1.29579869555214e-07,10.8054591463863,NPAS4
1.10009978635943,0.0147097418550445,7.0443172547212,4.8232631912961e-09,1.72985682563511e-07,10.4953485510957,NR0B1
0.416366918787347,0.00158047860362195,7.0240111257183,5.19147479162712e-09,1.79049226557392e-07,10.4232314902093,ZNF487
-0.44094886983017,-0.0339984626340449,-7.02027709746588,5.2621852567734e-09,1.79049226557392e-07,10.4099699215648,PRDM5
0.620427438845261,0.0256198147065171,6.96412017964272,6.44963457267558e-09,2.12882790380162e-07,10.210522122322,ZNF660
-0.802380529256829,0.021712203854031,-6.95870731843758,6.57738839908563e-09,2.12882790380162e-07,10.1912975965593,ARID3A
0.31929857567454,-0.000649747372514925,6.84918601473363,9.78192814203924e-09,3.0906234867824e-07,9.80234044225084,ZFHX2
0.492854430348698,0.0448201858336998,6.75637014469307,1.36931841115451e-08,4.22578030605124e-07,9.47279688038848,ZFPM2
0.324406275882845,0.0312903344571256,6.71330621351193,1.60056810899687e-08,4.77559967453627e-07,9.31994397873172,TCF21
0.437389335484015,0.00149346743153001,6.71006821156609,1.61945731238984e-08,4.77559967453627e-07,9.3084523462628,ZNF19
0.577065962535389,0.00872828406558036,6.67119988802319,1.86435658597001e-08,5.37826345561347e-07,9.17052706423555,ZNF559
0.22000048326165,0.0199840960969477,6.636411262369,2.11476268405606e-08,5.97082996115403e-07,9.04710962402287,LMX1B
0.48114023441823,0.0320450542510481,6.62277711236222,2.22182528493955e-08,6.14242115232246e-07,8.99874939459018,TRERF1
0.225677626214477,0.0378238905220599,6.60910499735956,2.33462162021533e-08,6.20945073845527e-07,8.95025981336034,HOXB7
0.50715257330875,0.00849972489578,6.60851009481205,2.33965739956868e-08,6.20945073845527e-07,8.94815005362363,ZNF454
0.455987691910675,-0.00832915116044161,6.54272162761714,2.96904394936589e-08,7.61996711453934e-07,8.71490716761731,ZNF713
0.550657268890427,0.0151506953935762,6.54115144837871,2.98597053471022e-08,7.61996711453934e-07,8.70934211745022,ZNF334
-1.46032830614745,0.113578729392915,-6.47595137914116,3.78076469039362e-08,9.31808498599806e-07,8.47834105458151,GATA1
0.213406285474195,0.0298584820676358,6.47514337888075,3.79183563861263e-08,9.31808498599806e-07,8.47547940230169,MEOX1
-0.193140454114512,-0.0114086564327428,-6.45814534572797,4.03238251915966e-08,9.72903927804521e-07,8.41528474772164,HES1
0.417278863081377,0.032472096060222,6.4399046715666,4.3074720769428e-08,1.02071704394698e-06,8.35070349509619,NANOG
0.204522982956838,0.0160818155735495,6.3728016379579,5.49056227982296e-08,1.2782414290044e-06,8.1132579693745,SOX15
0.371875918565043,0.0431122761614586,6.36276297093431,5.69348022437105e-08,1.28516922641677e-06,8.07775512512238,PRDM8
0.273662643056639,0.0235103374825477,6.36176701346465,5.71401540004441e-08,1.28516922641677e-06,8.0742330986855,PRDM6
0.41294719773309,0.0489611133215265,6.33763828221831,6.23471764672924e-08,1.37891171953495e-06,7.98892225924488,TSHZ2
0.444979373745286,0.0172321867866129,6.32872554113849,6.43879686474389e-08,1.4007022031992e-06,7.95741788902674,ZNF790
0.44403696347351,0.0537006464833849,6.28774286635734,7.46629749331834e-08,1.59802851187636e-06,7.81261210241559,NFIB
-0.778496959669871,0.0480287943773842,-6.26560837229551,8.08760742500095e-08,1.70353254809147e-06,7.73444465312124,E2F5
0.287775523462169,0.0347076257724982,6.2597630332444,8.26011272616596e-08,1.71268274806597e-06,7.71380699393122,EMX2
-0.466281775771507,0.0529309539673477,-6.24479686200319,8.7186803207715e-08,1.77995212087135e-06,7.66097694277924,JUND
0.483123423954281,0.0286804467965319,6.23281974036697,9.103862706853e-08,1.83042815333241e-06,7.61870844295474,ZNF793
0.433944533710471,0.0175935160246086,6.19216507192424,1.05421908137978e-07,2.08798316565815e-06,7.47530474273331,ZNF607
0.52383321068412,0.0300097269454423,6.17019456888693,1.1411488975027e-07,2.21360648206765e-06,7.39785413526433,ZNF404
0.447686770755156,0.0123405707188124,6.16780864403002,1.15100864553631e-07,2.21360648206765e-06,7.38944531460789,ZNF827
0.199942827339454,0.0224816814508322,6.15042942262367,1.22543301577369e-07,2.32307087418812e-06,7.3282073930027,SOX8
0.517568215956285,0.086375959943149,6.12436864732752,1.34610566172522e-07,2.5158904409991e-06,7.23642079518736,SOX2
0.505829770491139,0.0475251380716913,6.11083058361868,1.41338851595025e-07,2.60495355648053e-06,7.1887598243845,RFX8
0.444756429718447,0.0185902882711921,6.10131812332046,1.46265652851935e-07,2.62386760313292e-06,7.15527957775163,ZNF594
0.497667090378327,0.00999097112656118,6.10121560546955,1.46319670408317e-07,2.62386760313292e-06,7.15491879257808,ZNF391
0.328112844728051,0.0258597656550352,6.08733013802849,1.53822530717761e-07,2.72163331016626e-06,7.10606017601407,OSR2
0.41091849435816,0.0343002290959828,6.00907104406747,2.03852457027351e-07,3.5593711904644e-06,6.83098906159967,TSHZ3
0.5943444043885,0.0656416528671964,5.99653758059193,2.13247984737439e-07,3.66826619366206e-06,6.78698467816001,OSR1
0.458670800372354,0.00664366774617816,5.99346307691951,2.15617756673429e-07,3.66826619366206e-06,6.77619240168383,ZFP2
0.173644159301936,0.00117918359913923,5.97861046763026,2.27439864442629e-07,3.82041392551099e-06,6.72406814843363,ZNF214
0.301672670538095,0.0328116089935586,5.9496540544797,2.52372083560726e-07,4.18238065535329e-06,6.6225063613643,NFIX
0.470887217156442,0.0100320237155012,5.94645036711902,2.55292263062258e-07,4.18238065535329e-06,6.61127461000483,ZNF285
0.448021143180384,4.27884940534488e-05,5.9260296710306,2.747114296964e-07,4.44563496594052e-06,6.53970532121223,GLI2
0.441847295803462,0.00934141058020237,5.91339324784714,2.87456201001549e-07,4.59583588830187e-06,6.49543834280686,ZKSCAN7
0.304254550916892,-0.00253219609319557,5.90692388470955,2.94206706863638e-07,4.64776547628628e-06,6.47278148977943,RFX1
0.170018776611993,0.0237383815658809,5.89743263984303,3.04396469126143e-07,4.75216605329873e-06,6.43954907901157,ZFP82
0.470302547356163,0.0301707688209313,5.89339610301239,3.08835645634717e-07,4.76540583438685e-06,6.4254184109857,ZNF470
-0.656414329006776,-0.0151636056047069,-5.88917917861193,3.13541907441388e-07,4.78241507097381e-06,6.41065803435705,TCF23
-0.425795222311298,0.0446317209555099,-5.87305661880953,3.32201590459832e-07,4.95533791703346e-06,6.35424156538155,BATF
0.45403918693486,0.0660481663909067,5.8713690648426,3.34217371657517e-07,4.95533791703346e-06,6.34833799124453,EBF2
0.442345184685163,0.019668725868565,5.86673761100339,3.39812284456634e-07,4.95533791703346e-06,6.3321372941335,ZFP90
0.485516725062006,0.0327419318166041,5.86673461097861,3.39815938545625e-07,4.95533791703346e-06,6.33212680085812,ZNF605
0.391107523598768,0.0153905143948385,5.86241151702944,3.45122310836857e-07,4.9780142008751e-06,6.31700676996635,ZNF248
0.444721965595301,0.00782878966761691,5.8337160632716,3.82491850136698e-07,5.45770629173547e-06,6.2166947423929,ZSCAN26
-0.168320231149937,-0.0105487277843164,-5.82518718156315,3.94354429206291e-07,5.56710986762498e-06,6.18689707477555,LIN54
0.334017787295553,0.0199748389088413,5.82134429558334,3.99818088371753e-07,5.58482740283491e-06,6.17347364738892,ZNF70
-0.218873127139073,0.00227636921948787,-5.81001884613946,4.16361152112217e-07,5.7553255088845e-06,6.13392267549935,ZNF83
0.386498287541293,0.0162412129587989,5.77660533286245,4.69232810890111e-07,6.41929835104306e-06,6.01731932109471,SP5
0.234394716314305,0.0422359913687306,5.7731969544501,4.74987045597243e-07,6.43171234191369e-06,6.00543225368147,NME2
0.502622305961936,0.0246361906820129,5.76112449868205,4.95937594157239e-07,6.64756754996623e-06,5.96333919533635,ZNF546
0.225244143413838,-0.0132874094636267,5.71528094729456,5.84188525470669e-07,7.75218173299578e-06,5.80365395934394,TFCP2L1
-0.386061835098533,0.00540211963799269,-5.70321186456184,6.0990589171333e-07,8.01331800300583e-06,5.76165661277113,MYC
0.350546120415512,0.0351389107708543,5.68868777706241,6.42347103981327e-07,8.35680987238452e-06,5.71114050612897,PRRX1
0.340060804182293,0.0510225191119316,5.62556676033209,8.04396728711296e-07,1.03634413495135e-05,5.4919138040819,SIX2
0.123340902670331,0.00378411244016611,5.62171331130532,8.15508746653824e-07,1.04055779500925e-05,5.47854729108369,ISL1
0.461785746912147,0.0267128342311572,5.59374364027365,9.00853837443785e-07,1.13850765932181e-05,5.38158877871864,ZFP14
-0.770583535028879,-0.00366459221066183,-5.58531527853703,9.28265670455749e-07,1.16208353273092e-05,5.35239240183287,FLI1
0.379105908696164,0.0309737468533875,5.57010857940465,9.79829604163954e-07,1.21049438810827e-05,5.29974047278027,ZNF229
0.413659048326538,0.0122337279001424,5.5685763254569,9.85180059651039e-07,1.21049438810827e-05,5.29443697144434,ZNF780B
0.394898180454059,0.00835427407696054,5.54077307217085,1.08744971163976e-06,1.32389519939997e-05,5.19826121448159,ZKSCAN3
-0.267293275932945,0.0175066732089913,-5.53058418686171,1.12750364701051e-06,1.36017939962086e-05,5.16304414859777,TGIF1
0.459078597627951,0.0229809874649212,5.51272523192994,1.20126469356473e-06,1.43610653005441e-05,5.10135276058777,ZNF541
0.349754039004854,0.00114735178860049,5.510022791415,1.21283491363192e-06,1.43699279499067e-05,5.09202164224364,SIM2
0.364448611301807,0.0250843453540763,5.48997145207609,1.30219891472024e-06,1.52921943348121e-05,5.02282149517411,ZNF532
0.496606489084248,-0.00857989873059846,5.48598844730348,1.32071113153702e-06,1.53735409785054e-05,5.00908276417041,ZNF676
-0.650007540555328,0.0473819720999887,-5.43273475184046,1.59473367764601e-06,1.84018399150978e-05,4.82562745934695,MYB
0.471234261247206,0.0374285050008226,5.40632714686172,1.75077513518831e-06,2.00282638309904e-05,4.73482095210439,ZNF665
0.254420272381385,0.028484336805679,5.38596249067945,1.88133776257298e-06,2.13379077857636e-05,4.66487125163018,FOXC2
-0.288577613408452,-0.0245888139408803,-5.36144375810122,2.05135793958529e-06,2.30690846256752e-05,4.58074387006743,USF1
0.377380710997525,0.0730268584086331,5.32498861882955,2.3325949051442e-06,2.60113734380366e-05,4.45584878220821,TEAD1
0.204416394969887,0.0258680616349014,5.31643524139419,2.40391338366266e-06,2.65832755010029e-05,4.42657810935112,TCF7L1
0.24680301941832,0.0238067190557086,5.2816306574909,2.71701258084485e-06,2.97973197915794e-05,4.30760539176499,HOXB3
0.424453391330444,0.0145807161196272,5.27396411073659,2.79121651847622e-06,3.03601993444093e-05,4.28142780592881,ZNF235
0.488247707374377,0.0246202503421766,5.27162799757366,2.81422286695378e-06,3.03615751581111e-05,4.27345320491837,ZSCAN30
0.454855642553565,0.00268238512683093,5.16653918126244,4.06760115497088e-06,4.35298930052125e-05,3.91576831141819,ZNF415
0.334035848107726,0.034378656237924,5.14532392115941,4.38066179160261e-06,4.64903598665136e-05,3.84381613057027,RFX2
-0.386989637373087,-0.00462003662088313,-5.14313351241386,4.41430696547153e-06,4.64903598665136e-05,3.83639236976348,ZBED4
0.413977478030411,0.0199144416219355,5.13229651412213,4.58455093731234e-06,4.79031424709722e-05,3.79967757161969,ZNF585B
0.417422418035162,0.0173929948852474,5.12944813657228,4.63036158968138e-06,4.80038267930249e-05,3.79003142485199,ZNF471
0.457496353574101,0.0371610662174436,5.12093391156517,4.77000400879177e-06,4.87228414194959e-05,3.76120740102651,MKX
0.274960863601687,0.0444211394371455,5.11864351754192,4.80827224168063e-06,4.87228414194959e-05,3.75345601147236,TBX2
0.456934395024293,0.00348229675914594,5.11854851765972,4.80986603312281e-06,4.87228414194959e-05,3.75313452596084,GATAD2A
0.304079331306088,0.0596479833698219,5.1065138030275,5.01603845640196e-06,5.04263866033743e-05,3.71242314822779,POU5F1
0.119345228348248,-0.0023802864641339,5.08249118779731,5.45396911883006e-06,5.44166693284774e-05,3.63124761114782,HOXB8
0.130509212161842,0.00570386776799144,5.06454455703421,5.80551832866386e-06,5.74919613592309e-05,3.57068187894527,SHOX2
0.229918291396763,0.0203124991998492,5.04406657145683,6.23397232637961e-06,6.12776390896722e-05,3.50165638406796,FOXL1
-0.72256200455299,-0.0349260860943635,-5.04116838420722,6.29707326027736e-06,6.1442766296971e-05,3.49189462855828,ATF6
0.537979156950842,-0.022675175307962,5.01220650797722,6.96322265924492e-06,6.74466895534161e-05,3.3944438788961,HOXC8
-0.438952573206927,-0.000927474818415223,-4.98652551522535,7.61162640887018e-06,7.31929582939908e-05,3.30818590039595,ZNF749
0.435104027237307,0.018994983180236,4.97557873304019,7.9057515850817e-06,7.54743334777224e-05,3.27146202426298,ZNF585A
0.413707927649397,0.0243601301024694,4.96983801964476,8.06443802144615e-06,7.64393518175646e-05,3.25221400751302,ZNF491
0.473923942466213,0.0114812105364878,4.95446099999858,8.50509584448517e-06,8.00444126640555e-05,3.200693073389,ZNF493
0.15920974198213,0.0253317064598852,4.94010967053532,8.93768495231757e-06,8.3523295293841e-05,3.15265722616251,HOXB4
0.40953935576281,0.0280750363408926,4.9366787242111,9.04426661555547e-06,8.39282643275672e-05,3.1411803700119,ZNF90
0.340471404345458,0.0387838585509072,4.90967569340446,9.92789832377854e-06,9.14883408031537e-05,3.05094760805062,SMAD9
0.32932283317718,-0.000732240677850983,4.89458746899221,1.04580433745146e-05,9.57091279860747e-05,3.00060331783271,ZNF782
0.163331212760572,0.0191523958657403,4.88404273498394,1.08449659302523e-05,9.81309108259654e-05,2.96545106464872,FOXF2
0.173072546493012,0.00985270107393763,4.8833581042751,1.0870568117119e-05,9.81309108259654e-05,2.96316967243274,HOXB2
-0.540216281631606,-0.00260684144840504,-4.85807529345169,1.18587820314649e-05,0.000106328403755094,2.87899853936215,SREBF1
0.4174602998296,0.0236117333660455,4.84922816558343,1.22250156811434e-05,0.000108876481938774,2.84958128187002,ZNF599
0.412704282689162,0.0192744470509058,4.8418961348986,1.25369305042339e-05,0.000110910045194122,2.82521627084399,ZNF527
-0.257274523498196,0.0453815619110699,-4.83852081968787,1.26831357623473e-05,0.000111460405010827,2.8140042103528,RARG
-0.522727474274475,-0.0180500843435247,-4.83037700974663,1.30428221755243e-05,0.000113637344431657,2.7869637751968,ATF5
0.343389874986733,0.0224447557563669,4.82905562814684,1.31021203451722e-05,0.000113637344431657,2.78257784445163,ZNF30
0.480031604154238,0.00161662282972359,4.82598383771903,1.32409945616141e-05,0.000114096102488713,2.77238362231191,ZNF208
-0.357249593283826,0.00398976015691748,-4.82284030642096,1.33846083459102e-05,0.000114589517903373,2.76195373389929,FOXA2
0.376329968641496,0.0155940982214694,4.80874363580561,1.40476533352955e-05,0.000119495102409853,2.71521274024638,ZNF311
0.385808380883756,0.0190677312013173,4.80143925380411,1.44037950008387e-05,0.000121744178128108,2.6910127823526,ZNF518A
0.136419312482201,0.0271947371641367,4.77328391869596,1.58613881320366e-05,0.000133215582602611,2.59785809092478,CBX2
-0.275674070932053,-0.00328088306436909,-4.73157992057386,1.82898862478851e-05,0.000152645780194614,2.46025006571119,GATA2
0.423898516278518,0.0280934009339933,4.70484045806729,2.00350512801177e-05,0.000166165706554476,2.37225910677073,ZNF737
0.352453058648897,0.0163212805965627,4.69452706246758,2.07509112042978e-05,0.000170688810468024,2.33837187681817,ZNF846
0.264112864359966,0.0506898886145944,4.6933009021419,2.08376694015221e-05,0.000170688810468024,2.3343449186117,PRDM14
-0.475517725450413,0.0128972658597538,-4.63981908794417,2.49881071565739e-05,0.000203430786483273,2.15909730988865,PPARD
-0.64273073975328,0.148783555554782,-4.63176360260378,2.56796671401882e-05,0.000207786087164816,2.13276953418786,CEBPB
0.115332203050751,0.0105792481265007,4.6277468205141,2.60314725829781e-05,0.000209356146167345,2.11964822794667,HOXB5
0.134932482981354,0.00970953079080492,4.60544903529442,2.80718819434756e-05,0.000224405947825254,2.04689215258168,SIX3
0.393306542815079,0.0177556886170883,4.58422112867793,3.0159399371109e-05,0.000239649838116537,1.9777579092413,ZNF674
0.297643149310197,0.0760444358767408,4.55248795450937,3.35659681862521e-05,0.000265131189185455,1.87465214010169,PBX3
-1.07505221147374,-0.0447601897723934,-4.54638052587251,3.42634829054234e-05,0.000267730418552998,1.85484181450841,PIN1
-0.324962778967262,-0.0201149595819044,-4.54607672769368,3.4298546461198e-05,0.000267730418552998,1.85385668667233,USF2
0.380283188023846,-0.0251367094103867,4.5364100685106,3.5432745839499e-05,0.000274966396076112,1.82252472897331,HOXA6
-0.443718341920582,-0.0197680354118372,-4.53211471166396,3.59484125130259e-05,0.000277346182585961,1.808611287,IKZF1
0.428522013518614,0.00991376675970408,4.5277227746082,3.64832562546409e-05,0.000279845555201783,1.79439064700243,ZNF501
0.299419899956737,-0.0025999500004089,4.52343779027044,3.70125671058578e-05,0.000282274003157893,1.7805218214522,ZNF132
-0.513990279179562,-0.0130399918920691,-4.51460066319435,3.81279955996818e-05,0.000287645500601126,1.75193673350951,E2F4
0.277282165390918,0.0566210149655299,4.51442560088488,3.81504205770898e-05,0.000287645500601126,1.75137070202826,CASZ1
0.361467081127913,0.0213482865959158,4.51252848818721,3.83942632678101e-05,0.000287848516137763,1.74523732779998,ZNF236
0.367711180686563,0.0152456213128078,4.50765679743021,3.90274362695608e-05,0.000290951729942175,1.72949206361919,ZNF572
0.368380649437181,0.0073420896069411,4.50146538425887,3.98468693875852e-05,0.000295401093169417,1.70949174343663,ZNF439
0.463881573397895,-0.0222611107337971,4.48146043381298,4.26110593257741e-05,0.000314138198473901,1.64494819727223,YBX3
0.350753132182648,0.0233704649203334,4.46810701551803,4.45594739678069e-05,0.000326687414117568,1.6019327410244,ZNF497
0.275322150537239,0.0568843446124235,4.45613057458524,4.63807716438178e-05,0.000338171889952452,1.56339947152528,HMGA2
0.406847012287278,-0.026708431005176,4.43978556829608,4.89840959358798e-05,0.000355201613698976,1.51088222648606,ZNF610
-0.198020877206694,0.0072595858642042,-4.4333691680043,5.0044569093906e-05,0.00036091925645442,1.49028876059992,ZNF121
-0.213511191664041,-0.00698256135079321,-4.40851693088665,5.4367501007763e-05,0.000389976615336765,1.41064735075198,SP6
-0.438403140649381,-0.0149196352265019,-4.39629833275472,5.66243409529545e-05,0.000403981185185864,1.37156332612278,ZNF787
0.0717863257979245,-0.00036287679986537,4.38282535159852,5.92187925198229e-05,0.000420231752266337,1.32852213983356,DLX3
-0.411205476440555,-0.0104960371415407,-4.37539792317728,6.06982462210586e-05,0.000428439216677366,1.30481919582316,ZNF672
0.365484590636504,0.023026786665624,4.35649224072973,6.46284454851398e-05,0.000453766916184024,1.24456658643974,ZNF182
0.358906681574387,0.0175076343869963,4.34125163971555,6.79762323766414e-05,0.000474760317704227,1.19607948457793,ZNF780A
-0.477619400348937,-0.0150699947356595,-4.29263319257378,7.98238151308079e-05,0.000554587448578964,1.04191651989476,NFE2L2
0.350862560225156,0.0265725818323244,4.28536480874648,8.17594875704269e-05,0.000564966747395581,1.01893748089032,TSHZ1
0.411423525179297,0.0138845987368787,4.28384768977872,8.21692405782571e-05,0.000564966747395581,1.0141433572351,ZNF302
0.45650939796763,0.0467210325027682,4.27793157466924,8.37862727937192e-05,0.000573115381429203,0.995455791574541,ZNF251
0.44415977463886,0.0276583167063783,4.26842961161347,8.64484064904431e-05,0.000588292489296503,0.965466353659077,ZNF883
0.123591975600483,0.0204489371183002,4.26272638939813,8.80855775394423e-05,0.000593348027384974,0.947481060667677,VAX1
0.123591975600483,0.0204489371183002,4.26272638939813,8.80855775394423e-05,0.000593348027384974,0.947481060667677,VAX2
0.355644741282025,0.00225685442627208,4.2442039114593,9.36133061834121e-05,0.000625280418694444,0.889146988016894,ZNF717
0.364242342957991,0.0198937900487162,4.24369936349968,9.37685028788202e-05,0.000625280418694444,0.887559639312584,ZNF662
0.0825439046246073,-0.0021773434361037,4.20600554404139,0.000106098023920257,0.000703154401536479,0.769222941289915,EN1
-0.380593424696301,-0.0279091446824462,-4.20483113521199,0.000106506431581637,0.000703154401536479,0.765543995123663,ZNF540
-0.331617702945795,-0.0169156834422876,-4.19868996465786,0.000108667054520497,0.000713867234399501,0.746314150778017,ZNF606
0.422297090384071,0.0209949595767098,4.19569428308179,0.00010973640175072,0.000717340911936975,0.736938626803044,ZNF626
0.333206156791303,0.0201651458183187,4.18533632820159,0.000113513136000682,0.000738391820945611,0.704546147765955,ZNF225
0.18853780665889,0.00768566023689387,4.15919741915994,0.000123613667611617,0.000800172375222518,0.622972659656784,FOXO6
0.204419419905128,0.0154404894327087,4.15006856772479,0.000127342607269217,0.00082030893129248,0.594541731967538,MYRF
0.335999042252354,0.0126198748953945,4.1462939494019,0.000128916148307165,0.000826433472481199,0.582794895852826,ZNF112
0.214851365460735,0.0313275847433388,4.13264628563544,0.00013476443578524,0.000859771184072179,0.540365949314199,NFATC4
0.400405601741451,0.0198695793787649,4.12901142415306,0.000136364936610399,0.000865819477904301,0.52907710688733,ZNF84
0.35581131653734,0.0388577535459933,4.11297351385523,0.000143649547050011,0.000907728328263638,0.479326043456791,PROX2
0.476781274484052,0.062262553820939,4.10542760490558,0.000147206160504151,0.000925794194260702,0.455950870192113,EBF3
0.361620718196715,0.018845890134276,4.08943488901405,0.00015502835406374,0.000970389744540484,0.406479897929403,ZFP37
-0.304486620606089,-0.00236615535502946,-4.05927587403491,0.000170889358956783,0.00106325569206952,0.313449246822082,ZBTB16
0.199408769237876,0.0293996646222565,4.05822940502604,0.000171467006859742,0.00106325569206952,0.310227418359384,HEY2
0.343318893595831,0.0108054879175935,4.05514118740606,0.00017318273741153,0.00106889996532605,0.300721964890001,ZNF280D
0.148805351281729,0.015351832610635,4.02277989437132,0.000192191037836847,0.00118072920004396,0.201334553814024,ZNF582
0.334332229305136,0.0160383051575463,4.02012321699919,0.000193838204450481,0.00118092435962452,0.193193351431544,ZNF776
0.287115874486792,0.0597252002122819,4.01985919406969,0.000194002645364089,0.00118092435962452,0.192384421122675,ZNF284
0.239196843276704,0.0101779257763787,4.0136850853811,0.0001978867559448,0.00119624127354798,0.173475512016406,ASCL1
0.172806687658691,0.0167772935998247,4.01300080071536,0.00019832183887005,0.00119624127354798,0.171380724948868,PBX1
0.367513179388038,0.0295583355133228,4.00709832585185,0.00020211336684166,0.00121359474117141,0.153319170217073,ZNF677
0.198094130778603,0.0282176683989617,3.98986281415453,0.000213590324829802,0.00127287575887976,0.100656553249504,KLF8
0.301365369986111,0.0239268448601341,3.98940367507531,0.000213904517129002,0.00127287575887976,0.0992552618115754,ZNF701
0.353892437681273,0.0256552569771954,3.98516026444132,0.000216829538367244,0.00128346169994961,0.0863083135562386,ZNF345
-0.392728770641618,-0.0164785746844499,-3.9840261084433,0.000217617846638027,0.00128346169994961,0.0828491255197825,MLX
-0.384154753321404,0.00682849605970047,-3.957962261294,0.00023651615983412,0.00138470142687951,0.00349461168984266,ARNTL2
-0.169353784363094,0.0219288689892799,-3.95749297123055,0.00023687055305324,0.00138470142687951,0.00206828060067554,SP1
0.152165737181104,0.0368841537445426,3.94492920537811,0.000246551273425334,0.00143497166594481,-0.0360844475835949,GRHL2
0.103560415532717,0.0124635499071966,3.92036477507771,0.000266594183621028,0.00154484926491312,-0.11049612249013,HOXA5
0.361817536615392,0.0130198753839756,3.91843023225101,0.000268237768854817,0.0015476153011754,-0.116345931674492,ZNF429
-0.295546547725849,-0.0452359504184505,-3.90610447221264,0.000278941639131162,0.00160240500055001,-0.153581588259717,FOXP2
-0.449263577244871,-0.0154732753801618,-3.89377365808541,0.000290061622723132,0.00165910247135171,-0.190770225659429,ZNF35
-0.527205085251916,-0.0383618523262607,-3.88451629606464,0.000298689665574774,0.00170112097089152,-0.218648444449521,FOXM1
0.408804213763866,0.0363109938134603,3.88141515971339,0.000301634925863062,0.0017105536180354,-0.227979483155907,ZNF577
0.255027792718489,0.0247261219343162,3.87937485153715,0.00030358792879457,0.0017139365453573,-0.234116412128119,ZNF853
-0.240425478256331,0.010740942693491,-3.8780997646301,0.000304814638059022,0.0017139365453573,-0.237950797930207,E2F1
-0.513700078908044,-0.02482798631411,-3.86763578373552,0.000315063708805687,0.00176409089276433,-0.269392091448657,GTF3A
0.301810464853394,0.0381927358786932,3.86356675670512,0.000319138184295143,0.00177939651495653,-0.281606040612448,ZBTB25
-0.418160538322783,-0.0263728916973016,-3.86022192852711,0.000322525471068705,0.00179075857785846,-0.291640989143287,THAP4
-0.411456115914504,0.0105095735368976,-3.85298798159416,0.000329970121998007,0.00182445979954732,-0.313327806564095,HIF1A
0.329528732617391,0.0314596500151438,3.85041872061957,0.00033265384418439,0.00183166660262525,-0.321024968057397,DMTF1
-0.280397127664486,-0.00807265156999366,-3.84887714639859,0.000334274175641028,0.00183298277303985,-0.325641985577458,GLYR1
0.257862472942784,0.0269824746264964,3.82871699638753,0.000356176721143608,0.0019450473619653,-0.385929352036864,ZNF789
0.266161387894264,0.0522452102552767,3.82297304321458,0.000362665895835395,0.00197236739251463,-0.403074669996414,GATA6
0.363916635593425,0.0541868720598411,3.81575154494552,0.000370985913713877,0.0020093808469319,-0.424610420841234,HIC1
0.354165481107467,0.0310277073693787,3.81049185205269,0.000377161003123202,0.00203296128836103,-0.440281710199702,GLI3
0.274668806479968,0.014986528456065,3.80944356871848,0.000378403495271419,0.00203296128836103,-0.443403662103152,ZNF512
-0.247955476593384,0.0275301230319957,-3.80562125837691,0.000382967388731125,0.00204918437437985,-0.454783110445513,HIVEP3
0.0861731669297161,0.00382258441992005,3.80316041289932,0.0003859336487306,0.00205676285889761,-0.462106006788477,ONECUT3
0.219468148493337,0.0300636057249131,3.79782042231909,0.000392446591787527,0.00208310650920819,-0.47798760627798,SOX5
0.26513347978502,0.0298909927196167,3.79299325144447,0.000398424954619777,0.00210641400310934,-0.492333465062083,CTCFL
-0.58782595689174,0.119043560363777,-3.78317617283499,0.000410854580755572,0.00216350805024859,-0.521477763924631,SPI1
0.235173918833787,0.0366828729357387,3.76696663980657,0.000432197974841845,0.00226690400243134,-0.569508001604179,GLIS2
0.253864678177943,-0.0421939171338298,3.7493120189327,0.000456655793930412,0.00238575684466794,-0.621689550094351,WT1
0.0935468362189516,0.0246643277698199,3.74591996833909,0.000461504846912324,0.00240163502687315,-0.631699709397934,ALX4
0.234587999920972,0.00272857602493534,3.7444779498234,0.00046358121032838,0.00240301666447563,-0.635953662198427,ZBTB12
0.253898348705664,0.00683901720201069,3.74151249903491,0.000467879400355459,0.00241585978315834,-0.644698853994929,ZNF835
0.350581555956305,0.0454233443469895,3.72182031662566,0.000497407870296471,0.00255837303830782,-0.702672798706089,ZNF223
0.350328756647488,0.0141791244792215,3.72004519603138,0.000500155859777534,0.00256257461747022,-0.70789029788059,ZNF226
-0.312171186609464,-0.00966980795787834,-3.70542075528406,0.000523356551089881,0.00267113132037028,-0.750821392692376,ZFX
-0.385589444097203,0.0233366655725505,-3.70173121520186,0.000529370888402922,0.00269147574295279,-0.761637157845618,CREB3
0.321516463216055,0.0311141672676382,3.69599211521166,0.000538858202485082,0.00272925509426604,-0.778448969284768,HOXA4
-0.322162840603341,-0.000206176780231686,-3.68717777122724,0.000553747484410839,0.00279400346697028,-0.80424030502056,ZNF513
0.293950833274442,0.0157946698952427,3.68309217281539,0.00056078198776181,0.00281877915818152,-0.816183109282934,ZNF543
0.285846447340893,0.066789556910147,3.67380705964704,0.000577088939251602,0.00288980008447878,-0.843296692189957,SOX6
0.287347910442585,0.018840297935579,3.6722564343873,0.000579856139747943,0.0028927409678403,-0.847820873336351,ZNF445
0.434062455069618,0.0361635256323898,3.67097081712294,0.000582160054204899,0.0028933572731457,-0.85157102347034,ZNF514
0.24670425660812,0.0141698736152398,3.66232870749092,0.00059787656640478,0.00296038135678785,-0.876760512940696,ZNF555
0.322994784656007,0.0316528034897848,3.66078214055029,0.000600731706417486,0.00296346087143496,-0.881264749928716,ZNF808
-0.484421893722622,0.0127271078889548,-3.65291032741717,0.000615467611261828,0.00302490933386832,-0.90417370878978,E2F3
-0.270015939234411,-0.0160651610984083,-3.64680155238125,0.000627141127150584,0.00307090876652703,-0.921932169257627,ZBTB43
0.250642570802013,0.00823577585383234,3.64004591599165,0.000640297643996603,0.00312380504993931,-0.94155106367943,ZFP62
-0.308864498500726,-0.00577057000457897,-3.63823219482753,0.000643874600871372,0.0031297494335396,-0.946814663540007,ZNF485
0.310769268192417,0.036060830749348,3.63364223685198,0.000653012434541376,0.00316258211911097,-0.960128382060229,ZFP30
-0.647411786584232,0.026923094459982,-3.62578651066257,0.000668940658780387,0.00322794274255117,-0.982892191440447,NR1H2
-0.344505869439346,-0.00319755954677537,-3.61680128077681,0.000687614987690889,0.00330603292994859,-1.00889382656875,ZNF267
-0.397076258547029,-0.00706360426355391,-3.61413173852816,0.000693258640466954,0.00332113435342833,-1.01661174763595,E2F7
-0.278224212971533,-0.000326157810068936,-3.61120226344715,0.000699502812978481,0.00333243584989642,-1.02507732967701,ZBTB42
0.106808230936526,0.016069699542673,3.61067132954142,0.00070064024274386,0.00333243584989642,-1.02661119019107,GSX1
0.343518811488419,0.0273602234230357,3.60832707903909,0.00070568356347568,0.00334443603118653,-1.03338211940742,L3MBTL1
0.131078566863237,0.0342835853363123,3.60206227357263,0.00071933238233219,0.00339698957777515,-1.05146420146779,ZNF92
-0.175920501884853,-0.0250056696955051,-3.60076182335846,0.000722197083399225,0.00339842386408075,-1.05521537711703,KLF12
-0.386729635236855,-0.0143662499715316,-3.59802848327312,0.000728253840303901,0.00341481571054162,-1.06309716251337,ZNF239
0.383232231316932,0.023292906850742,3.59578417136648,0.000733263257858453,0.00342619839147242,-1.06956617208238,ZNF211
0.357119585257973,0.0598418982623127,3.58435816094241,0.000759281795366007,0.00352428414056463,-1.10246370747288,ZBTB46
0.127350910855765,0.0274582838565373,3.58423504695377,0.000759566890882807,0.00352428414056463,-1.10281783890143,ZNF418
0.306274028588832,0.0257419439015577,3.58004824701147,0.000769323418285936,0.00355711559604682,-1.11485669450387,ZBTB37
-0.369209795309085,0.01080424674144,-3.57762733387003,0.000775019423522299,0.0035710096354656,-1.12181407339709,HES6
0.287250677529473,0.0170615133531304,3.56617375684167,0.000802518583080279,0.00368492096798454,-1.1546923621631,ZNF571
-0.181262251828747,0.000123683844402273,-3.55764600758048,0.000823595886824879,0.00376866117867798,-1.1791312510606,HNF4A
0.26256189411478,0.0138541505394456,3.54826365627275,0.000847396059310063,0.00386424251101187,-1.20597905289382,ZNF718
0.185648559188286,0.0071748261209982,3.54424582444919,0.000857787661425875,0.00389823365312375,-1.21746324213519,SATB2
0.308181451748095,0.115901037470638,3.53990542070412,0.000869150221628878,0.00393639025290622,-1.22986071046841,TFAP4
-0.246575332468976,0.00463344360189133,-3.53701928651518,0.000876785088952688,0.00395746194911638,-1.23809933085455,KLF16
0.243012977694712,0.0214724544339531,3.53238361728626,0.000889182249867658,0.00398654065113552,-1.25132367230548,ZNF785
0.161296067302864,0.0143584904980768,3.53236369210514,0.00088923589505359,0.00398654065113552,-1.25138049117287,ZFP28
0.373153341871265,-0.0122944241496145,3.52900325744672,0.000898327618935187,0.00401373990009089,-1.26096039558111,BCL6
0.299674714030832,0.00194197620686735,3.52452889667359,0.000910570845620672,0.00405479030919004,-1.2737073823361,THAP9
-0.109032166892703,-0.00796598438543973,-3.51894072180441,0.000926085475270177,0.00411008503573085,-1.28961386418797,INSM1
-0.299355111292471,-0.0123976235876749,-3.51291846160205,0.000943087462688544,0.004171590209959,-1.30673894498632,ZNF568
0.23983466181966,0.0446655400426829,3.50901486649416,0.000954266636378158,0.00420701603479673,-1.3178298822802,TCF12
0.255125534312952,0.0672101836014684,3.49898212537665,0.000983581202962799,0.00432189488851535,-1.34630084456728,ETV1
0.337436326289073,0.00310570835753625,3.49468173821748,0.000996407571230725,0.00436380477565403,-1.35848940212144,ZNF181
-0.316860082249906,-0.0101431701399193,-3.48103786714508,0.00103816546237045,0.00453172884396576,-1.39709991229223,ZSCAN5A
-0.925294257379329,0.0221215190891988,-3.46770332036157,0.00108058398306669,0.00470142605091638,-1.43474620647051,TFDP1
0.172213207018164,0.0123199788180202,3.45913599950724,0.00110870291962901,0.00480800253054802,-1.45888701848888,PCGF2
0.161822339218898,0.00234104375908393,3.44714028738769,0.00114924684600508,0.00496759141579396,-1.49262676337675,ZSCAN1
-0.213927029415528,-0.0145260851658528,-3.44017799606901,0.00117342149420099,0.00505561793118415,-1.51217621564989,PATZ1
-0.233328239906569,-0.00424466385346916,-3.42668980391248,0.00122163865565424,0.00524632522994555,-1.54998042575686,CEBPZ
0.276484481731854,0.0248773234470139,3.4212877530137,0.00124147326718066,0.00531430653402817,-1.56509534968593,ZNF575
-0.240916803951627,-2.46308041191705e-05,-3.41736932697546,0.00125605165984594,0.00535942299876387,-1.57604985248813,KMT2B
0.309324813994535,0.0199519884972371,3.4090708315825,0.0012874650072481,0.00547585277121226,-1.59922372766256,ZBTB26
0.243091362884065,0.0340236298916188,3.40480012810533,0.00130392102746784,0.00552812525063842,-1.61113618792155,ZNF234
-0.35126761322148,-0.0056920435361016,-3.39442222834002,0.00134474636556967,0.00565329272821365,-1.64004494937609,ZNF800
-0.226495175686255,0.0134632684499449,-3.39421637688472,0.0013455683099303,0.00565329272821365,-1.64061781413706,DDIT3
0.298546221698873,0.0284992335929283,3.39405201201452,0.00134622494507574,0.00565329272821365,-1.6410752101586,ZNF461
0.281113263382194,0.0232279478354157,3.39071364200575,0.00135962773083684,0.00569156466504884,-1.65036226210248,ZNF891
-0.308333244485806,-0.0160678343265549,-3.38893084860689,0.00136683704436633,0.00570375081092492,-1.65531949751053,ADNP2
-0.42650593346278,0.0255619742253691,-3.38382639562206,0.0013876798772919,0.00577257428578793,-1.66950392043984,MYCN
-0.26230460875805,-0.0093190303332494,-3.37902431756516,0.00140756322456855,0.00583647025564804,-1.6828358701828,ZNF324B
-0.413014971824818,0.0183039507979353,-3.37800069438933,0.0014118364371236,0.00583647025564804,-1.68567620798939,ZBTB21
0.161410442497685,0.0513083544549446,3.35886698354333,0.00149401428601652,0.00615700918491903,-1.73866863254447,ZNF750
0.0926089712856016,0.0138614560514392,3.35213442067245,0.00152399440661616,0.00623518921308797,-1.75726991135148,GSX2
-0.305354018034214,-0.0268077032362549,-3.35153228104876,0.0015267033536084,0.00623518921308797,-1.75893240393624,ZNF354C
-0.235789359847184,-0.0104355479866898,-3.35046039318627,0.00153153693902373,0.00623518921308797,-1.76189139270595,PLAGL2
0.163028078213218,0.0220792220014004,3.34970820128485,0.00153493754414064,0.00623518921308797,-1.76396749089723,SETDB1
0.340387072984293,0.00292671811821189,3.3493678880298,0.00153647842703826,0.00623518921308797,-1.76490668060892,ZNF639
-0.372022490989013,-0.0102893916748817,-3.3404345849799,0.00157745547936609,0.00638196164975245,-1.7895390262043,ZNF215
0.271854029002465,0.0189810556940767,3.33298248204874,0.00161242865475369,0.00650362560747157,-1.81005525291882,ZNF253
-0.213193031140276,-0.00327406987167951,-3.3146028316221,0.0017018527503933,0.00683348257837451,-1.860531219976,BACH2
-0.459111632370527,0.00634461630556289,-3.31407109786884,0.00170450846529161,0.00683348257837451,-1.86198886905979,FOXO4
-0.225425260312037,-0.0105469592696434,-3.30522568469099,0.00174926611060477,0.00699179556859196,-1.88621499002007,ZNF778
-0.167692404785126,0.0225989292025097,-3.30098564068636,0.00177111301467599,0.00705785877019532,-1.89781307109404,BATF3
-0.223312738625507,-0.0210207001976328,-3.29671545272982,0.0017933760737267,0.00712517978992613,-1.90948395911331,SALL1
0.0811443793294254,0.025333231272785,3.27411030963809,0.00191570910498081,0.00755426121818413,-1.97110433419949,DLX6
0.265643869655078,-0.00291391144989673,3.27379026370494,0.00191749647101662,0.00755426121818413,-1.97197479915668,ZNF879
-0.281455825002254,0.00241733282495776,-3.27344045151062,0.00191945187660568,0.00755426121818413,-1.97292615989754,WIZ
-0.241761047567698,-0.00910088276316812,-3.27260226476766,0.00192414490711849,0.00755426121818413,-1.97520545290155,TRPS1
-0.648281923648096,0.149487976353749,-3.25980653628472,0.00199714905045642,0.00779381721051378,-2.00995415861583,CEBPE
-0.219094745417733,0.016046946717379,-3.25934659822445,0.00199982127884694,0.00779381721051378,-2.01120154693927,AR
0.0681052074577434,0.00922044245212076,3.25883768894411,0.00200278196592705,0.00779381721051378,-2.01258161605587,RORC
-0.159087438294787,-0.0190793299122373,-3.24973848465771,0.00205642262184253,0.00797916029001474,-2.03723338089779,RFX3
-0.301547835222957,-0.00778724778800589,-3.22746936975327,0.00219348168996004,0.00848615219410196,-2.09737588709294,RLF
0.353655142445948,0.0213847718761249,3.22277977828955,0.00222342308513889,0.00857698381970731,-2.11000668299331,ZNF337
-0.247200770997373,-0.00506969494681991,-3.21818964045822,0.00225310262117842,0.00866628167624278,-2.12235796083182,ZNF195
-0.248155093279567,-0.0103273511648775,-3.21109640282536,0.00229970303243998,0.00881995931805738,-2.14142193467775,FOXK1
-0.162238802751413,0.0175854242514193,-3.20900530440738,0.00231361345610595,0.00884773791427259,-2.14703675228178,ZNF644
0.211890663177142,1.40702034985015e-05,3.20502387189239,0.00234031839863837,0.00892414515802621,-2.15772066389644,NPAS1
0.389824963997317,0.0173130014346643,3.20031349651457,0.00237228790881199,0.00902013196273212,-2.17034936859248,GZF1
0.168776589561987,0.026138609067812,3.19710133113802,0.00239432460468935,0.00907791071549361,-2.17895429233454,MBD3
-0.349397897976239,-0.0501446729235279,-3.19084424223562,0.00243780571586796,0.00921643357537545,-2.19569974988822,NFIA
0.2709457214445,0.0241483343200964,3.18419939788637,0.00248479539566485,0.00936739627854335,-2.21345919410402,ZNF133
-0.197291151014293,-0.0144807685612533,-3.18070699480272,0.00250983304595792,0.00943498145038573,-2.22278339495248,ZNF91
0.276626349886942,-0.0121401425912035,3.17606967543262,0.00254344616724209,0.00951527934514724,-2.23515387344354,ZNF620
0.245833968556156,0.00754053768987748,3.17578348514998,0.00254553441411249,0.00951527934514724,-2.235916920401,ZNF33B
0.280337936052417,0.0364074761448293,3.17163114894379,0.00257601501674605,0.00960216833489328,-2.24698283801894,ZNF347
-0.273213843486756,-0.00564083299564292,-3.15390599141788,0.00271003343925341,0.0100734296187375,-2.29411180532937,ZNF579
0.086479320338291,0.04586572188194,3.14747790848045,0.00276023626489167,0.010231378557294,-2.31115974592782,ZIC4
-0.176809325522289,-0.00894106485594632,-3.1454547411368,0.00277621715360868,0.010261950314314,-2.31652058615746,GMEB1
-0.191107535697563,0.021513375141398,-3.1399350376023,0.00282026063207007,0.0103957940521027,-2.33113456166245,ARID5B
0.0827723036068268,0.019516302821037,3.13525641790961,0.0028581063946236,0.0105061140877161,-2.34350821976893,RORB
-0.733333084308646,-0.0301172917561269,-3.13257060013474,0.00288004736533565,0.0105426816538969,-2.3506058770413,E2F2
0.240790961105962,0.0105508767313766,3.13209564360713,0.00288394381338702,0.0105426816538969,-2.35186059288505,ZNF746
-0.331340636374452,0.0831562328058544,-3.13062325467665,0.00289605450648496,0.0105578690387515,-2.3557494630796,LEF1
0.13927862999285,0.00851243794025749,3.11433085964558,0.00303329143728024,0.011027076095866,-2.39869879794345,ZNF680
0.806554635103272,0.181416020826411,3.11339247686606,0.00304137893827201,0.011027076095866,-2.40116792658363,IRF9
0.0710909798285461,0.00137720813254102,3.10920229643643,0.0030777399301316,0.0111285037800671,-2.41218725308473,MNX1
-0.258063283994694,-0.0150932182501702,-3.09850376907986,0.00317243810648361,0.0114397428459341,-2.44027672160488,NFX1
-0.285974358901358,-0.0267001569736611,-3.09727183207964,0.00318351649532468,0.0114485810008018,-2.44350702211279,ZNF581
0.117257112176648,0.0294930892335697,3.09263495919144,0.0032255406088789,0.0115683578053576,-2.45565770838617,ZNF320
-0.176041211754381,0.0025146019501673,-3.08893859546366,0.00325941308025741,0.0116583319609207,-2.46533499631408,MTF1
-0.181546572186648,0.00607086585313721,-3.0878196279076,0.00326973260577515,0.0116638042146872,-2.46826296767556,ZNF394
-0.302229531297377,-0.0230284945275845,-3.08235243394589,0.00332059518376615,0.0118134847422458,-2.48255846090916,PRDM4
-0.422376587416583,0.00684705320254408,-3.07437721147816,0.00339612249329022,0.0120498784721821,-2.5033809858018,MYBL2
0.195141044429304,0.0173452581487843,3.07058720072324,0.00343257658373003,0.012138315356489,-2.51326345225612,EOMES
0.192733689224686,0.0303990884240465,3.06988799598554,0.00343934180409936,0.012138315356489,-2.51508572301848,MYOD1
-0.557584988433184,0.0789401154268932,-3.06259480227376,0.00351065661093471,0.0123571387870301,-2.53407639271166,NR1H3
0.248690469642143,0.0279731200864495,3.0584524849841,0.0035517758134172,0.0124688002762027,-2.54484878554586,ZNF17
0.282520707249954,0.0107688235086231,3.05296983540683,0.00360689391812309,0.012628887148679,-2.55909146735724,ZNF624
0.267211561864702,0.0066212179949196,3.04149221527916,0.00372488415204215,0.013006915953246,-2.58885099029623,ZNF10
0.268343793285656,0.0109409223519323,3.04057523406419,0.0037344649421151,0.013006915953246,-2.59122524754482,ZNF684
-0.158998977862589,-0.0102392293142972,-3.03641414869464,0.00377823122319358,0.0131249027046541,-2.60199298912958,CUX1
0.216566292064758,0.0257039790216149,3.03206585682564,0.00382447905651521,0.0132508713002498,-2.61323432908861,SOX12
-0.199199509407199,-0.00453362475444,-3.02879078208948,0.00385966138787644,0.0133379444315418,-2.62169382963523,GMEB2
0.107694013133009,0.0247857096570141,3.01250656363132,0.00403913280884022,0.0139218941229376,-2.66366216875834,ZNF667
-0.212057389537774,0.0115333026832675,-3.0091689284621,0.00407686791146551,0.0140155536749086,-2.67224473504564,ELF4
0.196398706177913,0.0123488072088729,3.00808643828036,0.0040891770608611,0.0140215451156658,-2.67502689082084,HOXB13
0.232776520233796,0.0277384823277269,3.00365442557258,0.00413993716067028,0.0141590118871378,-2.68641056686808,EBF4
-0.241940632157751,0.0140733758121578,-2.99964590031315,0.00418635342551229,0.0142809537163363,-2.69669648298594,ELF1
-0.131379973332894,0.0248626308573339,-2.99596222926156,0.00422943624641251,0.0143670396464316,-2.70614041010999,ZNF197
0.328829068601837,0.0920514265098066,2.99563849246977,0.00423324227713244,0.0143670396464316,-2.70696999747364,NR2F2
-0.271094816938651,0.000461771320153761,-2.9860962046229,0.0043468737012954,0.0146351118491895,-2.73139444668752,ZNF628
0.209002447787582,0.00436717394453057,2.98560100416445,0.00435284766473766,0.0146351118491895,-2.73266048149925,ZNF443
0.219789710352717,0.00630734982807523,2.98552055586915,0.00435381889435328,0.0146351118491895,-2.73286614266292,ZNF202
0.0766846264347574,0.0294753720156416,2.98531143303669,0.00435634452180095,0.0146351118491895,-2.73340073437526,ZIC1
0.263857427960278,0.0267979818173897,2.98313209500473,0.00438274642522784,0.0146866275411044,-2.73897033788398,ZNF417
-0.267199696403126,0.00430664339214744,-2.96736887853134,0.00457820451554551,0.0153029657232466,-2.77917087713635,BHLHE22
0.238393579608952,0.0584134672296421,2.96138244333726,0.00465454126026765,0.0154803117134659,-2.79439889454041,LHX2
0.24112768835821,0.00637217514078455,2.96137844847879,0.00465459259508131,0.0154803117134659,-2.79440904928343,ZNF763
-0.304355912076667,0.0103005530336682,-2.95819442715866,0.00469567624825001,0.0155779059535694,-2.80249962779651,TFEC
0.256797708242861,0.0140033023134128,2.95421591199992,0.00474748635890437,0.0157105097213618,-2.81260042825498,THAP6
0.19686287887667,0.0126310267099791,2.94950369450832,0.00480954012207719,0.0158762680149165,-2.82455162884761,IRX5
0.307773890481147,0.045048724878738,2.93386651624946,0.00502091745328886,0.0165328969243531,-2.86411465492597,TFAP2E
0.268456147523863,0.0687750104113447,2.93177121707543,0.00504988912115957,0.0165871358014326,-2.86940462566646,HLX
0.143368594367562,0.0266601628947846,2.92239777599105,0.00518141067330522,0.0169771159592001,-2.89303691700823,JDP2
0.287995936775706,0.0324690113987922,2.91712256672169,0.00525682322391075,0.0171817842811073,-2.90631321075096,KLF3
-0.256331372735501,-0.0352877008765655,-2.91533756228128,0.00528257133827961,0.017215014844875,-2.91080174292317,ZBED1
-0.230309212204972,0.0393302130832522,-2.91462130964341,0.005292935988477,0.017215014844875,-2.91260226831485,TP73
-0.214455000273987,0.00134338242623861,-2.9123543380711,0.00532586535707711,0.017264031607544,-2.91829894387829,ZNF101
-0.231329879492317,-0.00202589883972852,-2.91132260776439,0.00534091496314619,0.017264031607544,-2.92089053917622,ZNF146
0.178882258036711,0.00682655803954849,2.91090374010623,0.00534703616480827,0.017264031607544,-2.92194250364163,CREB3L4
-0.0660199268227747,0.00301623069014112,-2.90824508153855,0.00538604132526347,0.0173477593170501,-2.92861708220932,BHLHA15
0.321678578024308,0.0435246688404443,2.90705227784595,0.00540362676099999,0.0173622583821961,-2.93161021601021,ZNF221
-0.180243954312572,0.0126635995952426,-2.90194615554476,0.00547951099924678,0.0175590131383233,-2.94441328195264,VENTX
0.0954976337004598,0.0171083139864713,2.9011570209989,0.00549132664084716,0.0175590131383233,-2.94639052648088,HOXD9
0.281719293758571,0.0440678276354275,2.88889829077183,0.00567794270457276,0.0181120912715578,-2.97705664711157,TGIF2
0.19196501478186,0.0246956177135335,2.88615220710253,0.0057205463500662,0.018186463220009,-2.98391348596745,POU4F2
0.283537534578072,-0.000389202557503102,2.88563090899209,0.00572866738957329,0.018186463220009,-2.98521461668049,HBP1
0.194360093033618,0.00771564581266777,2.87310815604085,0.0059269995884221,0.0187653248871138,-3.01642020699458,ZIK1
0.0893416978123688,0.0246793121791895,2.87234505818362,0.00593928896201039,0.0187653248871138,-3.01831864026199,POU3F3
-0.268327770074224,0.0236333454370718,-2.87107625747452,0.00595977482068176,0.0187853234846667,-3.0214743605331,NFYB
0.196928225786194,0.0506194082841163,2.86243171634869,0.00610110251516525,0.019185220468304,-3.04294817723603,MEF2C
0.236918228254882,0.0321188201059114,2.86073067386317,0.0061292759066599,0.0192282485298763,-3.04716824841555,ZNF566
0.179221279794941,-0.00252356119348333,2.85564490116073,0.00621422977081082,0.0194487804383631,-3.05977465767209,ZNF281
0.257032180845272,0.00725779626594608,2.85174291193251,0.00628014807246739,0.0196088388050923,-3.06943581707582,ZXDA
0.0735954463840512,0.0124775682609635,2.8447376193712,0.00640012077062766,0.0199365264380819,-3.08675675680074,ZSCAN4
0.209720890235247,0.0271191414693259,2.81519743985842,0.00692974799154631,0.0215357742032364,-3.15945761673742,ZNF75D
-0.335401952158778,0.00239649272606233,-2.81117400440504,0.00700494270101044,0.0217185957108431,-3.16931706756003,E2F8
0.210701130384057,0.0238478249656789,2.79222140167058,0.00736940396319908,0.0227953358022498,-3.21562248653522,TBX6
0.232514648820477,0.00381736581788133,2.78481613976982,0.00751650797058672,0.023154785951999,-3.23365310657082,ZNF616
0.123427397467695,0.00559429480391044,2.78388514655823,0.00753519260481109,0.023154785951999,-3.23591744932555,FOXD2
0.167052841023466,0.0286235403847758,2.78374763974588,0.00753795593915869,0.023154785951999,-3.23625184368511,MZF1
0.258542768878231,0.0562926737081248,2.78272783453969,0.0075584791426361,0.0231642074417508,-3.2387314683137,HEYL
0.0801878164724319,0.00442985823184742,2.7812844811304,0.00758761427542661,0.0231999173813159,-3.24223980147839,PAX1
0.0676063962515919,0.0183103377629196,2.78037885674287,0.00760594785130122,0.023202512180866,-3.24444040655403,NOBOX
0.150298009980504,-0.00327382692812058,2.77814575670624,0.00765132987141171,0.0232874191269801,-3.2498644452575,SP3
-0.11742225743564,0.016503835400737,-2.77602267610402,0.00769470764432597,0.0233268327416344,-3.25501829594021,ZNF584
-0.223168926748511,0.00310857138622148,-2.7757918766168,0.00769943688081074,0.0233268327416344,-3.2555783956899,ZNF562
-0.144911310223286,-0.0109068990210831,-2.77407267585092,0.00773474894869265,0.0233804370271416,-3.2597494454803,ZNF57
-0.220047821677222,0.0345618682539481,-2.77272118945245,0.00776261307338625,0.0234113353372353,-3.26302703336068,PAX3
0.302123036307674,0.0246900517644273,2.75858101502007,0.00805975066320765,0.0242523563040285,-3.29724909683067,IRX1
-0.182055981543099,-0.0194802367495925,-2.75753754115324,0.00808208816208997,0.024264549753605,-3.29976941945257,ZGLP1
0.0707355391070773,0.00250602075442119,2.75325656115779,0.00817432908445006,0.0244860828331044,-3.31010200957833,FOXD1
0.234291466849968,0.0146204203818602,2.74481327577581,0.00835910351367847,0.0249831764924579,-3.3304460919324,ZSCAN12
0.244923303026647,0.0235888744115987,2.74319646278887,0.00839492207308214,0.0250338462718652,-3.33433654400698,IRF1
0.205417080771094,0.0169929008378988,2.74076127707682,0.00844913755054654,0.0251390258510656,-3.3401930103938,ZNF550
-0.215129753155535,0.0169756358972782,-2.73331837482741,0.00861684659766303,0.0255806609286328,-3.35806889591817,MYNN
-0.244433782717696,-0.0228036520322732,-2.73054419555178,0.00868013646340872,0.0257110292119272,-3.36472254642381,ZNF408
0.180540902544857,0.0182885013930313,2.72027126473612,0.00891824520932465,0.0263574863981599,-3.38931778369088,ZSCAN9
0.248235246948496,0.0155092936578345,2.71921175007293,0.00894314164399275,0.0263723310257297,-3.39185054195659,ZFP69
-0.28734666464813,-0.00827961664417235,-2.71378163739999,0.00907174432713844,0.0266922499381657,-3.40481967201392,ZFP91
-0.0961878871424993,0.0101424727957562,-2.70683678045079,0.00923869844662161,0.027123346988201,-3.42137850062599,SPIC
0.0629916223212215,0.0112754672301481,2.69710448159043,0.00947741556507046,0.027762760385979,-3.44453036521671,NEUROD2
0.0568827422337863,-0.00175056458064367,2.68417939479138,0.00980320456642968,0.0286538600432868,-3.47518126633403,SHOX
0.224849884189889,0.0168537131798982,2.68189117906246,0.00986194080811796,0.0287621878074122,-3.48059613911502,ZNF829
-0.200122046537416,0.013301588278671,-2.68069130269348,0.0098928693269401,0.0287891175369507,-3.48343416638283,RARB
0.226385143676471,0.016144059190663,2.67950485702763,0.00992353911907658,0.0288151781422639,-3.48623949201598,ZNF641
0.212174152368483,0.0207996755210874,2.67647941798268,0.0100021423376546,0.0289800062927242,-3.49338887041105,ZNF362
0.189029731839705,0.00834771666517347,2.67408935190651,0.0100646413533107,0.0290975578994406,-3.49903252932043,ZNF74
0.155533350512813,-0.00729776192448496,2.67216570441091,0.0101152036360384,0.0291801635326586,-3.50357209053679,ZBTB7B
0.123802305286874,0.00697124322599295,2.66856892709391,0.0102103687487191,0.0293619311846584,-3.51205345137505,LHX4
0.196287362998769,0.0360558899813738,2.66811391851003,0.0102224658683588,0.0293619311846584,-3.51312577125591,ZNF169
-0.0772310513697763,0.00413902955443451,-2.66418141337518,0.0103275664186986,0.0295997421978684,-3.52238779687998,PAX7
-0.100602510811455,0.00711184077589655,-2.65920453368891,0.0104619984477911,0.0299204136642645,-3.53409487170591,RORA
0.176134748049232,0.0375579707682734,2.63964837340949,0.0110059031429866,0.0313472678387088,-3.57993701631506,ZNF467
0.274597910747418,0.0468227860895375,2.63956912720617,0.0110081588642338,0.0313472678387088,-3.58012226043431,ZNF117
0.0983638618993317,0.0153875328550309,2.62999697266015,0.0112837592518127,0.0320632730774207,-3.60246699588984,MYF6
0.20395852043901,0.0189743459267054,2.62789343431709,0.0113451634298477,0.0321634844121724,-3.60736915684785,ZNF25
0.24175177965115,-0.013348058113582,2.62713078236762,0.0113675012730285,0.0321634844121724,-3.60914573491983,ZNF844
-0.380624052987593,-0.039589660248027,-2.62152706296791,0.0115328694077015,0.0325005975939195,-3.62218747665412,POU2F2
0.141604508314547,0.0259267479274724,2.62143412972008,0.011535630344187,0.0325005975939195,-3.62240358574055,HSF4
0.474392664609276,0.00946024916309668,2.62056068774804,0.0115616087968432,0.0325047772741756,-3.62443442376909,SOX9
-0.358663193578201,0.0765166175420623,-2.61675572427326,0.0116754031690934,0.0326964078795994,-3.63327534828368,STAT3
-0.228063942471832,-0.00661141223916956,-2.6166343961956,0.0116790484814846,0.0326964078795994,-3.63355709668675,ZNF658
-0.330058543410407,-0.0513203533818686,-2.60978598462073,0.011886502898446,0.0332071354657638,-3.64944441621527,SREBF2
0.170963015337791,0.0499302215133227,2.60545123172666,0.0120195458161578,0.0335082716345407,-3.65948406213241,NR5A2
-0.176447537123232,0.0177812303409041,-2.59973920061133,0.0121969359125764,0.0339315177274399,-3.67269420835211,ZNF318
0.0727896135427597,0.0124601575810928,2.59640880825007,0.0123014621307582,0.0341507118148872,-3.6803861781147,GATA5
-0.46990805719053,0.101083039952038,-2.59540585839515,0.0123330999868517,0.0341670640554325,-3.682701147929,NR4A3
0.110939276569347,0.0191391997028159,2.58796396253797,0.0125701812413268,0.0347513135567513,-3.69985693220652,HNF4G
-0.256475426576744,-0.0236321439947029,-2.58440877505241,0.0126849013207117,0.0349955593608823,-3.70803942396571,ZNF576
-0.170785096582393,-0.015546995315445,-2.57418232630476,0.0130202320864142,0.0357907280056046,-3.73152830037781,NR2C2
-0.215027831101148,-0.00177741144650295,-2.57397630630754,0.0130270698015878,0.0357907280056046,-3.73200077031924,ZNF396
-0.251123451610142,-0.0120870406410054,-2.57115937597242,0.0131208911367869,0.0359740135093309,-3.73845799006871,ZNF468
0.21875651598972,0.0348176455516544,2.56805451014737,0.0132250150215109,0.0361847318217421,-3.7455689647363,ZNF506
0.3976426024744,0.0857690967580369,2.56318934934475,0.0133896852123958,0.0365599018042164,-3.75669823541296,SMAD3
0.204090832423024,0.00738914818849116,2.55894041883223,0.0135350220270444,0.0368808505747185,-3.76640460185686,ZNF596
0.223325974920534,0.0254058427972861,2.55611556638181,0.013632440272098,0.037070180821873,-3.77285092231253,ZNF43
-0.173388294308353,0.0191294953802811,-2.54146402736752,0.0141480223551575,0.0383935085179836,-3.80619786432904,CREM
0.0924880739072441,0.0237960305560404,2.53712173423811,0.0143041946235676,0.038738094419335,-3.8160525582442,ZNF329
0.308488283909904,0.0698572374719291,2.53467581145601,0.0143928510479846,0.0388988051744919,-3.8215977762065,SOX18
0.216685597007075,0.00827551251739711,2.529515798081,0.0145815229377899,0.0393286197935918,-3.8332826346639,ZNF14
0.185820722895858,0.0141326779938765,2.52614103500879,0.014706130057059,0.0395172361175125,-3.84091483741827,ZNF775
-0.242142430831819,0.0112292570861459,-2.52572582217064,0.0147215276361278,0.0395172361175125,-3.84185331861883,NFE2
0.257574335565951,0.0339435294227029,2.5252068737167,0.0147407926738272,0.0395172361175125,-3.84302609959304,ZNF792
-0.18164052033381,0.0152099901320352,-2.50153854148146,0.015644126898207,0.0418543475683884,-3.89631601806412,ZNF207
-0.186366640318676,0.0864705021160941,-2.49850285310498,0.0157635472887082,0.0420889884348407,-3.90312276200584,TAL1
-0.235989325363716,0.0282785947985062,-2.4933357098745,0.0159687165930609,0.0425511785521923,-3.91469395323782,ZNF460
0.178862231825885,0.0186735918648947,2.49151201317778,0.0160417045023826,0.042660003756837,-3.91877344871767,ZNF675
0.0592843620012787,0.00783051645298913,2.49063349627666,0.0160769721301332,0.0426682840333736,-3.92073780642079,ONECUT2
0.14665277121035,0.00404305585997699,2.48111148754891,0.0164637556793401,0.0436075923881922,-3.94199429919625,ZNF544
-0.202800955044652,-0.0203273870722057,-2.47505978482473,0.0167139301578046,0.0441820424689376,-3.95547081034864,ZNF383
0.321026495105478,0.0576468336872917,2.47376735125443,0.0167678020988293,0.0442363287975079,-3.95834559317716,SMAD4
0.264530718674221,-0.000830448629338328,2.46293019220438,0.0172257350471507,0.0453542666816845,-3.98240465193926,ZNF860
0.195685441388731,0.0165878366300097,2.45746382280331,0.0174609807497773,0.0458826167424842,-3.99450888392114,ZNF44
-0.201564718887744,-0.0137825798774867,-2.45289600308908,0.0176597775552278,0.0463132901497774,-4.00460727120773,ZBTB1
0.239409184298258,0.0147239337367551,2.44774179264173,0.0178865457892327,0.0468154758625479,-4.01598431946177,KLF2
0.0505603258495163,0.000585983615393598,2.44499463719744,0.0180084817551024,0.0470418411201199,-4.02204051882815,EVX2
0.180609241241558,-0.000681758680635551,2.44162682434481,0.0181589890540168,0.04734180446892,-4.02945768283437,ZSCAN20
0.204283275615229,0.0260099484361582,2.43243093720112,0.0185757458933619,0.0480537555252823,-4.04966942075676,ZNF573
0.0513321477167583,-0.00120432770966698,2.432405232231,0.0185769228217557,0.0480537555252823,-4.04972583378008,BSX
0.0513321477167583,-0.00120432770966698,2.432405232231,0.0185769228217557,0.0480537555252823,-4.04972583378008,LHX9
0.0513321477167583,-0.00120432770966698,2.432405232231,0.0185769228217557,0.0480537555252823,-4.04972583378008,RAX2
0.0495492550124042,0.00621256010112313,2.42925498686656,0.0187216697082553,0.0482601302380183,-4.05663591381422,POU3F1
-0.173986880043675,0.0551677286430115,-2.42864263916517,0.0187499233982333,0.0482601302380183,-4.05797828206114,ETS1
-0.271042904784365,0.00078815041543909,-2.42829873422548,0.0187658079900659,0.0482601302380183,-4.05873206197664,ETS2
0.0466835770222169,0.00406458447556192,2.42539723533663,0.0189003083068997,0.048512009909586,-4.06508829106726,OLIG2
-0.26539265953483,0.0738551547267534,-2.42273262046821,0.0190245917674174,0.0487367437748318,-4.0709203016134,KLF6
-0.59085096470606,0.12732298032596,-2.4177585889613,0.0192585617080404,0.0492410624018682,-4.08179335571279,CSRNP1
0.18509583673839,-0.000184233072691663,2.40861593109047,0.0196953803246711,0.0502610955593048,-4.10173278012379,ZNF623
-0.166927898564248,-0.0878846708605243,-2.40422978644126,0.0199080877931958,0.050706396356182,-4.11127738891459,HOXC11
-0.0848974331646013,-0.00820120871744125,-2.40339352037007,0.0199488764005404,0.0507129482442856,-4.11309560745495,HOXD11
0.457818168596164,0.108311285663999,2.40050468445532,0.0200903570023308,0.0509616976129698,-4.11937268667801,STAT2
-0.199699422334683,0.0145510468791858,-2.39982990467457,0.0201235339481509,0.0509616976129698,-4.12083803623094,HIVEP2
-0.276262043653513,-0.00606751461976702,-2.39555456513871,0.0203348863984253,0.0513988461918294,-4.13011475271692,ZFP69B
-0.214917919935371,-0.0118018901243398,-2.39415622305688,0.0204044452870821,0.0514766138706425,-4.13314605350953,THAP7
0.0586081118709999,0.00861888267689851,2.39133449030832,0.0205454601574048,0.0517340144760459,-4.13925867456993,PHOX2B
-0.0458589376986114,0.00818153898949973,-2.38896480922275,0.0206645593211564,0.0519353602635882,-4.14438760713212,GRHL1
0.173362060847841,0.0175027627906175,2.38776557929504,0.0207250680073568,0.05197020420064,-4.14698167743809,ZNF678
0.177325263881445,-0.00445073681088248,2.38671489908267,0.020778212093866,0.05197020420064,-4.14925356673214,ZKSCAN4
0.219338731201414,0.0479313255894119,2.38568925401842,0.0208302078373673,0.05197020420064,-4.15147055545602,TCF4
-0.185351550948778,-0.00778347489998568,-2.38559330316353,0.0208350780970162,0.05197020420064,-4.15167791978602,ZNF629
0.0777863714674875,0.0195881667325024,2.37657625227195,0.0212973502989119,0.0530153318521772,-4.1711355032754,SIX1
0.113870131037745,0.0314558917519189,2.37586934676002,0.0213339767965807,0.0530153318521772,-4.17265842950657,BCL6B
0.191026636400283,0.00720026056066276,2.37414172471885,0.0214237269307038,0.053138851658026,-4.17637882310474,ETV3
-0.282565303216729,-0.0126119413567544,-2.3710029271918,0.0215876544391625,0.0534455549268071,-4.18313262863271,ZBTB2
-0.293933747652813,0.00156658240587895,-2.36726527060888,0.0217843240979926,0.0538320262160823,-4.19116571167817,MESP1
0.224333239804063,0.0360511501813729,2.36216254100278,0.0220554137539419,0.054265381742764,-4.20211631307834,PROX1
0.165560410993014,0.0134323156806287,2.36193256495222,0.0220677024126826,0.054265381742764,-4.20260940362723,THAP11
-0.342708922034404,0.0562760846746216,-2.36165820235225,0.0220823708674398,0.054265381742764,-4.2031976129827,NFIL3
0.183205271662031,-0.00110618820405713,2.34812820961948,0.0228166565990445,0.0559000063151644,-4.23213690865547,ZNF619
-0.0466818150726228,-0.00929279625870735,-2.34785323465966,0.0228318036343776,0.0559000063151644,-4.23272367225227,OTX1
-0.198699150943472,0.051909614960334,-2.34077792465461,0.0232246542878213,0.0567571201472171,-4.24780259007139,GFI1B
0.16713256147016,0.0412103880785389,2.3394977934737,0.0232963746925472,0.0568277375312687,-4.25052690911887,MAZ
0.18335408821547,0.022551450161177,2.33555672137117,0.0235184211599667,0.0572641190445428,-4.25890661538495,ZNF441
-0.220132236263365,0.00373490746624688,-2.33209357829968,0.0237150994609461,0.0576372472246804,-4.26626075823327,FOXK2
0.175339762092529,0.0204254529158281,2.33091963747253,0.0237821024421346,0.0576944240232405,-4.2687516852691,ZNF814
-0.400314588374298,0.0221922028164888,-2.32239048524276,0.0242740043347961,0.0587802988180191,-4.28681898116912,CEBPD
-0.37780053401729,0.0769047693108464,-2.32099556173171,0.0243553122640177,0.058869762066214,-4.28976877451919,ATF4
0.174852614525839,0.0245662272566085,2.31803417151989,0.0245287333254533,0.0591811438597754,-4.29602638515315,ZNF280B
-0.292932349920999,0.0989930278140952,-2.30538842492814,0.0252817367820402,0.0608872317781622,-4.32267516551309,STAT5B
-0.139038773489298,0.011305798204136,-2.30373777032682,0.0253815317828878,0.0610168345577755,-4.32614495893178,NFE2L3
0.0765851324647224,-0.00584907061419189,2.3006087311952,0.0255716705032777,0.0613627608641039,-4.33271691015116,HES2
0.191527865430358,0.0170817173988232,2.29931450494017,0.0256506855026003,0.0614412629277088,-4.33543307522226,HDX
0.119127587502342,0.0281398128294478,2.29270762948563,0.0260574461019798,0.062303118878067,-4.34927951652536,MEIS3
0.423943516204506,0.0456118867090436,2.29144898687113,0.0261355839553184,0.0623775537926395,-4.35191367539271,PITX2
0.206265267169002,0.0174004205428393,2.28824897690798,0.0263351838316758,0.0627410932578704,-4.35860556253737,ZNF510
-0.197910535277199,-0.029322368868367,-2.2872540328867,0.0263975190649099,0.0627768956973754,-4.36068465358253,ZNF224
-0.209648552675793,-0.00910342511202118,-2.28629201820536,0.0264579160034113,0.0628079687594397,-4.36269423682876,ZBTB45
-0.12878496655727,-0.0255289647098527,-2.27425314522929,0.0272241976878938,0.0645116255925627,-4.38778462152828,FOXA1
-0.136328564005357,-0.000848681723066973,-2.27221029948068,0.0273561656252523,0.0647087910600887,-4.39203147031105,ZNF432
0.179273220443199,0.00884146330647698,2.26558002431026,0.0277884059014837,0.065614260909731,-4.40579369545503,ZNF736
0.114112456432965,0.00495146239167888,2.26034182743211,0.0281341707804765,0.0663126902765405,-4.41664329242576,ETV6
-0.200375682516124,-0.0166185105181018,-2.25230178869964,0.0286723099453342,0.0674612682579052,-4.43325638654404,ZNF777
-0.154295833668116,-0.0358056404312315,-2.24783140836505,0.0289754551831033,0.0680538566866869,-4.44247262568598,ZNF431
0.217116774020869,0.0604513109510877,2.22866277404665,0.0303077596548865,0.0710572386255026,-4.48182142319642,SOX11
0.176062382259025,0.0760475489897728,2.22605520406465,0.0304931239468764,0.0712645287583468,-4.48715284986097,JUN
0.312672380960255,-0.0147240648422083,2.22590851636732,0.0305035812620505,0.0712645287583468,-4.48745261496543,BPTF
0.215400146777827,0.00352798751177169,2.22464935513888,0.0305934769830317,0.0713489348971584,-4.49002512044353,ZNF419
0.0551629976751099,0.0143737014445632,2.21919093617776,0.0309858864923788,0.0721373182024327,-4.50116303644106,DLX1
0.0700814355598094,0.0015654185508854,2.21649086140511,0.0311816363742557,0.0724659044984891,-4.50666424558766,MYOG
-0.199435714043423,-0.0783272364297002,-2.21528722457726,0.0312692491575251,0.072542471384678,-4.50911479780669,HOXA10
0.18408151257827,0.00713590994243651,2.21281229168349,0.0314500833273869,0.0728346606901264,-4.51415021873859,ZNF138
0.125027662276998,-0.0538413987226016,2.20771352396986,0.0318255456454749,0.0734890466717118,-4.5245094317403,ZNF24
-0.230872701761021,0.0247601831867525,-2.20747228564057,0.0318434075631004,0.0734890466717118,-4.52499907115335,ZBTB33
0.174348459178711,0.0132026550003659,2.20130186208905,0.0323033000580613,0.0743302482067999,-4.53750816579928,ZNF75A
0.0498734297514975,0.0151993637393931,2.20065023286036,0.0323522076061296,0.0743302482067999,-4.53882750982651,POU4F3
-0.165780358736899,-0.0130179563656841,-2.20033423168623,0.0323759483523213,0.0743302482067999,-4.53946719693107,AHRR
-0.161080414583837,0.00207352073543993,-2.19576438095287,0.032720997345607,0.0749926830356139,-4.54870957299064,ZNF770
-0.261986425087418,-0.00979886131741072,-2.1932855284912,0.0329095176810691,0.0752947068323771,-4.55371634884607,ZNF277
-0.157252837408058,0.0214510882234036,-2.19194191567147,0.0330121010293988,0.0753678157507625,-4.55642822410299,CEBPG
-0.188971961124353,-0.00196781351634753,-2.19138030131573,0.0330550631250518,0.0753678157507625,-4.55756135000627,ZNF48
0.366816851136439,-0.146717207249764,2.18880946428899,0.0332523554521851,0.0755694418136214,-4.56274527205088,IRF7
0.0987889537745775,0.000279108500487772,2.1887440617694,0.0332573881078786,0.0755694418136214,-4.56287708641195,DNMT1
0.0861183553444881,0.00337775153842134,2.18768127089699,0.0333392628760832,0.0756259860454059,-4.56501861416754,RFX4
0.0908525938497668,0.0202958135859613,2.18551882610937,0.0335064007056643,0.0758754159324515,-4.56937329879053,PLAG1
0.145418842934104,0.0267684481090063,2.17618259944093,0.0342365093496617,0.0773966744582643,-4.5881335551736,PRDM1
0.245004350681746,0.00744630705542865,2.16595221824529,0.0350525843743562,0.079106767797229,-4.60861424639811,TWIST1
0.0874849623124569,0.0124201374511852,2.1532588495975,0.0360888661739784,0.0813071738758392,-4.63391451775205,ZNF136
0.186123758288166,-0.00296628580659808,2.15101214124186,0.0362750622722998,0.0814610010401013,-4.63837977609566,ZNF772
0.1157182497571,0.0191932644076867,2.15095368196517,0.0362799183230594,0.0814610010401013,-4.63849591029843,PRRX2
-0.274915731250775,-0.0238740450382665,-2.14877892642433,0.0364609751362293,0.0817292466313789,-4.6428143796722,ZBTB11
0.0620223321342203,0.0190330430217667,2.14598416983188,0.0366948132593994,0.0820702907176148,-4.64835867186412,EVX1
0.15858452726046,0.0056399468364634,2.14548384217421,0.0367368143830167,0.0820702907176148,-4.6493505986164,GATAD2B
0.327628057832715,-0.0645903017396124,2.13897446858894,0.037287113486681,0.0831596631879423,-4.66223825315441,KLF10
-0.174181008597274,-0.0361067862919992,-2.13560929627553,0.0375744267129115,0.0836598393423381,-4.66888804736583,ST18
0.0690017125499523,0.0198143110004556,2.13310741639206,0.0377892888111327,0.0839773055775072,-4.67382627010641,HOXD8
0.0773574559486536,0.0230347411088049,2.13247723275293,0.0378435785496227,0.0839773055775072,-4.67506936940119,ZNF264
-0.192544576435947,-0.0160309936708188,-2.13167546647743,0.0379127487181014,0.0839903464923549,-4.67665048998286,ZNF268
-0.199276206659152,-0.0145860164072558,-2.13033631282988,0.0380285274470643,0.084063444037974,-4.67929025865954,ZBTB24
-0.0826633100146453,0.0192002302563631,-2.12982931518791,0.0380724414972286,0.084063444037974,-4.68028930258824,NPAS2
0.0713138844509314,-0.00518791064696378,2.1211979131777,0.0388268998837377,0.0855868706739535,-4.69726713466057,BARHL1
0.247978651051619,0.00477200269512781,2.11613899236926,0.0392751458992696,0.0864313741431688,-4.70719119989423,ZNF649
0.178556925179164,-0.00889717599281517,2.11372436878166,0.0394906844719264,0.0867618183679574,-4.71192097766841,MNT
-0.196708485385613,-0.00886511902129308,-2.10543170539867,0.040238811699547,0.0882593440087585,-4.72813030305551,ZNF131
0.171782116462588,0.0207057924699901,2.09753693733825,0.0409625135133168,0.0896984413072135,-4.74351230811794,MEIS1
-0.0728113033154846,-0.0196169031707725,-2.09556736257941,0.0411448221154839,0.0898360928371623,-4.74734223996666,SCRT1
0.0481173532161149,0.0153342034177065,2.09539541006259,0.0411607720007496,0.0898360928371623,-4.74767646664944,SOX1
-0.166306074668144,-0.0195137191865898,-2.0884512112004,0.0418094213951535,0.0911019740416562,-4.76115478311747,ZNF397
-0.115555754678841,0.0210321559679932,-2.08646531430166,0.0419965525385046,0.0913597134731075,-4.76500239694103,ZNF589
-0.163950675435897,0.00938802676831825,-2.08487712299217,0.042146732729522,0.0915363573356394,-4.76807725636891,ZFPM1
-0.0860491685338964,0.00776766846343991,-2.07419403764029,0.0431691423558006,0.0936036795852082,-4.78870937545078,ZNF766
-0.29831092324103,0.10779036181306,-2.07315288599408,0.0432699292061067,0.0936691615929911,-4.79071537179648,ZNF217
0.127996845623841,-0.00224044928555906,2.07012554064975,0.0435641500544074,0.0941524871697047,-4.79654336906897,ERF
-0.188482150241985,-0.0491314488075548,-2.06739665055655,0.0438308544278351,0.0945748680093287,-4.80179065858956,ZNF442
-0.235878899852227,-0.00795034728353377,-2.06288564748199,0.0442748448396792,0.0953777907504127,-4.81045192300585,CDC5L
-0.163585571488483,-0.0147840834377012,-2.06128726973687,0.0444330985688542,0.0955635685589457,-4.81351703062504,ZNF3
0.121153969664065,0.0249535037112286,2.05511239583294,0.0450490921484837,0.096731626668346,-4.82533936624333,NR3C2
0.142798937055604,0.012603511874598,2.05276290574615,0.0452854128455539,0.0970819755186591,-4.82982980757398,ZBTB14
-0.155094536814999,0.00955061626995367,-2.0448443838209,0.0460898301308775,0.0986471041672167,-4.84493204712112,TFE3
-0.19929406685911,-0.0238551515514921,-2.04351795454379,0.0462257826934357,0.0987787659165688,-4.84745699372273,ZNF16
0.171331199495343,0.0289274362528311,2.03980446576429,0.0466082481921325,0.0994359250015432,-4.85451849548399,ZNF154
-0.22143865821255,-0.000233796873619297,-2.03880248537457,0.0467119144288879,0.0994895371276313,-4.85642198097948,NR5A1
0.161942539077054,0.0191080051312731,2.03811339874448,0.0467833241655177,0.0994895371276313,-4.85773059549702,ZNF517
-0.266680321518788,0.00632807544591831,-2.03400281618235,0.0472112701351143,0.100238968750875,-4.86552904261201,ZNF670
-0.145705125692002,-0.0079274968691828,-2.03274458224309,0.0473429387246521,0.100357954772545,-4.86791345234423,ZBTB39
0.0508946443022234,0.0127565913403157,2.03078948767788,0.0475481616017089,0.100632233565339,-4.87161596361615,ZIM3
-0.216609440083468,0.0525939145676343,-2.02994943062271,0.0476365772196905,0.10065881842441,-4.87320591610901,VDR
0.204157336306476,0.0117191914954255,2.02292626524572,0.0483813467110927,0.102068588785162,-4.88647663518263,ZNF569
-0.103214980455874,0.0293983793655575,-2.02221265764952,0.0484575817141312,0.102068588785162,-4.88782285838963,EGR1
-0.293363168874436,0.0245170444980985,-2.02136174885453,0.0485486204384085,0.102098287356209,-4.88942757383648,SPDEF
-0.21489235216248,0.0609558001987637,-2.01699932853875,0.0490176821108367,0.102921620508038,-4.89764558694925,STAT5A
0.167725366317555,0.0201960793927411,2.01625401391609,0.0490982113276224,0.102927845863752,-4.89904811700085,ZNF496
0.151436202089461,0.0149248427494369,2.00563197768866,0.0502583774438699,0.105193796321791,-4.91898872350766,ZNF837
-0.307979035462294,-0.285726117889329,-2.00214720191565,0.0506441135225617,0.105834234085731,-4.9255111225315,ZFY
0.171499011843072,0.00473951135828964,1.99953508726388,0.0509349254711933,0.106274600786593,-4.93039384232853,ZNF653
-0.162902375422364,-0.0388621178789252,-1.99857349895402,0.051042343110666,0.106331537374967,-4.9321899329291,ZBTB7A
-0.149046058460957,0.0130813743611486,-1.99560553138484,0.0513751232850395,0.106857035422018,-4.93772897070662,PRDM15
0.238732855975901,0.0114909751892302,1.99440984611543,0.0515097157664358,0.106874888234427,-4.93995846312346,ZIC2
-0.160874695401272,-0.00444574314912033,-1.99368224518308,0.0515917669118982,0.106874888234427,-4.94131460102997,ZFAT
0.134784353296754,0.00691255687220197,1.99338497054283,0.0516253228020105,0.106874888234427,-4.94186855451532,IRX2
0.0555278100062267,0.00485211650325675,1.99089407400688,0.0519072310190923,0.107291114583077,-4.94650742272932,NKX3-2
-0.0948230989857814,0.00963259637809597,-1.98333386228469,0.0527709957840065,0.10890686066155,-4.96055670901021,MLXIP
0.126373824190602,0.0065881960242095,1.9809211197317,0.0530492464696932,0.109233276665735,-4.96503074650866,RUNX2
0.168978680689229,0.0294926904122791,1.98053586262171,0.0530937931042945,0.109233276665735,-4.96574471219528,ZNF621
0.156296030320799,-0.00276150060531505,1.97870118386351,0.0533063757579297,0.109500867849493,-4.96914314498039,ZNF836
0.247387607289855,0.0706060633122369,1.97632546398301,0.0535827358653875,0.109898439711544,-4.97353976488203,ZNF366
0.152061297292856,-0.0420562461273503,1.97456443561689,0.0537883850995068,0.110014487954028,-4.97679589279286,NFKB2
-0.106570458520145,-0.00758590027698031,-1.97442133072841,0.0538051263618418,0.110014487954028,-4.97706038357116,NRL
-0.264681494058536,0.0520357810919634,-1.96888812616365,0.0544558772981969,0.111128902880511,-4.98727444151234,NR3C1
0.0513166456010338,0.0146531310457386,1.96836587929334,0.0545176456482384,0.111128902880511,-4.98823721974413,SOX4
-0.197482358668803,0.0322367776922174,-1.96639235422252,0.0547516065424582,0.111434634788101,-4.99187349949849,HSF1
0.154580241831628,0.00963851327944416,1.96537247542625,0.0548728504888095,0.111510371514012,-4.99375143282544,ZNF283
0.186327854978519,0.00437091104816905,1.96263926727109,0.0551989136625488,0.112001465489606,-4.99878005531304,ZNF615
0.0481295183133788,0.000752097946068141,1.95820639929659,0.0557312767620755,0.112909014142403,-5.00692300060562,PHOX2A
-0.282961686566297,-0.051461613399711,-1.95709768362418,0.0558651139889429,0.113007631498974,-5.00895718490135,ZNF683
0.0829707253309466,0.0137758784256526,1.94355977537344,0.0575216833271699,0.116181543036765,-5.03371570579846,ZNF41
0.12572900937183,-0.0157943166557906,1.94075387708907,0.0578702411344763,0.116707917911018,-5.03882874093308,ZNF671
-0.103417064235719,-0.011509455628156,-1.93930236917396,0.0580512605525696,0.116895330429833,-5.04147125176613,ZFP42
-0.111436465573403,0.00222284704193783,-1.93558681563229,0.0585168409576192,0.117523450054247,-5.04822777216553,YY2
-0.171222586939064,-0.00795517116476495,-1.93540013722168,0.0585403168695232,0.117523450054247,-5.04856694197413,ZNF524
0.126416155369592,-0.00450427960301198,1.93065426443152,0.0591398493821829,0.118547704124104,-5.05718010217119,ZNF516
-0.0934902814043813,-0.000931173655614056,-1.92646321837071,0.0596736482103329,0.119437301923245,-5.06477117759492,ZNF317
0.159872460249375,0.00669310155251339,1.92295946402092,0.0601230626645386,0.120155578547956,-5.07110647745987,FIZ1
0.094635471483297,0.0387661001251995,1.91665914752672,0.0609384541498886,0.121601997980304,-5.08247334523307,PDX1
0.133271743453559,0.0470002078448083,1.91295812555774,0.0614218277013714,0.12238253057015,-5.08913562149301,OTX2
-0.141975169076527,-0.0317553183855399,-1.91074384124528,0.0617125854671745,0.122777512616103,-5.09311627762652,CREB5
0.145592951260741,0.0639952210039542,1.90970522155324,0.0618493703803874,0.12286544086044,-5.09498204955126,NR2F1
0.144627259305251,0.0368460752723559,1.90606524349003,0.0623307923221727,0.123636713619616,-5.10151397026826,YBX1
0.248516572286376,-0.0364458196289168,1.90383843702416,0.0626268797135265,0.124038611014701,-5.10550465090125,KLF13
0.0994246040994992,-0.00641168201182742,1.90047878029948,0.0630758628740718,0.124741684104163,-5.11151788720425,ZNF483
-0.242249437504523,-0.00241163569186161,-1.89114468624726,0.0643376710351094,0.127047752177962,-5.12817613141214,ZNF22
0.141638142870605,-0.00853229604659989,1.88194252627203,0.0656025846413349,0.129353090370062,-5.1445293301813,ZNF823
0.0957183596200309,0.0126504412203765,1.87879336434704,0.0660402847521091,0.13002293451936,-5.15010982594641,FOXC1
0.182152784801903,0.0162134879711618,1.87577315230743,0.0664623877057892,0.130660131089751,-5.1554541927723,ZBTB41
-0.208798320915134,0.0720502808321345,-1.87433032210464,0.0666648431511884,0.130801236303746,-5.15800469363978,IRF8
-0.0629468231717022,-0.0164731089367009,-1.87341283597966,0.0667938550550108,0.130801236303746,-5.15962565343106,HOXC12
0.187734898575355,-0.0311196788400196,1.87315697511005,0.066829870545546,0.130801236303746,-5.16007757020954,KMT2A
0.0377775234644751,0.0137110106543132,1.87071183206251,0.0671748850939384,0.131282875581232,-5.16439362263094,BARX1
0.0686446227576211,0.0134224547082212,1.86828375715658,0.0675189840335708,0.131761311489042,-5.16867469799844,FOXG1
0.110019316703393,0.0437209331671414,1.86341316528377,0.0682137325021893,0.132921619721594,-5.17724773342193,MAFK
0.178715171010037,0.0401246830260742,1.86156801062764,0.0684785043733734,0.133241899271945,-5.18049042098674,SOX13
-0.295635789921275,0.0207619142299985,-1.85346826107952,0.0696510970308211,0.135325045036456,-5.1946918840279,PPARG
-0.126734232879768,-0.0124371749756881,-1.84719165251831,0.0705713897834821,0.136912623161814,-5.20565968013309,ZNF526
0.143490288799987,0.0217995558302156,1.84225078212234,0.071303039083863,0.138130120969761,-5.21427056771225,ZNF76
-0.0438580526635825,0.0132666180218925,-1.83664415520517,0.0721410186455356,0.13954975472686,-5.22401733992952,PITX3
-0.160815602752418,0.00186128391187519,-1.83179117982165,0.0728730470726462,0.140760601841924,-5.23243297905443,UBP1
0.0430492272096737,0.0101430634905168,1.82621962609449,0.0737211755158464,0.142191860333617,-5.24207071197802,DUXA
-0.0402151794704955,-0.0339392051839243,-1.819852875377,0.0747005128690331,0.143662139280782,-5.2530525302157,ZBTB18
0.162287443098612,0.0131137009822646,1.81980153983379,0.0747084535977157,0.143662139280782,-5.25314094089537,PURA
0.231080866440494,-0.00257607111603448,1.81915680928427,0.074808242835735,0.143662139280782,-5.25425111750017,HOXD10
-0.118166878710614,0.0121606039286872,-1.81793551681056,0.0749975777357827,0.143817609328589,-5.2563531450266,DEAF1
-0.05842331442431,-0.0135615246899415,-1.81519731394526,0.0754235416221725,0.143903986911691,-5.26106150786025,HMX3
0.0431325733116863,0.0110977384073729,1.81501192474418,0.0754524547407208,0.143903986911691,-5.26138006137129,ALX3
0.0696911080576644,0.0136050970859146,1.81488831274666,0.0754717383235794,0.143903986911691,-5.26159244752031,ZNF816
0.0490225050774277,0.015843576356198,1.81434870200864,0.0755559666038313,0.143903986911691,-5.26251944083264,SOX3
0.321795034425866,0.0168714728079226,1.81397105001529,0.0756149615955936,0.143903986911691,-5.26316806269908,ZNF93
-0.153655334838082,-0.0124661022578657,-1.81286516029496,0.0757879411210312,0.143903986911691,-5.26506676093227,ZNF689
-0.0988030628886194,0.02114665643384,-1.8127771394133,0.0758017233242444,0.143903986911691,-5.2652178400705,NR4A1
0.0397146518194028,0.0171596317106156,1.81140748659071,0.0760164533960394,0.144105476652206,-5.26756788504161,FIGLA
0.135543486022392,-0.00744319853277351,1.80364954021028,0.0772423871286082,0.146220610156438,-5.28084952988457,ZNF2
-0.271382128788165,0.0959546460016933,-1.79842574330437,0.0780771792606187,0.147590337434246,-5.28976450439893,TFCP2
0.102484396317682,0.00287103845117169,1.78967448687794,0.0794926246523609,0.150052223205808,-5.30464854682378,ZBTB8B
-0.166913095380348,0.0121300552700162,-1.78862540860005,0.079663737980385,0.150161619744277,-5.30642852231768,HIVEP1
0.0465651703386301,0.00163182174729917,1.7831141014235,0.080567749925127,0.151650218653395,-5.31576449309671,MSX2
0.120703135941202,0.0177514411051495,1.78241619536686,0.0806828361927288,0.151651733183783,-5.31694491354832,POU6F1
-0.134936306220382,0.0574779544685443,-1.7778931053396,0.0814320409915503,0.152657109543848,-5.32458528590205,CREB3L1
0.133948874032544,0.0201321773778847,1.77779832599975,0.0814478022283678,0.152657109543848,-5.32474520357537,MAFG
-0.162241654160142,0.0283864096023972,-1.77297775417114,0.0822528028905369,0.153948475931936,-5.33286886608797,SP2
0.136774634380694,-0.0313706173476163,1.75883332583657,0.0846532471520012,0.158218111226346,-5.35659281886052,ZNF274
-0.195586356145479,-0.0189127541547243,-1.75702565990351,0.0849641904355512,0.158575922233441,-5.35961265970745,ZNF32
-0.367868101776608,0.0813046446393676,-1.75513943330395,0.0852896607710106,0.158959803150465,-5.36276081624779,STAT6
0.0524214936426278,0.00649192078454906,1.74819388573197,0.0864970827928479,0.160984051705623,-5.37432732129977,CRX
0.122991746186316,-0.00754560979635355,1.74392558754039,0.0872461166433142,0.16215069577826,-5.38141523855516,MXI1
0.296272637153997,-0.00581201385051987,1.73887425441434,0.0881395198939188,0.163582018040881,-5.38978363748297,CDX2
0.143517509517641,-0.01141971829785,1.73734056210994,0.0884122748234963,0.16385906241729,-5.39232020584076,ZNF425
0.0661036383904862,0.000996839955582332,1.73420916280596,0.0889713451219991,0.164665237066796,-5.3974930564042,IRF6
-0.153959756633726,-0.0183142929082554,-1.73225427803573,0.0893218490148736,0.16508369588125,-5.40071819344233,ZNF77
0.176236364355623,-0.000182856947787117,1.73098529198934,0.0895499861346373,0.165268181292247,-5.40281001935089,ZNF180
0.19441509553674,0.0169118763829441,1.7303146198288,0.0896707539792146,0.165268181292247,-5.40391502166168,MYT1
-0.11211485280035,-0.0211654648701533,-1.72410897139421,0.0907946218838942,0.167107438612937,-5.41412145032607,TFAP2C
0.0554270233747353,0.017473874414237,1.72288425224384,0.0910177963089946,0.16728617133246,-5.41613189975606,ZSCAN31
0.14288037663094,-0.0176284633452566,1.72073840052551,0.091409919239212,0.167774499073906,-5.41965138446246,ZGPAT
-0.114206004085804,0.00841056504852039,-1.71688191306121,0.0921181503413512,0.168840863954383,-5.42596674732826,ZNF124
-0.210292289425985,0.013435789817639,-1.71055048545528,0.0932907356058027,0.170754215377793,-5.43630774405387,LYL1
-0.169524409850576,0.00524422650088113,-1.70831170251609,0.093708300507388,0.171282251753862,-5.43995617278304,ZNF668
0.0847506956692089,0.0238955942237279,1.70364407335618,0.0945838450381437,0.172644790048991,-5.44754909212083,GTF2B
0.132710279531077,0.0133641111696382,1.69956610803206,0.0953542973884988,0.17381202284964,-5.45416765474445,ZNF611
0.128364357376894,0.00881041184916373,1.69619149400472,0.0959957723709765,0.174660807533241,-5.45963398917451,ZSCAN32
0.0563442736769945,0.0116014383246525,1.69573306991936,0.0960831872639529,0.174660807533241,-5.46037581587694,SCRT2
0.0503713875281628,0.0186932583658162,1.69345834324359,0.0965179159129425,0.175211045713372,-5.46405415880819,OLIG1
0.118258612566975,0.0297408617072876,1.69215183126739,0.0967683384430495,0.175425662723943,-5.46616486155896,SCX
-0.0704148235068499,-0.0220634060922598,-1.69054907153173,0.0970762742206293,0.175743814312108,-5.46875217588286,TBX3
0.0635627691201777,0.0225628402628855,1.68306248658908,0.0985253643623559,0.178124194153741,-5.48080869809365,ZNF708
0.0655367845332303,-0.0130268670656451,1.67858597483964,0.0994002959149124,0.179461486638216,-5.48799492429531,HES7
-0.190287113519506,-0.0487087357831486,-1.67361958368219,0.10037843360997,0.180981224728845,-5.49594755350075,RUNX1
0.285450221728077,-0.00830856671701274,1.66665352410238,0.101763708981829,0.183229907488314,-5.50706672666744,MLXIPL
-0.134279816463335,-0.0129892178738175,-1.65787894117018,0.103530893328063,0.186112455041727,-5.5210135773015,ZNF79
0.140957188810966,0.0218852137560329,1.65731589295135,0.103645142634391,0.186112455041727,-5.52190626894987,ZNF37A
0.144873438885508,0.00152137929548595,1.65652939800456,0.103804904706676,0.186147443980755,-5.52315277216992,ZNF583
-0.138757212872463,-0.0234147668368929,-1.65100846051321,0.104932062563305,0.187914773308375,-5.53188789079423,ZNF574
0.171279186937682,-0.0133696229896505,1.64854031369367,0.105439187274353,0.188568465651033,-5.53578448719099,ATF3
0.0645969164045652,0.0163585852620756,1.64518500383231,0.106131805336329,0.18955169001522,-5.54107330924374,ZNF502
-0.146650468637545,0.0154707033691895,-1.64270750659549,0.106645602229903,0.190213325482636,-5.54497226957204,IRF5
0.17002306764268,0.0336652926413754,1.64105211746025,0.106990035982986,0.190571513757614,-5.54757449816066,NFYA
0.104737579077685,0.0322019196622577,1.63256688908227,0.108769817570382,0.193324351977206,-5.56087605692609,IRX3
-0.0680734836813228,0.0185383739070779,-1.63229664239413,0.108826895950997,0.193324351977206,-5.56129868117677,DBP
-0.216207246230445,-0.0672280739659781,-1.62873940522707,0.109580491117996,0.194402823146498,-5.56685578984216,HNF1A
-0.180918343270973,-0.0187926086795408,-1.62470890833937,0.110439473191918,0.195665128071663,-5.57313904768214,ZNF597
0.141323862439627,0.0235640474296076,1.62034345628687,0.111376011470124,0.197061289627807,-5.57992867335783,ZNF765
0.233131716812828,0.0890992232097348,1.61866771978797,0.111737224177995,0.197226446303608,-5.58253059318231,TCF15
-0.133179966703798,-0.00327284156865777,-1.61853160034434,0.111766607098955,0.197226446303608,-5.58274183969761,HINFP
-0.67358125487163,-0.0952034277480989,-1.61693400746213,0.112111934987729,0.197559187546166,-5.58521998062306,FOXN4
0.142712271369966,0.00457993925939675,1.61625320409992,0.112259357214394,0.197559187546166,-5.58627535380148,ZNF500
-0.179136991509595,0.0481407801860591,-1.61559609232373,0.112401798490848,0.197559187546166,-5.5872936208914,FOXO3
0.163619535681221,0.100707565654576,1.60751056942441,0.114166526415738,0.200395476922862,-5.59979248317319,SOX10
0.137481679098221,0.0263480704127845,1.60295974992279,0.115169615777213,0.201889141527559,-5.60680241633789,ZNF160
0.124751020776904,0.0345999388793903,1.59984709552358,0.115859807686569,0.20283108812675,-5.61158672037829,ZBTB47
0.0504140018844169,0.00680625629454461,1.5962047801156,0.116671692231724,0.203983314349799,-5.61717448059028,SALL4
-0.0876110107528801,-0.00946744549136342,-1.59504451882903,0.116931282795413,0.204168174038833,-5.61895204897309,ZBTB5
0.0534975904568167,0.011878358513993,1.59337498719301,0.117305634112071,0.204552662899761,-5.62150779202541,ZBTB7C
0.0869820959444358,-0.00176284373541264,1.59232415677553,0.117541753340819,0.204695415594838,-5.62311517847913,MYCL
0.180080981520021,0.0797912990224632,1.5805747413642,0.120208060351958,0.209064346116709,-5.64102219969959,FOXF1
-0.0995549208575595,-0.0444503014406573,-1.57431430390262,0.121648541091489,0.211292688518856,-5.6505145870147,ZNF263
0.0357139729635843,-0.0039094661157303,1.5652110044069,0.123767909879814,0.214692831909167,-5.66425657177946,HOXD3
0.0982667900985567,-0.0191345071038851,1.56295497511895,0.124297706773332,0.215330361472861,-5.66765101582687,MITF
0.0700068489041186,0.0191867961835529,1.55596787447972,0.125950096125511,0.217749395296226,-5.67813569654301,KLF5
-0.139818168313534,-0.000540044564536455,-1.55566442210442,0.126022257413339,0.217749395296226,-5.67859008421446,PURB
-0.193176047425149,-0.0459400902212161,-1.55329085416434,0.126587839140103,0.218442213964781,-5.68214147402414,ATF1
-0.133256631911443,-0.00930425350903486,-1.55157141184101,0.12699882333562,0.218866803332945,-5.6847110699406,ZSCAN16
-0.18064076512621,0.0720097521097217,-1.54883868683143,0.127654203849388,0.21971093191717,-5.68878963290725,NFKB1
-0.108663129430101,0.0333917914177113,-1.5458833666823,0.128366014744449,0.220649872494669,-5.69319306476432,NFATC1
-0.0826503769501274,0.015865583455259,-1.54499508589313,0.128580583726138,0.220732774391443,-5.69451511076731,ZNF143
-0.116211727086275,-0.0109728840340087,-1.53746587418428,0.130410852762307,0.223538864737224,-5.70569323778033,ZNF398
0.151217335824318,-0.00257725912224913,1.53622944698668,0.130713395240434,0.223538864737224,-5.70752413208212,ZNF420
0.193973416843027,0.0379466218276983,1.53620026795236,0.130720541850856,0.223538864737224,-5.70756732404166,PAX6
-0.128327568332866,0.00184031994816775,-1.52054809181142,0.134599317628397,0.22987553988788,-5.73062859687861,ZNF771
0.103100506376825,-0.0147341892584569,1.51979556088704,0.134788087390521,0.229902046230362,-5.73173192290236,FOXJ1
0.0736466679238657,0.0145997550038516,1.51798316003589,0.135243586766188,0.230075438708571,-5.73438713717586,ZZZ3
0.0479638680449925,0.01205165444664,1.5175546742405,0.135351454231781,0.230075438708571,-5.73501445771913,HOXA2
0.122120602922847,-0.00814575103700072,1.51732268033108,0.135409885178141,0.230075438708571,-5.73535403879503,ZNF691
0.127592913124279,0.00900875362359452,1.50962805137934,0.137359280497082,0.233089213835841,-5.74659021139992,ZNF333
0.0917449330522283,0.0250948754790125,1.5079932021563,0.137776318549759,0.233498307427242,-5.74897080351077,IKZF2
0.0369905369700936,-0.00278540641715661,1.5065839719067,0.138136608985285,0.233806909099838,-5.75102096961309,PAX9
0.0780043050468523,-0.0483260321254447,1.50590371520548,0.138310794004049,0.233806909099838,-5.75200998932891,POU2F1
0.226639206771012,0.0729065492094011,1.50492580905918,0.138561499787811,0.233932710201559,-5.75343104444471,MSC
-0.123805349011469,-0.00556861336851928,-1.49874966882607,0.140153214750012,0.236319334146463,-5.76238648660739,ZNF213
0.129193934799666,-0.0130727242039063,1.48997618429244,0.142439181035661,0.23986902694711,-5.77505020128939,FOXN3
-0.182538935488704,-0.00976564964005975,-1.48741578023072,0.143111832905604,0.240696327333,-5.77873308595598,TBPL1
0.115026613948789,-0.0450952914036578,1.4857196744405,0.14355880263887,0.241142444432634,-5.78116957180304,TP63
-0.133275722716841,-0.0164989619779219,-1.4716467706827,0.147310041122011,0.247130751667394,-5.80128731216374,HOMEZ
0.0327368218726991,0.00776149360332974,1.46862240307369,0.148126197910165,0.248186192710593,-5.80558784383975,CUX2
-0.0453428907520426,0.0106768243503863,-1.46287446963055,0.149687138152402,0.250485286668648,-5.81373880448988,TBR1
-0.15945687294275,0.0268191269733334,-1.46107443484064,0.150178613930396,0.250844439609676,-5.81628534369195,MBD4
0.117510954865789,-0.0173671850213641,1.46070431825225,0.150279826292157,0.250844439609676,-5.81680859699898,ZSCAN21
-0.116217231032338,-0.0191891616642306,-1.45773558717438,0.151093596701051,0.251885933193837,-5.82100124401408,ZNF438
0.0473349280810773,0.00750361146907757,1.45573506662787,0.151643914551412,0.252486166386103,-5.82382209863151,NEUROG2
-0.147079145958191,-0.0151097895860898,-1.43513380241188,0.157402889732214,0.261367352349126,-5.85266385765674,MYT1L
-0.131285113504845,0.088255302517507,-1.43440685717666,0.15760917974502,0.261367352349126,-5.85367466983434,KLF1
0.129419909403728,-0.00122531215038896,1.43378783635951,0.157785009586252,0.261367352349126,-5.85453504204011,ZNF681
0.127212690617178,-0.0483308187891809,1.43359647583187,0.157839395564755,0.261367352349126,-5.85480094333127,BHLHE40
0.205063268233262,0.0860103275826573,1.43261163791372,0.158119524605373,0.261367352349126,-5.85616888860517,FOSL1
0.119029394691098,0.0330614066211548,1.43247034236107,0.158159746749321,0.261367352349126,-5.85636507787277,ZNF141
-0.0384727705035205,0.00467407116767872,-1.43092524267217,0.158600106117992,0.261769080620119,-5.85850928974082,SRY
0.1220181235912,0.029182238952377,1.4299471848151,0.158879350034694,0.261904220491973,-5.85986548742645,CLOCK
0.239978863820682,0.0269705716896323,1.42805505028166,0.159420658275695,0.262470488252913,-5.86248673935242,TCF7L2
0.0932864885334464,-0.0292199627040518,1.42664804427369,0.159824109911168,0.262541959617723,-5.86443384893823,DLX5
-0.145473555866546,-0.000684849468524444,-1.42652384558842,0.159859761394966,0.262541959617723,-5.86460563845793,ZNF480
0.0691712375384635,0.0292892054140671,1.42055878864711,0.16157934491952,0.265038060207914,-5.87284016683344,HLF
0.107294202624946,0.00363219543370648,1.41651044603079,0.162754555210242,0.266636166375298,-5.8784106138859,ZNF525
0.106688134295756,0.0225432182895738,1.40941835465714,0.164829338416705,0.269702259036951,-5.88813383119237,ZNF692
0.112110880242812,0.0736776795680276,1.40797039249853,0.165255448446084,0.269890629576267,-5.89011343894072,THAP1
-0.18468999656208,-0.0631028199593897,-1.40764531712257,0.165351229725324,0.269890629576267,-5.89055761328173,CREB3L3
0.146663058619541,0.0133290491641714,1.40341229259054,0.166602393134321,0.271598741632978,-5.89633285359958,ZNF570
0.183187147943694,0.0316922323490616,1.40259871760296,0.166843700702722,0.271658393659524,-5.89744099637374,BATF2
0.0346639659841201,-0.00486843515842849,1.40170521292141,0.167109027149007,0.271756959591584,-5.89865732428971,RAX
0.10363209901464,-0.0105891390105621,1.39699002850098,0.168514613487454,0.273707334269096,-5.90506423466586,ZNF286B
0.0535220179995573,0.0100880218157822,1.39611131123423,0.168777564515976,0.273799300871272,-5.90625601329897,ZNF528
-0.0799790535071316,0.043762598672768,-1.39430420378296,0.169319327265507,0.274342792773294,-5.90870476032402,SIX4
-0.118867722309287,-0.00138022890129622,-1.38750684970788,0.171369177013379,0.277325485239944,-5.91788932731804,ZNF343
0.0334603659767826,0.0126164159692178,1.38478992579951,0.17219384083483,0.278138708970224,-5.92154880312224,ESRRG
-0.0915076100935724,0.0191138594484443,-1.38435736747303,0.172325416290973,0.278138708970224,-5.92213081106871,HMGN3
0.045905681828654,0.018239559797649,1.38378218368408,0.172500495465331,0.278138708970224,-5.92290446095118,ZNF586
-0.159800376299818,0.0305099568327325,-1.37286271830749,0.175850297287599,0.283195806432821,-5.93753514353075,ZNF726
-0.110699773598791,0.0131628041585433,-1.37082505870186,0.176480892565716,0.283866841739037,-5.94025344735373,CREB1
0.110242792882863,0.0136345812556153,1.36968839878891,0.176833408527674,0.284036089596932,-5.94176816113566,ZNF529
0.131885405170197,0.0151508610051389,1.36910611884536,0.17701420203215,0.284036089596932,-5.94254365627681,ZNF23
0.117192418124361,0.0273315587263382,1.36723193852202,0.177597083687864,0.284627210209898,-5.9450376597654,ZNF69
-0.137446491719502,0.000750326357724392,-1.36621335951738,0.177914484780283,0.284791943671213,-5.94639177040339,ZNF654
0.0573352012858708,0.0258327566583394,1.36371632666171,0.178694428966418,0.285695791853538,-5.94970739185297,GLIS1
0.114267046206978,0.00514150039525832,1.36250421242317,0.179073974037853,0.285958078878738,-5.95131483684818,ZNF45
0.0528440109743799,0.0208745482209078,1.35861480270056,0.180296020584798,0.28723080903956,-5.95646381381441,ZNF554
0.0772937676481165,-0.00164360413927186,1.3585898176225,0.180303891431766,0.28723080903956,-5.95649684600378,FEV
0.0652087573447662,0.0272804193944363,1.35565953903092,0.181228817799199,0.288358082997048,-5.96036698483104,ELF3
-0.200790341754255,-0.075283815695818,-1.35240533825753,0.182260234126469,0.289651893036916,-5.96465584116717,PITX1
-0.0910993594444241,0.00760611493702294,-1.34351420728561,0.185101125517326,0.29381482483432,-5.9763249940132,NRF1
0.222844578549668,0.0877690003804946,1.34044929370095,0.186088206361698,0.29502873338348,-5.98033094016919,ZNF148
-0.225758784945224,-0.0648665879286084,-1.33811134278629,0.186843852961931,0.295873261193893,-5.98338099642788,HHEX
-0.0559932224077508,0.0242307449462861,-1.32454889539303,0.191273463160223,0.302526681303475,-6.00097652938965,TEF
0.146898598514919,-0.0351231360085774,1.32147122661077,0.192289647688235,0.303771860097961,-6.00494615165969,TSC22D1
-0.0655269414890637,0.0481137003322789,-1.30923443650693,0.196370444862636,0.309849679349248,-6.02064410896452,ESR1
0.0344207219489372,0.00916606074030612,1.30512320910277,0.197756045386824,0.31166540644693,-6.02588759426853,NKX2-1
0.107712997076481,0.0140630109045801,1.29899000466683,0.199836783748345,0.314571070028534,-6.03368128246705,ZNF444
-0.14537798594684,-0.00602255986924491,-1.29626560907975,0.200766321312227,0.315659844053703,-6.03713226514697,TCF3
-0.115865645667936,-0.00659301838307207,-1.29373872019333,0.201631372597665,0.316644770931481,-6.04032701078375,ZNF669
-0.149234947733346,0.0055165249138012,-1.29299093041292,0.201887905783708,0.316672873492885,-6.04127132347966,SNAPC4
0.137867523924767,0.0962917035123894,1.29069664579403,0.202676501272487,0.317523932158276,-6.04416537045398,HOXB9
0.0257724469555778,0.00499633713438833,1.29002139643287,0.202909038786901,0.317523932158276,-6.0450162248474,FOXQ1
0.283847403480284,0.0780083841655898,1.28829793811289,0.203503458126594,0.318079021123663,-6.04718599626644,ARNTL
0.0874660915132133,0.0383277753665078,1.28488628620999,0.204683982456861,0.319547817317947,-6.05147313600527,LHX6
-0.036756114174631,0.018461980859697,-1.28361098285712,0.205126586645191,0.319862491748729,-6.05307297141867,TBX4
0.0903684538255984,0.0110392365987442,1.27997137496041,0.206393681524367,0.321460581435253,-6.05763058546178,XBP1
-0.0563105284815082,-0.0211976759012694,-1.27894896492138,0.206750674804145,0.321639091987221,-6.05890869404658,MSX1
-0.107223064106636,-0.00340535893846668,-1.27586575241247,0.207830030050523,0.322939636858365,-6.0627572061412,ZNF275
-0.0608467174830747,-0.0166293965825915,-1.27239816972251,0.209048965638821,0.324038458417994,-6.06707509519138,NR2C1
-0.039475053762254,0.0254900092689952,-1.27188262456063,0.209230646248645,0.324038458417994,-6.06771611974751,TBX20
0.059588041147902,-0.0294583957089085,1.27177170434212,0.209269750462864,0.324038458417994,-6.06785400519141,EHF
-0.120995488526339,-0.010201974725951,-1.26943596895242,0.210094465588905,0.324936312163726,-6.07075495059961,NFXL1
-0.0320663073888906,0.00199054399397895,-1.26870585809541,0.210352753767969,0.324957048021064,-6.0716607107316,TFAP2B
-0.235548855306882,0.0863655900961807,-1.26681027497723,0.211024450689484,0.325557478590052,-6.0740100499232,CDX1
0.12292176236735,-0.0277469523407844,1.26602921609519,0.211301681941911,0.325557478590052,-6.07497711675933,ZNF880
-0.0907470252830934,0.0492824254290872,-1.26553447303011,0.211477427689996,0.325557478590052,-6.07558939271767,GATA3
-0.188483602467119,0.030680621830307,-1.25014303631063,0.216999350277216,0.333371670241759,-6.09452507378799,IKZF3
-0.115098420513486,-0.0127063246558202,-1.24998704171537,0.217055857640452,0.333371670241759,-6.09471587605061,ZNF200
0.0722127664439551,0.0350144848177956,1.24670920018185,0.218245742715543,0.334811676975174,-6.09871994100897,HEY1
-0.10706430872237,-0.0269586851188796,-1.2447444995073,0.218961256330948,0.335461121545349,-6.10111519583273,GRHL3
0.101143946468125,0.032963971896218,1.24415940399586,0.219174673986298,0.335461121545349,-6.10182782589931,SP110
0.110316967373007,-0.0178907098114378,1.24234195134364,0.219838583404981,0.336089631541946,-6.10403942400873,POU3F2
0.0456955163742278,0.0106066781369091,1.23676127042482,0.221886474214341,0.338689623154913,-6.11081137009824,ZNF250
0.0489618906629231,0.0231150529773786,1.23631806284884,0.222049715256047,0.338689623154913,-6.11134795665993,TBX1
0.134959616460931,0.0199737744323699,1.23193174524997,0.223670050536259,0.340769411092555,-6.11664866578384,SIX5
0.151387633844413,0.0657626251605207,1.22680107961622,0.225576383842847,0.343279657522315,-6.12282639102357,RELB
-0.0661756828680441,0.0364317906620803,-1.22306196407296,0.226973184657174,0.345009640366632,-6.12731328676399,ADNP
-0.0610268193355626,-0.00851290173278758,-1.22105293906841,0.227726303347352,0.345758357599469,-6.12971876561737,ZNF85
0.0539575954149889,0.0130718323451112,1.21942978966975,0.228336107843319,0.346288017266382,-6.13165950047603,ZNF260
0.0983765390166228,0.0115766164163127,1.21643308063135,0.229465093232106,0.347602943743156,-6.13523615384075,ZBED5
0.160302551921467,0.0393866078894581,1.21458165794394,0.230164642595753,0.348265086344999,-6.13744173151345,HOXB6
-0.0631264814203075,0.00657176932581827,-1.20980984132786,0.231974842822688,0.350604346726318,-6.14311173640936,ZNF282
0.0324934044807165,0.0124297664196928,1.20863555735203,0.232421902048532,0.350880391374746,-6.14450382576677,ZIC3
0.0964544388206678,0.0185262734453032,1.2072368865083,0.232955208359977,0.351285865333738,-6.14616025711156,ZFP41
0.0770600569017715,0.0735010831067624,1.20176997513109,0.235048289409202,0.354039818440421,-6.15261730172757,ONECUT1
-0.207223995870479,0.0234112397448717,-1.19714771357408,0.236828655376487,0.356317035923581,-6.15805513528923,HOXA1
-0.11969733274995,-0.00453348068558725,-1.18287273752576,0.242388900526246,0.364269616079648,-6.17472385698278,SMAD5
-0.0381617422401942,-0.00308604368539443,-1.1819307840923,0.242759099509851,0.364413263630737,-6.17581711715047,HOXD12
0.0408617175008669,0.0168644119616446,1.18122281555786,0.243037608991583,0.364419104103763,-6.17663826508336,ZNF549
-0.0268071437181676,0.0102009488309605,-1.17348576582918,0.246096390936772,0.368589064077987,-6.18558185860584,ESRRB
-0.138484601787307,0.0659615074032745,-1.16955167576384,0.247662318965972,0.370252405160757,-6.19010811241058,RELA
0.0965496618793257,0.0105788944475582,1.16929437334069,0.247764985518276,0.370252405160757,-6.19040364295151,ZNF426
-0.092984746588399,0.000789390478779536,-1.16517778643806,0.249411723000597,0.371983286204088,-6.19512346894712,ZNF805
0.0837904488088461,0.0141932959548106,1.16499782335575,0.249483892028363,0.371983286204088,-6.19532944391852,ZSCAN2
0.0745914420533844,-0.0220719532051832,1.16366018140626,0.250020785981143,0.372365413015686,-6.19685948432985,ZHX2
0.057015535072968,0.018911344283429,1.16135138815073,0.250949428665301,0.373329475155667,-6.19949644298398,ZNF18
-0.095044281699747,0.00333482416398161,-1.1595908748618,0.251659206326642,0.373966144227832,-6.2015038560883,ZNF580
-0.126731493565027,0.0128798190794042,-1.15686620048209,0.252760541018996,0.375182592765332,-6.20460495716235,KLF11
-0.0816429248282246,0.00406797612303395,-1.1560518113609,0.253090393861546,0.375252461066225,-6.2055305157139,ELF2
-0.0796343042457434,0.0100614752346702,-1.15521663431911,0.253428987057359,0.375335118108388,-6.20647905812886,TFAP2A
0.100070741855063,0.0147832676973439,1.15422581811067,0.253831099833579,0.375511560177435,-6.20760352301485,CREBZF
0.10949270690554,0.0467363212452711,1.1524165861611,0.254566538095876,0.37603655586024,-6.20965443719094,ZFHX3
0.071965150859688,-0.0323310393438608,1.15192396481569,0.254767048872276,0.37603655586024,-6.21021233582449,NR2F6
0.0637909521793466,0.013557788523547,1.15081607312955,0.255218405245048,0.37603655586024,-6.21146620784191,ZNF587
-0.0645524140171494,0.00554563034696229,-1.15056819331193,0.255319470105558,0.37603655586024,-6.21174659266426,ETV2
0.0861681545634859,0.0174581632324179,1.14937697419674,0.255805550284345,0.376334772979297,-6.21309321968811,BCL11A
0.171519136128939,-0.0147334788598913,1.14812595683957,0.256316743827994,0.376669234839145,-6.21450602180435,SNAI3
-0.145643337177475,-0.202437240209551,-1.14715202782691,0.256715218445071,0.376837494332532,-6.21560489132699,SNAI1
-0.0704589551226884,0.0237419936895246,-1.14459215666063,0.257764679025475,0.377959921620779,-6.21848893639622,GLIS3
0.1304740018171,0.0233443159879489,1.14365263984711,0.258150616891716,0.378108022754203,-6.2195458968505,ZNF266
0.0978238134491088,0.00299647466054315,1.13125893543335,0.263280395273538,0.385196344573302,-6.23341172198798,ZNF33A
-0.0772560704540376,0.0170741532018703,-1.12835621966736,0.264492236841815,0.386290587370349,-6.23663847776249,ZBTB17
0.084816477969699,0.0252973003608979,1.12738662298704,0.264897910295079,0.386290587370349,-6.23771455842648,ZNF558
0.0782042482915557,0.0390287242215414,1.1273777887384,0.264901608520737,0.386290587370349,-6.23772435883661,ZKSCAN1
0.0489458150877517,0.0148990755011456,1.11913924713103,0.268366418957739,0.390913543311657,-6.24683212654663,ZNF563
0.0758568104183592,0.0189404493161801,1.11543200678981,0.269935954904643,0.392768653682523,-6.25090977954653,MAFB
-0.0308101774441203,-0.020900484735654,-1.11434495524483,0.270397407413397,0.393009156229548,-6.25210300420196,DLX4
-0.0858653436166597,0.0149410158781525,-1.11026791705856,0.272133067586222,0.395099103596189,-6.2565683855865,MAF
0.149443806363999,0.0812750882738186,1.10268695474306,0.275381249706005,0.399378052852315,-6.26483001491441,ETV4
0.0952379234976074,0.00811941505074048,1.10102115351555,0.27609862535939,0.399981305515186,-6.26663815752364,ZNF292
0.0635221874118313,-0.0305540388355138,1.0920508354137,0.279984243697175,0.40497152752143,-6.27633019506099,ARID5A
-0.0735617063663612,0.0604247225194409,-1.09166178861336,0.280153626424019,0.40497152752143,-6.27674883307635,ESRRA
0.0318123133237411,0.0285565319293143,1.09036896841366,0.280717007872416,0.405344362836449,-6.27813896458208,CTCF
-0.103747886838717,-0.0892689947052297,-1.08513842294442,0.283004444542812,0.408007803042033,-6.28374717929907,ZEB1
-0.101440157459924,-0.0178603995699118,-1.08474623908091,0.283176478222843,0.408007803042033,-6.28416664389309,ARID2
0.0521021561467957,0.0361833567395449,1.0827883524358,0.284036407621196,0.408802942422263,-6.28625855931737,THRB
-0.081599964394594,0.00101747660003067,-1.08090102149145,0.284867069765268,0.409554281233489,-6.2882716754302,ZNF655
-0.114492434062527,-0.0820707111379847,-1.07867439660157,0.285849237844855,0.410521578593206,-6.29064238851153,ERG
-0.107371938843049,-0.00289561952268825,-1.06974721303702,0.289810685609047,0.415760843030493,-6.30010038797172,ZNF287
-0.111685276372861,0.0113765004070567,-1.06731320190471,0.290897354769176,0.416869103432718,-6.30266610109875,ZNF664
0.0946208494596901,0.0165317277690188,1.05778479210207,0.295178461705447,0.422401453612453,-6.31265634578942,BBX
0.0578050044522887,0.0150246410163711,1.05730641615704,0.295394535759123,0.422401453612453,-6.31315565019882,ZNF322
0.0230768303020421,-0.00272394458827811,1.05588728268552,0.296036175272057,0.422863298800883,-6.31463559849652,GBX2
0.0784985809949137,0.0176810209762275,1.05411992584537,0.296836600986154,0.423550719901749,-6.31647603457426,ZNF512B
0.0889418188027268,0.0417086871793184,1.05065875707091,0.298408459169235,0.425336224830907,-6.32007177661346,ZFP92
-0.204579587678056,0.120753017080508,-1.04915964254038,0.299091041871352,0.425851730218115,-6.32162566621466,ELK4
0.100432826295386,0.0379439977504228,1.04749513734898,0.299850187211548,0.426475025112244,-6.32334850197448,PBX4
-0.0586942933892687,-0.0138410509780791,-1.04673030009166,0.300199456548816,0.42651464543927,-6.32413926413997,FOXP1
-0.0707636859316365,-0.00664037065979152,-1.04200096989203,0.302365346901128,0.429132422821173,-6.32901661924486,BHLHE41
-0.0570189820741452,-0.00220450004758538,-1.03846407536214,0.303992118943367,0.430980279741291,-6.3326503932432,ZNF552
0.0857649470374257,0.0565625391033528,1.03718127174785,0.304583613151442,0.431358009233685,-6.33396540995807,MEF2A
0.0701182561574725,0.0152700941697363,1.03564528538631,0.305292883109808,0.431521840960445,-6.33553791884625,ZNF682
-0.142102742286426,-0.0816784789363076,-1.03552241945568,0.305349667416622,0.431521840960445,-6.33566360983208,FOSL2
0.0393942305888925,0.0145092970550467,1.03416621930838,0.305976934746545,0.431948289796453,-6.33705004383736,ZNF449
0.0926405097567484,0.046531891749975,1.03318621133392,0.306430753525392,0.432129234780228,-6.33805081564217,KLF9
0.0893845703418344,0.0316235593658699,1.02987873781123,0.307965757076866,0.433832865860936,-6.34142165310302,NCOA2
0.0755971008934079,0.0767029971560817,1.02580226785216,0.309864850541235,0.43604523506704,-6.34556196550225,FOS
-0.176653845704176,0.0449138386611012,-1.01520518606434,0.314838884696453,0.442273832881964,-6.3562513222895,ZBTB32
-0.0257307484941777,-0.000347298036767471,-1.01495359800096,0.31495762778708,0.442273832881964,-6.35650380686596,PAX4
-0.0655205674556924,0.0203147611305453,-1.002459016954,0.320892885595612,0.450131986453887,-6.36896732403123,MAX
0.0872820436215137,0.013264323726914,0.995907628528091,0.324034859433221,0.45395303915138,-6.37544315663173,ZNF205
0.0769725049632833,0.0172274100057929,0.995354571944081,0.324301040780338,0.45395303915138,-6.37598796716636,ZNF227
-0.0701458170774455,0.00498340611561448,-0.991246012848263,0.326283044511056,0.456246153915882,-6.38002615946505,ZNF26
0.110171809203811,-0.0496463360426974,0.989195781077594,0.327275119840224,0.456701053138285,-6.38203527057746,PGR
0.0211081871688809,0.0111090827175686,0.988869368502825,0.32743325174534,0.456701053138285,-6.38235476730591,DLX2
-0.0209328578937841,0.000450030700743683,-0.988441016811582,0.327640845959041,0.456701053138285,-6.38277388947123,NKX6-2
-0.0807347549207842,0.0456445501806882,-0.984215000369724,0.329693635690072,0.459080225142419,-6.38689948767557,JUNB
0.0923722573712296,0.0177029174537857,0.981626636013752,0.330955162620911,0.460353774421331,-6.38941795008108,ZNF707
0.0865119551150305,0.0675600306069365,0.979929454899892,0.331784084583321,0.460950368891203,-6.39106583276344,AHR
0.0904826701998821,0.0307135058255171,0.979326741417695,0.332078788741514,0.460950368891203,-6.39165037877951,TEAD2
-0.0802347331141945,0.0019964082639164,-0.973810754157497,0.334783987992725,0.463849481056396,-6.39698401687337,ZNF174
0.0702682301817898,-0.00282848637127532,0.973138991999905,0.335114435810574,0.463849481056396,-6.39763159056211,ZFP3
-0.0462050833148251,0.0109194973875185,-0.972932580929544,0.335216015322595,0.463849481056396,-6.39783048287272,ETV5
0.0296964887506058,0.0174723357174629,0.966404890299644,0.33843897327373,0.467821372431499,-6.40409943250035,OLIG3
-0.0783369954845929,0.00349556190818352,-0.964617903448439,0.339324834316044,0.468557809716328,-6.40580849996082,ZNF710
0.0640532899304735,0.0327204006877121,0.961539616821451,0.340854418708254,0.470180679444754,-6.40874541419971,ARNT
-0.129565972042557,-0.0305038189155116,-0.959894946570642,0.341673507834957,0.470821126580465,-6.41031084389935,NKX2-2
0.0748310208212438,-0.0274886626285857,0.951754268553591,0.345746862891792,0.475789578833169,-6.41802125783772,MXD3
-0.0650914929307775,0.00983403859501887,-0.951258035948674,0.345996189581016,0.475789578833169,-6.41848921505493,KDM2A
0.0932077341115637,0.0144576142639607,0.950209598742957,0.346523353300562,0.47602121100398,-6.4194771381563,NCOA1
0.0815587060834502,0.0317722350913854,0.944415917340072,0.34944596009203,0.479539595700232,-6.42491746583574,SP140L
-0.0454395023817662,0.00924865480646035,-0.942217323429884,0.350559241145529,0.480570364669542,-6.42697356495461,KLF14
-0.0586004485813584,0.00197302899615588,-0.938105393152944,0.352647569736757,0.482934287967674,-6.43080657829237,SP4
-0.0958366600044967,0.00551144633028318,-0.931063762462092,0.356242594744221,0.487354560026372,-6.43733297012587,AEBP2
0.106738096281986,-0.0287239370385812,0.927151727572985,0.358250085552777,0.489096774912497,-6.44093823545013,FOXE1
-0.0790171762899458,0.00109835130858124,-0.92685617804625,0.358402046279124,0.489096774912497,-6.4412100130332,ZNF791
-0.0945210993631158,0.0114962828324145,-0.926364504498144,0.358654939275397,0.489096774912497,-6.44166195429018,ZNF595
-0.0693367618611899,-0.0178977007359053,-0.9257126523753,0.358990398466294,0.489096774912497,-6.44226077278267,ZBTB4
-0.120666665150794,0.0310814734922406,-0.922448886835818,0.360673065921587,0.490885290746611,-6.44525287764186,SP140
-0.0693295650442312,-0.00839845726835118,-0.918004849985454,0.362972414937058,0.493508601046595,-6.44931058870313,ZNF304
0.026464962189924,-0.0163773977852899,0.915511305417457,0.364266707045224,0.49476143321291,-6.45157906814783,DMBX1
0.0268239807363821,0.0157302070354944,0.911415537866905,0.366399083947588,0.497148859303117,-6.45529220431909,BHLHE23
-0.0654863057515606,0.0341946464686092,-0.90908196493468,0.367617588904568,0.497969350066612,-6.45740057007545,TBP
-0.0395634375942193,0.00295459061958208,-0.908037696283536,0.368163708116986,0.497969350066612,-6.45834236531186,ZSCAN22
-0.0693088898107252,0.0110261600593747,-0.907369392298619,0.368513482609131,0.497969350066612,-6.45894453941997,ZNF784
-0.0281359322676194,-0.0131806456966058,-0.907184826615292,0.368610117438128,0.497969350066612,-6.45911076639956,SATB1
-0.0460829138211041,0.0130519434459366,-0.905525837338721,0.369479459260415,0.497969350066612,-6.46060344719524,ZNF354A
-0.0767384538727395,-0.0335997626012766,-0.905049482890097,0.369729320394955,0.497969350066612,-6.46103156000099,ZNF565
0.0695497320940615,0.00366779704102433,0.903779676223273,0.370395897491205,0.497969350066612,-6.46217170487322,ZKSCAN2
0.196360949422524,0.273846524328368,0.903764053326487,0.370404103417386,0.497969350066612,-6.46218572284522,SRF
-0.0337885025912248,0.0272818252539466,-0.903739624592997,0.370416934842152,0.497969350066612,-6.46220764156891,ZNF8
-0.0265490415331815,-0.0188491908528145,-0.903093575959397,0.370756381210108,0.497969350066612,-6.46278710170937,NKX2-3
-0.0459507642330953,-0.0414308841458595,-0.896185035739518,0.374398687099105,0.502352940121853,-6.46895849268632,HOXA7
0.0586833556544328,0.0152778434386568,0.891464269378849,0.37690062094658,0.505199115147588,-6.47314915151424,ZNF551
0.0584511316408473,0.0175997765335812,0.89066061914846,0.377327598732746,0.505261073176947,-6.4738604220898,CREB3L2
-0.0841409091291012,0.0368512676876289,-0.888961843305316,0.378231165160785,0.505960439685848,-6.47536187812472,MEF2B
-0.13202362823898,0.0514258510954112,-0.883375617360207,0.381212103021537,0.509434502225155,-6.48027965462395,ESR2
-0.125289468779931,-0.043235831079917,-0.881559227518245,0.382184561611068,0.510220234665882,-6.48187222123981,SIX6
0.0406825345679187,0.0208992592574877,0.880644396168919,0.382674936621343,0.510361448137208,-6.48267311992241,TBX19
0.104546268739839,-0.0607641205215048,0.878841038236213,0.383642748970986,0.511138481811745,-6.48424952747639,IRX4
0.0292667870751824,0.0107567073040998,0.875211082974718,0.385595520408698,0.513224930373462,-6.48741315561582,ZNF257
-0.0710771050441625,0.000838583082174076,-0.872953178847398,0.386813332213402,0.514329951750686,-6.48937458860906,ZNF687
-0.0749243816564766,-0.0399131253357835,-0.870424238625139,0.388180194521605,0.515630748879049,-6.49156563430095,ETV7
-0.0233479391737546,-0.00685135158807074,-0.867360482809622,0.389840172200495,0.517317908510057,-6.49421177650488,NKX2-8
0.072679712986558,0.0168495793575235,0.86568122934235,0.390751894038769,0.518009753635811,-6.49565829344649,ZBTB48
0.0565127037407954,0.0686485449174567,0.859427609522087,0.394158908776808,0.522004862222379,-6.50102125636693,DUX4
-0.0632921968302515,0.0238277695765444,-0.857805148818364,0.395045852657736,0.52265787285824,-6.50240647462655,KLF15
-0.0512001939786096,0.00179113894974186,-0.854703895784911,0.396744656254199,0.524382628335978,-6.50504717761156,FOXJ2
-0.0552542834576208,0.0305289100565983,-0.851169357276622,0.398686331386354,0.526424638556907,-6.50804549397694,ZNF175
-0.0388132680437623,0.0150455248389831,-0.844807263360399,0.402196122903699,0.530531068681121,-6.5134119781652,NFATC3
0.0245397285523283,0.0185380577682653,0.843951131630605,0.402669879949244,0.530628530975816,-6.51413114619096,NR6A1
0.07293580753282,-0.00237743577796125,0.842938156602757,0.403230874015469,0.530840644661237,-6.51498115039024,ZFP64
0.0847853023193776,-0.0050061902469004,0.841383377247002,0.404092861324076,0.531448193237908,-6.51628386124568,ZNF627
0.0576769426973627,-0.0361309778517628,0.839745403546257,0.405002200005285,0.532116751888131,-6.51765374955175,ZHX1
-0.0687366417080403,0.0145480351242054,-0.822403145591853,0.414707030367792,0.544328614538141,-6.53199833062272,HNF1B
0.0269661359077898,0.0102012002691465,0.816965855708957,0.417778698480244,0.547791545089861,-6.53643577715292,ZNF547
-0.0725306364007619,0.0153977369695934,-0.816273285649187,0.418170938339133,0.547791545089861,-6.53699893536998,E4F1
-0.0210553902442088,8.568761304581e-05,-0.813261850164874,0.419879072131488,0.548945348491118,-6.53944225385954,LHX8
-0.0210553902442088,8.568761304581e-05,-0.813261850164874,0.419879072131488,0.548945348491118,-6.53944225385954,VSX2
0.103878479019355,-0.0506804184251717,0.809875282155284,0.421805023501146,0.550720943101583,-6.5421794275464,NHLH2
0.0645592868232084,0.0266334399235292,0.808965813126895,0.42232314861075,0.550720943101583,-6.54291260537221,ZNF354B
0.136276965466694,0.0334655067168563,0.808686710328222,0.422482230653663,0.550720943101583,-6.5431374460351,NFYC
-0.0550949815852358,-0.0149940823145122,-0.807941103497491,0.422907386324597,0.550734152750481,-6.54373772406257,ZNF764
-0.0320872035590533,0.0177447375699174,-0.801887714206626,0.426368656351669,0.554697261743788,-6.54859125414972,ZNF324
0.0340993674480978,-0.0122092046789458,0.800114408638884,0.427385829242209,0.555475999416662,-6.55000633091562,HOXC13
-0.0327879673955315,0.00575563598291062,-0.792588123523626,0.431719099428343,0.560558948083572,-6.55597822641572,ARID3B
-0.0531142661086117,0.00933467133677839,-0.789085522826104,0.433744637036893,0.562638449020485,-6.55873867377492,ZNF335
0.0767248908322059,0.0164362287248076,0.784121026098744,0.436625255078789,0.565821985829641,-6.56263082895807,ZNF100
-0.0206363753856311,-0.0163259539064864,-0.781661280902594,0.438056702209321,0.567123164713921,-6.56455038438256,HMX2
0.0503147828525828,0.0342186625151537,0.777589664665399,0.440432275444239,0.56946581319607,-6.56771488897224,ZBTB20
0.0718129066490452,0.0236363675068792,0.777089731028841,0.440724483912859,0.56946581319607,-6.56810233090602,ZBTB38
-0.0170183340097557,0.00919702266685345,-0.76927439886596,0.445307361065213,0.574194898643447,-6.57412747971087,ALX1
0.0661005419906443,-0.00652261768844529,0.76887306075685,0.445543456915828,0.574194898643447,-6.57443528168831,MBD1
-0.0667738486439313,0.018056799602727,-0.768008085629573,0.446052547012626,0.574194898643447,-6.57509813172182,SP100
0.060758566517075,0.0215174663351317,0.76790158469326,0.446115252826973,0.574194898643447,-6.57517969541511,GLI4
-0.01843042997918,-0.00858771807224622,-0.764755822753852,0.447969750519911,0.575568083645362,-6.57758389269387,HESX1
-0.0712786321351312,0.0124154717864973,-0.764620532132879,0.448049608444355,0.575568083645362,-6.57768707441882,ZNF518B
-0.0342978653780097,0.0218001664877466,-0.76371016570779,0.448587186505393,0.575686208764794,-6.5783809173135,NR4A2
-0.048507963793329,0.000445469052775016,-0.762968228709212,0.44902558453689,0.575686208764794,-6.57894579313983,ZNF165
-0.0380766308398923,0.0137875709381085,-0.762262130185007,0.449443038643803,0.575686208764794,-6.5794828850648,BRF2
0.0266851964866707,0.0095376263051945,0.759634734840495,0.450998376560443,0.57645728360072,-6.58147713825522,NHLH1
0.0756259754436561,-0.00734954901078161,0.759081143672107,0.45132648540401,0.57645728360072,-6.58189646840589,ZNF230
0.183099290838608,-0.106838759528734,0.759044443173032,0.451348242397248,0.57645728360072,-6.58192425746987,RFX5
0.0226010287331799,-0.00613213805735627,0.756797115878125,0.4526816794181,0.577604412103671,-6.58362339775216,FOXB1
0.0365362960031564,-0.0216721688859664,0.75360655347137,0.45457870950632,0.579467768986443,-6.58602723278477,GFI1
0.0679451461679469,-0.0218874325532458,0.752146284478417,0.45544848633869,0.580019329531134,-6.58712411764918,TWIST2
0.0151212136382338,0.0134448231187223,0.74921420259563,0.457197826026271,0.581688892748669,-6.58932027718531,HOXC9
0.0538792482078607,0.000845400002022138,0.745170368266695,0.459616824408944,0.584206442519798,-6.59233538852638,ZNF212
-0.0611574682727352,0.00747035580340056,-0.744281851078278,0.460149317601849,0.584323583213066,-6.59299573466449,ZNF511
0.0364637076939977,0.0526924234047786,0.74128821853298,0.461946032288122,0.586044344977378,-6.5952149304981,SPIB
-0.0332853247000148,0.0118618498147225,-0.738682450139288,0.463513237397433,0.587295274447711,-6.59713947762898,NFAT5
-0.0688154605447304,0.0225347877017865,-0.738177612944758,0.463817217499022,0.587295274447711,-6.59751156940597,ZNF219
-0.0474746451828148,0.0104089080363047,-0.737422115529973,0.464272342397889,0.587311151918016,-6.59806794608134,ZNF384
-0.0227463526657082,-0.00660463038886826,-0.734883068281118,0.465803783481652,0.588169607795671,-6.59993371055457,FOXI1
-0.0752141377308972,0.049576795752794,-0.734827352595743,0.46583742109514,0.588169607795671,-6.59997458142083,STAT4
-0.0135761339285045,0.00857752287363281,-0.731976275712705,0.467560575223079,0.589784109620748,-6.60206197238155,POU6F2
0.066236474469526,-0.00894794845863618,0.724338717041803,0.472194499414616,0.595063723383851,-6.60761459905275,ZNF433
-0.0346797258232736,0.00941949025328948,-0.722851461172808,0.47309988191287,0.595235190579886,-6.60868922391793,ZNF440
0.0233304905274461,-0.014429988909653,0.722641666053332,0.47322767600737,0.595235190579886,-6.60884063844447,ARX
-0.0329444361540364,0.01401949711388,-0.720755065349578,0.474377753804708,0.595415644366556,-6.61020031257691,SP8
0.0187457151885656,0.00210459786138483,0.720659102169938,0.474436295498656,0.595415644366556,-6.61026938025054,EMX1
-0.0834804837752351,0.0411270994528985,-0.72019869505884,0.474717220602725,0.595415644366556,-6.61060062423394,RXRB
0.0638509927299841,0.0113181037400734,0.718773597699293,0.475587363540257,0.595939047342313,-6.61162460895449,ZBTB44
0.0617327114601202,0.0171431194709017,0.718044810491408,0.476032697952413,0.595939047342313,-6.61214750148282,ZNF567
0.0712795175162653,-0.0271936737054679,0.717120508318465,0.476597842658349,0.596074745806659,-6.61280992525575,ZEB2
0.0673767413574944,0.0434238946308702,0.716398646698043,0.477039472529519,0.596074745806659,-6.61332668371887,MECP2
-0.0399867525426312,-0.0292482393868837,-0.71348337859792,0.478825358349301,0.597743415361733,-6.61540844630323,E2F6
-0.0178842542519333,0.0176999219707438,-0.711015982489399,0.480339812629183,0.599070424209517,-6.61716388886535,NR1I3
0.0668350435154261,0.0158887675577109,0.706768199393814,0.48295333187012,0.601764386283238,-6.62017203488126,NR1D2
0.0522265907928554,0.0601607527915619,0.702429094563976,0.485631231061409,0.604533436790328,-6.62322660805815,STAT1
0.060112442720784,0.0396697296259807,0.698507082819781,0.488058823375105,0.606503930393023,-6.62597169248022,KLF7
0.0384926559023408,0.00850789259116437,0.69839506504883,0.488128257467783,0.606503930393023,-6.62604987427845,ZNF341
-0.024781298990184,-0.0110570008890025,-0.697628635342241,0.488603475255807,0.606526484251128,-6.62658446711406,LMX1A
-0.0597937936229297,0.0285063700812746,-0.692724300097254,0.49165043503783,0.609738436724486,-6.62999166311979,IRF4
-0.101987253440348,0.104618364665229,-0.691595775795664,0.492353047167473,0.610039676555776,-6.63077234726045,HMGA1
0.0591109974738764,0.0188460870400694,0.68857017352339,0.494239501520252,0.61180580085576,-6.63285921886389,ZBTB40
0.015068602463891,0.021532462124976,0.686952268100037,0.495249892494494,0.612485188574272,-6.63397146499854,ZNF490
-0.0212847945947361,0.0253726302273321,-0.684881010777286,0.496545061019045,0.613515173158541,-6.63539162495256,NEUROG1
0.0596960937801152,0.00127437661086329,0.683084872154116,0.497669700391169,0.61433273713403,-6.63661974200868,ZNF799
0.0725886590213537,0.0307392917219903,0.675028273917858,0.502731418539701,0.620004268031768,-6.64208952255039,PAX8
-0.0490680438130897,-0.00311271641528848,-0.672043790199787,0.504613570463938,0.621192092630328,-6.64409957138202,ZNF646
0.0870314013840635,-0.049498395030597,0.672016492620059,0.504630803206853,0.621192092630328,-6.64411791592508,SMAD1
-0.01855466808411,-0.000311108172320557,-0.667904375670612,0.507230395190141,0.623813470266281,-6.64687298483186,NR2E3
-0.014594561910817,-0.0117044048107654,-0.661920941324488,0.511025896456252,0.627839292873051,-6.65085214016758,ESX1
-0.0626491176702129,-0.0284740191257175,-0.661253702218757,0.511450094646397,0.627839292873051,-6.65129369276444,PPARA
0.0288646091557853,-0.00938525531191843,0.659402527784259,0.512627972018186,0.628703621874429,-6.65251643586775,POU3F4
-0.0550692668270507,-0.0486625330936244,-0.65826097927966,0.513355049185913,0.629013989168704,-6.65326877554368,HES4
-0.0950332206498294,-0.0731305245892414,-0.650710289074092,0.518178140524896,0.634213775200976,-6.65821280247789,RBPJL
-0.052953248522746,0.0130107670464308,-0.649523391734229,0.518938474027247,0.634213775200976,-6.6589848566689,ZNF358
-0.0492078751295423,0.00848723983305547,-0.649148092215626,0.519179016566985,0.634213775200976,-6.65922869347687,ASCL2
-0.0980079225412773,-0.0633505082868825,-0.648631126610276,0.519510454893339,0.634213775200976,-6.65956434560185,DMRTC2
0.0476469283131167,-0.00200060114295252,0.644847016987705,0.521939952988976,0.635926089508094,-6.66201326045038,THAP2
-0.0274786218844802,-0.0115129548636271,-0.64478339683438,0.521980850176349,0.635926089508094,-6.66205431225667,HIC2
-0.041335557671695,0.013409133378487,-0.644208105099917,0.522350744207854,0.635926089508094,-6.662425346527,TFEB
0.01944402496677,0.0204344757085074,0.639850857547505,0.52515681187601,0.638756268890435,-6.66522497436,GCM1
0.121173512745824,0.112426957195167,0.636788279457301,0.5271338568875,0.640573835246989,-6.6671815620936,ELK1
0.0455294499071712,-0.00686973942886151,0.633961383342745,0.528962223134886,0.642207566422684,-6.66897938180614,ZBTB49
0.0511434099469393,0.0279812002167366,0.627803576563921,0.532956414188071,0.646465412822276,-6.67286830805313,HOXA9
-0.192440830205868,0.299140313921768,-0.625329543454189,0.534565581005677,0.647825137894551,-6.67442024720674,FOXL2
-0.0617169069124112,0.000695909606734758,-0.621738559948045,0.53690572148221,0.649706236876731,-6.67666210561093,ZNF614
0.0432371260915603,-0.0108674429379058,0.621445372589404,0.537097017222135,0.649706236876731,-6.67684458174613,ZNF786
-0.0407204261509304,-0.0134939093672765,-0.617708708685182,0.539538162066989,0.652064791496261,-6.67916281054584,ZNF300
0.0189122048499821,0.00294291544372634,0.613060118818656,0.542583031228524,0.655148027698135,-6.68202757709307,NR2E1
0.0291531787871737,0.0246523872596406,0.602781380923072,0.549346869690512,0.662346474050461,-6.68828631441891,MYBL1
-0.0605091429412187,-0.0404573785344476,-0.602484400740661,0.549542929864022,0.662346474050461,-6.68846559598146,ZBED2
-0.0519229777960845,-0.00153141548729061,-0.599811676490947,0.551309004209387,0.663872094905496,-6.69007515274951,ZNF256
0.0459391921667888,0.00663269890491658,0.597165379262165,0.553060442955241,0.665377341615235,-6.69166184480324,ZNF699
-0.0629486320716739,0.0111300191869235,-0.594088614557898,0.555100310420692,0.667226550659655,-6.69349794461532,NFE2L1
-0.0152807666440153,0.00298892878101146,-0.59185935008379,0.556580654781905,0.668400478638541,-6.69482244484788,VSX1
-0.077522873026257,-0.0569956209350902,-0.589939427756896,0.55785716695102,0.669327722010853,-6.69595921632934,POU1F1
0.0238547433138778,-0.0108314006002934,0.58814944221584,0.55904860698991,0.670151311179413,-6.69701577206129,FOXA3
0.0575390126809726,-0.0201469289602947,0.582802694425493,0.562615038304172,0.673817830171152,-6.70015288199215,ZNF578
0.0467516356574493,0.025175728460489,0.578316713412007,0.565616015244603,0.676801129152019,-6.70276314718624,ZNF254
-0.0512807296528549,0.00941533805645679,-0.575745778581359,0.567339450515875,0.67770315782873,-6.70425012998105,ZNF430
-0.0248331321334469,-0.0321142377191146,-0.575668544414346,0.56739126476844,0.67770315782873,-6.70429469969158,ZC3H8
0.0396805514104946,0.0139413111292512,0.572041824546383,0.569826954709861,0.679132550839596,-6.70638093532108,ZNF652
-0.0773879628241557,-0.0200794826128426,-0.571176196122801,0.570409065597402,0.679132550839596,-6.70687695603856,HSF5
-0.068866700896368,0.0185953513946766,-0.570653938978096,0.570760410010374,0.679132550839596,-6.70717586020748,BCL11B
-0.0274387426869236,0.0298771647377236,-0.570417333980995,0.570919619103825,0.679132550839596,-6.70731118784499,NEUROD1
0.024829401001918,0.0262428790398045,0.570079632371191,0.571146892793511,0.679132550839596,-6.70750424233403,NR1D1
0.0387785392035537,0.0136322930094708,0.565728938813602,0.574078875155653,0.682007759473189,-6.70998131778728,VEZF1
-0.0437244705505754,0.00368864801866584,-0.561179016646807,0.577152951996403,0.684764466533403,-6.71255178112974,ZNF714
0.0524115487968734,-0.00791682271625641,0.560685417752937,0.57748692330464,0.684764466533403,-6.71282940579692,ZNF222
-0.110528729332666,-0.0557491006913334,-0.560005071860567,0.577947402047786,0.684764466533403,-6.7132116708715,NKX3-1
-0.0457263389970762,0.00917418093847167,-0.558345645399495,0.579071297824892,0.68538111318368,-6.7141421282557,ZNF451
0.0601102564828086,0.036184785369824,0.557711846478222,0.579500835713707,0.68538111318368,-6.71449678609883,NCOA3
-0.0843144273910668,-0.0400211162851274,-0.555999548099453,0.580662062995251,0.686142972034459,-6.71545295559754,NEUROD6
0.0337608947848438,0.00398947529857904,0.555069598386401,0.581293195759068,0.68627764303584,-6.71597103461885,MAFF
-0.0477951955562861,0.00796291001891952,-0.551542097984884,0.583690218355104,0.688495039784199,-6.71792843229481,ZNF414
0.0470634685309504,0.014122735284896,0.539577625944458,0.591855489574056,0.697506425101929,-6.72447563540973,CXXC1
-0.0310468404114251,0.0321322646527974,-0.538430675402941,0.592641066842477,0.697812507275925,-6.72509581618094,ZNF331
0.0687797160119702,-0.068847469838762,0.536697442544825,0.593829138032679,0.698591548022487,-6.72603053719151,NFATC2
0.0591605828685577,0.0303272154753366,0.533850794277156,0.595782848647918,0.70026912325579,-6.72755925069903,ZNF469
0.0391418129050722,-0.0560649720393901,0.529854716251789,0.598530516564376,0.702865377342983,-6.72969167146521,SNAI2
-0.0219245567038224,-0.0133236141693175,-0.529098646567555,0.599051048813048,0.702865377342983,-6.73009334940731,HES5
0.015349246957444,0.00956830438638073,0.521947419611682,0.603984880304379,0.708028212158932,-6.73386453163173,HOXC10
-0.0173272730607393,0.0175204891578999,-0.511507831221603,0.611220995233917,0.715759508405276,-6.7392786686082,GSC2
0.0134565038856515,0.00576628595506645,0.510877970173522,0.611658841395315,0.715759508405276,-6.7396018624541,NKX6-1
0.0146632610458002,-0.00691911753035076,0.507939210622795,0.613703599463505,0.717519538756009,-6.74110458753721,SPZ1
0.0415895227145437,-0.0123933051099987,0.499541690498124,0.619563541675159,0.723733116023711,-6.74535133596359,RXRA
-0.020882667186369,0.0313247718201665,-0.497802659825076,0.620780203538111,0.724516561209387,-6.74622202893132,TBX15
0.0426600673522927,0.00932271142358753,0.491747634083753,0.625024750359504,0.728829388160863,-6.7492301816525,ZNF721
0.0428289925201159,0.00840055875711726,0.489020908844799,0.626940375032454,0.730421314897337,-6.75057291981724,ZNF507
-0.0405914267470236,0.0579125858053825,-0.48591515073547,0.629125443954211,0.732324091339682,-6.7520932986254,EGR2
-0.0714462830444926,-0.0587905605365826,-0.480999686342408,0.632590578906983,0.735712268369472,-6.75447997986797,DMRTB1
0.0403015026669602,0.0583394247070738,0.478514540730627,0.634345644441117,0.736969621664351,-6.75567748041067,EBF1
0.0356302978097691,0.0099817242700213,0.477896533208357,0.634782424689038,0.736969621664351,-6.75597432126064,HMG20A
0.0108415074858315,-0.00636732176410544,0.475879488747361,0.636208892740915,0.737980070513282,-6.75694050125475,EN2
0.0414593209500614,0.00574513151708119,0.467036279002465,0.642479227805475,0.744602563578922,-6.7611286617183,ZNF813
-0.0900570698535451,0.159459971135411,-0.465320191670165,0.643699095517603,0.745365357549615,-6.7619323817389,KLF4
0.0148983718995922,-0.00406785108606447,0.464325685208571,0.644406485987783,0.74553392058046,-6.76239681089145,POU2F3
0.0361944596533026,0.00329660502717643,0.458293805438913,0.648704038781876,0.749465235755884,-6.76519255649105,ZNF530
-0.0245097308248027,0.00207900250011316,-0.456681047702569,0.649855137605062,0.749465235755884,-6.76593391974256,FOXJ3
0.0212628907887517,0.0389176972504421,0.456485104448429,0.649995049979565,0.749465235755884,-6.76602381567304,SOX17
0.0568349071480115,-0.0530692258782512,0.456389014531595,0.650063667185398,0.749465235755884,-6.76606788635532,FOXN1
-0.0124592837478455,-0.00293709609878948,-0.454035200221802,0.651745464315089,0.750751936758787,-6.7671445664844,HOXA11
0.0369817124978643,-0.00807003973519017,0.453119940228149,0.652399909920421,0.750854016014223,-6.76756173314146,MBD2
-0.0425069990569804,0.0273065815987063,-0.452097392619451,0.653131396310773,0.751044508582666,-6.76802681299631,RUNX3
0.143229251010145,-0.0894887934295134,0.449957199068936,0.654663509582013,0.752154525727559,-6.76899685232417,DMRT2
-0.013294095753858,0.0183750045282722,-0.446064870147858,0.657453773606128,0.754510800797942,-6.77074934059014,GSC
-0.0176511780712891,0.00656024510168743,-0.44523406014603,0.658049989007049,0.754510800797942,-6.77112144965413,POU5F1B
0.0618522005983432,-0.0965959437235678,0.444718441199342,0.658420126091949,0.754510800797942,-6.771352042604,SIM1
0.0351810550345395,-0.00893764485803193,0.442935320925158,0.659700803249213,0.755326113815105,-6.77214743857657,BNC1
0.0391480344918305,-0.000712874743553719,0.441600736899486,0.660660004327124,0.755772263570771,-6.77274068148506,GATA4
-0.0132596058906451,0.0131547648621878,-0.439664184500594,0.662052877266364,0.756713323111512,-6.77359834967588,ZNF410
0.0371293923257311,0.00283267755617663,0.43835656960864,0.662994066378633,0.75713694155288,-6.7741753559597,ATF6B
-0.0103174489770182,0.0236016494668144,-0.4348120102921,0.665548106688369,0.759400118293608,-6.77573087233595,EGR4
-0.0630805901838495,-0.049523734450425,-0.432566261622899,0.667168358864181,0.760594855852893,-6.77670992425405,FEZF2
-0.029225355119334,0.017188264702007,-0.431189544957102,0.668162417398566,0.761074272865148,-6.77730762684738,ZNF761
0.0344361939648344,0.00777699115961296,0.424713169063019,0.672846706985519,0.765752641655047,-6.78009397345032,ZNF71
-0.0632013057911833,-0.0838084257458145,-0.423077305141025,0.674031989361798,0.765855543022636,-6.78079115253129,TLX1
-0.0428258716787103,-0.00357136003995893,-0.422995354120847,0.674091389789328,0.765855543022636,-6.78082600848421,ZNF28
-0.0255534928654526,-0.00162924703612109,-0.413961222079146,0.680652341201112,0.772648123844205,-6.78462735342082,ZBTB6
-0.0440236921151595,0.0186233889770149,-0.412923171054831,0.681407824526301,0.77284460097983,-6.78505892000717,ZBED3
-0.015532711174784,-0.00557803750477313,-0.408217761626399,0.684836493291278,0.776070048332644,-6.78700168313068,OVOL1
0.010806490377199,0.00175625663865085,0.401434636892984,0.689790896463721,0.780560928948915,-6.78976336463713,LBX1
0.018299138748463,0.00475537444621334,0.40118176301257,0.689975862590111,0.780560928948915,-6.78986543080464,ZNF140
0.0620932187399936,-0.0674874805249459,0.399828949028178,0.690965710297896,0.781014904229394,-6.7904103746808,SOX30
-0.0154843114916381,0.00830564700782464,-0.39416522776937,0.69511572197774,0.785037074948478,-6.79267198974703,ZNF556
0.0287669964719012,0.00358382143918776,0.385726232832744,0.701316734214699,0.791366757060294,-6.79598232745083,ZNF319
0.00891730279263865,0.00787777121473589,0.382260807943099,0.703869120187421,0.79287685658404,-6.79732107215399,FOXH1
0.0588318889126499,-0.0250249256449855,0.381248787740957,0.704615152654314,0.79287685658404,-6.79770976443686,ZNF382
-0.0105850454581036,0.0129350551690767,-0.381241431758165,0.704620576347772,0.79287685658404,-6.7977125859403,ISL2
0.0174057600093846,-0.0204674413617421,0.380665889234019,0.705044981740141,0.79287685658404,-6.79793317658382,HOXD13
-0.0414305641094767,0.0451283696222981,-0.378506649238862,0.706638048424927,0.793995504030379,-6.79875780427963,TBX21
0.0304230810461831,0.0221691091732446,0.376678829335417,0.707987631961665,0.794838906610092,-6.7994522152999,TFDP2
-0.040499357591242,0.00820461818802292,-0.3742766976323,0.709762699383451,0.796158158987185,-6.80035973148417,CREBL2
-0.0271099989466095,-0.0113164773941983,-0.371152177731383,0.712074007442275,0.797944909151044,-6.80153152403037,NFIC
-0.00638677883523934,-0.00702067121217971,-0.370498108528052,0.712558189407677,0.797944909151044,-6.80177558383972,HOXA13
0.0332144227508019,0.00155883457704884,0.367426955693412,0.714833237084127,0.799817626990419,-6.80291583098024,ZNF34
0.0115811122202584,0.00324879329692787,0.358452652520652,0.721496120609054,0.806592545954688,-6.80619367754987,FEZF1
-0.027196287161077,-0.00596292712582322,-0.351966928854968,0.72632500361781,0.811307474579826,-6.80851237867564,FOXO1
-0.0393889670108136,0.0702996973354691,-0.350350724626949,0.727530087271365,0.811970080579564,-6.8090836285013,SOX7
-0.0270474746697266,0.0511406227473447,-0.348753240643259,0.728721894988108,0.812616768612789,-6.80964569057255,IRF2
0.0174438649263058,0.0201705288676502,0.345234454303347,0.731349475607473,0.814862094148712,-6.81087473071822,TERF1
0.0366893196704004,-0.00959136329260819,0.344328092977891,0.732026809551793,0.81493253043224,-6.81118929521531,ZNF184
0.0141098397326852,-0.0279214681000749,0.342913459402333,0.733084410690272,0.815425828152549,-6.811678617458,ZNF436
-0.0303067162089057,0.0175686387671474,-0.339167181835976,0.735887700683176,0.817652091054274,-6.81296477013731,HMG20B
0.048513440978343,-0.046703319526075,0.337312482477747,0.737276891991385,0.817652091054274,-6.81359631122055,HAND1
-0.0171993710917123,0.0276294536691435,-0.336799960011598,0.737660933432128,0.817652091054274,-6.81377022160537,GLI1
-0.0376500336106746,0.00280417285969026,-0.336427233917659,0.737940265543987,0.817652091054274,-6.81389653060493,ZNF189
-0.0330135068829478,-0.0286503567109146,-0.336125132422908,0.738166695616444,0.817652091054274,-6.8139988042634,ZNF416
-0.0388047648975933,0.00732211051759398,-0.335010281975825,0.739002496820554,0.817738935346547,-6.81437543494708,RARA
-0.0307634251067539,0.0176339440477199,-0.33437679787054,0.739477560222951,0.817738935346547,-6.81458889030072,PAX5
-0.0308455705042321,0.00118077450846319,-0.326773736238495,0.745187201128988,0.823366707658757,-6.81711939099338,IKZF5
-0.0209034892893372,0.00311121758820481,-0.323592953707332,0.74758016611048,0.825323527810821,-6.8181608461533,ELF5
0.0342479703432177,0.016440753122517,0.318977391680377,0.751056997748514,0.828472681639467,-6.81965403718399,DMRTA1
-0.0264747203224039,0.000185711946773158,-0.317769156195606,0.751968006621168,0.828788658460374,-6.82004138798338,CSRNP2
-0.0519546761703505,-0.0686240250731501,-0.316312025724107,0.753067155680151,0.82883308256429,-6.82050658498417,LHX1
-0.0249472628002479,0.0172146608374301,-0.315234008714072,0.753880662233582,0.82883308256429,-6.82084937737626,PBX2
-0.0241539365008169,-0.0449036783905732,-0.314624908590082,0.75434043339321,0.82883308256429,-6.82104254624079,NR1H4
0.0259749281697894,0.0101173391032738,0.314404696662558,0.754506679531019,0.82883308256429,-6.8211122922466,ZNF484
-0.0253354300027223,0.0018414585548833,-0.305843971206601,0.760978496166892,0.83509861764021,-6.82378595985644,THAP3
-0.0226942533001047,-0.0147400356405547,-0.305196120025819,0.761468973130863,0.83509861764021,-6.82398530270888,ZSCAN25
0.0273690566373343,-0.0134599755546157,0.303022328513004,0.763115433507696,0.836211375985334,-6.82465109785432,ZKSCAN5
0.0235987827280045,0.0242285684090512,0.302192928266808,0.763743924411624,0.836211375985334,-6.82490387922932,MXD4
0.0166205292206817,-0.0169649625249299,0.300526927662728,0.765006846405179,0.836544819626533,-6.82540955042892,SOX21
-0.0229478495364555,0.0130723307005206,-0.29999716030005,0.765408574879001,0.836544819626533,-6.82556976386046,PKNOX1
-0.0802091740879034,-0.0363622130966579,-0.298737652475601,0.766363934418363,0.836544819626533,-6.82594953618602,IRX6
-0.0263635966064052,-0.0213117653277269,-0.29846593724328,0.766570083395527,0.836544819626533,-6.82603125617452,ELK3
-0.0250120910992386,0.0644499011294148,-0.29565499527706,0.768703727095388,0.837929825748386,-6.82687231538126,EGR3
-0.0224084765304185,-0.00699832676740142,-0.295130387218372,0.769102130943131,0.837929825748386,-6.82702840467237,ZNF286A
0.0751626126050631,0.118598422891668,0.291901746592947,0.771555440842194,0.839913100900403,-6.82798295655986,ATF2
-0.00791983225291181,-0.0186007364810512,-0.290999500250538,0.772241442381511,0.839970814787102,-6.82824783618791,PROP1
-0.0234267771758393,-0.00556093125624189,-0.289253768567254,0.773569288171355,0.840725999511374,-6.82875802413826,KAT7
0.0181865033905519,0.0150219494042531,0.28816086766869,0.774400922836205,0.840941100330315,-6.82907586578205,TCFL5
0.0140019950185476,0.0353325545343159,0.285489075030435,0.776435124261538,0.84246067857323,-6.82984783734153,FOSB
0.0208561484650655,-0.0227053015804319,0.279119402642511,0.781291100621288,0.846391420050714,-6.83165933718372,KDM5B
-0.0172693488494774,0.0322891928473101,-0.279063901867047,0.781333451064148,0.846391420050714,-6.83167494224265,GABPA
0.0282123944467878,0.0349700908912038,0.276890227608913,0.782992619851198,0.847496905825888,-6.83228367729511,HIF3A
-0.024405055786887,0.0173379536764846,-0.271062821522982,0.787445685751366,0.85109473675453,-6.83389221995348,IRF3
-0.0205726285496442,-0.0140559074316764,-0.270861901273183,0.787599349460861,0.85109473675453,-6.83394707175896,ATF7
0.02001668065988,-0.00450021217885057,0.263908813176361,0.792922274164757,0.856149599525332,-6.83582029776832,ZKSCAN8
0.0259300565314475,0.0143708053983685,0.263041529612054,0.793586924968979,0.856170609295801,-6.83605054463274,ZNF107
0.0396333515859706,-0.0569804860156141,0.261339134354116,0.794892020005291,0.856881974449246,-6.83650029946023,SOHLH1
-0.0381926720043734,-0.0424109818092683,-0.253607937152273,0.800826321009666,0.862578350632976,-6.838506153006,DMRT1
0.00800231240677258,0.0234676910825612,0.250045256363387,0.803564971306257,0.864248863293487,-6.83941026743571,NR1I2
0.00739751421650607,-0.0277367917585429,0.249895945203928,0.803679802037802,0.864248863293487,-6.8394478801081,HMX1
0.0193493718741595,0.00832886827242331,0.248859855058267,0.804476747947847,0.864405380183639,-6.8397082621679,RFX7
-0.00997475201191888,-0.012600639310352,-0.242992225696515,0.808993971063087,0.868500695885633,-6.84116250684946,PAX2
0.0240007340761794,0.0843430324940183,0.242209433725853,0.809597106865507,0.868500695885633,-6.84135389854376,BACH1
-0.0126805397330292,0.0297460067711706,-0.237423691515626,0.813287008197868,0.871754329465728,-6.84251060859307,TERF2
0.0209857093391276,0.00440546901540469,0.233538989325621,0.816285335845952,0.87426201829506,-6.84343260268062,RBAK
-0.00955943933468092,0.0235470251939045,-0.232063228735154,0.817425100332081,0.874776700113444,-6.84377888136942,RREB1
-0.0214556968597913,0.00557128623511649,-0.230352406627459,0.818746905937825,0.875371212264213,-6.84417757434528,ZNF845
-0.00622235463474713,0.0123409869232104,-0.229170929125746,0.819660042393866,0.875371212264213,-6.8444511894243,TBX5
0.0046705973446857,-0.00662104251952847,0.228783385413558,0.819959620832266,0.875371212264213,-6.84454063378668,DMRT3
0.00819167914152777,0.00192322382695643,0.225821753054412,0.822249907673031,0.877110633024206,-6.84521918434563,ZNF134
-0.0053078062962591,-0.00332943432881997,-0.22496382263139,0.822913654092759,0.877113589543045,-6.84541409981824,NOTO
-0.0112001869925682,0.013290320862434,-0.22231780622617,0.82496159102434,0.878590715320465,-6.84601059183203,MEF2D
0.0335128488791269,-0.0720674276918416,0.221439765126968,0.825641440336954,0.878609616140447,-6.84620697238474,SALL3
-0.0133521792449134,0.0295372593995769,-0.219627965288424,0.827044705107053,0.879397695254054,-6.84660974367866,CXXC4
-0.0133545910562314,0.0112228843019861,-0.215311166988409,0.830390411469807,0.882248259423886,-6.84755607856131,ZNF700
-0.0200809671113364,-0.0258855278001419,-0.210969726963734,0.833758413060446,0.884771475613513,-6.8484889041238,FOXP4
-0.0298886193810702,0.0580825969713143,-0.210531178082927,0.83409880632442,0.884771475613513,-6.84858207841657,ATOH8
0.0174122902388167,0.00573749659462568,0.207919472270949,0.836126623519582,0.88621408099879,-6.84913295413088,ZNF280C
-0.0165408285258352,0.00564701879328489,-0.205531088303688,0.837982028806586,0.887471789486305,-6.84963071628399,ZNF446
0.0162071173218925,0.0174872698288515,0.196799857461519,0.844772667672739,0.893063776352684,-6.85140152868067,ZNF600
-0.0122867057145264,-0.017790160284317,-0.196618003355426,0.84491423138994,0.893063776352684,-6.8514375953771,UNCX
-0.022641053155403,0.00293670064443187,-0.196146670519616,0.845281162847755,0.893063776352684,-6.85153091874611,THAP5
-0.0108646820180388,0.0171000651137084,-0.185857543407597,0.85329969907786,0.900818377626348,-6.85351242212886,TCF7
0.00427575105524846,0.0134337577490955,0.181222684718862,0.856916903165316,0.90361373295172,-6.8543701905116,POU4F1
0.016437156099827,-0.00164136922140643,0.180719892259968,0.857309487404834,0.90361373295172,-6.85446194115893,ZNF613
0.0159445282665491,-0.00206312611396776,0.17898154271034,0.858667083692612,0.903644506256951,-6.85477719725024,THAP8
-0.0118259026107798,0.0489258170011432,-0.178938608100651,0.858700619736258,0.903644506256951,-6.85478494509041,TEAD4
0.0303067078685053,0.0514032238043303,0.177670308844126,0.859691401150231,0.903756255636594,-6.85501298084529,REL
0.0142167277352062,0.0657867037203138,0.176633527308632,0.860501492582576,0.903756255636594,-6.85519818711003,MAFA
-0.00782223042304841,0.0275022314117886,-0.175372535284632,0.861486975058187,0.903756255636594,-6.85542198632759,TP53
0.0158305937531706,0.0255538911881509,0.175316183581749,0.861531019879647,0.903756255636594,-6.85543195017185,ZNF548
0.00778562090898978,0.0116102983006487,0.173284921570097,0.8631189612026,0.904706841639692,-6.85578897297218,MGA
-0.0144492465475431,-0.0193613247188125,-0.170876856663889,0.865002206170273,0.905965215144398,-6.85620684060605,BARX2
-0.0102600616369772,0.0144612135319536,-0.168799643715165,0.866627340919795,0.90635256857146,-6.85656260385579,PRDM10
0.0104743634728592,-0.0273401838239472,0.168658148278785,0.866738062936837,0.90635256857146,-6.85658667959993,LHX3
-0.0126883802452504,-0.0141249899900209,-0.167204662819373,0.867875589716213,0.906827486262531,-6.85683282558661,HMBOX1
0.0116840328127516,0.0354119735725201,0.158806299661199,0.874453760592731,0.912982014403268,-6.85821340371729,ZNF697
-0.0164808795233908,5.4916678088711e-05,-0.156866634955026,0.87597432708954,0.913850575509292,-6.85852215777307,ZNF561
-0.00481128445673274,0.0192280809428529,-0.153167015529534,0.878875882518632,0.915606498248233,-6.85910054963347,PTF1A
0.00723848838874422,0.0159682092675964,0.152344371488578,0.879521298984749,0.915606498248233,-6.85922728613313,TEAD3
0.0127941627060086,0.0126235218035951,0.152081674047941,0.87972741919103,0.915606498248233,-6.85926761364562,ZNF142
0.0122743943275676,-0.019090556166066,0.14666392840818,0.883980194169657,0.918976624448235,-6.86008380367133,IKZF4
0.0149390147550559,0.0305674361154333,0.146192359481629,0.884350527068874,0.918976624448235,-6.86015344683639,FOXN2
-0.0127051884374262,0.0402910292237709,-0.143204484662844,0.886697568842267,0.920694580480194,-6.86058949986158,OVOL2
-0.00513588815373917,-0.00346557790644335,-0.141852187127306,0.887760166304455,0.921077201474599,-6.86078389795539,BARHL2
0.01265205358836,0.00377513215028581,0.140603433785924,0.888741586231404,0.921375066350838,-6.8609617744741,ZBTB22
-0.00882610319965959,-0.00935490115756635,-0.136289001422345,0.892133726208624,0.924169753847654,-6.86156424138768,ZBED6
0.015016096788858,0.0033565650935169,0.133310776498944,0.894476489004529,0.925873869663815,-6.8619691752824,ZFP1
0.0111386829520568,0.0194615185885973,0.124960925649878,0.901049727124195,0.931950886900863,-6.86305679101738,ZNF316
-0.00981084756089543,-0.000322491098972126,-0.120632205569281,0.904460200136226,0.934749755125211,-6.8635929697941,ZNF7
0.00706843527679701,0.0193513623882353,0.119389108485163,0.905439938740851,0.935034084598529,-6.86374345529602,ZNF768
-0.00924521429540185,0.0283647135611027,-0.114155161306037,0.909566647285306,0.938565272898601,-6.86435997214525,ZNF276
0.0116169646523336,0.0659232482070794,0.111574308617492,0.91160245472507,0.939935087350558,-6.86465380861929,FOXP3
-0.00762868580640233,0.00871671789312064,-0.103704611668198,0.917813798440155,0.945347045615676,-6.86550833133974,ZNF407
0.0132939456856802,-0.0631497139317874,0.10298363159931,0.918383113361306,0.945347045615676,-6.86558349555464,EPAS1
0.0164302549177628,0.0364803350542741,0.102217078528105,0.918988461826844,0.945347045615676,-6.86566283597703,REST
-0.00810229345035882,-0.0286390490502946,-0.0970534772755497,0.923067410096091,0.948807477302488,-6.86618184438675,ZHX3
-0.00314480404187343,-0.00705396044798232,-0.0942269519322735,0.925301092615129,0.950273286582577,-6.86645455924104,YY1
-0.00682600861846904,-0.00264469661847184,-0.0934367477551162,0.925925666579707,0.950273286582577,-6.86652936033602,ZNF696
0.00516235631454277,0.0194270927845339,0.0920224707816716,0.927043622110621,0.950685383725497,-6.86666166435499,THRA
0.00332921526343583,0.0225445494956526,0.0879704032052997,0.930247508058339,0.952637306701371,-6.86702956151266,MECOM
-0.00585443661880824,-0.0378993045003554,-0.0877993524789002,0.930382780320254,0.952637306701371,-6.86704472736443,ISX
0.00728272659585781,0.000596856337915236,0.0842709942658174,0.933173572507041,0.95403265715989,-6.867350979554,ZXDC
0.00240326093438378,0.0180731335606904,0.0840233268575456,0.933369499852502,0.95403265715989,-6.86737200482651,ZNF350
-0.00438784175765106,-0.0251200341348772,-0.0833497862994619,0.93390235241198,0.95403265715989,-6.86742887092444,ATOH1
0.0016405140243968,-0.00826457486296702,0.0805037104189958,0.936154278684805,0.955597482934412,-6.86766410957653,GBX1
-0.00461830008008554,0.0295719500289359,-0.0793038011768315,0.937103852432312,0.955831523580076,-6.8677608381839,MEIS2
-0.00653062759884677,-0.0201300349961089,-0.0729563257494445,0.942128562296572,0.959518427817885,-6.86824836845532,ZNF592
-0.00715935153069988,-0.00596422127428871,-0.0729107291439993,0.942164665747328,0.959518427817885,-6.86825172357733,ZXDB
-0.00264781625843502,0.0179227461580554,-0.069965447694011,0.944496999238109,0.961156072077431,-6.8684640025945,CENPB
0.00385384880012357,0.0169880232308,0.0677115172534749,0.946282192193675,0.962234842177016,-6.86862054262318,RBPJ
-0.00792810636811375,-0.00889268935067008,-0.0661314645939889,0.947533816212293,0.962769811725661,-6.8687272250888,THAP10
0.00685718609156518,0.0216891596967258,0.0563318396270255,0.955299353652869,0.969800598937002,-6.86933263207829,YBX2
0.00116372760751153,-0.0173475882258587,0.0555552013160177,0.955914983729916,0.969800598937002,-6.86937646860964,LBX2
-0.00103115625549566,-0.00329943671993469,-0.0524442822000754,0.958381232558114,0.971559889690312,-6.86954596084849,AIRE
-0.00137862240054993,-0.00279637255558275,-0.0508285553168703,0.959662298641353,0.972115931524485,-6.86963013827806,NKX2-5
0.00338070249216557,0.0118501089020619,0.0480090276477712,0.96189808070358,0.973637492825058,-6.86977072425685,ZNF296
0.00357178790799791,0.00210573019003659,0.0443093923984846,0.964832221127267,0.975796722791027,-6.86994302751658,ZNF740
-0.00300702524144102,-0.0148548672257114,-0.0434650160172841,0.965501957064521,0.975796722791027,-6.86998041721934,ZNF232
-0.00284521789161213,0.0184573111511411,-0.042050621912255,0.966623871171061,0.976187121038049,-6.87004143618593,ZNF841
0.00288902234105494,0.00339210300985123,0.0383519173984519,0.969558043090829,0.978248383671524,-6.87019146341485,PRDM2
-0.00270881450929123,0.0120832225166313,-0.0376192516530878,0.970139316436869,0.978248383671524,-6.87021954404912,ZBTB34
0.00269716079623526,-0.014321596706876,0.034924102018365,0.97227769928327,0.978788367075247,-6.8703181796779,ZNF557
0.00138772552022565,0.0109587746299585,0.0342653914785279,0.972800364540976,0.978788367075247,-6.87034117233253,GCM2
0.000941104112832439,0.00979709684574688,0.0341554404417735,0.972887608268463,0.978788367075247,-6.87034496759889,RHOXF1
0.00230378880349405,-0.00578004565659721,0.0302893964259142,0.975955433727743,0.981130954967208,-6.87047066046184,ZNF155
0.00441720842757265,-0.0602145999174022,0.0287710201884415,0.977160415003046,0.981598690922818,-6.87051590155287,ZIC5
0.00103929361720556,0.0010419283111816,0.0255379560687604,0.979726345494372,0.983431815787467,-6.87060448330164,HSF2
0.0017840962776252,0.00293937232072322,0.0239992715728278,0.980947604357538,0.983913432337455,-6.87064293722738,ZSCAN29
-0.00122724337487284,0.0136828880499164,-0.0204276086507598,0.983782617049175,0.985851687863174,-6.87072299006099,ZNF81
0.00159040782697983,-0.00737215912103232,0.0196928595298509,0.984365852613945,0.985851687863174,-6.87073786195598,ZNF773
-0.00122885275702439,0.0164904794139983,-0.0138348465523101,0.989016158379752,0.989762022752588,-6.87083694889053,CIC
0.000282714688009994,-0.000430990628052427,0.0126666710774465,0.989943550115657,0.989943550115657,-6.87085256748821,MIXL1
