tf,EC,FC,HomC,HTC,preHTC,ProC,RegC
ADNP,0.161787465532937,-0.00276463292014005,0.207027271414745,0.182188845438218,0.146565175046704,0.273214957497338,0.0540226827456913
ADNP2,0.162179567891611,0.233662678657763,0.256683462971093,0.0724149103416584,0.0218732086058248,0.131083714227253,0.146261235440112
AEBP2,0.193210852145637,0.0673751282019316,0.241784514214008,0.25296897856641,-0.0343806834868781,0.223592084753979,0.113680473289557
AHR,0.14914733927058,0.0836557442872008,0.165873668220671,-0.0216374656228121,0.0355270801124281,0.284361047929342,0.163035184793705
AHRR,0.0644069029722818,0.0359402279618206,0.0685748987960193,-0.221604136927554,-0.101736239541255,0.0665047373516176,0.045312863351291
AIRE,0.144608493264489,-0.0777169031994925,0.128660653238067,0.0278333615810349,0.0367544217995864,0.176045601276307,0.0823184150080513
ALX1,0.155970787707376,0.0305133559333976,0.139598100881878,0.222013583890779,-0.065553309381458,0.147374943844136,-0.0773178158756437
ALX3,0.166432173261806,-0.0611291056786522,0.138376189905009,0.0150321227013637,0.00171886350704533,0.00107933521269984,-0.0437475556295759
ALX4,0.119527544653611,0.0872395277021971,0.139619013783683,0.111872350783091,0.119385676317853,0.183315237071588,-0.0105099232743726
AR,0.0520861360970801,-0.0722900311710694,0.127373015998383,0.143279341374043,0.0566513030879489,0.0722698452746496,0.0127069444694941
ARID2,0.0673503319905642,0.11928879081345,0.130492025924671,0.101985410876967,0.0500338004910376,0.262252202982696,0.151189159571154
ARID3A,0.0732133366408046,0.11724091457631,0.131424143833676,-0.0125272706910423,0.0813887965846629,0.0990137155497026,0.0274180418612555
ARID3B,0.210744273906742,-0.150314115806133,0.134154771297878,0.123499440282924,-0.104119730271025,0.103934304902993,0.111631597289526
ARID5A,-0.181872411089074,-0.0600027737482248,-0.10486475854182,-0.172494586455965,-0.0736595184427691,-0.265343099880703,-0.111352078053506
ARID5B,0.208568095959329,0.0952262450270461,0.229965737137002,0.137986637246465,0.0173856338950906,0.256007634968576,0.098161565305696
ARNT,0.183376357240067,-0.0555998398383721,0.176180741252944,0.247363167937541,0.122475242042857,0.194010614484347,0.0658882743147635
ARNT2,0.226754430245285,-0.0754642393386377,0.153606757533567,0.0632324600634371,0.184259242230141,0.2445444467339,0.0771389235645906
ARNTL,0.0646517451691009,0.175605387334822,0.139212705977193,0.0541282864105383,-0.00386439526052036,0.0884710202889229,-0.0106468877000227
ARNTL2,0.156190199434477,0.0517088749878046,0.0618230190705306,0.18656631517741,0.124781201056989,0.11029899461017,0.11072875015718
ARX,0.0347876997615856,0.00911304925527646,0.0197044348360444,0.0733843362398838,-0.0980888355603476,0.182266408955537,0.0140150944940703
ASCL1,0.101593346575168,0.18809743238138,0.136954112582295,0.113022415047445,0.103519469000905,0.117358014103583,0.0919646238431204
ASCL2,0.0462643327504913,-0.00665559777070753,-0.0175474183927688,0.057433968510698,0.10375596511464,0.100209799074579,-0.180454823582505
ATF1,0.0682504523373245,0.0837581380990578,-0.00931968531135478,0.174048076404674,0.0910924515606068,0.033040505689704,-0.0210841359730299
ATF2,0.0944154486457137,0.156764925953127,-0.00426175063203962,0.0296096388479695,0.0949514829917434,0.0645901236994116,0.0924789392373983
ATF3,-0.233344470339865,-0.092154430671335,-0.189696450933524,-0.0687359089514989,-0.165602380771117,-0.0679303574450328,-0.0259170235638252
ATF4,0.050550845413644,0.115909795022168,0.0925470593789046,-0.0851137874805232,-0.0963138956552001,0.0672979218644971,0.11767200797993
ATF5,-0.0580167581978108,0.175605387334822,-0.0451853119062624,0.0455359214616715,0.173668117301624,-0.153495723446852,0.119293219548849
ATF6,0.0453819545919063,0.0945094883440469,-0.0686675130754397,0.0361306838652244,0.0993034991053263,0.17437108434148,-0.0125923415827257
ATF6B,-0.0424939206278156,0.0776145093876355,-0.147613717387846,0.154665579719038,0.180443121434074,-0.0505361789492945,-0.0403234449883242
ATF7,0.101072711919935,0.240625457864041,0.142194288263051,0.222946882115779,0.210672200977978,0.200871484518275,-0.023560676404172
ATOH1,-0.0165351279731082,-0.127275508138299,0.0524510515046643,-0.0775149335453656,-0.0639290443199068,0.0537979449222843,-0.130118999559925
ATOH8,0.0824432172004446,-0.0491490296913787,0.0874980873717914,0.157019899757585,0.151410175842733,0.204296932798286,0.0887697189754056
BACH1,-0.0409168372344555,0.110073347746317,-0.137276768781566,0.103936305231159,0.182723724163848,0.0570729110813242,0.00718364436572808
BACH2,0.06592386006127,0.0442341267222408,0.0669885058162695,0.109782967014866,-0.0278665565108161,0.0878905054401845,0.0120277127259642
BARHL1,-0.0258144895242149,-0.0154614655904129,0.052917110459167,0.0931220883789064,0.0203810887954536,0.0627718714053716,0.0623831030950659
BARHL2,0.0645297183415397,-0.127070720514585,0.0391355081699285,0.0222275509521666,0.141106747217522,0.101201279715679,-0.0675765705003276
BARX1,0.0812564619469412,0.118060065071166,-0.00166257569346656,-0.013954313783461,0.130802830971458,0.0893953266499005,0.0385848353402764
BARX2,0.0435137021770471,-0.0242673334101182,-0.125168198636697,-0.189233741717247,0.0411917715624552,-0.0586619201442934,-0.214788171342909
BATF,0.116426407295992,-0.128197052445013,0.220575844226732,-0.0311932351910333,0.0338915997712564,0.12405974856124,0.0500143769011566
BATF2,-0.130287984646507,-0.156150563081984,-0.0173681649487293,-0.114142372917445,-0.0301715402832426,0.00380810700673172,-0.267262317521047
BATF3,0.21927629506482,0.0745426950319243,0.127970527478515,0.196603787055308,0.168044873624107,0.224275267716441,0.116408581033117
BBX,0.216322220733632,-0.135467013086862,0.204410171131768,0.127172420394213,0.0410796187662508,0.247821172917746,0.0883280785824931
BCL11A,0.151034319550735,-0.039626405188674,0.0759870287070535,0.063244502621179,0.185977130495481,0.0683197629335119,-0.158680275096505
BCL11B,-0.00604614345929431,-0.151542841548418,-0.0871126924671064,-0.275572859448011,-0.134871051748559,-0.033992532441387,-0.208834411615672
BCL6,-0.130932223212694,0.124715662841873,-0.202477221493542,-0.118580055445346,-0.129770050004672,-0.186494428547397,-0.0285417091900581
BCL6B,0.1423256650526,-0.0600027737482248,0.109438708922229,0.230611970118517,0.113092441588228,0.178983816022335,0.0381795324480466
BHLHA15,0.0589460545873482,0.0810958989907748,0.022832407434534,0.0606252463123093,0.225340811479804,0.0574191959620396,0.00076029232197589
BHLHE22,-0.0875975200007938,0.161884616545978,-0.0269701744344463,0.0847886384214911,-0.116948547294246,-0.147300876133521,-0.037844109364822
BHLHE23,0.0828591729454434,-0.115295432151026,0.0761842074954969,0.163552987332582,0.0692367973054922,-0.00233907296808494,-0.0707351378673598
BHLHE40,-0.156131058807226,-0.0752594517149236,-0.129171525553579,-0.0756904860474633,-0.169642807159593,-0.14530236796553,-0.089672566107752
BHLHE41,-0.0898166734706756,-0.0254960591524027,0.024365024381072,-0.146849959744526,-0.160307793548564,-0.179767467067512,-0.0156195349088282
BNC1,0.112604345692184,0.202330172229509,-0.187566322506854,-0.184175867465636,-0.00973925129821743,0.0377204116506806,-0.084912353518322
BNC2,0.222640213942857,0.0804815361196325,0.112220124862242,0.141749936540818,0.153312872411383,0.310046263283174,0.0517501913568442
BPTF,-0.0959227460989176,-0.0204787623714078,-0.11275489763696,-0.0786589765308489,-0.0318533446054551,-0.0447993780919033,-0.0417154507837066
BRF2,0.0273399234364425,-0.0805839299314896,0.141175531189426,0.111685691138091,0.0902542313141923,-0.0544394739643211,-0.00491953855396164
BSX,0.119841187113465,0.147754270509707,0.115945608940863,0.01138924898443,-0.00279260462548897,0.0567151860393654,0.00481332124427383
CASZ1,0.199826322709934,-0.11652415789331,0.0466372648029825,0.163143540369356,0.0198056961888398,0.113215355714847,0.00477977893595137
CBX2,0.147906963181702,-0.0591836232533685,0.212348111145318,-0.00998026972862419,0.26066211559224,0.197339701406193,-0.0717078648087114
CDC5L,0.172952230280805,-0.0784336598824918,0.190984088173208,0.173939693384996,-0.0183291802457665,-0.0134320693184216,0.172030113808846
CDX1,0.137018385163095,-0.178574807878676,0.113695978218167,0.0950067486655184,0.0537050978937452,0.0403032480544915,0.169517235877021
CDX2,0.13593177470507,-0.158300833130982,0.0698207102320939,-0.0703496116889175,0.0300340312026789,0.0707876110499527,0.0793974389916366
CEBPA,0.0741536726140956,-0.152259598231417,0.0321416362949865,0.079327338485526,0.121319093000245,0.0565160098987421,-0.0305235005734438
CEBPB,0.00249869150135492,0.0828365937923445,0.106391400373557,-0.0609805017656962,-0.000546135355430007,0.14834134413174,-0.0109879011679677
CEBPD,0.024137852741649,0.0419814628613859,-0.0263935758561192,0.0480467947508638,0.149599639615312,0.0380705099184771,0.080205249583736
CEBPE,-0.095504621864253,-0.0847820762176282,-0.0434047276954698,-0.0411163027703833,0.000635369971540445,-0.0974156130252322,-0.144240311363683
CEBPG,0.120242357701651,-0.293358270970416,0.157547345745036,0.0940734504405189,0.179291360979141,0.199454811217627,0.0810717592153997
CEBPZ,0.108525022359834,0.0146423150955566,-0.0311169041065606,0.178618227067736,0.105517251635902,0.0754645836362515,0.111284993436861
CENPB,0.0902277008300701,-0.0298989930622554,0.0864853054129681,0.042525282026189,0.146488618572773,0.0907124118802368,0.0140682031489142
CIC,0.148552581695859,0.0972741212641869,0.108694807129465,-0.0467763049090902,0.288869031458494,0.193271844071741,0.213748359784913
CLOCK,0.134309941570423,0.00194548242528374,0.162757645851784,0.196296701832889,0.226142460162239,0.259626099302387,0.103369008672759
CREB1,0.076730626878846,0.195060211587659,0.0416719444030877,0.0720054633784328,-0.00116346335540714,0.10297509138335,0.0432667825436206
CREB3,0.0535514437049358,-0.107820683885462,0.0507481437862889,0.285730756903329,0.11320264390102,-0.0178731985806245,0.0250002004696778
CREB3L1,0.211681061442398,0.178370020254962,0.20918130030062,-0.0629795663508565,0.120068833132993,0.197907016068881,-0.00176935676401007
CREB3L2,0.211822210406104,0.0740307259726391,0.121039394308987,0.214631495994976,0.306308303647421,0.271042353542218,0.158822829906875
CREB3L3,-0.203758188745005,-0.149699752934991,-0.223139168476497,-0.315945534277831,-0.217581788465874,-0.163853762771663,-0.180798632242811
CREB3L4,-0.176291310095397,0.195060211587659,-0.0874383362237782,0.0390510041176423,0.185320305206405,-0.134127677130416,-0.138314503560048
CREB5,-0.0210962502821298,-0.240625457864041,-0.115255483181311,0.00456111874475585,-0.117003648450642,0.0834979235288993,-0.118927049349662
CREBL2,0.133087307669721,0.0294894178148272,0.16323565503589,0.139293254761465,0.00953640102334343,0.116087569530624,0.0566976818344079
CREBZF,0.191700006254798,-0.0576477160755129,0.197882358211329,0.158633602495004,-0.000940133004704512,0.119619792648908,0.166565512744644
CREM,0.0821112411461423,-0.148061451945278,0.162841297459003,0.19780202155063,0.0465775438845306,0.184801871358301,0.0633949627294602
CRX,0.203984894482801,0.0745426950319243,0.121230597982629,0.0616247786048895,-0.0400268453444889,-0.00988855270762823,0.0212099196292392
CSRNP1,0.181446401437443,0.188507007628809,0.135896517262462,0.0302238092928079,0.0368553593161703,0.205189852050212,0.0894126132182528
CSRNP2,0.16205517543896,0.0520160564233758,0.221331696249099,0.124565206643085,-0.0193024714684793,0.302183792465509,0.156737616406162
CSRNP3,0.046327810357074,-0.0355306527143925,0.0955973554849771,-0.0223539978084569,0.0439975419509769,0.155086785872096,-0.106306755843335
CTCF,-0.0277801268386141,0.0126968326702728,0.0105774469770321,-0.135036210599693,0.0162207076771243,0.0235322650090537,0.00358343660578342
CTCFL,0.313268296819417,-0.0167925851445544,0.088280827410764,0.0878655119245541,0.355145482565044,0.199954511593992,0.26200176549914
CUX1,0.0966696922210978,0.217689244008065,0.0710874345699732,-0.0463608366669936,0.146683666913998,0.183487279496441,0.188734183353434
CUX2,0.00744186226241801,0.160041527932552,0.129371691899424,0.0756423158164956,-0.0815877458927124,-0.00693141769492892,-0.0895272161050213
CXXC1,-0.0157629485166343,0.0167925851445544,-0.0792135906997648,-0.0808266369243963,0.130284977625506,-0.0795894951081865,0.0285780466907408
CXXC4,0.202101659775704,0.0435173700392415,0.186272710152369,0.214547198090783,0.163395408790156,0.2836389977524,0.0227780225433144
DBP,0.175321600943905,0.285473947457424,0.176177753695543,0.183910931195314,0.211633789300217,0.163265327811295,0.210218031833973
DDIT3,0.0360014625682004,0.111814042547886,0.0679654370862849,0.0430069843358662,0.0372990942924572,0.0719492274223651,-0.0363682477986335
DEAF1,0.0484702781469537,-0.176936506888963,0.021957053116141,0.144001894838559,0.0539069729269131,0.125105056627677,0.00365611160714877
DLX1,0.00545887703069184,0.230078895242766,-0.0536610122519311,0.00530775732475549,0.0194258395443041,0.0624230931561801,-0.0648372819873263
DLX2,0.111636805030358,-0.0730067878540687,0.195794055588268,0.100901580680193,0.0376155602260948,0.20483315368939,0.0382885449500946
DLX3,0.12190164656689,0.0554974460265151,0.195151730747127,0.229714799566743,0.159495904828215,0.21889399187,0.169816321459563
DLX4,-0.123442457042203,-0.0363498032092488,-0.244114808986522,-0.226077947128681,-0.106810909759077,-0.221109129757947,-0.0976472499114182
DLX5,0.0950403679403327,0.102905780916324,-0.0409758435287343,-0.000930287585564065,-0.044731898955689,0.0578766557430439,-0.0284969861122949
DLX6,0.099488728786729,0.0614362871142233,0.184265071579126,0.223338265242392,0.153297756164938,0.178098670213306,0.0893203718703661
DMBX1,-0.0924042730483312,0.0628698004802219,-0.204628262822016,-0.134692997704048,0.0369992074678238,0.0282833053059672,0.00966857037395075
DMRT1,-0.202892764232899,-0.129835353434725,-0.197410324142025,-0.253173702048022,-0.324184484120693,-0.202135475666943,-0.167390094490905
DMRT2,-0.089679072944605,-0.0437221576629556,-0.0116798556578752,-0.150408535557266,-0.162977517719081,0.0340498799163381,-0.0470347018451776
DMRT3,0.177358995552702,-0.00614362871142233,0.145223671467319,0.196350893342727,0.0397688939132188,0.180786228093115,0.0229317581231257
DMRTA1,-0.00470108846018231,0.179393958373532,-0.0536520495797291,0.0832110633572984,0.0305777284538436,0.0193475126936913,-0.0967583787408728
DMRTB1,-0.176745510112685,-0.116012188834025,-0.217403058267233,-0.327181240651051,-0.295002814169167,-0.209172054844071,-0.153836206736269
DMRTC2,-0.199828688335024,-0.114169100220598,-0.198551571069076,-0.256924958784633,-0.300077484386989,-0.204071502954297,-0.173279564793858
DMTF1,0.141802664772277,-0.0850892576531993,0.180901081945985,0.106531476424545,-0.025353846254985,0.109372781555651,0.0518983365519351
DNMT1,-0.0184039717942399,0.0117752883635595,-0.154443273605751,-0.0309824904305495,-0.00811547385751929,0.0155748995205611,0.0432695777359808
DUX4,0.121359327014999,0.112837980666457,0.250884614056414,0.0254971053791005,0.0561773356187721,0.0362271772709419,0.0218639946415273
DUXA,0.147075643097977,0.0650200705292197,0.209166362513617,0.29597295226284,-0.00622984401872658,0.0624025595334355,-0.0123827021557103
E2F1,0.143332632799261,0.170792878177541,0.148462183689633,0.0179343791171687,0.0434045949936528,0.136809221592135,0.0297883649827098
E2F2,-0.153512508967976,0.0476131225135231,0.0269791371066483,0.0260209566408745,-0.140125166440307,-0.0437894171903336,-0.0332823554329666
E2F3,-0.0446363884176953,-0.0193524304409803,0.0984176096711989,0.0223961467605537,0.0377286882640053,-0.00682126947577719,-0.0660811425876177
E2F4,-0.00352123294652478,-0.0140279522244143,0.127411854244591,0.11024660548793,0.064422029002353,0.103712981783553,0.0326813890755225
E2F5,0.0467254325076249,-0.0400359804361022,0.0292825438625562,0.013779696696203,0.0618269108223543,0.0334869653156666,0.00907878478594739
E2F6,-0.294265230471124,0.0139255584125573,-0.304170687854563,-0.358335337529423,-0.260316392407419,-0.377004940366183,-0.0932420267517344
E2F7,0.0428438360057174,0.142327398481284,-0.0115812662636534,0.0192831455842648,0.0673721351633811,0.152773379932441,0.0177075436019017
E2F8,0.0703377222084366,-0.116728945517024,0.211589271565551,-0.191576019198052,0.0777813775137065,0.0628317122487989,-0.0252098398966932
E4F1,0.00580307548129269,0.0798671732484903,0.00741362368973454,0.0690429941739181,0.218235200408978,-0.0219013086881919,-0.0257716735610945
EBF1,0.168070565772083,-0.0986052408183284,0.164197648518902,0.0604626717827932,-0.00185344686249059,0.185344399004962,0.120886479194167
EBF2,0.220668465430309,-0.0938951254729046,0.114517556503349,0.126648569132439,0.117240144564378,0.213787719899604,-0.0242371129553417
EBF3,0.162530074675785,-0.110278135370031,0.182245482776281,0.0828979568560082,0.0410991236003733,0.113854391388408,-0.0185041734245603
EBF4,0.111165848502016,0.124408481406302,0.0510917128873646,0.0535382010811837,0.279434543193441,0.238455347577704,0.174403232122661
EGR1,0.156178568444451,0.015768647025984,0.0832796563220613,0.122861184722602,0.016741486748195,0.175984587083009,-0.0161422358801866
EGR2,0.0542950385249051,-0.0650200705292197,-0.0552205172150749,0.0593427139127938,0.0748215189356171,0.013626992065762,0.0519151077060963
EGR3,0.148297685592407,0.155126624963414,0.061162768884985,0.0620583106835989,0.178866643216123,0.191861770864118,0.100554249966032
EGR4,0.0414433859524136,0.115807401210311,0.0380121865872808,0.116039075761799,0.155080985624587,-0.0390163765833366,0.0819187025005419
EHF,-0.0171255485684974,0.121643848486162,0.0968909678394623,0.048697092868928,0.022178946880695,-0.0200098686959406,0.103972770222563
ELF1,0.14666402433231,-0.0246769086575464,0.164944537869067,0.16940567039516,0.0610930414384953,0.135856021490581,0.026621412038597
ELF2,0.180695512606779,-0.0656344334003619,0.169664878562107,0.167256073838225,-0.0536573110501451,0.0770342324263471,0.135932999669153
ELF3,0.0802033645110249,-0.214617429652353,0.13030978492323,-0.0165073360247501,0.154908367842603,0.0851708271076538,-0.0181072561094111
ELF4,0.158703873228069,-0.0807887175552037,0.0313768216004179,0.0988242394697101,0.0842784377599113,0.0386029174224995,0.134705910223022
ELF5,-0.0112619525119845,0.0590812294415114,0.0337758301931468,0.0643102689813398,-0.0457320093253202,-0.0517080621330792,-0.019194585937531
ELK1,0.0259662838008258,0.113042768290171,0.0260739072142487,-0.0182053366663621,-0.0167517267861093,0.0835790313387408,0.0808397582495026
ELK3,-0.211058704908293,0.0673751282019316,-0.173100569572865,-0.224681010430617,-0.125666720526151,-0.189494390830392,-0.0885824410872718
ELK4,0.0477402856712522,0.0345067145958221,0.133276429422085,-0.0394785149174809,-0.039489974785267,0.0760242715247774,0.0348392775776011
EMX1,0.215878468893826,0.079048022753634,0.153508168139345,0.0751425496702055,0.114457779976803,0.108949642258377,-0.0297045092119036
EMX2,0.248279844345833,0.112837980666457,0.155778711763846,0.0885278526003603,0.198025754153802,0.203599082962436,0.0181519791871744
EN1,0.112194698280759,0.117036126952595,0.0846867958577716,0.0138880797158804,-0.0248852426151919,0.0369008267657007,-0.000969931748991301
EN2,0.13503638560849,0.100755510867326,0.163740552236601,0.0773644015735915,0.0804374483003379,0.147298236096311,0.130555049568117
EOMES,0.0473870189911395,-0.0573405346399418,0.19571040398105,-0.0886542994566505,0.0118174913739698,0.0959772327519685,0.00403905296049692
EPAS1,0.0881487106467732,0.22649511182777,0.0900643991789572,0.17676969445435,0.137703641283999,0.129541639159129,-0.00619135107785513
ERF,-0.133260786842991,-0.174991024463679,-0.160672330786125,-0.168050882649193,-0.196636034722574,-0.0194918347278395,-0.0347498314220745
ERG,-0.0387952657995378,-0.180110715056531,0.0450448967084314,-0.111956648687284,-0.0518297080928668,-0.017725209828129,0.0823295957774922
ESR1,0.155888385100073,0.0167925851445544,0.0549695623934196,0.187198549458861,0.0353135021787867,0.195553862902343,-0.0396162613211922
ESR2,-0.00571791297805124,0.164342068030547,-0.0609536398669389,-0.0186990815337813,-0.105348534820742,0.137069558594791,-0.153883725006392
ESRRA,0.257300169949581,-0.293153483346702,0.0979007622408849,0.320774599932344,0.187899331898253,0.151590643262349,0.135264948695064
ESRRB,0.0102370454417246,-0.0783312660706347,-0.0151424346852386,0.0417184306574798,0.0363916318849079,0.0505505524852158,-0.0397448401697617
ESRRG,-0.0118955457652669,-0.139972340808572,0.0210548107811421,0.113287351317768,0.00183686775348646,0.0801896635672663,-0.0657065868113502
ESX1,0.16503586305241,0.35479455808464,0.174510696665976,0.137185807156627,0.0778764635800537,0.0920249503798225,0.126843034113764
ETS1,0.0873934848367778,-0.0282606920725427,0.172658411077567,-0.0624436725313407,-0.00473431086238387,0.113466305918534,0.0498382797824637
ETS2,0.0661757991333593,0.152259598231417,0.0962904688019299,-0.0647317585023073,-0.0884822171341632,0.0545769025679765,0.0918919488417551
ETV1,0.0487571101891211,-0.0433125824155275,0.128051191528332,0.114202585706154,0.0124782176298695,0.126388554717952,-0.118197504143649
ETV2,-0.0210022166848007,0.156867319764984,-0.0629582908827809,0.147981960172267,0.162934607084012,-0.0893309390757226,-0.0157816560657201
ETV3,-0.187156823269376,-0.0799695670603474,-0.26370123530524,-0.197603319347888,-0.0751599278076424,-0.0650777972395973,-0.150912435527494
ETV4,0.130587433355821,-0.107923077697319,0.062563933305894,-0.0467100708415096,0.0181799682647294,0.210405392227356,0.0664668791333261
ETV5,0.0856746610734395,0.0642009200343634,0.0875219878309967,0.303547721082514,0.275297080255205,0.0793674386450764,0.108951007816089
ETV6,-0.217032499666917,0.181237046986959,-0.188704581876505,-0.104725092763256,-0.0921798460629361,-0.182145993925013,-0.0915090074884069
ETV7,-0.0833133729627311,0.214105460593068,0.115781293283827,0.0657132269582746,0.112872036962644,-0.0594675714995536,0.11521503389531
EVX1,0.10654262853438,0.127377901950156,0.109603024579265,0.0654783970823069,0.00544331158273675,0.0595545460587507,-0.0424198392584783
EVX2,0.121976360892651,-0.0562142027095143,0.0985849128856358,0.185205506152571,0.0358064868612329,0.095076833394615,-0.0421319344453772
FEV,-0.0995222418088379,-0.0423910381088141,-0.10808534541973,-0.161650263209357,-0.201586849243718,0.0833222143856986,-0.0274543793619382
FEZF1,0.103862375307365,0.0536543574130884,0.129299990521808,0.148969449907105,-0.00702612887177765,0.19092235762355,0.0533238846556399
FEZF2,-0.202300569418692,-0.0883658596326245,-0.148728076298291,-0.255232979421892,-0.294227497012798,-0.136632045761595,-0.150171709552039
FIGLA,-0.00898602403994172,-0.104851263341608,-0.0529559487053756,0.111258180338252,0.117880390744449,0.00329623312545404,-0.0735610773435276
FIZ1,-0.0141458466321677,-0.0775121155757784,0.117532001920613,-0.0513344130144106,-0.164928976373038,0.151830153304792,-0.031314540011382
FLI1,0.03617494174147,0.165468399960975,0.15144376597549,0.100967814747774,-0.108812105740045,0.108915028437179,-0.0178109657192293
FOS,0.0957587294260082,-0.0531423883538032,0.0342568269346529,-0.0717585909447233,0.000735332246418259,0.0337288220578519,-0.0185013782322001
FOSB,0.108313693185124,-0.0244721210338323,0.147165583777747,0.0379972803152235,0.0343036393920942,0.237810005148586,0.0169947695500493
FOSL1,-0.0209182369941043,0.113657131161313,0.00391220641616255,-0.0338787255674836,-0.0984501626124669,0.153695632931145,0.0152841118256036
FOSL2,0.12740724469311,0.0311277188045398,-0.0275139098813662,-0.0309463627573237,-0.0514186437137351,0.169550083058501,-0.00574412030022226
FOXA1,0.00390919546129137,-0.00767953588927792,-0.0484746126043876,-0.104544454397127,0.014307283449707,0.0407392942003478,-0.0185377157328827
FOXA2,0.0873059567084463,-0.320083055865104,0.142490056445716,-0.0680253980447251,0.0312599100272781,0.110045551038007,-0.150205251860362
FOXA3,0.0836418005793983,-0.15942716506141,0.159701374630911,0.0183558686381363,0.0418885817614815,0.033281482419486,-0.196669734464057
FOXB1,0.15423836159977,0.167413882386259,0.200553234527518,0.22669813885239,0.0468818192968416,0.14967705629128,0.0721774571252259
FOXC1,0.218730032804445,0.0909257049290505,0.181065397603021,0.241950038232544,0.135178252885988,0.298307337828784,0.116785932001745
FOXC2,0.217820055686476,0.0156662532141269,0.0957019199940001,0.141370595971948,0.118344605796564,0.240916008926184,0.0544112144837598
FOXD1,0.148830739779363,-0.12379411853516,0.165001301459679,0.115165990325509,-0.0583706542158473,0.125886507641845,-0.091033824787172
FOXD2,0.12416416983009,0.0882634658207675,0.0583634276005678,0.0794297002263324,0.165649679993864,0.182923778220834,-0.0740278744676819
FOXD3,0.144777832593851,0.110380529181888,-0.0892547711233787,0.0770211886779465,0.106801157342015,0.100208919062176,-0.0771752610652732
FOXE1,-0.0662359254377311,-0.133316743037865,-0.216202060192168,-0.199445830682403,-0.104635145512712,-0.157280950131097,-0.179392650485627
FOXF1,0.213378397444502,0.0879562843851964,0.0648822778488051,0.178244907777736,0.0864010513332924,0.263406192580946,0.0647674021783211
FOXF2,0.201175714688378,-0.0846796824057712,0.174952855161273,0.193719594476116,0.0516034520170458,0.259808995213548,-0.00708301744076068
FOXG1,0.108502351786055,-0.105568020024607,0.130253021332618,0.0624436725313407,-0.0144413791842992,0.0468176865389698,-0.125859126402972
FOXH1,0.0986189672952909,-0.176731719265249,0.237270314981613,-0.00825818397152825,-0.0167897612126482,0.13747143092565,0.0857369352645826
FOXI1,0.0615364140609422,0.120210335120164,0.0718163985757339,0.091821492142778,0.0751784574000588,0.202136649016814,0.069186601299806
FOXJ1,-0.090978983931582,0.00655320395885049,-0.0513217548072153,-0.0281344255245831,0.0785176850018308,-0.0700162801784228,0.0021942260027613
FOXJ2,0.151180002629197,-0.0644057076580774,0.237787162411927,0.161879071806454,0.023184908700563,0.110038364270046,-0.0339280448681741
FOXJ3,0.234855316230704,-0.0358378341499636,0.283180109557535,0.220490200336425,0.00568956011353332,0.216863803255488,0.156388217361136
FOXK1,-0.0162626868169053,-0.100550723243612,0.165700389891433,-0.0180969536466848,-0.143566306800369,0.0167315291560212,0.0354262679732442
FOXK2,0.125763529526381,-0.0318444754875391,0.26143367923814,0.0976741752053558,0.113372335957886,0.244396751318872,0.0652341993024755
FOXL1,0.171330200010734,-0.0576477160755129,0.0905394208056619,0.079170785234881,0.241485937924704,0.27031370327225,0.0554594116188369
FOXL2,0.078918632951709,0.157481682636126,0.0293393074531687,0.00760788585346405,-0.166941387633627,0.105080814395815,-0.0537571394714718
FOXM1,0.103258746638556,0.142736973728712,0.117095818540117,-0.0783940402605265,0.00779705744046947,0.171646565940731,-0.054195984672024
FOXN1,-0.134648028822875,-0.044746095781526,-0.126506624352192,-0.243696209105124,-0.0521515378558881,-0.153946876472299,-0.136274013137098
FOXN2,0.212532292203964,-0.163932492783119,0.272989551263888,0.147530364256945,-0.0496934411356,0.18907169153932,0.0442674614085742
FOXN3,-0.228748849331613,0.0548830831553728,-0.191363507963091,-0.218141901576749,-0.216875713470639,-0.224944077142981,0.00898654343806061
FOXN4,-0.154697292867238,-0.156048169270127,-0.0727664418291434,-0.278709945739784,-0.136785451217682,-0.00964669596544288,-0.0322425438749702
FOXO1,0.0198533114327379,-0.155638594022699,0.0383796561475619,0.0446929424197364,-0.0572647301211015,-0.0124065615310595,0.00412290873130308
FOXO3,0.0704079024194411,-0.112121223983458,0.12082727773354,0.157158389171617,0.0145267128335851,0.115089928802701,-0.0420424882898506
FOXO4,0.0616635664095319,-0.00839629257227719,0.1220073629068,0.049720710276992,-0.0950611976836825,0.0535949553945799,-0.145584798888942
FOXO6,0.150142873162638,0.223423297472059,-0.00580930536558082,0.0674232701576286,0.33442208393074,0.210182895758044,0.0359797160605649
FOXP1,-0.210386670247298,0.116626551705167,-0.265227877136977,-0.282316691783492,0.00559739977230451,-0.222675551835897,-0.060289504017272
FOXP2,-0.0882983364337182,0.10167705517404,-0.271480834776555,-0.0257259139761972,-0.155284811141167,-0.188578151249779,0.010719562701388
FOXP3,0.00965155323193969,-0.052630419294518,0.0892398333363754,-0.0576627771077946,0.0763297302341394,-0.0422906093987071,-0.059079185725303
FOXP4,-0.12813664576254,-0.107513502449891,-0.0659309104964363,-0.175426949266125,-0.298497105202213,-0.214349461150404,-0.246169795970936
FOXQ1,0.217216624153092,0.031537294051968,0.291542282721979,0.0950428763387442,0.0384450032971541,0.186602816741742,0.124945098501185
FOXS1,-0.165530081560804,-0.0255984529642597,-0.0180523155934801,-0.041164473001351,-0.280896430510922,-0.24316766732887,-0.0486894557224192
GABPA,0.121208518415509,-0.241956577418183,0.000584067471828774,0.0367689394255467,0.118013023616482,0.00954886791993794,0.0332516083170044
GATA1,-0.110130296118851,-0.255370166771455,-0.172293929074687,-0.152257068170652,-0.135110961208265,-0.14389390811398,0.0443624979488212
GATA2,-0.0189916324936908,-0.22925974474791,0.0761423816918877,-0.0688683770866602,-0.0243771416863008,0.0621722896212275,-0.058984149185056
GATA3,0.100731864771545,0.118879215566022,0.218852023606552,0.0313257033261945,0.0510894996379179,0.144598064705388,0.0366086343416112
GATA4,-0.0796176751658158,0.190042914806664,-0.103950565977219,-0.140991255403077,-0.163640194458393,-0.0350186269036846,-0.104618459657771
GATA5,0.0297715888935796,-0.111302073488601,-0.157185851299556,0.0768465715906885,0.0651914947084856,0.0189611872486239,-0.163071522294388
GATA6,0.12784784236613,-0.15942716506141,0.124388446155125,0.0536285202642482,0.00522632030312394,0.131264703444874,-0.0596885376598278
GATAD2A,-0.120418005364587,-0.0398311928123881,-0.123357738851898,-0.116002948088573,-0.190760203443171,-0.0331908411419417,-0.153643338463415
GATAD2B,-0.209246438953898,-0.0627674066683648,-0.28229579256694,-0.268780856881563,-0.058688583012044,-0.130465065507704,-0.122683787881779
GBX1,0.0590927233429307,0.165366006149118,0.119683043249087,0.203100746957079,-0.00529897581023025,0.0656146048056364,0.0278540918694476
GBX2,0.0338122736827924,0.196903300201086,0.127788286477074,0.140238595544206,0.0848977162433007,0.0633033988969906,0.0999896211092704
GCM1,0.191953325274856,0.205504380397077,0.153367752941514,0.149511365005492,0.14651836344481,0.235001298894583,0.0147781820084064
GCM2,0.114002824391246,0.0961477893337595,0.266261571997605,0.0773824654102044,0.0928249684515378,0.231866401376409,0.00829333573272965
GFI1,-0.0802287949807429,0.0926663997306202,-0.0595285749868247,0.0205596567049094,-0.0525684536852565,-0.238129449650999,0.0993187749428211
GFI1B,0.0891249252672631,0.165161218525404,0.107180115527331,0.195008148154502,0.14148855434547,0.123908239759131,0.0610721578781295
GLI1,-0.0554731198197451,0.0583644727585122,-0.141363747305668,0.0719151441953683,-0.00377954923208748,0.0194988748270663,-0.0364213564534774
GLI2,0.0539831702838681,-0.111199679676744,0.184608640680202,0.019602273364426,0.138284397719996,0.0319462102661473,-0.0596074770813818
GLI3,0.0172726115949282,0.143965699470997,0.169139068459591,0.0412186645111897,-0.0242601126815658,0.0182966312153662,0.0195831176755996
GLI4,0.0296393110239615,0.193114729162375,0.00606324774463681,0.107524987438254,0.166422559045968,-0.0369828145879455,0.039395441124736
GLIS1,0.218394508312508,0.166492338079545,0.0704451097288316,0.102388836561321,0.24069550452189,0.1718753691656,0.0853092708334712
GLIS2,0.209814386110932,-0.0126968326702728,0.0171620234880838,0.164112966267582,0.305626122073987,0.338991777922657,0.155798431773133
GLIS3,0.223244631153363,0.0997315727487559,0.107523684628407,0.288934077262682,0.112808158630892,0.269955391555356,0.19181169014202
GLYR1,0.194758956631644,0.089594585374909,0.254852090284489,0.201414788873209,0.127461165265421,0.129781589207774,0.168860365672373
GMEB1,0.151118299241431,0.155536200210842,0.182042328873036,0.193069296358051,0.0556653337230565,0.00904212744434643,0.132343972678649
GMEB2,0.220726423245015,-0.104134506658609,0.167427198069014,0.0206800822823287,0.139610238819473,0.175352298171207,0.2584574615864
GRHL1,0.110553940145392,-0.0414694938021007,0.224767387259856,0.188396783954183,0.0559247480168857,0.0717094240424542,-0.017154095514581
GRHL2,0.113743591308463,-0.0464867905830957,-0.0784368257755936,0.262307982095276,0.192810161509446,0.0459247672870448,-0.129657792820491
GRHL3,-0.000752860184905281,-0.106284776707606,-0.12391342452842,-0.145176044218397,0.0459543644343167,-0.143793293362531,-0.18010821972984
GSC,0.14313451169797,-0.0399335866242452,0.136010044443687,0.0239496367092626,0.23150677716678,0.10750583524196,0.109563154942974
GSC2,0.190335237713269,0.108332652944747,0.164878811606252,0.109963605380995,0.217914833508516,0.126387674705549,0.158378394321603
GSX1,0.223750480651783,0.0587740480059403,0.128762230189689,0.171910522405481,0.132261792563821,0.202494227390039,0.0213748359784913
GSX2,0.221662816509822,0.0112633193042743,0.0911817456468036,0.14482078876501,0.0514659429364822,0.217868630751372,0.124710302342928
GTF2B,0.225161773153416,-0.108742228192175,0.213474420285366,0.184380590947249,0.092568479882827,0.273588376093823,0.06774428204194
GTF3A,-0.0860541467649668,0.140074734620429,-0.0666240238133891,0.0509550724455398,0.0831500831059246,-0.209430191815718,0.0804120938183912
GZF1,-0.0637827722193595,-0.102189024233325,-0.14522964658212,-0.0736673363468191,-0.0362516847000789,-0.0844814840583687,-0.119463726282822
HAND1,-0.110281696124613,-0.0397287990005311,-0.250424530216713,-0.195411573838857,-0.137947939331383,-0.00872884302875642,-0.13208681498151
HAND2,0.160674833198921,0.114066706408741,0.045328714661494,0.179623780639187,0.204390669148827,0.24328793569066,0.0731781359901794
HBP1,-0.102231868214055,0.103110568540038,-0.137500835586616,-0.0899609169716499,0.0255635232218019,-0.0974824939678862,-0.0141911916127632
HDX,0.202243794416531,0.0147447089074136,0.157726599189075,0.11685796968825,-0.0658468571350016,0.158051400990223,0.0906201363178616
HES1,-0.14697746965674,0.0969669398286158,-0.197051817253946,-0.107302200120029,-0.0926230934183699,-0.154262360918897,-0.204703117307288
HES2,-0.0844226539945357,0.0846796824057712,0.180446973221085,0.0924657689819713,-0.144686371899854,0.106609982615357,0.0727029532889445
HES4,-0.0338337614440269,0.0672727343900746,0.0566127189637818,-0.139768935792271,-0.224317782930079,-0.11940272292275,-0.156055589470272
HES5,-0.0430186951269562,-0.120824697991306,0.0646761363881597,0.0433381546737693,-0.117514187483799,-0.140990747195352,-0.00706065590187904
HES6,-0.0502058584213465,0.158608014566553,-0.0917404188807267,0.137649445629691,0.206796102816984,-0.0927094533608892,0.0327065458067643
HES7,-0.10553092953754,-0.104748869529751,0.125807535920438,-0.149156109552105,-0.154600679084321,-0.0623477054269605,-0.0557780635479003
HESX1,0.0419314932626585,0.143044155164283,0.156633153180434,0.06187767231747,0.0100430390896754,-0.0125208164747602,0.105116003897887
HEY1,0.0589119501589668,-0.0612314994905092,-0.0790492750427286,0.209543515349011,0.245410798171004,0.136083944703047,0.0143029993071714
HEY2,0.11909069255365,-0.00563165965213714,-0.0446714520333491,0.0539115203711835,0.170929638590825,0.143164964506544,0.00355268948982116
HEYL,0.142840188509684,-0.00706517301813568,0.0663163054011213,0.192599636606116,0.288111756273688,0.309881994301217,0.102661825005627
HHEX,-0.0171426993504002,0.0431077947918134,-0.00237062679742267,0.0508105617526366,0.0475518103489495,-0.0336717679203685,0.146222102747069
HIC1,-0.102667340366046,-0.158403226942839,-0.0438379235185653,0.0363895988566759,-0.00878302680536186,-0.123996534336933,-0.0239771600658426
HIC2,-0.107007276729149,-0.0139255584125573,-0.178517011140259,-0.0865890008039096,-0.275913433013476,-0.163647546531813,0.0159661387614937
HIF1A,0.0728468618872726,0.152259598231417,0.0592298192467589,0.164588647298388,0.296216990093293,0.0851702404327183,0.0165335628106154
HIF3A,0.114525233265297,0.100345935619898,0.0868199118418419,0.181092972683702,0.146279429226809,0.201125368096639,0.0816112313409193
HINFP,0.0773979302896615,0.272777114787152,0.0790582377149306,0.00318826716217587,0.112110860811013,0.0800473948953925,0.0124302204258338
HIVEP1,0.205106595046328,-0.136490951205433,0.255533253371839,0.206466641845948,0.048172551694898,0.225738435005732,0.167448793530469
HIVEP2,0.248272353199715,0.0701397611220716,0.23770948591951,0.251379360944475,0.119833799881817,0.254685416332553,0.175851141765247
HIVEP3,0.179897311274315,-0.000614362871142233,0.253588353504011,0.0745223579464961,0.304224699742285,0.143918108455071,0.223654521509481
HLF,0.260254441416192,0.0187380675698381,0.226075937401345,0.113582393982445,0.190467630931333,0.228666529609121,0.0644180031332954
HLX,0.0480720645901303,-0.047510728701666,-0.0597078284308643,-0.0467281346781225,0.111747095654628,0.114975673859001,0.0221994177247519
HMBOX1,-0.0113189246495697,-0.0569309593925136,-0.170913677555583,-0.103845986048095,0.0260062829563826,-0.078113420970313,0.00256878177902883
HMG20A,0.177460126025301,0.0239601519745471,0.15978801379553,0.104044688250837,0.0607102590688412,0.0487824608981663,0.151591667271024
HMG20B,-0.0599289718122599,0.13208801729558,-0.0902526152951987,0.0859206388492325,0.283917241695644,-0.0266548423535815,-0.0410026767318542
HMGA1,-0.0402798926789622,0.221273027423061,-0.0472377638405149,-0.0484441991563475,-0.0395114301028018,-0.00595988400163856,0.131589270741393
HMGA2,0.0802047444589941,-0.0664535838952182,0.0818306909827419,-0.0340834490490964,0.134957360639551,0.129815763022771,0.0905754132400983
HMGN3,0.222147966788705,-0.0699349734983576,0.176530285468821,0.236970440606256,0.309019475590449,0.302989297152035,0.0992265335949343
HMX1,0.193291480534122,0.0328684136061095,0.120582298026686,0.193280041118535,0.154986874799946,0.175105308023336,0.0757497129615685
HMX2,0.140567611339852,0.216870093513208,0.181872038101199,0.250307573305443,0.137178961246103,0.148134541216954,0.0768174764431669
HMX3,0.173519388896143,0.162806160852692,0.0721091792009985,0.250235317958992,0.123774263995415,0.160781199465392,0.033654116016874
HNF1A,-0.220986247734071,-0.0018430886134267,-0.200690662167948,-0.255040298498021,-0.311886198585603,-0.174473019111534,-0.224537802295306
HNF1B,-0.0225865940888551,-0.24379966603161,-0.0436736078615291,-0.143387724393721,-0.10505840041317,0.0402165668327622,-0.0929960498240363
HNF4A,0.0760091112263837,0.0266223910828301,0.083659076111945,-0.0234799769573273,0.0477502720361459,0.0592336348689983,-0.112199021338648
HNF4G,0.136762306247098,-0.156969713576841,-0.0557463273175908,0.16397447685355,0.148656580885489,0.00235549986628068,-0.0625899473297211
HOMEZ,0.00409233427034531,0.133931105909007,-0.0193907413089752,0.156074558974844,0.00729188223669672,-0.209970519431371,0.106888155854257
HOXA1,0.0830988896212341,0.0966597583930447,0.0766891046962083,-0.00846892873201202,-0.0588036615333668,0.0638362464072147,-0.0314878419377147
HOXA10,-0.0131855999810355,0.103212962351895,0.0479219144852657,0.0696872710131114,-0.0907657455890549,-0.070074947671979,-0.147203215265501
HOXA11,0.100995040562812,-0.25137680810903,0.123405539770308,0.127822718512277,0.108747739787441,0.0848905431571892,0.0121507011898132
HOXA13,0.114024903558753,0.0353258650906784,0.103648822679752,-0.0660263334595647,-0.0950743634467152,0.20052519963756,0.0488599624563918
HOXA2,0.12863401843772,0.250864839049745,0.0432254742514303,0.127383165154696,0.167714266685731,0.151450281284016,-0.064792558909563
HOXA3,0.0585679488437901,0.10648956433132,0.0314126722892258,0.123234504012602,0.151125892885397,0.191459605195791,0.0168102868542757
HOXA4,0.038780480642725,0.302266532601979,-0.0701284286443618,0.0885037674848764,0.063166405305717,0.111404583526236,-0.0572623106911694
HOXA5,0.16677321754562,-0.124203693782588,0.120609186043292,0.095596833994873,0.0731070440162493,0.0866124340930631,-0.174752631167686
HOXA6,-0.0953705697758174,0.151952416795846,-0.172371605567104,0.0907497045037463,-0.0927040384799783,-0.0969225127418925,0.0220289109907794
HOXA7,0.0126732450136177,0.159939134120695,-0.00254091756926022,-0.121253503264054,0.0290392846624314,0.00396298918972004,-0.0534412827347685
HOXA9,0.0767864162038861,-0.103008174728181,0.0253718312250939,0.105182709957449,0.0381772994488228,0.21589006953119,0.190735541083341
HOXB13,0.135127462174457,0.0365545908329629,0.213599897696194,0.130460038657759,0.0411361827852061,0.124692477479243,0.0558675097034269
HOXB2,0.204318841891345,0.0300013868741124,0.0281353218207032,0.130604549350662,0.301207789524387,0.266144644511414,0.163938031926051
HOXB3,0.0947070119380611,0.06051474280751,0.0157787844115789,0.178124482200317,0.225703601394483,0.0808574463126695,0.026554327421952
HOXB4,-0.0181380361070346,0.00573405346399418,0.0686286748292311,0.0678507809574671,0.00448367374390974,0.119073891621368,0.0795986928415714
HOXB5,0.137599540393549,0.289467306119849,0.0838652175725904,0.1460671934913,0.0496324885289672,0.0730781366671199,0.0884398862769013
HOXB6,-0.0652648363382697,-0.0199667933121226,-0.195268245485752,-0.158218134252907,-0.244296584521756,-0.0837186599734045,-0.189254089132432
HOXB7,0.01678529282638,0.106079989083892,0.157562283532039,0.178401461028381,0.0673677465757036,0.153382495184288,0.0159102349142896
HOXB8,0.204561318463074,0.0538591450368025,0.0504912138498322,0.102713985620353,0.156691597302253,0.22214710438769,0.0507886451849335
HOXB9,-0.120161532177742,-0.229566926183481,-0.0743408845792905,-0.139528084637432,-0.186751960030997,-0.00574589431889239,-0.0544112144837598
HOXC10,0.132130806591648,0.140689097491571,0.161320630742068,0.105820965517771,0.0570370111827213,0.131412545528636,0.00254642024014719
HOXC11,-0.0660214420962342,-0.189223764311808,-0.162665031572364,-0.0811397434256864,0.0585071880547048,-0.0958578444025817,-0.0427273104181009
HOXC12,0.187767548813454,-0.0577501098873699,0.113917057465816,0.134175167721145,0.0926104152761903,0.180969564010478,0.01428343296065
HOXC13,0.0506239826560111,-0.0628698004802219,0.11162261338211,0.0794297002263324,0.0139206001132284,0.0633155724019035,0.124970255232427
HOXC4,0.158718461249458,0.131883229671866,0.115829094202238,0.124053397939053,0.185567041358055,0.0813930805288374,0.0500982326719628
HOXC6,-0.00741465757388254,-0.0985028470064714,-0.0584679921095909,0.0854148514240715,0.0634887226895913,0.0773825706693369,-0.0316555534793271
HOXC8,0.0238415581991214,0.0597979861245107,-0.084394015232507,0.150571110086782,0.0553459420643006,-0.0159051975092824,0.0524461942545354
HOXC9,0.131568773497339,-0.0677847034493597,0.118135488515546,0.233086715734484,0.13933278255408,0.160403967481826,0.0621483069368086
HOXD10,0.0437047264030678,-0.023652970538976,-0.0307135838574717,0.0881424907526185,-0.0489220249460551,0.0244385311157628,0.0959952912265367
HOXD11,0.156708271329196,0.129732959622868,0.156863195100285,0.0485465608971539,0.080141462442529,0.118217492884181,0.0601581299763423
HOXD12,0.197641470803858,0.101165086114754,0.181298427080272,0.052809626337797,0.110113078176016,0.160752745731018,-0.0133749954435832
HOXD13,-0.0216310786879031,0.00952262450270461,0.00130705636278818,-0.0731976765948839,-0.194925460770031,0.105143295276452,-0.0651699098781907
HOXD3,0.160392929542358,-0.16700430713883,0.181869050543798,0.189245784274989,0.0364574607000713,0.170142624743418,0.0666094339436966
HOXD8,0.117280989359769,-0.0169973727682685,0.0948265656756072,0.0781050188747202,-0.114608942441252,0.1586156356095,0.0131653560165678
HOXD9,0.115946579673563,-0.105363232400893,0.107033725214699,-0.0271529570686159,0.127459702402862,0.244119107405617,-0.0505538490266763
HSF1,-0.00895310242410533,0.235710554894904,-0.0118262459705074,-0.104984007754707,0.0428682120552841,-0.134514149244217,0.0116224098337344
HSF2,0.118013938866834,0.144068093282854,0.144647072888991,0.0963916428058403,0.0503605064625895,0.118861075288493,0.0130926810152025
HSF4,0.0962760127790303,0.156969713576841,0.0170096580606503,0.0559406913506987,0.116718390251601,0.00482364132018922,-0.0473309922353594
HSF5,-0.215821102485392,-0.136183769769862,-0.162957812197629,-0.257683639922375,-0.330810763892959,-0.162480650084981,-0.196745204657783
IKZF1,0.0444065285131131,0.0917448554239068,0.0665403722061707,-0.0127982282402357,-0.0347327457427892,0.0788208042738667,-0.0465762902981039
IKZF2,0.0443225488224166,-0.166594731891402,0.130742980746326,0.0333187466324838,-0.0371976691550202,0.10552170060989,0.0463359037551262
IKZF3,-0.0217205781704762,0.0740307259726391,-0.115171831574093,-0.125919994389052,-0.125407793853174,-0.008043900041488,-0.12106816669758
IKZF4,-0.176701351777671,-0.135671800710577,-0.177044145341734,-0.0748294431689153,-0.0964782238826821,-0.177649863887601,-0.0885377180095085
IKZF5,0.169920681727919,0.141508247986428,0.22868407501212,0.206213748133368,-0.0435923290220819,0.165675681784051,0.159166638567181
INSM1,-0.0662800837727452,-0.114885856903598,0.111117716181399,-0.123686099927924,-0.139026556658357,-0.155550992414859,0.0316387823251658
IRF1,-0.0370188784923418,-0.35479455808464,-0.0975213424510013,-0.0330718741987743,-0.00313930305201641,0.00539286267641807,-0.156919303909575
IRF2,0.0765614846849081,0.0686038539442161,0.118732999995678,0.200752448197403,-0.0687150429927153,0.119018744177425,0.0766637408633557
IRF3,-0.0318346111075188,-0.0531423883538032,0.0271494278784858,-0.0292001918847439,0.0465385342162856,-0.0111601706304585,-0.0625060915589149
IRF4,0.216131393643036,-0.0938951254729046,0.13035459828424,0.00323041611427263,0.074688886063584,0.138335749774467,-0.193128225743677
IRF5,-0.0297658719662787,-0.00716756682999272,-0.103460606563511,0.0443376869663495,0.0442988916381695,-0.0952286355341916,-0.212934958808093
IRF6,0.143646866665388,-0.243492484596038,-0.0918270580453458,0.119489268554861,0.160080074610184,0.0637686321208912,-0.118588831074078
IRF7,0.0444538410149139,-0.156457744517555,0.0367036364457923,0.0574700961839237,0.0834504575514112,0.0728271864634333,-0.0480773085955342
IRF8,0.052303970740788,-0.124613269030016,0.0306807207260644,0.0542727971034414,0.0421792037899068,0.0259712193849181,-0.0262831937630121
IRF9,-0.0793949121365037,-0.159222377437695,-0.029608187619228,-0.25266189334399,-0.0427999451358553,-0.00647263789531958,0.0843672910080819
IRX1,-0.214421440973785,-0.0392168299412459,-0.129586796032271,-0.270406602176724,-0.219855564503704,-0.109142658312177,-0.0586878587948742
IRX2,0.00173577740981697,0.0778192970113495,-0.0228921585825472,-0.0196082946432969,0.116805674384299,-0.0251475277753893,0.00521582894414342
IRX3,0.0210008367368315,-0.354282589025355,-0.00235568901041938,-0.307040062827674,0.145455837605986,0.0242318748697112,0.0764429206668994
IRX4,-0.017551755355553,-0.0108537440568461,-0.105623598121588,-0.187674230489667,0.0291021877524765,-0.0498639961418745,-0.0599960088194504
IRX5,-0.111523057890612,-0.0241649395982612,-0.133823152426405,-0.13751697749453,-0.134187407312565,-0.0396650923933341,-0.202078431681055
IRX6,0.0640910920227614,-0.151133266300989,-0.0468224933618233,-0.0177055705200721,0.0581780439788876,-0.187869887933822,-0.0684346945549107
ISL1,0.0758642166896188,-0.212057584355928,0.0976826705506368,-0.0512982853411848,0.0262637467667996,0.0657188862754325,0.126633394686749
ISL2,0.147956641308593,0.0244721210338323,0.10354724572813,0.114527734765186,0.111463787938999,0.147716388656632,0.0335478987071862
ISX,-0.0295904214387674,0.0317420816756821,0.0144134706794779,-0.179485291225155,-0.189167146116216,-0.0398170412016446,-0.0801996591990156
JDP2,0.186638159968384,0.0678870972612168,0.0363660424595179,0.136451211134369,0.219333810190927,0.319197365596801,0.0283013226470805
JUN,0.113632209793807,-0.0538591450368025,-0.00675934861899029,0.0188676773421683,-0.0536607243961165,0.0748314147120463,-0.079607078418652
JUNB,0.249258818862262,-0.117957671259309,0.155910164289475,0.0717164419926265,0.135621500241422,0.205311440430607,0.0639595915862217
JUND,0.071294814692782,-0.0154614655904129,-0.00459336950351274,0.0333970232578064,-0.0998574363944053,0.110775814664047,-0.0233594225542372
KAT7,0.200648574564147,-0.119084003189736,0.225663654480054,0.150288109979846,-0.000643659526042508,0.0531747494719837,0.101286590364406
KDM2A,0.213336210463729,-0.0702421549339287,0.205727683945458,0.0979090050813235,0.0353378832214398,0.195299245980309,0.144234720978963
KDM5B,0.102503717963985,-0.165570793772832,0.0517848262043174,0.00112296850943494,0.0654401813435475,0.144715986367435,0.0263754351108989
KLF1,0.0855985667997099,0.158096045507268,-0.0991854119231682,0.226890819776261,0.210604421679402,0.10387989080272,0.0205586398093113
KLF10,-0.135147569987722,-0.0954310326507602,-0.154443273605751,-0.0248769136553912,-0.0554161594671416,-0.150527881616579,-0.108651922233547
KLF11,0.201482457408386,-0.0780240846350636,0.264430199311001,0.154876324479522,0.138900262857414,0.234662934125498,0.0699552791988625
KLF12,-0.20607157294764,0.0966597583930447,-0.199232734156426,-0.161331135429196,-0.160834424069872,-0.243154320474086,-0.0952517700587221
KLF13,-0.0787835951861525,-0.184923224213812,-0.113370334461496,0.0279477658795832,-0.186345284239543,-0.156708208725254,0.0541736231331424
KLF14,0.0666579923808792,0.279330318746002,0.0571474917384998,0.247838848968348,0.230150703574413,0.0836437122503864,0.118946615696184
KLF15,0.162985851776466,0.107923077697319,0.143003916318629,0.211825580041107,0.201936473395363,0.182129420358083,0.0451535373867593
KLF16,0.110680895358557,0.123998906158874,0.0306179820206506,0.151913855275007,0.244468714682887,0.07037620525139,0.182199023615274
KLF2,0.0594302191891098,-0.124101299970731,0.0455348561221394,-0.0595835650676324,0.0638485868791515,0.0347302761728559,0.180261955309651
KLF3,0.105334976925915,-0.0260080282116879,0.0806087800058725,0.0746548260816573,0.0565318359789486,0.0716731968651832,0.022554407154498
KLF4,0.111804370140902,0.150928478677275,0.0670870952104912,0.0950368550598732,0.0680738215709381,0.00445051606117191,0.0899409045743317
KLF5,0.134842207215683,0.114783463091741,-0.0620112351867721,0.177624716054027,0.197466940656192,0.0821186507553935,-0.0877802208798929
KLF6,0.153815308979501,-0.0594908046889396,0.149794634290326,0.136884743213079,0.118445543313148,0.23989006113262,0.0909863065170485
KLF7,0.246919018512788,-0.136695738829147,0.213032261790069,0.178172652431285,0.137805066421436,0.252964112071615,0.110756702080782
KLF8,0.187170031342795,-0.319263905370247,0.110702445702707,0.17171784148161,0.181800170268147,0.164299342385223,-0.000567424049121712
KLF9,0.214593934469934,0.0318444754875391,0.0932939487290692,0.173548310258384,0.297515524424998,0.224776581448878,0.0842443025442329
KMT2A,0.0882177080452327,-0.140484309867857,0.0361150876378626,0.055025456962312,-0.144407452771902,-0.000638889004826813,0.0389565959241837
KMT2B,0.114296161902411,0.111506861112315,0.207200549743983,0.0623051831173085,0.131047616639695,-0.0252491692079754,0.0376009276294841
L3MBTL1,0.0227472594595537,-0.0582620789466551,0.0847734350223907,0.0584274795244072,-0.053383268130724,-0.0684786051723153,0.0518508182818116
LBX1,0.211182505954672,0.0444389143459549,0.137709964604662,0.0971924728956787,0.0920423369823725,0.126068230203136,0.0132352358255729
LBX2,0.122177439025304,0.0746450888437813,-0.0055434127569222,0.135782849179692,0.096781524053287,0.0718269056983004,0.0575138780035879
LEF1,-0.0193961543840876,0.244618816526466,0.00331170737863016,0.0554589890410215,-0.00449147567755874,0.0907499590761128,0.0811807717174477
LHX1,-0.220059908375896,-0.106694351955034,-0.200693649725348,-0.264120387035436,-0.322038952367218,-0.214896535527816,-0.167099394485444
LHX2,0.124151356027519,-0.0371689537041051,0.0846091193653544,0.058102330465375,0.0942688137974559,0.0632123176132447,0.032267700606212
LHX3,-0.0263337442314787,-0.230078895242766,0.104117869191656,0.0207463163499093,-0.122133907445713,-0.0589807779717712,-0.121224697469751
LHX4,-0.00915989748405967,0.0326636259823954,-0.0270030375658536,0.0954523233019698,0.086257690802492,0.0503966969833647,-0.0294501467071249
LHX6,0.17800895104619,-0.103417749975609,0.131152276110216,0.0234799769573273,0.0270941650795651,0.202856352494014,0.0228255408134379
LHX8,0.106742326719065,0.0265199972709731,0.0935628288951285,0.0440366230228012,0.179782882799028,0.0949185778307472,-0.014814519509089
LHX9,0.119841187113465,0.147754270509707,0.115945608940863,0.01138924898443,-0.00279260462548897,0.0567151860393654,0.00481332124427383
LIN54,0.21105101662675,-0.0371689537041051,0.15489140721585,0.266444600679629,-0.0288656916387412,0.115274584738669,-0.0859773218075603
LMX1A,0.0833656138501361,0.0285678735081138,-0.0579840078106842,0.0704941223818206,0.103653077114644,0.0632923987419489,-0.0403430113348457
LMX1B,0.125003375330781,-0.120824697991306,-0.0722316690544255,0.0573617131642464,0.164021513965488,0.122105681019617,-0.0978680701078744
LYL1,0.0940611962884802,0.153488323973701,-0.120250679155213,0.0562718616886017,0.104000263162024,0.0472921598931055,-0.0399628651738577
MAF,0.0338978304568821,-0.204173260842936,-0.00628432699228556,0.143351596720495,-0.0209096698001733,0.086674181630031,-0.132601130375788
MAFA,0.0544255421757057,0.151850022983989,-0.0856487893407837,-0.0676279936392414,0.0739569671631372,0.0971615827781339,-0.0414974257796105
MAFB,0.207143003978004,0.0648152829055056,0.128836919124706,0.190763146550472,0.120857803673248,0.198830149079988,0.0904300632373676
MAFF,0.185892396658749,-0.0100345935619898,0.174591360715794,0.131598060364372,0.075858688490081,0.173323282906567,0.158677479904145
MAFG,0.13444734496107,-0.0259056343998308,0.0830944277632205,0.117953842442765,0.108353254517313,0.0919178822040825,0.0508417538397774
MAFK,0.206112379980443,-0.101369873738468,0.13094314709217,0.156068537695973,0.0767256783668261,0.190208667564439,0.119309990703011
MAX,0.262223035761954,-0.140996278927143,0.049687560909055,0.163047199907421,0.305016108386806,0.172375216210699,-0.0118879531079539
MAZ,0.121049232992779,0.138026858383288,0.0956391812885863,0.156947644411134,0.0105306599427379,0.125982282325076,0.0674256301128765
MBD1,-0.0590939061554757,-0.0194548242528374,-0.0718731621663464,-0.126738888315503,-0.0958155471433702,0.0102575712420966,-0.128673885109699
MBD2,-0.0186620220644785,0.0491490296913787,0.0220944807565713,0.00889041825297956,0.071669537741421,0.0538878528561591,-0.0559401847047922
MBD3,0.197541917414652,-0.015871040837841,0.0723481837930512,0.14631406592501,0.334426960139271,0.331455645037897,0.0484714307183232
MBD4,0.0714393149586987,0.200999052675367,0.100078691585965,0.128659676275341,0.132035536488,0.0660390641215154,0.12393044367443
MECOM,0.215594002476748,-0.142532186104998,0.138474779299231,0.203142895909176,0.109992635825309,0.236452586016429,0.120240789758959
MECP2,-0.0957437471337713,-0.00696277920627864,-0.0989792704625227,0.00677694936927091,0.0241460094019492,0.0516326744038595,0.0849710525578863
MEF2A,0.193438543560553,-0.0883658596326245,0.123608693673553,0.208881174673205,0.127684983236976,0.246877212946427,0.0709783196026977
MEF2B,0.193263684439314,0.0292846301911131,0.0501655700931604,0.241661016846738,0.128626091483387,0.149790284553844,-0.0390628132338716
MEF2C,0.165142907587734,-0.219737120245205,0.15734120428439,0.116496692955992,0.103717443067248,0.16410808635623,0.00800263572726828
MEF2D,0.253393734384228,0.113247555913885,0.22941005146048,0.284074905213814,0.320392256746426,0.271828791293339,0.170833771478678
MEIS1,0.144642400557446,-0.0709589116169279,0.107329493397364,0.0143216117945898,0.0451488147850574,0.156362950525676,0.0530220038807377
MEIS2,0.122179410379546,-0.227928625193769,0.185654285770433,0.0887024696876183,0.178039150628476,0.165514492845505,0.0919031296111959
MEIS3,0.163236213765162,0.0408551309309585,0.00747337483774771,0.160470092550648,0.32322387104016,0.342265424063092,0.1101864828393
MEOX1,0.164714138040165,0.0540639326605165,0.0275318352257702,0.0751606135068184,0.105822014669066,0.160918188062846,0.0446504027619223
MEOX2,0.198446374740744,-0.180417896492102,0.0583723902727698,0.164576604740646,0.171551355178479,0.268542971647991,0.00760851360447931
MESP1,-0.0839459805388927,0.123486937099589,-0.0959976881766654,0.0393641106189325,0.136220298648982,-0.200222035364608,-0.0739831513899186
MGA,0.189361191582445,-0.0400359804361022,0.205972663652312,0.12228916322986,0.0507964395052274,0.112752029184487,0.139376676656926
MITF,0.0441415785030286,0.0991172098776136,0.191578612095939,0.0298866176760339,-0.0809986999022129,0.0868070635029357,0.139105542997986
MIXL1,0.166659076135026,0.216767699701351,0.138187973788767,0.0315484906444202,0.0559930149363145,-0.00694828459932632,0.0724430003994454
MKX,0.20543620547554,-0.0036861772268534,0.131663148425729,0.14943910965904,0.155227759501359,0.25891519594922,0.121216311892671
MLX,-0.038042997020905,0.0673751282019316,-0.0146913135177391,0.130706911091469,0.0675783987842266,-0.166253556595579,0.0906536786261841
MLXIP,0.150341388534777,-0.0312301126163969,0.121911761069979,0.156471963380327,0.21183322622912,0.237668616489115,0.173670891724287
MLXIPL,0.0357260643806349,-0.202842141288794,0.161595486022928,-0.130014464021308,-0.157462525870944,0.0161026136250989,0.00436329527428075
MNT,-0.252937760148122,0.0755666331504947,-0.143580514896956,-0.1327119969555,-0.245544406284743,-0.202332745114026,-0.0657009964266298
MNX1,0.0713391701632203,-0.190657277677806,0.0493589295949825,-0.0295614686170018,-0.0362950829560015,0.233508944527248,0.081021445752916
MSC,-0.0352553049877169,0.0155638594022699,0.0330319284003828,-0.0863842773222968,-0.0594146504622541,-0.072656170719717,-0.0686778762902486
MSX1,-0.241889502435938,-0.0808911113670607,-0.0537386887443482,-0.0621486298666634,-0.126523957985835,-0.243023051957254,-0.0436916517823718
MSX2,0.148302811113435,0.0491490296913787,0.167418235396812,0.125962143341149,0.0872046504991394,0.110214220081981,-0.038171146870966
MTF1,0.175086615518294,0.0123896512347017,0.271444984087748,0.205280449908368,0.160078124126772,0.102559725528972,0.177176062943984
MXD1,-0.128685076512581,-0.212057584355928,-0.138967726270339,0.0217759550368443,0.0121646774213503,-0.178051149543525,-0.111011064585561
MXD3,0.0451410551035705,-0.0334827764772517,0.183117849537273,-0.0984810265740651,-0.0615738355996149,0.0957014955322545,-0.0276360668653516
MXD4,0.179878386273595,0.197722450695942,0.0594508984944076,0.312067830684929,0.198373427822036,0.0678997036796497,0.13032025340986
MXI1,-0.214922164951177,0.0864203772073408,-0.128708454156477,-0.1918770831416,-0.203806499366858,-0.240730472977812,0.000553448087320685
MYB,0.0865661074615363,-0.000819150494856311,0.217334344447017,-0.0552301804439248,-0.0121090886441012,0.0595064387140346,-0.0261015062595988
MYBL1,0.174999875931659,0.250045688554889,0.257149521925596,0.182453781708541,0.0122446472412526,0.180291367784968,-0.0828103688634475
MYBL2,0.0958521716170648,-0.0779216908232066,0.159991167698774,0.0786108062998812,0.029901885951499,0.0633695464959752,0.128534125491689
MYC,-0.0211942265879423,-0.00255984529642597,0.0142790305964482,0.0364979818763533,-0.0591781543485188,-0.054128976254675,0.0238933042950364
MYCL,-0.0532080337960316,-0.255062985335884,-0.0443099575878694,0.0499194124797339,0.146630028620161,-0.0564552890429115,-0.0935718594502386
MYCN,0.0299566990568752,0.0386024670701037,0.0267431200719963,0.0885278526003603,0.0874640647929686,0.233902310071542,-0.0733262811852703
MYF6,0.073972110888435,0.214924611087925,-0.086652608627405,0.014466122487493,0.0732328501963394,0.109581784501445,-0.0152170272089586
MYNN,0.200757393318289,0.0224242447966915,0.144019685834853,0.184832186862572,0.351125536252396,0.267965976848866,0.104643616389013
MYOD1,0.118576760502839,-0.156355350705698,0.103221601971458,0.0252743180608748,0.149448477150862,0.0815632162601504,0.0932000988663312
MYOG,0.0718732100272969,0.261309007859163,0.0957108826662021,-0.147891640989202,0.137600753284002,0.247763825442795,0.156863400062371
MYRF,0.0858660795703086,-0.173045542038396,-0.251586690045569,0.0298083410507113,0.0748956373052826,0.0262086760650867,-0.0746120696709648
MYT1,-0.130266299749848,-0.0657368272122189,-0.174863228439253,-0.14731359821759,-0.178293688713775,-0.187961995898705,-0.12854810145349
MYT1L,0.183070403061755,0.103110568540038,0.0571056659348905,0.200035916011758,0.157721452543921,0.017097320978344,0.0720628542384574
MZF1,0.0292907755940289,0.19987272074494,0.05406433250102,0.0754375923348828,0.0500669587090459,0.166840231531141,-0.0236668937138598
NANOG,0.152012308390042,-0.20089665886351,0.0859893708844587,0.195875212311921,0.0330714214964053,0.169131490491978,0.0228339263905186
NCOA1,0.150119019776314,0.013208801729558,0.17258073458515,0.152919408846458,0.0654601737985231,0.173838676837458,0.0834979861840581
NCOA2,0.0842663256031689,0.181339440798816,0.152611900919148,0.0794658278995582,0.05219005990328,0.112500492305865,0.0640825800500708
NCOA3,0.153613442305151,-0.134750256403863,0.211490682171329,0.102948815496321,0.0202343149186818,0.130541626586794,0.0611643992260163
NEUROD1,0.10523167796365,0.214310248216782,0.0507302184418849,0.219888072449329,0.0702690906514255,0.0629742742581405,0.0652984887267602
NEUROD2,0.0740584562042214,-0.102291418045182,0.123761059100987,0.0933508969760031,0.106051684090858,0.165283489589628,-0.121124070544784
NEUROD6,-0.223571481686636,-0.0957382140863313,-0.178962157192957,-0.252734148690442,-0.321632276575764,-0.190640313648279,-0.180552655315113
NEUROG1,0.137764542743579,-0.0301037806859694,0.108001693812512,0.0478601351058639,0.0550065579505691,0.132797685051497,0.00439683758260322
NEUROG2,0.142833091634414,0.0167925851445544,0.19371770319481,0.032439639917323,0.154123298269172,0.0616529356345214,-0.0924705536603176
NFAT5,0.179457305007567,-0.151645235360275,0.225364898739988,0.113835287695025,0.0606356530783226,0.149666056136238,0.180999886092746
NFATC1,0.225935923964132,-0.235096192023761,0.0917882197991373,0.223795882436585,-0.00154478286250202,0.118105584640223,0.0305654284588469
NFATC2,-0.102973491679782,-0.156560138329412,-0.123531017181136,-0.0130029517218485,-0.073112407845633,-0.0168146903281371,-0.0209667378939013
NFATC3,0.247197373731716,0.00808911113670607,0.232299019466917,0.248615593942702,0.0983565394086789,0.165908445064735,0.0865028179712789
NFATC4,0.11298422565456,0.107615896261748,0.0256466865059545,0.213752389279816,0.263070474985516,0.22636265713717,0.0831961054091559
NFE2,0.180509811037211,0.0282606920725427,0.170301228288448,0.0981378136784202,0.175346508277865,0.0429632322123287,0.105317257747822
NFE2L1,0.0845910076467769,-0.24656429895175,0.0986237511318443,0.191232806302407,0.0369636111455502,0.164958471675326,0.150476385519302
NFE2L2,-0.047398058574893,0.0281582982606857,0.0185602003515921,0.0885940866679409,-0.0589367820262529,0.0693328038784933,0.129065212040128
NFE2L3,0.0479161304696118,-0.0411623123665296,0.0394611519266003,0.102111857733257,0.0391081676573191,0.0146715667885298,0.0122373521529796
NFIA,-0.0336932038865937,0.12102948561502,-0.103720524057368,0.113787117464058,0.132238874383727,0.0207182786806315,0.0717274311552328
NFIB,0.189212551472621,-0.191066852925235,0.169112180442985,0.166732222576451,0.0779988564141723,0.185352905791528,0.0572958529994919
NFIC,-0.0408774101496215,-0.0252912715286886,-0.0153067503422748,-0.042194111688286,-0.0883178889066811,0.0512913762600964,0.00373717218559472
NFIL3,0.0803001580042924,0.000307181435571117,0.0227248553681103,-0.0708794842295624,-0.00163450509946552,0.0136272854032298,0.200499147997539
NFIX,0.207831992285478,0.0270319663302583,0.13125982817664,0.159488624094681,0.301960676121516,0.360161796303671,0.0865139987407197
NFKB1,0.0716309305909919,-0.0337899579128228,-0.00947802585358969,-0.0176634215679753,-0.131583999578064,0.0375139020733628,-0.157950729890491
NFKB2,-0.044227923818815,0.139665159373001,-0.112058796762606,-0.00285709682427281,0.0580761312205975,0.0291251838384984,-0.14446951713722
NFX1,0.182880758783704,0.0300013868741124,0.274091959944731,0.199217022085307,0.0645663647748595,0.0208362003426794,0.204331356723381
NFXL1,0.107188641319386,0.0331755950416806,0.139179842845786,0.106995114897609,0.0682430260069508,0.00204500215663459,0.217848906977334
NFYA,-0.0324593332667136,-0.112121223983458,-0.164917649852461,-0.111378605915672,-0.0913279724326359,-0.0887139037122455,-0.106446515461345
NFYB,0.0781860777154932,-0.164137280406833,-0.0394970026154082,0.098155877515033,-0.0607546325664699,0.10968826600225,-0.1564329404389
NFYC,0.0182080191826149,0.275541747707292,0.0017970157764962,-0.111137754760833,-0.0143394664260091,0.0650802906080735,-0.0915453449890896
NHLH1,0.234224285737936,0.126661145267157,0.176775265175675,0.254125064109635,0.222060586001253,0.224061278033694,0.185804821759939
NHLH2,-0.0723051337416533,0.00133111955414151,-0.0989673202329201,-0.260694279357857,-0.067097604623107,-0.0292681858540416,-0.0901421584242665
NKX2-1,0.123784487003138,-0.0691158230035012,0.0283773139701566,0.21696173091804,0.0349248683588959,0.101128972029871,0.0989162672429515
NKX2-2,-0.233710747957973,-0.120824697991306,-0.172652435962766,-0.235796291226418,-0.303106585126213,-0.162653132516036,-0.155806817350214
NKX2-3,0.0779268446327096,-0.281173407359429,0.0908351889883271,0.170206500484998,0.0728963918077263,0.0912454060591947,0.0968897527818025
NKX2-5,0.0773360297664721,-0.0287726611318279,-0.0855561750613632,-0.00991403566104358,0.114816668924657,0.129403770549272,-0.0442311239078915
NKX2-8,0.120459995209935,-0.138538827442574,0.0822549241336354,0.267359835068016,0.201142626646578,0.0811054631416783,0.0325220631109907
NKX3-1,-0.0106360475402447,-0.171407241048683,0.00569279062695513,0.0859146175703616,-0.00708123002817371,-0.143469155460633,-0.043856568131624
NKX3-2,0.17824768204486,0.00481250915728083,0.154410410474344,0.123806525505343,0.201081186419092,0.168037635074623,0.0760096658510676
NKX6-1,0.160465081107604,-0.189326158123665,0.138486729528833,0.333431328119112,0.0050200566822785,0.15806181447033,0.0851806919849017
NKX6-2,-0.20022039642285,-0.0286702673199709,-0.123877573839612,-0.0681337810644024,-0.0682006029927343,-0.123358965350711,-0.00116839040656589
NME2,0.148179601473329,-0.0805839299314896,0.173799658004619,0.0472640284976384,0.0906623699682056,0.25043202304973,0.00599009722792034
NOBOX,0.17423262486079,0.107923077697319,0.211407030564111,0.173813246528706,-0.0243425206057334,0.226406071082401,0.0381515805244446
NOTO,0.147743932185913,0.237758431132044,0.175837172151868,-0.047318220007477,0.0621492282062286,0.140440739443263,0.036334705490311
NPAS1,-0.0261862869341996,0.0286702673199709,-0.0936703809615522,-0.0539837757176351,0.231715966512744,0.100771246987912,0.119922137829896
NPAS2,0.0798497035600639,0.106284776707606,0.0803369122824125,0.199572277538694,0.245524901450621,0.21498380342448,0.114957876198171
NPAS3,0.174636752480338,-0.0217074881136922,0.0832288678462501,0.109524052023415,0.0995541362238004,0.146837696271895,-0.0167907205077543
NPAS4,0.167300554805275,-0.0829389876042015,0.0559554563356369,0.10868709426035,0.309499782130715,0.164046632156729,0.100285911499452
NR0B1,0.12529828992534,0.238884763062472,0.150652063264315,0.0840299572837496,0.279340432368799,0.198079498499936,0.176351481197724
NR1D1,0.0550386333448744,0.0768977527046362,0.118523870977632,0.1796418444758,0.231126432901391,0.101008556999347,0.141106900727893
NR1D2,0.0364929211806562,0.031639687863825,0.13638348911877,0.158874453649842,0.040090236055387,0.0871218146058646,0.0320412900250354
NR1H2,0.0266870109115914,-0.170895271989398,0.0972913005311506,0.116821842015024,-0.0571496515997788,0.0472022519592306,0.155066091374759
NR1H3,0.0166817967286907,0.151030872489132,0.184094780807289,0.0918696623737458,-0.00613524557323245,0.0156951678823513,-0.0720069503912533
NR1H4,0.100681200967533,-0.103827325223037,0.0370322677598648,0.127142313999858,0.0844983547646425,0.120767475491601,0.0638393983147329
NR1I2,0.0587849949458013,0.00993219975013277,-0.0154680784419104,0.0829521483658469,0.0451468643016452,0.0310204372178308,0.179317180291902
NR1I3,0.0481083375081776,-0.089492191563052,0.0415076287460515,0.134735146656144,0.172788449282699,0.152731432674549,0.00942259344625267
NR2C1,-0.241874125872853,-0.0674775220137886,-0.232027151743457,-0.200632022619983,-0.0636457366042775,-0.111276835059017,-0.104861641393109
NR2C2,0.0970974760915468,0.113554737349456,0.019244350996343,0.176685396550156,0.0103351239806598,-0.0416809074719245,0.0340733948709048
NR2E1,0.137238388296469,-0.335954096702945,0.130426299661856,-0.00230313916814404,0.0970823861196266,0.186125263344195,-0.0337239958258791
NR2E3,0.117300900037611,-0.0814030804263459,0.0249714985334057,0.0442172613889302,-0.0360361562830253,0.0505794462257922,-0.133023204422179
NR2F1,0.153070137076139,-0.00409575247428155,0.080166621510575,0.0933448756971321,0.319108351040312,0.24043332212295,0.156262433704927
NR2F2,-0.0647300079324964,-0.0757714207742088,-0.057565749774592,0.0309042138052269,0.158234429681342,-0.098041155175275,-0.0523064346365251
NR2F6,-0.0805893556715498,0.112018830171601,-0.0667196256502102,-0.00530173604588453,0.0068369319807894,-0.123264217348618,-0.0181939070725775
NR3C1,-0.0293903289832348,-0.100550723243612,0.113523020321977,-0.0773584859339328,-0.0864834592574599,-0.00329901983139796,-0.0295619741447971
NR3C2,0.170899064838075,-0.321414175419245,0.18301328502825,0.214480964023202,0.13397480462063,0.173446631311769,-0.0174447955200424
NR4A1,0.146194250616513,-0.125944388584158,0.223584314529195,0.196188318813211,0.208607614286112,0.115339998993984,0.0535055721590533
NR4A2,0.164531196366535,0.125022844277444,0.0427265521655203,0.217876965306427,0.11355616901949,0.163190820094479,0.00987820980096616
NR4A3,0.160970536335176,0.0944070945321898,0.0894788379284281,-0.0115277383984622,0.0533701023676913,0.185725151038142,0.116674124307337
NR5A1,-0.125510604777171,-0.0805839299314896,-0.164535242505176,-0.223091392808682,-0.318905013144585,-0.132513734382685,-0.196915711391756
NR5A2,-0.0321973402879916,-0.186356737579811,0.148671312707679,0.0593246500761809,-0.0452068416665719,0.0456381765810228,-0.00435770488956034
NR6A1,0.139128719878835,-0.0320492631112532,0.082039820000788,0.033631853133774,0.0795650945942091,0.061194155834912,-0.0224062619594071
NRF1,0.03391852967642,0.24861217518889,0.139624988898484,0.25915283196689,0.121267892810674,0.00893916599315533,0.0170422878201728
NRL,-0.0141673343934022,0.153897899221129,-0.107846340827678,0.123366972147763,0.160732998932435,-0.154523871271424,0.0403737584508079
OLIG1,0.0483545596529659,-0.199565539309369,-0.1138453560882,-0.0035254587789499,-0.0404223058563226,-0.0488247014935268,-0.1509962912983
OLIG2,0.105028431341331,-0.0529376007300891,0.0811973288138022,0.0788817638490746,0.133625180468984,0.0486214186283546,-0.151488245153696
OLIG3,0.0850010493290506,-0.144989637589567,0.0788431335820832,0.0789299340800424,0.0744733576465304,0.00323888565050287,-0.113660906943035
ONECUT1,0.230103761101934,-0.0901065544341942,0.144022673392254,0.0198371032403936,0.0372649608327428,0.1581066951029,-0.0314179621287096
ONECUT2,0.116650156002425,0.0221170633611204,0.174967792948277,0.30308408260945,-0.00148675598098758,0.106613796002438,0.0760460033517502
ONECUT3,0.118695238892765,0.0205811561832648,0.175971612234898,0.265131961885758,0.0311336162263349,0.149585681670066,0.0638505790841737
OSR1,0.120325351715227,0.0604123489956529,0.0664387952545483,0.146633193705171,0.163014089283061,0.282726571558867,0.101949050953774
OSR2,0.182360124128471,0.0445413081578119,0.0977812599448586,0.126233100890342,0.248176096028722,0.259208826754469,0.0554230741181542
OTX1,0.0657050397404413,-0.129937747246582,0.0945427477225446,-0.109409647724866,0.102912868659695,0.118004676551306,-0.0169416608952054
OTX2,0.129348634350337,-0.0548830831553728,-0.0137024320181211,0.0907557257826173,0.0467126148608289,0.12369219671411,0.120822189769882
OVOL1,0.10422569589411,0.0536543574130884,0.147900522898309,0.139913446485174,-0.0134627241322027,0.0266667225210266,-0.121302962855837
OVOL2,0.132043278463317,0.047408334889809,0.0968969429542636,0.14294817103614,0.0518823711449976,0.11426389049343,0.0797608139984633
PATZ1,-0.116732361474304,-0.0471011534542379,0.00168348859527117,0.0136532498399127,-0.232235770342108,-0.203685470846697,-0.0301293784506548
PAX1,0.10622681758486,-0.00245745148456893,0.159755150664122,0.211976112012881,0.0972125808873943,0.175605448405902,0.200775872041199
PAX2,-0.0130054182033441,0.267862211818014,0.0529589362627763,-0.00353750133669183,0.113194841967371,-0.0317328072583367,0.0295759303633342
PAX3,0.0660277504298076,-0.129630565811011,0.135980168869681,-0.0307115328813561,-0.00150918654022846,0.0896072629703722,0.0125448233126022
PAX4,0.107244824915274,0.0265199972709731,0.0940348629644326,0.0439703889552206,0.180086182969632,0.0951579412044564,-0.014378469500897
PAX5,0.155964676509227,-0.137002920264718,0.0329721772523696,0.0422001329671569,0.0534281292492057,-0.0108119790562025,-0.142716931527371
PAX6,0.110836238072803,0.0822222309212022,0.0465177625069561,0.0639550135279528,0.0403447741406856,0.085137093298859,-0.10556323467552
PAX7,0.0534800806813863,-0.236017736330475,0.0544557025205063,-0.0348601940234508,0.0343767825200536,-0.0147913951441183,-0.0268701841586553
PAX8,0.0330777470923349,0.0195572180646944,0.0791717648961556,-0.0411945793957058,-0.0499733355052579,0.0242566618857387,0.0354067016267228
PAX9,0.13565992495514,0.128504233880584,0.0590177026713121,0.164263498239356,0.160026436316347,0.13235518548135,0.138602408373149
PBX1,0.21308427139164,0.0459748215238105,0.122563048583322,0.159693347576294,0.17578682990818,0.220360385871437,0.0541931894796638
PBX2,0.140954588177498,0.0178165232631248,0.186496776957418,0.0265147015082936,0.0619858752204527,0.0988019258979647,0.104146072148896
PBX3,0.146164483167463,0.0416742814258148,0.133201740487068,0.117134948516314,0.0886011966223104,0.120773048903489,0.107768641447722
PBX4,-0.11331797592768,-0.0729043940422117,-0.141841756489773,-0.117213225141637,-0.0480818542162284,-0.00306449652590713,-0.189173028553986
PCGF2,-0.0198755877356691,0.000511969059285194,0.00873412406082568,0.0301515539463563,-0.0635457743293997,0.0645638699960452,-0.198654321039803
PDX1,0.144135959652754,-0.0681942786967879,0.0375192396161722,-0.0327346825820002,0.0141892792032659,0.113628521538217,0.119799149366047
PEG3,0.170088443973888,0.0370665598922481,0.0973361138921604,0.077617295286172,0.174137696183123,0.192222869286957,0.0527480750294376
PGR,0.126293035275702,0.212057584355928,0.0766054530889898,0.0968793663943885,0.0250320164919637,0.159403686716693,0.0538130433186759
PHOX2A,0.124469729737553,-0.284142827903283,0.0680401260213013,0.14825291772146,-0.13096082012785,0.0369284004876721,-0.143502380580589
PHOX2B,0.126838114723532,-0.15041650961799,0.0760736678716726,0.165672477495162,-0.104073406289984,0.0411556867358628,-0.135002200613204
PIN1,0.000567355750761299,-0.0586716541940833,0.0556268250215645,-0.139208956857271,0.0431222625197297,0.00201977513440543,-0.0697512301565675
PITX1,-0.0739198700010299,-0.145501606648852,-0.0795302717842347,-0.0151284631632991,-0.141704570383377,-0.183558267163644,0.00838557708061643
PITX2,-0.0635680917424384,-0.253731865781742,-0.129261152275599,0.0665983549523064,0.0354193159039012,0.0116836313417135,-0.0402843122952814
PITX3,0.0748751882665578,-0.233457891034049,0.124053839726251,0.0054944169697554,0.054202471163869,0.0514801389206134,-0.0728678696381966
PKNOX1,0.13602915960461,-0.0317420816756821,0.10758642333382,0.091478279247133,0.0202167605679715,0.0858383165155893,0.0163882128078847
PKNOX2,0.144932583901825,0.052732813106375,0.0164928106303363,0.164311668470324,0.152922775728933,0.216464277624371,0.0720628542384574
PLAG1,0.083043100296194,0.167209094762545,0.186950885682319,0.205316577581594,0.28598963032116,0.311701273276394,0.0866090352809667
PLAGL1,0.156999046079847,-0.0144375274718425,0.0557254144157862,0.135162657455983,0.192272803329371,0.360646096462977,0.0297324611355057
PLAGL2,0.159877026137305,-0.259363525433879,0.0704032839252224,0.0901837042898756,0.177308206969735,0.150897046819781,0.070287907089727
POU1F1,-0.142124389784523,-0.0839629257227719,-0.08975966832409,-0.0999381760608386,-0.189678660391078,-0.0127663399352928,-0.0342243352583559
POU2F1,0.0203885341093595,0.0275439353895435,-0.0808418094831238,0.157826751126294,-0.0296146772690452,0.0175933546363615,0.0638477838918135
POU2F2,-0.0354080849414486,0.0928711873543343,-0.170145875303613,0.188643656387892,-0.0182038616865295,0.021565143950115,-0.198657116232164
POU2F3,0.141993886133722,0.0414694938021007,0.0806117675632731,-0.043386324904737,-0.0705075372485731,0.132212916809476,-0.122404268645758
POU3F1,0.19463633839781,0.0468963658305238,0.174340405894138,0.104496284166159,0.0553703231069537,0.118650312317892,-0.0503414144073007
POU3F2,-0.0031476613177226,-0.207961831881646,-0.0801008952477605,-0.0598545226168258,-0.0232741433166734,0.0213800480079452,-0.244654801711705
POU3F3,0.106638436350527,0.0694230044390724,0.107807502581469,0.0380936207771589,-0.13051172132218,0.113401918344356,-0.116615425267773
POU3F4,0.0496643274111515,-0.0461796091475245,0.0592835952799707,-0.141153829932593,-0.149579647160336,0.0635917496278193,-0.223084302267999
POU4F1,0.133170104547872,0.202842141288794,0.148871479053523,0.187156400506764,0.08835592333322,0.0859978920980621,-0.0420424882898506
POU4F2,0.22645399585885,-0.0168949789564114,0.192949900942841,0.150992599607749,0.0963767987452451,0.0897590651099489,0.109719685715146
POU4F3,0.144342754712708,0.0809935051789178,0.14364026604497,0.0639188858547271,0.017451462710254,0.158290031020263,-0.103986746184364
POU5F1,0.132431043842659,-0.0793552041892051,0.129443393277039,0.117134948516314,0.121212304033425,0.169278452563336,0.0591099328412652
POU5F1B,0.130000166927219,0.0771025403283503,0.128442561547819,0.00241754346669238,-0.0566142439031161,0.11395397945872,-0.178990142785758
POU6F1,0.152059423756419,0.0207859438069789,0.0210518232237415,0.186602442850635,0.245411285791857,0.088126788770482,0.11657629257473
POU6F2,0.187355338641515,-0.154614655904129,0.072428847842869,0.115665756471799,0.0189918569850785,0.0702336432420484,0.0315661073238005
PPARA,0.0614731335897836,0.167618670009973,0.0201346431017392,0.00378437377040139,0.0699906591443268,0.067083932181751,0.0338637554438894
PPARD,0.00646111352717219,0.116421764081453,0.0230833622561894,0.0489921355336053,-0.108606329740053,-0.00392720201865077,-0.116402990648397
PPARG,-0.042358685726835,-0.0310253249926828,-0.0190740602245054,0.0206078269358771,0.0660487321681695,-0.0709149195109696,-0.122680992689418
PRDM1,0.11289393763029,-0.13935797793743,0.0697310835100742,0.0509008809357011,0.143590687843022,0.0492563475773664,0.0460731556732669
PRDM10,0.128738697347955,-0.176936506888963,0.168810437145519,0.190835401896924,0.00233277816105103,0.170760393450565,0.122577570572091
PRDM14,0.227977458416836,-0.0243697272219753,0.102080355044406,0.0815732755043959,0.321563522035482,0.268975204406766,0.0247737898885012
PRDM15,0.135297195774667,-0.0151542841548418,0.105459282464551,0.0426697927190922,0.11303392708586,0.114301144351838,0.0772143937583161
PRDM16,0.238514938244996,0.0295918116266842,0.12078246437253,0.110186392699221,0.244162001166311,0.280010266607216,0.054481094292765
PRDM2,0.237348487940182,0.0163830098971262,0.259560480747927,0.157056027430811,0.0226992383309127,0.228924813249502,0.0949442988990995
PRDM4,0.169227947847385,0.0153590717785558,0.237996291429973,0.221291030426264,-0.00161256216107771,0.0291089036090365,0.122373521529796
PRDM5,-0.17973822298701,0.169154577187828,-0.125723884313219,-0.161897135643067,-0.17206725804102,-0.154258400863082,0.00107894425103931
PRDM6,0.163677599979879,-0.010444168809418,0.184118681266494,0.0677423979377897,0.126325008677785,0.220092128757151,0.0447091018014866
PRDM8,0.225690096090192,0.078945628941777,0.0863658031169417,0.165401519945968,0.324357101902677,0.312057678299748,0.0674983051142419
PROP1,0.174521231121775,-0.191783609608234,0.0976259069600243,0.218942731666587,-0.0484407431640824,0.0785798275440847,-0.133775111167074
PROX1,0.0657210077097991,-0.0566237779569425,0.026587767087162,0.133567018555177,0.203670940769707,0.134578976824597,0.0699357128523411
PROX2,0.0127852179345462,-0.133726318285293,0.0446774271481504,0.173096714343061,-0.0937412080344423,0.116957021785127,0.00278401159076466
PRRX1,0.20859648346041,0.0337899579128228,0.14904176982536,0.168881819133386,0.126806778080611,0.296046585964597,0.0763031610488891
PRRX2,0.187688103237514,0.104953657153465,0.0179328132974538,0.168671074372902,0.269391504103765,0.294141505780094,0.0883224881977727
PTF1A,0.153597474335793,-0.141610641798285,0.13520639150291,0.238156632543836,0.0586827315618073,0.116598123393297,0.00241225100685733
PURA,0.213995431322154,-0.106796745766892,0.200705599954951,0.136433147297756,0.0515468879980906,0.147996085932162,0.112428227112185
PURB,0.237904606971766,0.0124920450465587,0.246612406973473,0.180135589343219,0.0190337923784419,0.195483755247543,0.176264830234557
PURG,0.0557968161862323,0.0486370606320935,0.0362286148190876,0.0255512968889392,0.109603026763713,0.0339975191783392,-0.0812925794118559
RARA,0.082869226852076,-0.028977448755542,0.162763620966586,0.0168264638049112,0.0271565805487571,0.133670804024347,0.0319630246389496
RARB,0.103531384930183,-0.00788432351299199,0.0787296064008581,0.14300838382485,0.0426083101406018,0.155865596849054,0.0760236418128686
RARG,0.107517266071477,-0.000307181435571117,0.0450897100694413,0.104393922425353,0.0377828141786952,0.151859780389038,-0.00850577035210527
RAX,0.0650615897159504,0.141303460362714,0.222102486058469,0.173439927238706,-0.0234457858569514,-0.0418585233086658,0.0442059671766496
RAX2,0.119841187113465,0.147754270509707,0.115945608940863,0.01138924898443,-0.00279260462548897,0.0567151860393654,0.00481332124427383
RBAK,0.187176931082641,0.210624070989929,0.193460773258354,0.211566665049655,0.0190308666533235,0.0918316409885549,0.193142201705478
RBPJ,0.139435068327995,0.0337899579128228,0.180423072761879,0.241251569883512,0.000678768227463008,0.134921301649497,0.0292433024724697
RBPJL,-0.224845962203896,-0.15041650961799,-0.178200330055789,-0.258809619071245,-0.287200880520167,-0.14055675441177,-0.14854211240604
REL,0.126859208213918,0.130449716305868,-0.0799335920333236,-0.038593386923449,-0.0791842627079673,-0.00607340560166977,-0.240120999703452
RELA,0.0973569063097545,0.00655320395885049,0.0212908278157942,-0.0433321333948983,-0.0894915923000025,-0.0292520522933136,-0.183680475566183
RELB,0.0599009785820278,-0.0744403012200673,0.0676338182148118,-0.00422994840685279,-0.0297219538567189,0.021293366786216,0.073281558107507
REST,0.148932067387386,-0.0380904980108185,-0.00871918627382239,0.239439164943352,0.233967311991333,0.101194972960121,0.20581839905901
RFX1,0.114025494965026,-0.151747629172132,0.0247534068431576,0.00675286425378705,0.0907701341767324,0.0852470948492769,-0.0664081800937618
RFX2,-0.0372114798017559,0.236632099201617,0.105796876450826,-0.00757777945910923,0.0255440183876794,-0.0993742272976053,-0.119036061851711
RFX3,-0.204006579379459,0.155024231151557,-0.213865790304853,-0.172440394946126,-0.120413581076108,-0.174306256761101,-0.0946955267790412
RFX4,0.050488156348758,-0.0811982928026318,0.064156301400445,0.0841744679766527,0.222295619252429,0.190469737910764,-0.115259756973073
RFX5,-0.00729223647547297,0.013208801729558,-0.0198508251486767,0.0734746554229482,-0.0485192501214255,-0.200370464123305,-0.040742723842355
RFX7,0.154275817330362,-0.0802767484959185,0.213838902288247,0.16335428512984,0.0253158118284461,0.0850663989691238,0.189829898758635
RFX8,0.0141531406428619,0.103315356163752,-0.105256128561307,0.0374132162647399,0.222051321205045,0.137431683698766,0.0204691936537847
RHOXF1,0.148863858530623,0.0286702673199709,-0.0261963970676757,0.0900211297603596,0.174722841206798,0.019970561475258,-0.00968254633575178
RLF,0.194158284994198,0.18707349426281,0.278005660139594,0.232087183441904,0.0635365095331915,0.169593497003732,0.106256442380851
RORA,0.16036986469773,0.105670413836464,0.189573961080097,0.167984648581612,0.194953255158655,0.0320632519157919,0.0647757877554018
RORB,0.190699741112559,0.0528352069182321,0.235549481918833,0.208507855383205,0.0724170605091658,0.231319767005199,0.0210757503959493
RORC,0.0888213367140412,-0.0923592182950491,0.10309612456063,0.200078064963855,0.0805686183098117,0.157937146046523,-0.0440857739051608
RREB1,0.166372244092859,-0.20540198658522,0.080892597958935,0.123360950868892,0.187528740049925,0.098215104293669,0.0215229811735822
RUNX1,-0.00581036949198697,-0.0151542841548418,-0.0641951396466536,0.13002650657905,0.0748566276370375,-0.00636644973198289,-0.0860499968089257
RUNX2,0.111872381862241,-0.0597979861245107,0.129993103838761,0.0873055329895544,0.0353022868991662,0.097958140671893,0.0867040718212137
RUNX3,-0.0574842954171276,-0.19157882198452,-0.048952621788493,-0.0246782114526493,-0.177129737737514,-0.0254691723088111,0.00126622213917308
RXRA,0.0798197389755901,-0.0272367539539723,-0.0829868756967968,0.00855924791507649,0.0106140431086116,-0.00988297929574039,-0.00593978376543664
RXRB,0.0955460203033287,0.185742374708669,-0.0776899364254289,0.0863180432547162,0.239660773071691,0.145973524091812,0.0402144324862762
RXRG,0.118434625862012,0.0139255584125573,0.0196446836880312,-0.00388071423233683,0.207308592333553,0.146179446994194,-0.0574020703091797
SALL1,0.0158453511239373,0.0407527371191015,0.0458126989604007,-0.0691875048668213,0.0429462313917741,-0.00867589561582197,0.0949778412074219
SALL2,0.12402755498114,0.0596955923126537,0.0777018866550315,0.0819104671211699,0.207257392143981,0.211431486689654,0.0693934455344612
SALL3,-0.179093984420822,-0.0566237779569425,-0.153651570894577,-0.169008265989676,-0.226588145621938,-0.105305217558667,-0.183579848641215
SALL4,0.101071923378238,0.164444461842404,0.0161880797754691,-0.00646384286798074,0.162483070174076,0.0410764856195619,-0.0136069964094803
SATB1,-0.128042809300635,0.172840754414682,-0.135923405279068,-0.137896318063401,-0.0915098550108282,-0.0742636600431564,-0.0118516156072712
SATB2,0.0598104934223337,0.132702380166722,0.100284833046611,0.207056727175303,0.142497929511309,0.0177172897164989,0.1488188364497
SCRT1,-0.0423569115080174,-0.0656344334003619,-0.0856009884223731,0.0634251409873079,-0.0756670534948274,-0.0187925182046499,0.0202036503795652
SCRT2,0.114063147831042,-0.0163830098971262,0.134641743154186,0.167430690925483,0.210270401395055,0.0706938897289967,-0.0180206051462447
SCX,0.0373256212123503,0.139562765561144,-0.081645462423901,0.0428564523640921,0.267379580464029,0.188435442571703,0.080191273621935
SETDB1,0.162041770230116,-0.0865227710191978,0.267650786188911,0.19961442649079,0.0759537745564282,0.216755561729877,0.204493477880273
SHOX,0.136832486458103,0.147754270509707,0.127217663013549,0.0207463163499093,0.0318040948992958,0.069824584143228,0.0369272862706746
SHOX2,0.145346765428006,0.112326011607172,0.162605280424351,0.0381056633349009,0.0442296494770346,0.100408095202799,-0.0217577773318394
SIM1,-0.0845141248313506,-0.0221170633611204,-0.122790102945772,-0.177167098859833,-0.189832748580646,-0.055036709048723,-0.119866233982692
SIM2,-0.00307018709602379,-0.145399212836995,-0.117576815281623,-0.0341015128857093,0.0405320205482616,-0.0632351979357316,-0.125632715821795
SIX1,0.173250693312999,-0.00307181435571117,0.128006378167323,0.229720820845614,0.037788665628932,0.20894618499388,-0.067445196459398
SIX2,0.103457064875271,0.047510728701666,0.259240812106057,0.046300623878284,-0.0455159932874135,0.100619591517069,0.122530052301967
SIX3,0.0698017109901184,0.158608014566553,-0.0642070898762562,0.142749468833398,0.045278034311119,0.161904681966993,-0.125478980241984
SIX4,0.08948548595807,0.132497592543008,0.0492603402007608,0.0926163009537454,-0.0106203821797014,0.165386597709553,0.0793359447597121
SIX5,0.0572288079074032,0.0676823096375027,0.0350425545310261,0.107814008824061,0.0922066652098546,-0.00692379092076662,0.0285109620740959
SIX6,-0.220204802912661,-0.118367246506737,-0.178693277026898,-0.246586422963187,-0.291753796425212,-0.204029262358936,-0.184166839036858
SMAD1,0.00911199357598636,0.207347469010504,-0.0173681649487293,0.125998271014374,0.0068330310139649,-0.0413852233044013,-0.182076035151425
SMAD3,0.116878438823614,0.0883658596326245,0.0812212292730075,-0.0194577626715228,0.134994907445236,0.287838270272417,0.0258303726006588
SMAD4,0.0278363104345026,0.175195812087394,0.0134604398686677,0.0319398737710329,0.00407407222733724,0.155456537750233,0.0371285401206094
SMAD5,0.160172926408984,0.153078748726273,0.212162882586477,-0.0393761531766744,0.057830370310654,0.20256213501383,-0.0652984887267602
SMAD9,0.241401000854845,0.0146423150955566,0.17901892078357,0.055892521119731,0.14042505326494,0.221417867442787,-0.0343193717986029
SNAI1,-0.105840037882638,-0.126968326702728,0.102373135669671,-0.028152489361196,0.0333995903305164,-0.071937200586186,0.0741005494690472
SNAI2,-0.24859407821196,-0.0110585316805602,-0.271642162876191,-0.254058830042054,-0.370902950431758,-0.324365531772899,-0.317807780970642
SNAI3,0.174005919122994,0.0781264784469207,0.15597887810969,0.114094202686477,0.109728832943803,0.112353090228305,0.186464487156947
SNAPC4,-0.000719741433644719,-0.246461905139893,0.00279784750571686,0.0621064809145666,0.0654548099691394,-0.055791906359525,0.0741145254308483
SOHLH1,-0.218236799973172,-0.116831339328881,-0.157980541568131,-0.264301025401565,-0.318088735836558,-0.165335263652691,-0.184477105388841
SOX1,0.0514998553455985,-0.260797038799878,0.208565863476084,0.0407971749902221,0.0290504999420519,0.0608295373624604,-0.0554007125792726
SOX10,0.0976873052806634,-0.127889871009442,0.0818486163271458,0.00180337302185396,0.130951067710789,0.0238128422969862,0.073144593681857
SOX11,0.0929889767164195,-0.165366006149118,0.215840565746688,0.12628127112131,0.169861261301765,0.155836996445945,0.0240861725678906
SOX12,-0.0467110416216605,0.206016349456362,-0.0125552099762681,0.0976019198589043,0.101579713247422,0.0574785967992652,-0.0175062897519669
SOX13,0.0875642041141091,-0.10823025913289,0.0143835951054713,0.225283138317713,0.0771630742720232,0.077776082882365,-0.0166761176209859
SOX15,0.123116197915202,0.0360426217736777,-0.0464998371625522,0.00483207629394927,0.184877545471825,0.188558057633236,-0.0354514247044861
SOX17,0.148148848347158,-0.202739747476937,0.0933387620900791,0.0220469125860377,0.081725254973276,0.265922294710836,-0.0252601533591769
SOX18,-0.0863857285484207,-0.0137207707888432,-0.114768511325004,-0.112594904247607,0.0944009590486358,-0.0116980048776348,0.0332963313947677
SOX2,-0.0261431142763063,0.146525544767423,0.0648016137989873,0.0167120595063629,0.0113015885114297,-0.0181178420287538,-0.0885153564706269
SOX21,-0.00088789795046174,-0.101369873738468,0.0418033969287167,0.0549411590581185,0.0641840700260585,0.11165582706739,-0.0791933899493416
SOX3,0.0827513398684224,-0.0864203772073408,0.132553440531125,0.148566024222751,0.158002322155285,0.0899833216040674,0.140612151680137
SOX30,-0.0999403660435025,-0.0966597583930447,-0.0584052534041771,-0.228926012034647,-0.260389047914525,-0.175190375888992,-0.101867990375328
SOX4,0.144603959149733,0.0879562843851964,0.13429817405311,0.25771374631673,0.15286816219339,0.231886641661686,0.114465922342775
SOX5,0.184745659896352,0.0333803826653947,0.196337791035188,0.21508911318917,0.123640655881676,0.25537255935083,0.0353899304725616
SOX6,0.0676807309614732,0.0260080282116879,0.256746201676507,0.162216263423228,0.0582248555807816,0.188190945792308,-0.149702117235525
SOX7,0.150749458862809,-0.159017589813981,0.0234060184554605,0.0150742716534604,0.0226899735347045,0.113989326623587,0.0505119211412732
SOX8,0.161502604845011,-0.0613338933023663,-0.0275049472091642,0.203281385323208,0.181115062969594,0.203854873234341,-0.0257073841368098
SOX9,0.0449098152510191,0.179086776937961,0.0955047412055567,0.0209088908794253,0.189082300087783,0.0430554868459458,0.0888368035920505
SP1,0.169972528344476,0.141098672739,0.0466432399177838,0.10700113617648,0.254676569620898,0.102571899033885,-0.0135566829469966
SP100,0.168385193909059,-0.228645381876768,0.137148303813338,0.285086480064136,-0.0827273158263195,0.198361542475208,-0.00739328379274349
SP110,-0.017649140255093,-0.202227778417652,0.11302676536042,0.0610407145544059,-0.161598038325768,0.00381573378089403,-0.0787852918647516
SP140,-0.121734672862618,-0.233355497222192,-0.204807516266056,-0.217575901362878,-0.253964643175427,-0.0853490296193307,-0.233664105351377
SP140L,-0.0348411234615357,-0.17325032966211,-0.102319359636459,-0.136818509145498,-0.0495408158085914,-0.08887391930092,-0.0674983051142419
SP2,0.201445395948642,0.0875467091377682,0.085654764455585,0.070271335063595,-0.103608215996162,0.0688068497987621,0.0313956005898279
SP3,0.0916799974999306,-0.00655320395885049,-0.0234060184554605,-0.0343784917137736,0.135113886933384,0.148067073599365,-0.0439851469801934
SP4,0.0247753887034148,0.0259056343998308,0.00390025618655992,0.0791346575616552,0.150612428127122,0.139078626911622,0.112022924219955
SP5,0.045023365255341,0.0462820029593816,0.0727365662551368,0.130953783525178,0.00872890089067192,0.127807721387076,0.0439376287100699
SP6,0.0494100227139722,-0.121643848486162,0.118912253439718,-0.0451264744984459,0.089237541835557,0.0390586171786971,-0.0235019773646077
SP8,0.0936604199711426,0.261104220235449,0.0841998240014642,0.219219710494652,0.198718663386004,0.107628890309694,0.0745142379383576
SPDEF,-0.0512358910126348,-0.0609243180549381,0.0111391077683559,-0.0531588605123129,-0.0451839234864779,-0.00628431524100424,0.0723367830897576
SPI1,0.0841762347143232,0.0129016202939869,0.0653363865737052,0.00475982094749769,0.0294898463306612,0.0613326111197046,-0.0864077814310319
SPIB,0.0447032173264889,0.0479203039490942,0.173471026690547,0.0590958414790842,0.0145086708620218,0.149274890622952,-0.103592624061575
SPIC,0.114440662168328,-0.108639834380318,0.054930724147211,0.116556905744702,0.0816501613619044,0.0900859897177907,-0.148648329715727
SPZ1,0.113362134262694,0.0354282589025355,0.189980268886586,-0.00872182244459254,0.124850930838977,0.212436020848069,0.0141464685349999
SREBF1,-0.0342808645860445,0.00675799158256457,0.0880836486223205,0.127274782135019,0.0265416906530453,0.0360960554228438,-0.0315856736703219
SREBF2,0.00322750116451146,0.0681942786967879,0.0389323542666837,0.135794891737434,0.0837674111059018,0.0316965800810658,-0.0197815763331742
SRF,0.0415705383010032,0.0624602252327937,-0.0117724699372956,-0.0731856340371419,-0.032842727316319,0.0218096407295104,0.0667603743311476
SRY,0.137905691707285,0.0385000732582466,0.159327929955828,0.210338324159979,0.177151680675902,0.221490468466063,0.0632328415725683
ST18,0.168761919704648,0.114578675468027,0.253277647534342,0.159211645266616,0.129685203976239,0.175359778276636,0.206679318305953
STAT1,0.113926532982092,-0.0258032405879738,0.0101801018427445,-0.0872392989219738,-0.0444505417234719,0.0390130032024572,-0.034498264109656
STAT2,0.0338035997241289,-0.209702526683216,-0.140473455200271,-0.181448228137089,0.0405354338942331,-0.0519031315491535,-0.105306076978381
STAT3,0.0703745865327564,0.0736211507252109,0.0899628222273348,-0.0797729131219774,-0.131135388393247,0.0888318253742934,0.0337715140960026
STAT4,0.0894618297071696,0.0203763685595507,0.0185452625645888,0.0404419195368352,0.0498387521498126,0.083428695886503,-0.0635039752315083
STAT5A,0.0635262990325143,0.0534495697893743,0.0372503594501129,-0.0584033944089233,0.04420185508841,0.0968471250126728,-0.0184985830398399
STAT5B,0.0804558949893867,0.164342068030547,0.0234090060128612,-0.0447772403239299,0.132292512677564,0.137701847506592,-0.0255256966333964
STAT6,0.0215699667064104,0.0760786022097799,-0.0112227593755744,-0.0289412768932924,0.0215918513736078,0.026390398626377,-0.038470232453508
TAL1,0.0219143622924354,-0.102496205668896,0.162106358338441,0.0936941098716481,0.0741408002247418,0.0323760963251803,-0.00807810592099383
TBP,0.12229591741523,-0.0153590717785558,0.100398360227836,0.15074572717404,0.193531840371978,0.0356449023973968,0.0454805748929033
TBPL1,-0.0368548618194323,0.149085390063849,-0.0137651707235349,0.125564738935665,-0.143235699861993,-0.136526737610662,0.0395407911274667
TBR1,0.0911396493022806,-0.0936903378491906,0.0299129184740951,-0.0285197873723249,-0.01808293171497,0.144656438861476,-0.0775861543422235
TBX1,0.0283149552443874,0.052732813106375,0.0610104034575514,-0.028321085169583,0.102597865588617,0.204144690652508,-0.0138278166059365
TBX15,0.107761122591175,0.137719676947717,0.0843671272159011,0.0668030784339192,0.117972551085677,0.245344524677272,0.0140262752635111
TBX18,-0.131572321934975,0.0175093418275536,-0.054817196965986,-0.171302373239514,-0.0400424492117869,-0.192739289898985,0.00640099050487055
TBX19,0.0742593372014507,0.0575453222636558,0.108336300241386,0.239746250165771,0.0431588340837094,-0.0498676628602218,0.0793722822603948
TBX2,0.130589601845487,-0.108537440568461,-0.0040317087121889,0.106597710492126,0.255034483327046,0.209863451255631,0.0133162964040189
TBX20,0.102333787228351,-0.0575453222636558,-0.0434107028102711,-0.131796762567113,0.00131706392412183,0.134693671774499,0.0252489725897361
TBX21,0.0919571699063136,-0.0182260985105529,0.0747412172709788,-0.147512300420332,0.0549504815524669,0.188536057323152,-0.106527576039791
TBX3,-0.11474661634664,0.0117752883635595,-0.153794973649808,0.0152549100195894,-0.228683452427548,-0.234009524916016,-0.0662292877827086
TBX4,0.0625366792031809,0.0335851702891088,0.056173548025885,0.0101127378637854,0.121874493151884,0.189003343909327,-0.0603733597880781
TBX5,0.0668829238998571,-0.0244721210338323,0.0548620103269959,0.00149628779943476,0.113392816033714,0.183126767748538,-0.0676995589641767
TBX6,0.00105999717576216,0.0331755950416806,-0.0373399861721326,0.0283030213329701,0.0269790865582423,-0.021108564181514,-0.164225936739152
TCF12,0.132917574069511,-0.0649176767173627,0.0663730689917338,0.2384336113719,0.104865302555357,0.178099110219508,0.0597360559299513
TCF15,-0.0108875923414857,-0.0936903378491906,-0.0441217414716279,-0.0681337810644024,0.0782680231250628,0.14047344657092,-0.0806524803613689
TCF21,0.128495629369953,0.102803387104467,-0.0190113215190916,0.0734866979806902,0.169537968676184,0.195828720109653,0.0725352417473322
TCF23,-0.119108829012674,-0.010444168809418,0.0627133111759269,0.0251298073679717,-0.109077371484111,-0.151172930708229,-0.040742723842355
TCF3,0.473240539366596,0.20161341554651,0.412705660663092,0.44269345451164,0.543732359866115,0.55697847700481,0.536643390851129
TCF4,0.114637206186225,-0.049968180186235,0.136924237008289,0.0249612115595847,0.0824249908974207,0.123743384102238,0.0633865771523796
TCF7,0.142049872594187,0.170690484365684,0.0574940483969762,0.208140557372076,0.105465076204624,0.117201958570724,0.0608876751823559
TCF7L1,0.215429000126718,0.0586716541940833,0.160283948324039,0.253005106239635,0.34365859812945,0.330084879050957,0.0385596786090346
TCF7L2,0.0450963053622839,0.33472537096066,0.0268954854994299,0.144001894838559,0.00105423628432114,0.0105935893114396,0.0412849911602349
TCFL5,0.0450032574420757,-0.0529376007300891,0.089655103815067,0.00748143899717379,0.16743388469522,0.132054807914342,-0.0341628410264314
TEAD1,0.165864423240197,-0.145399212836995,0.153098872775455,0.270737772514627,0.108007531332492,0.226448605015229,0.0832100813709569
TEAD2,0.186740670388953,0.292027151416275,0.154476136737159,0.0398819406018355,0.139777492772073,0.0664959372275841,0.19234557188282
TEAD3,0.219611622421333,-0.158812802190267,0.128887707600517,0.200084086242726,0.30386873651955,0.250827588625033,0.235534089040354
TEAD4,0.194554132925931,0.0301037806859694,0.196307915461182,0.0817418713127829,0.0879614380630924,0.0985817761283952,0.0725939407868965
TEF,0.203748134838372,0.122258211357304,0.138507642430638,0.0910025982163268,0.0870510499304247,0.165556293434664,0.0749558783312701
TERF1,0.260581094814042,-0.107001533390606,0.225899671514706,0.193081338915793,0.170303045794639,0.290264464468433,0.078287747624635
TERF2,0.196282024918781,-0.125022844277444,0.207606857550473,0.161927242037421,0.114060368981557,0.245943226449013,0.0831122496383497
TET1,0.148440411639506,-0.139869946996715,0.200538296740514,0.093531535342132,0.0244595496104684,0.0068486965290147,0.113551894440987
TFAP2A,0.113393675930561,0.0252912715286886,0.0883794168049857,0.0609503953713414,0.11849528064016,0.0919548427250228,-0.0390152949637481
TFAP2B,0.163671291646305,-0.00931783687899054,0.0709171437981357,0.197199893663533,0.244156637336927,0.257990009575839,-0.0338330083279271
TFAP2C,0.0486061044542069,0.0877514967614823,-0.0364885323129449,0.143411809509205,-0.146127779141506,0.0498019552674389,-0.00159605483767733
TFAP2E,-0.00925905660241719,0.000716756682999272,0.0328227993823367,-0.107452732091803,-0.161631684164629,-0.049064064867236,0.0390600180415114
TFAP4,0.106303108994014,0.177243688324534,0.0699551503151236,0.144429405638398,0.229432925678705,-0.00872840302255475,0.0254865639403536
TFCP2,0.0184922884642681,0.0566237779569425,-0.136502991414796,0.0930076840803581,0.0428272519036268,-0.0240689259063589,-0.00393842603552952
TFCP2L1,-0.00965825583636147,0.256906073949311,0.0203915730381959,-0.00998026972862419,-0.173551088296889,-0.0026224369619613,0.0388671497686572
TFDP1,0.00144618547171122,-0.235915342518618,-0.0491766885935424,0.288199481240425,-0.140484055388161,0.0188689326150068,-0.0252909004751392
TFDP2,0.235084584729014,-0.0327660197942524,0.179631370050705,0.256828618322698,0.144791210383262,0.093987084701809,0.0842331217747921
TFE3,0.162022845229396,0.0599003799363677,0.0740959048724365,0.236290036093837,0.288176609847145,0.126338540679696,0.158825625099235
TFEB,0.0980941927961503,-0.00962501831456165,-0.0476291338600012,0.195694573945792,0.229692827593387,0.168488201425134,0.105409499095709
TFEC,0.0365445706617887,0.0449508834052401,-0.125147285734892,0.0937483013814868,-0.0561480783675884,0.0907860395846498,-0.0336289592856321
TGIF1,0.218508452587678,0.131985623483723,0.166749022539064,0.100468048601484,0.0619429645853832,0.200463305431858,0.109800746293592
TGIF2,-0.0336415544054611,0.0196596118765515,0.0641682516300477,-0.141310383183238,-0.0492272756000722,-0.111873483468484,-0.0588443895670457
THAP1,0.287016758059817,0.11375952497317,0.12645284831898,0.109030307155996,0.408267873539379,0.382114585717458,0.188569267004182
THAP10,-0.0605477799087296,0.158915196002124,-0.117708267807252,0.0737456129721416,-0.0443983662921942,-0.212983975237884,-0.000251567312418493
THAP11,-0.0552405000192245,-0.193933879657232,-0.0752849527178987,-0.104345752194385,-0.0605888414764286,0.0292049716297348,0.0265151947289092
THAP2,-0.0214901268596215,0.196288937329944,-0.00958856547741406,0.0175008470384593,0.00398337474866761,-0.0237076808147867,0.169687742610994
THAP3,-0.0446196319066408,0.182260985105529,-0.132499664497913,-0.0166277616021694,0.0558818373818162,-0.127199046141431,0.0102415848077929
THAP4,-0.0826411411663113,0.109663772498889,-0.0933626625492844,0.0147431013155574,0.159613421453803,-0.19601220269575,0.0547270712204631
THAP5,0.168326250417232,0.0932807626017624,0.050544989883044,0.120037204932119,-0.056308505628246,-0.0015746355270479,0.105448631788752
THAP6,0.0961350609507487,0.0177141294512677,0.0250043616648129,0.0944347271727768,-0.0233872713545839,-0.0340573600217665,0.109965662642844
THAP7,-0.0739723080238591,0.140893885115285,-0.149716957797909,-0.00814980095185089,0.137146290648948,-0.210843931741689,0.0118236636836692
THAP8,-0.0582614032592058,0.191374034360806,-0.143676116733777,0.0799354876514935,0.170080690685643,-0.0697565298507028,-0.0981727460751368
THAP9,0.0153377274066996,-0.113247555913885,0.0411401591857705,-0.163896200228227,-0.0582311946518714,-0.0779454852700084,0.023574652365973
THRA,0.181191111063143,0.141508247986428,0.100004002650949,0.255431681624634,0.25627547839809,0.0215578105134205,0.128156774523061
THRB,0.238731787211583,-0.127685083385727,0.136500003857395,0.258779512676891,0.204380429110913,0.301775320041624,0.085334427564713
TLX1,-0.150084718212508,-0.079048022753634,-0.15479879293643,-0.268666452583015,-0.287600729619678,-0.124690130779501,-0.123692852323813
TP53,0.00306072459566363,-0.0633817695395071,-0.020487174875017,-0.0655145247555327,-0.0385591065767707,0.0161385474649021,-0.0877382929944898
TP63,-0.00225010373147653,-0.115909795022168,0.105321854824121,0.0508045404737657,-0.00715827412295759,-0.0194809812415316,-0.0507383317224498
TP73,0.132116809976532,-0.22751904994634,0.1914023462093,-0.0356550028344182,0.026352493762057,0.146264808197319,0.0890995516739098
TRERF1,0.0014252891167492,0.0170997665801255,0.0502492217003788,-0.0331682146607097,0.128124329625586,0.205206278948407,-0.0981727460751368
TRPS1,-0.193182267509132,-0.125841994772301,-0.153932401290239,-0.217419348112233,-0.0324131333447709,-0.2702827561694,-0.026839437042693
TSC22D1,-0.169492503586622,0.0430054009799563,-0.159402618890845,-0.211367962846914,-0.0717933934380989,-0.282860333444175,-0.043898496017027
TSHZ1,0.236044239973873,-0.195572180646944,0.131946966378791,0.0338365766153868,0.105422165569555,0.234762375527076,-0.0434009517769105
TSHZ2,0.174907025146875,0.0347115022195362,0.119396237738624,0.0959460681693889,0.0324716478471384,0.238155996691833,0.0532763663855164
TSHZ3,0.223174845213206,-0.00450532772170971,0.0870858044505005,0.145639682691462,0.197588845869458,0.313290429008097,0.0789753649452456
TWIST1,0.0441021514181946,-0.0481250915728083,0.142666322332355,-0.0763528267232694,0.107020586725894,0.175997787269059,-0.0273817043605729
TWIST2,0.0568684443520205,0.222911328412774,0.0583395271413626,0.0253224882918426,-0.0676954277889616,0.13127585026865,0.170263552237196
UBP1,0.214695262077957,-0.00952262450270461,0.254090263147321,0.197729766204178,0.0816048126225696,0.0901450972175485,0.108951007816089
UNCX,0.0287827576059428,-0.0609243180549381,0.116471419043379,-0.022335933971844,-0.157585406325916,0.0089550062164155,-0.12896458511516
USF1,-0.0263713970974952,0.0202739747476937,0.002998013851561,0.178756716481768,0.0588260920926077,0.0951704080468371,-0.0684458753243516
USF2,0.0216300930107822,0.0881610720089105,-0.0354339245505124,0.176498736905156,-0.0196637985205986,0.142593543119307,0.0170953964750167
VAX1,0.122159302566281,-0.0797647794366333,0.158204608373181,0.149150088273234,0.0969502408684466,0.0898447196505409,-0.0290392534301747
VAX2,0.122159302566281,-0.0797647794366333,0.158204608373181,0.149150088273234,0.0969502408684466,0.0898447196505409,-0.0290392534301747
VDR,0.0223926128314718,0.132395198731151,0.184214283103315,0.0197046351052324,0.0442818249083123,-0.00291166770519327,0.0597584174688329
VENTX,0.127479199122933,-0.0672727343900746,0.0518893907133405,0.126955654354858,0.101778662555472,0.189325135111483,-0.0129193790888697
VEZF1,0.258099159823742,-0.0784336598824918,0.223557426512589,0.220616647192716,0.0612198228602915,0.229902947035817,0.0626151040609629
VSX1,0.0986767279745727,0.00890826163156238,0.0717954856739293,0.0149418035182992,0.174440996353728,0.0651110910421905,-0.00757217610379664
VSX2,0.106742326719065,0.0265199972709731,0.0935628288951285,0.0440366230228012,0.179782882799028,0.0949185778307472,-0.014814519509089
WIZ,0.0845653800416348,-0.0170997665801255,-0.00341029677285189,0.128400761283889,0.296895758320756,0.0429972593585913,0.157056268335225
WT1,0.112170450623586,-0.17150963486054,0.237252389637209,0.0342941938095801,0.0483168874674045,0.142985441976262,0.0401948661397548
XBP1,0.0771929094485247,0.0576477160755129,0.187213790733577,-0.0553867336945699,0.148673159994493,0.150636856485859,0.173150985945289
YBX1,0.0570202386286314,0.163625311347548,0.047560420039786,-0.126498037160664,-0.00528776053060982,-0.00922927674879064,-0.00433254815831849
YBX2,-0.0887844723897215,-0.0601051675600818,-0.0500072295509255,-0.0799415089303644,0.131642514080432,0.0268726454234088,-0.123421718664873
YBX3,-0.148408081429942,-0.163522917535691,-0.169279483657422,-0.111541180445188,-0.0122046623313015,-0.147876697582775,-0.133777906359434
YY1,-0.00815312687282341,-0.0531423883538032,0.204517723198192,0.0214989762087799,-0.0623896252867885,0.0553618736317582,-0.0145489762348695
YY2,0.179266675052395,-0.010648956433132,0.245620537916454,0.119471204718249,0.15956514698935,0.13715359977931,0.0449103556514214
ZBED1,-0.02724431275572,0.0512992997403765,-0.0605742200770553,0.147735087738557,0.00936232037880011,0.0304582559608287,0.00430739142707664
ZBED2,-0.0278077257979979,-0.192807547726804,-0.0839428940650075,-0.250819382009475,-0.0618678709740116,-0.0909514819164782,-0.198053354682359
ZBED3,0.147748269165245,0.0459748215238105,0.0661041888256745,0.159494645373552,0.196263980011687,0.123226376815274,0.0526194961808681
ZBED4,0.105226355307197,0.0261104220235449,0.176581073944632,0.162065731451454,0.155943099292802,0.0183189248629176,0.137889634321296
ZBED5,0.158703281821797,0.01832849232241,0.134859834844434,0.123896844688408,-0.0489386040550592,-0.0708603587419623,0.110988703046679
ZBED6,-0.208334884752536,0.0168949789564114,-0.206208680686964,-0.101305006364548,-0.0872139152953476,-0.132549814891222,-0.17479735424545
ZBTB1,-0.089564340127738,0.0888778286919098,-0.180662077353932,-0.18544635730741,0.0462854589935461,-0.151484455099012,-0.0900862545770624
ZBTB11,0.0350114484680186,0.307181435571117,0.308595260364938,0.0718248250123039,0.0223852105015405,0.232438702776049,0.0579666991659412
ZBTB12,-0.0757930508014934,0.0596955923126537,-0.11234858983047,0.00421790584911086,0.0439161092685154,-0.062828925542855,-0.110368170342713
ZBTB14,0.302933077936455,-0.0985028470064714,0.0964577720163668,0.0480347521931219,0.120617894213542,0.125617223846422,-0.0283069130318009
ZBTB16,0.0332279642855524,0.270217269490726,0.0150348826188149,0.0284294681892604,0.00525460231260157,0.0512736293432957,-0.0677638483884614
ZBTB17,0.157011071340721,0.0310253249926828,0.108434889635607,0.171663649971772,0.241980873090562,0.164399223793002,0.123153380198293
ZBTB18,-0.173810360782217,0.00706517301813568,-0.189956368427381,-0.238301143236739,-0.111701746915294,-0.36140774719807,0.0880513545388328
ZBTB2,0.204948098165295,-0.213798279157497,0.2993487702099,0.175390821592899,-0.0254069969279688,0.163270461216981,0.15290540768032
ZBTB20,0.0015824060498127,0.00788432351299199,0.0476739472210111,-0.0460417088868325,-0.0558394143675998,0.00667181403594282,0.0352110381615084
ZBTB21,0.216315715264635,0.237963218755758,0.195351897092971,0.13751697749453,0.0375970306336784,0.243448977960472,0.200490762420458
ZBTB22,0.0954415385285186,0.300013868741124,-0.00684897534101005,0.186469974715474,0.23258003066437,0.0619926204222117,0.0250253572009196
ZBTB24,0.130902850034493,0.145501606648852,0.233643420297213,0.165118519839033,-0.0368714508043214,-0.0550265889060846,0.115447034861207
ZBTB25,0.0451410551035705,-0.236734493013474,0.1610158998872,0.11929056635212,-0.0560100816661717,0.03562994218654,-0.011032624245731
ZBTB26,0.0921479969969102,-0.00747474826556384,0.166354664962178,0.201739937932241,-0.0446777730409991,0.079073367833626,0.0882945362741707
ZBTB32,-0.111509061275496,-0.190350096242235,-0.140586982381496,-0.156098644090328,-0.202486997338471,-0.109175658777303,-0.209754029902179
ZBTB33,0.0894074203300987,0.0275439353895435,0.127020484225105,0.08840140574407,0.0302602872784999,0.0731545510774768,0.063582240617594
ZBTB34,0.157130732543193,0.0359402279618206,0.141892544965584,0.137727722255014,-0.0368538964536111,0.147331969905106,0.0777874081921583
ZBTB37,0.0888282364538872,-0.118879215566022,0.184539926859987,0.174174523260964,-0.0599159246992024,0.0856049665599696,0.0718448292343614
ZBTB38,0.23328375262922,-0.1127355868546,0.211517570187935,0.157435367999682,0.0651037229549344,0.257087996862413,0.0908912699768015
ZBTB39,0.132909885787968,0.193421910597946,0.191249980781866,0.165804945630323,0.000134095734592189,0.0715501417974491,0.108660307810628
ZBTB4,-0.225024764033618,-0.0528352069182321,-0.258207117245429,-0.219171540263684,-0.281774148046434,-0.11750644286228,-0.120757900345597
ZBTB40,0.168465428026696,0.044848489593383,0.130611528220697,0.0677363766589188,0.0834212003002274,0.177172750496256,0.120154138795793
ZBTB41,0.173492578478455,-0.0359402279618206,0.184796856796444,0.0932425139563257,0.0371323279607098,0.154484710719475,0.130940786113826
ZBTB42,0.0867307155407183,0.15215720441956,0.0652168842776789,0.0785084445590748,0.240777424825204,-0.0100824487738314,0.0819298832699828
ZBTB43,0.235830150903225,-0.0696277920627864,0.285579118150264,0.183922973753056,0.0872670659683314,0.163687880433633,0.112900614621059
ZBTB44,0.194707898556784,-0.0767953588927792,0.221558750611549,0.216805177667395,0.00526094138369138,0.247145910066915,0.153101071145535
ZBTB45,-0.00394428556679363,0.116728945517024,-0.103242514873263,0.0806941687892351,0.157782405150553,-0.158261137279687,0.0569045260690631
ZBTB46,0.08118785881933,-0.0653272519647908,0.049048223625314,0.110981201510188,0.314436943267973,0.180913389885398,0.0898542536111653
ZBTB47,0.237076835325676,0.00204787623714078,0.103759362303577,0.277885030534462,0.340261831267017,0.309807193246933,0.15127581053432
ZBTB48,-0.00852945839756397,0.137310101700289,0.021344603849006,0.0413451113674799,0.153078326781059,0.0103265055470251,-0.0112059261720638
ZBTB49,0.0822033033892297,0.026315209647259,0.0126926376166984,-0.00844484361652816,-0.0787507677695947,-0.062365745681229,0.022118357146306
ZBTB5,0.231235515572094,0.0810958989907748,0.176055263842116,0.169917479099192,-0.0463985870314566,0.177004814795951,0.0841296996574645
ZBTB6,0.127171273590379,0.118776821754165,0.197257958714591,0.157333006258875,0.0377486807189808,0.0669969576225539,0.0959002546862897
ZBTB7A,-0.228049412846658,0.0803791423077755,-0.110412652634844,-0.270647453331562,-0.378782903417249,-0.295476484595964,-0.252366737433512
ZBTB7B,-0.0653492102998144,0.00583644727585122,-0.118075737367533,-0.17502352358177,-0.24899578668272,-0.0846032191074978,-0.011820868491309
ZBTB7C,0.137921462541218,-0.00901065544341942,0.147798945946686,0.217003879870137,0.229788888901441,0.246583435472445,0.00553168568084664
ZBTB8B,0.0572637008774813,-0.0853964390887704,0.0117097312318817,0.0332163848916774,-0.114473871464954,0.00290858766178157,-0.0382913401424548
ZC3H8,-0.241416968824203,0.120927091803163,-0.0892458084511767,-0.240932442103351,-0.216566074228945,-0.188199745916341,-0.105029352934721
ZEB1,-0.124364065150198,-0.0224242447966915,0.0918927843081603,-0.0441450060424786,-0.0468155028608251,-0.114971567134452,0.0121590867668938
ZEB2,-0.130792848467806,-0.0143351336599854,-0.221215181510473,-0.117381820950024,0.0500167337611804,-0.18175908180501,-0.0415868719351371
ZFAT,0.0897386078427043,0.00849868638413423,0.126844218338466,0.170941096507256,0.252976723327122,0.0378276264951545,0.10528930582422
ZFHX2,-0.0391122595616032,0.0751570579030665,-0.21924936874084,-0.0847103617961686,-0.0345484250603316,-0.131286703754958,-0.10366250387058
ZFHX3,0.239824903138606,0.0392168299412459,0.23335661478675,0.144104256579366,0.175749283102495,0.265374780327223,0.151851620160523
ZFHX4,0.197487902308429,0.0588764418177974,0.104022267354835,0.146579002195332,0.249824742132926,0.291159143745165,0.0781563735837054
ZFP1,0.179726197726135,-0.112530799230886,0.187225740963179,0.125426249521633,-0.0120627646630603,0.114492987055767,0.0654466339218511
ZFP14,0.0200652320137206,-0.168437820504829,-0.0123490685156227,0.067176397723919,-0.0946145369822772,-0.0213889948007125,-0.0666066387513364
ZFP2,-0.0779952506248966,-0.201408627922795,0.0769221341734596,-0.047673475460864,0.0872270810583803,-0.0440603143418293,0.199822711446369
ZFP28,0.252934211710487,-0.263664065531875,0.20804602848837,0.135186742571467,0.146198971786054,0.229163443279542,0.0361138852938548
ZFP3,-0.0027821722413114,0.0178165232631248,0.131672111097931,-0.116948288871314,-0.131718095312656,-0.157812917628917,-0.0389817526554256
ZFP30,0.0783240725124122,-0.0418790690495289,0.069548842508634,-0.0205656779837803,-0.050746702178215,-0.0105333084618107,0.0836573121485898
ZFP37,0.0259968397915722,-0.0897993729986231,0.0583514773709652,-0.00563892766265855,-0.0688106166799155,-0.0481355051129756,0.0315213842460372
ZFP41,-0.00724965522385224,0.137514889324003,-0.000201660124544462,-0.0081136732786251,0.218099641811826,0.0471842117049621,-0.0215397523277434
ZFP42,0.06813157967655,0.111814042547886,0.151599118960324,0.0686756961627893,0.00489717622730675,0.0464601081657449,-0.00230603369716952
ZFP62,0.0136283661437214,0.0512992997403765,0.012232553776997,0.0602157993490837,-0.112354183616691,-0.0302323861106374,0.0586347501400303
ZFP64,0.01246723849536,0.13761728313586,-0.0444921985893095,0.00365792691411113,0.0481384182351837,-0.0988248062204517,0.0244076196893142
ZFP69,-0.0247186137012538,-0.0649176767173627,-0.10177861174694,-0.0382863017010298,-0.017599699449585,-0.105188029240289,-0.0601553347839821
ZFP69B,0.0589383663058056,0.120210335120164,-0.00531635839447214,0.0796404449868162,0.20846717948043,-0.0657618602144624,0.170355793585083
ZFP82,0.0853681154888551,-0.232229165291764,-0.00335054562483872,-0.0109376530691076,0.117833091521702,0.0903243264103627,-0.0877131362632479
ZFP90,-0.00744225653326635,-0.161782222734121,0.133425807292117,0.0479624968466703,-0.0375175484346292,0.0806053227591118,-0.0100571021120193
ZFP91,0.215157544647636,-0.0671703405782175,0.243110989699901,0.220429987547716,0.0378130466715851,0.125754945787546,0.176726036973991
ZFP92,0.0986997928192006,0.0351210774669643,0.102707742098545,0.0587706924200521,0.0960847138542607,0.149560307979103,0.0671964243393397
ZFPM1,-0.0340133518154458,0.115295432151026,-0.0474678057603656,0.0346012790319993,0.181401296410342,-0.0454259469230833,-0.0644235935180159
ZFPM2,0.215317815747486,0.0561118088976573,0.15298534559423,0.168448287054676,0.174939832486411,0.296546286340961,0.0708972590242517
ZFX,0.0469653463188398,-0.0477155163253801,0.123811847576798,0.257334405747859,-0.0264178349563674,0.135278000010319,-0.021520185981222
ZFY,0.090356233126629,-0.0984004531946144,0.0712935760306186,-0.00368803330846595,0.033989611562722,0.0201374704944253,0.0588220280281641
ZGLP1,0.0793251261963475,-0.229566926183481,0.0719000501829524,0.0720837400037554,-0.079556317418854,0.153623618582804,0.030389331340154
ZGPAT,-0.0945295900563081,0.0198643995002655,-0.144569396396574,-0.180978568385154,-0.22240728442778,-0.0693741644614504,0.00963223287326808
ZHX1,-0.173059669086978,0.0296942054385413,-0.150604262345905,-0.171127756152256,-0.234616335346759,-0.272087514939922,-0.176656157164986
ZHX2,-0.149841058828234,-0.0124920450465587,-0.135272117765725,-0.282918819670589,-0.218260556693337,-0.266566757127551,-0.0417741498232709
ZHX3,-0.244336741591585,0.0968645460167588,-0.193054465451864,-0.236651312826095,-0.243867478171061,-0.245745223658261,-0.0862624314283013
ZIC1,0.218215312211937,-0.089594585374909,0.0474887186621702,0.11043326513293,0.244267814891426,0.0340117460455266,-0.049706905741534
ZIC2,-0.138530413866479,-0.0581596851347981,-0.214860646919272,-0.270268112762691,-0.206238264561081,-0.116810206382502,-0.156964026987339
ZIC3,0.0307754024734533,-0.0414694938021007,0.0209114080259105,-0.0606975016587609,0.140555735653561,0.140084041082441,-0.136939268918827
ZIC4,0.0697461188005024,-0.167823457633687,0.0593941349037951,0.0968552812789046,0.136186652810121,0.109334354347372,-0.158389575091043
ZIC5,-0.217268470769649,-0.107103927202463,-0.194428741856167,-0.252541467766571,-0.297136155401316,-0.185730137775094,-0.17154095514581
ZIK1,-0.00885157768065777,-0.10720632101432,0.0324911805108636,-0.111173882434059,-0.196050402078046,-0.0411256196454152,-0.024675958155894
ZIM3,0.139841561572634,0.0351210774669643,0.205972663652312,0.0788516574547198,0.113456694365466,0.198660013348675,-0.0819885823095471
ZKSCAN1,-0.0241473152420091,-0.230795651925766,-0.0684942347462015,0.199072511392403,0.146619788582247,0.0759400836715243,-0.0190632118966014
ZKSCAN2,0.100103002768443,-0.00911304925527646,0.157242614890169,-0.00982973775685007,-0.00837683863476079,-0.0322521612450428,0.0688316118700599
ZKSCAN3,-0.0855212897134352,-0.308614948937115,-0.0446057257705346,-0.0782073806155266,-0.134716963558991,-0.207268001340705,0.00664137704784822
ZKSCAN4,-0.0851445639178463,0.0456676400882393,-0.143186157320069,-0.142863873131947,-0.225545124617238,-0.157980999997956,-0.0212658234764433
ZKSCAN5,0.0321985231005366,0.065941614835933,0.0189336450266744,0.0737516342510126,-0.125668671009563,-0.113439318871498,0.0932336411746537
ZKSCAN7,-0.11883540217935,-0.0784336598824918,-0.111694314759726,-0.106712114790674,-0.031812872074651,-0.143428088215143,-0.0368993343470725
ZKSCAN8,0.190080538745241,0.19813202594337,0.330066835403472,0.134650848751951,0.0868603901768773,0.15506698559302,0.123430104241954
ZNF10,0.0727435629250075,0.0865227710191978,0.146427657099784,0.07591929464456,0.0816740547837044,0.0386794785015903,0.121630000361981
ZNF100,0.104864611803845,-0.218610788314778,0.0491916263805457,0.0186448900239426,-0.0146208236582262,-0.0546679838517224,-0.00246535966170123
ZNF101,-0.0181404017321246,0.125022844277444,0.0751893508810776,-0.147867555873719,-0.14092340177677,-0.0318118617059037,0.0272671014738044
ZNF107,0.036579660767291,-0.0453604586526682,-0.0780245428543027,-0.0825065737293955,-0.0917712197880697,-0.0623016514445188,-0.0945809238922728
ZNF112,-0.0197736687213732,0.0257008467761168,-0.0244188004142838,-0.0870707031135868,-0.135037818080306,-0.0499528773946122,0.0392333199678441
ZNF117,-0.0559381622853622,-0.173045542038396,0.0543720509132878,0.126750930873245,0.104611252090912,0.0668961962023712,-0.016214910881552
ZNF121,0.166312512059335,0.0610267118667952,0.176088126973524,0.0790443383785907,0.0918682563378292,0.0139182761712684,0.12106816669758
ZNF124,0.0315387108358396,0.0523232378589469,0.0493051535617707,-0.128382697447276,-0.0356860445105264,-0.0742464998012912,-0.113331074244531
ZNF131,0.17506985900724,0.125637207148587,0.234635289354232,0.188541294647086,0.0243956712787172,0.100729153061285,0.19793316141087
ZNF132,-0.0375966824205841,0.0576477160755129,-0.0568547111132352,-0.0830785952221371,-0.157951609586566,-0.150994581527818,-0.0925488190464034
ZNF133,0.00351275612328547,0.117855277447452,-0.0877430670786454,-0.0549110526637637,-0.0294206041695263,-0.0941576604393236,-0.08366010734095
ZNF134,0.218597952070251,-0.081710261861917,0.305398573946234,0.203678789728692,0.185391010230099,0.165504226034133,0.128659909147898
ZNF135,-0.0866104629319746,-0.086932346266626,-0.132036593100811,-0.132531358589371,0.00828419067267891,-0.0841761197544088,-0.0807419265168954
ZNF136,0.10800103640239,-0.2109312524255,0.209235076333832,0.151263557156943,0.0237247049849032,0.103314336164838,0.130527097644515
ZNF138,-0.000492444289576694,-0.0805839299314896,-0.137184154502146,0.0756362945376246,-0.0124791928715757,-0.13540545514007,-0.116115085835296
ZNF14,0.100513635856989,-0.0314349002401109,0.118114575613742,-0.00697565157201275,-0.148481524999239,-0.0474357485835842,0.0329860650427848
ZNF140,0.148702207482804,0.0809935051789178,0.160770920180346,0.147319619496461,-0.0235325823687965,0.0716573566419231,0.0235578812118118
ZNF141,0.10830265360137,-0.0197620056884085,0.157365104743596,0.14843957736646,-0.0139010952791059,0.0653313874804939,0.0728119657909925
ZNF142,0.200768827172891,-0.00430054009799563,0.218039407993573,0.143219128585334,0.234151145052938,0.168749418440193,0.122457377300602
ZNF143,0.114883625466438,-0.0144375274718425,0.201775145504387,0.105586135641804,0.152122102288204,0.159655516932783,0.0330671256212308
ZNF146,0.133368422784588,0.0246769086575464,0.188617942711886,0.193761743428212,0.0258458556957251,0.0136020583810006,0.151286991303761
ZNF148,-0.0356249339080356,0.109868560122603,-0.0535415099559047,0.0732097191526258,-0.0761853944616329,-0.210922252845586,0.120458814763055
ZNF154,0.0125259848517627,-0.128504233880584,0.120044537694567,0.103436539084869,0.0193668374210835,0.0183199515440548,-0.0951371671719536
ZNF155,0.136783794008333,0.0592860170652255,0.201709419241572,-0.000123436216854779,0.0213963154115297,-0.00466787912479756,0.173679277301367
ZNF16,-0.0802518598253707,-0.109663772498889,-0.0316427142090765,-0.00125543664459617,-0.0865107660252314,-0.234060858972878,0.0394820920879024
ZNF160,0.156518035644872,-0.197415269260371,0.16836230353542,0.153876792186941,-0.0510992520549792,0.143117150499296,0.040742723842355
ZNF165,0.120862151475242,0.130040141058439,0.181958677265818,0.223211818386101,0.2770715325395,0.224827475499538,0.189586717023297
ZNF169,0.104261771676733,-0.0408551309309585,0.103953553534619,0.0561333722745695,-0.083737666233865,-0.0281268097669061,0.0451367662325981
ZNF17,0.0517793933770716,0.153078748726273,0.0271255274192806,0.0570666704995691,-0.164549607349355,-0.0551600574539249,-0.00173022407096719
ZNF174,0.0214258607113421,-0.0462820029593816,-0.0310571529585474,-0.0118408448997523,-0.000124830938384002,0.0469432349751801,0.0682837541674596
ZNF175,0.203215080651417,-0.189735733371093,0.152913644216614,0.263108812185114,0.213878308086864,0.257482682425312,0.0958750979550479
ZNF18,-0.0540762182040764,0.228440594253054,-0.0848481239574071,-0.0494136250545728,-0.0710882936845705,-0.206864075647571,0.0927808200123004
ZNF180,0.0350552125321843,-0.0747474826556384,-0.0317353284884969,-0.0878354055301993,-0.118639128791814,-0.0838046078514643,-0.04366649505113
ZNF181,0.110906221148384,-0.0419814628613859,0.0134694025408697,0.0356670453921601,-0.076162963902392,0.0137688207314341,0.0825895486669913
ZNF182,0.136609526293367,0.0142327398481284,0.0613928108048358,0.0805978283272996,-0.0768124748786713,0.00101729433826418,-0.0634257098454225
ZNF184,0.111696339928457,0.00471011534542379,-0.0671050205548952,0.0178621237707171,-0.148861869264628,-0.000450566350511472,-0.0645465819818649
ZNF189,0.0964607286714776,0.118162458883023,0.142475118658713,0.0493413697081212,0.0591781543485188,0.0993743739663392,0.134063015980175
ZNF19,-0.0515371139407666,-0.125330025713016,-0.0638904087917864,-0.0392436850415132,-0.146219939482735,-0.0933681426447913,-0.0317338188654128
ZNF195,0.0306281423115983,0.21922515118592,-0.00852798260018023,-0.0273396167136158,-0.0415779672780807,-0.15574444847486,0.108394764536408
ZNF197,0.0960262421966069,-0.213183916286355,0.128125880463349,0.120970503157119,0.11057387988216,0.0645616699650368,-0.0153651724040495
ZNF2,-0.022963319884444,0.0984004531946144,0.0113123860975941,-0.0291339578171633,-0.177912856827533,-0.102182933551607,0.0115469396400088
ZNF200,0.0389470600761487,0.154512262092272,0.122697488666352,0.0180427621368461,-0.0804008767363582,-0.100697619283499,0.0872910622168569
ZNF202,-0.0660417470449237,-0.172226391543539,-0.0949281426272296,-0.0387860678473199,0.012560137933184,0.0662414669742842,-0.10502096735764
ZNF205,-0.0566480469477984,0.197005694012943,-0.130608540663296,0.00705994947620625,0.162697623349424,-0.0209651221597691,-0.0566082356788813
ZNF207,0.2329263461052,-0.0612314994905092,0.190004169345792,0.169754904569676,0.173845123671285,0.272725963938547,0.115754506020829
ZNF208,0.0891627752687037,0.03942161756496,-0.123091846243239,0.0943805356629381,0.0600485575712354,0.0285430556336872,-0.00689294436026671
ZNF211,-0.0836033591716852,-0.197517663072228,0.0262471855434869,0.00590988521185197,-0.177763157225643,-0.065319213975581,-0.00647366550623589
ZNF212,0.00867809850738816,-0.0266223910828301,0.0791239639777451,-0.0649304607050491,-0.164408197301967,-0.0412307811276147,-0.00287625293865144
ZNF213,0.0585738629065152,0.265814335580873,-0.0521134575183899,0.0589031605552134,0.124504720033303,-0.0629565273413397,0.0171177580138983
ZNF214,0.156772340342052,-0.0794575980010622,0.0840982470498418,-0.0412427496266735,-0.00540527715619788,0.0659545829307945,0.0255117206715954
ZNF215,-0.00301873475031542,0.226392718015913,-0.107825427925873,0.0352395345923216,0.130257183236881,-0.139396604726697,0.082871863095372
ZNF217,0.093595956687439,-0.0389096485056748,0.116617809356012,-0.00453703362927199,-0.101997604318497,0.0502352147073513,0.057052671264154
ZNF219,-0.0214863812865623,0.110278135370031,-0.156833319526278,0.169586308761289,0.242372432635572,0.140970360241341,0.0316667342487679
ZNF22,0.025368174923894,0.0651224643410767,0.0429117807243611,0.0682301215263379,-0.102235563294791,-0.0583401289421377,0.0889681776329802
ZNF221,0.0181585381911483,0.0216050943018352,0.0406920255756717,0.16641309479629,-0.00750692303289728,0.00107610850055425,-0.00293774717057596
ZNF222,-0.0203280135341393,0.0787408413180629,0.0752042886680809,-0.0801763388063321,-0.181991317642548,-0.174665741827866,-0.122588751341532
ZNF223,-0.166125430541798,0.0107513502449891,-0.0162567935956843,-0.00911922685007622,-0.150559765074992,-0.0738468275014397,0.00121311348432918
ZNF224,-0.134468832722305,-0.0993219975013277,-0.107156215068126,-0.0865287880152,0.0491643725100272,0.081275892210459,-0.121565710937696
ZNF225,0.0487283284171923,-0.113145162102028,0.048812206590662,-0.163938349180324,-0.197384045111172,-0.0421792878296843,-0.0964089796958472
ZNF226,0.0735443270179861,-0.0800719608722044,-0.0017103766118771,0.0576748196655365,-0.0617420647939215,-0.11089050961395,0.0963866181569655
ZNF227,0.0477217549413802,-0.0742355135963532,0.152053227685224,0.0693380368385954,-0.150168693150835,-0.0126173245016601,0.167239154103454
ZNF229,-0.000655081014516955,-0.281992557854285,0.0246458547767339,0.076930869494882,-0.146748032866602,-0.10767963769162,-0.0688204311006191
ZNF23,0.103732857333685,0.0874443153259112,0.132905972304403,0.0257018288607133,0.046924242311058,0.109916482552183,0.0760404129670298
ZNF230,-0.0595536259646402,0.138129252195145,0.0698147351172926,0.15043262067275,-0.160851490799729,0.0354263659839,0.00893622997557691
ZNF232,-0.079256128797888,0.00389096485056748,0.0219510780013397,0.106790391415997,-0.0209018678665243,-0.039584864595896,0.137895224706017
ZNF233,-0.0703704466888488,0.106079989083892,-0.0928876409225797,-0.0794357215052034,-0.122887769284547,-0.0387542795558744,-0.0520380961699454
ZNF234,0.060514661157469,-0.0753618455267806,0.095651131518189,0.120928354205022,-0.120244376640096,0.0371570570438074,0.0402954930647222
ZNF235,-0.0168814949133749,-0.0240625457864041,-0.0361838014580777,-0.0892323422282632,-0.151735418951725,0.0407423742437595,-0.0716575513462276
ZNF236,0.063441333664697,-0.140074734620429,0.145540352551788,0.119639800526636,0.0510046536094851,0.0796006419319622,0.0278373207152864
ZNF239,0.0319883767383714,0.22373047890763,-0.0343703541158779,0.0881424907526185,0.0594287914669929,-0.15740019181175,0.146090728706139
ZNF24,-0.0169357071550217,-0.110175741558174,-0.230333206697283,-0.225584202261262,-0.120655441019227,-0.0837947810462936,-0.0467104595313938
ZNF248,0.00939882561815373,-0.06051474280751,0.0505091391942361,0.017037208565395,-0.0186646633926735,0.0259093251792163,0.00511520201917602
ZNF25,0.216884450963365,-0.00327660197942524,0.207600882435671,0.107892285449383,0.16734952628764,0.173619993755227,0.0632719742656112
ZNF250,0.109508530991018,-0.00460772153356675,0.0539657431067982,0.133741635642435,-0.0147953919236226,0.063376586595202,0.178548502392845
ZNF251,0.0790779183744383,-0.125432419524873,0.0311527547953685,0.0487633269365086,0.0436703483585719,0.0263418512754592,-0.0656618637335869
ZNF253,0.129229761689562,-0.0702421549339287,-0.0151304844556359,-0.0739563577326254,-0.126637573644598,-0.0977139372299654,0.0135678637164374
ZNF254,0.0848604917716173,0.08160786805006,0.159238303233809,0.0913578536697137,-0.0713447822532814,0.0981658235990819,0.0639428204320605
ZNF256,-0.100251248607419,0.0366569846448199,-0.115972496957469,-0.0587586498623102,-0.0439873019130625,0.0435475604481483,-0.037069841081045
ZNF257,0.042246318535058,-0.112428405419029,-0.116008347646277,0.0235040620728112,0.245898419024067,-0.0332288283440194,0.0468054960716407
ZNF26,0.159053197199699,0.145604000460709,0.159686436843907,0.0853004471255231,0.00109909740280289,-0.0333188829466281,0.103584238484495
ZNF260,0.132426509727903,-0.130552110117725,0.0785115147106101,0.124029312823569,-0.0623057545000617,-0.0172272694765709,0.075607158151198
ZNF263,-0.255739251661002,-0.0492514235032357,-0.106011980583673,-0.200264724608854,-0.345428174205214,-0.334188083550277,-0.149897780700739
ZNF264,0.207513224304595,0.068501460132359,0.150559448984895,0.120573098751635,0.0590284547466286,0.0686867281057058,0.0942399104243277
ZNF266,0.171737087526221,-0.0514016935522335,0.115545276249175,0.136306700441466,0.0512782089080531,0.0172960571127656,0.0697120974635246
ZNF267,0.174823439727027,0.081710261861917,0.203370501156339,0.188282379655634,-0.0134607736487905,0.111628253345419,0.126130260061912
ZNF268,-0.115027140055234,-0.0466915782068097,0.0658502464466185,0.0231066576673275,0.0536651129837941,0.120588979642456,-0.0789557985987242
ZNF273,-0.144617561494001,-0.135057437839434,0.0182972953003341,0.0325540442158713,0.0884846552384285,-0.0391275514836256,-0.0213273177083678
ZNF274,-0.00736971069717178,0.0233457891034049,-0.0939063979962043,-0.00742122620846414,0.0037195718671608,-0.0399961237257249,0.049393844197191
ZNF275,0.207534120659557,0.00911304925527646,0.176455596533805,0.183561697020798,0.171407994647679,0.094687281237402,0.167412456029787
ZNF276,0.0614484916617624,-0.00092154430671335,0.0261963970676757,-0.0239917856613593,0.0789302122435217,-0.0472598927716495,0.0182442205350612
ZNF277,-0.0160720568617329,-0.0873419215140542,0.0666718247317997,-0.0271469357897449,-0.054374113704147,-0.0702934840854757,0.0435602777414422
ZNF28,0.0877601567257341,0.0253936653405456,0.10182641266535,-0.0266953398744225,-0.0356255795247467,-0.0618078178175097,0.0471101720389031
ZNF280B,-0.0678366650819917,0.181032259363245,-0.0437662221409495,-0.00986586543007586,0.0667787005852041,-0.0955878272634894,-0.0525999298343467
ZNF280C,0.156680475234388,0.109049409627746,0.192304588544299,0.0992276651540648,-0.02156990843522,0.0160323593015654,0.179918146649346
ZNF280D,0.122614882531537,-0.172226391543539,0.234285745138355,0.0919057900469715,-0.0370625981787219,0.127658119278508,0.0863686487379891
ZNF281,-0.177668892439497,0.124613269030016,-0.180948882864395,-0.198729298496758,-0.0316407419135199,-0.134160090920606,-0.121395204203724
ZNF282,0.0880850359047662,-0.00911304925527646,0.0900763494085598,0.146855981023397,0.13950149936924,0.108034136021433,0.0343053958368018
ZNF283,0.1121909527077,-0.0370665598922481,0.116118887270102,0.150583152644524,-0.00951982191433931,0.0477704466343222,0.152589550943617
ZNF284,0.0113938361107543,0.130040141058439,-0.0323627155426353,0.049726731555863,-0.00870110650204736,-0.191733435721964,0.0511771769230021
ZNF285,-0.0230650417633157,-0.0518112687996617,-0.0193429403905647,-0.0588369264876327,-0.126330860128022,-0.158526167681827,-0.108338860689204
ZNF286A,0.119733551171869,0.0410599185546726,0.110179623157592,0.0529962859827969,-0.0404398602070328,0.0250196326394368,0.173637349415964
ZNF286B,0.00870333184168192,0.0573405346399418,0.127483555622207,0.142424319774366,0.0786230111060924,0.140742877035077,0.0437419652448555
ZNF287,-0.0181335019922787,0.00399335866242452,-0.0951193463008717,0.0906172363685851,-0.0630006142156758,-0.251100539138803,-0.00585872318699068
ZNF292,0.148296108509013,0.0113657131161313,0.213238403250714,0.124727781172601,-0.0118716172886598,0.153453482851491,0.135262153502703
ZNF296,0.0132758880053054,0.0582620789466551,-0.0753178158493059,0.0814528499269766,0.184055904334414,0.00940894594780645,-0.216744805995053
ZNF3,0.0768794641240943,0.0828365937923445,0.204180129211917,0.12509507918373,-0.0629991513531166,-0.0761885405067347,0.12175298882583
ZNF30,-0.0536985067313666,-0.126149176207872,-0.0929414169557915,-0.0578373941950526,-0.0916337107075061,-0.118128904968911,-0.190704793967379
ZNF300,-0.0142755617412715,-0.187483069510238,-0.0162508184808829,0.0656951631216617,-0.0107569160185589,0.0661336654548747,-0.156829857754049
ZNF302,0.066148791580248,-0.0454628524645253,0.127743473116065,0.113251223644542,-0.0145954673738669,0.0793241713685787,0.123550297513442
ZNF304,-0.0880690679354085,-0.185844768520526,-0.151826173322774,-0.0144360160931382,0.0119242803407905,-0.118208839428882,0.00880206074228705
ZNF311,-0.068929386738166,0.0322540507349672,-0.103090149445829,-0.136138104633079,0.0414414334392232,-0.0993805340531626,-0.141951048820675
ZNF316,0.152058240943874,-0.115090644527312,0.0262262726416823,0.096271217228421,0.126650739407631,0.183967472931199,0.0839256506151695
ZNF317,0.174201477463771,0.0665559777070753,0.244709332909253,0.123180312502763,-0.00875572003759036,0.131537947296112,0.11753504355428
ZNF318,0.156740207267912,-0.00522208440470898,0.16858637034047,0.167749818705644,0.0789204598264605,0.216669173845616,0.0120724358037275
ZNF319,0.0360002797556553,0.00808911113670607,0.146054212424702,0.0257319352550682,0.0378705859322465,0.072650890645297,0.0773429726068856
ZNF32,-0.134767295754498,0.108844622004032,-0.0914775138294688,-0.0332103636128065,0.0116297573455408,-0.22227338616757,-0.0389118728464205
ZNF320,0.14281732080048,-0.00675799158256457,-0.00604532240023286,-0.00377233121265946,0.137445202231876,0.0493770559453582,0.0756183389206388
ZNF322,0.190778595282227,-0.0446437019696689,0.145904834554669,0.101479623451806,-0.0738794354475003,0.122167135219117,0.0526781952204324
ZNF324,0.119978393368688,0.00696277920627864,0.196415467527605,0.284147160560265,0.248437948426816,0.0265401474036791,0.116078748334613
ZNF324B,0.0423730766127994,-0.0850892576531993,0.224274440288748,0.10088351684358,0.00911997281482805,-0.0918213741771825,0.127346168738601
ZNF329,0.0539604997100886,0.0740307259726391,-0.0523315492086379,-0.0771476355342368,0.105124229228333,-0.0212063922270189,-0.124970255232427
ZNF331,0.143719609636907,0.117138520764452,0.150066502013786,0.1386429566434,0.145493384411672,0.234441611006057,0.147292661421028
ZNF333,0.214403501650186,-0.106796745766892,0.208031090701366,0.155869835493231,-0.0155316994117469,0.13503526325573,0.0944719113902248
ZNF334,-0.0992584746112984,0.079150416565491,0.00773329233160502,0.0489560078603795,0.0331835742926097,-0.0479615559945815,-0.0216319936756302
ZNF335,0.118938504006191,-0.0121848636109876,0.0555939618901572,0.199626469048532,0.212230637224366,0.0740125631707359,0.0778181553081205
ZNF337,0.18463684114221,-0.063176981915793,0.172031024023429,0.166461265027258,-0.0134466326440517,0.142250338282003,-0.00553727606556705
ZNF33A,0.200535024559825,-0.0165877975208403,0.129171525553579,0.176004992037737,0.00321195855912273,0.0401697795066512,0.12256918499501
ZNF33B,0.100316697568243,-0.194548242528374,0.0391175828255246,0.109608349927608,-0.124631501455099,-0.0192972053179669,0.0934740277176314
ZNF34,0.0298118045201103,-0.0849868638413423,0.0392938487121634,0.0780568486437525,0.148848215880742,-0.030211559150425,0.00512638278861685
ZNF341,0.0805936926508816,0.107615896261748,0.0798977413445157,0.141816170608399,0.267086032710486,0.156376004042993,0.0356834256703831
ZNF343,0.162110373357727,0.147037513826708,0.148244091999385,0.0254429138692619,-0.023731531676846,0.0700632141732677,0.137596139123475
ZNF345,0.156651102056187,-0.147754270509707,0.113675065316363,0.135535976745983,-0.0113030513739889,-0.00589490975252509,0.0581707482082362
ZNF347,0.0724198665585203,-0.133623924473436,0.186227896791359,0.0891480443240697,-0.115983058005182,0.0043415411918913,-0.00983907710792328
ZNF35,0.0762421252977527,0.13485265021572,0.205300463237164,0.16010881581839,0.0195038588807941,-0.0713934995896541,0.131561318817791
ZNF350,0.0963010489778999,0.124306087594445,0.0661400395144824,0.116231756685669,-0.0627499770972016,0.155937757866128,0.0512107192313246
ZNF354A,0.110430730505286,-0.0348138960313932,0.170838988620566,0.232141374951742,-0.0729744111442163,0.109044683597938,0.124081384061881
ZNF354B,0.177819898174411,0.0364521970211058,0.15988062807495,0.180478802238864,-0.0484036839792497,0.0898717066975767,0.155834769273816
ZNF354C,-0.189512788723631,0.0752594517149236,-0.180829380568369,-0.0864505113898774,-0.0416623256856605,-0.138303629321745,-0.114242306953958
ZNF358,0.117229537014061,0.121951029921733,-0.0824192397906716,0.123758355274375,0.304656731818099,0.0530141472083737,0.0517613721262851
ZNF362,0.18689561883235,0.362166912538346,0.00859968397779604,-0.0138098030905578,0.191193698381543,0.210372538430965,0.170652083975265
ZNF366,-0.0269945421732966,-0.198643995002655,0.0119576984961364,-0.0445243466113494,-0.0870754309730778,0.100797500691278,-0.0413101478914768
ZNF37A,0.0954888510303194,0.0504801492455202,0.211717736533779,0.0476493903453801,0.0058602274121052,0.0136074851241546,0.167968699309468
ZNF382,-0.0475334906112978,-0.193524304409803,-0.115019466146659,0.0495701783052179,-0.00907998790487692,-0.159501661430932,0.0211763773209167
ZNF383,-0.145250169070163,0.0188404613816952,-0.172386543354107,-0.0684228024502087,0.0787088323762313,0.00602089819493699,-0.00994249922525088
ZNF384,0.127324250679535,-0.207859438069789,0.183413617719939,0.286501480598813,0.196361016561447,0.256811819636497,0.182942544783088
ZNF391,-0.0116970303931277,-0.164342068030547,0.0501655700931604,-0.0697414625229501,-0.0168443747481912,0.0536737165046791,-0.0932028940586915
ZNF394,0.144544029980786,0.142634579916855,0.213728362664422,0.085324532241007,0.0492984682446194,0.187211931993589,0.0837132159957939
ZNF396,-0.0115617954921471,-0.184411255154527,0.0966250752308037,0.0513404342932815,0.0769163381203736,0.0883404851157604,0.0516551548165972
ZNF397,-0.0996198238438021,0.0466915782068097,-0.156438961949391,-0.112745436219381,0.0890044590677931,-0.0174430191841238,-0.0836349506097081
ZNF398,0.11438309862447,-0.00839629257227719,0.24097488615843,0.152497919325491,-0.0331923514679648,0.0160706398411108,0.0309930928899583
ZNF404,-0.0121256028052734,-0.0357354403381066,0.0824401526924762,-0.0228959129068437,-0.0846465915039735,-0.0628944864669041,-0.0205027359621072
ZNF407,0.203820089268194,-0.186356737579811,0.215673262532251,0.129243740325824,0.0620395135142896,0.114493427061969,0.0482310441753455
ZNF408,-0.0253072600778255,0.0496609987506639,-0.0189993712894889,0.102262389705031,0.112716485910517,-0.116442214529171,0.0246535966170123
ZNF41,0.211212470539146,0.0625626190446508,0.0883585039031811,0.136306700441466,0.0418286043965548,0.0421853012477738,0.104917545240313
ZNF410,0.150480566144241,0.12553481333673,0.144521595478164,0.0400324725736096,0.032124949420611,0.272545854733329,0.0585089664838211
ZNF414,-0.0592624569431411,0.153590717785558,-0.0705705871396592,0.0213845719102316,0.197131945130139,-0.102588472600815,0.0067867270505789
ZNF415,0.00677317890363332,0.129835353434725,-0.167074666295736,-0.0297360857042598,-0.0820027112386686,-0.0831042646471373,-0.0574412030022226
ZNF416,0.0654103222813071,0.0533471759775172,0.0890546047775346,0.0405262174410287,-0.127645973568731,-0.0554010341837069,0.0599401049722463
ZNF417,0.0300308219763632,-0.0212979128662641,0.0762768217749174,0.0745223579464961,-0.0953659607168465,0.0377138115576555,0.063160166571203
ZNF418,0.0882778343496045,0.023652970538976,0.0608819384893231,0.237771270696094,0.0674043181396833,0.0115227357406357,0.0262720129935713
ZNF419,-0.072624690264233,0.0498657863743779,0.0774539193907769,0.072493186966981,-0.0594044104243398,-0.0102431977061753,0.023887713910316
ZNF420,0.0292878185626664,-0.0277487230132575,0.0911847332042042,0.0747812729379476,-0.0861621171152918,-0.0153566564445321,0.111153619395931
ZNF423,0.212147089585136,0.0804815361196325,0.102907908444389,0.150330258931943,0.290716139249895,0.326644617228823,0.0374304208955116
ZNF425,-0.0767531003172014,-0.0334827764772517,0.0897805812258946,-0.112486521227929,-0.0214007039992073,-0.0451896635927858,-0.00419278854030822
ZNF426,0.115829875502454,-0.256906073949311,0.131337504669057,0.0521533069408618,-0.187885190893514,-0.0558620140143246,0.0392389103525645
ZNF429,-0.0416314531470718,-0.153795505409272,-0.0486747789502317,-0.124017270265827,-0.0134666250990272,-0.0879070790071141,-0.0199576734518671
ZNF43,0.0278091057459671,-0.0573405346399418,0.0102786912369662,0.0983907073910007,-0.0700716042059352,-0.034949692598756,0.0508333682626968
ZNF430,0.208078017294842,-0.166697125703259,0.165428522167973,0.127756484444696,-0.101327125645536,0.0324030833722161,0.13331669962
ZNF431,-0.132665043591149,0.167925851445544,-0.13906332810716,-0.118465651146797,0.0768870808691898,-0.108892294783426,-0.0492065663090572
ZNF432,0.0886352408736248,0.226699899451484,0.185525820802204,-0.0437596441947368,0.0263266498568447,-0.0599308980299136,0.208157975064502
ZNF433,-0.00313524178599989,0.0913352801764787,-0.0366588230847825,-0.031410001230388,0.0403325836193591,-0.0663013078177115,0.0837942765742398
ZNF436,0.0185656228420594,0.0677847034493597,-0.0762678591027154,-0.0262015950070034,-0.181340343803709,-0.0139731302777435,0.0176180974463751
ZNF438,-0.18557284013617,-0.0114681069279884,-0.211780475239193,-0.160476113829519,-0.15023305910344,-0.277549898596204,0.040510722876458
ZNF439,-0.0451252842696369,0.117752883635595,0.113453986068714,-0.102135942848741,-0.112956882991076,-0.0119521817934669,0.120808213808081
ZNF44,0.0577115925611956,-0.166901913326973,0.140894700793764,-0.130484123773243,-0.16869974842977,-0.0699642127778917,-0.00703270397827698
ZNF440,-0.0738009973402554,-0.109356591063318,-0.0779707668210908,-0.0298866176760339,-0.0124099507104408,-0.0993077863611529,0.0548332885301509
ZNF441,0.0691963081024922,0.0610267118667952,0.089269708910382,0.0696150156666598,-0.0967532420438094,0.02438338367182,0.0583775924428914
ZNF442,-0.0166155592261696,-0.03942161756496,0.0131198583249926,-0.0143577394678156,0.0266372643402455,0.0890123745857126,0.0524573750239762
ZNF443,-0.00178841256807036,0.0498657863743779,-0.209360553744659,-0.165997626554194,-0.139900860847898,-0.173562939617744,-0.118147190681165
ZNF444,0.024001040757275,0.167413882386259,-0.0674665150003749,0.0988362820274521,0.226123930569823,0.0138393683924354,-0.0469256893431296
ZNF445,0.144817456814109,-0.204992411337792,0.191802678900988,0.105893220864223,-0.00804915742150279,0.167974420850316,0.123156175390653
ZNF446,-0.0276237984472473,0.148163845757135,0.0729247823713783,0.106254497596481,0.0988675660626884,-0.00793756520941743,0.151155617262832
ZNF449,0.0945646801618104,-0.089492191563052,0.157359129628794,0.0385873656445781,0.0738721211347044,0.101580125055318,0.0983879758868726
ZNF45,0.102552213278331,0.0381928918226755,0.0840952594924411,0.0577470750119881,-0.129075190289058,-0.0144957109765951,0.174310990774774
ZNF451,0.189558327006615,0.0484322730083794,0.249089092058619,0.176125417615157,0.0193770774589979,0.146695280931287,0.203763932674259
ZNF454,0.0776299586839096,0.00153590717785558,0.0210667610107448,0.0706205692381109,-0.0675140328316223,0.0196025696219268,0.0298498592146343
ZNF460,0.151939171147675,0.204992411337792,0.162270673995477,0.0436392186173175,-0.0022069719809609,0.164432077589394,0.0702907022820872
ZNF461,0.124910918816846,0.0564189903332284,0.149779696503323,0.0791948703503648,-0.0707381819120716,-0.0670559184535779,0.0390544276567909
ZNF462,0.071755125908219,0.00276463292014005,0.109104102493355,0.113967755830187,0.120819769246709,0.160095816471922,0.0480968749420557
ZNF467,0.0955501601472363,-0.06327937572765,0.0378418958154433,-0.00174918151201528,0.183264983310747,0.183071180298394,-0.116816679117707
ZNF468,0.0552945151254471,-0.0127992264821299,0.139678764931696,0.0795501258037517,-0.0221950383688461,-0.00560201229094585,0.151865596122324
ZNF469,0.157897589343214,0.0988100284420425,0.0355086134855289,0.0926102796748744,0.321221212196632,0.300825346652215,0.14786567585487
ZNF470,0.0343944145903664,-0.16219179798155,0.140616857955503,-0.00150230907830572,-0.106716798934436,-0.104444565428198,-0.0410446046172572
ZNF471,0.0649547423160502,-0.317830392004249,0.221717091153784,0.14226174524485,-0.0859743830868627,-0.0661445189411826,0.000841352900421849
ZNF48,0.0705975466974927,0.0701397611220716,-0.0367693627086068,0.146807810792429,0.230178497963038,-0.0210774704099292,0.129081983194289
ZNF480,0.0925446334703403,0.167209094762545,0.0113900625900113,0.102105836454386,-0.0792452153146001,-0.0972318371016675,0.103754745218467
ZNF483,0.0145468200849295,0.0365545908329629,0.121669768920525,0.332094604209758,0.143008956165319,-0.0631266630726527,0.128724198572183
ZNF484,0.222383740756012,0.0731091816659258,0.143299684501294,0.146801789513558,-0.0565059920737363,0.0677954222098536,0.246105506546652
ZNF485,0.00217755789538197,0.234993798211904,0.0177774603126195,0.0190483157082972,-0.0201260630893019,-0.127871522286319,0.105331233709623
ZNF487,-0.0464342634861258,-0.129937747246582,-0.0498847396974985,0.0237208281121659,-0.052673779789518,-0.00746646523616129,-0.119547582053628
ZNF490,0.123046806245894,-0.0965573645811877,0.0552474052316808,0.148120449586299,0.019167400492181,0.131902859106032,0.00201533369170815
ZNF491,-0.0748456179529323,0.00829389876042015,-0.0658054330856086,0.0549532016158604,-0.0157169953359107,-0.0675308318139152,-0.0749307216000283
ZNF493,0.0473454234166396,-0.197312875448514,0.064410243779501,0.0735890597214966,-0.0291392469373092,0.0583722493948597,-0.0139899377628284
ZNF496,0.0980342636272026,-0.0851916514650563,0.0656919059043836,0.12828033570647,0.049007358595341,0.201526213746362,0.0754394466095857
ZNF497,-0.0515446050868851,0.0298989930622554,-0.109292318609597,-0.00999231228636612,0.121430758175597,0.00662561338476732,-0.0672718945330652
ZNF500,0.00172473782606345,0.106387170519463,-0.13529601822493,0.0983726435543877,0.0784299132482796,-0.00139437965309654,0.114804140618359
ZNF501,0.0188199275392387,0.00112633193042743,0.0984654105896094,-0.116972373986798,-0.0618625071446279,-0.0841775864417477,-0.0484770211030436
ZNF502,0.0762890435287052,0.157379288824269,0.141298021042853,0.0472580072187674,-0.0151167340657908,0.117583590616307,0.0734939927268826
ZNF506,0.138980474039859,-0.0252912715286886,0.0563916397161331,0.120253970971474,-0.0953474311244302,0.0252302489413035,0.101275409594965
ZNF507,0.230488766585338,0.0543711140960876,0.189508234817282,0.213565729634816,0.017264216302678,0.0524069386500672,0.178148789885336
ZNF510,0.140406945969154,-0.086829952454769,0.206904781561318,0.130014464021308,-0.0707118503860063,0.079689229847232,0.103997926953805
ZNF511,-0.0759395224216517,0.101062692302897,-0.139391959421233,0.0210353377357156,0.178226884656905,-0.133761151964424,-0.0523120250212455
ZNF512,0.0456441447060524,-0.138743615066288,0.109779290465904,0.10356900722003,-0.0328261482073148,-0.109594544681294,0.0125727752362042
ZNF512B,0.0116051652854645,0.257520436820453,0.066782364355624,0.10750090232277,0.160035213491702,0.0830816776621182,0.0949862267845026
ZNF513,0.0363996761250238,0.0428006133562422,-0.0146913135177391,0.0580782453498912,0.288245364387427,-0.0382350722379022,0.084300206391437
ZNF514,0.0897058833622921,0.127275508138299,0.154984021495271,0.0657613971892423,-0.00997916075792419,0.00435283468440086,-0.0706401013271129
ZNF516,0.239109695819717,-0.160758284615551,0.127250526144956,0.195026211991115,0.116883693720789,0.239629430792497,0.0988547730110269
ZNF517,0.0636422146619263,0.167311488574402,-0.106893310016868,0.110920988721478,0.133997722800724,-0.119352708884493,0.110533086691965
ZNF518A,0.0395700080165259,-0.0480226977609512,0.116328016288148,0.0210052313413608,-0.101750380545994,-0.0134963102238656,0.0503525951767415
ZNF518B,0.209947452522247,-0.0981956655709003,0.30737932450287,0.151335812503394,0.0340788461788324,0.167503027539592,0.0802387918920585
ZNF519,-0.0259108887466341,-0.155024231151557,0.0674844403447788,0.0643223115390817,0.00387463529843467,-0.00143427354871474,0.0268701841586553
ZNF521,0.189176475689997,0.0153590717785558,0.136198260559929,0.111420754867769,0.156536046250126,0.273691484213748,-0.01428343296065
ZNF524,-0.0556467961284389,0.136798132641004,-0.100001015093548,-0.0337884063844191,0.131811230895591,-0.127196406104221,0.0200359388379529
ZNF525,0.0867137618942396,0.039524011376817,0.0842386622476728,-0.0434344951357047,-0.157711212506006,-0.0709573067750639,0.0281643582214304
ZNF526,0.00305579621005938,-0.00655320395885049,-0.0315052865686462,0.0550856697510217,0.0749317212484092,-0.00871828287991631,0.11236673288026
ZNF527,0.0133533622270042,-0.195776968270658,0.0685002098610028,-0.0266531909223258,-0.0360015352024579,-0.0389162018380895,0.0281615630290702
ZNF528,0.188949769952202,-0.112530799230886,0.208975158839974,0.212090516311429,0.252482275782117,0.147055352672988,-0.0581567722464352
ZNF529,0.137640938832624,0.00655320395885049,0.186120344724935,0.165395498667097,-0.0530316934956659,0.0425233726793913,0.154347726938186
ZNF530,-0.112393410788322,-0.0331755950416806,-0.081137577665789,-0.00276075636233737,-0.126659516582986,-0.0931152857475641,-0.0185209445787215
ZNF532,0.261965379762564,-0.0832461690397726,0.161302705397664,0.189595018449505,0.181372039159158,0.241323601337665,0.103992336569085
ZNF536,0.0986240928163193,-0.132190411107437,0.0224231120706438,-0.0323794271286133,0.105899546384703,0.0790903814067573,-0.0208521350071329
ZNF540,0.00814524145585661,0.0217074881136922,0.027086689173072,-0.105309156813739,0.00462800951641624,-0.0737133589535994,-0.0744946715918362
ZNF541,-0.0437273969768474,-0.197620056884085,0.0380301119316848,-0.0731735914794,-0.0708030354855289,-0.0403834758519295,0.0375003007045167
ZNF543,0.0736677337935165,-0.0984004531946144,0.107198040871735,-0.0476975605763478,-0.213006442001588,-0.0477592998105465,-0.0666625425985404
ZNF544,0.00753215028668787,-0.0622554376090796,0.101019772167173,-0.109096541223576,-0.183777960448169,-0.161571450603594,0.0320692419486375
ZNF546,-0.0176954670797729,-0.296020510078699,0.0473722039235445,-0.00848097128975395,-0.144109028809828,-0.0254555321165592,-0.0688288166776997
ZNF547,0.221536649838353,0.104236900470466,0.0889440651537102,0.0920442794610037,0.150366667217179,0.0670541584287712,0.0543217683282333
ZNF548,0.108191272086714,0.0575453222636558,0.214051018863693,0.123680078649053,-0.0817530493619006,0.0587986154042793,-0.00330391736976288
ZNF549,0.118564340971116,-0.0252912715286886,0.245154478961951,0.208983536414012,0.0473791925669653,0.141407726405802,-0.0414666786636483
ZNF550,0.11080016229018,0.0667607653307893,0.0765008885799668,-0.0403877280269965,-0.119508556772824,-0.0274860140685387,0.0280581409117426
ZNF551,0.137495650025011,-0.14386330565914,0.097234536940538,0.0555673720606989,-0.200777886248487,-0.06073904275365,0.0851778967925415
ZNF552,-0.0510186477751995,0.0313325064282539,-0.00614689935185526,-0.118832949157926,-0.059046984339045,-0.0696088344356751,-0.00482729720607486
ZNF554,0.0389975267447362,0.0980932717590432,0.0791777400109569,0.0725353359190777,0.0631532395426843,0.097098515222561,0.0476831864727452
ZNF555,0.0516189251417972,-0.00665559777070753,0.118419306468609,-0.0063494385694324,0.0204917787290988,0.0812857190156296,0.0530443654196194
ZNF556,-0.0583792902428594,0.159631952685124,-0.208031090701366,-0.148361300741138,-0.174306412998283,-0.131212929381811,0.0294585322842055
ZNF557,0.0672290937046997,0.232843528162906,-0.043945475584989,0.00198401138798291,-0.0405256814771718,-0.125907187933324,0.133325085197081
ZNF558,0.116522017976715,0.110687710617459,0.14491296549765,0.0270204889334546,-0.0476376316190885,0.0600080457839399,0.149277247996774
ZNF559,-0.0153497526675739,-0.125432419524873,0.0362943410819021,-0.0329935975734517,-0.112465848792043,0.0549871350166681,-0.169833092613725
ZNF561,0.038274828279729,0.16147504129855,0.00561511413453801,-0.0772981675060109,-0.0922754197501364,-0.140699609758579,0.0687225993680119
ZNF562,0.162693105671574,0.185947162332383,0.213570022122187,0.15018574823904,0.0208930906911692,0.0356911030485723,0.18282794189632
ZNF563,0.0351553573276627,-0.00819150494856311,-0.0392729358103588,0.190708955040633,0.158021339368554,-0.00390608172097054,0.0978457085689928
ZNF565,0.0221438279261693,0.0865227710191978,0.0634422751816876,0.00285709682427281,-0.0595580109930545,-0.075857509174344,0.112581962691996
ZNF566,0.0814792249762533,-0.197722450695942,0.129724223672701,-0.00627718322298083,-0.0947018211149754,-0.0540606286246821,0.185122794824049
ZNF567,0.127440166308947,0.216153336830209,0.145211721237716,0.131074209102598,-0.0471027115432789,0.102063545202221,0.0828886342495333
ZNF568,-0.0942614858794369,0.226802293263341,-0.159339880185431,-0.106543518982287,0.107800780090794,-0.0482136795481392,-0.0506488855669233
ZNF569,0.160851466538977,-0.0123896512347017,0.0628178756849499,0.0685733344219829,-0.0332152696480587,-0.0133855753297783,0.0340705996785446
ZNF57,0.0571523193628253,-0.160860678427408,-0.00228996274760489,0.182809037161927,0.000712901687177384,0.0395669710103614,0.136058783325362
ZNF570,0.0614130072854118,0.0703445487457857,0.151748496830357,0.242046378694479,-0.0991630642996443,-0.0205139691343221,0.0356694497085821
ZNF571,0.0161798899387538,-0.19884878262637,0.107024762542497,-0.0113169936379784,-0.0660931056657982,0.0429085247745876,0.0522589163664016
ZNF572,-0.0134245281151296,-0.141098672739,-0.057688239628019,-0.182676569026766,-0.186276042078408,-0.186107516427394,-0.18473426308598
ZNF573,0.11322295665323,-0.0477155163253801,0.255267360763181,0.0443978997550591,-0.0318299388045081,0.072109976354709,0.145568027734781
ZNF574,0.0749351174355055,0.00255984529642597,0.105650486138194,0.0761721883571405,0.149297802307266,0.0532357636652822,0.068247416666777
ZNF575,0.0651146191450521,0.130449716305868,-0.0921855649334249,0.0506359446653787,0.216467574816626,0.117858301154884,-0.0623803079027057
ZNF576,-0.0859403996252207,0.230693258113909,-0.124451184860539,0.0715538674631105,0.122826329057062,-0.24452449978609,0.0471325335777848
ZNF577,-0.0103125483091817,-0.249124144248176,-0.0543630882410859,0.241101037911738,0.0608111965854251,-0.0849568374249077,0.00547298664128233
ZNF578,-0.0850310139135244,-0.00604123489956529,0.0194594551291904,-0.0468003900245741,-0.0237534746152339,-0.0521797487812709,0.105308872170741
ZNF579,-0.0285921276507704,0.0286702673199709,-0.0780006423950974,0.0458670917995745,0.194328125225029,-0.00776156272874888,0.0527313038752763
ZNF580,-0.0437139917680038,0.126865932890871,-0.138913950237127,0.0802004239218159,0.182284865396091,-0.095865471176744,0.0366254054957724
ZNF581,-0.0696057583784934,-0.104134506658609,0.00812764990849197,-0.0791768065137519,0.0387390386715508,-0.0225636646904412,0.00569101164537835
ZNF582,0.10555596573641,-0.151030872489132,0.0791837151257583,0.0949645997134217,-0.0296200410984289,0.0468685805896298,0.0829137909807751
ZNF583,0.208920179826897,-0.114373887844312,0.118078724924934,0.108584732519544,-0.0525860080359668,0.010709604279947,-0.0472191845409511
ZNF584,0.144315550024173,0.0291822363792561,0.124337657679314,0.264397365863501,0.199252120599254,0.187946009006711,0.0892840343696834
ZNF585A,0.0335220903384141,-0.182056197481815,0.186783582467882,0.0757747839516568,-0.110631906763674,0.0862432688898608,0.0653599829586847
ZNF585B,0.0317561512086991,-0.271138813797439,0.0449164317402031,-0.1271543565576,-0.0789687342909137,-0.00842773211807932,-0.0494134105437124
ZNF586,0.237076638190251,0.344043207839651,0.199773482045946,0.237855568600288,0.186033206893583,0.140779104212348,-0.00662460589368698
ZNF587,0.06955785447042,0.0103417749975609,0.11456834497916,0.0300010219745822,-0.0205224988428417,0.0284865881711393,0.108953803008449
ZNF589,0.160993009773531,-0.113042768290171,0.100431223359243,0.308521297429931,0.17894417493176,0.216758495104555,0.105761693333095
ZNF592,0.0401734395499104,0.0778192970113495,0.0569682382944602,0.214920517380783,0.0941688515225781,0.0331311469672483,0.121951447483405
ZNF594,-0.0416355929909793,-0.220453876928205,0.00388830595695729,-0.0367930245410305,-0.14618092981449,-0.112608440494009,0.0251595264342095
ZNF595,-0.0284653695730291,0.0145399212836995,-0.00918524522832514,-0.0468967304865095,-0.135277727540013,-0.0139597834229594,0.046129059520471
ZNF596,0.0104872102949964,0.0853964390887704,0.108521528800227,-0.00978758880475332,-0.103595537853982,-0.192227562686441,0.0221155619539457
ZNF597,0.0438072368236362,-0.0391144361293889,0.154864519199244,0.0281825957555508,0.0205634589944989,0.0430051794702214,0.153478422114162
ZNF599,0.00381358478056891,-0.16423967421869,-0.0550860771320453,0.075570060470044,-0.0722025073338183,-0.0938254557570617,-0.0139396243003447
ZNF600,0.0612988658748173,0.00276463292014005,0.00779304347961819,0.00469358687991708,-0.106585141304109,-0.097394492727552,-0.00880206074228705
ZNF605,0.0197281304383899,-0.182260985105529,0.037459488468159,0.0682361428052088,-0.0817579255704312,-0.0607909634854472,-0.0607003972942222
ZNF606,-0.0802569853463992,0.0590812294415114,0.0515966100880759,0.0245216582020042,0.116604286971984,0.0913395673863524,-0.101736616334399
ZNF607,-0.121311423106925,-0.055395052214658,-0.0299637069499063,-0.072318569879723,-0.118029602725486,-0.113593761048285,-0.114505055035817
ZNF610,-0.0179602199544332,0.0575453222636558,0.00073045778446105,-0.0596076501831163,-0.0618639700071871,-0.105375471882201,0.00518508182818116
ZNF611,0.128385627803266,-0.08160786805006,0.103708573827765,0.0376901950928043,-0.0123524114497794,0.0556990650509723,0.149006114337834
ZNF613,-0.0157891675280489,0.123589330911446,0.0979545382740968,-0.0936579821984223,-0.200062058836191,-0.108402861218434,-0.0662125166285474
ZNF614,0.128582566092012,0.0130040141058439,0.171914509284803,0.0670800572619836,0.00635126161113914,0.0591394735418407,0.103612190408097
ZNF615,0.100367164236831,-0.0672727343900746,0.197069742598349,0.069061058010531,-0.0703222413244093,0.191892571298235,0.08665375835873
ZNF616,0.00398292410993095,-0.111404467300458,-0.051946154303953,-0.0940011950940673,-0.126620019293888,-0.0392597000128609,0.0423807065654355
ZNF618,0.0734682327442564,-0.0724948187947835,-0.0140489886765975,0.0371603225521594,0.162570354306774,0.129342756355974,-0.0688483830242211
ZNF619,-0.0155056867880924,-0.0558046274620862,0.0421469660297925,-0.0895635125661662,-0.149783960297769,-0.129041058770361,-0.030104221719413
ZNF620,0.0167643964714179,-0.0220146695492634,0.0975153673362,-0.0354502793528054,-0.0879058492858433,-0.0698286908677769,0.0361977410646609
ZNF621,0.175677036113683,0.0188404613816952,0.146149814261523,0.14150908538598,0.00616303996185701,0.0968311381206787,0.14215230267061
ZNF623,0.111538237318273,0.0216050943018352,0.0737822113453674,-0.00371813970282078,-0.170582452543444,-0.0773133430269406,0.142633075756565
ZNF624,-0.0328721348449256,-0.124613269030016,0.0422276300796103,-0.00678899192701284,-0.0155755852885226,-0.0691773350205694,-0.0533154990785593
ZNF626,0.0187706436831962,0.00542687202842306,-0.0301369852791445,-0.0503107956063466,-0.10127690069767,-0.0793502784032112,-0.0639484108167809
ZNF627,0.0372948680861798,0.0555998398383721,-0.035341310271092,-0.00317020332556298,-0.123657722611533,-0.145399315998631,0.0709839099874181
ZNF628,0.0187227397751229,0.0740307259726391,-0.0621456752698017,0.0741550599353673,0.259495238890862,-0.0137258467924042,0.118328878184579
ZNF629,0.0503403047806305,0.0961477893337595,0.208054991160572,0.0588128413721489,0.121810614820132,0.0171854688874122,0.101465482675459
ZNF639,-0.156669238515211,0.0713684868643561,-0.263892438978882,-0.0888048314284247,-0.0898168354089952,-0.189049691229237,0.0638785310077758
ZNF641,0.13116602582576,0.121643848486162,0.048059342125696,0.114684288015831,0.0195648114874269,0.0306577254389197,0.0512246951931256
ZNF644,0.18918179834645,-0.17048569674197,0.206767353920888,0.217780624844491,0.11442705986306,0.183524680023583,0.022473346576052
ZNF646,0.0899109042034289,0.06051474280751,0.0877430670786454,0.101889070415031,0.0235472109943884,0.0971071686778606,0.0283795880331662
ZNF649,-0.106818815263643,0.081710261861917,-0.26637808673623,-0.0772138696018174,-0.013394457212774,-0.0178753986116329,-0.106471672192587
ZNF652,0.156225486675404,-0.0461796091475245,0.121317237147248,0.218629625165297,0.0778706121298169,0.0924975170404175,-0.0408796882680051
ZNF653,0.00867179017381472,0.052630419294518,0.0440321147496081,0.0719512718685941,-0.13468819392866,0.0414650110956377,-0.144399637328215
ZNF654,0.188920396774001,0.00225266386085486,0.251099718189262,0.152570174671942,-0.0370201751645055,0.233823842298911,0.159233723183825
ZNF655,0.18825427617573,0.0442341267222408,0.267695599549921,0.197151723432566,0.0435835518467268,0.114731617085807,0.157715933732234
ZNF658,-0.0667916501984664,-0.0351210774669643,0.0756404720485771,0.167954542187257,0.123519725910116,0.0830623173892447,0.0717917205795175
ZNF660,0.0992537433611183,-0.211033646237357,0.0926038229695171,0.0845116595934267,0.0756031751630762,0.112705095189642,-0.125434257164221
ZNF662,0.118575577690294,-0.182465772729243,0.0828643858433697,0.073004995671013,-0.0399502888705581,0.00924115691623577,0.0752661446832529
ZNF664,0.249142706097426,-0.0356330465262495,0.16754670036504,0.127672186540503,0.153603982060661,0.139860224594524,0.119321171472451
ZNF665,0.0550169484482157,-0.0803791423077755,0.0571743797551057,-0.0167180807852338,-0.200720834608679,-0.0197495316932851,0.00500898470948822
ZNF667,0.175546335327459,-0.286805067011566,0.086775098480832,0.290710354529617,0.341514041617681,0.191742235845998,0.211774953978608
ZNF668,0.025389071278856,0.0772049341402073,-0.141820843587968,0.177233332927414,0.276163094890244,-0.0448014314541778,0.0222972494573591
ZNF669,0.0941984025437025,0.000819150494856311,0.192071559067048,0.0221552956057151,-0.013067263620369,0.0468775273823971,0.140860923800195
ZNF670,0.046325444731984,0.105772807648321,0.126345296252556,-0.0272011272995836,-0.0367144368896353,-0.00135873915076116,0.210103428947205
ZNF671,0.110030939865069,-0.249431325683747,0.0696892577064649,-0.200782554591757,-0.0749877976465114,0.00320016510475579,-0.0309595505816359
ZNF672,0.0088868649215842,0.068501460132359,-0.0161611917588632,0.0941637696235834,0.16880800025915,-0.0686836480622941,0.143477223849347
ZNF674,0.0445443261746079,-0.104953657153465,0.0893772609768057,0.118838970436797,-0.0644171527938224,0.0174116320750712,0.0215900657902271
ZNF675,-0.0991336878877988,-0.173455117285824,-0.0956481439607883,-0.132091805231791,-0.139942308620409,-0.127762694085772,-0.0945893094693534
ZNF676,0.01423436043762,-0.0874443153259112,0.186493789400018,0.146825874629042,0.0579820203959565,0.0153245359918101,-0.125266545622609
ZNF677,0.166553017276823,-0.176117356394107,0.27639835425804,0.0530023072616678,-0.123243732507283,0.0921418453607332,0.0492596749639011
ZNF678,0.0356895943271634,-0.119186397001593,0.108452814980011,0.0338365766153868,-0.107553556318291,0.0229621636404215,0.166889755058428
ZNF680,0.0772051318448232,-0.107718290073605,0.0532547044454415,0.202299916867241,-0.0124177526440898,0.00426454010659881,-0.0757832552698909
ZNF681,-0.0270499372274884,-0.136490951205433,-0.0437453092391449,-0.0682421640840798,-0.0615718851162026,-0.00946248003567647,-0.0500311480553179
ZNF682,-0.0291567235055933,-0.17877959550239,-0.12549981750817,-0.0987820905176134,-0.045410667183152,0.00563985282428959,-0.211291385700292
ZNF683,0.223583704082935,0.234174647717048,0.088779749496674,0.131718485941791,0.206941413831197,-0.093168966504168,0.147644855658414
ZNF684,-0.0676623973670254,0.0424934319206711,-0.210525701130916,-0.0227333383773277,0.0020743391089279,-0.185227650692785,-0.0261713860686039
ZNF687,0.094922480956679,0.0273391477658294,0.148829653249914,0.147879598431461,0.126794587559284,0.0730160957926842,0.124380469644423
ZNF689,0.110207967475973,0.0365545908329629,0.171478325904307,0.170224564321611,0.0611964170593445,-0.0564473689312814,0.0943740796576176
ZNF69,-0.0289118813087742,0.278203986815575,-0.175729620085444,0.150547024971298,0.0884407693616528,0.0763242090855834,0.0343557092992855
ZNF691,-0.171902878417948,0.256291711078168,-0.0605174564864428,-0.0108774402803979,-0.0535807545762143,-0.277073958554729,-0.0350041939268532
ZNF692,-0.0068739151053842,0.119903153684593,-0.0427474650673249,0.0296517878000663,0.170917935690351,-0.0464159608768439,0.0856642602632173
ZNF696,0.0438210363033281,0.130040141058439,0.0227965567457261,0.0121539514010425,-0.0221365238664786,-0.0316778064831278,0.057460769348744
ZNF697,0.0852232209520902,-0.0901065544341942,0.0616228527246865,0.231545268343517,0.0694947487367622,0.110276700962618,0.0679930541619982
ZNF699,0.207829626660388,0.0107513502449891,0.27789512051577,0.121903801382118,0.042204072453413,0.125840600328138,0.088177138195042
ZNF7,0.15375991392531,-0.0241649395982612,0.0906678857738902,0.130809272832275,-0.0694474495140152,-0.100995796819498,0.0231441927425014
ZNF70,0.015473947984801,0.217996425443636,0.0406651375590658,0.0985171542472909,0.108719457777963,0.0549193740616107,0.00147027118146808
ZNF700,0.119657259762715,-0.0257008467761168,0.0268387219088173,0.0251719563200684,-0.102928960147846,-0.0240347520913624,0.0411284603880634
ZNF701,0.0269584663906735,0.0303085683096835,-0.00145344667542045,-0.0467160921203806,-0.126331347748875,-0.0809307806796147,0.0490863730375684
ZNF707,-0.0524232376724108,-0.00163830098971262,-0.0225814526128787,0.0354081304007086,0.0350706669939616,0.0287874057443487,-0.0149962070125024
ZNF708,0.121125327266509,0.00911304925527646,0.0678758103642651,0.0890757889776181,0.0567195700073776,0.211500127657114,0.101513000945582
ZNF71,0.105274259215271,-0.0874443153259112,0.00164465034906261,0.0250033605116814,0.188998429301056,0.10216679999088,0.111435933824312
ZNF710,-0.0163340498404548,-0.0243697272219753,0.113952908154624,0.0852041066635877,0.215079318247957,0.221012915068515,0.0323767131082601
ZNF711,0.0367225839498143,-0.136183769769862,0.104392724472516,0.112107180659059,0.112091843597744,0.0470379829772733,-0.0147390493153635
ZNF713,0.00782469925615617,-0.00542687202842306,-0.0162060051198731,-0.0490101993702182,-0.0311672620651962,0.0811145566031795,0.0772451408742784
ZNF714,0.0729495694432651,-0.0996291789368988,0.150631150362511,0.113654649328896,0.0561666079600048,-0.0028466934560798,0.0893902516793712
ZNF717,-0.0384459418279085,-0.0543711140960876,-0.104300110193096,0.0196263584799098,-0.0870018002242654,-0.0706677826943642,-0.0441808104454078
ZNF718,-0.0241303615955305,0.138026858383288,0.0849138502202216,0.100564389063419,0.00820714657789504,0.0718499326895212,0.0938290171473775
ZNF721,0.124819842250879,0.0959430017100454,0.179177261325805,0.154689664834522,-0.0301642259704466,0.0580343246319761,0.163065931909667
ZNF726,-0.195582391298402,0.0357354403381066,-0.160185358929817,-0.18120135570338,-0.0888620737786988,-0.08048461439112,-0.0866202160504076
ZNF736,0.105453455315841,-0.123384543287732,0.0643624428610905,0.0927367265311647,-0.0567039661400796,-0.0622799444719031,0.00744080206286698
ZNF737,-0.0416426898662495,-0.145501606648852,0.0235703341124967,-0.0543149460555382,-0.0256854284350675,0.0487205666924646,0.0284886005352142
ZNF74,-0.0878155517799258,0.14591118189628,-0.111072902820389,-0.0249913179539395,0.125125949000104,-0.0770488992997361,-0.0281308159131079
ZNF740,0.0857002886785816,0.0298989930622554,0.0671289210141004,0.00887235441636666,0.12137711988176,0.142635930383401,-0.059786369392435
ZNF746,-0.0777578995741959,-0.0353258650906784,-0.194587082398402,-0.0543330098921511,-0.145549948430627,-0.0700372538073691,-0.0963810277722451
ZNF749,0.101873476012914,-0.0373737413278192,0.220608707358139,0.0209149121582963,0.00694469618931621,-0.0129065552448921,0.175730948493758
ZNF750,0.232225332536852,0.08160786805006,0.18246656202393,0.164480264278711,0.232968176863408,0.261043212609237,0.120808213808081
ZNF75A,0.100383132206188,0.109356591063318,0.0645088331737228,-0.0632143962268242,-0.115863103275329,-0.108241525611154,0.0289526024670083
ZNF75D,0.0987575534984824,-0.247793024694034,0.0179955520028676,0.0389125147036102,0.0374809768706495,-0.0677753285933106,0.0160639704941009
ZNF76,0.106442089468054,0.149494965311277,0.00015983432093524,0.191786763958536,0.244734468047806,0.00233687293707659,-0.000981112518432123
ZNF761,0.0540095864307069,0.229362138559767,0.13928739491221,0.0831749356840726,0.0446885006997664,-0.052073853955402,0.0764345350898188
ZNF763,-0.0611247952952752,-0.0309229311808257,0.0794257072752116,0.00471767199540094,-0.0230322833735544,-0.00537614244075455,0.0170059503194901
ZNF764,0.0555693219067401,-0.109049409627746,0.0744334988587109,-0.0268940420771644,0.0449523035812732,0.0151645204031356,0.0408014228819194
ZNF765,0.0534049720847775,0.0926663997306202,0.0506824175234743,-0.0469027517653805,-0.0334732210793288,-0.0230344713262295,0.032144712142363
ZNF766,0.107405687421397,0.0153590717785558,0.126593263516811,0.180545036306445,0.15396530911278,0.153410948918663,0.0567479952968916
ZNF768,0.0102267943996678,0.113145162102028,-0.0821115213784038,-0.0493594335447341,0.18130864844826,0.0455064680579892,0.0429034075367939
ZNF77,-0.0145968924826686,0.0378857103871044,-0.0826223936939164,0.0618656297597281,-0.103676970536444,-0.0881641892976241,0.0638114463911309
ZNF770,0.238963224199559,-0.0617434685497944,0.237894714478351,0.197440744818372,0.124561771673111,0.12605444334215,0.168153182005241
ZNF771,-0.0474045640438906,0.167823457633687,-0.123435415344315,0.0193855073250712,0.158681090382748,-0.069463045714188,0.0733178956081897
ZNF772,0.0697731263536137,-0.047305941077952,0.0505001765220342,-0.038768004010707,-0.113924810384406,-0.0256811086292828,0.0521443134796332
ZNF773,0.198667166415814,0.100038754184327,0.194404841396962,0.0262919141900679,-0.0122802435635262,0.0245498526847857,0.0905670276630177
ZNF774,-0.024444004055385,-0.0874443153259112,-0.303014503140508,0.00587977881749715,0.0134354173644312,-0.232579798098052,-0.117993455101354
ZNF775,0.0855141928381651,0.196391331141801,-0.0648613649470005,0.217925135537394,0.187579940239497,0.000957160157369096,0.104056625993369
ZNF776,0.0239397316403581,-0.128913809128012,0.0905005825594534,-0.0141831223805576,-0.231163004465371,-0.0424006109491249,0.0237954725624292
ZNF777,0.0542094817508153,0.0801743546840614,0.00692665183342717,0.0497387741136049,0.245901344749185,-0.0571981661800666,0.132570383259825
ZNF778,0.126763991804044,-0.0515040873640906,0.248216725297626,0.146013001981461,0.161227934098293,0.0110506090862423,0.186201739075088
ZNF780A,-0.00608931611718754,-0.0612314994905092,-0.0119367855943318,0.0736191661158514,-0.00745474760161959,-0.0216576919211998,-0.0785281341676127
ZNF780B,-0.032152590546705,-0.17427426778068,0.0286252812344112,0.00886031185862473,-0.10232772363602,-0.0211546181639556,0.00768398379820486
ZNF781,0.0205237690103401,-0.0676823096375027,-0.133363068586704,-0.0248708923765202,0.0816062754851287,-0.0410637254397135,-0.0688651541783824
ZNF782,0.0306113858005439,-0.087034740078483,0.17702621999733,0.0595956076253743,-0.0645883077132473,0.00533830190741082,-0.0285668659213
ZNF784,0.0912123922737993,0.37865231624733,-0.0163016069566941,0.224566606132068,0.263301119649014,-0.00909668821335367,0.0488264201480693
ZNF785,-0.0134257109276746,0.142327398481284,-0.0249655234186043,0.0255151692157134,0.0579532507656258,-0.173553699487509,-0.050713174991208
ZNF786,0.00418183375291849,0.0930759749780483,-0.0834828102253061,-0.181412100463864,-0.0156638446629269,-0.0359790137731992,0.0395240199733055
ZNF787,-0.0532092166085767,0.00839629257227719,-0.103553220842931,0.0211075930821672,0.207524120750607,-0.11725461264619,0.0985445066590441
ZNF789,-0.00374734727804779,-0.118776821754165,-0.0724587234168755,-0.0366665776847403,0.0420836301027065,-0.108620664288261,-0.0704807753625811
ZNF79,0.0835731974517871,0.0235505767271189,0.235247738621367,0.103544922104547,-0.00376345774393642,-0.0555403694809029,0.0578129635861299
ZNF790,0.0304899503792551,-0.0679894910730738,-0.035191932401059,-0.100775133823903,-0.1251093698911,-0.0445130807233491,0.0570191289558315
ZNF791,0.175403215009511,0.0268271787065442,0.225804069677885,0.193039189963697,0.0289100651363699,0.180140592326529,0.0890771901350282
ZNF792,-0.0607311158532077,-0.0542687202842306,0.00214357243497261,0.0143637607466866,-0.0871914847361067,0.0768846303177788,-0.0444044258342242
ZNF793,-0.0183410855939297,-0.270729238550011,0.0519790174353602,0.0551458825397313,-0.157581992979945,-0.00749066557725322,-0.118804060885813
ZNF799,0.0256778746752651,0.238884763062472,0.0965414236235852,0.0148213779408799,-0.104559564280487,-0.0740955776741179,0.104294217343987
ZNF8,0.232984303919906,-0.0952262450270461,0.205521542484813,0.150908301703556,0.0663135102913824,0.171809514904083,-0.0352445804698309
ZNF800,0.175622232465764,0.0768977527046362,0.260603138280757,0.155424260856779,0.027514981875758,0.112233555210185,0.188857171817283
ZNF805,0.208362680847344,0.0985028470064714,0.294159383004956,0.130706911091469,0.028895924131631,0.114244383551823,0.160799030905541
ZNF808,0.0555965265952755,-0.121541454674305,0.0484716250469869,0.0566271171419887,-0.0490561206806473,-0.0461079565356739,-0.0166313945432226
ZNF81,0.134126014219673,-0.052732813106375,0.172141563647253,0.168809563786934,0.0111392107673599,0.103622633843476,0.144036262321388
ZNF813,0.0677242978902147,0.10720632101432,0.0900404987197519,0.0110640999253979,-0.161129434685974,-0.119232147185235,0.00964900402742931
ZNF814,0.0571641474882755,0.00532447821656602,0.0373728493035399,-0.0951151316851958,-0.0948685874467228,-0.12366843637922,-0.0235690619812526
ZNF816,0.0995484608202525,-0.105363232400893,0.0640547244488227,-0.0241904878641012,0.118452370005091,0.0358967326134867,-0.0229876619703299
ZNF823,-0.0298991355130176,0.0618458623616515,0.00641279196051388,-0.088064214127296,-0.133367229037714,-0.0916598919011691,-0.10378828752679
ZNF827,0.039975909854892,-0.00849868638413423,0.0766114282037911,0.228540650186905,0.182996304220709,0.0542573113968292,-0.0380341824453159
ZNF829,0.077240813356598,0.0270319663302583,0.100240019685601,-0.0715659100208524,-0.203860137660695,-0.000212229657939486,0.096870186435281
ZNF83,0.147634324890075,-0.0301037806859694,0.141115780041413,0.112125244495671,0.109387985967512,0.27536732116718,0.16759693872556
ZNF835,0.0862033782810635,0.20919055762393,0.0292795563051555,0.0564163723815049,-0.119777235862862,0.0217603600349232,0.0109739252061667
ZNF836,0.127855530647673,-0.220761058363776,0.0938137837167839,0.134259465625338,-0.167061829984333,0.0831922658874716,-0.0321083746416803
ZNF837,-0.00997958657775859,0.322745294973387,-0.0592656699355668,-0.018229421781846,0.135502033132421,0.0239504175693754,0.0126678117764512
ZNF84,0.108122668959103,-0.182772954164814,0.134806058811222,0.127617995030664,-0.0796679825942053,0.0280182749038271,0.108730187619633
ZNF841,0.109471075260426,0.146423150955566,0.172338742435697,0.0683204407094023,0.00414965345956193,0.0402164201640283,0.105104823128446
ZNF844,0.0572189511361947,-0.1971080878248,0.055552136086548,-0.111059478135511,-0.0324106952405056,-0.0449780206097819,0.0968897527818025
ZNF845,0.155068301735526,0.0110585316805602,0.172822726734604,0.0996130270018065,-0.0968756348779281,-0.0245268256935649,0.0905111238158136
ZNF846,0.0243945230639183,0.015871040837841,0.0128509781589334,0.117363757113411,0.0918789839965966,-0.115994141547136,0.109825903024833
ZNF85,-0.0243623899897786,-0.0511969059285194,-0.0881822380165422,0.115292437181799,0.0111528641512456,-0.207921263881453,-0.0812199044104906
ZNF853,0.230331255381426,0.0153590717785558,0.0308958248589118,0.0696993135708533,0.366352960251832,0.295648820358286,0.167102189677804
ZNF860,0.0857507553471691,-0.189428551935522,-0.106140445551902,-0.0190182093139424,0.0161397626155159,0.00548174392915568,0.00362536449118651
ZNF879,0.00623007081004493,0.272981902410866,-0.0665821980097799,-0.121988099286312,-0.13761782001386,-0.0519462521569173,-0.0290895668926584
ZNF880,0.138782944344841,0.0619482561735085,0.157090249462735,0.164721115433549,-0.00493764875811094,-0.0951246474018633,0.105096437551366
ZNF883,-0.0663634720571691,0.0467939720186668,-0.100362509539028,0.0033207352973371,-0.00331582180082504,-0.0042862470792146,0.0292433024724697
ZNF891,0.054042113775695,-0.163113342288263,0.169778405743332,0.0876607884429414,-0.058102950367516,0.0876083147961793,0.112925771352301
ZNF90,-0.0534185744290452,-0.11724091457631,-0.0523673998974459,0.0279959361105509,-0.0509510153156482,-0.157724183044914,-0.0495168326610401
ZNF91,-0.0932212022460918,0.152259598231417,-0.0988448303794931,-0.0854509790972973,0.067573522575696,-0.0736007173659716,-0.0516160221235544
ZNF92,0.194245813122529,-0.0834509566634867,0.131436094063279,0.0594149692592454,0.15557348268618,0.29317363880515,0.161070164564481
ZNF93,-0.00711087188523655,-0.0460772153356675,-0.00548067405150837,0.219990434190135,0.154618233435031,-0.0144355767957001,0.111849622293622
ZSCAN1,-0.152882464152329,0.0775121155757784,-0.129171525553579,-0.118754672532604,-0.0498119330028942,-0.195727225345801,-0.089197383406517
ZSCAN12,0.0772660466908917,0.0534495697893743,0.143105493270252,-0.00540409778669093,-0.209708174551474,0.0177629036927389,0.0847670035155913
ZSCAN16,-0.100606683777197,0.238987156874329,-0.0392161722197463,0.021131678197651,-0.0461489251546886,-0.189523284570969,-0.0751934696818876
ZSCAN2,-0.00390958973213971,0.0102393811857039,-0.0542137103710529,-0.0947719187895508,-0.0259721494966683,0.00474884026590509,0.0408601219214837
ZSCAN20,0.116872130490041,0.0207859438069789,0.0527139565559223,-0.0711504417787558,0.0291855709183502,-0.0235965059144977,0.107433218364498
ZSCAN21,0.0500645123222166,-0.125432419524873,0.0151693227018445,0.0460959003966712,-0.0823313676936327,0.0078258036341929,0.00958750979550479
ZSCAN22,0.110970881567511,0.151235660112846,0.171983223105018,0.0616307998837604,0.172099928638175,0.114400292415948,0.155068886567119
ZSCAN25,0.146591478496215,-0.0758738145860658,0.172007123564224,0.106742221185029,-0.107869047010222,0.0586569334073411,0.0666317954825782
ZSCAN26,-0.072788312666294,-0.0195572180646944,0.0585098179132001,-0.0188676773421683,-0.115370118592883,-0.141157362877051,0.0936165825280019
ZSCAN29,0.126406782415448,0.12553481333673,0.166453254356399,0.123324823195666,0.0417613127188322,0.0515173927790216,0.106035622184395
ZSCAN30,0.000776516435805683,-0.118776821754165,0.105563846973575,0.0103656315763659,-0.143332248790899,0.0715419283483513,-0.0790927630243742
ZSCAN31,0.0683218153608741,0.0820174432974881,0.0505748654570506,0.0528337114532808,0.105739119124045,0.117491775988891,0.169170632024356
ZSCAN32,0.0437579529675937,0.0712660930524991,0.0141894038744284,0.052972200867313,0.0461264945954478,-0.0225984251803732,0.0829585140585384
ZSCAN4,0.165768812559474,-0.0992196036894707,0.108061444960525,0.119874630402603,0.094940755332976,0.0742327129403055,0.0977450816440254
ZSCAN5A,-0.0629668286987198,0.127787477197584,-0.0771013876174991,0.100160963379064,0.0777028705563634,-0.177334379441003,0.0872882670244967
ZSCAN9,-0.0390651441952265,0.0522208440470898,0.0901779263601822,0.0464872835232839,-0.0922705435416058,-0.0907875062719887,0.00621650780909698
ZXDA,0.131075934936914,-0.0512992997403765,0.193162017518288,0.0578253516373107,-0.00735868629356628,0.105798317842007,0.141629601699251
ZXDB,0.226379478668514,-0.0430054009799563,0.251341710338715,0.16947190446274,0.0174173292505397,0.142041188667475,0.122591546533892
ZXDC,0.0751111593692893,-0.149904540558705,0.104936459919436,0.122770865539537,0.0433338899699588,0.0619556599012713,0.0140682031489142
ZZZ3,0.175325543652388,-0.0442341267222408,0.134214522445891,0.0983003882079362,0.0287779198851899,0.0520594804194807,0.19739089409299
