motif,n_target,n_bg,OR,p,fdr,tf
Hsapiens-SwissRegulon-MTF1.SwissRegulon,71,1415,2.17430494240847,5.29414021926031e-07,0.00124933752523633,MTF1
Hsapiens-HOCOMOCOv10-KLF15_HUMAN.H10MO.D,103,2407,1.99635528863602,6.31439502327628e-07,0.00124933752523633,KLF15
Hsapiens-HOCOMOCOv10-PURA_HUMAN.H10MO.D,119,2930,1.98287676886811,6.69078872800286e-07,0.00124933752523633,PURA
Hsapiens-HOCOMOCOv11-secondary-D-PURA_HUMAN.H11MO.0.D,119,2930,1.98287676886811,6.69078872800286e-07,0.00124933752523633,PURA
Hsapiens-SwissRegulon-KLF15.SwissRegulon,104,2485,1.9413677911698,1.674819820397e-06,0.00245176666786663,KLF15
Hsapiens-jaspar2024-PRDM9-MA1723.2,123,3131,1.91570243988139,1.96955415814698e-06,0.00245176666786663,PRDM9
Hsapiens-HOCOMOCOv13-CPXCR1.H13CORE.0.P.C,90,2063,1.94853011635611,2.95298513236e-06,0.00275698074419961,CPXCR1
Hsapiens-HOCOMOCOv13-MBD3.H13CORE.0.P.B,136,3595,1.91948899734616,2.86163082009852e-06,0.00275698074419961,MBD3
Hsapiens-HOCOMOCOv13-ZN283.H13CORE.0.P.C,80,1774,1.96411238919952,4.44991677697778e-06,0.00369293648969411,ZN283
Hsapiens-SwissRegulon-CHD1.SwissRegulon,122,3149,1.86330657920292,5.54094002713897e-06,0.00413852810627009,CHD1
Hsapiens-HOCOMOCOv13-GLI4.H13CORE.0.P.C,59,1196,2.04659977908989,1.13792643817204e-05,0.00458081829569273,GLI4
Hsapiens-HOCOMOCOv11-secondary-D-ZF64A_HUMAN.H11MO.0.D,69,1461,2.00565985899588,6.86276539065753e-06,0.00458081829569273,ZF64A
Hsapiens-HOCOMOCOv11-core-C-VEZF1_HUMAN.H11MO.0.C,157,4441,1.91321440003103,7.44391372790819e-06,0.00458081829569273,VEZF1
Hsapiens-jaspar2024-ZNF93-MA1721.2,91,2142,1.88641206461136,8.09237133157683e-06,0.00458081829569273,ZNF93
Hsapiens-HOCOMOCOv11-core-C-ZN341_HUMAN.H11MO.0.C,145,4003,1.86085766823925,1.16529050231841e-05,0.00458081829569273,ZN341
Hsapiens-HOCOMOCOv13-ZN180.H13CORE.0.P.C,139,3789,1.84294245524903,1.15693587915785e-05,0.00458081829569273,ZN180
Hsapiens-SwissRegulon-SP4.SwissRegulon,128,3386,1.83888354389266,9.56577436957082e-06,0.00458081829569273,SP4
Hsapiens-HOCOMOCOv10-EGR4_HUMAN.H10MO.D,107,2680,1.83268174224146,1.07369360009634e-05,0.00458081829569273,EGR4
Hsapiens-HOCOMOCOv11-secondary-D-EGR4_HUMAN.H11MO.0.D,107,2680,1.83268174224146,1.07369360009634e-05,0.00458081829569273,EGR4
Hsapiens-HOCOMOCOv13-PATZ1.H13CORE.0.P.B,153,4329,1.859211400513,1.50181776516073e-05,0.00464923321992404,PATZ1
Hsapiens-HOCOMOCOv13-ZN548.H13CORE.0.P.B,97,2362,1.83855804355966,1.46176974497959e-05,0.00464923321992404,ZN548
Hsapiens-HOCOMOCOv13-ZN610.H13CORE.1.P.C,98,2397,1.83381781472531,1.58061885215355e-05,0.00464923321992404,ZN610
Hsapiens-jaspar2022-PRDM9-MA1723.1,129,3439,1.82293952484518,1.36231507846527e-05,0.00464923321992404,PRDM9
Hsapiens-HOCOMOCOv10-PROX1_HUMAN.H10MO.D,103,2563,1.82221922395122,1.61842366739892e-05,0.00464923321992404,PROX1
Hsapiens-HOCOMOCOv11-secondary-D-PROX1_HUMAN.H11MO.0.D,103,2563,1.82221922395122,1.61842366739892e-05,0.00464923321992404,PROX1
Hsapiens-HOCOMOCOv13-KMT2A.H13CORE.0.P.B,133,3589,1.81941318584629,1.49059822896922e-05,0.00464923321992404,KMT2A
Hsapiens-HOCOMOCOv13-ZN320.H13CORE.0.P.B,69,1502,1.93865062040257,1.90958924370249e-05,0.00501367901032827,ZN320
Hsapiens-HOCOMOCOv10-CLOCK_HUMAN.H10MO.D,91,2190,1.82966240780116,1.94666878162431e-05,0.00501367901032827,CLOCK
Hsapiens-HOCOMOCOv13-ZN519.H13CORE.0.P.C,117,3048,1.79515702462919,1.85807510774185e-05,0.00501367901032827,ZN519
Hsapiens-jaspar2024-ZNF320-MA1976.2,73,1625,1.90940162093385,2.28763572262428e-05,0.00552546819116613,ZNF320
Hsapiens-HOCOMOCOv10-GABP1_HUMAN.H10MO.C,17,1430,0.378649989055258,2.29333932154439e-05,0.00552546819116613,GABP1
Hsapiens-HOCOMOCOv13-ZN100.H13CORE.1.P.B,81,1894,1.83935041052402,3.12593009586205e-05,0.007296116214373,ZN100
Hsapiens-jaspar2024-ZNF816-MA1719.2,41,749,2.18023587526807,4.16328731593805e-05,0.00819498993567871,ZNF816
Hsapiens-jaspar2022-ZNF816-MA1719.1,45,855,2.11215154877438,4.40948693314245e-05,0.00819498993567871,ZNF816
Hsapiens-HOCOMOCOv13-ZN205.H13CORE.0.P.C,52,1049,2.01473735962898,5.38133202060081e-05,0.00819498993567871,ZN205
Hsapiens-HOCOMOCOv13-ZN704.H13CORE.0.SM.B,61,1319,1.90704953952293,5.57081982442586e-05,0.00819498993567871,ZN704
Hsapiens-SwissRegulon-HIC1.SwissRegulon,67,1487,1.88110281237809,5.64845560068288e-05,0.00819498993567871,HIC1
Hsapiens-SwissRegulon-HOXB5.SwissRegulon,74,1701,1.83929547299024,4.69513233110534e-05,0.00819498993567871,HOXB5
Hsapiens-HOCOMOCOv13-ZNF746.H13CORE.0.PSG.A,137,3799,1.76478385701903,4.07642781454578e-05,0.00819498993567871,ZNF746
Hsapiens-jaspar2022-SP5-MA1965.1,92,2279,1.76360246570852,6.355713871634e-05,0.00819498993567871,SP5
Hsapiens-HOCOMOCOv10-KLF6_HUMAN.H10MO.D,91,2251,1.76129393822855,6.1457566216377e-05,0.00819498993567871,KLF6
Hsapiens-SwissRegulon-KLF6.SwissRegulon,91,2251,1.76129393822855,6.1457566216377e-05,0.00819498993567871,KLF6
Hsapiens-hPDI-RARG,55,3004,0.543275702342151,5.74342756357014e-05,0.00819498993567871,RARG
Hsapiens-JASPAR_CORE-ETS1-MA0098.1,55,3004,0.543275702342151,5.74342756357014e-05,0.00819498993567871,ETS1
Hsapiens-jaspar2016-SPI1-MA0080.1,55,3004,0.543275702342151,5.74342756357014e-05,0.00819498993567871,SPI1
Hsapiens-jaspar2016-ETS1-MA0098.1,55,3004,0.543275702342151,5.74342756357014e-05,0.00819498993567871,ETS1
Hsapiens-jaspar2018-SPI1-MA0080.1,55,3004,0.543275702342151,5.74342756357014e-05,0.00819498993567871,SPI1
Hsapiens-jaspar2018-ETS1-MA0098.1,55,3004,0.543275702342151,5.74342756357014e-05,0.00819498993567871,ETS1
Hsapiens-jaspar2024-ZBTB7A-MA0750.3,18,1427,0.403919349898378,5.25609797005946e-05,0.00819498993567871,ZBTB7A
Hsapiens-HOCOMOCOv13-ELF3.H13CORE.0.S.B,15,1294,0.373268348364814,3.88920241165846e-05,0.00819498993567871,ELF3
Hsapiens-jaspar2016-ELF5-MA0136.2,13,1170,0.360955078732826,6.35420783344051e-05,0.00819498993567871,ELF5
Hsapiens-jaspar2018-ELF5-MA0136.2,13,1170,0.360955078732826,6.35420783344051e-05,0.00819498993567871,ELF5
Hsapiens-jolma2013-ELF5-2,13,1170,0.360955078732826,6.35420783344051e-05,0.00819498993567871,ELF5
Hsapiens-jaspar2016-ELF4-MA0641.1,13,1176,0.358796204080801,6.36376243498949e-05,0.00819498993567871,ELF4
Hsapiens-jaspar2018-ELF4-MA0641.1,13,1176,0.358796204080801,6.36376243498949e-05,0.00819498993567871,ELF4
Hsapiens-jaspar2022-ELF4-MA0641.1,13,1176,0.358796204080801,6.36376243498949e-05,0.00819498993567871,ELF4
Hsapiens-jaspar2024-ELF4-MA0641.1,13,1176,0.358796204080801,6.36376243498949e-05,0.00819498993567871,ELF4
Hsapiens-jolma2013-ELF4,13,1176,0.358796204080801,6.36376243498949e-05,0.00819498993567871,ELF4
Hsapiens-HOCOMOCOv11-core-A-KLF15_HUMAN.H11MO.0.A,153,4422,1.77348976033494,6.60425242361563e-05,0.00836053582237036,KLF15
Hsapiens-HOCOMOCOv13-ZN383.H13CORE.0.P.C,128,3511,1.72496119716607,6.77753893996005e-05,0.00843690639042693,ZN383
Hsapiens-HOCOMOCOv11-core-C-ZSC22_HUMAN.H11MO.0.C,110,2888,1.72432323790565,7.16708614049073e-05,0.00877556825956152,ZSC22
Hsapiens-jaspar2022-ZNF93-MA1721.1,89,2196,1.75594216724359,7.4215967816698e-05,0.00879871529560187,ZNF93
Hsapiens-HOCOMOCOv13-ZN671.H13CORE.0.P.C,104,2688,1.72822370916666,7.3926652589155e-05,0.00879871529560187,ZN671
Hsapiens-SwissRegulon-PML.SwissRegulon,125,3406,1.72247462097855,8.28693235691979e-05,0.00967110902716154,PML
Hsapiens-HOCOMOCOv13-KLF15.H13CORE.1.P.C,154,4466,1.77117695590533,8.43242887511802e-05,0.00968950942588561,KLF15
Hsapiens-HOCOMOCOv13-ZN444.H13CORE.0.S.C,103,2655,1.72906981785374,9.26571541881357e-05,0.0102264530253644,ZN444
Hsapiens-jaspar2016-EHF-MA0598.2,12,1097,0.357472543705901,9.44738597871395e-05,0.0102264530253644,EHF
Hsapiens-jaspar2018-EHF-MA0598.2,12,1097,0.357472543705901,9.44738597871395e-05,0.0102264530253644,EHF
Hsapiens-jolma2013-EHF,12,1097,0.357472543705901,9.44738597871395e-05,0.0102264530253644,EHF
Hsapiens-HOCOMOCOv11-core-A-TAF1_HUMAN.H11MO.0.A,110,2901,1.71219896313255,9.63286554777375e-05,0.0102782675394746,TAF1
Hsapiens-jaspar2024-ZNF281-MA1630.3,110,2907,1.70663972427654,9.85046406786282e-05,0.0103624107215306,ZNF281
Hsapiens-HOCOMOCOv11-core-C-ZBTB6_HUMAN.H11MO.0.C,54,1148,1.90693744913303,0.000109364853677896,0.011255300984335,ZBTB6
Hsapiens-SwissRegulon-ELF4.SwissRegulon,14,1195,0.381008716114512,0.000110006288908348,0.011255300984335,ELF4
Hsapiens-jaspar2022-EGR1-MA0162.4,78,1867,1.76729947307527,0.000113441120933099,0.0114498882736394,EGR1
Hsapiens-HOCOMOCOv11-core-C-WT1_HUMAN.H11MO.0.C,150,4337,1.73975586464586,0.000119297962328672,0.011880486408438,WT1
Hsapiens-HOCOMOCOv10-SP3_HUMAN.H10MO.B,146,4194,1.72443167432633,0.000125224657082175,0.011991063637779,SP3
Hsapiens-HOCOMOCOv11-core-B-SP3_HUMAN.H11MO.0.B,146,4194,1.72443167432633,0.000125224657082175,0.011991063637779,SP3
Hsapiens-SwissRegulon-SP3.SwissRegulon,146,4194,1.72443167432633,0.000125224657082175,0.011991063637779,SP3
Hsapiens-HOCOMOCOv13-ZSCAN25.H13CORE.0.PSG.A,92,2317,1.72309221791558,0.000128613297118509,0.0120076589522268,ZSCAN25
Hsapiens-HOCOMOCOv10-TFDP1_HUMAN.H10MO.D,144,4123,1.71752505514569,0.000127460512559215,0.0120076589522268,TFDP1
Hsapiens-HOCOMOCOv13-SLC2A4RG.H13CORE.0.PSG.A,44,872,2.00880216798457,0.000133753249796274,0.0120723258188371,SLC2A4RG
Hsapiens-HOCOMOCOv11-core-B-MZF1_HUMAN.H11MO.0.B,63,1420,1.82441152697442,0.000133633567098301,0.0120723258188371,MZF1
Hsapiens-HOCOMOCOv10-TBX1_HUMAN.H10MO.D,120,3268,1.68859049127007,0.000135771236950371,0.0120723258188371,TBX1
Hsapiens-HOCOMOCOv11-secondary-D-TBX1_HUMAN.H11MO.0.D,120,3268,1.68859049127007,0.000135771236950371,0.0120723258188371,TBX1
Hsapiens-HOCOMOCOv13-KLF8.H13CORE.1.P.C,157,4619,1.74644542142804,0.000137813207509527,0.0121097276104548,KLF8
Hsapiens-HOCOMOCOv11-core-C-ZN320_HUMAN.H11MO.0.C,61,1356,1.84474576581398,0.000139624429497029,0.0121262193478292,ZN320
Hsapiens-HOCOMOCOv13-ELK1.H13CORE.0.PSM.A,14,1186,0.384410643938651,0.00015190713671489,0.0130413149899255,ELK1
Hsapiens-JASPAR_2014-EGR1-MA0162.2,115,3101,1.68354876706315,0.000157147827614352,0.0130415236050177,EGR1
Hsapiens-jaspar2016-EGR1-MA0162.2,115,3101,1.68354876706315,0.000157147827614352,0.0130415236050177,EGR1
Hsapiens-jaspar2018-EGR1-MA0162.2,115,3101,1.68354876706315,0.000157147827614352,0.0130415236050177,EGR1
Hsapiens-jaspar2022-CTCFL-MA1102.2,62,1394,1.82473628244211,0.000165390902791167,0.0133244460210603,CTCFL
Hsapiens-HOCOMOCOv13-ZSC22.H13CORE.0.P.C,108,2862,1.68716100276139,0.000163878324975369,0.0133244460210603,ZSC22
Hsapiens-SwissRegulon-ZBTB7B.SwissRegulon,117,3170,1.68321611753901,0.000165908887395717,0.0133244460210603,ZBTB7B
Hsapiens-HOCOMOCOv13-ZN281.H13CORE.1.SM.B,139,3953,1.69703235243628,0.000169833787846408,0.0134945591640938,ZN281
Hsapiens-HOCOMOCOv13-ZN468.H13CORE.0.P.C,108,2877,1.67342808417583,0.000172417100603417,0.0135556139411255,ZN468
Hsapiens-HOCOMOCOv13-ZN267.H13CORE.0.P.C,92,2337,1.70233782682446,0.000181126504026156,0.0140920193601183,ZN267
Hsapiens-HOCOMOCOv13-ZN530.H13CORE.0.P.B,88,2216,1.70182857978865,0.000195402501282468,0.01504599259875,ZN530
Hsapiens-HOCOMOCOv13-ZBTB6.H13CORE.0.P.B,60,1352,1.80977629284523,0.000206498755824372,0.0152706852203191,ZBTB6
Hsapiens-HOCOMOCOv13-ZN449.H13CORE.1.S.C,80,1964,1.71955757547862,0.000205436900353362,0.0152706852203191,ZN449
Hsapiens-SwissRegulon-MTA3.SwissRegulon,84,2092,1.70695295227732,0.000204869237422149,0.0152706852203191,MTA3
Hsapiens-HOCOMOCOv13-VEZF1.H13CORE.1.P.B,152,4457,1.70604721737312,0.000201344659454526,0.0152706852203191,VEZF1
Hsapiens-jaspar2022-ZFP14-MA1972.1,67,1552,1.78430829399066,0.000215598959525529,0.0153362726542493,ZFP14
Hsapiens-jaspar2024-ZFP14-MA1972.1,67,1552,1.78430829399066,0.000215598959525529,0.0153362726542493,ZFP14
Hsapiens-HOCOMOCOv10-SP2_HUMAN.H10MO.C,147,4263,1.69919797152014,0.000213388231406464,0.0153362726542493,SP2
Hsapiens-HOCOMOCOv11-core-A-SP2_HUMAN.H11MO.0.A,147,4263,1.69919797152014,0.000213388231406464,0.0153362726542493,SP2
Hsapiens-HOCOMOCOv13-ZN674.H13CORE.0.P.C,42,828,2.00934474778441,0.000223104872809311,0.0157204744812523,ZN674
Hsapiens-jaspar2022-ZNF454-MA1712.1,64,1477,1.77752293059481,0.000237110666863577,0.0163979589889265,ZNF454
Hsapiens-HOCOMOCOv13-ZN189.H13CORE.1.P.B,91,2320,1.6883163366942,0.000236473295371193,0.0163979589889265,ZN189
Hsapiens-HOCOMOCOv11-core-A-ZBT17_HUMAN.H11MO.0.A,144,4187,1.66306237440206,0.000292205591497567,0.0200227849806911,ZBT17
Hsapiens-HOCOMOCOv13-ZN749.H13CORE.0.P.C,109,2934,1.65187025760797,0.000310029700816348,0.02105101668543,ZN749
Hsapiens-hPDI-SMPX,86,2176,1.6804415870802,0.000324715609285878,0.0215485947224157,SMPX
Hsapiens-HOCOMOCOv13-ZN273.H13CORE.0.P.C,91,2346,1.66191104444489,0.00033471358406667,0.0215485947224157,ZN273
Hsapiens-HOCOMOCOv10-ZN148_HUMAN.H10MO.D,123,3429,1.64121465833282,0.000337553297967952,0.0215485947224157,ZN148
Hsapiens-HOCOMOCOv11-secondary-D-ZN148_HUMAN.H11MO.0.D,123,3429,1.64121465833282,0.000337553297967952,0.0215485947224157,ZN148
Hsapiens-HOCOMOCOv13-KLF11.H13CORE.1.SM.B,120,3328,1.63695063155344,0.000324077426712229,0.0215485947224157,KLF11
Hsapiens-HOCOMOCOv13-ELF2.H13CORE.0.PS.A,22,1516,0.467544953840746,0.000327126005035419,0.0215485947224157,ELF2
Hsapiens-HOCOMOCOv13-ELF2.H13CORE.1.M.B,22,1523,0.464890930080473,0.000330296127598942,0.0215485947224157,ELF2
Hsapiens-HOCOMOCOv10-PLAG1_HUMAN.H10MO.D,74,1804,1.70580328514955,0.000346641323356634,0.0217568407071487,PLAG1
Hsapiens-HOCOMOCOv11-secondary-D-PLAG1_HUMAN.H11MO.0.D,74,1804,1.70580328514955,0.000346641323356634,0.0217568407071487,PLAG1
Hsapiens-HOCOMOCOv11-core-C-PATZ1_HUMAN.H11MO.0.C,149,4384,1.66433895574041,0.000356230019430187,0.0220279699454722,PATZ1
Hsapiens-HOCOMOCOv10-MAZ_HUMAN.H10MO.A,146,4268,1.66123592571732,0.000365707360187248,0.0220279699454722,MAZ
Hsapiens-hPDI-ELF2,25,1649,0.485654930253117,0.000363580612154447,0.0220279699454722,ELF2
Hsapiens-hPDI-ETV4,25,1649,0.485654930253117,0.000363580612154447,0.0220279699454722,ETV4
Hsapiens-SwissRegulon-ELF2.SwissRegulon,25,1649,0.485654930253117,0.000363580612154447,0.0220279699454722,ELF2
Hsapiens-HOCOMOCOv13-ZBT17.H13CORE.0.P.B,134,3834,1.63818925806879,0.000380724198323647,0.0227178611748185,ZBT17
Hsapiens-hPDI-DDX4,106,4769,0.611295477132131,0.000383244143530209,0.0227178611748185,DDX4
Hsapiens-HOCOMOCOv13-KLF10.H13CORE.1.PSM.A,107,2894,1.62823994562199,0.000397679816809497,0.0233879571003947,KLF10
Hsapiens-HOCOMOCOv10-ASCL2_HUMAN.H10MO.D,80,1996,1.68296355001469,0.00040294187285278,0.0235122878776361,ASCL2
Hsapiens-HOCOMOCOv13-ZN765.H13CORE.0.P.C,57,1286,1.7923949021228,0.000433684541445032,0.0251099987601003,ZN765
Hsapiens-HOCOMOCOv13-ZN816.H13CORE.1.P.C,40,802,1.96114298974013,0.000438821183700645,0.0252119647773855,ZN816
Hsapiens-HOCOMOCOv13-ZN407.H13CORE.0.P.B,66,1567,1.72565147148981,0.000445408576103938,0.0253950889688573,ZN407
Hsapiens-HOCOMOCOv11-core-A-ZN281_HUMAN.H11MO.0.A,125,3528,1.61837303354235,0.000461887810439196,0.0261351519406845,ZN281
Hsapiens-HOCOMOCOv13-ZBTB41.H13CORE.0.PSG.A,66,1577,1.71202835895979,0.000475280902153867,0.0266907748735882,ZBTB41
Hsapiens-SwissRegulon-E2F6.SwissRegulon,87,2237,1.64830764301031,0.000489147213254228,0.0272644816104166,E2F6
Hsapiens-HOCOMOCOv11-core-B-ELK1_HUMAN.H11MO.0.B,21,1437,0.474226635415388,0.000503378909982224,0.0278499042863499,ELK1
Hsapiens-jaspar2024-ZNF454-MA1712.2,64,1520,1.71578916444648,0.000538399931593882,0.0295684491843728,ZNF454
Hsapiens-jaspar2024-BARX2-MA1471.2,5,643,0.262189553670335,0.000556873212321703,0.0303597519914657,BARX2
Hsapiens-HOCOMOCOv10-ZBTB6_HUMAN.H10MO.D,31,572,2.09578960212885,0.000572913691049536,0.0308535014746008,ZBTB6
Hsapiens-SwissRegulon-MAZ.SwissRegulon,123,3466,1.61043912877082,0.000578322426890363,0.0308535014746008,MAZ
Hsapiens-jaspar2024-ELK4-MA0076.3,20,1396,0.465515268381949,0.000578287111729825,0.0308535014746008,ELK4
Hsapiens-HOCOMOCOv10-VDR_HUMAN.H10MO.B,48,1044,1.82700025356486,0.000599471557356023,0.0315313595907897,VDR
Hsapiens-HOCOMOCOv13-ZN467.H13CORE.0.P.C,148,4384,1.63083250843216,0.000598841470668841,0.0315313595907897,ZN467
Hsapiens-HOCOMOCOv13-CGGBP1.H13CORE.0.PSGIB.A,62,1465,1.71756162012059,0.00061711833828291,0.0317879784043797,CGGBP1
Hsapiens-HOCOMOCOv10-THAP1_HUMAN.H10MO.D,96,2556,1.61047730263501,0.00061647535043486,0.0317879784043797,THAP1
Hsapiens-HOCOMOCOv11-core-C-THAP1_HUMAN.H11MO.0.C,96,2556,1.61047730263501,0.00061647535043486,0.0317879784043797,THAP1
Hsapiens-HOCOMOCOv13-ATMIN.H13CORE.0.P.B,135,3901,1.61406907836989,0.000636556907293454,0.0324210098530597,ATMIN
Hsapiens-HOCOMOCOv13-SP2.H13CORE.1.P.B,143,4208,1.61344384694089,0.000638089228598176,0.0324210098530597,SP2
Hsapiens-HOCOMOCOv10-MECP2_HUMAN.H10MO.C,73,1811,1.66311014371136,0.000655635425185588,0.0324300727861666,MECP2
Hsapiens-HOCOMOCOv11-core-C-MECP2_HUMAN.H11MO.0.C,73,1811,1.66311014371136,0.000655635425185588,0.0324300727861666,MECP2
Hsapiens-SwissRegulon-MECP2.SwissRegulon,73,1811,1.66311014371136,0.000655635425185588,0.0324300727861666,MECP2
Hsapiens-HOCOMOCOv13-ZN543.H13CORE.0.P.C,115,3197,1.60074637272194,0.000651465354978945,0.0324300727861666,ZN543
Hsapiens-jaspar2022-ZNF530-MA1981.1,92,2427,1.61298189536692,0.000672693245586705,0.0330549069163625,ZNF530
Hsapiens-HOCOMOCOv13-PRDM5.H13CORE.0.PSGI.A,57,1316,1.7436680362384,0.000693156586724644,0.0338378205637017,PRDM5
Hsapiens-HOCOMOCOv13-KLF16.H13CORE.1.P.B,153,4573,1.64173226792428,0.000703447023212843,0.0341171806258229,KLF16
Hsapiens-HOCOMOCOv11-core-A-MAZ_HUMAN.H11MO.0.A,151,4508,1.62799877571261,0.000730449344217249,0.0349726035381964,MAZ
Hsapiens-HOCOMOCOv10-ETS1_HUMAN.H10MO.C,16,1194,0.440095021236522,0.000726745587690634,0.0349726035381964,ETS1
Hsapiens-jaspar2022-ZNF610-MA1713.1,71,1745,1.67427050538451,0.000735239200635624,0.0349777171308756,ZNF610
Hsapiens-HOCOMOCOv13-ZBT16.H13CORE.0.P.B,1,363,0.0946842710519472,0.000756675725396171,0.0357696898290127,ZBT16
Hsapiens-HOCOMOCOv13-ZN425.H13CORE.0.P.C,32,611,2.02523958467134,0.000844203212721334,0.036591815593029,ZN425
Hsapiens-HOCOMOCOv10-E2F6_HUMAN.H10MO.C,86,2233,1.6214146588651,0.00084627556056753,0.036591815593029,E2F6
Hsapiens-HOCOMOCOv11-core-A-EGR2_HUMAN.H11MO.0.A,133,3850,1.59480939280018,0.00081645358837545,0.036591815593029,EGR2
Hsapiens-HOCOMOCOv11-core-A-EGR1_HUMAN.H11MO.0.A,115,3213,1.58742692880575,0.000846917282909205,0.036591815593029,EGR1
Hsapiens-HOCOMOCOv11-core-A-ZN263_HUMAN.H11MO.0.A,130,3749,1.58669427354075,0.000815242863781594,0.036591815593029,ZN263
Hsapiens-hPDI-BCL11A,41,2262,0.570538685304244,0.000847554438023031,0.036591815593029,BCL11A
Hsapiens-hPDI-MECP2,41,2262,0.570538685304244,0.000847554438023031,0.036591815593029,MECP2
Hsapiens-hPDI-POU4F3,41,2262,0.570538685304244,0.000847554438023031,0.036591815593029,POU4F3
Hsapiens-hPDI-SCMH1,41,2262,0.570538685304244,0.000847554438023031,0.036591815593029,SCMH1
Hsapiens-jaspar2016-ELK1-MA0028.2,15,1140,0.433478761276462,0.000815477868403129,0.036591815593029,ELK1
Hsapiens-jaspar2018-ELK1-MA0028.2,15,1140,0.433478761276462,0.000815477868403129,0.036591815593029,ELK1
Hsapiens-jaspar2022-ELK1-MA0028.2,15,1140,0.433478761276462,0.000815477868403129,0.036591815593029,ELK1
Hsapiens-jolma2013-ELK1-4,15,1140,0.433478761276462,0.000815477868403129,0.036591815593029,ELK1
Hsapiens-jolma2013-ELK1,15,1144,0.431709811261948,0.000823267268005905,0.036591815593029,ELK1
Hsapiens-jolma2013-NR4A2-3,5,628,0.26900215151375,0.000782362010480507,0.036591815593029,NR4A2
Hsapiens-HOCOMOCOv13-SP4.H13CORE.2.P.B,155,4667,1.63174846106239,0.000863064203148355,0.0370472789270981,SP4
Hsapiens-HOCOMOCOv13-ETS2.H13CORE.0.S.C,14,1080,0.428743915760685,0.000905004694706877,0.0385333150061874,ETS2
Hsapiens-jaspar2022-ETV5-MA0765.3,14,1085,0.426458072592525,0.000908001531810012,0.0385333150061874,ETV5
Hsapiens-HOCOMOCOv11-core-C-ZN816_HUMAN.H11MO.0.C,59,1395,1.70304077721405,0.000928671210481414,0.0388060325916764,ZN816
Hsapiens-HOCOMOCOv13-ZNF16.H13CORE.0.P.C,59,1397,1.70008492652889,0.000940405931060842,0.0388060325916764,ZNF16
Hsapiens-JASPAR_2014-ELF1-MA0473.1,29,1758,0.530064492274588,0.000938598655770255,0.0388060325916764,ELF1
Hsapiens-jaspar2016-ELF1-MA0473.1,29,1758,0.530064492274588,0.000938598655770255,0.0388060325916764,ELF1
Hsapiens-jaspar2018-ELF1-MA0473.1,29,1758,0.530064492274588,0.000938598655770255,0.0388060325916764,ELF1
Hsapiens-HOCOMOCOv13-ZN148.H13CORE.0.P.B,123,3505,1.57870324218193,0.000970885607178083,0.0398436516484237,ZN148
Hsapiens-HOCOMOCOv13-ZNF705EP.H13CORE.0.P.B,123,3514,1.57147958321388,0.000984956452530596,0.0402002171800602,ZNF705EP
Hsapiens-HOCOMOCOv13-SP5.H13CORE.0.P.B,132,3834,1.57788544004409,0.0010441887070741,0.0412647907573357,SP5
Hsapiens-jaspar2024-NR4A2-MA0160.3,4,556,0.244331592501642,0.00102461656135004,0.0412647907573357,NR4A2
Hsapiens-jaspar2016-SPDEF-MA0686.1,4,559,0.242921905522716,0.00104264451228925,0.0412647907573357,SPDEF
Hsapiens-jaspar2018-SPDEF-MA0686.1,4,559,0.242921905522716,0.00104264451228925,0.0412647907573357,SPDEF
Hsapiens-jaspar2022-SPDEF-MA0686.1,4,559,0.242921905522716,0.00104264451228925,0.0412647907573357,SPDEF
Hsapiens-jolma2013-SPDEF-4,4,559,0.242921905522716,0.00104264451228925,0.0412647907573357,SPDEF
Hsapiens-HOCOMOCOv10-SP4_HUMAN.H10MO.D,141,4172,1.58000902829479,0.00105409511606997,0.0414370337996135,SP4
Hsapiens-jaspar2024-ETV5-MA0765.4,15,1125,0.440224349474435,0.00108730167382738,0.0425186188576792,ETV5
Hsapiens-hPDI-TOB2,54,1255,1.71688055072248,0.00109601712573243,0.0425447001955605,TOB2
Hsapiens-jaspar2022-FEV-MA0156.3,15,1129,0.438408000995629,0.00109936097707098,0.0425447001955605,FEV
Hsapiens-HOCOMOCOv13-ZN701.H13CORE.1.P.B,29,542,2.05597967722451,0.00111977958963436,0.0431115142009229,ZN701
Hsapiens-SwissRegulon-ELK4.SwissRegulon,21,1389,0.494222054068186,0.00113710467030071,0.043554024525518,ELK4
Hsapiens-jaspar2024-SOX9-MA0077.2,1,354,0.0972076104372942,0.00114597411781087,0.0436697994180069,SOX9
Hsapiens-SwissRegulon-ZNF148.SwissRegulon,68,1692,1.63537452201358,0.00120309507265474,0.0456137923738996,ZNF148
Hsapiens-HOCOMOCOv13-ZN75A.H13CORE.0.SM.B,52,1202,1.71936838478659,0.00124835193599411,0.045985868473131,ZN75A
Hsapiens-hPDI-LOC51035,75,3559,0.630802324648452,0.00124985022091921,0.045985868473131,UBXN1
Hsapiens-JASPAR_2014-ELK4-MA0076.2,24,1518,0.514357352381017,0.00123897046707095,0.045985868473131,ELK4
Hsapiens-jaspar2016-ELK4-MA0076.2,24,1518,0.514357352381017,0.00123897046707095,0.045985868473131,ELK4
Hsapiens-jaspar2018-ELK4-MA0076.2,24,1518,0.514357352381017,0.00123897046707095,0.045985868473131,ELK4
Hsapiens-jaspar2022-ELK4-MA0076.2,24,1518,0.514357352381017,0.00123897046707095,0.045985868473131,ELK4
Hsapiens-HOCOMOCOv13-KLF14.H13CORE.1.P.C,147,4404,1.58206315014655,0.0012572175514209,0.0460301857429545,KLF14
Hsapiens-jaspar2016-GABPA-MA0062.1,16,1154,0.458046322775681,0.00127313781086894,0.0460638308106252,GABPA
Hsapiens-jaspar2018-GABPA-MA0062.1,16,1154,0.458046322775681,0.00127313781086894,0.0460638308106252,GABPA
Hsapiens-jaspar2022-ETV4-MA0764.3,16,1161,0.454816635826987,0.00127663850285171,0.0460638308106252,ETV4
Hsapiens-jaspar2024-RFX2-MA0600.3,3,482,0.212521217985597,0.00128300688070851,0.0460710499615954,RFX2
Hsapiens-HOCOMOCOv11-core-A-SP1_HUMAN.H11MO.0.A,142,4219,1.57338629477463,0.00130981300148618,0.0461461948495296,SP1
Hsapiens-HOCOMOCOv13-ELF5.H13CORE.0.PSM.A,27,1649,0.52988073657635,0.00129838315829242,0.0461461948495296,ELF5
Hsapiens-jolma2013-NRF1,20,1339,0.489543282656651,0.00130477743449137,0.0461461948495296,NRF1
Hsapiens-jaspar2024-ZBTB11-MA2329.1,18,1253,0.472269174135164,0.00130837190066504,0.0461461948495296,ZBTB11
Hsapiens-HOCOMOCOv10-EGR1_HUMAN.H10MO.A,130,3777,1.56446101151295,0.00131857223318344,0.0462366948809725,EGR1
Hsapiens-jaspar2024-PBX1-MA0070.2,3,488,0.209739904445293,0.00132883169270812,0.0463787098730699,PBX1
Hsapiens-jaspar2022-ERF::FOXI1-MA1935.1,13,1021,0.42270556007766,0.00136587784551687,0.0474499610612347,ERF::FOXI1
Hsapiens-jaspar2016-GCM2-MA0767.1,13,171,2.83226927070221,0.00146119182237842,0.0478668496550194,GCM2
Hsapiens-jaspar2018-GCM2-MA0767.1,13,171,2.83226927070221,0.00146119182237842,0.0478668496550194,GCM2
Hsapiens-jaspar2022-GCM2-MA0767.1,13,171,2.83226927070221,0.00146119182237842,0.0478668496550194,GCM2
Hsapiens-jolma2013-GCM2,13,171,2.83226927070221,0.00146119182237842,0.0478668496550194,GCM2
Hsapiens-SwissRegulon-GCM2.SwissRegulon,13,171,2.83226927070221,0.00146119182237842,0.0478668496550194,GCM2
Hsapiens-HOCOMOCOv13-ZNF395.H13CORE.0.PSGI.A,45,1000,1.76908490680497,0.00145114779523623,0.0478668496550194,ZNF395
Hsapiens-hPDI-PPP5C,109,4768,0.645616467085068,0.00139237722500653,0.0478668496550194,PPP5C
Hsapiens-HOCOMOCOv10-LMX1B_HUMAN.H10MO.D,31,1812,0.550653479695965,0.00143889522487178,0.0478668496550194,LMX1B
Hsapiens-HOCOMOCOv11-secondary-D-LMX1B_HUMAN.H11MO.0.D,31,1812,0.550653479695965,0.00143889522487178,0.0478668496550194,LMX1B
Hsapiens-HOCOMOCOv10-ERG_HUMAN.H10MO.B,15,1097,0.453309648494815,0.00143650408812468,0.0478668496550194,ERG
Hsapiens-jaspar2016-ELK3-MA0759.1,15,1106,0.449031409831714,0.00143435340288398,0.0478668496550194,ELK3
Hsapiens-jaspar2018-ELK3-MA0759.1,15,1106,0.449031409831714,0.00143435340288398,0.0478668496550194,ELK3
Hsapiens-jolma2013-ELK3,15,1106,0.449031409831714,0.00143435340288398,0.0478668496550194,ELK3
Hsapiens-HOCOMOCOv11-core-A-ELK4_HUMAN.H11MO.0.A,21,1372,0.501639303771279,0.00148339895602562,0.0483821257753508,ELK4
Hsapiens-HOCOMOCOv13-ZNF347.H13CORE.0.PSGI.A,54,1265,1.70077006938002,0.00153985098484019,0.0500049869816147,ZNF347
Hsapiens-HOCOMOCOv10-IRX2_HUMAN.H10MO.D,51,1179,1.7149643845493,0.00156231415844801,0.0502970881441731,IRX2
Hsapiens-HOCOMOCOv11-secondary-D-IRX2_HUMAN.H11MO.0.D,51,1179,1.7149643845493,0.00156231415844801,0.0502970881441731,IRX2
Hsapiens-HOCOMOCOv11-core-C-TFDP1_HUMAN.H11MO.0.C,99,2721,1.54937733723423,0.00159460479630573,0.051116322848101,TFDP1
Hsapiens-jaspar2016-ETV3-MA0763.1,14,1057,0.439537315585388,0.00162218025385189,0.0511226342448092,ETV3
Hsapiens-jaspar2018-ETV3-MA0763.1,14,1057,0.439537315585388,0.00162218025385189,0.0511226342448092,ETV3
Hsapiens-jaspar2022-ETV3-MA0763.1,14,1057,0.439537315585388,0.00162218025385189,0.0511226342448092,ETV3
Hsapiens-jolma2013-ETV3,14,1057,0.439537315585388,0.00162218025385189,0.0511226342448092,ETV3
Hsapiens-JASPAR_CORE-NFKB1-MA0105.1,23,401,2.17808231368075,0.0017049410392973,0.0513475992843208,NFKB1
Hsapiens-jaspar2016-NFKB1-MA0105.2,23,401,2.17808231368075,0.0017049410392973,0.0513475992843208,NFKB1
Hsapiens-jaspar2018-NFKB1-MA0105.2,23,401,2.17808231368075,0.0017049410392973,0.0513475992843208,NFKB1
Hsapiens-HOCOMOCOv13-ZN282.H13CORE.0.P.B,82,2157,1.57538596064057,0.00169143363980261,0.0513475992843208,ZN282
Hsapiens-HOCOMOCOv10-KLF16_HUMAN.H10MO.D,131,3835,1.5479485087306,0.00168496180630735,0.0513475992843208,KLF16
Hsapiens-HOCOMOCOv11-secondary-D-KLF16_HUMAN.H11MO.0.D,131,3835,1.5479485087306,0.00168496180630735,0.0513475992843208,KLF16
Hsapiens-jaspar2016-ELF3-MA0640.1,16,1139,0.465100755687649,0.0016771668733153,0.0513475992843208,ELF3
Hsapiens-jaspar2018-ELF3-MA0640.1,16,1139,0.465100755687649,0.0016771668733153,0.0513475992843208,ELF3
Hsapiens-jolma2013-ELF3-2,16,1139,0.465100755687649,0.0016771668733153,0.0513475992843208,ELF3
Hsapiens-HOCOMOCOv13-ELK4.H13CORE.0.PSM.A,16,1149,0.460377335093702,0.00169862532780158,0.0513475992843208,ELK4
Hsapiens-HOCOMOCOv13-ETV4.H13CORE.1.SM.B,16,1149,0.460377335093702,0.00169862532780158,0.0513475992843208,ETV4
Hsapiens-HOCOMOCOv11-secondary-A-EGR2_HUMAN.H11MO.1.A,113,3204,1.53841954183285,0.00176483250320578,0.0528244872189851,EGR2
Hsapiens-HOCOMOCOv10-GABPA_HUMAN.H10MO.A,25,1541,0.528576110365588,0.00177519698647279,0.0528244872189851,GABPA
Hsapiens-SwissRegulon-GABPA.SwissRegulon,25,1541,0.528576110365588,0.00177519698647279,0.0528244872189851,GABPA
Hsapiens-HOCOMOCOv11-core-A-RXRA_HUMAN.H11MO.0.A,88,2365,1.553259403141,0.001793636805047,0.0531614019718098,RXRA
Hsapiens-HOCOMOCOv11-core-B-NR1H4_HUMAN.H11MO.0.B,49,1132,1.70804262717794,0.00183946763323733,0.0543042836073107,NR1H4
Hsapiens-jolma2013-GABPA,15,1091,0.456201018736395,0.00189730943963271,0.0557913551362863,GABPA
Hsapiens-HOCOMOCOv13-GLI3.H13CORE.0.PS.A,4,519,0.263057657324449,0.00198387360202898,0.0581080467982527,GLI3
Hsapiens-hPDI-ASCC1,159,4885,1.58807995220196,0.00201242436686578,0.0584855937592238,ASCC1
Hsapiens-hPDI-PDLIM5,159,4885,1.58807995220196,0.00201242436686578,0.0584855937592238,PDLIM5
Hsapiens-HOCOMOCOv13-PROX1.H13CORE.0.SM.B,0,241,0,0.00203029666983588,0.0587763016550551,PROX1
Hsapiens-SwissRegulon-GTF2I.SwissRegulon,63,1564,1.62000967597439,0.00205893238380865,0.0591114579988337,GTF2I
Hsapiens-HOCOMOCOv13-STAT2.H13CORE.0.P.B,36,2002,0.575916273350833,0.00206873336634124,0.0591114579988337,STAT2
Hsapiens-HOCOMOCOv13-ERG.H13CORE.0.P.B,24,1483,0.52935462724593,0.00207353086031523,0.0591114579988337,ERG
Hsapiens-HOCOMOCOv13-FLI1.H13CORE.0.PSM.A,24,1485,0.528478592506862,0.00206931120417442,0.0591114579988337,FLI1
Hsapiens-HOCOMOCOv13-ZN684.H13CORE.1.M.C,86,2307,1.5491339470123,0.00211450870219424,0.0594524166684054,ZN684
Hsapiens-HOCOMOCOv13-ZN770.H13CORE.1.P.B,130,3812,1.53712859791553,0.00211679932408027,0.0594524166684054,ZN770
Hsapiens-hPDI-ZNF304,109,3082,1.52626798457874,0.00209785538994577,0.0594524166684054,ZNF304
Hsapiens-jaspar2024-ETV4-MA0764.4,14,1033,0.451312394414583,0.00211733067797508,0.0594524166684054,ETV4
Hsapiens-HOCOMOCOv11-core-B-E2F7_HUMAN.H11MO.0.B,111,3144,1.53136106928616,0.00215366968715273,0.0600214884079989,E2F7
Hsapiens-HOCOMOCOv13-ERG.H13CORE.1.SM.B,14,1041,0.44732704516558,0.00214672294907359,0.0600214884079989,ERG
Hsapiens-jaspar2024-NFIC-MA1527.2,20,338,2.23209867670919,0.00217065735696688,0.0602700364281995,NFIC
Hsapiens-HOCOMOCOv11-core-A-VDR_HUMAN.H11MO.0.A,37,795,1.80210103587782,0.00222864415813174,0.0606042985165578,VDR
Hsapiens-jaspar2016-ELF1-MA0473.2,18,1214,0.490273538005076,0.0022313806523033,0.0606042985165578,ELF1
Hsapiens-jaspar2018-ELF1-MA0473.2,18,1214,0.490273538005076,0.0022313806523033,0.0606042985165578,ELF1
Hsapiens-jolma2013-ELF1,18,1214,0.490273538005076,0.0022313806523033,0.0606042985165578,ELF1
Hsapiens-jaspar2022-ELF2-MA1483.2,16,1122,0.47332379997036,0.00220292313874649,0.0606042985165578,ELF2
Hsapiens-jolma2013-ELK1-2,16,1122,0.47332379997036,0.00220292313874649,0.0606042985165578,ELK1
Hsapiens-HOCOMOCOv11-secondary-D-NFIB_HUMAN.H11MO.0.D,35,738,1.83111309757564,0.00229031813115767,0.0619796598609298,NFIB
Hsapiens-HOCOMOCOv13-ZN816.H13CORE.0.P.B,61,1506,1.62334274283153,0.00235318691208965,0.0632228526848833,ZN816
Hsapiens-HOCOMOCOv13-ZN124.H13CORE.0.P.C,83,2208,1.55518499226034,0.00234769814671891,0.0632228526848833,ZN124
Hsapiens-HOCOMOCOv11-core-C-OZF_HUMAN.H11MO.0.C,10,839,0.400328209947566,0.00236940451599202,0.0634304026162881,OZF
Hsapiens-HOCOMOCOv13-ZN460.H13CORE.0.S.C,40,885,1.75660085889174,0.00248065705973483,0.0647524575931856,ZN460
Hsapiens-HOCOMOCOv10-ZFX_HUMAN.H10MO.C,74,1916,1.57688540104564,0.00247455075635701,0.0647524575931856,ZFX
Hsapiens-SwissRegulon-STAT2.SwissRegulon,35,1939,0.581155416055985,0.00246340831361364,0.0647524575931856,STAT2
Hsapiens-HOCOMOCOv10-ELK4_HUMAN.H10MO.A,21,1341,0.515649055173657,0.002489247724038,0.0647524575931856,ELK4
Hsapiens-jaspar2016-FLI1-MA0475.2,15,1070,0.466579948411826,0.00248446930993912,0.0647524575931856,FLI1
Hsapiens-jaspar2018-FLI1-MA0475.2,15,1070,0.466579948411826,0.00248446930993912,0.0647524575931856,FLI1
Hsapiens-jaspar2022-FLI1-MA0475.2,15,1070,0.466579948411826,0.00248446930993912,0.0647524575931856,FLI1
Hsapiens-jolma2013-FLI1-3,15,1070,0.466579948411826,0.00248446930993912,0.0647524575931856,FLI1
Hsapiens-HOCOMOCOv13-ETS1.H13CORE.0.S.B,15,1075,0.464072978837427,0.00249681453833679,0.0647524575931856,ETS1
Hsapiens-jaspar2022-PAX2-MA0067.2,16,244,2.45537741860544,0.0025510540372778,0.0659301820222418,PAX2
Hsapiens-HOCOMOCOv13-GABPA.H13CORE.0.PSM.A,19,1262,0.49671995609729,0.00257034375000675,0.0661996464441395,GABPA
Hsapiens-jaspar2022-BACH2-MA1101.2,17,274,2.3254571803852,0.00263234422315156,0.0675635017275566,BACH2
Hsapiens-HOCOMOCOv13-KLF12.H13CORE.0.P.C,135,4019,1.52113718273591,0.00268458201011034,0.0686682980599799,KLF12
Hsapiens-SwissRegulon-TFAP2D.SwissRegulon,62,1554,1.59702288890432,0.00271706515745306,0.0692619783652455,TFAP2D
Hsapiens-jolma2013-HINFP1-3,31,639,1.85897240461392,0.00277455953883333,0.0700494092887377,HINFP1
Hsapiens-SwissRegulon-HINFP1.SwissRegulon,31,639,1.85897240461392,0.00277455953883333,0.0700494092887377,HINFP1
Hsapiens-jaspar2022-ZNF320-MA1976.1,75,1969,1.55202672627736,0.00277609119687593,0.0700494092887377,ZNF320
Hsapiens-jaspar2024-ELK1-MA0028.3,14,1012,0.462076613134514,0.00279222358298195,0.070219252327583,ELK1
Hsapiens-hPDI-CBFB,121,5130,0.660668605684197,0.00281247149389316,0.0704911059996242,CBFB
Hsapiens-HOCOMOCOv13-TF2LX.H13CORE.1.SM.B,4,512,0.266904872288582,0.00285255044743529,0.0712565193708835,TF2LX
Hsapiens-HOCOMOCOv10-SRBP2_HUMAN.H10MO.B,56,1368,1.6252276284931,0.00293024366394549,0.0722309898548146,SRBP2
Hsapiens-HOCOMOCOv11-core-B-SRBP2_HUMAN.H11MO.0.B,56,1368,1.6252276284931,0.00293024366394549,0.0722309898548146,SRBP2
Hsapiens-HOCOMOCOv13-ELK3.H13CORE.0.PSM.A,18,1206,0.494110674232462,0.00292619354268729,0.0722309898548146,ELK3
Hsapiens-HOCOMOCOv13-FEV.H13CORE.0.S.B,16,1116,0.476285863659726,0.0029164811046062,0.0722309898548146,FEV
Hsapiens-HOCOMOCOv11-core-A-KLF5_HUMAN.H11MO.0.A,115,3311,1.5086532879753,0.00294362073203453,0.0723220501564669,KLF5
Hsapiens-jaspar2024-SPDEF-MA0686.2,5,569,0.299283152284991,0.00296871886677708,0.0726995449703541,SPDEF
Hsapiens-HOCOMOCOv13-HAND2.H13CORE.1.P.B,47,1097,1.67984823621655,0.00306535086771974,0.0745768913061847,HAND2
Hsapiens-jaspar2022-PATZ1-MA1961.1,118,3415,1.50961562109977,0.00305714201821131,0.0745768913061847,PATZ1
Hsapiens-HOCOMOCOv13-ZN263.H13CORE.0.PM.A,64,1620,1.58489549340117,0.00310609745430013,0.0748148044843152,ZN263
Hsapiens-HOCOMOCOv11-core-A-SP4_HUMAN.H11MO.0.A,147,4465,1.53367991123946,0.00309289463470234,0.0748148044843152,SP4
Hsapiens-HOCOMOCOv13-ETV1.H13CORE.0.PSM.A,13,961,0.452979060477338,0.00311337058299356,0.0748148044843152,ETV1
Hsapiens-JASPAR_CORE-SOX9-MA0077.1,2,372,0.185430173421372,0.00311519670566636,0.0748148044843152,SOX9
Hsapiens-jaspar2016-ERG-MA0474.2,13,972,0.44714914570477,0.00317237292157957,0.0754600425199931,ERG
Hsapiens-jaspar2018-ERG-MA0474.2,13,972,0.44714914570477,0.00317237292157957,0.0754600425199931,ERG
Hsapiens-jolma2013-ERG,13,972,0.44714914570477,0.00317237292157957,0.0754600425199931,ERG
Hsapiens-jaspar2022-E2F6-MA0471.2,78,2071,1.5399075775933,0.00320942228405176,0.0760989683796274,E2F6
Hsapiens-HOCOMOCOv10-SP1_HUMAN.H10MO.C,143,4330,1.51699910936329,0.00323410508470166,0.0764415534102428,SP1
Hsapiens-jaspar2024-FEV-MA0156.4,15,1056,0.473725758380112,0.00325982705239058,0.0768064613700481,FEV
Hsapiens-HOCOMOCOv13-ZNF850.H13CORE.0.PSG.A,32,671,1.82906413210871,0.00331355456294998,0.0771946614673938,ZNF850
Hsapiens-HOCOMOCOv10-ETV6_HUMAN.H10MO.D,19,1244,0.505260540861575,0.00331764444116125,0.0771946614673938,ETV6
Hsapiens-jolma2013-ELF5,17,1142,0.495055430881929,0.00330943274152003,0.0771946614673938,ELF5
Hsapiens-SwissRegulon-ELF5.SwissRegulon,17,1142,0.495055430881929,0.00330943274152003,0.0771946614673938,ELF5
Hsapiens-jaspar2022-ZNF281-MA1630.2,108,3087,1.49504450987563,0.00335693956946312,0.077866402622112,ZNF281
Hsapiens-HOCOMOCOv13-ZN132.H13CORE.0.P.C,130,3864,1.49743446302381,0.00338645192794178,0.0783077691944185,ZN132
Hsapiens-jaspar2022-ZNF148-MA1653.1,110,3156,1.49457055558676,0.00346110100819929,0.079786924167409,ZNF148
Hsapiens-SwissRegulon-SP2.SwissRegulon,101,2841,1.50370213309245,0.00355314006976367,0.0816566251725073,SP2
Hsapiens-jolma2013-SOX9,3,434,0.237540135832889,0.00360837754793755,0.0826716929617961,SOX9
Hsapiens-HOCOMOCOv13-MAZ.H13CORE.1.P.B,150,4600,1.52120923557194,0.00370896467121738,0.0830513353522394,MAZ
Hsapiens-jaspar2016-SPI1-MA0080.4,20,1281,0.51618792045295,0.00372502307444105,0.0830513353522394,SPI1
Hsapiens-jaspar2018-SPI1-MA0080.4,20,1281,0.51618792045295,0.00372502307444105,0.0830513353522394,SPI1
Hsapiens-jolma2013-SPI1,20,1281,0.51618792045295,0.00372502307444105,0.0830513353522394,SPI1
Hsapiens-SwissRegulon-ETV3.SwissRegulon,14,1008,0.464177179557162,0.0037062665996457,0.0830513353522394,ETV3
Hsapiens-jaspar2016-ETV5-MA0765.1,14,1009,0.463650476629198,0.00371678455237716,0.0830513353522394,ETV5
Hsapiens-jaspar2018-ETV5-MA0765.1,14,1009,0.463650476629198,0.00371678455237716,0.0830513353522394,ETV5
Hsapiens-jolma2013-ETV5,14,1009,0.463650476629198,0.00371678455237716,0.0830513353522394,ETV5
Hsapiens-SwissRegulon-ETV5.SwissRegulon,14,1009,0.463650476629198,0.00371678455237716,0.0830513353522394,ETV5
Hsapiens-HOCOMOCOv13-ETV2.H13CORE.0.S.B,18,1179,0.507445458601492,0.00376379971904722,0.0834987551721401,ETV2
Hsapiens-jolma2013-ERG-3,16,1095,0.486908713009121,0.0037674495237664,0.0834987551721401,ERG
Hsapiens-jaspar2024-PAX2-MA0067.3,15,231,2.42381653181389,0.0038306376720325,0.0835336715372037,PAX2
Hsapiens-HOCOMOCOv13-ZN506.H13CORE.0.P.C,40,903,1.71721083611813,0.0037814185285848,0.0835336715372037,ZN506
Hsapiens-HOCOMOCOv13-SP3.H13CORE.1.S.B,95,2642,1.50536753745956,0.0038143909615926,0.0835336715372037,SP3
Hsapiens-HOCOMOCOv11-secondary-C-VEZF1_HUMAN.H11MO.1.C,104,2952,1.4947673165379,0.00383612924585096,0.0835336715372037,VEZF1
Hsapiens-HOCOMOCOv13-ZNF48.H13CORE.0.PSG.A,116,3377,1.48472800129483,0.00382687167990675,0.0835336715372037,ZNF48
Hsapiens-jaspar2022-NR4A2-MA0160.2,7,653,0.364302469055648,0.00379625398193462,0.0835336715372037,NR4A2
Hsapiens-HOCOMOCOv13-SPDEF.H13CORE.0.PSM.A,4,489,0.280321204985681,0.00386757161106149,0.0839735243110997,SPDEF
Hsapiens-jolma2013-SPDEF,5,545,0.313476675649103,0.00396476533455407,0.0855862204733652,SPDEF
Hsapiens-SwissRegulon-SPDEF.SwissRegulon,5,545,0.313476675649103,0.00396476533455407,0.0855862204733652,SPDEF
Hsapiens-HOCOMOCOv13-ZNF618.H13CORE.0.G.B,44,2266,0.621059636916562,0.0040371054158991,0.0867122660623759,ZNF618
Hsapiens-HOCOMOCOv13-ZFP37.H13CORE.0.P.C,32,1784,0.583012037501897,0.00404014842545278,0.0867122660623759,ZFP37
Hsapiens-HOCOMOCOv13-ZN557.H13CORE.0.P.C,72,1900,1.53060632593361,0.00413491768106186,0.0870697506990094,ZN557
Hsapiens-HOCOMOCOv11-core-A-KLF6_HUMAN.H11MO.0.A,137,4122,1.50024588637188,0.00413473342121355,0.0870697506990094,KLF6
Hsapiens-JASPAR_2014-ZNF263-MA0528.1,130,3875,1.48917409797705,0.00417196592320934,0.0870697506990094,ZNF263
Hsapiens-jaspar2016-ZNF263-MA0528.1,130,3875,1.48917409797705,0.00417196592320934,0.0870697506990094,ZNF263
Hsapiens-jaspar2018-ZNF263-MA0528.1,130,3875,1.48917409797705,0.00417196592320934,0.0870697506990094,ZNF263
Hsapiens-jaspar2016-ETV2-MA0762.1,10,796,0.424500790929498,0.00417337940155916,0.0870697506990094,ETV2
Hsapiens-jaspar2018-ETV2-MA0762.1,10,796,0.424500790929498,0.00417337940155916,0.0870697506990094,ETV2
Hsapiens-jaspar2022-ETV2-MA0762.1,10,796,0.424500790929498,0.00417337940155916,0.0870697506990094,ETV2
Hsapiens-jolma2013-ETV2,10,796,0.424500790929498,0.00417337940155916,0.0870697506990094,ETV2
Hsapiens-SwissRegulon-ETV2.SwissRegulon,10,796,0.424500790929498,0.00417337940155916,0.0870697506990094,ETV2
Hsapiens-HOCOMOCOv11-core-B-KLF3_HUMAN.H11MO.0.B,132,3957,1.48326641811487,0.00424152775101223,0.0876055082296537,KLF3
Hsapiens-jaspar2016-ETV4-MA0764.1,15,1032,0.486426770834855,0.00425709798858367,0.0876055082296537,ETV4
Hsapiens-jaspar2018-ETV4-MA0764.1,15,1032,0.486426770834855,0.00425709798858367,0.0876055082296537,ETV4
Hsapiens-jolma2013-ETV4,15,1032,0.486426770834855,0.00425709798858367,0.0876055082296537,ETV4
Hsapiens-jaspar2016-FEV-MA0156.2,15,1045,0.479474639695278,0.00429289275834158,0.0876055082296537,FEV
Hsapiens-jaspar2018-FEV-MA0156.2,15,1045,0.479474639695278,0.00429289275834158,0.0876055082296537,FEV
Hsapiens-jolma2013-FEV,15,1045,0.479474639695278,0.00429289275834158,0.0876055082296537,FEV
Hsapiens-SwissRegulon-FEV.SwissRegulon,15,1045,0.479474639695278,0.00429289275834158,0.0876055082296537,FEV
Hsapiens-jaspar2018-ZBTB7A-MA0750.2,24,1447,0.545537423388156,0.00438142872001739,0.0889263345375269,ZBTB7A
Hsapiens-jaspar2022-ZBTB7A-MA0750.2,24,1447,0.545537423388156,0.00438142872001739,0.0889263345375269,ZBTB7A
Hsapiens-HOCOMOCOv11-secondary-A-ZN263_HUMAN.H11MO.1.A,69,1807,1.53528981534929,0.00451710406180112,0.0914315724596005,ZN263
Hsapiens-HOCOMOCOv13-ZNF813.H13CORE.0.SG.A,100,2839,1.47823213582362,0.00453998456572191,0.0916463370848025,ZNF813
Hsapiens-jaspar2024-RBPJ-MA1116.2,72,3350,0.660427072270659,0.00457871510285953,0.0919312449012308,RBPJ
Hsapiens-jolma2013-SPIB,22,1343,0.541929872047751,0.00457526511127114,0.0919312449012308,SPIB
Hsapiens-jaspar2022-ELK3-MA0759.2,20,1262,0.525448919364601,0.00476659333684103,0.0954468783722939,ELK3
Hsapiens-HOCOMOCOv13-ZN880.H13CORE.0.P.C,94,2634,1.48460673914245,0.00479825843850398,0.0955685127391633,ZN880
Hsapiens-HOCOMOCOv13-ETV5.H13CORE.0.PS.A,14,978,0.480479102451959,0.0047950005629549,0.0955685127391633,ETV5
Hsapiens-jolma2013-ELF3,16,1074,0.497946973367318,0.00487526533420078,0.096355788306651,ELF3
Hsapiens-SwissRegulon-ELF3.SwissRegulon,16,1074,0.497946973367318,0.00487526533420078,0.096355788306651,ELF3
Hsapiens-HOCOMOCOv10-ELK1_HUMAN.H10MO.A,16,1075,0.497411562941391,0.00487648788056153,0.096355788306651,ELK1
Hsapiens-cisbp_1.02-M4525_1.02,42,970,1.68106992864053,0.00495141496197971,0.0973213640816485,TFAP2C
Hsapiens-HOCOMOCOv13-MAZ.H13CORE.0.P.B,121,3564,1.47726624855245,0.00494588099837651,0.0973213640816485,MAZ
Hsapiens-cisbp_1.02-M6161_1.02,32,681,1.79978692992128,0.00506013521478855,0.0981666231668978,BHLHE41
Hsapiens-HOCOMOCOv13-ZN223.H13CORE.0.P.C,76,2040,1.51027111879455,0.00504654729788792,0.0981666231668978,ZN223
Hsapiens-HOCOMOCOv13-KLF9.H13CORE.1.P.B,141,4290,1.48868447305591,0.00502067496031982,0.0981666231668978,KLF9
Hsapiens-HOCOMOCOv13-ZNF226.H13CORE.0.PSGI.A,3,415,0.249042254573778,0.00505589978979928,0.0981666231668978,ZNF226
Hsapiens-HOCOMOCOv13-ZBT7B.H13CORE.0.SM.B,1,286,0.121405865429361,0.00502764910213354,0.0981666231668978,ZBT7B
Hsapiens-HOCOMOCOv11-core-A-CTCFL_HUMAN.H11MO.0.A,58,1468,1.5636595060206,0.005085501854152,0.0982018572465219,CTCFL
Hsapiens-jaspar2018-ZNF384-MA1125.1,50,2493,0.637398140858528,0.0051013951816375,0.0982018572465219,ZNF384
Hsapiens-jaspar2022-ZNF384-MA1125.1,50,2493,0.637398140858528,0.0051013951816375,0.0982018572465219,ZNF384
Hsapiens-HOCOMOCOv10-TBX15_HUMAN.H10MO.D,127,3785,1.4741529081044,0.00513543974997638,0.098350255109163,TBX15
Hsapiens-HOCOMOCOv11-secondary-D-TBX15_HUMAN.H11MO.0.D,127,3785,1.4741529081044,0.00513543974997638,0.098350255109163,TBX15
Hsapiens-HOCOMOCOv13-ELF4.H13CORE.1.M.B,29,1635,0.581230955964819,0.00518644033416446,0.0988202113670263,ELF4
Hsapiens-HOCOMOCOv11-core-A-GABPA_HUMAN.H11MO.0.A,29,1641,0.578557003648767,0.00518190024546084,0.0988202113670263,GABPA
Hsapiens-cisbp_1.02-M6488_1.02,52,1273,1.60642993271674,0.00534528046494268,0.0995135021914603,SREBF2
Hsapiens-HOCOMOCOv11-core-C-ZN436_HUMAN.H11MO.0.C,51,1255,1.59306743909023,0.00524334997924453,0.0995135021914603,ZN436
Hsapiens-HOCOMOCOv13-ZN860.H13CORE.0.P.C,72,1907,1.52322725022928,0.00525903016131756,0.0995135021914603,ZN860
Hsapiens-HOCOMOCOv11-secondary-B-WT1_HUMAN.H11MO.1.B,90,2508,1.48183925443646,0.00538362489459075,0.0995135021914603,WT1
Hsapiens-jolma2013-FLI1,13,929,0.470725772569519,0.00536373321697709,0.0995135021914603,FLI1
Hsapiens-JASPAR_CORE-PBX1-MA0070.1,4,470,0.292394625222199,0.00536040286033092,0.0995135021914603,PBX1
Hsapiens-JASPAR_2014-PBX1-MA0070.1,4,470,0.292394625222199,0.00536040286033092,0.0995135021914603,PBX1
Hsapiens-jaspar2016-PBX1-MA0070.1,4,470,0.292394625222199,0.00536040286033092,0.0995135021914603,PBX1
Hsapiens-jaspar2018-PBX1-MA0070.1,4,470,0.292394625222199,0.00536040286033092,0.0995135021914603,PBX1
Hsapiens-jaspar2022-PBX1-MA0070.1,4,470,0.292394625222199,0.00536040286033092,0.0995135021914603,PBX1
Hsapiens-SwissRegulon-PBX1.SwissRegulon,4,470,0.292394625222199,0.00536040286033092,0.0995135021914603,PBX1
Hsapiens-HOCOMOCOv13-NR4A2.H13CORE.0.SM.B,4,474,0.289772419761555,0.0053729210816054,0.0995135021914603,NR4A2
Hsapiens-jolma2013-SOX9-6,4,476,0.288477842909276,0.00539603272024922,0.0995135021914603,SOX9
Hsapiens-HOCOMOCOv10-NRF1_HUMAN.H10MO.A,33,1800,0.597485650474938,0.00542244511390896,0.0997542920093252,NRF1
Hsapiens-jaspar2018-CTCFL-MA1102.1,52,1281,1.59448914893703,0.00548475635068828,0.100255637621853,CTCFL
Hsapiens-HOCOMOCOv13-ZNF800.H13CORE.0.PSG.A,90,2514,1.47667782406243,0.00546956898611348,0.100255637621853,ZNF800
Hsapiens-HOCOMOCOv10-ELF5_HUMAN.H10MO.D,15,1016,0.495227462375196,0.00553023466330212,0.100255637621853,ELF5
Hsapiens-jaspar2016-ETV1-MA0761.1,15,1016,0.495227462375196,0.00553023466330212,0.100255637621853,ETV1
Hsapiens-jaspar2018-ETV1-MA0761.1,15,1016,0.495227462375196,0.00553023466330212,0.100255637621853,ETV1
Hsapiens-jolma2013-ETV1,15,1016,0.495227462375196,0.00553023466330212,0.100255637621853,ETV1
Hsapiens-SwissRegulon-HOXA6.SwissRegulon,144,5840,0.669898710276027,0.0056783108788758,0.102442763174694,HOXA6
Hsapiens-SwissRegulon-HOXB6.SwissRegulon,144,5840,0.669898710276027,0.0056783108788758,0.102442763174694,HOXB6
Hsapiens-HOCOMOCOv13-ZN480.H13CORE.0.P.C,64,1660,1.53695287186829,0.00573239474578097,0.10316929242467,ZN480
Hsapiens-jaspar2024-ZBED4-MA2328.1,79,2147,1.49541386830151,0.00579181455737192,0.103988132040891,ZBED4
Hsapiens-SwissRegulon-WT1.SwissRegulon,102,2913,1.4722689176769,0.00582019022880358,0.104247004361952,WT1
Hsapiens-jaspar2022-TFAP2C-MA0814.2,43,1013,1.64705376016875,0.00585340042166185,0.104591023323905,TFAP2C
Hsapiens-HOCOMOCOv11-core-C-ZN467_HUMAN.H11MO.0.C,144,4417,1.48036197693956,0.00603936118665466,0.10765629762082,ZN467
Hsapiens-jaspar2024-ZNF148-MA1653.2,104,2986,1.46772196550134,0.00607205491554623,0.107981376581464,ZNF148
Hsapiens-HOCOMOCOv11-core-A-IRF1_HUMAN.H11MO.0.A,56,2712,0.652713249592951,0.00615855095261871,0.109259422957504,IRF1
Hsapiens-HOCOMOCOv11-core-A-E2F4_HUMAN.H11MO.0.A,106,3059,1.46362686566512,0.00631130274388109,0.111704076289213,E2F4
Hsapiens-SwissRegulon-GTF2F1.SwissRegulon,128,3838,1.46203083757866,0.00635590930521008,0.112214899764084,GTF2F1
Hsapiens-HOCOMOCOv13-KLF6.H13CORE.0.P.B,127,3807,1.45791197857538,0.00637021254518296,0.112214899764084,KLF6
Hsapiens-jaspar2024-ELF2-MA1483.3,16,1068,0.501180490895964,0.00639865134098813,0.112450651449036,ELF2
Hsapiens-SwissRegulon-ZNF281.SwissRegulon,58,1475,1.55456196315764,0.00662890347088264,0.116223662028222,ZNF281
Hsapiens-HOCOMOCOv13-ZN681.H13CORE.0.P.C,110,3203,1.458239401761,0.00673879446994251,0.117873667203748,ZN681
Hsapiens-cisbp_1.02-M2934_1.02,36,815,1.69643820732937,0.00703478751755211,0.122192623182783,TFAP2A
Hsapiens-cisbp_1.02-M2939_1.02,36,815,1.69643820732937,0.00703478751755211,0.122192623182783,TFAP2C
Hsapiens-jaspar2024-FLI1-MA0475.3,13,916,0.478288580520611,0.00701416519683731,0.122192623182783,FLI1
Hsapiens-HOCOMOCOv13-ZN341.H13CORE.1.P.B,99,2842,1.44904722461081,0.00705207797134294,0.122208747953505,ZN341
Hsapiens-jaspar2016-ETS1-MA0098.3,15,1004,0.502012053117506,0.00714842633515787,0.12273930183286,ETS1
Hsapiens-jaspar2018-ETS1-MA0098.3,15,1004,0.502012053117506,0.00714842633515787,0.12273930183286,ETS1
Hsapiens-jaspar2022-ETS1-MA0098.3,15,1004,0.502012053117506,0.00714842633515787,0.12273930183286,ETS1
Hsapiens-jolma2013-ETS1,15,1004,0.502012053117506,0.00714842633515787,0.12273930183286,ETS1
Hsapiens-hPDI-RARA,115,3384,1.45293882339255,0.00718690525692821,0.123116961844029,RARA
Hsapiens-HOCOMOCOv13-THAP1.H13CORE.0.P.B,63,1648,1.51725775354564,0.00728070142949883,0.123344264614485,THAP1
Hsapiens-jaspar2024-ZNF530-MA1981.2,68,1802,1.50861428992186,0.00729551076581592,0.123344264614485,ZNF530
Hsapiens-SwissRegulon-ETV1.SwissRegulon,15,1013,0.496908541145937,0.00723621738618312,0.123344264614485,ETV1
Hsapiens-HOCOMOCOv11-core-C-SOX17_HUMAN.H11MO.0.C,6,571,0.359438370270151,0.00729925893153065,0.123344264614485,SOX17
Hsapiens-HOCOMOCOv13-SOX3.H13CORE.0.PM.A,3,409,0.252896515269205,0.00725178909138099,0.123344264614485,SOX3
Hsapiens-HOCOMOCOv13-SCRT2.H13CORE.0.PSM.A,3,410,0.252246304883031,0.00729076800870746,0.123344264614485,SCRT2
Hsapiens-HOCOMOCOv11-core-A-STAT2_HUMAN.H11MO.0.A,55,2659,0.656484577850277,0.00735836292239843,0.124062331077639,STAT2
Hsapiens-jaspar2022-KLF4-MA0039.4,103,2978,1.44759523338127,0.00752252580946311,0.126197108776957,KLF4
Hsapiens-jaspar2016-RFX2-MA0600.2,4,465,0.295735820039573,0.00758635718849296,0.126197108776957,RFX2
Hsapiens-jaspar2018-RFX2-MA0600.2,4,465,0.295735820039573,0.00758635718849296,0.126197108776957,RFX2
Hsapiens-jaspar2022-RFX2-MA0600.2,4,465,0.295735820039573,0.00758635718849296,0.126197108776957,RFX2
Hsapiens-jolma2013-RFX2,4,465,0.295735820039573,0.00758635718849296,0.126197108776957,RFX2
Hsapiens-HOCOMOCOv13-MYPOP.H13CORE.0.PSGB.A,1,281,0.123647388405818,0.00757546191112427,0.126197108776957,MYPOP
Hsapiens-HOCOMOCOv13-NOTO.H13CORE.0.SM.B,14,230,2.26161392232206,0.00762990397869361,0.126639450704139,NOTO
Hsapiens-jaspar2024-ELK3-MA0759.3,20,1218,0.548004778990295,0.00775416333252118,0.128416509823948,ELK3
Hsapiens-jaspar2022-ETV2::FOXI1-MA1942.1,14,945,0.499606645373256,0.00809400752286005,0.133748102186376,ETV2::FOXI1
Hsapiens-SwissRegulon-TEAD4.SwissRegulon,16,1036,0.519058455012842,0.00813496933442669,0.133832788455579,TEAD4
Hsapiens-jolma2013-ELK4,16,1040,0.516763545013381,0.00811738577457262,0.133832788455579,ELK4
Hsapiens-HOCOMOCOv11-core-C-ELF2_HUMAN.H11MO.0.C,29,1598,0.598164180704209,0.00818087464270555,0.134292203750259,ELF2
Hsapiens-HOCOMOCOv13-TAF1.H13CORE.0.P.B,70,1883,1.48593109907344,0.0083157407727544,0.136206727701102,TAF1
Hsapiens-HOCOMOCOv13-ZN304.H13CORE.0.P.C,43,1029,1.61771260177368,0.0083532309915589,0.136521405417841,ZN304
Hsapiens-HOCOMOCOv13-HEY2.H13CORE.0.S.B,13,204,2.36416862186677,0.00844482044243649,0.137416914781172,HEY2
Hsapiens-jaspar2022-CTCF-MA1929.1,53,1341,1.54760440643451,0.00843866212775656,0.137416914781172,CTCF
Hsapiens-jaspar2024-VEZF1-MA1578.2,90,2547,1.44872443004286,0.00865811585654265,0.140581450722863,VEZF1
Hsapiens-HOCOMOCOv13-GMEB1.H13CORE.1.P.C,32,713,1.71146882250876,0.00876193368098492,0.14188918759418,GMEB1
Hsapiens-jaspar2024-NR2C2-MA0504.2,50,1247,1.56458363435707,0.00877665077902142,0.14188918759418,NR2C2
Hsapiens-HOCOMOCOv10-NKX61_HUMAN.H10MO.D,27,1521,0.586113082964087,0.00889156972375133,0.143436575090062,NKX61
Hsapiens-jaspar2024-SOX2-MA0143.5,2,329,0.210853194618365,0.00900128911985936,0.144271734841694,SOX2
Hsapiens-jaspar2024-SOX13-MA1120.2,2,329,0.210853194618365,0.00900128911985936,0.144271734841694,SOX13
Hsapiens-jaspar2024-SOX15-MA1152.2,2,329,0.210853194618365,0.00900128911985936,0.144271734841694,SOX15
Hsapiens-HOCOMOCOv13-STAT1.H13CORE.1.P.B,43,2159,0.645352026726544,0.00907839611981024,0.145187563838628,STAT1
Hsapiens-jaspar2024-NR4A1-MA1112.3,13,900,0.487896565022222,0.0091167448708417,0.145187563838628,NR4A1
Hsapiens-HOCOMOCOv13-ZNF286B.H13CORE.0.PSG.A,2,335,0.206914004751126,0.00911644600895894,0.145187563838628,ZNF286B
Hsapiens-JASPAR_CORE-ELK1-MA0028.1,15,983,0.514283658414749,0.00922881942092398,0.145422051170635,ELK1
Hsapiens-JASPAR_2014-ELK1-MA0028.1,15,983,0.514283658414749,0.00922881942092398,0.145422051170635,ELK1
Hsapiens-jaspar2016-ELK1-MA0028.1,15,983,0.514283658414749,0.00922881942092398,0.145422051170635,ELK1
Hsapiens-jaspar2018-ELK1-MA0028.1,15,983,0.514283658414749,0.00922881942092398,0.145422051170635,ELK1
Hsapiens-SwissRegulon-ELK1.SwissRegulon,15,983,0.514283658414749,0.00922881942092398,0.145422051170635,ELK1
Hsapiens-HOCOMOCOv13-ZN141.H13CORE.0.P.C,32,720,1.69319478562658,0.00928213506566953,0.145954245906286,ZN141
Hsapiens-HOCOMOCOv13-ETV3.H13CORE.0.SM.B,22,1294,0.566613343751546,0.00935641022611813,0.146802168569193,ETV3
Hsapiens-HOCOMOCOv11-core-A-ETV1_HUMAN.H11MO.0.A,22,1301,0.562973291032712,0.00937536944805262,0.146802168569193,ETV1
Hsapiens-HOCOMOCOv13-GCM2.H13CORE.0.SM.B,11,168,2.41721997373496,0.0093999832349163,0.14687965435479,GCM2
Hsapiens-jolma2013-GCM1,11,169,2.40262196435791,0.00977971255892773,0.151124880050731,GCM1
Hsapiens-JASPAR_CORE-FOXL1-MA0033.1,6,549,0.374954466306014,0.00979307028311072,0.151124880050731,FOXL1
Hsapiens-JASPAR_2014-FOXL1-MA0033.1,6,549,0.374954466306014,0.00979307028311072,0.151124880050731,FOXL1
Hsapiens-jaspar2016-FOXL1-MA0033.1,6,549,0.374954466306014,0.00979307028311072,0.151124880050731,FOXL1
Hsapiens-jaspar2018-FOXL1-MA0033.1,6,549,0.374954466306014,0.00979307028311072,0.151124880050731,FOXL1
Hsapiens-SwissRegulon-FOXL1.SwissRegulon,6,549,0.374954466306014,0.00979307028311072,0.151124880050731,FOXL1
Hsapiens-jaspar2024-ZNF384-MA1125.2,51,2470,0.662812164325755,0.00982819056404438,0.151354134686284,ZNF384
Hsapiens-HOCOMOCOv13-IRF4.H13CORE.0.P.B,32,1722,0.610059472126938,0.00991111815608151,0.15231716359624,IRF4
Hsapiens-HOCOMOCOv11-core-B-CEBPG_HUMAN.H11MO.0.B,23,473,1.82895737072239,0.0100079963946232,0.153490195218564,CEBPG
Hsapiens-HOCOMOCOv11-core-A-PAX5_HUMAN.H11MO.0.A,64,1698,1.49349926918531,0.0100508244393075,0.153831163395877,PAX5
Hsapiens-HOCOMOCOv11-core-B-RFX1_HUMAN.H11MO.0.B,51,1297,1.53183536229318,0.010159349347213,0.154857510763947,RFX1
Hsapiens-SwissRegulon-SOX9.SwissRegulon,5,493,0.348969864133973,0.0101441651047046,0.154857510763947,SOX9
Hsapiens-HOCOMOCOv13-ZNF142.H13CORE.0.PSGI.A,38,901,1.61767109481001,0.0102217023616545,0.155174583209751,ZNF142
Hsapiens-HOCOMOCOv13-SOX9.H13CORE.1.PS.A,4,441,0.312828147659528,0.0102198995987651,0.155174583209751,SOX9
Hsapiens-HOCOMOCOv10-ZN219_HUMAN.H10MO.D,48,1201,1.55217000506997,0.0103781064830389,0.156307700759157,ZN219
Hsapiens-HOCOMOCOv11-secondary-D-ZN219_HUMAN.H11MO.0.D,48,1201,1.55217000506997,0.0103781064830389,0.156307700759157,ZN219
Hsapiens-jaspar2024-GATA6-MA1104.3,4,448,0.307653720155226,0.0103800534979973,0.156307700759157,GATA6
Hsapiens-jaspar2024-TRPS1-MA1970.2,4,448,0.307653720155226,0.0103800534979973,0.156307700759157,TRPS1
Hsapiens-SwissRegulon-MEF2D.SwissRegulon,33,1747,0.620902327606314,0.0104651790436139,0.157272479430084,MEF2D
Hsapiens-HOCOMOCOv13-HINFP.H13CORE.0.P.B,52,1329,1.52586712055781,0.0107869798602653,0.161187049209035,HINFP
Hsapiens-HOCOMOCOv11-core-C-KLF12_HUMAN.H11MO.0.C,114,3385,1.42623990668701,0.0107857811199999,0.161187049209035,KLF12
Hsapiens-SwissRegulon-ELF1.SwissRegulon,21,1243,0.564534583762803,0.0107904036155466,0.161187049209035,ELF1
Hsapiens-jaspar2024-ZNF610-MA1713.2,42,1017,1.59260961645996,0.0108491628056317,0.161419117520444,ZNF610
Hsapiens-HOCOMOCOv10-WT1_HUMAN.H10MO.D,99,2876,1.42241270403421,0.0108323790339529,0.161419117520444,WT1
Hsapiens-HOCOMOCOv10-FOXK1_HUMAN.H10MO.D,31,695,1.69622571285721,0.0113158767909889,0.168028397121065,FOXK1
Hsapiens-jolma2013-ELF1-2,11,790,0.47312085354392,0.0113766326662362,0.168595375762139,ELF1
Hsapiens-HOCOMOCOv13-ZN573.H13CORE.0.P.C,26,558,1.75928059479135,0.0114297567258108,0.169047233633824,ZN573
Hsapiens-HOCOMOCOv10-SP1_HUMAN.H10MO.S,123,3717,1.4178355252629,0.0115377139586611,0.169666440591353,SP1
Hsapiens-SwissRegulon-SP1.SwissRegulon,123,3717,1.4178355252629,0.0115377139586611,0.169666440591353,SP1
Hsapiens-jaspar2022-NR4A1-MA1112.2,11,798,0.467855508176115,0.0115397712974169,0.169666440591353,NR4A1
Hsapiens-HOCOMOCOv11-core-C-ZN770_HUMAN.H11MO.0.C,134,4113,1.42381176695095,0.0116309038569824,0.170670375064442,ZN770
Hsapiens-jaspar2022-MAZ-MA1522.1,78,2174,1.44130210313048,0.0118388605986733,0.173381274140179,MAZ
Hsapiens-HOCOMOCOv10-GCM2_HUMAN.H10MO.D,13,219,2.19805706460592,0.011966682589996,0.174271433781588,GCM2
Hsapiens-HOCOMOCOv11-secondary-D-GCM2_HUMAN.H11MO.0.D,13,219,2.19805706460592,0.011966682589996,0.174271433781588,GCM2
Hsapiens-hPDI-PAXIP1,51,2454,0.669077646317544,0.0119696405850789,0.174271433781588,PAXIP1
Hsapiens-HOCOMOCOv11-core-A-ZFX_HUMAN.H11MO.0.A,43,1053,1.57537249920241,0.0120669070494592,0.174983822947626,ZFX
Hsapiens-HOCOMOCOv10-PAX5_HUMAN.H10MO.A,50,1267,1.53530261929856,0.012053554348243,0.174983822947626,PAX5
Hsapiens-jaspar2024-CTCF-MA1929.2,50,1268,1.53386281276262,0.0120888542831671,0.174983822947626,CTCF
Hsapiens-cisbp_1.02-M6146_1.02,58,1522,1.4956453845921,0.0121610715285287,0.17568867165683,TFAP2D
Hsapiens-HOCOMOCOv11-core-A-PBX3_HUMAN.H11MO.0.A,43,1057,1.56850599646166,0.0122685961832685,0.176899893615506,PBX3
Hsapiens-hPDI-ZNF3,7,586,0.409674895338435,0.0124031312960894,0.178495159249503,ZNF3
Hsapiens-SwissRegulon-CTCFL.SwissRegulon,54,1401,1.50450169045644,0.0125073161503427,0.179648354474826,CTCFL
Hsapiens-HOCOMOCOv11-secondary-A-STAT1_HUMAN.H11MO.1.A,61,2827,0.687833945344678,0.0127328672436781,0.182537016205435,STAT1
Hsapiens-jolma2013-HOXA10,2,318,0.21846110531311,0.0128249678323587,0.18350514317986,HOXA10
Hsapiens-HOCOMOCOv13-ZN682.H13CORE.0.P.B,59,1558,1.48703394520511,0.0129413671965947,0.184816580480623,ZN682
Hsapiens-jaspar2016-HOXA2-MA0900.1,13,223,2.15736063365083,0.0132908928546164,0.185550801366598,HOXA2
Hsapiens-jaspar2018-HOXA2-MA0900.1,13,223,2.15736063365083,0.0132908928546164,0.185550801366598,HOXA2
Hsapiens-jolma2013-HOXA2,13,223,2.15736063365083,0.0132908928546164,0.185550801366598,HOXA2
Hsapiens-jaspar2022-NFIC-MA1527.1,18,349,1.92380248257679,0.0130302504998331,0.185550801366598,NFIC
Hsapiens-SwissRegulon-ZNF263.SwissRegulon,47,1188,1.53062651599167,0.0132591105094119,0.185550801366598,ZNF263
Hsapiens-SwissRegulon-WRNIP1.SwissRegulon,99,2883,1.41700704696349,0.0131664613852757,0.185550801366598,WRNIP1
Hsapiens-HOCOMOCOv10-FOXL1_HUMAN.H10MO.D,63,2908,0.688248485414535,0.0131450461187166,0.185550801366598,FOXL1
Hsapiens-HOCOMOCOv11-secondary-D-FOXL1_HUMAN.H11MO.0.D,63,2908,0.688248485414535,0.0131450461187166,0.185550801366598,FOXL1
Hsapiens-HOCOMOCOv10-TBX2_HUMAN.H10MO.D,12,823,0.495502782377443,0.0132196880172442,0.185550801366598,TBX2
Hsapiens-HOCOMOCOv11-secondary-D-TBX2_HUMAN.H11MO.0.D,12,823,0.495502782377443,0.0132196880172442,0.185550801366598,TBX2
Hsapiens-HOCOMOCOv11-core-B-BATF3_HUMAN.H11MO.0.B,12,831,0.490182866353883,0.0132738258742621,0.185550801366598,BATF3
Hsapiens-HOCOMOCOv13-TGIF2.H13CORE.0.S.B,6,531,0.388605713389187,0.0131943527306303,0.185550801366598,TGIF2
Hsapiens-jaspar2018-FOSL2::JUNB-MA1138.1,18,351,1.91234669682846,0.013505017583273,0.186449124453727,FOSL2::JUNB
Hsapiens-jaspar2022-FOSL2::JUNB-MA1138.1,18,351,1.91234669682846,0.013505017583273,0.186449124453727,FOSL2::JUNB
Hsapiens-HOCOMOCOv11-secondary-C-PATZ1_HUMAN.H11MO.1.C,82,2313,1.42965349697566,0.013419128213989,0.186449124453727,PATZ1
Hsapiens-HOCOMOCOv13-ZN263.H13CORE.1.P.B,114,3420,1.40084808255029,0.0134287251722746,0.186449124453727,ZN263
Hsapiens-HOCOMOCOv10-ELF1_HUMAN.H10MO.A,30,1602,0.620066999592683,0.0134550405312036,0.186449124453727,ELF1
Hsapiens-HOCOMOCOv13-TF2LY.H13CORE.0.SM.B,6,544,0.378655865908623,0.013463226071441,0.186449124453727,TF2LY
Hsapiens-cisbp_1.02-M4645_1.02,17,313,2.02550803222947,0.0135801795896751,0.186796245589841,MYC
Hsapiens-HOCOMOCOv13-ZNF35.H13CORE.0.P.C,43,2138,0.654046196046605,0.0135670097391187,0.186796245589841,ZNF35
Hsapiens-HOCOMOCOv10-DLX5_HUMAN.H10MO.D,21,1220,0.577145667634607,0.0136204395232788,0.1870056301459,DLX5
Hsapiens-HOCOMOCOv13-TF2LY.H13CORE.1.SM.B,5,478,0.360643308692957,0.0137681421541297,0.188686704126963,TF2LY
Hsapiens-SwissRegulon-SIN3A.SwissRegulon,135,4160,1.41700317122369,0.0140060771767242,0.188829224608218,SIN3A
Hsapiens-hPDI-CREB3L1,27,1487,0.602677470719708,0.0138188409655392,0.188829224608218,CREB3L1
Hsapiens-HOCOMOCOv10-HXA2_HUMAN.H10MO.D,3,376,0.27629364341725,0.013936515869203,0.188829224608218,HXA2
Hsapiens-HOCOMOCOv11-secondary-D-HXA2_HUMAN.H11MO.0.D,3,376,0.27629364341725,0.013936515869203,0.188829224608218,HXA2
Hsapiens-jaspar2022-SOX2-MA0143.4,3,376,0.27629364341725,0.013936515869203,0.188829224608218,SOX2
Hsapiens-JASPAR_2014-SOX9-MA0077.1,3,377,0.275524460998777,0.0139891133897354,0.188829224608218,SOX9
Hsapiens-jaspar2016-SOX9-MA0077.1,3,377,0.275524460998777,0.0139891133897354,0.188829224608218,SOX9
Hsapiens-jaspar2018-SOX9-MA0077.1,3,377,0.275524460998777,0.0139891133897354,0.188829224608218,SOX9
Hsapiens-jaspar2022-SOX9-MA0077.1,3,377,0.275524460998777,0.0139891133897354,0.188829224608218,SOX9
Hsapiens-HOCOMOCOv11-core-C-ZN563_HUMAN.H11MO.0.C,52,1342,1.5081260191402,0.0141851112100325,0.19089837050042,ZN563
Hsapiens-hPDI-VIL2,126,3853,1.39861728446458,0.0143049626324552,0.192165046585985,EZR
Hsapiens-hPDI-RFC2,45,2197,0.666786170928342,0.0146326739616945,0.196214437737695,RFC2
Hsapiens-HOCOMOCOv13-GMEB2.H13CORE.0.P.C,35,832,1.60316286652742,0.0147453433787005,0.197370913432821,GMEB2
Hsapiens-HOCOMOCOv13-HEY1.H13CORE.0.S.B,13,227,2.11836809902466,0.0147927849502143,0.197651718771289,HEY1
Hsapiens-HOCOMOCOv11-secondary-C-ZN816_HUMAN.H11MO.1.C,30,680,1.67242965240755,0.0148595431632376,0.198189156939681,ZN816
Hsapiens-JASPAR_2014-E2F4-MA0470.1,57,1504,1.48257100274996,0.0149989608275864,0.198278298090695,E2F4
Hsapiens-jaspar2016-E2F4-MA0470.1,57,1504,1.48257100274996,0.0149989608275864,0.198278298090695,E2F4
Hsapiens-jaspar2018-E2F4-MA0470.1,57,1504,1.48257100274996,0.0149989608275864,0.198278298090695,E2F4
Hsapiens-HOCOMOCOv13-ETV4.H13CORE.0.P.B,25,1383,0.603448105668865,0.014936893747501,0.198278298090695,ETV4
Hsapiens-HOCOMOCOv11-core-B-EHF_HUMAN.H11MO.0.B,25,1391,0.599248257212853,0.0148946067328712,0.198278298090695,EHF
Hsapiens-HOCOMOCOv10-GLIS2_HUMAN.H10MO.D,19,372,1.90874034368046,0.0150549388699697,0.198316293509353,GLIS2
Hsapiens-HOCOMOCOv11-secondary-D-GLIS2_HUMAN.H11MO.0.D,19,372,1.90874034368046,0.0150549388699697,0.198316293509353,GLIS2
Hsapiens-HOCOMOCOv11-core-A-E2F1_HUMAN.H11MO.0.A,79,2216,1.43165922782794,0.0151260842252597,0.198902681476171,E2F1
Hsapiens-jolma2013-ETS1-3,15,949,0.535303407038804,0.0151566296222812,0.198954071439048,ETS1
Hsapiens-JASPAR_CORE-ELK4-MA0076.1,15,963,0.526468469351084,0.0152831922030901,0.199249642516032,ELK4
Hsapiens-jaspar2016-ELK4-MA0076.1,15,963,0.526468469351084,0.0152831922030901,0.199249642516032,ELK4
Hsapiens-jaspar2018-ELK4-MA0076.1,15,963,0.526468469351084,0.0152831922030901,0.199249642516032,ELK4
Hsapiens-HOCOMOCOv10-SOX5_HUMAN.H10MO.C,8,632,0.433428155708526,0.0153125311024505,0.199249642516032,SOX5
Hsapiens-HOCOMOCOv11-core-C-SOX5_HUMAN.H11MO.0.C,8,632,0.433428155708526,0.0153125311024505,0.199249642516032,SOX5
Hsapiens-HOCOMOCOv13-MAX.H13CORE.0.PS.A,17,324,1.95395026989857,0.0153680603976517,0.199277852621632,MAX
Hsapiens-hPDI-POLI,108,3222,1.39274135925245,0.0153657847446138,0.199277852621632,POLI
Hsapiens-HOCOMOCOv10-ZN524_HUMAN.H10MO.D,30,688,1.65116875097076,0.0157165268795504,0.20309124440028,ZN524
Hsapiens-HOCOMOCOv11-secondary-D-ZN524_HUMAN.H11MO.0.D,30,688,1.65116875097076,0.0157165268795504,0.20309124440028,ZN524
Hsapiens-HOCOMOCOv11-core-A-MAX_HUMAN.H11MO.0.A,19,378,1.87698913424311,0.0160203228881931,0.206659398362546,MAX
Hsapiens-HOCOMOCOv13-ZN776.H13CORE.0.P.C,42,1049,1.53692100336131,0.0161613911438761,0.208119707678638,ZN776
Hsapiens-HOCOMOCOv13-ZNF362.H13CORE.0.PSGI.A,55,2577,0.687850481181944,0.0162143354690085,0.208442119824482,ZNF362
Hsapiens-HOCOMOCOv10-ZN282_HUMAN.H10MO.D,36,866,1.58514908205283,0.0164351326435649,0.21055575594303,ZN282
Hsapiens-HOCOMOCOv11-secondary-D-ZN282_HUMAN.H11MO.0.D,36,866,1.58514908205283,0.0164351326435649,0.21055575594303,ZN282
Hsapiens-jaspar2022-NR1I2-MA1533.1,19,381,1.86149188945887,0.0166074852269313,0.212399498561557,NR1I2
Hsapiens-cisbp_1.02-M5587_1.02,14,246,2.11006097488553,0.0170437278903073,0.214464615060092,JDP2
Hsapiens-jaspar2016-NFKB2-MA0778.1,14,246,2.11006097488553,0.0170437278903073,0.214464615060092,NFKB2
Hsapiens-jaspar2018-NFKB2-MA0778.1,14,246,2.11006097488553,0.0170437278903073,0.214464615060092,NFKB2
Hsapiens-jaspar2022-NFKB2-MA0778.1,14,246,2.11006097488553,0.0170437278903073,0.214464615060092,NFKB2
Hsapiens-jolma2013-NFKB2,14,246,2.11006097488553,0.0170437278903073,0.214464615060092,NFKB2
Hsapiens-jolma2013-JDP2,14,246,2.11006097488553,0.0170437278903073,0.214464615060092,JDP2
Hsapiens-SwissRegulon-NFKB2.SwissRegulon,14,246,2.11006097488553,0.0170437278903073,0.214464615060092,NFKB2
Hsapiens-HOCOMOCOv10-MNT_HUMAN.H10MO.D,91,2635,1.40353495531214,0.0170115549403421,0.214464615060092,MNT
Hsapiens-HOCOMOCOv13-KLF10.H13CORE.0.P.C,122,3721,1.3894417128177,0.0169475114010707,0.214464615060092,KLF10
Hsapiens-jaspar2022-FOXJ2::ELF1-MA1952.1,21,1212,0.581644328420022,0.0170560960430707,0.214464615060092,FOXJ2::ELF1
Hsapiens-HOCOMOCOv13-STAT3.H13CORE.0.P.B,36,873,1.57088876418993,0.0172049541861654,0.21524925094886,STAT3
Hsapiens-SwissRegulon-SMC3.SwissRegulon,43,1079,1.53163398325983,0.0172007480621026,0.21524925094886,SMC3
Hsapiens-HOCOMOCOv13-KLF16.H13CORE.0.SM.B,76,2127,1.42721825786539,0.0171485080024246,0.21524925094886,KLF16
Hsapiens-jaspar2018-FOSL2::JUN-MA1130.1,19,385,1.84120815361802,0.0175010297668908,0.218222356141748,FOSL2::JUN
Hsapiens-jaspar2022-FOSL2::JUN-MA1130.1,19,385,1.84120815361802,0.0175010297668908,0.218222356141748,FOSL2::JUN
Hsapiens-HOCOMOCOv13-NFIC.H13CORE.1.PSM.A,21,442,1.77666742925728,0.0179961935216291,0.221816100038745,NFIC
Hsapiens-SwissRegulon-TEAD1.SwissRegulon,26,575,1.70335357021857,0.0178847858752687,0.221816100038745,TEAD1
Hsapiens-HOCOMOCOv13-ZNF845.H13CORE.0.PSG.A,70,1948,1.42099291887389,0.0179098470992845,0.221816100038745,ZNF845
Hsapiens-HOCOMOCOv11-core-A-FLI1_HUMAN.H11MO.0.A,106,3160,1.38766497893126,0.0180214687671602,0.221816100038745,FLI1
Hsapiens-jaspar2024-ETV7-MA1708.2,19,1115,0.574537675307906,0.0179831336789208,0.221816100038745,ETV7
Hsapiens-jaspar2016-RFX4-MA0799.1,6,529,0.390179861837456,0.0180862237144994,0.221816100038745,RFX4
Hsapiens-jaspar2018-RFX4-MA0799.1,6,529,0.390179861837456,0.0180862237144994,0.221816100038745,RFX4
Hsapiens-jolma2013-RFX4,6,529,0.390179861837456,0.0180862237144994,0.221816100038745,RFX4
Hsapiens-jaspar2024-HOXB9-MA1503.2,2,301,0.231312490161434,0.0180302174172304,0.221816100038745,HOXB9
Hsapiens-jaspar2024-HOXC9-MA0485.3,2,301,0.231312490161434,0.0180302174172304,0.221816100038745,HOXC9
Hsapiens-jaspar2022-HOXC9-MA0485.2,2,305,0.228159753105626,0.0182272030071411,0.223178654525142,HOXC9
Hsapiens-HOCOMOCOv13-VDR.H13CORE.0.PS.A,31,725,1.61933112987773,0.0183172396431284,0.223914014557326,VDR
Hsapiens-HOCOMOCOv13-ZN563.H13CORE.1.P.C,47,1213,1.49355152554187,0.0184219865537187,0.224826499296936,ZN563
Hsapiens-hPDI-DDX20,21,444,1.76819522908399,0.0184771318726042,0.225131644300947,DDX20
Hsapiens-jaspar2024-ZNF558-MA2335.1,25,1367,0.611995286967492,0.0185253055353848,0.225350988670666,ZNF558
Hsapiens-HOCOMOCOv13-ZNF32.H13CORE.0.SM.B,12,208,2.12905925047898,0.0186941362635415,0.225473744630396,ZNF32
Hsapiens-HOCOMOCOv13-ZN436.H13CORE.0.P.C,56,1493,1.46094199330294,0.0187769004097076,0.225473744630396,ZN436
Hsapiens-jaspar2016-SP3-MA0746.1,95,2790,1.38575824182919,0.0187552745398125,0.225473744630396,SP3
Hsapiens-jaspar2018-SP3-MA0746.1,95,2790,1.38575824182919,0.0187552745398125,0.225473744630396,SP3
Hsapiens-jolma2013-SP3,95,2790,1.38575824182919,0.0187552745398125,0.225473744630396,SP3
Hsapiens-hPDI-MRPL1,17,1032,0.556656093072498,0.0187757374696431,0.225473744630396,MRPL1
Hsapiens-SwissRegulon-TGIF2.SwissRegulon,5,461,0.37479151255288,0.0186288342710251,0.225473744630396,TGIF2
Hsapiens-HOCOMOCOv13-PKNX2.H13CORE.0.SM.B,5,469,0.368005775334628,0.0187353153298338,0.225473744630396,PKNX2
Hsapiens-HOCOMOCOv10-KLF13_HUMAN.H10MO.D,52,1364,1.47887290819292,0.0189894256135346,0.2272949036979,KLF13
Hsapiens-HOCOMOCOv11-secondary-D-KLF13_HUMAN.H11MO.0.D,52,1364,1.47887290819292,0.0189894256135346,0.2272949036979,KLF13
Hsapiens-HOCOMOCOv13-ZBT24.H13CORE.0.P.B,37,909,1.55105109444349,0.0191811407482847,0.229222304398301,ZBT24
Hsapiens-HOCOMOCOv11-core-A-MYCN_HUMAN.H11MO.0.A,22,460,1.79305916660856,0.0193115474914489,0.230412057849252,MYCN
Hsapiens-jaspar2022-DMRTA2-MA1478.1,4,416,0.332729730347124,0.019396275972246,0.231053883950089,DMRTA2
Hsapiens-HOCOMOCOv10-DLX6_HUMAN.H10MO.D,13,844,0.524393099118659,0.019437598192499,0.231177421814928,DLX6
Hsapiens-SwissRegulon-ZBTB14.SwissRegulon,44,1124,1.50306921822865,0.0195571274563037,0.232229228888922,ZBTB14
Hsapiens-jaspar2024-ERF::FOXO1-MA1936.2,13,855,0.516846842934317,0.019616179502351,0.232560705877872,ERF::FOXO1
Hsapiens-SwissRegulon-SPIC.SwissRegulon,20,1160,0.580351967002655,0.019654774710034,0.232648989396584,SPIC
Hsapiens-HOCOMOCOv10-ETV3_HUMAN.H10MO.D,3,366,0.284216634083734,0.0198002670279747,0.233630638913022,ETV3
Hsapiens-HOCOMOCOv11-secondary-D-ETV3_HUMAN.H11MO.0.D,3,366,0.284216634083734,0.0198002670279747,0.233630638913022,ETV3
Hsapiens-HOCOMOCOv13-ZN682.H13CORE.1.P.B,38,932,1.55700688690546,0.0199289740977031,0.234778403053224,ZN682
Hsapiens-SwissRegulon-BCL6.SwissRegulon,41,1030,1.52374170432449,0.0200260911804236,0.235180621110981,BCL6
Hsapiens-jaspar2022-ZNF701-MA1987.1,67,1858,1.4193126196147,0.0199961783427834,0.235180621110981,ZNF701
Hsapiens-HOCOMOCOv13-KLF17.H13CORE.1.P.C,99,2935,1.37765725582193,0.020113677216098,0.235838391094248,KLF17
Hsapiens-HOCOMOCOv13-ZN316.H13CORE.0.P.C,41,1032,1.52035034553266,0.0202273668391132,0.236799691099274,ZN316
Hsapiens-HOCOMOCOv11-secondary-A-ZFX_HUMAN.H11MO.1.A,89,2593,1.38478502344911,0.0203571648723514,0.237946266716107,ZFX
Hsapiens-jaspar2022-CTCF-MA1930.1,45,1154,1.49911850586848,0.0206086316219879,0.23900056479173,CTCF
Hsapiens-JASPAR_2014-POU2F2-MA0507.1,18,1066,0.570583404030649,0.0206180223083835,0.23900056479173,POU2F2
Hsapiens-jaspar2016-POU2F2-MA0507.1,18,1066,0.570583404030649,0.0206180223083835,0.23900056479173,POU2F2
Hsapiens-jaspar2018-POU2F2-MA0507.1,18,1066,0.570583404030649,0.0206180223083835,0.23900056479173,POU2F2
Hsapiens-HOCOMOCOv10-PO3F4_HUMAN.H10MO.D,18,1068,0.569349777393097,0.0206393579181505,0.23900056479173,PO3F4
Hsapiens-HOCOMOCOv11-secondary-D-PO3F4_HUMAN.H11MO.0.D,18,1068,0.569349777393097,0.0206393579181505,0.23900056479173,PO3F4
Hsapiens-jaspar2022-TFAP2A-MA0003.4,35,849,1.56731871411335,0.0208247830502935,0.240774465329167,TFAP2A
Hsapiens-jolma2013-SOX14,20,413,1.80880691394489,0.0209134765876201,0.241426208087998,SOX14
Hsapiens-cisbp_1.02-M4532_1.02,18,360,1.86238391415658,0.0212485077358354,0.244915284381103,MYC
Hsapiens-HOCOMOCOv13-ZN707.H13CORE.0.P.B,54,1432,1.46498065185567,0.021322461428026,0.24538900524796,ZN707
Hsapiens-hPDI-PTPMT1,206,6989,1.78680881120975,0.0214288722815338,0.246234226262732,PTPMT1
Hsapiens-jolma2013-BARHL2-3,10,708,0.4831235535245,0.0215125396146145,0.246815911492405,BARHL2
Hsapiens-cisbp_1.02-M6212_1.02,35,855,1.55500811976999,0.0215718484510047,0.247116773129684,EPAS1
Hsapiens-hPDI-NXPH3,50,1305,1.48214102162212,0.0216315306500487,0.247420983805841,NXPH3
Hsapiens-HOCOMOCOv10-BHE41_HUMAN.H10MO.D,30,700,1.62018832419939,0.0223776749612885,0.248820916770874,BHE41
Hsapiens-HOCOMOCOv11-secondary-D-BHE41_HUMAN.H11MO.0.D,30,700,1.62018832419939,0.0223776749612885,0.248820916770874,BHE41
Hsapiens-JASPAR_CORE-CTCF-MA0139.1,42,1071,1.50056380024444,0.0223983062289308,0.248820916770874,CTCF
Hsapiens-JASPAR_2014-CTCF-MA0139.1,42,1071,1.50056380024444,0.0223983062289308,0.248820916770874,CTCF
Hsapiens-jaspar2016-CTCF-MA0139.1,42,1071,1.50056380024444,0.0223983062289308,0.248820916770874,CTCF
Hsapiens-jaspar2018-CTCF-MA0139.1,42,1071,1.50056380024444,0.0223983062289308,0.248820916770874,CTCF
Hsapiens-jaspar2022-CTCF-MA0139.1,42,1071,1.50056380024444,0.0223983062289308,0.248820916770874,CTCF
Hsapiens-HOCOMOCOv11-core-C-COT1_HUMAN.H11MO.0.C,64,1766,1.4204067785353,0.0221108194599308,0.248820916770874,COT1
Hsapiens-JASPAR_2014-KLF5-MA0599.1,108,3259,1.36618151909736,0.0225445044262325,0.248820916770874,KLF5
Hsapiens-jaspar2016-KLF5-MA0599.1,108,3259,1.36618151909736,0.0225445044262325,0.248820916770874,KLF5
Hsapiens-jaspar2018-KLF5-MA0599.1,108,3259,1.36618151909736,0.0225445044262325,0.248820916770874,KLF5
Hsapiens-jaspar2022-KLF5-MA0599.1,108,3259,1.36618151909736,0.0225445044262325,0.248820916770874,KLF5
Hsapiens-jaspar2024-KLF5-MA0599.1,108,3259,1.36618151909736,0.0225445044262325,0.248820916770874,KLF5
Hsapiens-HOCOMOCOv13-ZN431.H13CORE.0.P.C,14,885,0.538038393375576,0.0218922067265458,0.248820916770874,ZN431
Hsapiens-jaspar2024-ETV3-MA0763.2,14,890,0.534637841299907,0.0219974914799056,0.248820916770874,ETV3
Hsapiens-jolma2013-CART1,12,803,0.509266300589669,0.0222283430955598,0.248820916770874,CART1
Hsapiens-SwissRegulon-ALX1.SwissRegulon,12,803,0.509266300589669,0.0222283430955598,0.248820916770874,ALX1
Hsapiens-jaspar2022-TRPS1-MA1970.1,7,556,0.433535047082809,0.0218451035473824,0.248820916770874,TRPS1
Hsapiens-HOCOMOCOv13-GLI2.H13CORE.0.PSM.A,7,560,0.430205996079787,0.0219124984183288,0.248820916770874,GLI2
Hsapiens-HOCOMOCOv13-BARX2.H13CORE.0.SM.B,7,561,0.429381150586606,0.021946689217453,0.248820916770874,BARX2
Hsapiens-HOCOMOCOv10-DLX2_HUMAN.H10MO.D,7,567,0.424493173918579,0.0222977007359542,0.248820916770874,DLX2
Hsapiens-HOCOMOCOv11-secondary-D-DLX2_HUMAN.H11MO.0.D,7,567,0.424493173918579,0.0222977007359542,0.248820916770874,DLX2
Hsapiens-HOCOMOCOv13-E2F3.H13CORE.1.SM.B,1,231,0.151394508579475,0.0222329093883939,0.248820916770874,E2F3
Hsapiens-cisbp_1.02-M6332_1.02,1,235,0.14874061324909,0.0226200833428068,0.248820916770874,MAF
Hsapiens-HOCOMOCOv10-MAF_HUMAN.H10MO.B,1,235,0.14874061324909,0.0226200833428068,0.248820916770874,MAF
Hsapiens-SwissRegulon-MAF.SwissRegulon,1,235,0.14874061324909,0.0226200833428068,0.248820916770874,MAF
Hsapiens-HOCOMOCOv10-FLI1_HUMAN.H10MO.A,32,1652,0.643038101567996,0.0226993169710472,0.249325291848164,FLI1
Hsapiens-cisbp_1.02-M5326_1.02,11,189,2.14284927516048,0.023951759110042,0.250751123277834,CREB3L1
Hsapiens-cisbp_1.02-M4627_1.02,16,318,1.86614842955797,0.0241857326705797,0.250751123277834,MAX
Hsapiens-jaspar2016-NOTO-MA0710.1,16,318,1.86614842955797,0.0241857326705797,0.250751123277834,NOTO
Hsapiens-jaspar2018-NOTO-MA0710.1,16,318,1.86614842955797,0.0241857326705797,0.250751123277834,NOTO
Hsapiens-jaspar2022-NOTO-MA0710.1,16,318,1.86614842955797,0.0241857326705797,0.250751123277834,NOTO
Hsapiens-jolma2013-NOTO,16,318,1.86614842955797,0.0241857326705797,0.250751123277834,NOTO
Hsapiens-SwissRegulon-NOTO.SwissRegulon,16,318,1.86614842955797,0.0241857326705797,0.250751123277834,NOTO
Hsapiens-jaspar2024-RELB-MA1117.2,25,556,1.6895491401635,0.0230245123774954,0.250751123277834,RELB
Hsapiens-JASPAR_CORE-TFAP2A-MA0003.1,25,560,1.67657620359478,0.0235943876058914,0.250751123277834,TFAP2A
Hsapiens-jaspar2016-TFAP2A-MA0003.1,25,560,1.67657620359478,0.0235943876058914,0.250751123277834,TFAP2A
Hsapiens-jaspar2018-TFAP2A-MA0003.1,25,560,1.67657620359478,0.0235943876058914,0.250751123277834,TFAP2A
Hsapiens-SwissRegulon-TFAP2A.SwissRegulon,25,560,1.67657620359478,0.0235943876058914,0.250751123277834,TFAP2A
Hsapiens-jaspar2024-TFAP2A-MA0810.2,30,708,1.60011800543491,0.0234019479270239,0.250751123277834,TFAP2A
Hsapiens-HOCOMOCOv13-ZBT26.H13CORE.0.PSM.A,33,792,1.57991118303311,0.0230344494866866,0.250751123277834,ZBT26
Hsapiens-cisbp_1.02-M6144_1.02,39,981,1.51582256257364,0.023326524189806,0.250751123277834,TFAP2B
Hsapiens-HOCOMOCOv10-AP2B_HUMAN.H10MO.B,39,981,1.51582256257364,0.023326524189806,0.250751123277834,AP2B
Hsapiens-HOCOMOCOv11-core-B-AP2B_HUMAN.H11MO.0.B,39,981,1.51582256257364,0.023326524189806,0.250751123277834,AP2B
Hsapiens-HOCOMOCOv10-MBD2_HUMAN.H10MO.B,43,1098,1.5009789541334,0.0233841327781908,0.250751123277834,MBD2
Hsapiens-HOCOMOCOv11-core-B-MBD2_HUMAN.H11MO.0.B,43,1098,1.5009789541334,0.0233841327781908,0.250751123277834,MBD2
Hsapiens-SwissRegulon-MBD2.SwissRegulon,43,1098,1.5009789541334,0.0233841327781908,0.250751123277834,MBD2
Hsapiens-HOCOMOCOv11-core-A-TBX21_HUMAN.H11MO.0.A,47,1227,1.47344936774289,0.023991448407039,0.250751123277834,TBX21
Hsapiens-HOCOMOCOv13-ZN778.H13CORE.0.P.C,47,1228,1.47203103608769,0.0240792816203896,0.250751123277834,ZN778
Hsapiens-SwissRegulon-EGR2.SwissRegulon,61,1667,1.42999973332186,0.0240247379624437,0.250751123277834,EGR2
Hsapiens-hPDI-MTHFD1,166,5380,1.42092655520157,0.0239530952635411,0.250751123277834,MTHFD1
Hsapiens-hPDI-ZCCHC14,136,4259,1.37377924622931,0.0242055910942989,0.250751123277834,ZCCHC14
Hsapiens-HOCOMOCOv11-secondary-A-SP1_HUMAN.H11MO.1.A,116,3544,1.36322745669255,0.0238982435146834,0.250751123277834,SP1
Hsapiens-jaspar2022-ETV7-MA1708.1,25,1361,0.615252294936158,0.0229196004564785,0.250751123277834,ETV7
Hsapiens-jaspar2016-ERF-MA0760.1,17,1015,0.567367346212968,0.023644268444328,0.250751123277834,ERF
Hsapiens-jaspar2018-ERF-MA0760.1,17,1015,0.567367346212968,0.023644268444328,0.250751123277834,ERF
Hsapiens-jaspar2022-ERF-MA0760.1,17,1015,0.567367346212968,0.023644268444328,0.250751123277834,ERF
Hsapiens-jolma2013-ERF,17,1015,0.567367346212968,0.023644268444328,0.250751123277834,ERF
Hsapiens-SwissRegulon-ERF.SwissRegulon,17,1015,0.567367346212968,0.023644268444328,0.250751123277834,ERF
Hsapiens-jolma2013-RFX5-2,6,500,0.414420097735793,0.0235723461650776,0.250751123277834,RFX5
Hsapiens-jolma2013-RFX5-3,6,500,0.414420097735793,0.0235723461650776,0.250751123277834,RFX5
Hsapiens-jaspar2018-GATA6-MA1104.1,6,504,0.410910778496107,0.0235874831786894,0.250751123277834,GATA6
Hsapiens-HOCOMOCOv13-MEIS2.H13CORE.1.PSM.A,6,512,0.404056630732094,0.0240038102659937,0.250751123277834,MEIS2
Hsapiens-HOCOMOCOv10-PBX1_HUMAN.H10MO.B,6,513,0.403214892500644,0.0240920904603449,0.250751123277834,PBX1
Hsapiens-HOCOMOCOv11-secondary-C-PBX1_HUMAN.H11MO.1.C,6,513,0.403214892500644,0.0240920904603449,0.250751123277834,PBX1
Hsapiens-hPDI-C2orf52,6,514,0.402376429344087,0.0241884424243369,0.250751123277834,LINC00471
Hsapiens-hPDI-FAM127B,6,514,0.402376429344087,0.0241884424243369,0.250751123277834,FAM127B
Hsapiens-jaspar2024-HOXB7-MA1501.2,1,238,0.146808732435878,0.0230811915980757,0.250751123277834,HOXB7
Hsapiens-HOCOMOCOv11-secondary-A-SP4_HUMAN.H11MO.1.A,135,4217,1.37688242522525,0.0242420528162312,0.250781014521372,SP4
Hsapiens-SwissRegulon-GATA3.SwissRegulon,80,2297,1.38864989187122,0.0243097990691634,0.250787139844726,GATA3
Hsapiens-hPDI-RAB7A,99,2951,1.36582836176768,0.0242914707649332,0.250787139844726,RAB7A
Hsapiens-HOCOMOCOv13-ZNF57.H13CORE.0.PSG.A,80,2300,1.38610541391801,0.0244102952245112,0.251476544871551,ZNF57
Hsapiens-hPDI-RNF138,94,3982,0.733483524319387,0.0247339805322958,0.252643309063194,RNF138
Hsapiens-HOCOMOCOv11-core-A-IRF2_HUMAN.H11MO.0.A,50,2345,0.695949196255338,0.0248279808344336,0.252643309063194,IRF2
Hsapiens-jaspar2016-FEV-MA0156.1,23,1272,0.607636472989075,0.0247743716096865,0.252643309063194,FEV
Hsapiens-jaspar2016-ETV6-MA0645.1,23,1273,0.607068423252245,0.0248030284532988,0.252643309063194,ETV6
Hsapiens-jaspar2018-ETV6-MA0645.1,23,1273,0.607068423252245,0.0248030284532988,0.252643309063194,ETV6
Hsapiens-jaspar2022-ETV6-MA0645.1,23,1273,0.607068423252245,0.0248030284532988,0.252643309063194,ETV6
Hsapiens-jolma2013-ETV6-2,23,1273,0.607068423252245,0.0248030284532988,0.252643309063194,ETV6
Hsapiens-jolma2013-SOX7-3,11,735,0.512422716700521,0.0246948867339567,0.252643309063194,SOX7
Hsapiens-SwissRegulon-SOX7.SwissRegulon,11,735,0.512422716700521,0.0246948867339567,0.252643309063194,SOX7
Hsapiens-HOCOMOCOv13-ZN449.H13CORE.0.P.B,37,914,1.54147379035542,0.0250187281002403,0.254237932218632,ZN449
Hsapiens-HOCOMOCOv13-ZN701.H13CORE.0.P.B,48,1256,1.47213481131665,0.0251648046962661,0.255126898307331,ZN701
Hsapiens-jaspar2022-ETS2-MA1484.1,13,841,0.526485427496828,0.0251745245752448,0.255126898307331,ETS2
Hsapiens-HOCOMOCOv13-ZNF503.H13CORE.0.P.B,34,821,1.5722555573641,0.0252394417779347,0.255438198698367,ZNF503
Hsapiens-HOCOMOCOv11-core-A-MYC_HUMAN.H11MO.0.A,18,375,1.7842976132635,0.0254646104633705,0.25736830250462,MYC
Hsapiens-jaspar2016-TFAP2A(var.2)-MA0810.1,28,653,1.61469119218094,0.0257365932025886,0.25746673893222,TFAP2A(var.2)
Hsapiens-jaspar2018-TFAP2A(var.2)-MA0810.1,28,653,1.61469119218094,0.0257365932025886,0.25746673893222,TFAP2A(var.2)
Hsapiens-jaspar2022-TFAP2A-MA0810.1,28,653,1.61469119218094,0.0257365932025886,0.25746673893222,TFAP2A
Hsapiens-jolma2013-TFAP2A,28,653,1.61469119218094,0.0257365932025886,0.25746673893222,TFAP2A
Hsapiens-jaspar2016-ZBTB7B-MA0694.1,2,291,0.239573516155654,0.0257501210312449,0.25746673893222,ZBTB7B
Hsapiens-jaspar2018-ZBTB7B-MA0694.1,2,291,0.239573516155654,0.0257501210312449,0.25746673893222,ZBTB7B
Hsapiens-jaspar2022-ZBTB7B-MA0694.1,2,291,0.239573516155654,0.0257501210312449,0.25746673893222,ZBTB7B
Hsapiens-jolma2013-ZBTB7B,2,291,0.239573516155654,0.0257501210312449,0.25746673893222,ZBTB7B
Hsapiens-HOCOMOCOv13-ZN112.H13CORE.0.P.C,5,460,0.375656324449265,0.0257957401721635,0.257578052601457,ZN112
Hsapiens-HOCOMOCOv13-ZNF648.H13CORE.0.PSGI.A,57,1554,1.42376399966108,0.0260326856366626,0.258905631185396,ZNF648
Hsapiens-HOCOMOCOv11-core-A-TAL1_HUMAN.H11MO.0.A,2,293,0.237876200948727,0.0260039566419825,0.258905631185396,TAL1
Hsapiens-jolma2013-LBX2,2,293,0.237876200948727,0.0260039566419825,0.258905631185396,LBX2
Hsapiens-jolma2013-CREB3L1-2,11,193,2.09745592164285,0.0263441875116543,0.259091970740068,CREB3L1
Hsapiens-HOCOMOCOv11-core-A-JUN_HUMAN.H11MO.0.A,25,573,1.63566457286775,0.0262351177549922,0.259091970740068,JUN
Hsapiens-HOCOMOCOv11-core-C-ZN528_HUMAN.H11MO.0.C,34,833,1.54700790790083,0.026433000629794,0.259091970740068,ZN528
Hsapiens-HOCOMOCOv13-ERF.H13CORE.0.PS.A,31,1598,0.64610498449626,0.0263327872753571,0.259091970740068,ERF
Hsapiens-jolma2013-SOX10-4,8,591,0.466088230049828,0.0262741669011738,0.259091970740068,SOX10
Hsapiens-SwissRegulon-LHX8.SwissRegulon,4,394,0.352332188776687,0.026099327285516,0.259091970740068,LHX8
Hsapiens-HOCOMOCOv13-HXB9.H13CORE.0.S.C,3,340,0.306997475655942,0.0263742916011938,0.259091970740068,HXB9
Hsapiens-jaspar2016-HOXD11-MA0908.1,3,341,0.306057055464891,0.0264009326099394,0.259091970740068,HOXD11
Hsapiens-jaspar2018-HOXD11-MA0908.1,3,341,0.306057055464891,0.0264009326099394,0.259091970740068,HOXD11
Hsapiens-jaspar2022-HOXD11-MA0908.1,3,341,0.306057055464891,0.0264009326099394,0.259091970740068,HOXD11
Hsapiens-jolma2013-HOXD11,3,341,0.306057055464891,0.0264009326099394,0.259091970740068,HOXD11
Hsapiens-HOCOMOCOv10-CREB1_HUMAN.H10MO.A,8,601,0.457711497513004,0.0264707844707468,0.259122266332907,CREB1
Hsapiens-hPDI-FLI1,21,1180,0.600248964051957,0.026512828450205,0.259194130490289,FLI1
Hsapiens-jaspar2016-NFKB1-MA0105.4,13,239,2.00893449263726,0.0267933620001307,0.259895611401268,NFKB1
Hsapiens-jaspar2018-NFKB1-MA0105.4,13,239,2.00893449263726,0.0267933620001307,0.259895611401268,NFKB1
Hsapiens-jaspar2022-NFKB1-MA0105.4,13,239,2.00893449263726,0.0267933620001307,0.259895611401268,NFKB1
Hsapiens-jaspar2024-NFKB1-MA0105.4,13,239,2.00893449263726,0.0267933620001307,0.259895611401268,NFKB1
Hsapiens-jolma2013-NFKB1,13,239,2.00893449263726,0.0267933620001307,0.259895611401268,NFKB1
Hsapiens-SwissRegulon-PATZ1.SwissRegulon,106,3208,1.35323978948159,0.0266886231111644,0.259895611401268,PATZ1
Hsapiens-hPDI-ZMAT4,36,1795,0.66468530155348,0.0271762144524293,0.263267374507386,ZMAT4
Hsapiens-HOCOMOCOv13-Z780A.H13CORE.0.P.C,64,1776,1.41012988648332,0.0274185788180566,0.264928027415349,Z780A
Hsapiens-jaspar2024-KLF11-MA1512.2,70,1973,1.39715582482182,0.0274093099521943,0.264928027415349,KLF11
Hsapiens-jaspar2024-PATZ1-MA1961.2,111,3377,1.35675685833951,0.0275363112664124,0.265721846057925,PATZ1
Hsapiens-HOCOMOCOv13-ZKSC5.H13CORE.0.P.C,64,1789,1.39694165859707,0.0281998947348763,0.271774211322311,ZKSC5
Hsapiens-HOCOMOCOv11-core-A-ETS1_HUMAN.H11MO.0.A,37,1833,0.668456825938818,0.0283266436128854,0.272643944774022,ETS1
Hsapiens-hPDI-AFF4,138,4345,1.36641022233593,0.0285068394183718,0.273321673447778,AFF4
Hsapiens-hPDI-AKR1A1,138,4345,1.36641022233593,0.0285068394183718,0.273321673447778,AKR1A1
Hsapiens-hPDI-SPR,138,4345,1.36641022233593,0.0285068394183718,0.273321673447778,SPR
Hsapiens-HOCOMOCOv13-AP2A.H13CORE.0.PSM.A,29,683,1.60058923855307,0.0286585134175954,0.274072262120384,AP2A
Hsapiens-jaspar2022-ZNF16-MA1654.1,35,863,1.53886473892027,0.0286298358440605,0.274072262120384,ZNF16
Hsapiens-HOCOMOCOv10-SPIC_HUMAN.H10MO.D,87,2551,1.36617977245464,0.0287678443261357,0.274415107626957,SPIC
Hsapiens-HOCOMOCOv11-secondary-D-SPIC_HUMAN.H11MO.0.D,87,2551,1.36617977245464,0.0287678443261357,0.274415107626957,SPIC
Hsapiens-HOCOMOCOv13-ZKSC8.H13CORE.0.P.B,26,602,1.62101803780757,0.0288960083479815,0.275286079529431,ZKSC8
Hsapiens-jaspar2018-MXI1-MA1108.1,17,345,1.82988418287825,0.0290323578124547,0.276232714014299,MXI1
Hsapiens-jolma2013-SOX10-3,7,548,0.440338938615629,0.0291093502622191,0.276612897084624,SOX10
Hsapiens-HOCOMOCOv13-ZNF160.H13CORE.0.SG.A,38,1864,0.675339743269799,0.0293889035742457,0.278914511811997,ZNF160
Hsapiens-HOCOMOCOv13-ZN416.H13CORE.0.P.C,35,870,1.52497969409233,0.0294484914427705,0.279125358611742,ZN416
Hsapiens-HOCOMOCOv10-DLX4_HUMAN.H10MO.D,17,998,0.57844349750603,0.029644188134793,0.280268912884518,DLX4
Hsapiens-HOCOMOCOv11-secondary-D-DLX4_HUMAN.H11MO.0.D,17,998,0.57844349750603,0.029644188134793,0.280268912884518,DLX4
Hsapiens-HOCOMOCOv10-LMX1A_HUMAN.H10MO.D,44,2098,0.690609886814235,0.0300166013780315,0.283073226884491,LMX1A
Hsapiens-HOCOMOCOv11-secondary-D-LMX1A_HUMAN.H11MO.0.D,44,2098,0.690609886814235,0.0300166013780315,0.283073226884491,LMX1A
Hsapiens-SwissRegulon-ZBTB6.SwissRegulon,39,986,1.50705674369592,0.0301202180791923,0.283692192728231,ZBTB6
Hsapiens-HOCOMOCOv13-ZN165.H13CORE.0.P.C,55,1504,1.41342899871675,0.0303999047638965,0.285649601149008,ZN165
Hsapiens-JASPAR_2014-STAT2::STAT1-MA0517.1,39,1896,0.681540209847475,0.0305192638528462,0.285649601149008,STAT2::STAT1
Hsapiens-jaspar2016-STAT1::STAT2-MA0517.1,39,1896,0.681540209847475,0.0305192638528462,0.285649601149008,STAT1::STAT2
Hsapiens-jaspar2018-STAT1::STAT2-MA0517.1,39,1896,0.681540209847475,0.0305192638528462,0.285649601149008,STAT1::STAT2
Hsapiens-jaspar2022-STAT1::STAT2-MA0517.1,39,1896,0.681540209847475,0.0305192638528462,0.285649601149008,STAT1::STAT2
Hsapiens-HOCOMOCOv10-EGR1_HUMAN.H10MO.S,67,1883,1.39473378709269,0.0307060558719126,0.287038211899018,EGR1
Hsapiens-JASPAR_CORE-SP1-MA0079.2,104,3137,1.35468748581244,0.030812383176753,0.287312971219935,SP1
Hsapiens-jaspar2024-ETS1-MA0098.4,15,901,0.567678931332751,0.0307955759048158,0.287312971219935,ETS1
Hsapiens-HOCOMOCOv13-EGR1.H13CORE.0.PS.A,47,1240,1.45518946628299,0.0310314830033696,0.288995195202204,EGR1
Hsapiens-HOCOMOCOv13-LEF1.H13CORE.0.PSM.A,6,485,0.42809556069438,0.031287828296059,0.29101966319211,LEF1
Hsapiens-HOCOMOCOv10-ZN350_HUMAN.H10MO.C,36,899,1.51987147273715,0.0315847406469583,0.291317613392504,ZN350
Hsapiens-HOCOMOCOv11-secondary-D-ZN350_HUMAN.H11MO.1.D,36,899,1.51987147273715,0.0315847406469583,0.291317613392504,ZN350
Hsapiens-jaspar2022-KLF11-MA1512.1,74,2126,1.37176829210083,0.0315370564066246,0.291317613392504,KLF11
Hsapiens-HOCOMOCOv13-EHF.H13CORE.0.P.B,27,1408,0.644254687219626,0.0316708933022778,0.291317613392504,EHF
Hsapiens-jaspar2022-ERF::FOXO1-MA1936.1,13,817,0.543777196650145,0.0315876555222533,0.291317613392504,ERF::FOXO1
Hsapiens-hPDI-TIA1,13,818,0.543036449149998,0.0316186168700387,0.291317613392504,TIA1
Hsapiens-HOCOMOCOv10-EVI1_HUMAN.H10MO.B,11,722,0.522587109869223,0.031634024281467,0.291317613392504,EVI1
Hsapiens-HOCOMOCOv11-core-B-EVI1_HUMAN.H11MO.0.B,11,722,0.522587109869223,0.031634024281467,0.291317613392504,EVI1
Hsapiens-HOCOMOCOv13-SKOR1.H13CORE.0.M.C,6,493,0.420698426119553,0.0315665728459543,0.291317613392504,SKOR1
Hsapiens-jaspar2018-MYC-MA0147.3,17,354,1.7813519165466,0.0318932189441251,0.29211873977477,MYC
Hsapiens-jaspar2022-MYC-MA0147.3,17,354,1.7813519165466,0.0318932189441251,0.29211873977477,MYC
Hsapiens-jaspar2018-FOSL1::JUND-MA1142.1,19,411,1.71874060164406,0.0320197115374394,0.29211873977477,FOSL1::JUND
Hsapiens-jaspar2022-FOSL1::JUND-MA1142.1,19,411,1.71874060164406,0.0320197115374394,0.29211873977477,FOSL1::JUND
Hsapiens-HOCOMOCOv13-ZNF836.H13CORE.0.PSG.A,24,550,1.63270882286865,0.0320708751660612,0.29211873977477,ZNF836
Hsapiens-HOCOMOCOv13-ZN331.H13CORE.0.P.B,39,1002,1.47959396481472,0.0319450688364902,0.29211873977477,ZN331
Hsapiens-HOCOMOCOv13-TF2LX.H13CORE.0.SM.B,6,496,0.417986015836885,0.031837095671693,0.29211873977477,TF2LX
Hsapiens-jaspar2024-DMRTC2-MA1479.2,6,498,0.416195896693945,0.0320677393399938,0.29211873977477,DMRTC2
Hsapiens-jaspar2022-PLAGL2-MA1548.1,17,355,1.77610734072817,0.032275805115465,0.292558238358505,PLAGL2
Hsapiens-HOCOMOCOv13-TET3.H13CORE.0.PSGIB.A,36,905,1.50851388699274,0.0322606127738277,0.292558238358505,TET3
Hsapiens-hPDI-AGGF1,62,1731,1.39413186592283,0.0322658677492956,0.292558238358505,AGGF1
Hsapiens-hPDI-GPD1,62,1731,1.39413186592283,0.0322658677492956,0.292558238358505,GPD1
Hsapiens-HOCOMOCOv13-ZN423.H13CORE.0.P.C,36,906,1.50663558069134,0.0323932483485963,0.293266875049292,ZN423
Hsapiens-HOCOMOCOv13-ZNF728.H13CORE.0.PSG.A,36,907,1.50476141598671,0.0325316074136677,0.293807225843632,ZNF728
Hsapiens-hPDI-CREB1,24,1287,0.628415659874045,0.0324965508819157,0.293807225843632,CREB1
Hsapiens-jaspar2022-SP4-MA0685.2,111,3401,1.34013008862479,0.0330613707659544,0.297871385103635,SP4
Hsapiens-jaspar2024-SP4-MA0685.2,111,3401,1.34013008862479,0.0330613707659544,0.297871385103635,SP4
Hsapiens-JASPAR_2014-TFAP2C-MA0524.1,40,1032,1.47512624417603,0.0337077327748248,0.299717923922818,TFAP2C
Hsapiens-jaspar2016-TFAP2C-MA0524.1,40,1032,1.47512624417603,0.0337077327748248,0.299717923922818,TFAP2C
Hsapiens-jaspar2018-TFAP2C-MA0524.1,40,1032,1.47512624417603,0.0337077327748248,0.299717923922818,TFAP2C
Hsapiens-HOCOMOCOv10-E2F1_HUMAN.H10MO.A,53,1433,1.42813276771796,0.0336463420403154,0.299717923922818,E2F1
Hsapiens-HOCOMOCOv10-FOXD3_HUMAN.H10MO.D,32,1613,0.662653999277918,0.0334680299683936,0.299717923922818,FOXD3
Hsapiens-SwissRegulon-FOXD3.SwissRegulon,32,1613,0.662653999277918,0.0334680299683936,0.299717923922818,FOXD3
Hsapiens-HOCOMOCOv10-CR3L2_HUMAN.H10MO.D,5,431,0.402481454710651,0.0335627401873196,0.299717923922818,CR3L2
Hsapiens-HOCOMOCOv11-secondary-D-CR3L2_HUMAN.H11MO.0.D,5,431,0.402481454710651,0.0335627401873196,0.299717923922818,CR3L2
Hsapiens-HOCOMOCOv10-RORG_HUMAN.H10MO.C,5,432,0.401496499330149,0.0335627265075293,0.299717923922818,RORG
Hsapiens-jaspar2022-SCRT2-MA0744.2,5,435,0.398568802974484,0.0336334459470517,0.299717923922818,SCRT2
Hsapiens-HOCOMOCOv13-HXD10.H13CORE.0.SM.B,1,224,0.156266889885469,0.033387854982402,0.299717923922818,HXD10
Hsapiens-HOCOMOCOv13-ZIC5.H13CORE.0.P.B,33,820,1.52001379278402,0.0339041144045866,0.301105624836929,ZIC5
Hsapiens-SwissRegulon-EPAS1.SwissRegulon,33,821,1.51795008919282,0.0340812195635583,0.301907061571781,EPAS1
Hsapiens-HOCOMOCOv13-ZN561.H13CORE.0.P.C,48,1287,1.4300380652296,0.0340559254707429,0.301907061571781,ZN561
Hsapiens-jolma2013-SOX9-7,8,579,0.476529117798883,0.0342556216823743,0.301907061571781,SOX9
Hsapiens-jaspar2018-FOSL1::JUND(var.2)-MA1143.1,8,580,0.475642906661451,0.0342773046208154,0.301907061571781,FOSL1::JUND(var.2)
Hsapiens-jaspar2022-FOSL1::JUND-MA1143.1,8,580,0.475642906661451,0.0342773046208154,0.301907061571781,FOSL1::JUND
Hsapiens-jaspar2022-RFX1-MA0509.3,5,442,0.391892057760929,0.0342103709574585,0.301907061571781,RFX1
Hsapiens-jaspar2024-RFX1-MA0509.3,5,442,0.391892057760929,0.0342103709574585,0.301907061571781,RFX1
Hsapiens-hPDI-GTPBP6,5,444,0.390023082730767,0.034481017515659,0.303343604033519,GTPBP6
Hsapiens-jaspar2024-TCF7L2-MA0523.2,8,585,0.471251725496179,0.0345223918913992,0.30335028827866,TCF7L2
Hsapiens-HOCOMOCOv13-KLF8.H13CORE.0.P.C,121,3765,1.33447257178779,0.0348185425626792,0.305593060400295,KLF8
Hsapiens-HOCOMOCOv10-KAISO_HUMAN.H10MO.A,44,1165,1.44148296816801,0.0349899587333739,0.306431884637283,KAISO
Hsapiens-hPDI-SCAND2,43,2035,0.699352466963676,0.0350140469859628,0.306431884637283,SCAND2P
Hsapiens-hPDI-SSX2,22,1194,0.623274280606754,0.0350782248446749,0.306431884637283,SSX2
Hsapiens-hPDI-PRKRIR,14,851,0.56222181421276,0.0350717133964581,0.306431884637283,PRKRIR
Hsapiens-hPDI-SUCLG1,19,1077,0.598109212219917,0.0351966111060426,0.307106878914757,SUCLG1
Hsapiens-HOCOMOCOv13-ZN610.H13CORE.0.P.B,49,1315,1.43097481081077,0.035257776727602,0.30728160370882,ZN610
Hsapiens-jaspar2024-PLAGL2-MA1548.2,20,435,1.71238392767482,0.0355753120074206,0.309360850569035,PLAGL2
Hsapiens-jaspar2024-NKX6-1-MA0674.2,10,665,0.517410783502673,0.0356036753023382,0.309360850569035,NKX6-1
Hsapiens-jaspar2024-ZNF652-MA1657.2,10,672,0.511530143165132,0.0356206093840367,0.309360850569035,ZNF652
Hsapiens-hPDI-RFC3,10,678,0.50658623611099,0.0359540856300679,0.311894385099857,RFC3
Hsapiens-cisbp_1.02-M5327_1.02,12,221,2.00054369247569,0.0362102946174901,0.312999251596432,CREB3L1
Hsapiens-jolma2013-CREB3L1-3,12,221,2.00054369247569,0.0362102946174901,0.312999251596432,CREB3L1
Hsapiens-HOCOMOCOv13-ATF3.H13CORE.0.P.B,22,501,1.63735487338999,0.0362756305192995,0.312999251596432,ATF3
Hsapiens-HOCOMOCOv13-ZNF44.H13CORE.0.P.C,45,1193,1.44181018242603,0.0362653590928206,0.312999251596432,ZNF44
Hsapiens-HOCOMOCOv13-ZN611.H13CORE.0.P.C,49,1325,1.41803958482767,0.036298047459767,0.312999251596432,ZN611
Hsapiens-jaspar2018-SOX13-MA1120.1,3,327,0.31974633079559,0.0363747958743745,0.312999251596432,SOX13
Hsapiens-jaspar2022-SOX13-MA1120.1,3,327,0.31974633079559,0.0363747958743745,0.312999251596432,SOX13
Hsapiens-jaspar2024-TFAP2E-MA1569.2,25,582,1.60841143561186,0.0364198957946007,0.313026699297897,TFAP2E
Hsapiens-cisbp_1.02-M4609_1.02,18,382,1.74999880945516,0.0377688400665837,0.319106367732848,MYC
Hsapiens-HOCOMOCOv10-HESX1_HUMAN.H10MO.D,20,442,1.68370053239848,0.0373888033559803,0.319106367732848,HESX1
Hsapiens-HOCOMOCOv11-secondary-D-HESX1_HUMAN.H11MO.0.D,20,442,1.68370053239848,0.0373888033559803,0.319106367732848,HESX1
Hsapiens-jolma2013-SOX18-2,22,504,1.62695509326187,0.0372765413639271,0.319106367732848,SOX18
Hsapiens-HOCOMOCOv13-ZFP14.H13CORE.0.P.C,50,1357,1.41421771481655,0.0378318358353541,0.319106367732848,ZFP14
Hsapiens-HOCOMOCOv13-ZNF773.H13CORE.0.PG.A,73,2112,1.35630849983387,0.0378535602907087,0.319106367732848,ZNF773
Hsapiens-jaspar2016-STAT1-MA0137.1,23,1239,0.626896536764237,0.0376048363825745,0.319106367732848,STAT1
Hsapiens-jaspar2018-STAT1-MA0137.1,23,1239,0.626896536764237,0.0376048363825745,0.319106367732848,STAT1
Hsapiens-jaspar2016-SPIC-MA0687.1,20,1100,0.617404174939652,0.0376749268775009,0.319106367732848,SPIC
Hsapiens-jaspar2018-SPIC-MA0687.1,20,1100,0.617404174939652,0.0376749268775009,0.319106367732848,SPIC
Hsapiens-jaspar2022-SPIC-MA0687.1,20,1100,0.617404174939652,0.0376749268775009,0.319106367732848,SPIC
Hsapiens-jolma2013-SPIC,20,1100,0.617404174939652,0.0376749268775009,0.319106367732848,SPIC
Hsapiens-jaspar2018-NR4A1-MA1112.1,7,521,0.464844608928159,0.0378037528486218,0.319106367732848,NR4A1
Hsapiens-HOCOMOCOv13-ZN667.H13CORE.1.P.C,7,525,0.461055099567527,0.0377894150317294,0.319106367732848,ZN667
Hsapiens-HOCOMOCOv10-TGIF2_HUMAN.H10MO.D,7,525,0.461055099567527,0.0377894150317294,0.319106367732848,TGIF2
Hsapiens-HOCOMOCOv11-secondary-D-TGIF2_HUMAN.H11MO.0.D,7,525,0.461055099567527,0.0377894150317294,0.319106367732848,TGIF2
Hsapiens-jaspar2024-SATB1-MA1963.2,7,525,0.461055099567527,0.0377894150317294,0.319106367732848,SATB1
Hsapiens-jolma2013-THRB-2,14,273,1.89480498837285,0.0382558001326321,0.32177091350296,THRB
Hsapiens-SwissRegulon-THRB.SwissRegulon,14,273,1.89480498837285,0.0382558001326321,0.32177091350296,THRB
Hsapiens-jaspar2024-ONECUT2-MA0756.3,6,86,2.54254743916654,0.0385901257614258,0.323861602927744,ONECUT2
Hsapiens-jaspar2024-NFE2-MA0841.2,14,274,1.88765057652793,0.0385910867058096,0.323861602927744,NFE2
Hsapiens-SwissRegulon-SOX13.SwissRegulon,15,887,0.577781799624205,0.0386522083630593,0.324010487389102,SOX13
Hsapiens-jolma2013-SPDEF-2,12,226,1.95503417656135,0.0386993779611866,0.324042212995631,SPDEF
Hsapiens-HOCOMOCOv13-TFDP1.H13CORE.0.P.B,74,2149,1.35173844571056,0.0389617140699685,0.325873507713992,TFDP1
Hsapiens-HOCOMOCOv13-ZNF8.H13CORE.0.P.C,14,278,1.85955248239863,0.0401232122979349,0.326271340128629,ZNF8
Hsapiens-cisbp_1.02-M4684_1.02,16,330,1.79538073903412,0.0395327932869335,0.326271340128629,ATF3
Hsapiens-cisbp_1.02-M4507_1.02,18,390,1.71229703766507,0.040276097951345,0.326271340128629,MAX
Hsapiens-HOCOMOCOv13-ZNF888.H13CORE.0.P.B,25,593,1.57622519199296,0.0391682850412037,0.326271340128629,ZNF888
Hsapiens-HOCOMOCOv10-EPAS1_HUMAN.H10MO.D,38,983,1.46552794339755,0.0391631327335977,0.326271340128629,EPAS1
Hsapiens-hPDI-FGF19,47,1258,1.43052946290935,0.0402716635833934,0.326271340128629,FGF19
Hsapiens-jaspar2024-MEIS1-MA0498.3,106,4363,0.753183482677344,0.0402309749047108,0.326271340128629,MEIS1
Hsapiens-HOCOMOCOv11-core-B-IRF8_HUMAN.H11MO.0.B,41,1948,0.699021646086857,0.0392386728408333,0.326271340128629,IRF8
Hsapiens-SwissRegulon-ELK3.SwissRegulon,18,1019,0.600967616979938,0.0401641572932203,0.326271340128629,ELK3
Hsapiens-HOCOMOCOv11-core-A-NR4A1_HUMAN.H11MO.0.A,13,793,0.56211556737593,0.0399084806832887,0.326271340128629,NR4A1
Hsapiens-jolma2013-PHOX2B,13,794,0.561329336103408,0.0398898395787812,0.326271340128629,PHOX2B
Hsapiens-jaspar2024-ETS2-MA1484.2,13,800,0.556653223093933,0.0399364960652822,0.326271340128629,ETS2
Hsapiens-jaspar2024-FOSL1::JUND-MA1143.2,9,620,0.500191403199336,0.0399768355077256,0.326271340128629,FOSL1::JUND
Hsapiens-jolma2013-BARHL2-6,9,620,0.500191403199336,0.0399768355077256,0.326271340128629,BARHL2
Hsapiens-jaspar2024-DRGX-MA1481.2,9,622,0.498447323916139,0.0400998341826097,0.326271340128629,DRGX
Hsapiens-jaspar2024-HOXA1-MA1495.2,9,622,0.498447323916139,0.0400998341826097,0.326271340128629,HOXA1
Hsapiens-jaspar2024-EMX1-MA0612.3,9,622,0.498447323916139,0.0400998341826097,0.326271340128629,EMX1
Hsapiens-jaspar2024-EMX2-MA0886.2,9,622,0.498447323916139,0.0400998341826097,0.326271340128629,EMX2
Hsapiens-jaspar2024-HOXA2-MA0900.3,9,622,0.498447323916139,0.0400998341826097,0.326271340128629,HOXA2
Hsapiens-jaspar2024-EVX1-MA0887.2,9,622,0.498447323916139,0.0400998341826097,0.326271340128629,EVX1
Hsapiens-jaspar2024-EVX2-MA0888.2,9,622,0.498447323916139,0.0400998341826097,0.326271340128629,EVX2
Hsapiens-jaspar2024-GSX1-MA0892.2,9,622,0.498447323916139,0.0400998341826097,0.326271340128629,GSX1
Hsapiens-jaspar2024-HOXB3-MA0903.2,9,622,0.498447323916139,0.0400998341826097,0.326271340128629,HOXB3
Hsapiens-jaspar2024-HOXB5-MA0904.3,9,622,0.498447323916139,0.0400998341826097,0.326271340128629,HOXB5
Hsapiens-jaspar2024-HOXC8-MA1505.2,9,622,0.498447323916139,0.0400998341826097,0.326271340128629,HOXC8
Hsapiens-jaspar2024-PDX1-MA0132.3,9,622,0.498447323916139,0.0400998341826097,0.326271340128629,PDX1
Hsapiens-jaspar2024-POU6F1-MA0628.2,9,622,0.498447323916139,0.0400998341826097,0.326271340128629,POU6F1
Hsapiens-HOCOMOCOv10-KAISO_HUMAN.H10MO.S,9,623,0.49757948324605,0.0401755628592971,0.326271340128629,KAISO
Hsapiens-HOCOMOCOv11-secondary-A-KAISO_HUMAN.H11MO.2.A,9,623,0.49757948324605,0.0401755628592971,0.326271340128629,KAISO
Hsapiens-hPDI-NUCB1,11,707,0.534779707915518,0.0403917241949717,0.326853508138942,NUCB1
Hsapiens-SwissRegulon-ZNF350.SwissRegulon,35,892,1.48275968623893,0.0408445982355216,0.329972591118064,ZNF350
Hsapiens-hPDI-GTF3C2,123,3842,1.33130073545849,0.0409097093821565,0.329972591118064,GTF3C2
Hsapiens-hPDI-PIK3C3,123,3842,1.33130073545849,0.0409097093821565,0.329972591118064,PIK3C3
Hsapiens-HOCOMOCOv13-SOX10.H13CORE.1.PSM.A,6,467,0.445665682115123,0.0413765167710639,0.331945439058084,SOX10
Hsapiens-jolma2013-ZNF524-2,6,468,0.444654109014066,0.0413515081421662,0.331945439058084,ZNF524
Hsapiens-SwissRegulon-ZNF524.SwissRegulon,6,468,0.444654109014066,0.0413515081421662,0.331945439058084,ZNF524
Hsapiens-SwissRegulon-SOX6.SwissRegulon,6,469,0.44364684941146,0.0413390378147816,0.331945439058084,SOX6
Hsapiens-HOCOMOCOv13-NFAC2.H13CORE.3.M.C,6,471,0.44164516080971,0.0413516546944024,0.331945439058084,NFAC2
Hsapiens-HOCOMOCOv13-HES5.H13CORE.0.SM.B,12,231,1.91150373696723,0.0417507019435137,0.332447753535292,HES5
Hsapiens-HOCOMOCOv13-MAD4.H13CORE.0.P.C,12,231,1.91150373696723,0.0417507019435137,0.332447753535292,MAD4
Hsapiens-SwissRegulon-NR0B1.SwissRegulon,39,1014,1.45956558193663,0.0414855723797335,0.332447753535292,NR0B1
Hsapiens-jaspar2016-RFX5-MA0510.2,6,477,0.435740803244474,0.0416890997960983,0.332447753535292,RFX5
Hsapiens-jaspar2018-RFX5-MA0510.2,6,477,0.435740803244474,0.0416890997960983,0.332447753535292,RFX5
Hsapiens-jaspar2022-RFX5-MA0510.2,6,477,0.435740803244474,0.0416890997960983,0.332447753535292,RFX5
Hsapiens-jolma2013-RFX5,6,477,0.435740803244474,0.0416890997960983,0.332447753535292,RFX5
Hsapiens-HOCOMOCOv11-core-B-RARG_HUMAN.H11MO.0.B,26,618,1.57562051109325,0.0418235181327243,0.332542766895554,RARG
Hsapiens-hPDI-ZNF160,70,2012,1.36115261960162,0.0418962034608001,0.332542766895554,ZNF160
Hsapiens-jaspar2022-ZNF263-MA0528.2,70,2012,1.36115261960162,0.0418962034608001,0.332542766895554,ZNF263
Hsapiens-jaspar2024-MAX::MYC-MA0059.2,14,282,1.83225962561414,0.0419615512479311,0.332655968608023,MAX::MYC
Hsapiens-HOCOMOCOv13-ZNF77.H13CORE.0.P.C,63,1789,1.36647029866058,0.0419995418928056,0.332655968608023,ZNF77
Hsapiens-HOCOMOCOv13-ZN213.H13CORE.0.P.C,57,1596,1.37721315169173,0.0421196917837581,0.333254213911959,ZN213
Hsapiens-HOCOMOCOv13-NR1I2.H13CORE.0.M.C,16,337,1.75651929648294,0.0422212238998372,0.333704043712047,NR1I2
Hsapiens-cisbp_1.02-M5920_1.02,21,469,1.66838662864617,0.042648823272447,0.334253998973669,TFAP2C
Hsapiens-jaspar2016-TFAP2C-MA0524.2,21,469,1.66838662864617,0.042648823272447,0.334253998973669,TFAP2C
Hsapiens-jaspar2018-TFAP2C-MA0524.2,21,469,1.66838662864617,0.042648823272447,0.334253998973669,TFAP2C
Hsapiens-jaspar2022-TFAP2C-MA0524.2,21,469,1.66838662864617,0.042648823272447,0.334253998973669,TFAP2C
Hsapiens-jolma2013-TFAP2C,21,469,1.66838662864617,0.042648823272447,0.334253998973669,TFAP2C
Hsapiens-jaspar2024-CTCF-MA1930.2,43,1147,1.42660767170338,0.0426365148089329,0.334253998973669,CTCF
Hsapiens-HOCOMOCOv13-ZNF70.H13CORE.0.PSG.A,58,1617,1.38701496754777,0.0425153753684305,0.334253998973669,ZNF70
Hsapiens-SwissRegulon-IRF1.SwissRegulon,38,1825,0.694179778149026,0.0424244553234145,0.334253998973669,IRF1
Hsapiens-HOCOMOCOv13-CREM.H13CORE.1.P.C,19,1053,0.613873027937379,0.0432372473585717,0.338510482726595,CREM
Hsapiens-HOCOMOCOv13-ZFP91.H13CORE.0.SGI.A,29,714,1.52458576737302,0.0433790855393015,0.339265329730935,ZFP91
Hsapiens-jolma2013-VSX1-2,18,398,1.67611013585327,0.0436733503534119,0.340852929769732,VSX1
Hsapiens-SwissRegulon-VSX1.SwissRegulon,18,398,1.67611013585327,0.0436733503534119,0.340852929769732,VSX1
Hsapiens-cisbp_1.02-M4524_1.02,36,925,1.47171934272335,0.0438989279405778,0.342255837983482,TFAP2A
Hsapiens-HOCOMOCOv13-SP4.H13CORE.1.S.B,72,2086,1.35135622085103,0.0443825846688175,0.34566582366152,SP4
Hsapiens-hPDI-CDK2AP1,117,4738,0.757553830935914,0.0444856780533036,0.346107843104296,CDK2AP1
Hsapiens-jaspar2024-NFKB2-MA0778.2,12,236,1.86983167428604,0.0453688752851278,0.347016120627108,NFKB2
Hsapiens-HOCOMOCOv13-SOLH2.H13CORE.0.S.C,12,237,1.86171026023345,0.0461609614644005,0.347016120627108,SOLH2
Hsapiens-HOCOMOCOv10-HIC1_HUMAN.H10MO.C,16,343,1.72443926603614,0.0451624088377713,0.347016120627108,HIC1
Hsapiens-HOCOMOCOv11-core-C-HIC1_HUMAN.H11MO.0.C,16,343,1.72443926603614,0.0451624088377713,0.347016120627108,HIC1
Hsapiens-cisbp_1.02-M5917_1.02,21,481,1.62416212240805,0.0457091013987061,0.347016120627108,TFAP2B
Hsapiens-jaspar2016-TFAP2B-MA0811.1,21,481,1.62416212240805,0.0457091013987061,0.347016120627108,TFAP2B
Hsapiens-jaspar2018-TFAP2B-MA0811.1,21,481,1.62416212240805,0.0457091013987061,0.347016120627108,TFAP2B
Hsapiens-jaspar2022-TFAP2B-MA0811.1,21,481,1.62416212240805,0.0457091013987061,0.347016120627108,TFAP2B
Hsapiens-jolma2013-TFAP2B,21,481,1.62416212240805,0.0457091013987061,0.347016120627108,TFAP2B
Hsapiens-HOCOMOCOv13-GLIS3.H13CORE.1.S.C,21,482,1.6205761073957,0.0460448505840962,0.347016120627108,GLIS3
Hsapiens-cisbp_1.02-M5923_1.02,24,563,1.59221411783745,0.0462561211847979,0.347016120627108,TFAP2C
Hsapiens-jolma2013-TFAP2C-4,24,563,1.59221411783745,0.0462561211847979,0.347016120627108,TFAP2C
Hsapiens-SwissRegulon-TFAP2C.SwissRegulon,24,563,1.59221411783745,0.0462561211847979,0.347016120627108,TFAP2C
Hsapiens-jaspar2024-SP5-MA1965.2,182,6052,1.43362789040936,0.0453776618820714,0.347016120627108,SP5
Hsapiens-HOCOMOCOv11-secondary-C-COT1_HUMAN.H11MO.1.C,44,1180,1.42002055877016,0.0448531399366967,0.347016120627108,COT1
Hsapiens-HOCOMOCOv13-ZNF709.H13CORE.0.P.C,73,2127,1.3432904309958,0.0458532876860426,0.347016120627108,ZNF709
Hsapiens-jaspar2022-SP9-MA1564.1,93,2807,1.32311828387484,0.0462750108641853,0.347016120627108,SP9
Hsapiens-HOCOMOCOv10-GSX1_HUMAN.H10MO.D,17,964,0.601767705627393,0.0459677532157798,0.347016120627108,GSX1
Hsapiens-HOCOMOCOv11-secondary-D-GSX1_HUMAN.H11MO.0.D,17,964,0.601767705627393,0.0459677532157798,0.347016120627108,GSX1
Hsapiens-HOCOMOCOv11-core-B-TF7L1_HUMAN.H11MO.0.B,12,742,0.555827334361312,0.0452656219409931,0.347016120627108,TF7L1
Hsapiens-HOCOMOCOv10-ALX1_HUMAN.H10MO.B,12,744,0.554179690326017,0.0452764406999912,0.347016120627108,ALX1
Hsapiens-HOCOMOCOv11-core-B-ALX1_HUMAN.H11MO.0.B,12,744,0.554179690326017,0.0452764406999912,0.347016120627108,ALX1
Hsapiens-jolma2013-HOXA13-4,12,752,0.547676749335848,0.045667425213261,0.347016120627108,HOXA13
Hsapiens-SwissRegulon-HOXA13.SwissRegulon,12,752,0.547676749335848,0.045667425213261,0.347016120627108,HOXA13
Hsapiens-jaspar2022-BARX2-MA1471.1,12,753,0.546873596655313,0.045755342744416,0.347016120627108,BARX2
Hsapiens-hPDI-LUZP2,10,662,0.519969126164196,0.046047202782361,0.347016120627108,LUZP2
Hsapiens-HOCOMOCOv10-BACH1_HUMAN.H10MO.A,10,663,0.5191137729464,0.046152630933851,0.347016120627108,BACH1
Hsapiens-HOCOMOCOv11-core-A-BACH1_HUMAN.H11MO.0.A,10,663,0.5191137729464,0.046152630933851,0.347016120627108,BACH1
Hsapiens-HOCOMOCOv10-SCRT1_HUMAN.H10MO.D,5,421,0.41258834661087,0.04495910455327,0.347016120627108,SCRT1
Hsapiens-HOCOMOCOv11-secondary-D-SCRT1_HUMAN.H11MO.0.D,5,421,0.41258834661087,0.04495910455327,0.347016120627108,SCRT1
Hsapiens-jaspar2022-SCRT1-MA0743.2,5,421,0.41258834661087,0.04495910455327,0.347016120627108,SCRT1
Hsapiens-jaspar2024-SCRT1-MA0743.3,5,423,0.410528740872578,0.0451481353868283,0.347016120627108,SCRT1
Hsapiens-HOCOMOCOv13-MAFK.H13CORE.2.S.B,5,425,0.408488518639566,0.0453957663756413,0.347016120627108,MAFK
Hsapiens-jolma2013-GLI2,5,425,0.408488518639566,0.0453957663756413,0.347016120627108,GLI2
Hsapiens-SwissRegulon-GLI2.SwissRegulon,5,425,0.408488518639566,0.0453957663756413,0.347016120627108,GLI2
Hsapiens-jaspar2022-HOXC8-MA1505.1,1,199,0.176466396427206,0.0457279771823199,0.347016120627108,HOXC8
Hsapiens-HOCOMOCOv11-secondary-A-RARA_HUMAN.H11MO.1.A,40,1061,1.42880821713616,0.0463731610320679,0.347403349797909,RARA
Hsapiens-jaspar2024-SPIC-MA0687.2,20,1082,0.62932113350962,0.0464296879135258,0.347478295617359,SPIC
Hsapiens-HOCOMOCOv13-CTCFL.H13CORE.0.P.B,49,1347,1.39025802361386,0.0468252026948892,0.349157539829651,CTCFL
Hsapiens-HOCOMOCOv10-SRY_HUMAN.H10MO.B,41,1929,0.708135102213911,0.0468410570236055,0.349157539829651,SRY
Hsapiens-HOCOMOCOv11-core-B-SRY_HUMAN.H11MO.0.B,41,1929,0.708135102213911,0.0468410570236055,0.349157539829651,SRY
Hsapiens-SwissRegulon-SIX5.SwissRegulon,20,1098,0.618708987168676,0.0467612283890519,0.349157539829651,SIX5
Hsapiens-HOCOMOCOv11-secondary-D-ZIC2_HUMAN.H11MO.0.D,33,842,1.47574462873842,0.0471282025599157,0.350947701814567,ZIC2
Hsapiens-HOCOMOCOv13-PO4F3.H13CORE.0.SM.B,30,746,1.51066794833782,0.0472939487818507,0.351831178736696,PO4F3
Hsapiens-hPDI-P4HB,136,4334,1.32264793457953,0.047427283850694,0.352040829908596,P4HB
Hsapiens-jaspar2022-ZNF460-MA1596.1,95,2878,1.32054114556638,0.0474635313586766,0.352040829908596,ZNF460
Hsapiens-jaspar2024-ZNF460-MA1596.1,95,2878,1.32054114556638,0.0474635313586766,0.352040829908596,ZNF460
Hsapiens-HOCOMOCOv10-SOX15_HUMAN.H10MO.D,4,365,0.381782080699863,0.0477785437634678,0.352975215993414,SOX15
Hsapiens-HOCOMOCOv11-secondary-D-SOX15_HUMAN.H11MO.0.D,4,365,0.381782080699863,0.0477785437634678,0.352975215993414,SOX15
Hsapiens-jaspar2024-SOX8-MA0868.3,4,365,0.381782080699863,0.0477785437634678,0.352975215993414,SOX8
Hsapiens-SwissRegulon-SOX15.SwissRegulon,4,365,0.381782080699863,0.0477785437634678,0.352975215993414,SOX15
Hsapiens-HOCOMOCOv13-E2F1.H13CORE.0.P.B,55,1540,1.37269553797056,0.0481448176427919,0.355329686733214,E2F1
Hsapiens-JASPAR_2014-SP2-MA0516.1,126,3972,1.31740785108106,0.0483143788227631,0.355527187613022,SP2
Hsapiens-jaspar2016-SP2-MA0516.1,126,3972,1.31740785108106,0.0483143788227631,0.355527187613022,SP2
Hsapiens-jaspar2018-SP2-MA0516.1,126,3972,1.31740785108106,0.0483143788227631,0.355527187613022,SP2
Hsapiens-jolma2013-ERG-4,4,371,0.375311279693559,0.0484563999215802,0.356221310053427,ERG
Hsapiens-HOCOMOCOv11-core-B-THA11_HUMAN.H11MO.0.B,24,1247,0.652458531931692,0.0485257846368115,0.356380614997389,THA11
Hsapiens-HOCOMOCOv13-ZN157.H13CORE.0.P.B,30,753,1.49517496013644,0.0488183787389773,0.356775411743074,ZN157
Hsapiens-jaspar2022-SP2-MA0516.3,97,2954,1.31471261017392,0.0488166804131395,0.356775411743074,SP2
Hsapiens-jaspar2024-SP2-MA0516.3,97,2954,1.31471261017392,0.0488166804131395,0.356775411743074,SP2
Hsapiens-HOCOMOCOv10-PHX2A_HUMAN.H10MO.D,15,880,0.582953772583764,0.0487240668035714,0.356775411743074,PHX2A
Hsapiens-HOCOMOCOv11-secondary-D-PHX2A_HUMAN.H11MO.0.D,15,880,0.582953772583764,0.0487240668035714,0.356775411743074,PHX2A
Hsapiens-HOCOMOCOv13-GCM1.H13CORE.0.S.B,9,160,2.05933393365173,0.0494680791589205,0.358882961507287,GCM1
Hsapiens-HOCOMOCOv13-EPAS1.H13CORE.0.P.B,11,204,1.9815841021988,0.0499485760089477,0.358882961507287,EPAS1
Hsapiens-jaspar2024-NR1I2-MA1533.2,17,365,1.7251829018996,0.0500352996179551,0.358882961507287,NR1I2
Hsapiens-cisbp_1.02-M5911_1.02,27,663,1.52360064662499,0.049438534459215,0.358882961507287,TFAP2A
Hsapiens-HOCOMOCOv11-core-B-PTF1A_HUMAN.H11MO.0.B,46,1248,1.40539060884204,0.0496809884827046,0.358882961507287,PTF1A
Hsapiens-HOCOMOCOv13-ZN711.H13CORE.0.P.C,51,1407,1.38878246450994,0.0499389442512064,0.358882961507287,ZN711
Hsapiens-SwissRegulon-RREB1.SwissRegulon,68,1974,1.33871641254198,0.0496097905781895,0.358882961507287,RREB1
Hsapiens-hPDI-VAX2,18,997,0.616174273495131,0.0495578513473361,0.358882961507287,VAX2
Hsapiens-HOCOMOCOv13-PKNX1.H13CORE.3.SM.B,7,508,0.477593831702922,0.0493065026517874,0.358882961507287,PKNX1
Hsapiens-HOCOMOCOv13-MEIS2.H13CORE.2.SM.B,7,518,0.467725145824103,0.050067752830445,0.358882961507287,MEIS2
Hsapiens-jolma2013-SOX8-4,7,518,0.467725145824103,0.050067752830445,0.358882961507287,SOX8
Hsapiens-hPDI-NUP107,4,375,0.371112443319049,0.0492550299703663,0.358882961507287,NUP107
Hsapiens-jaspar2022-HOXB9-MA1503.1,3,306,0.342628790306206,0.0496024561393908,0.358882961507287,HOXB9
Hsapiens-jolma2013-MEIS2,3,308,0.340315078119232,0.0495915020087507,0.358882961507287,MEIS2
Hsapiens-HOCOMOCOv10-PRRX1_HUMAN.H10MO.D,3,311,0.336900304336691,0.049732157223775,0.358882961507287,PRRX1
Hsapiens-HOCOMOCOv11-secondary-D-PRRX1_HUMAN.H11MO.0.D,3,311,0.336900304336691,0.049732157223775,0.358882961507287,PRRX1
Hsapiens-HOCOMOCOv13-FOS.H13CORE.1.S.C,2,253,0.276920976879039,0.0495209048373694,0.358882961507287,FOS
Hsapiens-jaspar2016-HOXC11-MA0651.1,2,258,0.271378306626944,0.0498853890604943,0.358882961507287,HOXC11
Hsapiens-jaspar2018-HOXC11-MA0651.1,2,258,0.271378306626944,0.0498853890604943,0.358882961507287,HOXC11
Hsapiens-jolma2013-HOXC11-3,2,258,0.271378306626944,0.0498853890604943,0.358882961507287,HOXC11
Hsapiens-cisbp_1.02-M4591_1.02,19,429,1.64270785426016,0.0502509751052358,0.35950625772127,JUN
Hsapiens-jaspar2024-HMBOX1-MA0895.2,2,260,0.269220926744727,0.050206498404061,0.35950625772127,HMBOX1
Hsapiens-jaspar2024-HOXD11-MA0908.2,3,316,0.331353091829529,0.0503829844833527,0.3601057522547,HOXD11
Hsapiens-jolma2013-PHOX2B-2,13,788,0.566076654541301,0.05052659133159,0.360786912672701,PHOX2B
Hsapiens-HOCOMOCOv13-HAND1.H13CORE.0.P.B,31,776,1.5022594969649,0.0511501962404805,0.363977934080005,HAND1
Hsapiens-HOCOMOCOv10-INSM1_HUMAN.H10MO.C,34,879,1.45660174153463,0.0514607977491613,0.363977934080005,INSM1
Hsapiens-HOCOMOCOv11-core-C-INSM1_HUMAN.H11MO.0.C,34,879,1.45660174153463,0.0514607977491613,0.363977934080005,INSM1
Hsapiens-jaspar2022-KLF15-MA1513.1,103,3158,1.31579474934621,0.0514364133209611,0.363977934080005,KLF15
Hsapiens-HOCOMOCOv13-ELF5.H13CORE.1.S.B,25,1282,0.660979735106987,0.0512597625792434,0.363977934080005,ELF5
Hsapiens-HOCOMOCOv13-ZN211.H13CORE.1.P.C,11,688,0.550986834951036,0.0512913533796805,0.363977934080005,ZN211
Hsapiens-HOCOMOCOv10-PPARA_HUMAN.H10MO.S,9,603,0.515484757908436,0.0513266859323554,0.363977934080005,PPARA
Hsapiens-SwissRegulon-PPARA.SwissRegulon,9,603,0.515484757908436,0.0513266859323554,0.363977934080005,PPARA
Hsapiens-jolma2013-HOXC11,3,320,0.32704012884112,0.0512761161145056,0.363977934080005,HOXC11
Hsapiens-HOCOMOCOv13-OSR2.H13CORE.0.PSM.A,2,264,0.26500422634157,0.051147160810411,0.363977934080005,OSR2
Hsapiens-hPDI-ETS1,74,3170,0.755388280712316,0.0516754258233501,0.365150194394136,ETS1
Hsapiens-SwissRegulon-RFX3.SwissRegulon,9,608,0.510897066127239,0.0517473446153574,0.365312775928265,RFX3
Hsapiens-HOCOMOCOv10-GLIS1_HUMAN.H10MO.D,15,310,1.78779282615365,0.051846247293398,0.365320397202254,GLIS1
Hsapiens-HOCOMOCOv11-secondary-D-GLIS1_HUMAN.H11MO.0.D,15,310,1.78779282615365,0.051846247293398,0.365320397202254,GLIS1
Hsapiens-HOCOMOCOv13-ZN799.H13CORE.0.P.C,11,701,0.539802840348884,0.0520358645607051,0.366310907072485,ZN799
Hsapiens-HOCOMOCOv13-FOSL2.H13CORE.0.P.B,22,515,1.58985885491468,0.0526842201773593,0.369482103760278,FOSL2
Hsapiens-HOCOMOCOv11-core-C-CLOCK_HUMAN.H11MO.0.C,22,515,1.58985885491468,0.0526842201773593,0.369482103760278,CLOCK
Hsapiens-HOCOMOCOv13-TTF1.H13CORE.0.PSG.A,31,785,1.48317894625202,0.0526817624476847,0.369482103760278,TTF1
Hsapiens-HOCOMOCOv10-IRF8_HUMAN.H10MO.D,34,1646,0.693664048128077,0.0525909158388278,0.369482103760278,IRF8
Hsapiens-jolma2013-SRF,13,260,1.84176268352791,0.0537443359900954,0.376563269709214,SRF
Hsapiens-jaspar2018-RELB-MA1117.1,17,378,1.66300719657933,0.0552049470562106,0.386027413170612,RELB
Hsapiens-jaspar2022-RELB-MA1117.1,17,378,1.66300719657933,0.0552049470562106,0.386027413170612,RELB
Hsapiens-HOCOMOCOv13-ZNF575.H13CORE.0.PSG.A,39,1037,1.42247332126088,0.0552501412075759,0.386027413170612,ZNF575
Hsapiens-HOCOMOCOv11-secondary-A-P63_HUMAN.H11MO.1.A,22,523,1.56385965734007,0.0554557170809645,0.387101636334321,P63
Hsapiens-jaspar2024-SPIB-MA0081.3,41,1921,0.712026324794634,0.0555113741643837,0.387128341394754,SPIB
Hsapiens-HOCOMOCOv10-STAT2_HUMAN.H10MO.B,41,1927,0.709104876460504,0.0556433575596012,0.387686788817781,STAT2
Hsapiens-HOCOMOCOv13-SPIB.H13CORE.1.S.C,23,1201,0.650385934069051,0.0558462102787997,0.388737506591198,SPIB
Hsapiens-HOCOMOCOv10-ESR2_HUMAN.H10MO.A,28,703,1.48960435578162,0.0561626040436459,0.390212548466969,ESR2
Hsapiens-HOCOMOCOv13-FOXE1.H13CORE.1.S.C,31,1528,0.683132706800303,0.0561469688531694,0.390212548466969,FOXE1
Hsapiens-HOCOMOCOv11-core-A-CTCF_HUMAN.H11MO.0.A,44,1191,1.40462499352231,0.0565874451075472,0.392294779474477,CTCF
Hsapiens-HOCOMOCOv13-KLF14.H13CORE.0.PSM.A,74,2179,1.32625364538059,0.0566198650787905,0.392294779474477,KLF14
Hsapiens-HOCOMOCOv11-secondary-B-SP2_HUMAN.H11MO.1.B,122,3849,1.30268055346517,0.0565631215205686,0.392294779474477,SP2
Hsapiens-HOCOMOCOv11-core-A-TGIF1_HUMAN.H11MO.0.A,12,726,0.569335270738905,0.0570720556002138,0.395061337607041,TGIF1
Hsapiens-HOCOMOCOv11-core-A-ESR2_HUMAN.H11MO.0.A,28,706,1.48266263134615,0.0571429007508832,0.395185486766988,ESR2
Hsapiens-HOCOMOCOv10-MEIS3_HUMAN.H10MO.D,8,550,0.503630620744465,0.0575611937233288,0.397342473123422,MEIS3
Hsapiens-HOCOMOCOv11-secondary-D-MEIS3_HUMAN.H11MO.0.D,8,550,0.503630620744465,0.0575611937233288,0.397342473123422,MEIS3
Hsapiens-HOCOMOCOv13-ONEC3.H13CORE.1.S.C,5,72,2.52366948679427,0.05762077777414,0.397386508952033,ONEC3
Hsapiens-HOCOMOCOv13-CREB1.H13CORE.0.PSM.A,8,552,0.501670157581498,0.0577343943605762,0.397802759667107,CREB1
Hsapiens-hPDI-ANXA1,15,324,1.70744925608524,0.058128755389454,0.397950205319736,ANXA1
Hsapiens-jaspar2016-EGR4-MA0733.1,44,1202,1.38951116198058,0.058118544385408,0.397950205319736,EGR4
Hsapiens-jaspar2018-EGR4-MA0733.1,44,1202,1.38951116198058,0.058118544385408,0.397950205319736,EGR4
Hsapiens-jaspar2022-EGR4-MA0733.1,44,1202,1.38951116198058,0.058118544385408,0.397950205319736,EGR4
Hsapiens-jolma2013-EGR4,44,1202,1.38951116198058,0.058118544385408,0.397950205319736,EGR4
Hsapiens-SwissRegulon-EGR4.SwissRegulon,44,1202,1.38951116198058,0.058118544385408,0.397950205319736,EGR4
Hsapiens-HOCOMOCOv13-PKNX2.H13CORE.1.SM.B,8,555,0.498755947795027,0.058093750999732,0.397950205319736,PKNX2
Hsapiens-HOCOMOCOv13-PO3F2.H13CORE.2.SM.B,23,544,1.57526729031084,0.0587582005312019,0.400404409828892,PO3F2
Hsapiens-JASPAR_CORE-MZF1_5-13-MA0057.1,36,947,1.4330402311091,0.0589161127864442,0.400404409828892,MZF1_5-13
Hsapiens-JASPAR_2014-MZF1_5-13-MA0057.1,36,947,1.4330402311091,0.0589161127864442,0.400404409828892,MZF1_5-13
Hsapiens-jaspar2016-MZF1(var.2)-MA0057.1,36,947,1.4330402311091,0.0589161127864442,0.400404409828892,MZF1(var.2)
Hsapiens-jaspar2018-MZF1(var.2)-MA0057.1,36,947,1.4330402311091,0.0589161127864442,0.400404409828892,MZF1(var.2)
Hsapiens-cisbp_1.02-M2320_1.02,40,1072,1.41189477418515,0.0586518911677415,0.400404409828892,TFAP2C
Hsapiens-HOCOMOCOv10-MEOX2_HUMAN.H10MO.D,10,646,0.534014903219301,0.0586728998722427,0.400404409828892,MEOX2
Hsapiens-HOCOMOCOv11-secondary-D-MEOX2_HUMAN.H11MO.0.D,10,646,0.534014903219301,0.0586728998722427,0.400404409828892,MEOX2
Hsapiens-HOCOMOCOv13-ZN605.H13CORE.0.P.C,26,633,1.53514854911328,0.0591009062141975,0.401295153194401,ZN605
Hsapiens-cisbp_1.02-M3642_1.02,17,385,1.63126628554498,0.0591890723667451,0.401528775210917,MYCN
Hsapiens-jolma2013-NR2F1-3,5,406,0.428682151434033,0.059714957345748,0.404728690032116,NR2F1
Hsapiens-jaspar2024-SCRT2-MA0744.3,5,408,0.426467942158814,0.0599841484477633,0.406184591800856,SCRT2
Hsapiens-hPDI-IVD,20,467,1.58827638223364,0.0601321048359879,0.406817654909415,IVD
Hsapiens-jaspar2022-ZNF708-MA1730.1,29,736,1.47453187441739,0.0608639068926758,0.411395946227507,ZNF708
Hsapiens-jaspar2018-FOS::JUNB-MA1134.1,15,329,1.68040236023915,0.0613392802570122,0.412900996149525,FOS::JUNB
Hsapiens-jaspar2018-FOSB::JUNB-MA1135.1,15,329,1.68040236023915,0.0613392802570122,0.412900996149525,FOSB::JUNB
Hsapiens-jaspar2022-FOS::JUNB-MA1134.1,15,329,1.68040236023915,0.0613392802570122,0.412900996149525,FOS::JUNB
Hsapiens-jaspar2022-FOSB::JUNB-MA1135.1,15,329,1.68040236023915,0.0613392802570122,0.412900996149525,FOSB::JUNB
Hsapiens-HOCOMOCOv13-ZBTB40.H13CORE.0.PSG.A,18,989,0.621871695050604,0.0613629810852823,0.412900996149525,ZBTB40
Hsapiens-hPDI-MGC10334,204,6969,1.60990547277442,0.061444150188781,0.413075029486954,GLTPD1
Hsapiens-jaspar2024-GCM1-MA0646.2,11,220,1.83378815496657,0.0617715880044769,0.413800656941483,GCM1
Hsapiens-HOCOMOCOv13-ZN384.H13CORE.0.PSM.A,62,2703,0.753513696051533,0.0617020194204351,0.413800656941483,ZN384
Hsapiens-HOCOMOCOv10-HMGA1_HUMAN.H10MO.D,29,1429,0.68666025427489,0.0618702007997845,0.413800656941483,HMGA1
Hsapiens-HOCOMOCOv11-secondary-D-HMGA1_HUMAN.H11MO.0.D,29,1429,0.68666025427489,0.0618702007997845,0.413800656941483,HMGA1
Hsapiens-SwissRegulon-HMGA1.SwissRegulon,29,1429,0.68666025427489,0.0618702007997845,0.413800656941483,HMGA1
Hsapiens-HOCOMOCOv10-FEV_HUMAN.H10MO.C,25,1266,0.670935978292154,0.0619953052774829,0.413800656941483,FEV
Hsapiens-HOCOMOCOv11-core-A-SOX2_HUMAN.H11MO.0.A,25,1269,0.669050058236257,0.0619650467484842,0.413800656941483,SOX2
Hsapiens-hPDI-HIST1H2BN,25,1272,0.667173034230899,0.0619947381566634,0.413800656941483,HIST1H2BN
Hsapiens-jolma2013-EGR4-2,29,741,1.46357049414959,0.0623769403148334,0.415976220724546,EGR4
Hsapiens-HOCOMOCOv13-HIF1A.H13CORE.0.P.B,9,171,1.92419274855687,0.0628337987145268,0.418167621913647,HIF1A
Hsapiens-JASPAR_2014-NR2C2-MA0504.1,46,1266,1.3816967240233,0.0630396484046523,0.418167621913647,NR2C2
Hsapiens-jaspar2016-NR2C2-MA0504.1,46,1266,1.3816967240233,0.0630396484046523,0.418167621913647,NR2C2
Hsapiens-jaspar2018-NR2C2-MA0504.1,46,1266,1.3816967240233,0.0630396484046523,0.418167621913647,NR2C2
Hsapiens-jaspar2022-NR2C2-MA0504.1,46,1266,1.3816967240233,0.0630396484046523,0.418167621913647,NR2C2
Hsapiens-HOCOMOCOv13-KLF3.H13CORE.1.M.C,70,2063,1.31612513221488,0.0630414703808764,0.418167621913647,KLF3
Hsapiens-jaspar2022-ZNF257-MA1710.1,70,2065,1.31440466159619,0.0632735902758169,0.419334911952153,ZNF257
Hsapiens-HOCOMOCOv13-GMEB1.H13CORE.0.P.C,18,410,1.62447634000042,0.0642867018224917,0.419913920737377,GMEB1
Hsapiens-SwissRegulon-ZNF219.SwissRegulon,46,1273,1.37266335887852,0.0640370471149151,0.419913920737377,ZNF219
Hsapiens-HOCOMOCOv10-IRF1_HUMAN.H10MO.A,40,1859,0.721209795507678,0.0639836638474533,0.419913920737377,IRF1
Hsapiens-jaspar2024-ETV6-MA0645.2,22,1140,0.65800448145361,0.0640810695117163,0.419913920737377,ETV6
Hsapiens-HOCOMOCOv13-E4F1.H13CORE.0.P.B,22,1151,0.650665512826681,0.0643167124546203,0.419913920737377,E4F1
Hsapiens-HOCOMOCOv13-IRF2.H13CORE.0.PSM.A,13,775,0.576614664519054,0.0636576771107694,0.419913920737377,IRF2
Hsapiens-jaspar2024-RFX5-MA0510.3,7,494,0.492052551828817,0.0640817916498876,0.419913920737377,RFX5
Hsapiens-HOCOMOCOv13-TGIF1.H13CORE.1.S.B,7,495,0.490992669058329,0.0641387038631943,0.419913920737377,TGIF1
Hsapiens-HOCOMOCOv13-ZN614.H13CORE.0.P.C,7,495,0.490992669058329,0.0641387038631943,0.419913920737377,ZN614
Hsapiens-HOCOMOCOv13-MTF1.H13CORE.0.SM.B,4,345,0.404976848230146,0.0639592369235944,0.419913920737377,MTF1
Hsapiens-jaspar2024-HOXC10-MA0905.2,4,346,0.403753428092265,0.0639554011187765,0.419913920737377,HOXC10
Hsapiens-jaspar2022-ZNF211-MA1974.1,4,347,0.402537059003818,0.0639734631250331,0.419913920737377,ZNF211
Hsapiens-HOCOMOCOv13-NRL.H13CORE.0.SM.B,4,348,0.401327680182985,0.0640133752023093,0.419913920737377,NRL
Hsapiens-jaspar2016-HOXC10-MA0905.1,4,351,0.397740887897499,0.0642637490234197,0.419913920737377,HOXC10
Hsapiens-jaspar2018-HOXC10-MA0905.1,4,351,0.397740887897499,0.0642637490234197,0.419913920737377,HOXC10
Hsapiens-jaspar2022-HOXC10-MA0905.1,4,351,0.397740887897499,0.0642637490234197,0.419913920737377,HOXC10
Hsapiens-jolma2013-HOXC10-3,4,351,0.397740887897499,0.0642637490234197,0.419913920737377,HOXC10
Hsapiens-SwissRegulon-E2F4.SwissRegulon,71,2099,1.3126569543081,0.0645173369824761,0.420523169072162,E2F4
Hsapiens-jaspar2024-HOXD12::ELK1-MA1958.2,7,499,0.486795608892572,0.0645226337872136,0.420523169072162,HOXD12::ELK1
Hsapiens-HOCOMOCOv13-HMGA1.H13CORE.0.P.B,55,2434,0.747577929540175,0.0647084176101434,0.420914328246757,HMGA1
Hsapiens-jaspar2016-RFX3-MA0798.1,7,501,0.484722205342526,0.0648080703553047,0.420914328246757,RFX3
Hsapiens-jaspar2018-RFX3-MA0798.1,7,501,0.484722205342526,0.0648080703553047,0.420914328246757,RFX3
Hsapiens-jolma2013-RFX3,7,501,0.484722205342526,0.0648080703553047,0.420914328246757,RFX3
Hsapiens-jaspar2022-ZNF740-MA0753.2,30,767,1.46503735250616,0.0652337399682122,0.421518686523579,ZNF740
Hsapiens-jaspar2024-MAZ-MA1522.2,64,1863,1.32537538996858,0.0650675996587926,0.421518686523579,MAZ
Hsapiens-HOCOMOCOv13-SOX10.H13CORE.0.PSM.A,7,503,0.482665286416334,0.0651556044606358,0.421518686523579,SOX10
Hsapiens-HOCOMOCOv13-ARNT2.H13CORE.2.S.C,7,504,0.481642947364983,0.0653526093177539,0.421518686523579,ARNT2
Hsapiens-jolma2013-SOX2-6,7,504,0.481642947364983,0.0653526093177539,0.421518686523579,SOX2
Hsapiens-HOCOMOCOv10-MYBB_HUMAN.H10MO.D,4,356,0.391897230791676,0.0651138539832594,0.421518686523579,MYBB
Hsapiens-HOCOMOCOv11-secondary-D-MYBB_HUMAN.H11MO.0.D,4,356,0.391897230791676,0.0651138539832594,0.421518686523579,MYBB
Hsapiens-jaspar2022-GLI3-MA1491.2,4,357,0.390748140930462,0.0653484189754998,0.421518686523579,GLI3
Hsapiens-jaspar2024-GLI3-MA1491.3,4,358,0.389605470244612,0.0656044048015562,0.422777652685784,GLI3
Hsapiens-hPDI-ZRSR2,102,4163,0.775093524517243,0.0658800566716886,0.423468983702184,ZRSR2
Hsapiens-jaspar2022-E2F2-MA0864.2,4,359,0.388469165094637,0.0658817725347353,0.423468983702184,E2F2
Hsapiens-HOCOMOCOv13-HXA10.H13CORE.1.M.B,1,187,0.188080525803586,0.065873247245474,0.423468983702184,HXA10
Hsapiens-jaspar2024-ZNF16-MA1654.2,34,886,1.44366719471185,0.0659645533974206,0.423636499849815,ZNF16
Hsapiens-HOCOMOCOv13-ZN652.H13CORE.0.PS.A,9,594,0.523937157285677,0.066469795197516,0.426514519184061,ZN652
Hsapiens-HOCOMOCOv13-ZN823.H13CORE.0.P.C,95,2925,1.28731500769403,0.0671079879410163,0.429870979358019,ZN823
Hsapiens-jaspar2024-STAT1::STAT2-MA0517.2,36,1703,0.711038081373846,0.0670822621056621,0.429870979358019,STAT1::STAT2
Hsapiens-HOCOMOCOv11-core-B-OLIG2_HUMAN.H11MO.0.B,38,1019,1.40646718741334,0.0671720346039836,0.429912533382308,OLIG2
Hsapiens-SwissRegulon-POU6F1.SwissRegulon,21,498,1.56515794346802,0.0674839159451259,0.431456983899913,POU6F1
Hsapiens-jaspar2024-E2F2-MA0864.3,3,292,0.359712185899571,0.0675288812664343,0.431456983899913,E2F2
Hsapiens-HOCOMOCOv13-KLF1.H13CORE.0.P.B,97,2985,1.29300766716347,0.0677108137706065,0.432249630814239,KLF1
Hsapiens-HOCOMOCOv10-PTF1A_HUMAN.H10MO.C,24,586,1.52497504712323,0.0679654354737764,0.433134673680577,PTF1A
Hsapiens-HOCOMOCOv13-ZN740.H13CORE.0.P.C,30,777,1.4441753824755,0.0679574771749677,0.433134673680577,ZN740
Hsapiens-HOCOMOCOv13-ZN534.H13CORE.0.P.C,59,1700,1.33261245501488,0.0681978885786265,0.434245549696301,ZN534
Hsapiens-jolma2013-NKX3-1,16,354,1.66844873192202,0.0684188812187311,0.435281621654772,NKX3-1
Hsapiens-HOCOMOCOv10-KLF4_HUMAN.H10MO.A,98,3031,1.28489723893007,0.0689486420737832,0.435683085997535,KLF4
Hsapiens-SwissRegulon-KLF4.SwissRegulon,98,3031,1.28489723893007,0.0689486420737832,0.435683085997535,KLF4
Hsapiens-jaspar2016-ONECUT3-MA0757.1,14,807,0.596542731753603,0.0689246659848188,0.435683085997535,ONECUT3
Hsapiens-jaspar2018-ONECUT3-MA0757.1,14,807,0.596542731753603,0.0689246659848188,0.435683085997535,ONECUT3
Hsapiens-jaspar2022-ONECUT3-MA0757.1,14,807,0.596542731753603,0.0689246659848188,0.435683085997535,ONECUT3
Hsapiens-jaspar2024-ERF-MA0760.2,14,807,0.596542731753603,0.0689246659848188,0.435683085997535,ERF
Hsapiens-jolma2013-ONECUT3,14,807,0.596542731753603,0.0689246659848188,0.435683085997535,ONECUT3
Hsapiens-SwissRegulon-ONECUT3.SwissRegulon,14,807,0.596542731753603,0.0689246659848188,0.435683085997535,ONECUT3
Hsapiens-HOCOMOCOv13-ZN730.H13CORE.0.P.C,48,1338,1.36502582861687,0.0690577948116097,0.436003947124187,ZN730
Hsapiens-jaspar2024-MYC-MA0147.4,10,187,1.96023182425483,0.0692821857340935,0.437051220648602,MYC
Hsapiens-HOCOMOCOv13-ZN577.H13CORE.0.P.B,27,685,1.4702306360005,0.0696873407767342,0.439062275271951,ZN577
Hsapiens-jaspar2022-MAFK-MA0496.3,17,924,0.631405431877216,0.0698949049803655,0.439062275271951,MAFK
Hsapiens-HOCOMOCOv10-DRGX_HUMAN.H10MO.D,17,926,0.629862737183156,0.0698758326508141,0.439062275271951,DRGX
Hsapiens-HOCOMOCOv11-secondary-D-DRGX_HUMAN.H11MO.0.D,17,926,0.629862737183156,0.0698758326508141,0.439062275271951,DRGX
Hsapiens-SwissRegulon-ZBTB12.SwissRegulon,2,245,0.286259793312076,0.0698224163365517,0.439062275271951,ZBTB12
Hsapiens-HOCOMOCOv13-GLIS1.H13CORE.0.P.B,31,800,1.45233202041874,0.0702530732983501,0.440941348290233,GLIS1
Hsapiens-jaspar2018-GATA2-MA0036.3,6,437,0.478165519166983,0.0710392428437104,0.445127604697712,GATA2
Hsapiens-jaspar2022-GATA2-MA0036.3,6,437,0.478165519166983,0.0710392428437104,0.445127604697712,GATA2
Hsapiens-HOCOMOCOv13-SOX8.H13CORE.1.PS.A,6,440,0.474716116749286,0.0711108035020886,0.445202507424224,SOX8
Hsapiens-jaspar2024-ZNF175-MA2332.1,24,1219,0.670227395629073,0.0712035506560922,0.445409815620061,ZNF175
Hsapiens-HOCOMOCOv13-GLIS3.H13CORE.0.P.C,35,926,1.4214562389491,0.0713749024464266,0.445735072217692,GLIS3
Hsapiens-HOCOMOCOv13-ZN662.H13CORE.0.P.C,60,1744,1.31982077586443,0.0713648048708282,0.445735072217692,ZN662
Hsapiens-jaspar2022-KLF1-MA0493.2,104,3231,1.28965300476358,0.0715887504493647,0.446349015064365,KLF1
Hsapiens-HOCOMOCOv11-core-A-KAISO_HUMAN.H11MO.0.A,12,710,0.583451974569291,0.0715927326345039,0.446349015064365,KAISO
Hsapiens-jaspar2024-ZBTB26-MA1579.2,35,929,1.41626251884287,0.0719155310143949,0.446560454181857,ZBTB26
Hsapiens-jaspar2024-ZNF213-MA2121.1,61,1765,1.32957880502044,0.0717539127065397,0.446560454181857,ZNF213
Hsapiens-SwissRegulon-ZFX.SwissRegulon,61,1767,1.32764536122698,0.0719061887338225,0.446560454181857,ZFX
Hsapiens-jaspar2022-ZNF652-MA1657.1,12,715,0.57897264041218,0.0718002516582076,0.446560454181857,ZNF652
Hsapiens-HOCOMOCOv11-core-A-GATA2_HUMAN.H11MO.0.A,6,447,0.466847558647546,0.0719255892864873,0.446560454181857,GATA2
Hsapiens-hPDI-EDN1,12,719,0.575434025727463,0.0721805623717889,0.447544740063036,EDN1
Hsapiens-jolma2013-UNCX,12,720,0.57455551507506,0.0723053016003271,0.447544740063036,UNCX
Hsapiens-HOCOMOCOv10-GLI2_HUMAN.H10MO.B,6,449,0.464644459839792,0.0723238052290916,0.447544740063036,GLI2
Hsapiens-HOCOMOCOv11-secondary-D-GLI2_HUMAN.H11MO.0.D,6,449,0.464644459839792,0.0723238052290916,0.447544740063036,GLI2
Hsapiens-HOCOMOCOv13-ZSCAN12.H13CORE.0.P.B,35,934,1.40768045046427,0.0730001559595851,0.451356096740183,ZSCAN12
Hsapiens-HOCOMOCOv13-GBX1.H13CORE.0.S.B,12,244,1.80654528881893,0.0733855636395474,0.453363750888155,GBX1
Hsapiens-HOCOMOCOv11-secondary-A-PDX1_HUMAN.H11MO.1.A,10,616,0.56231841380028,0.0735338801505872,0.453904587474988,PDX1
Hsapiens-hPDI-RBM17,201,6875,1.50908459788457,0.0736012924452996,0.453945543578813,RBM17
Hsapiens-cisbp_1.02-M5329_1.02,10,194,1.88784209824688,0.0741196371290393,0.454345321249401,CREB3L1
Hsapiens-jaspar2024-PAX8-MA2094.1,10,194,1.88784209824688,0.0741196371290393,0.454345321249401,PAX8
Hsapiens-HOCOMOCOv13-CXXC4.H13CORE.0.PSGIB.A,12,246,1.7914252830963,0.0745223179149812,0.454345321249401,CXXC4
Hsapiens-jolma2013-VDR,16,365,1.61583126627199,0.0744889763275063,0.454345321249401,VDR
Hsapiens-HOCOMOCOv13-ZN510.H13CORE.1.P.C,35,939,1.39918976329449,0.0743136502090682,0.454345321249401,ZN510
Hsapiens-jaspar2016-EGR3-MA0732.1,44,1226,1.35747675073421,0.0746394040933211,0.454345321249401,EGR3
Hsapiens-jaspar2018-EGR3-MA0732.1,44,1226,1.35747675073421,0.0746394040933211,0.454345321249401,EGR3
Hsapiens-jaspar2022-EGR3-MA0732.1,44,1226,1.35747675073421,0.0746394040933211,0.454345321249401,EGR3
Hsapiens-jolma2013-EGR3,44,1226,1.35747675073421,0.0746394040933211,0.454345321249401,EGR3
Hsapiens-SwissRegulon-EGR3.SwissRegulon,44,1226,1.35747675073421,0.0746394040933211,0.454345321249401,EGR3
Hsapiens-HOCOMOCOv11-core-A-KLF1_HUMAN.H11MO.0.A,108,3389,1.27745818626243,0.0739569017712149,0.454345321249401,KLF1
Hsapiens-HOCOMOCOv13-ZNF14.H13CORE.0.P.C,15,834,0.619100751508038,0.0743466658301522,0.454345321249401,ZNF14
Hsapiens-jaspar2018-NR2F2-MA1111.1,10,627,0.5516252663006,0.0739612878277897,0.454345321249401,NR2F2
Hsapiens-jaspar2022-NR2F2-MA1111.1,10,627,0.5516252663006,0.0739612878277897,0.454345321249401,NR2F2
Hsapiens-SwissRegulon-SOX2.SwissRegulon,8,535,0.518801168864218,0.0740257253554484,0.454345321249401,SOX2
Hsapiens-SwissRegulon-SOX3.SwissRegulon,8,535,0.518801168864218,0.0740257253554484,0.454345321249401,SOX3
Hsapiens-HOCOMOCOv10-KLF14_HUMAN.H10MO.D,79,2380,1.29499882290801,0.0747693077127206,0.454395410338739,KLF14
Hsapiens-HOCOMOCOv11-secondary-D-KLF14_HUMAN.H11MO.0.D,79,2380,1.29499882290801,0.0747693077127206,0.454395410338739,KLF14
Hsapiens-jaspar2016-RAX-MA0718.1,16,366,1.61120462319467,0.075165737813027,0.455322705373478,RAX
Hsapiens-jaspar2018-RAX-MA0718.1,16,366,1.61120462319467,0.075165737813027,0.455322705373478,RAX
Hsapiens-jaspar2022-RAX-MA0718.1,16,366,1.61120462319467,0.075165737813027,0.455322705373478,RAX
Hsapiens-jolma2013-RAX,16,366,1.61120462319467,0.075165737813027,0.455322705373478,RAX
Hsapiens-HOCOMOCOv10-JUND_HUMAN.H10MO.A,22,529,1.54487623427297,0.0754033649520544,0.456273586749563,JUND
Hsapiens-HOCOMOCOv10-SPI1_HUMAN.H10MO.A,40,1844,0.728862372636367,0.0754448894946727,0.456273586749563,SPI1
Hsapiens-HOCOMOCOv11-core-A-FOSL2_HUMAN.H11MO.0.A,22,530,1.54175411399535,0.0756460230730008,0.457119859492106,FOSL2
Hsapiens-HOCOMOCOv13-ZN534.H13CORE.1.P.C,36,962,1.40768229264746,0.0761411784786258,0.459740066335373,ZN534
Hsapiens-hPDI-THAP5,32,838,1.43109966779067,0.0762386267988635,0.45995662646261,THAP5
Hsapiens-HOCOMOCOv13-ZN454.H13CORE.0.P.B,25,624,1.49163083797623,0.0763064667175876,0.459994350212802,ZN454
Hsapiens-cisbp_1.02-M6318_1.02,22,533,1.53245804111222,0.0764674066327088,0.460592790435243,JUND
Hsapiens-HOCOMOCOv11-core-A-MEF2A_HUMAN.H11MO.0.A,35,1643,0.719532813600853,0.0771138963808599,0.462984358803912,MEF2A
Hsapiens-HOCOMOCOv11-core-A-NRF1_HUMAN.H11MO.0.A,35,1649,0.716234331127042,0.0769968785582832,0.462984358803912,NRF1
Hsapiens-JASPAR_2014-MEF2C-MA0497.1,35,1658,0.711331383044168,0.0772363785071193,0.462984358803912,MEF2C
Hsapiens-jaspar2016-MEF2C-MA0497.1,35,1658,0.711331383044168,0.0772363785071193,0.462984358803912,MEF2C
Hsapiens-jaspar2018-MEF2C-MA0497.1,35,1658,0.711331383044168,0.0772363785071193,0.462984358803912,MEF2C
Hsapiens-jaspar2022-MEF2C-MA0497.1,35,1658,0.711331383044168,0.0772363785071193,0.462984358803912,MEF2C
Hsapiens-HOCOMOCOv13-OVOL1.H13CORE.0.SM.B,8,150,1.94595889048485,0.0779190899570703,0.466320541244297,OVOL1
Hsapiens-SwissRegulon-PLAGL1.SwissRegulon,16,370,1.59294804545602,0.0780791616813038,0.466320541244297,PLAGL1
Hsapiens-HOCOMOCOv11-core-C-ZN394_HUMAN.H11MO.0.C,64,1874,1.31521960556287,0.0778944065745473,0.466320541244297,ZN394
Hsapiens-jaspar2016-ZNF143-MA0088.2,13,746,0.601445943552987,0.078309712617092,0.466320541244297,ZNF143
Hsapiens-jaspar2018-ZNF143-MA0088.2,13,746,0.601445943552987,0.078309712617092,0.466320541244297,ZNF143
Hsapiens-jaspar2022-ZNF143-MA0088.2,13,746,0.601445943552987,0.078309712617092,0.466320541244297,ZNF143
Hsapiens-jaspar2024-ZNF143-MA0088.2,13,746,0.601445943552987,0.078309712617092,0.466320541244297,ZNF143
Hsapiens-jolma2013-ZNF143,13,746,0.601445943552987,0.078309712617092,0.466320541244297,ZNF143
Hsapiens-HOCOMOCOv11-core-C-PO2F1_HUMAN.H11MO.0.C,13,750,0.597906780436897,0.0784172713620078,0.466320541244297,PO2F1
Hsapiens-jolma2013-FLI1-4,5,387,0.450858507234342,0.0784068434461033,0.466320541244297,FLI1
Hsapiens-cisbp_1.02-M6331_1.02,5,391,0.446010704573549,0.078892552120324,0.468773645017264,MAFB
Hsapiens-jaspar2016-GSC2-MA0891.1,14,311,1.65507081617692,0.0795255944066771,0.469682495828053,GSC2
Hsapiens-jaspar2018-GSC2-MA0891.1,14,311,1.65507081617692,0.0795255944066771,0.469682495828053,GSC2
Hsapiens-jaspar2022-GSC2-MA0891.1,14,311,1.65507081617692,0.0795255944066771,0.469682495828053,GSC2
Hsapiens-jolma2013-GSC2,14,311,1.65507081617692,0.0795255944066771,0.469682495828053,GSC2
Hsapiens-SwissRegulon-GSC2.SwissRegulon,14,311,1.65507081617692,0.0795255944066771,0.469682495828053,GSC2
Hsapiens-HOCOMOCOv13-JUND.H13CORE.0.PM.A,22,541,1.50817869591502,0.0793389743709371,0.469682495828053,JUND
Hsapiens-jaspar2022-ZNF707-MA1715.1,36,977,1.38310287655736,0.0796114660219995,0.469682495828053,ZNF707
Hsapiens-jaspar2024-ZNF707-MA1715.1,36,977,1.38310287655736,0.0796114660219995,0.469682495828053,ZNF707
Hsapiens-HOCOMOCOv13-ZN284.H13CORE.0.P.C,19,996,0.654356710233486,0.0795586124720228,0.469682495828053,ZN284
Hsapiens-HOCOMOCOv10-ETS2_HUMAN.H10MO.C,31,1487,0.706439622809824,0.0798190894673509,0.470535737357256,ETS2
Hsapiens-HOCOMOCOv10-PHX2B_HUMAN.H10MO.D,16,870,0.63290619935862,0.0800178853888969,0.470964212742058,PHX2B
Hsapiens-HOCOMOCOv11-secondary-D-PHX2B_HUMAN.H11MO.0.D,16,870,0.63290619935862,0.0800178853888969,0.470964212742058,PHX2B
Hsapiens-HOCOMOCOv13-ZN708.H13CORE.0.P.B,25,636,1.46109840908847,0.0805854168473123,0.473931085379981,ZN708
Hsapiens-hPDI-GPAM,149,4878,1.28913511787896,0.0807864674371293,0.474739673711974,GPAM
Hsapiens-HOCOMOCOv10-AP2A_HUMAN.H10MO.C,33,870,1.42263992773778,0.0810939934282351,0.475798143688521,AP2A
Hsapiens-HOCOMOCOv11-core-A-AP2A_HUMAN.H11MO.0.A,33,870,1.42263992773778,0.0810939934282351,0.475798143688521,AP2A
Hsapiens-jolma2013-ESX1,14,314,1.63861661630543,0.0819760486508173,0.477060430147739,ESX1
Hsapiens-jaspar2016-GLIS2-MA0736.1,14,315,1.63320149445529,0.0828420642524592,0.477060430147739,GLIS2
Hsapiens-jaspar2018-GLIS2-MA0736.1,14,315,1.63320149445529,0.0828420642524592,0.477060430147739,GLIS2
Hsapiens-jaspar2022-GLIS2-MA0736.1,14,315,1.63320149445529,0.0828420642524592,0.477060430147739,GLIS2
Hsapiens-jaspar2024-GLIS2-MA0736.1,14,315,1.63320149445529,0.0828420642524592,0.477060430147739,GLIS2
Hsapiens-jolma2013-GLIS2,14,315,1.63320149445529,0.0828420642524592,0.477060430147739,GLIS2
Hsapiens-jaspar2022-ZNF692-MA1986.1,22,546,1.49336306038948,0.0816331689966341,0.477060430147739,ZNF692
Hsapiens-HOCOMOCOv10-AP2C_HUMAN.H10MO.A,37,1002,1.38855699529395,0.0815701487696413,0.477060430147739,AP2C
Hsapiens-HOCOMOCOv11-core-A-AP2C_HUMAN.H11MO.0.A,37,1002,1.38855699529395,0.0815701487696413,0.477060430147739,AP2C
Hsapiens-HOCOMOCOv11-core-C-ZIM3_HUMAN.H11MO.0.C,41,1137,1.35905757180048,0.0814684921093482,0.477060430147739,ZIM3
Hsapiens-HOCOMOCOv13-KLF15.H13CORE.0.S.B,100,3122,1.26988632072178,0.0820199185017545,0.477060430147739,KLF15
Hsapiens-HOCOMOCOv11-core-A-ELF3_HUMAN.H11MO.0.A,37,1718,0.726575650071105,0.0818106871241951,0.477060430147739,ELF3
Hsapiens-jaspar2022-FOXE1-MA1487.2,32,1530,0.707730394612897,0.0828270666472366,0.477060430147739,FOXE1
Hsapiens-HOCOMOCOv13-TF7L2.H13CORE.0.P.B,11,654,0.582339234046022,0.0814707413937462,0.477060430147739,TF7L2
Hsapiens-jaspar2024-ELK1::HOXB13-MA1932.2,11,662,0.574672486285715,0.0817436823534226,0.477060430147739,ELK1::HOXB13
Hsapiens-HOCOMOCOv11-core-C-ZN250_HUMAN.H11MO.0.C,7,473,0.515345091996317,0.08265489875255,0.477060430147739,ZN250
Hsapiens-HOCOMOCOv10-BARH2_HUMAN.H10MO.D,7,474,0.514189133254707,0.0826352054797512,0.477060430147739,BARH2
Hsapiens-HOCOMOCOv11-secondary-D-BARH2_HUMAN.H11MO.0.D,7,474,0.514189133254707,0.0826352054797512,0.477060430147739,BARH2
Hsapiens-cisbp_1.02-M6367_1.02,7,477,0.510750331589181,0.0826888314337658,0.477060430147739,NFE2
Hsapiens-HOCOMOCOv10-NFE2_HUMAN.H10MO.B,7,479,0.508481722477745,0.082818152920538,0.477060430147739,NFE2
Hsapiens-HOCOMOCOv11-secondary-A-GATA2_HUMAN.H11MO.1.A,7,479,0.508481722477745,0.082818152920538,0.477060430147739,GATA2
Hsapiens-jaspar2022-RFX3-MA0798.3,7,479,0.508481722477745,0.082818152920538,0.477060430147739,RFX3
Hsapiens-jaspar2024-RFX3-MA0798.3,7,479,0.508481722477745,0.082818152920538,0.477060430147739,RFX3
Hsapiens-jaspar2024-ZBTB7C-MA0695.2,0,122,0,0.0818763514772657,0.477060430147739,ZBTB7C
Hsapiens-HOCOMOCOv13-ZBT44.H13CORE.0.P.C,42,1161,1.36617625693592,0.0830009835643388,0.477272481448221,ZBT44
Hsapiens-hPDI-RAB2A,53,1513,1.33605275303019,0.0830705885503665,0.477272481448221,RAB2A
Hsapiens-HOCOMOCOv13-KLF7.H13CORE.0.P.B,103,3218,1.27513496945841,0.0830619611473053,0.477272481448221,KLF7
Hsapiens-HOCOMOCOv10-LHX8_HUMAN.H10MO.D,9,564,0.554059320745747,0.0832068029158705,0.477320745759322,LHX8
Hsapiens-HOCOMOCOv11-secondary-D-LHX8_HUMAN.H11MO.0.D,9,564,0.554059320745747,0.0832068029158705,0.477320745759322,LHX8
Hsapiens-jaspar2022-ZNF528-MA1597.1,26,661,1.46451364005931,0.0843268840866611,0.47935901131691,ZNF528
Hsapiens-jaspar2024-ZNF528-MA1597.1,26,661,1.46451364005931,0.0843268840866611,0.47935901131691,ZNF528
Hsapiens-HOCOMOCOv13-ESR2.H13CORE.0.P.B,26,665,1.4549085202906,0.0855516885909011,0.47935901131691,ESR2
Hsapiens-SwissRegulon-ZBTB4.SwissRegulon,29,763,1.41704701361133,0.0848792930920596,0.47935901131691,ZBTB4
Hsapiens-HOCOMOCOv13-ZNF30.H13CORE.0.P.C,33,885,1.39557307880776,0.0845533343521836,0.47935901131691,ZNF30
Hsapiens-jaspar2022-KLF12-MA0742.2,88,2708,1.27334707777935,0.0852968581023377,0.47935901131691,KLF12
Hsapiens-jaspar2024-KLF12-MA0742.2,88,2708,1.27334707777935,0.0852968581023377,0.47935901131691,KLF12
Hsapiens-HOCOMOCOv13-ZN566.H13CORE.0.P.C,87,2676,1.27219915153643,0.0846821891466177,0.47935901131691,ZN566
Hsapiens-hPDI-BRUNOL6,119,4730,0.788740303564785,0.0836976000522521,0.47935901131691,CELF6
Hsapiens-HOCOMOCOv13-ZN613.H13CORE.0.P.C,82,3409,0.78177784672594,0.0854694725915488,0.47935901131691,ZN613
Hsapiens-JASPAR_2014-FOXP1-MA0481.1,53,2327,0.759071811300425,0.0851595377532602,0.47935901131691,FOXP1
Hsapiens-jaspar2016-FOXP1-MA0481.1,53,2327,0.759071811300425,0.0851595377532602,0.47935901131691,FOXP1
Hsapiens-jaspar2018-FOXP1-MA0481.1,53,2327,0.759071811300425,0.0851595377532602,0.47935901131691,FOXP1
Hsapiens-HOCOMOCOv13-ZN879.H13CORE.0.P.C,38,1759,0.727967244443796,0.084108576272098,0.47935901131691,ZN879
Hsapiens-jaspar2024-PITX1-MA0682.3,33,1562,0.715099720022486,0.0854878086432036,0.47935901131691,PITX1
Hsapiens-jaspar2024-GSC-MA0648.2,33,1562,0.715099720022486,0.0854878086432036,0.47935901131691,GSC
Hsapiens-jaspar2024-GSC2-MA0891.2,33,1562,0.715099720022486,0.0854878086432036,0.47935901131691,GSC2
Hsapiens-jaspar2024-OTX1-MA0711.2,33,1562,0.715099720022486,0.0854878086432036,0.47935901131691,OTX1
Hsapiens-jaspar2024-PITX3-MA0714.2,33,1562,0.715099720022486,0.0854878086432036,0.47935901131691,PITX3
Hsapiens-HOCOMOCOv13-ZN787.H13CORE.0.M.C,28,1364,0.697871739498933,0.0849120591891592,0.47935901131691,ZN787
Hsapiens-jaspar2024-ERF::FOXI1-MA1935.2,20,1039,0.659460747143148,0.0843100810070166,0.47935901131691,ERF::FOXI1
Hsapiens-jolma2013-ISX,14,787,0.613411714803938,0.0850796848346367,0.47935901131691,ISX
Hsapiens-HOCOMOCOv10-TF7L2_HUMAN.H10MO.A,14,789,0.611686334693029,0.0852139838611446,0.47935901131691,TF7L2
Hsapiens-HOCOMOCOv10-NR1D1_HUMAN.H10MO.C,9,578,0.539613331321671,0.0845102673070793,0.47935901131691,NR1D1
Hsapiens-HOCOMOCOv11-secondary-D-NR1D1_HUMAN.H11MO.1.D,9,578,0.539613331321671,0.0845102673070793,0.47935901131691,NR1D1
Hsapiens-HOCOMOCOv13-FOS.H13CORE.2.S.C,7,485,0.501788132294714,0.0836522059783857,0.47935901131691,FOS
Hsapiens-HOCOMOCOv13-DMRTA.H13CORE.0.SM.B,7,487,0.499593579790925,0.0840780035298596,0.47935901131691,DMRTA
Hsapiens-SwissRegulon-GLI3.SwissRegulon,7,487,0.499593579790925,0.0840780035298596,0.47935901131691,GLI3
Hsapiens-jaspar2024-GATA2-MA0036.4,4,328,0.426916289846363,0.0853715520307547,0.47935901131691,GATA2
Hsapiens-cisbp_1.02-M5330_1.02,4,332,0.42155194398545,0.0853990078855814,0.47935901131691,CREB3L1
Hsapiens-jolma2013-FLI1-2,4,333,0.420230992873753,0.085473130147947,0.47935901131691,FLI1
Hsapiens-HOCOMOCOv10-RREB1_HUMAN.H10MO.D,68,2023,1.29560197118314,0.0859521728653871,0.479803272893555,RREB1
Hsapiens-HOCOMOCOv11-secondary-D-RREB1_HUMAN.H11MO.0.D,68,2023,1.29560197118314,0.0859521728653871,0.479803272893555,RREB1
Hsapiens-HOCOMOCOv11-core-A-ELF1_HUMAN.H11MO.0.A,33,1569,0.711131017150127,0.0857856916417527,0.479803272893555,ELF1
Hsapiens-jaspar2022-ELK1::HOXA1-MA1931.1,17,916,0.637643573311484,0.0858309585010632,0.479803272893555,ELK1::HOXA1
Hsapiens-jaspar2024-ELK1::HOXA1-MA1931.1,17,916,0.637643573311484,0.0858309585010632,0.479803272893555,ELK1::HOXA1
Hsapiens-jaspar2022-SP1-MA0079.5,109,3440,1.26711521551898,0.0861650255409233,0.480273564003848,SP1
Hsapiens-jaspar2024-SP1-MA0079.5,109,3440,1.26711521551898,0.0861650255409233,0.480273564003848,SP1
Hsapiens-hPDI-CKMT1B,17,921,0.63373203585402,0.0863314238190764,0.480483907976663,CKMT1B
Hsapiens-hPDI-RBM3,17,921,0.63373203585402,0.0863314238190764,0.480483907976663,RBM3
Hsapiens-HOCOMOCOv13-MNX1.H13CORE.0.SM.B,12,261,1.68524387376056,0.0869427649372468,0.483526069483467,MNX1
Hsapiens-HOCOMOCOv13-ZN133.H13CORE.0.P.B,17,400,1.5669894946163,0.0871275198777442,0.484193040153922,ZN133
Hsapiens-HOCOMOCOv13-ZBT14.H13CORE.0.P.C,54,1563,1.31527958493866,0.0875379072347123,0.486111991922726,ZBT14
Hsapiens-hPDI-VPS4B,133,4292,1.27673104020813,0.0876482302656462,0.486363025151643,VPS4B
Hsapiens-jaspar2022-OVOL1-MA1544.1,8,156,1.86973237186332,0.0881633865118468,0.488754200666621,OVOL1
Hsapiens-hPDI-RARB,26,672,1.43837469847647,0.0882100230952746,0.488754200666621,RARB
Hsapiens-HOCOMOCOv10-NFKB1_HUMAN.H10MO.B,23,580,1.47033786257914,0.0897662152235291,0.49663989741077,NFKB1
Hsapiens-HOCOMOCOv10-TEAD4_HUMAN.H10MO.A,23,580,1.47033786257914,0.0897662152235291,0.49663989741077,TEAD4
Hsapiens-HOCOMOCOv13-NKX25.H13CORE.0.PSM.A,15,338,1.63373338131013,0.0902469207193269,0.498279080054599,NKX25
Hsapiens-HOCOMOCOv13-ZN805.H13CORE.0.P.C,30,796,1.40598159362891,0.0901721325408147,0.498279080054599,ZN805
Hsapiens-HOCOMOCOv11-core-A-TWST1_HUMAN.H11MO.0.A,12,704,0.588911157319298,0.0902626315857373,0.498279080054599,TWST1
Hsapiens-HOCOMOCOv13-HNF6.H13CORE.1.S.B,5,83,2.1861585781052,0.0904997180356956,0.498482591451777,HNF6
Hsapiens-HOCOMOCOv10-PO6F2_HUMAN.H10MO.D,17,405,1.54662167514323,0.0904651682014595,0.498482591451777,PO6F2
Hsapiens-HOCOMOCOv11-secondary-D-PO6F2_HUMAN.H11MO.0.D,17,405,1.54662167514323,0.0904651682014595,0.498482591451777,PO6F2
Hsapiens-HOCOMOCOv13-HES1.H13CORE.0.S.C,27,693,1.45166351041692,0.0910148011883404,0.500395998440228,HES1
Hsapiens-jaspar2024-MEF2A-MA0052.5,35,1626,0.729010747825006,0.0910355774548125,0.500395998440228,MEF2A
Hsapiens-jaspar2024-MAFK-MA0496.4,18,945,0.654931722671069,0.091082663755407,0.500395998440228,MAFK
Hsapiens-HOCOMOCOv10-PO2F2_HUMAN.H10MO.D,18,948,0.652580148084381,0.0911150833951949,0.500395998440228,PO2F2
Hsapiens-jaspar2024-CTCFL-MA1102.3,23,583,1.4621786927805,0.0911912261142295,0.500446192393226,CTCFL
Hsapiens-HOCOMOCOv11-secondary-D-NFAT5_HUMAN.H11MO.0.D,71,2132,1.28508182332014,0.0914093883830816,0.501275126162435,NFAT5
Hsapiens-jaspar2024-SOX4-MA0867.3,15,821,0.630050273365366,0.0915259249155114,0.501346496973329,SOX4
Hsapiens-cisbp_1.02-M4101_1.02,3,278,0.378516127926607,0.091556650404555,0.501346496973329,XBP1
Hsapiens-jaspar2024-DMRTA2-MA1478.2,18,957,0.645613879859803,0.0917815742423068,0.502209947264315,DMRTA2
Hsapiens-HOCOMOCOv13-CDX1.H13CORE.0.M.B,3,281,0.374328984178035,0.0919197149236774,0.50259762135062,CDX1
Hsapiens-jaspar2018-FOS::JUN-MA0099.3,15,342,1.61377965750431,0.0924748340132352,0.50452486139142,FOS::JUN
Hsapiens-jaspar2022-FOS::JUN-MA0099.3,15,342,1.61377965750431,0.0924748340132352,0.50452486139142,FOS::JUN
Hsapiens-HOCOMOCOv10-ZIC3_HUMAN.H10MO.C,6,420,0.498616773360171,0.0923570307335272,0.50452486139142,ZIC3
Hsapiens-SwissRegulon-PKNOX1.SwissRegulon,6,426,0.491202025993453,0.0926275844121239,0.504621026968748,PKNOX1
Hsapiens-hPDI-MAGEF1,3,284,0.370230297023624,0.0925767260960517,0.504621026968748,MAGEF1
Hsapiens-HOCOMOCOv13-ZNF683.H13CORE.0.PSG.A,35,946,1.38745356158409,0.0926975667355458,0.504634202585854,ZNF683
Hsapiens-cisbp_1.02-M5324_1.02,6,429,0.487572417071695,0.0930614186803094,0.505509626271441,CREB3
Hsapiens-HOCOMOCOv10-GATA5_HUMAN.H10MO.D,6,429,0.487572417071695,0.0930614186803094,0.505509626271441,GATA5
Hsapiens-HOCOMOCOv11-secondary-D-GATA5_HUMAN.H11MO.0.D,6,429,0.487572417071695,0.0930614186803094,0.505509626271441,GATA5
Hsapiens-cisbp_1.02-M4610_1.02,15,344,1.60397673600325,0.0937406651189764,0.506021857778425,MYC
Hsapiens-HOCOMOCOv13-ISX.H13CORE.0.SM.B,15,344,1.60397673600325,0.0937406651189764,0.506021857778425,ISX
Hsapiens-HOCOMOCOv13-RBAK.H13CORE.0.P.C,31,820,1.412958157339,0.0932327188456317,0.506021857778425,RBAK
Hsapiens-cisbp_1.02-M5912_1.02,31,824,1.40531271869458,0.0941384956362111,0.506021857778425,TFAP2A
Hsapiens-jaspar2016-TFAP2A-MA0003.3,31,824,1.40531271869458,0.0941384956362111,0.506021857778425,TFAP2A
Hsapiens-jaspar2018-TFAP2A-MA0003.3,31,824,1.40531271869458,0.0941384956362111,0.506021857778425,TFAP2A
Hsapiens-jolma2013-TFAP2A-2,31,824,1.40531271869458,0.0941384956362111,0.506021857778425,TFAP2A
Hsapiens-HOCOMOCOv13-HAND1.H13CORE.1.P.B,35,953,1.37588973878597,0.0942397113629387,0.506021857778425,HAND1
Hsapiens-SwissRegulon-INSM1.SwissRegulon,35,953,1.37588973878597,0.0942397113629387,0.506021857778425,INSM1
Hsapiens-hPDI-RBBP9,60,2587,0.769086580839655,0.0942026990894622,0.506021857778425,RBBP9
Hsapiens-jaspar2022-MGA::EVX1-MA1960.1,8,509,0.547214274873716,0.0940952717026468,0.506021857778425,MGA::EVX1
Hsapiens-HOCOMOCOv13-E2F4.H13CORE.2.S.B,8,511,0.544926028479407,0.0940334498975314,0.506021857778425,E2F4
Hsapiens-cisbp_1.02-M6360_1.02,8,512,0.543788607308216,0.0940307272251263,0.506021857778425,NFE2L2
Hsapiens-jaspar2022-GRHL2-MA1105.2,8,515,0.540402839601802,0.0941348928009087,0.506021857778425,GRHL2
Hsapiens-HOCOMOCOv10-HXA9_HUMAN.H10MO.D,6,433,0.48281116241043,0.0939463815406506,0.506021857778425,HXA9
Hsapiens-HOCOMOCOv13-HXC11.H13CORE.0.SM.B,1,170,0.207340548487302,0.0935561529447968,0.506021857778425,HXC11
Hsapiens-HOCOMOCOv11-core-A-SUH_HUMAN.H11MO.0.A,35,954,1.3742516145102,0.0945014461037364,0.506876366481091,SUH
Hsapiens-HOCOMOCOv13-PROP1.H13CORE.0.PSM.A,8,519,0.535949353338268,0.094534580065358,0.506876366481091,PROP1
Hsapiens-HOCOMOCOv13-ZN189.H13CORE.0.P.B,40,1106,1.36174353766289,0.0946863903572802,0.507326147473835,ZN189
Hsapiens-jaspar2022-KLF10-MA1511.2,100,3135,1.26122398396086,0.0949217670337944,0.50785865184485,KLF10
Hsapiens-jaspar2024-KLF10-MA1511.2,100,3135,1.26122398396086,0.0949217670337944,0.50785865184485,KLF10
Hsapiens-HOCOMOCOv13-BACH2.H13CORE.1.SM.B,13,281,1.69942447620844,0.0952352258152821,0.508642731312713,BACH2
Hsapiens-HOCOMOCOv10-OLIG3_HUMAN.H10MO.D,2,224,0.31394779690899,0.0953407181467128,0.508642731312713,OLIG3
Hsapiens-HOCOMOCOv11-secondary-D-OLIG3_HUMAN.H11MO.0.D,2,224,0.31394779690899,0.0953407181467128,0.508642731312713,OLIG3
Hsapiens-jaspar2022-E2F4-MA0470.2,2,224,0.31394779690899,0.0953407181467128,0.508642731312713,E2F4
Hsapiens-HOCOMOCOv13-HXC9.H13CORE.2.M.C,2,226,0.311089162319062,0.0956174651934324,0.509755066045501,HXC9
Hsapiens-jaspar2022-HOXD12::ELK1-MA1958.1,8,525,0.52939633154526,0.095688353332654,0.509769123424817,HOXD12::ELK1
Hsapiens-jolma2013-SOX8-5,21,514,1.51319499340326,0.0962195913591493,0.51186903693838,SOX8
Hsapiens-SwissRegulon-BACH2.SwissRegulon,21,514,1.51319499340326,0.0962195913591493,0.51186903693838,BACH2
Hsapiens-HOCOMOCOv13-ETV7.H13CORE.0.SM.B,19,984,0.663477203168394,0.0965265574333862,0.513136553359403,ETV7
Hsapiens-jaspar2024-KLF9-MA1107.3,65,1938,1.28621728789974,0.0966025135401888,0.513175087931486,KLF9
Hsapiens-SwissRegulon-HOXA4.SwissRegulon,19,988,0.66041242341792,0.0966994383706924,0.513324879311089,HOXA4
Hsapiens-HOCOMOCOv10-FOSB_HUMAN.H10MO.C,21,516,1.50692613702982,0.0968236660582041,0.513619291043129,FOSB
Hsapiens-HOCOMOCOv10-FOS_HUMAN.H10MO.A,21,517,1.50380989987398,0.0971529246481222,0.514690829982889,FOS
Hsapiens-jaspar2022-HOXB2::ELK1-MA1957.1,13,735,0.611377254833618,0.0973013056548185,0.514690829982889,HOXB2::ELK1
Hsapiens-jaspar2024-HOXB2::ELK1-MA1957.1,13,735,0.611377254833618,0.0973013056548185,0.514690829982889,HOXB2::ELK1
Hsapiens-HOCOMOCOv13-HXB9.H13CORE.1.M.C,1,179,0.196688368759733,0.0971747148661776,0.514690829982889,HXB9
Hsapiens-HOCOMOCOv10-PLAG1_HUMAN.H10MO.S,18,431,1.54103328193218,0.0976708067775879,0.515242482831828,PLAG1
Hsapiens-SwissRegulon-PLAG1.SwissRegulon,18,431,1.54103328193218,0.0976708067775879,0.515242482831828,PLAG1
Hsapiens-SwissRegulon-ETS2.SwissRegulon,32,1502,0.724060903307046,0.097846103495329,0.515242482831828,ETS2
Hsapiens-jaspar2022-FOXO1::FLI1-MA1956.1,13,739,0.60773166329608,0.0977438292929483,0.515242482831828,FOXO1::FLI1
Hsapiens-jolma2013-PRRX1-3,13,740,0.606826423079119,0.0978884834835136,0.515242482831828,PRRX1
Hsapiens-SwissRegulon-PRRX1.SwissRegulon,13,740,0.606826423079119,0.0978884834835136,0.515242482831828,PRRX1
Hsapiens-HOCOMOCOv13-HXC10.H13CORE.2.SM.B,2,233,0.30147039406368,0.0978726056876415,0.515242482831828,HXC10
Hsapiens-hPDI-MAPK1,147,5683,0.784967931689878,0.0980604538359053,0.515784175845336,MAPK1
Hsapiens-jaspar2024-RREB1-MA0073.2,46,1308,1.32894657255671,0.0988546669901255,0.519595712701793,RREB1
Hsapiens-HOCOMOCOv13-PAX9.H13CORE.0.SM.B,9,174,1.89031276482781,0.0993078914391594,0.521610858761661,PAX9
Hsapiens-SwissRegulon-ONECUT1.SwissRegulon,7,129,1.97597888097373,0.0994780610005609,0.522137482511026,ONECUT1
Hsapiens-HOCOMOCOv13-ZIC3.H13CORE.2.M.B,24,618,1.43975185472665,0.0996673028207772,0.52276340222499,ZIC3
Hsapiens-HOCOMOCOv13-ZN708.H13CORE.1.P.B,21,524,1.482329318255,0.0999623514252313,0.5239430195053,ZN708
Hsapiens-jaspar2024-TFAP2B-MA0812.2,28,736,1.41635773976426,0.100371228659775,0.525717185736228,TFAP2B
Hsapiens-cisbp_1.02-M4086_1.02,13,292,1.63306904991754,0.102514753754358,0.529817878880266,USF1
Hsapiens-jaspar2016-OTX1-MA0711.1,13,293,1.62728366019438,0.103359950129612,0.529817878880266,OTX1
Hsapiens-jaspar2018-OTX1-MA0711.1,13,293,1.62728366019438,0.103359950129612,0.529817878880266,OTX1
Hsapiens-jaspar2022-OTX1-MA0711.1,13,293,1.62728366019438,0.103359950129612,0.529817878880266,OTX1
Hsapiens-jolma2013-OTX1-2,13,293,1.62728366019438,0.103359950129612,0.529817878880266,OTX1
Hsapiens-jaspar2024-FOSB::JUNB-MA1135.2,15,354,1.5566230866271,0.101563735656452,0.529817878880266,FOSB::JUNB
Hsapiens-HOCOMOCOv13-ZN214.H13CORE.0.P.B,18,439,1.5113503984803,0.102177427515846,0.529817878880266,ZN214
Hsapiens-HOCOMOCOv13-MNT.H13CORE.0.PS.A,18,441,1.50409742234147,0.10351249864746,0.529817878880266,MNT
Hsapiens-HOCOMOCOv13-ZNF34.H13CORE.0.P.C,32,866,1.3793927197819,0.102112754088259,0.529817878880266,ZNF34
Hsapiens-jaspar2024-ZBTB24-MA2330.1,37,1016,1.36667134257996,0.102966858504653,0.529817878880266,ZBTB24
Hsapiens-HOCOMOCOv13-ZN790.H13CORE.0.P.C,41,1154,1.33570381432592,0.101549778326187,0.529817878880266,ZN790
Hsapiens-SwissRegulon-KLF1.SwissRegulon,47,1343,1.32300897774226,0.102389055103023,0.529817878880266,KLF1
Hsapiens-jaspar2018-KLF9-MA1107.1,47,1345,1.32064269741556,0.102716319666021,0.529817878880266,KLF9
Hsapiens-HOCOMOCOv13-KLF13.H13CORE.1.P.C,132,4280,1.26067958155701,0.101347224566745,0.529817878880266,KLF13
Hsapiens-jaspar2024-SP3-MA0746.3,92,2866,1.2575395695441,0.103335407855207,0.529817878880266,SP3
Hsapiens-hPDI-RAB18,118,3784,1.25181626764267,0.102347301479415,0.529817878880266,RAB18
Hsapiens-hPDI-CSTF2,46,2047,0.754889279775146,0.101325623498672,0.529817878880266,CSTF2
Hsapiens-hPDI-HIST2H2AB,11,642,0.594197589505512,0.101896497165876,0.529817878880266,HIST2H2AB
Hsapiens-HOCOMOCOv11-secondary-B-MEIS1_HUMAN.H11MO.1.B,11,643,0.593192489038031,0.101955222962037,0.529817878880266,MEIS1
Hsapiens-jaspar2022-SATB1-MA1963.1,11,643,0.593192489038031,0.101955222962037,0.529817878880266,SATB1
Hsapiens-hPDI-IL24,11,644,0.592190509778984,0.102029755593595,0.529817878880266,IL24
Hsapiens-jaspar2016-RARA-MA0729.1,11,647,0.589203154539719,0.102347943445498,0.529817878880266,RARA
Hsapiens-jaspar2018-RARA-MA0729.1,11,647,0.589203154539719,0.102347943445498,0.529817878880266,RARA
Hsapiens-jaspar2022-RARA-MA0729.1,11,647,0.589203154539719,0.102347943445498,0.529817878880266,RARA
Hsapiens-jaspar2024-RARA-MA0729.1,11,647,0.589203154539719,0.102347943445498,0.529817878880266,RARA
Hsapiens-jolma2013-RARA-2,11,647,0.589203154539719,0.102347943445498,0.529817878880266,RARA
Hsapiens-HOCOMOCOv13-RELB.H13CORE.0.P.B,11,652,0.584285315973667,0.103192023431856,0.529817878880266,RELB
Hsapiens-HOCOMOCOv10-ZN784_HUMAN.H10MO.D,5,367,0.476682536979676,0.102648312102746,0.529817878880266,ZN784
Hsapiens-HOCOMOCOv11-secondary-D-ZN784_HUMAN.H11MO.0.D,5,367,0.476682536979676,0.102648312102746,0.529817878880266,ZN784
Hsapiens-HOCOMOCOv13-MAFA.H13CORE.0.PSM.A,5,368,0.475324674227621,0.10265177561306,0.529817878880266,MAFA
Hsapiens-jolma2013-Trp53,5,373,0.468644565439395,0.103069147368367,0.529817878880266,Trp53
Hsapiens-jaspar2022-MYF5-MA1641.1,5,375,0.466022397111828,0.103421376604378,0.529817878880266,MYF5
Hsapiens-HOCOMOCOv13-PAX7.H13CORE.2.PM.A,5,376,0.46472177310707,0.103636888612139,0.529817878880266,PAX7
Hsapiens-HOCOMOCOv10-PKNX1_HUMAN.H10MO.D,5,376,0.46472177310707,0.103636888612139,0.529817878880266,PKNX1
Hsapiens-jaspar2024-SNAI2-MA0745.3,5,376,0.46472177310707,0.103636888612139,0.529817878880266,SNAI2
Hsapiens-HOCOMOCOv13-BSH.H13CORE.0.SM.B,9,179,1.836392797745,0.1038571234677,0.530400030510498,BSH
Hsapiens-SwissRegulon-TBL1XR1.SwissRegulon,69,2904,0.785038680673224,0.103892789481438,0.530400030510498,TBL1XR1
Hsapiens-HOCOMOCOv13-ATF4.H13CORE.0.P.B,18,442,1.50049555372214,0.104210981782347,0.531661081237942,ATF4
Hsapiens-HOCOMOCOv11-core-A-GATA1_HUMAN.H11MO.0.A,5,379,0.46086107938252,0.104440084662295,0.532466206377257,GATA1
Hsapiens-HOCOMOCOv13-ELF3.H13CORE.1.PM.A,29,1376,0.718891759089406,0.10464462053871,0.53278806343549,ELF3
Hsapiens-HOCOMOCOv13-OZF.H13CORE.0.P.B,14,767,0.63116037542232,0.104645881518257,0.53278806343549,OZF
Hsapiens-HOCOMOCOv13-ZIC5.H13CORE.2.S.C,25,644,1.44137560055548,0.104718591084449,0.532795065946696,ZIC5
Hsapiens-HOCOMOCOv10-PO5F1_HUMAN.H10MO.A,14,771,0.627536983421447,0.104837117598789,0.533035011126857,PO5F1
Hsapiens-HOCOMOCOv13-ATF6B.H13CORE.0.SM.B,9,546,0.573720892539515,0.105230930231483,0.533946887159612,ATF6B
Hsapiens-HOCOMOCOv13-ZNF689.H13CORE.0.PSG.A,9,548,0.571472511187217,0.105172610527278,0.533946887159612,ZNF689
Hsapiens-HOCOMOCOv13-BATF2.H13CORE.0.PSG.A,9,549,0.570354461530129,0.105171406080095,0.533946887159612,BATF2
Hsapiens-HOCOMOCOv13-SMAD3.H13CORE.1.P.B,9,553,0.56592268485862,0.105352159859151,0.534199105219282,SMAD3
Hsapiens-jaspar2024-FOSL2::JUNB-MA1138.2,16,372,1.58396693700346,0.105873620012915,0.53456094081333,FOSL2::JUNB
Hsapiens-jaspar2016-E2F8-MA0865.1,9,557,0.561554538415718,0.105828154313045,0.53456094081333,E2F8
Hsapiens-jaspar2018-E2F8-MA0865.1,9,557,0.561554538415718,0.105828154313045,0.53456094081333,E2F8
Hsapiens-jolma2013-E2F8,9,557,0.561554538415718,0.105828154313045,0.53456094081333,E2F8
Hsapiens-SwissRegulon-E2F8.SwissRegulon,9,557,0.561554538415718,0.105828154313045,0.53456094081333,E2F8
Hsapiens-jaspar2016-ZBTB7A-MA0750.1,7,459,0.532057270553059,0.106067654878211,0.53456094081333,ZBTB7A
Hsapiens-jaspar2018-ZBTB7A-MA0750.1,7,459,0.532057270553059,0.106067654878211,0.53456094081333,ZBTB7A
Hsapiens-jolma2013-ZBTB7A,7,459,0.532057270553059,0.106067654878211,0.53456094081333,ZBTB7A
Hsapiens-SwissRegulon-ZBTB7A.SwissRegulon,7,459,0.532057270553059,0.106067654878211,0.53456094081333,ZBTB7A
Hsapiens-HOCOMOCOv11-secondary-A-GATA1_HUMAN.H11MO.1.A,7,461,0.529607683266649,0.106149560653046,0.534612992931625,GATA1
Hsapiens-HOCOMOCOv10-ZN589_HUMAN.H10MO.D,16,373,1.57951248895048,0.10629622429685,0.534630639241195,ZN589
Hsapiens-HOCOMOCOv11-secondary-D-ZN589_HUMAN.H11MO.0.D,16,373,1.57951248895048,0.10629622429685,0.534630639241195,ZN589
Hsapiens-HOCOMOCOv13-ZN101.H13CORE.0.P.C,25,649,1.42929575035868,0.106414796961678,0.534866836141838,ZN101
Hsapiens-cisbp_1.02-M4541_1.02,16,374,1.5750818548589,0.106744355202664,0.535802143151004,JUND
Hsapiens-jaspar2022-SOX8-MA0868.2,7,466,0.523575686966926,0.10673789279763,0.535802143151004,SOX8
Hsapiens-HOCOMOCOv11-core-B-NKX25_HUMAN.H11MO.0.B,48,1385,1.3093511806133,0.107088608836585,0.536773866707196,NKX25
Hsapiens-jolma2013-ETV6,25,1225,0.697636001324103,0.10715354602496,0.536773866707196,ETV6
Hsapiens-SwissRegulon-ETV6.SwissRegulon,25,1225,0.697636001324103,0.10715354602496,0.536773866707196,ETV6
Hsapiens-SwissRegulon-FLI1.SwissRegulon,21,1063,0.677806801392361,0.107430836202102,0.537802222247656,FLI1
Hsapiens-cisbp_1.02-M4013_1.02,13,298,1.59893885727687,0.108033892895735,0.538490537848182,CREB1
Hsapiens-HOCOMOCOv13-ZN257.H13CORE.0.P.B,29,773,1.39677530977529,0.108061311480613,0.538490537848182,ZN257
Hsapiens-hPDI-PGAM2,98,3075,1.2552122086025,0.108073010608438,0.538490537848182,PGAM2
Hsapiens-jaspar2024-KLF1-MA0493.3,98,3075,1.2552122086025,0.108073010608438,0.538490537848182,KLF1
Hsapiens-jaspar2024-KLF15-MA1513.2,98,3075,1.2552122086025,0.108073010608438,0.538490537848182,KLF15
Hsapiens-jaspar2024-KLF7-MA1959.2,98,3075,1.2552122086025,0.108073010608438,0.538490537848182,KLF7
Hsapiens-HOCOMOCOv10-GATA2_HUMAN.H10MO.A,7,471,0.517671731931818,0.107869030708207,0.538490537848182,GATA2
Hsapiens-cisbp_1.02-M4531_1.02,19,461,1.5221983230261,0.108471993636557,0.540118213647631,JUN
Hsapiens-JASPAR_CORE-EWSR1-FLI1-MA0149.1,83,2558,1.26069850467238,0.109178828448875,0.541471892220883,EWSR1-FLI1
Hsapiens-JASPAR_2014-EWSR1-FLI1-MA0149.1,83,2558,1.26069850467238,0.109178828448875,0.541471892220883,EWSR1-FLI1
Hsapiens-jaspar2016-EWSR1-FLI1-MA0149.1,83,2558,1.26069850467238,0.109178828448875,0.541471892220883,EWSR1-FLI1
Hsapiens-jaspar2018-EWSR1-FLI1-MA0149.1,83,2558,1.26069850467238,0.109178828448875,0.541471892220883,EWSR1-FLI1
Hsapiens-jaspar2022-EWSR1-FLI1-MA0149.1,83,2558,1.26069850467238,0.109178828448875,0.541471892220883,EWSR1-FLI1
Hsapiens-jaspar2024-EWSR1-FLI1-MA0149.1,83,2558,1.26069850467238,0.109178828448875,0.541471892220883,EWSR1-FLI1
Hsapiens-jaspar2022-CLOCK-MA0819.2,11,240,1.67657751090043,0.110250705811003,0.542488157512691,CLOCK
Hsapiens-jaspar2016-SRF-MA0083.3,11,241,1.66940524114898,0.111344804587891,0.542488157512691,SRF
Hsapiens-jaspar2018-SRF-MA0083.3,11,241,1.66940524114898,0.111344804587891,0.542488157512691,SRF
Hsapiens-jaspar2022-SRF-MA0083.3,11,241,1.66940524114898,0.111344804587891,0.542488157512691,SRF
Hsapiens-jaspar2024-SRF-MA0083.3,11,241,1.66940524114898,0.111344804587891,0.542488157512691,SRF
Hsapiens-jolma2013-SRF-2,11,241,1.66940524114898,0.111344804587891,0.542488157512691,SRF
Hsapiens-hPDI-POU3F2,13,301,1.58238379695766,0.111191970672492,0.542488157512691,POU3F2
Hsapiens-cisbp_1.02-M2917_1.02,16,380,1.54898764137249,0.109964581383579,0.542488157512691,AHR
Hsapiens-cisbp_1.02-M4619_1.02,16,382,1.54047169811189,0.111238427676446,0.542488157512691,FOSL1
Hsapiens-HOCOMOCOv10-PLAL1_HUMAN.H10MO.D,16,382,1.54047169811189,0.111238427676446,0.542488157512691,PLAL1
Hsapiens-HOCOMOCOv11-secondary-D-PLAL1_HUMAN.H11MO.0.D,16,382,1.54047169811189,0.111238427676446,0.542488157512691,PLAL1
Hsapiens-jaspar2024-FOS-MA0476.2,16,382,1.54047169811189,0.111238427676446,0.542488157512691,FOS
Hsapiens-SwissRegulon-FOSL1.SwissRegulon,16,382,1.54047169811189,0.111238427676446,0.542488157512691,FOSL1
Hsapiens-HOCOMOCOv10-ZIC1_HUMAN.H10MO.B,22,560,1.45328689380031,0.110637725151457,0.542488157512691,ZIC1
Hsapiens-HOCOMOCOv10-ZIC2_HUMAN.H10MO.C,22,560,1.45328689380031,0.110637725151457,0.542488157512691,ZIC2
Hsapiens-HOCOMOCOv11-core-B-ZIC1_HUMAN.H11MO.0.B,22,560,1.45328689380031,0.110637725151457,0.542488157512691,ZIC1
Hsapiens-jaspar2024-NEUROG2-MA1642.2,22,560,1.45328689380031,0.110637725151457,0.542488157512691,NEUROG2
Hsapiens-HOCOMOCOv11-core-A-TCF7_HUMAN.H11MO.0.A,25,658,1.40801461636263,0.1104274304627,0.542488157512691,TCF7
Hsapiens-SwissRegulon-ZIC1.SwissRegulon,25,658,1.40801461636263,0.1104274304627,0.542488157512691,ZIC1
Hsapiens-HOCOMOCOv11-core-A-SPIB_HUMAN.H11MO.0.A,43,1913,0.759254538250042,0.111134057796365,0.542488157512691,SPIB
Hsapiens-hPDI-DLX6,36,1643,0.744065999717021,0.11005013156757,0.542488157512691,DLX6
Hsapiens-jolma2013-SOX8-8,12,672,0.619673099737047,0.110919969526528,0.542488157512691,SOX8
Hsapiens-HOCOMOCOv10-SPDEF_HUMAN.H10MO.D,12,674,0.617664907925769,0.110842376485297,0.542488157512691,SPDEF
Hsapiens-HOCOMOCOv11-secondary-D-SPDEF_HUMAN.H11MO.0.D,12,674,0.617664907925769,0.110842376485297,0.542488157512691,SPDEF
Hsapiens-HOCOMOCOv10-TEAD3_HUMAN.H10MO.D,12,676,0.615668598042783,0.110827971750901,0.542488157512691,TEAD3
Hsapiens-HOCOMOCOv11-secondary-D-TEAD3_HUMAN.H11MO.0.D,12,676,0.615668598042783,0.110827971750901,0.542488157512691,TEAD3
Hsapiens-jaspar2022-ELK1::HOXB13-MA1932.1,12,679,0.612696182175716,0.110924431076035,0.542488157512691,ELK1::HOXB13
Hsapiens-HOCOMOCOv13-ZNF831.H13CORE.0.PSGI.A,19,469,1.49464201019582,0.111732925705739,0.543669851528446,ZNF831
Hsapiens-HOCOMOCOv13-MIXL1.H13CORE.0.SM.B,12,686,0.6058616405145,0.111697066506129,0.543669851528446,MIXL1
Hsapiens-jolma2013-PROP1-2,15,800,0.648489637556354,0.112079977247055,0.544648893987152,PROP1
Hsapiens-SwissRegulon-PROP1.SwissRegulon,15,800,0.648489637556354,0.112079977247055,0.544648893987152,PROP1
Hsapiens-cisbp_1.02-M6175_1.02,15,809,0.640469840916813,0.112383782870607,0.545770139311157,EBF1
Hsapiens-cisbp_1.02-M6273_1.02,34,931,1.36516019819866,0.112509230113288,0.546024327300943,HEY2
Hsapiens-cisbp_1.02-M4565_1.02,16,385,1.52786366249817,0.11333474299217,0.547546653424498,FOSL2
Hsapiens-SwissRegulon-POU1F1.SwissRegulon,34,934,1.36019532615841,0.113216964615389,0.547546653424498,POU1F1
Hsapiens-JASPAR_CORE-SPIB-MA0081.1,44,1951,0.761244935647419,0.113336072592619,0.547546653424498,SPIB
Hsapiens-JASPAR_2014-SPIB-MA0081.1,44,1951,0.761244935647419,0.113336072592619,0.547546653424498,SPIB
Hsapiens-jaspar2016-SPIB-MA0081.1,44,1951,0.761244935647419,0.113336072592619,0.547546653424498,SPIB
Hsapiens-jaspar2018-SPIB-MA0081.1,44,1951,0.761244935647419,0.113336072592619,0.547546653424498,SPIB
Hsapiens-jaspar2022-BACH2-MA1470.1,4,316,0.443824118755485,0.11327557609082,0.547546653424498,BACH2
Hsapiens-HOCOMOCOv13-HES2.H13CORE.0.S.C,11,243,1.65523768535612,0.113642277028142,0.548316645428417,HES2
Hsapiens-jaspar2024-TFAP2B-MA0811.2,22,566,1.43671832449684,0.113617644787688,0.548316645428417,TFAP2B
Hsapiens-jolma2013-CREB3L1-6,4,323,0.433808550517919,0.114584357185915,0.552505205824145,CREB3L1
Hsapiens-SwissRegulon-EGR1.SwissRegulon,39,1096,1.33444132649456,0.114711090767189,0.552759443187182,EGR1
Hsapiens-hPDI-NANOS1,136,4449,1.24759391738676,0.115312633088701,0.554942046739376,NANOS1
Hsapiens-hPDI-ODC1,136,4449,1.24759391738676,0.115312633088701,0.554942046739376,ODC1
Hsapiens-HOCOMOCOv13-SHOX2.H13CORE.1.S.C,14,319,1.61188035056916,0.116941834239676,0.557395379665691,SHOX2
Hsapiens-jaspar2018-FOSL2::JUND-MA1144.1,14,319,1.61188035056916,0.116941834239676,0.557395379665691,FOSL2::JUND
Hsapiens-jaspar2022-FOSL2::JUND-MA1144.1,14,319,1.61188035056916,0.116941834239676,0.557395379665691,FOSL2::JUND
Hsapiens-cisbp_1.02-M3032_1.02,16,389,1.51136050371479,0.116472459191657,0.557395379665691,CEBPA
Hsapiens-jaspar2024-FOS::JUND-MA1141.2,19,477,1.46801017326952,0.116330325759877,0.557395379665691,FOS::JUND
Hsapiens-jaspar2022-KLF3-MA1516.1,39,1104,1.32322905291273,0.116851863959547,0.557395379665691,KLF3
Hsapiens-jaspar2024-ZNF701-MA1987.2,51,1488,1.29696267678123,0.116688059804588,0.557395379665691,ZNF701
Hsapiens-hPDI-ZBTB43,109,4344,0.802749852209335,0.116017758159064,0.557395379665691,ZBTB43
Hsapiens-jaspar2022-FOXO1::ELK1-MA1954.1,19,962,0.680789041927468,0.116580116450411,0.557395379665691,FOXO1::ELK1
Hsapiens-SwissRegulon-HOXD8.SwissRegulon,19,967,0.676785367783435,0.116566389754692,0.557395379665691,HOXD8
Hsapiens-jaspar2024-ETV2::FOXI1-MA1942.2,19,970,0.674402974163163,0.11669900468713,0.557395379665691,ETV2::FOXI1
Hsapiens-SwissRegulon-SMARCC2.SwissRegulon,19,970,0.674402974163163,0.11669900468713,0.557395379665691,SMARCC2
Hsapiens-jaspar2016-YY2-MA0748.1,10,594,0.584897161629733,0.116698722678959,0.557395379665691,YY2
Hsapiens-jaspar2018-YY2-MA0748.1,10,594,0.584897161629733,0.116698722678959,0.557395379665691,YY2
Hsapiens-jolma2013-YY2,10,594,0.584897161629733,0.116698722678959,0.557395379665691,YY2
Hsapiens-jaspar2022-SP3-MA0746.2,89,2783,1.2445128671647,0.117199076924878,0.5582652458877,SP3
Hsapiens-hPDI-U2AF1,55,2369,0.777172910724853,0.117591242874638,0.559776286189084,U2AF1
Hsapiens-SwissRegulon-NFKB1.SwissRegulon,23,587,1.45142953411744,0.117969260797824,0.561218094840092,NFKB1
Hsapiens-SwissRegulon-EVX2.SwissRegulon,9,190,1.727572207569,0.118057677692095,0.561281218766554,EVX2
Hsapiens-HOCOMOCOv13-ZN433.H13CORE.0.P.C,14,322,1.59623696838026,0.1185395232537,0.5613169558751,ZN433
Hsapiens-jaspar2024-FOXF2-MA0030.2,23,591,1.44082588029126,0.119173736393411,0.5613169558751,FOXF2
Hsapiens-HOCOMOCOv10-PKNX2_HUMAN.H10MO.D,35,966,1.35485861259746,0.11827808218628,0.5613169558751,PKNX2
Hsapiens-jaspar2016-PHOX2A-MA0713.1,16,836,0.661802593515282,0.119346551177733,0.5613169558751,PHOX2A
Hsapiens-jaspar2018-PHOX2A-MA0713.1,16,836,0.661802593515282,0.119346551177733,0.5613169558751,PHOX2A
Hsapiens-jaspar2022-PHOX2A-MA0713.1,16,836,0.661802593515282,0.119346551177733,0.5613169558751,PHOX2A
Hsapiens-jaspar2024-PHOX2A-MA0713.1,16,836,0.661802593515282,0.119346551177733,0.5613169558751,PHOX2A
Hsapiens-jolma2013-PHOX2A,16,836,0.661802593515282,0.119346551177733,0.5613169558751,PHOX2A
Hsapiens-SwissRegulon-PHOX2A.SwissRegulon,16,836,0.661802593515282,0.119346551177733,0.5613169558751,PHOX2A
Hsapiens-SwissRegulon-NR4A1.SwissRegulon,16,844,0.654794003489333,0.119512319779919,0.5613169558751,NR4A1
Hsapiens-HOCOMOCOv10-COE1_HUMAN.H10MO.A,13,715,0.630217015952069,0.119681055929793,0.5613169558751,COE1
Hsapiens-jolma2013-SOX2-2,8,493,0.566188434072725,0.11939056002197,0.5613169558751,SOX2
Hsapiens-jaspar2022-DMRTC2-MA1479.1,8,494,0.564966550166988,0.119355579185312,0.5613169558751,DMRTC2
Hsapiens-cisbp_1.02-M6518_1.02,8,501,0.556549904750097,0.119718558134829,0.5613169558751,TFEB
Hsapiens-SwissRegulon-TFEB.SwissRegulon,8,501,0.556549904750097,0.119718558134829,0.5613169558751,TFEB
Hsapiens-HOCOMOCOv10-HXA1_HUMAN.H10MO.C,6,407,0.515431914149958,0.119397814969613,0.5613169558751,HXA1
Hsapiens-HOCOMOCOv11-core-C-HXA1_HUMAN.H11MO.0.C,6,407,0.515431914149958,0.119397814969613,0.5613169558751,HXA1
Hsapiens-jaspar2016-CREB3-MA0638.1,6,409,0.512775404882132,0.119573707489856,0.5613169558751,CREB3
Hsapiens-jaspar2018-CREB3-MA0638.1,6,409,0.512775404882132,0.119573707489856,0.5613169558751,CREB3
Hsapiens-jaspar2022-CREB3-MA0638.1,6,409,0.512775404882132,0.119573707489856,0.5613169558751,CREB3
Hsapiens-jolma2013-CREB3-2,6,409,0.512775404882132,0.119573707489856,0.5613169558751,CREB3
Hsapiens-SwissRegulon-CREB3.SwissRegulon,6,409,0.512775404882132,0.119573707489856,0.5613169558751,CREB3
Hsapiens-HOCOMOCOv11-core-C-Z324A_HUMAN.H11MO.0.C,59,1760,1.2748514729737,0.120001669011598,0.56165467414537,Z324A
Hsapiens-HOCOMOCOv11-secondary-D-DLX6_HUMAN.H11MO.0.D,16,848,0.651339294204957,0.119916048710663,0.56165467414537,DLX6
Hsapiens-HOCOMOCOv10-NF2L2_HUMAN.H10MO.D,8,503,0.554188164948738,0.120016181541841,0.56165467414537,NF2L2
Hsapiens-HOCOMOCOv11-core-B-MAFF_HUMAN.H11MO.0.B,13,723,0.622556043199277,0.120544658345042,0.563774610631883,MAFF
Hsapiens-SwissRegulon-PPARG.SwissRegulon,20,498,1.48326187101057,0.121727985192713,0.566717319367662,PPARG
Hsapiens-JASPAR_CORE-RREB1-MA0073.1,46,1330,1.30264490002697,0.121722584953202,0.566717319367662,RREB1
Hsapiens-JASPAR_2014-RREB1-MA0073.1,46,1330,1.30264490002697,0.121722584953202,0.566717319367662,RREB1
Hsapiens-jaspar2016-RREB1-MA0073.1,46,1330,1.30264490002697,0.121722584953202,0.566717319367662,RREB1
Hsapiens-jaspar2018-RREB1-MA0073.1,46,1330,1.30264490002697,0.121722584953202,0.566717319367662,RREB1
Hsapiens-jaspar2022-RREB1-MA0073.1,46,1330,1.30264490002697,0.121722584953202,0.566717319367662,RREB1
Hsapiens-jaspar2022-KLF7-MA1959.1,95,2987,1.24508221536027,0.122236122841251,0.566717319367662,KLF7
Hsapiens-HOCOMOCOv11-core-A-SPI1_HUMAN.H11MO.0.A,48,2103,0.768200095689581,0.121915503688006,0.566717319367662,SPI1
Hsapiens-jaspar2016-POU3F3-MA0788.1,24,1166,0.706197803995133,0.1221823961343,0.566717319367662,POU3F3
Hsapiens-jaspar2018-POU3F3-MA0788.1,24,1166,0.706197803995133,0.1221823961343,0.566717319367662,POU3F3
Hsapiens-jaspar2022-POU3F3-MA0788.1,24,1166,0.706197803995133,0.1221823961343,0.566717319367662,POU3F3
Hsapiens-jaspar2024-POU3F3-MA0788.1,24,1166,0.706197803995133,0.1221823961343,0.566717319367662,POU3F3
Hsapiens-jolma2013-POU3F3,24,1166,0.706197803995133,0.1221823961343,0.566717319367662,POU3F3
Hsapiens-hPDI-CNOT6,6,418,0.501135651252395,0.12164311768037,0.566717319367662,CNOT6
Hsapiens-HOCOMOCOv13-MYC.H13CORE.0.P.B,14,328,1.56580837876521,0.12255563359783,0.567846170807811,MYC
Hsapiens-HOCOMOCOv13-MUSC.H13CORE.0.SM.B,11,250,1.60743533464001,0.122808603873113,0.56831317368543,MUSC
Hsapiens-HOCOMOCOv11-core-A-ZBT7A_HUMAN.H11MO.0.A,17,410,1.52675057226844,0.122791081852939,0.56831317368543,ZBT7A
Hsapiens-SwissRegulon-MAFB.SwissRegulon,9,193,1.70006572284845,0.122886408360745,0.568321104672695,MAFB
Hsapiens-cisbp_1.02-M5589_1.02,14,330,1.55591133496461,0.124133656537878,0.569996636326248,JDP2
Hsapiens-jaspar2016-JDP2-MA0655.1,14,330,1.55591133496461,0.124133656537878,0.569996636326248,JDP2
Hsapiens-jaspar2018-JDP2-MA0655.1,14,330,1.55591133496461,0.124133656537878,0.569996636326248,JDP2
Hsapiens-jaspar2022-JDP2-MA0655.1,14,330,1.55591133496461,0.124133656537878,0.569996636326248,JDP2
Hsapiens-jaspar2024-JDP2-MA0655.1,14,330,1.55591133496461,0.124133656537878,0.569996636326248,JDP2
Hsapiens-jolma2013-JDP2-3,14,330,1.55591133496461,0.124133656537878,0.569996636326248,JDP2
Hsapiens-HOCOMOCOv13-NFIC.H13CORE.0.PSM.A,17,413,1.51506366985904,0.12416448350553,0.569996636326248,NFIC
Hsapiens-HOCOMOCOv10-STAT1_HUMAN.H10MO.A,36,998,1.34993274896626,0.123445286529878,0.569996636326248,STAT1
Hsapiens-jaspar2022-KLF9-MA1107.2,69,2103,1.25578617004141,0.123637009990887,0.569996636326248,KLF9
Hsapiens-HOCOMOCOv11-core-B-SALL4_HUMAN.H11MO.0.B,69,2106,1.25335657644873,0.124117414070133,0.569996636326248,SALL4
Hsapiens-HOCOMOCOv13-NFAC2.H13CORE.0.P.B,29,1356,0.731709422702032,0.123674361484917,0.569996636326248,NFAC2
Hsapiens-SwissRegulon-MEOX2.SwissRegulon,3,266,0.396209123715226,0.123962193251344,0.569996636326248,MEOX2
Hsapiens-jolma2013-ZNF75A,31,851,1.35558560796625,0.124342754212577,0.57046439263743,ZNF75A
Hsapiens-cisbp_1.02-M4590_1.02,17,414,1.51120451454201,0.124671988773297,0.570768691345743,FOS
Hsapiens-HOCOMOCOv13-HXD9.H13CORE.0.SM.B,3,269,0.391637892416851,0.124867591599805,0.570768691345743,HXD9
Hsapiens-jaspar2016-TP73-MA0861.1,3,269,0.391637892416851,0.124867591599805,0.570768691345743,TP73
Hsapiens-jaspar2018-TP73-MA0861.1,3,269,0.391637892416851,0.124867591599805,0.570768691345743,TP73
Hsapiens-jaspar2022-TP73-MA0861.1,3,269,0.391637892416851,0.124867591599805,0.570768691345743,TP73
Hsapiens-jolma2013-Trp73,3,269,0.391637892416851,0.124867591599805,0.570768691345743,Trp73
Hsapiens-HOCOMOCOv13-SP140L.H13CORE.0.PSGIB.A,3,270,0.390136721509645,0.125247974283468,0.572157259891878,SP140L
Hsapiens-cisbp_1.02-M2291_1.02,17,416,1.50354187846921,0.125761040736741,0.572400495589713,JUNB
Hsapiens-JASPAR_2014-JUNB-MA0490.1,17,416,1.50354187846921,0.125761040736741,0.572400495589713,JUNB
Hsapiens-jaspar2016-JUNB-MA0490.1,17,416,1.50354187846921,0.125761040736741,0.572400495589713,JUNB
Hsapiens-jaspar2018-JUNB-MA0490.1,17,416,1.50354187846921,0.125761040736741,0.572400495589713,JUNB
Hsapiens-HOCOMOCOv13-ZSCA4.H13CORE.0.SM.B,23,605,1.4048172245593,0.125600828624256,0.572400495589713,ZSCA4
Hsapiens-jolma2013-HOXD12-3,3,271,0.3886466288054,0.125667330163567,0.572400495589713,HOXD12
Hsapiens-HOCOMOCOv10-TAL1_HUMAN.H10MO.A,3,272,0.387167492124023,0.126125465951725,0.573709564673225,TAL1
Hsapiens-jaspar2024-OVOL1-MA1544.2,7,142,1.79209320115588,0.12638603514558,0.574235061949935,OVOL1
Hsapiens-HOCOMOCOv13-RARB.H13CORE.0.SM.B,11,621,0.616058040366856,0.126548522154183,0.574235061949935,RARB
Hsapiens-hPDI-XG,11,621,0.616058040366856,0.126548522154183,0.574235061949935,XG
Hsapiens-HOCOMOCOv13-SRBP1.H13CORE.0.P.B,11,623,0.613912450321252,0.126548252500951,0.574235061949935,SRBP1
Hsapiens-SwissRegulon-MAFK.SwissRegulon,11,627,0.609662312920985,0.126763995618155,0.574863559970858,MAFK
Hsapiens-SwissRegulon-TCF7L2.SwissRegulon,11,629,0.607557504601753,0.1269794817529,0.575491352677435,TCF7L2
Hsapiens-jaspar2022-POU2F1::SOX2-MA1962.1,17,886,0.662039854278738,0.12720740199303,0.575825506355113,POU2F1::SOX2
Hsapiens-jaspar2024-POU2F1::SOX2-MA1962.1,17,886,0.662039854278738,0.12720740199303,0.575825506355113,POU2F1::SOX2
Hsapiens-jolma2013-FOXJ3-3,25,1210,0.707856391120558,0.127507660251428,0.576835078387592,FOXJ3
Hsapiens-HOCOMOCOv10-CUX1_HUMAN.H10MO.C,6,106,2.05765730368305,0.12865619541672,0.578291453283313,CUX1
Hsapiens-HOCOMOCOv11-core-C-CUX1_HUMAN.H11MO.0.C,6,106,2.05765730368305,0.12865619541672,0.578291453283313,CUX1
Hsapiens-HOCOMOCOv13-LHX6.H13CORE.2.M.C,9,196,1.67340073304372,0.128107025780056,0.578291453283313,LHX6
Hsapiens-cisbp_1.02-M5659_1.02,12,268,1.63973855524124,0.128990970835453,0.578291453283313,NFE2
Hsapiens-jaspar2016-NFE2-MA0841.1,12,268,1.63973855524124,0.128990970835453,0.578291453283313,NFE2
Hsapiens-jaspar2018-NFE2-MA0841.1,12,268,1.63973855524124,0.128990970835453,0.578291453283313,NFE2
Hsapiens-jaspar2022-NFE2-MA0841.1,12,268,1.63973855524124,0.128990970835453,0.578291453283313,NFE2
Hsapiens-jolma2013-NFE2,12,268,1.63973855524124,0.128990970835453,0.578291453283313,NFE2
Hsapiens-SwissRegulon-RAD21.SwissRegulon,32,877,1.35998245542004,0.128325116278741,0.578291453283313,RAD21
Hsapiens-hPDI-BRUNOL4,51,2210,0.775881606559616,0.127916016033781,0.578291453283313,CELF4
Hsapiens-HOCOMOCOv11-secondary-D-PROP1_HUMAN.H11MO.0.D,21,1044,0.692042320343397,0.12853226579013,0.578291453283313,PROP1
Hsapiens-UniPROBE-Sox4.UP00401,14,745,0.651784477491498,0.128261185175155,0.578291453283313,Sox4
Hsapiens-jaspar2022-ETV5::FOXI1-MA1946.1,14,748,0.648900667753289,0.128167515096843,0.578291453283313,ETV5::FOXI1
Hsapiens-HOCOMOCOv13-ZN564.H13CORE.0.P.C,14,749,0.647944531082282,0.128167068598627,0.578291453283313,ZN564
Hsapiens-jaspar2024-ONECUT3-MA0757.2,14,757,0.640386371488751,0.128714260603279,0.578291453283313,ONECUT3
Hsapiens-HOCOMOCOv10-ZN423_HUMAN.H10MO.D,14,336,1.52692701699082,0.129570408668802,0.579151036712916,ZN423
Hsapiens-HOCOMOCOv11-secondary-D-ZN423_HUMAN.H11MO.0.D,14,336,1.52692701699082,0.129570408668802,0.579151036712916,ZN423
Hsapiens-HOCOMOCOv10-ZN740_HUMAN.H10MO.D,28,748,1.39132484538007,0.129549852027196,0.579151036712916,ZN740
Hsapiens-HOCOMOCOv11-secondary-D-ZN740_HUMAN.H11MO.0.D,28,748,1.39132484538007,0.129549852027196,0.579151036712916,ZN740
Hsapiens-jaspar2022-KLF2-MA1515.1,85,2646,1.24573644051846,0.129503421007858,0.579151036712916,KLF2
Hsapiens-HOCOMOCOv11-core-C-ZN449_HUMAN.H11MO.0.C,32,883,1.34959883155798,0.129910048349987,0.57997498572986,ZN449
Hsapiens-hPDI-WISP2,52,2247,0.777609128697913,0.129835670095151,0.57997498572986,WISP2
Hsapiens-HOCOMOCOv11-core-A-FOSB_HUMAN.H11MO.0.A,20,515,1.43104207086363,0.130126502431783,0.580594293108116,FOSB
Hsapiens-HOCOMOCOv13-HSFY1.H13CORE.2.M.B,12,271,1.62095551352301,0.131162923159321,0.58166882186434,HSFY1
Hsapiens-jaspar2016-HOXB3-MA0903.1,12,271,1.62095551352301,0.131162923159321,0.58166882186434,HOXB3
Hsapiens-jaspar2018-HOXB3-MA0903.1,12,271,1.62095551352301,0.131162923159321,0.58166882186434,HOXB3
Hsapiens-jaspar2022-HOXB3-MA0903.1,12,271,1.62095551352301,0.131162923159321,0.58166882186434,HOXB3
Hsapiens-jolma2013-HOXB3,12,271,1.62095551352301,0.131162923159321,0.58166882186434,HOXB3
Hsapiens-jaspar2024-FOS::JUNB-MA1134.2,14,337,1.52219662926441,0.130577530012468,0.58166882186434,FOS::JUNB
Hsapiens-jaspar2018-FOSL1::JUN-MA1128.1,17,424,1.47361437933032,0.131091431616679,0.58166882186434,FOSL1::JUN
Hsapiens-jaspar2022-FOSL1::JUN-MA1128.1,17,424,1.47361437933032,0.131091431616679,0.58166882186434,FOSL1::JUN
Hsapiens-HOCOMOCOv13-ZN540.H13CORE.0.P.C,32,887,1.3427544417461,0.131223987795075,0.58166882186434,ZN540
Hsapiens-hPDI-LOC653972,2,205,0.343886642798264,0.131117978939025,0.58166882186434,CBX3
Hsapiens-HOCOMOCOv13-HXB6.H13CORE.0.SM.B,2,206,0.342173235047542,0.131088491701009,0.58166882186434,HXB6
Hsapiens-HOCOMOCOv13-SPIB.H13CORE.2.SM.B,31,1440,0.734790290200414,0.131487037884727,0.582489137580681,SPIB
Hsapiens-JASPAR_CORE-RXRA::VDR-MA0074.1,12,273,1.60866271057074,0.13279608210918,0.58310049222426,RXRA::VDR
Hsapiens-JASPAR_2014-RXRA::VDR-MA0074.1,12,273,1.60866271057074,0.13279608210918,0.58310049222426,RXRA::VDR
Hsapiens-jaspar2016-RXRA::VDR-MA0074.1,12,273,1.60866271057074,0.13279608210918,0.58310049222426,RXRA::VDR
Hsapiens-jaspar2018-RXRA::VDR-MA0074.1,12,273,1.60866271057074,0.13279608210918,0.58310049222426,RXRA::VDR
Hsapiens-jaspar2022-RXRA::VDR-MA0074.1,12,273,1.60866271057074,0.13279608210918,0.58310049222426,RXRA::VDR
Hsapiens-jaspar2024-RXRA::VDR-MA0074.1,12,273,1.60866271057074,0.13279608210918,0.58310049222426,RXRA::VDR
Hsapiens-SwissRegulon-VDR.SwissRegulon,12,273,1.60866271057074,0.13279608210918,0.58310049222426,VDR
Hsapiens-HOCOMOCOv10-NR0B1_HUMAN.H10MO.D,37,1049,1.31739463180631,0.132642265428014,0.58310049222426,NR0B1
Hsapiens-HOCOMOCOv11-secondary-D-NR0B1_HUMAN.H11MO.0.D,37,1049,1.31739463180631,0.132642265428014,0.58310049222426,NR0B1
Hsapiens-HOCOMOCOv10-BARX1_HUMAN.H10MO.D,26,1231,0.725039149866673,0.131804251248454,0.58310049222426,BARX1
Hsapiens-HOCOMOCOv13-JUNB.H13CORE.1.S.C,9,530,0.592318613004311,0.132196466114829,0.58310049222426,JUNB
Hsapiens-cisbp_1.02-M4681_1.02,9,531,0.591123431627047,0.132166500736339,0.58310049222426,BACH1
Hsapiens-SwissRegulon-SOX18.SwissRegulon,9,532,0.589932741920084,0.132157873750678,0.58310049222426,SOX18
Hsapiens-jaspar2024-ZNF282-MA1154.2,9,533,0.588746518605108,0.132170540447199,0.58310049222426,ZNF282
Hsapiens-jolma2013-IRX5,2,214,0.329042422444524,0.132722698248167,0.58310049222426,IRX5
Hsapiens-HOCOMOCOv13-EGR2.H13CORE.0.PSM.A,37,1051,1.31450759723766,0.133292396157552,0.584592429184236,EGR2
Hsapiens-jolma2013-RARG-6,9,542,0.578267417818517,0.133235048317265,0.584592429184236,RARG
Hsapiens-HOCOMOCOv13-HME1.H13CORE.0.PSM.A,12,274,1.60258357379725,0.133667590650385,0.585441301129952,HME1
Hsapiens-jolma2013-HOXD8,28,762,1.36311613722673,0.133877860801976,0.585441301129952,HOXD8
Hsapiens-HOCOMOCOv13-MYOG.H13CORE.0.PSM.A,5,353,0.496482105789653,0.133838070606537,0.585441301129952,MYOG
Hsapiens-HOCOMOCOv10-OTX1_HUMAN.H10MO.D,5,353,0.496482105789653,0.133838070606537,0.585441301129952,OTX1
Hsapiens-HOCOMOCOv11-secondary-D-OTX1_HUMAN.H11MO.0.D,5,353,0.496482105789653,0.133838070606537,0.585441301129952,OTX1
Hsapiens-HOCOMOCOv13-ITF2.H13CORE.0.S.B,21,534,1.45261977981716,0.134251372286045,0.586045294917866,ITF2
Hsapiens-HOCOMOCOv13-ZFP42.H13CORE.0.PM.A,22,1080,0.700666798443418,0.134178592583603,0.586045294917866,ZFP42
Hsapiens-HOCOMOCOv13-MAFG.H13CORE.1.PSM.A,5,356,0.49210389966046,0.134156731242638,0.586045294917866,MAFG
Hsapiens-SwissRegulon-HOXA9.SwissRegulon,5,358,0.489225856296994,0.134525266531856,0.586897906382263,HOXA9
Hsapiens-HOCOMOCOv13-MYCN.H13CORE.0.PS.A,17,429,1.45547659674178,0.135199442448138,0.587515734555059,MYCN
Hsapiens-HOCOMOCOv13-ZN333.H13CORE.0.P.C,33,912,1.34909606156822,0.134914189673362,0.587515734555059,ZN333
Hsapiens-jaspar2024-HIF1A-MA1106.2,38,1072,1.32673428672442,0.135121399430649,0.587515734555059,HIF1A
Hsapiens-hPDI-ZBTB25,55,2354,0.78422061179521,0.135286066213484,0.587515734555059,ZBTB25
Hsapiens-jaspar2018-TFE3-MA0831.2,7,442,0.553712579439717,0.135296165943861,0.587515734555059,TFE3
Hsapiens-jaspar2024-MLXIPL-MA0664.2,7,442,0.553712579439717,0.135296165943861,0.587515734555059,MLXIPL
Hsapiens-jaspar2024-TFEC-MA0871.3,7,442,0.553712579439717,0.135296165943861,0.587515734555059,TFEC
Hsapiens-hPDI-MAGOH,5,360,0.486379787499309,0.135017630221737,0.587515734555059,MAGOH
Hsapiens-jolma2013-FOXC1,55,2345,0.788492600786801,0.135501416629461,0.588065125395379,FOXC1
Hsapiens-jaspar2022-NFIB-MA1643.1,21,538,1.44104522317085,0.13559724153548,0.588139254952671,NFIB
Hsapiens-HOCOMOCOv13-HXD12.H13CORE.0.SM.B,1,161,0.21918362149719,0.135711316509569,0.588292410336607,HXD12
Hsapiens-HOCOMOCOv13-HNF6.H13CORE.2.S.B,4,69,2.09784354904949,0.136078854173967,0.588708416371037,HNF6
Hsapiens-HOCOMOCOv13-TEAD1.H13CORE.0.PSM.A,21,539,1.43817842691381,0.13598478561653,0.588708416371037,TEAD1
Hsapiens-HOCOMOCOv11-core-B-REL_HUMAN.H11MO.0.B,28,767,1.35329111445576,0.136122564610093,0.588708416371037,REL
Hsapiens-hPDI-HIP2,57,1704,1.26804638932366,0.13592651440756,0.588708416371037,UBE2K
Hsapiens-SwissRegulon-RORC.SwissRegulon,7,451,0.542011797273759,0.136403293844984,0.589581135259366,RORC
Hsapiens-jaspar2024-NFYC-MA1644.2,15,790,0.65761481987952,0.136670337566145,0.590393725437555,NFYC
Hsapiens-HOCOMOCOv11-core-B-SOX10_HUMAN.H11MO.0.B,12,656,0.636180235606915,0.136792532602497,0.5904721961841,SOX10
Hsapiens-HOCOMOCOv13-FIZ1.H13CORE.0.PSGI.A,7,453,0.539474749549555,0.136925671949506,0.5904721961841,FIZ1
Hsapiens-jaspar2022-MEIS1-MA1639.1,7,453,0.539474749549555,0.136925671949506,0.5904721961841,MEIS1
Hsapiens-HOCOMOCOv10-RFX2_HUMAN.H10MO.C,38,1081,1.31397113136915,0.137041470646437,0.59063055063949,RFX2
Hsapiens-HOCOMOCOv10-ERR3_HUMAN.H10MO.B,7,454,0.538214606284821,0.137224096600171,0.59073589481653,ERR3
Hsapiens-HOCOMOCOv11-core-B-ERR3_HUMAN.H11MO.0.B,7,454,0.538214606284821,0.137224096600171,0.59073589481653,ERR3
Hsapiens-HOCOMOCOv13-ETV1.H13CORE.1.PM.A,39,1737,0.763413978667206,0.13765590720203,0.592253439453896,ETV1
Hsapiens-HOCOMOCOv13-ZN578.H13CORE.0.P.C,21,543,1.42681683141544,0.137737543929328,0.592263509273545,ZN578
Hsapiens-jolma2013-GRHL1,1,164,0.215091506777699,0.137921609576548,0.592372916576905,GRHL1
Hsapiens-SwissRegulon-GRHL1.SwissRegulon,1,164,0.215091506777699,0.137921609576548,0.592372916576905,GRHL1
Hsapiens-hPDI-SMAD4,15,358,1.53842218382669,0.138206636961524,0.593255960612427,SMAD4
Hsapiens-HOCOMOCOv11-secondary-D-BARX1_HUMAN.H11MO.0.D,23,1113,0.710940477249226,0.139535749013814,0.597644408904237,BARX1
Hsapiens-jaspar2018-IRF3-MA1418.1,23,1115,0.709458090816356,0.139629065944289,0.597644408904237,IRF3
Hsapiens-jaspar2022-IRF3-MA1418.1,23,1115,0.709458090816356,0.139629065944289,0.597644408904237,IRF3
Hsapiens-jolma2013-IRF3,23,1115,0.709458090816356,0.139629065944289,0.597644408904237,IRF3
Hsapiens-SwissRegulon-IRF3.SwissRegulon,23,1115,0.709458090816356,0.139629065944289,0.597644408904237,IRF3
Hsapiens-SwissRegulon-SOX12.SwissRegulon,19,953,0.68810151754118,0.14020587796452,0.599769589070446,SOX12
Hsapiens-hPDI-SOD1,203,7001,1.46194113356127,0.140720186776424,0.601510506741562,SOD1
Hsapiens-HOCOMOCOv10-HEY2_HUMAN.H10MO.D,34,945,1.34226043570635,0.141015517111323,0.601510506741562,HEY2
Hsapiens-HOCOMOCOv10-STAT3_HUMAN.H10MO.A,34,945,1.34226043570635,0.141015517111323,0.601510506741562,STAT3
Hsapiens-HOCOMOCOv11-secondary-D-HEY2_HUMAN.H11MO.0.D,34,945,1.34226043570635,0.141015517111323,0.601510506741562,HEY2
Hsapiens-HOCOMOCOv13-ETV6.H13CORE.1.P.B,48,2091,0.774190002329781,0.14088392868708,0.601510506741562,ETV6
Hsapiens-HOCOMOCOv10-THA_HUMAN.H10MO.S,25,669,1.38278183524512,0.141529916406682,0.603015941609529,THA
Hsapiens-HOCOMOCOv11-secondary-D-THA_HUMAN.H11MO.1.D,25,669,1.38278183524512,0.141529916406682,0.603015941609529,THA
Hsapiens-HOCOMOCOv11-secondary-D-HAND1_HUMAN.H11MO.1.D,68,2086,1.24317447825791,0.142500188595341,0.606458067588948,HAND1
Hsapiens-hPDI-PIR,68,2086,1.24317447825791,0.142500188595341,0.606458067588948,PIR
Hsapiens-HOCOMOCOv13-ZN563.H13CORE.0.P.C,45,1311,1.28917752490858,0.142715602502272,0.607028949367579,ZN563
Hsapiens-JASPAR_CORE-HIF1A::ARNT-MA0259.1,6,114,1.9113637070731,0.143501835154666,0.609678729675882,HIF1A::ARNT
Hsapiens-SwissRegulon-ARNT.SwissRegulon,6,114,1.9113637070731,0.143501835154666,0.609678729675882,ARNT
Hsapiens-HOCOMOCOv13-HES7.H13CORE.0.S.B,10,221,1.65144765735679,0.144309718829252,0.60970866838078,HES7
Hsapiens-SwissRegulon-JDP2.SwissRegulon,15,368,1.4946578049355,0.144862335898847,0.60970866838078,JDP2
Hsapiens-jaspar2024-FOSL1::JUN-MA1128.2,18,459,1.44166540877008,0.145304783735144,0.60970866838078,FOSL1::JUN
Hsapiens-jaspar2024-ZNF263-MA0528.3,81,2524,1.23695257049647,0.143923084508049,0.60970866838078,ZNF263
Hsapiens-JASPAR_CORE-FOXI1-MA0042.1,29,1346,0.738261103491346,0.145209137083111,0.60970866838078,FOXI1
Hsapiens-JASPAR_2014-FOXI1-MA0042.1,29,1346,0.738261103491346,0.145209137083111,0.60970866838078,FOXI1
Hsapiens-jaspar2016-FOXI1-MA0042.1,29,1346,0.738261103491346,0.145209137083111,0.60970866838078,FOXI1
Hsapiens-jaspar2018-FOXI1-MA0042.1,29,1346,0.738261103491346,0.145209137083111,0.60970866838078,FOXI1
Hsapiens-SwissRegulon-FOXI1.SwissRegulon,29,1346,0.738261103491346,0.145209137083111,0.60970866838078,FOXI1
Hsapiens-HOCOMOCOv10-EHF_HUMAN.H10MO.S,24,1152,0.716252024285566,0.145074435170456,0.60970866838078,EHF
Hsapiens-SwissRegulon-EHF.SwissRegulon,24,1154,0.7148007717519,0.145228601453579,0.60970866838078,EHF
Hsapiens-SwissRegulon-POU2F1.SwissRegulon,16,821,0.675311816846791,0.144553088504852,0.60970866838078,POU2F1
Hsapiens-UniPROBE-Oct_1.UP00399,16,821,0.675311816846791,0.144553088504852,0.60970866838078,Oct-1
Hsapiens-hPDI-SOX14,16,823,0.673482137104162,0.144572328223472,0.60970866838078,SOX14
Hsapiens-jolma2013-SRY-2,10,569,0.612673229518038,0.144492079279591,0.60970866838078,SRY
Hsapiens-HOCOMOCOv13-PO4F1.H13CORE.0.S.B,10,570,0.611515425909909,0.144511257165659,0.60970866838078,PO4F1
Hsapiens-HOCOMOCOv10-SOX18_HUMAN.H10MO.D,10,570,0.611515425909909,0.144511257165659,0.60970866838078,SOX18
Hsapiens-HOCOMOCOv11-secondary-D-SOX18_HUMAN.H11MO.0.D,10,570,0.611515425909909,0.144511257165659,0.60970866838078,SOX18
Hsapiens-HOCOMOCOv13-ZN274.H13CORE.1.P.B,10,571,0.61036167598256,0.144551160870474,0.60970866838078,ZN274
Hsapiens-jaspar2024-MAFF-MA0495.4,10,572,0.609211958478421,0.144611746496008,0.60970866838078,MAFF
Hsapiens-HOCOMOCOv10-RXRG_HUMAN.H10MO.B,10,574,0.60692453645002,0.144794784119931,0.60970866838078,RXRG
Hsapiens-HOCOMOCOv11-core-B-RXRG_HUMAN.H11MO.0.B,10,574,0.60692453645002,0.144794784119931,0.60970866838078,RXRG
Hsapiens-jaspar2016-NKX3-2-MA0122.2,15,369,1.49041169662537,0.14568646929446,0.609939595941883,NKX3-2
Hsapiens-jaspar2018-NKX3-2-MA0122.2,15,369,1.49041169662537,0.14568646929446,0.609939595941883,NKX3-2
Hsapiens-jaspar2022-HAND2-MA1638.1,15,369,1.49041169662537,0.14568646929446,0.609939595941883,HAND2
Hsapiens-jolma2013-NKX3-2,15,369,1.49041169662537,0.14568646929446,0.609939595941883,NKX3-2
Hsapiens-HOCOMOCOv13-ONEC2.H13CORE.2.S.B,4,71,2.03813655950514,0.145977091194513,0.610105457288935,ONEC2
Hsapiens-JASPAR_2014-NRF1-MA0506.1,35,1573,0.759874881249628,0.146134511057692,0.610105457288935,NRF1
Hsapiens-jaspar2016-NRF1-MA0506.1,35,1573,0.759874881249628,0.146134511057692,0.610105457288935,NRF1
Hsapiens-jaspar2018-NRF1-MA0506.1,35,1573,0.759874881249628,0.146134511057692,0.610105457288935,NRF1
Hsapiens-HOCOMOCOv11-secondary-D-DMRT1_HUMAN.H11MO.0.D,10,581,0.599042524916519,0.146080085444381,0.610105457288935,DMRT1
Hsapiens-jaspar2024-ZNF768-MA1731.2,20,986,0.700226328974751,0.146588989305395,0.611300774131593,ZNF768
Hsapiens-jolma2013-ZNF713,13,695,0.650140998705033,0.14659191457982,0.611300774131593,ZNF713
Hsapiens-HOCOMOCOv13-DLX4.H13CORE.1.S.C,13,698,0.647079618567128,0.146666352556408,0.611300774131593,DLX4
Hsapiens-cisbp_1.02-M4558_1.02,15,371,1.48198816722706,0.147419429494943,0.614096887282614,MYC
Hsapiens-jaspar2016-GSX2-MA0893.1,18,463,1.42845091866146,0.148272930536159,0.615934659718893,GSX2
Hsapiens-jaspar2018-GSX2-MA0893.1,18,463,1.42845091866146,0.148272930536159,0.615934659718893,GSX2
Hsapiens-jolma2013-GSX2,18,463,1.42845091866146,0.148272930536159,0.615934659718893,GSX2
Hsapiens-jolma2013-ZNF232,18,463,1.42845091866146,0.148272930536159,0.615934659718893,ZNF232
Hsapiens-SwissRegulon-ZNF232.SwissRegulon,18,463,1.42845091866146,0.148272930536159,0.615934659718893,ZNF232
Hsapiens-HOCOMOCOv10-STAT4_HUMAN.H10MO.D,35,986,1.32358570261642,0.148434742817786,0.616264087885518,STAT4
Hsapiens-jolma2013-NFIL3,18,464,1.42518289610518,0.149072601091763,0.618225018075724,NFIL3
Hsapiens-SwissRegulon-NFIL3.SwissRegulon,18,464,1.42518289610518,0.149072601091763,0.618225018075724,NFIL3
Hsapiens-jaspar2024-RORC-MA1151.2,15,373,1.47365499126371,0.149264359946746,0.618305210255095,RORC
Hsapiens-HOCOMOCOv10-CTCF_HUMAN.H10MO.A,40,1159,1.28943380760179,0.149503085001861,0.618305210255095,CTCF
Hsapiens-jaspar2024-FOXE1-MA1487.3,36,1612,0.762094018698738,0.149486017171104,0.618305210255095,FOXE1
Hsapiens-SwissRegulon-ERG.SwissRegulon,30,1379,0.745584932673649,0.149505852151654,0.618305210255095,ERG
Hsapiens-jaspar2024-HES1-MA1099.3,4,301,0.466854604004888,0.14943639817692,0.618305210255095,HES1
Hsapiens-jaspar2016-CENPB-MA0637.1,10,226,1.6138707377377,0.150486604511367,0.6187564997867,CENPB
Hsapiens-jaspar2018-CENPB-MA0637.1,10,226,1.6138707377377,0.150486604511367,0.6187564997867,CENPB
Hsapiens-jolma2013-CENPB,10,226,1.6138707377377,0.150486604511367,0.6187564997867,CENPB
Hsapiens-SwissRegulon-CENPB.SwissRegulon,10,226,1.6138707377377,0.150486604511367,0.6187564997867,CENPB
Hsapiens-HOCOMOCOv10-HXC13_HUMAN.H10MO.D,8,476,0.587745746298453,0.150609093133247,0.6187564997867,HXC13
Hsapiens-HOCOMOCOv11-secondary-D-HXC13_HUMAN.H11MO.0.D,8,476,0.587745746298453,0.150609093133247,0.6187564997867,HXC13
Hsapiens-HOCOMOCOv13-PKNX1.H13CORE.2.SM.B,8,478,0.585130026372649,0.150535279116672,0.6187564997867,PKNX1
Hsapiens-hPDI-TFAP2A,8,478,0.585130026372649,0.150535279116672,0.6187564997867,TFAP2A
Hsapiens-jolma2013-HOMEZ,8,480,0.582536098500635,0.150560886572211,0.6187564997867,HOMEZ
Hsapiens-SwissRegulon-HOMEZ.SwissRegulon,8,480,0.582536098500635,0.150560886572211,0.6187564997867,HOMEZ
Hsapiens-HOCOMOCOv13-ZN669.H13CORE.1.P.C,4,303,0.463652132830727,0.149776037018254,0.6187564997867,ZN669
Hsapiens-SwissRegulon-DLX4.SwissRegulon,4,304,0.462066697985468,0.15000295981294,0.6187564997867,DLX4
Hsapiens-SwissRegulon-DMC1.SwissRegulon,26,705,1.36485152608207,0.151099012728342,0.619066662681288,DMC1
Hsapiens-hPDI-TGIF1,86,2704,1.22887088340281,0.1510481883477,0.619066662681288,TGIF1
Hsapiens-jaspar2024-JUNB-MA1140.3,8,483,0.578685474685341,0.150784610200929,0.619066662681288,JUNB
Hsapiens-HOCOMOCOv11-core-A-NFE2_HUMAN.H11MO.0.A,8,484,0.577412538442652,0.150908340514532,0.619066662681288,NFE2
Hsapiens-HOCOMOCOv13-ANDR.H13CORE.0.P.B,8,485,0.576144850055529,0.151056536820199,0.619066662681288,ANDR
Hsapiens-HOCOMOCOv11-core-C-ZBT48_HUMAN.H11MO.0.C,22,584,1.38905521716172,0.152143013499391,0.619864278571476,ZBT48
Hsapiens-HOCOMOCOv13-EGR4.H13CORE.0.S.B,35,999,1.30392963703679,0.152308392412883,0.619864278571476,EGR4
Hsapiens-jaspar2022-ZNF682-MA1599.1,41,1186,1.29355965280556,0.152279093390198,0.619864278571476,ZNF682
Hsapiens-HOCOMOCOv13-KLF11.H13CORE.0.P.B,115,3728,1.21974577635322,0.152398824706593,0.619864278571476,KLF11
Hsapiens-cisbp_1.02-M6231_1.02,17,855,0.689047795459353,0.15243806527717,0.619864278571476,FOS
Hsapiens-SwissRegulon-FOS.SwissRegulon,17,855,0.689047795459353,0.15243806527717,0.619864278571476,FOS
Hsapiens-jolma2013-SOX21-2,8,488,0.572372949449253,0.151647228575496,0.619864278571476,SOX21
Hsapiens-HOCOMOCOv11-core-B-CRX_HUMAN.H11MO.0.B,8,489,0.571125931225239,0.151892590326618,0.619864278571476,CRX
Hsapiens-HOCOMOCOv10-PO4F2_HUMAN.H10MO.D,8,490,0.569884001536942,0.152162063410932,0.619864278571476,PO4F2
Hsapiens-HOCOMOCOv11-secondary-D-PO4F2_HUMAN.H11MO.0.D,8,490,0.569884001536942,0.152162063410932,0.619864278571476,PO4F2
Hsapiens-jaspar2018-NFIC-MA0161.2,8,491,0.568647129296902,0.152455573669273,0.619864278571476,NFIC
Hsapiens-jaspar2022-NFIC-MA0161.2,8,491,0.568647129296902,0.152455573669273,0.619864278571476,NFIC
Hsapiens-jaspar2024-BACH2-MA1470.2,4,310,0.452768877426478,0.152152875188252,0.619864278571476,BACH2
Hsapiens-SwissRegulon-LHX4.SwissRegulon,4,310,0.452768877426478,0.152152875188252,0.619864278571476,LHX4
Hsapiens-HOCOMOCOv11-core-A-LYL1_HUMAN.H11MO.0.A,41,1189,1.28972491725238,0.152974509718739,0.619963979249648,LYL1
Hsapiens-hPDI-SMAP1L,155,5170,1.24800695779246,0.153225562262265,0.619963979249648,SMAP2
Hsapiens-hPDI-TRIM21,155,5170,1.24800695779246,0.153225562262265,0.619963979249648,TRIM21
Hsapiens-jaspar2024-KLF17-MA1514.2,21,1019,0.711582021805088,0.152934981604604,0.619963979249648,KLF17
Hsapiens-jaspar2024-HOXB1-MA2093.1,6,387,0.543506924651666,0.153227139603006,0.619963979249648,HOXB1
Hsapiens-jaspar2024-HOXA3-MA2119.1,6,387,0.543506924651666,0.153227139603006,0.619963979249648,HOXA3
Hsapiens-jaspar2024-LHX5-MA1519.2,6,387,0.543506924651666,0.153227139603006,0.619963979249648,LHX5
Hsapiens-jaspar2024-MEOX1-MA0661.2,6,387,0.543506924651666,0.153227139603006,0.619963979249648,MEOX1
Hsapiens-jaspar2024-MEOX2-MA0706.2,6,387,0.543506924651666,0.153227139603006,0.619963979249648,MEOX2
Hsapiens-jaspar2022-HLF-MA0043.3,6,392,0.536219639054738,0.153421538609824,0.620414440647958,HLF
Hsapiens-cisbp_1.02-M3156_1.02,6,393,0.53478442979296,0.153551102944269,0.620602374399755,NFIL3
Hsapiens-SwissRegulon-GZF1.SwissRegulon,10,230,1.58498490744823,0.156210483079871,0.628155150458064,GZF1
Hsapiens-jolma2013-SPDEF-5,13,307,1.55024402824506,0.155625654820782,0.628155150458064,SPDEF
Hsapiens-SwissRegulon-BPTF.SwissRegulon,38,1686,0.768420627514209,0.156137538707708,0.628155150458064,BPTF
Hsapiens-HOCOMOCOv13-RFX1.H13CORE.1.PSM.A,14,730,0.666559037526885,0.156134504384346,0.628155150458064,RFX1
Hsapiens-HOCOMOCOv11-core-C-ZNF41_HUMAN.H11MO.0.C,14,731,0.665555204278567,0.156117500411957,0.628155150458064,ZNF41
Hsapiens-HOCOMOCOv10-RFX4_HUMAN.H10MO.D,11,606,0.632601153599042,0.156344949083082,0.628155150458064,RFX4
Hsapiens-HOCOMOCOv11-secondary-D-RFX4_HUMAN.H11MO.0.D,11,606,0.632601153599042,0.156344949083082,0.628155150458064,RFX4
Hsapiens-jaspar2018-FOSB::JUN-MA1127.1,11,606,0.632601153599042,0.156344949083082,0.628155150458064,FOSB::JUN
Hsapiens-jaspar2022-FOSB::JUN-MA1127.1,11,606,0.632601153599042,0.156344949083082,0.628155150458064,FOSB::JUN
Hsapiens-jaspar2024-FOSB::JUN-MA1127.1,11,606,0.632601153599042,0.156344949083082,0.628155150458064,FOSB::JUN
Hsapiens-HOCOMOCOv11-secondary-D-TF2LX_HUMAN.H11MO.0.D,6,402,0.522188813177322,0.156053949523815,0.628155150458064,TF2LX
Hsapiens-HOCOMOCOv11-secondary-D-LHX6_HUMAN.H11MO.0.D,11,602,0.637151812276176,0.156437900451975,0.628190687352582,LHX6
Hsapiens-cisbp_1.02-M4607_1.02,16,394,1.4911990067306,0.156932018399192,0.628255551956411,FOS
Hsapiens-HOCOMOCOv10-ZN410_HUMAN.H10MO.D,16,394,1.4911990067306,0.156932018399192,0.628255551956411,ZN410
Hsapiens-HOCOMOCOv11-secondary-D-ZN410_HUMAN.H11MO.0.D,16,394,1.4911990067306,0.156932018399192,0.628255551956411,ZN410
Hsapiens-cisbp_1.02-M2944_1.02,14,741,0.655665877737705,0.156879580664837,0.628255551956411,TFAP4
Hsapiens-HOCOMOCOv13-RFX2.H13CORE.1.PSM.A,11,611,0.626996577067224,0.156683168278921,0.628255551956411,RFX2
Hsapiens-jolma2013-NR2E1-2,11,613,0.624780333555628,0.15695874413585,0.628255551956411,NR2E1
Hsapiens-jolma2013-SOX2-5,19,491,1.42349287896058,0.157248366847538,0.628740927186434,SOX2
Hsapiens-hPDI-TCEAL2,14,743,0.653719954044264,0.157233810493175,0.628740927186434,TCEAL2
Hsapiens-jaspar2024-JUND-MA0491.3,16,395,1.48722797221081,0.157414249889159,0.628817681854381,JUND
Hsapiens-HOCOMOCOv11-core-A-RFX2_HUMAN.H11MO.0.A,14,744,0.652750915140531,0.157435943910523,0.628817681854381,RFX2
Hsapiens-HOCOMOCOv13-NKX25.H13CORE.1.P.B,27,733,1.36490663536569,0.157890076555167,0.629957789418025,NKX25
Hsapiens-hPDI-MGC10433,32,1457,0.751621527351602,0.15787018018359,0.629957789418025,RBM42
Hsapiens-cisbp_1.02-M2947_1.02,11,618,0.61930245062915,0.157995222476947,0.630040745691574,TFAP4
Hsapiens-cisbp_1.02-M4506_1.02,16,397,1.47934593176983,0.158464500848869,0.630565453830688,JUND
Hsapiens-JASPAR_CORE-TP53-MA0106.1,16,397,1.47934593176983,0.158464500848869,0.630565453830688,TP53
Hsapiens-jaspar2016-TP53-MA0106.1,16,397,1.47934593176983,0.158464500848869,0.630565453830688,TP53
Hsapiens-jaspar2018-TP53-MA0106.1,16,397,1.47934593176983,0.158464500848869,0.630565453830688,TP53
Hsapiens-SwissRegulon-BHLHE40.SwissRegulon,13,311,1.52950633150518,0.158655240145002,0.630988279362632,BHLHE40
Hsapiens-cisbp_1.02-M4530_1.02,16,398,1.47543462374361,0.159032273415045,0.631527841056825,FOS
Hsapiens-jaspar2018-TEAD2-MA1121.1,19,494,1.41428174233392,0.15904456674627,0.631527841056825,TEAD2
Hsapiens-jaspar2022-TEAD2-MA1121.1,19,494,1.41428174233392,0.15904456674627,0.631527841056825,TEAD2
Hsapiens-HOCOMOCOv13-SP1.H13CORE.1.SM.B,93,2959,1.21815538831562,0.159547062648895,0.633186509524227,SP1
Hsapiens-jolma2013-RORA,19,496,1.40820288446098,0.160356172555554,0.635047854091958,RORA
Hsapiens-jaspar2024-ETV1-MA0761.3,27,1257,0.738267520743676,0.160311125629146,0.635047854091958,ETV1
Hsapiens-HOCOMOCOv11-secondary-A-ANDR_HUMAN.H11MO.2.A,18,901,0.691220503873663,0.16033198140413,0.635047854091958,ANDR
Hsapiens-jaspar2022-ONECUT1-MA0679.2,18,901,0.691220503873663,0.16033198140413,0.635047854091958,ONECUT1
Hsapiens-jaspar2024-SP9-MA1564.2,78,2433,1.23020408224943,0.160790450176914,0.636430245029874,SP9
Hsapiens-HOCOMOCOv13-ZSCA1.H13CORE.0.SM.B,27,744,1.34268366499896,0.161564074667829,0.639153640727761,ZSCA1
Hsapiens-SwissRegulon-TLX1.SwissRegulon,19,498,1.40217284940922,0.161758238970365,0.639339994024536,TLX1
Hsapiens-jaspar2024-MYB-MA0100.4,33,1489,0.758711687588712,0.161782378994025,0.639339994024536,MYB
Hsapiens-jaspar2016-ESX1-MA0644.1,13,315,1.50929994804914,0.162241215466341,0.639441481900157,ESX1
Hsapiens-jaspar2018-ESX1-MA0644.1,13,315,1.50929994804914,0.162241215466341,0.639441481900157,ESX1
Hsapiens-jolma2013-ESX1-2,13,315,1.50929994804914,0.162241215466341,0.639441481900157,ESX1
Hsapiens-SwissRegulon-ESX1.SwissRegulon,13,315,1.50929994804914,0.162241215466341,0.639441481900157,ESX1
Hsapiens-SwissRegulon-HSF1.SwissRegulon,19,499,1.39917595672525,0.162492961928839,0.639441481900157,HSF1
Hsapiens-HOCOMOCOv13-CEBPG.H13CORE.2.P.B,23,618,1.3728412826293,0.162475969828491,0.639441481900157,CEBPG
Hsapiens-hPDI-FOXP4,23,618,1.3728412826293,0.162475969828491,0.639441481900157,FOXP4
Hsapiens-HOCOMOCOv13-ZBT40.H13CORE.0.P.B,33,1483,0.762487210616386,0.161945951620374,0.639441481900157,ZBT40
Hsapiens-HOCOMOCOv13-DLX2.H13CORE.0.PSM.A,10,234,1.55708622614116,0.162604112070098,0.639541923671177,DLX2
Hsapiens-HOCOMOCOv10-JUNB_HUMAN.H10MO.C,32,900,1.32093024944841,0.162828425883675,0.640087112065879,JUNB
Hsapiens-SwissRegulon-ZNF423.SwissRegulon,19,500,1.39619105046687,0.163250018441973,0.641406832058442,ZNF423
Hsapiens-jaspar2022-ZNF382-MA1594.1,16,405,1.44859637897264,0.16379086141611,0.642855461858604,ZNF382
Hsapiens-jaspar2024-ZNF382-MA1594.1,16,405,1.44859637897264,0.16379086141611,0.642855461858604,ZNF382
Hsapiens-jaspar2024-SOX10-MA0442.3,49,2107,0.786697453881934,0.164162074136657,0.643635974659681,SOX10
Hsapiens-SwissRegulon-SOX10.SwissRegulon,49,2107,0.786697453881934,0.164162074136657,0.643635974659681,SOX10
Hsapiens-HOCOMOCOv13-ZN626.H13CORE.0.P.C,9,516,0.609537399817167,0.165050374681169,0.645536894993271,ZN626
Hsapiens-cisbp_1.02-M6536_1.02,3,245,0.431342129782388,0.165006155737973,0.645536894993271,XBP1
Hsapiens-HOCOMOCOv10-XBP1_HUMAN.H10MO.C,3,245,0.431342129782388,0.165006155737973,0.645536894993271,XBP1
Hsapiens-jaspar2024-ZNF211-MA1974.2,3,246,0.429533120619254,0.165079056023182,0.645536894993271,ZNF211
Hsapiens-SwissRegulon-HOXD12.SwissRegulon,3,246,0.429533120619254,0.165079056023182,0.645536894993271,HOXD12
Hsapiens-HOCOMOCOv10-PO3F1_HUMAN.H10MO.C,9,520,0.604523168879119,0.165321381441245,0.645808262544278,PO3F1
Hsapiens-HOCOMOCOv11-core-C-PO3F1_HUMAN.H11MO.0.C,9,520,0.604523168879119,0.165321381441245,0.645808262544278,PO3F1
Hsapiens-HOCOMOCOv13-OLIG2.H13CORE.2.SM.B,3,249,0.424193269605936,0.165587766587335,0.646510731124309,OLIG2
Hsapiens-jaspar2024-FOSL2::JUND-MA1144.2,13,320,1.48474996510734,0.167485431376982,0.647182752651876,FOSL2::JUND
Hsapiens-HOCOMOCOv13-SRBP2.H13CORE.0.S.B,16,408,1.43737622245511,0.166243081810181,0.647182752651876,SRBP2
Hsapiens-HOCOMOCOv13-HSF4.H13CORE.0.SM.B,16,409,1.43367275058818,0.167114531096866,0.647182752651876,HSF4
Hsapiens-SwissRegulon-MYC.SwissRegulon,16,410,1.42998734542893,0.168012767089569,0.647182752651876,MYC
Hsapiens-HOCOMOCOv11-core-A-JUND_HUMAN.H11MO.0.A,20,519,1.41925223310467,0.167648406754762,0.647182752651876,JUND
Hsapiens-jaspar2024-NFIB-MA1643.2,20,519,1.41925223310467,0.167648406754762,0.647182752651876,NFIB
Hsapiens-HOCOMOCOv13-HIF3A.H13CORE.0.P.C,20,520,1.41633311352827,0.168008838806063,0.647182752651876,HIF3A
Hsapiens-jolma2013-ZNF524,23,625,1.35617434389346,0.166359791163898,0.647182752651876,ZNF524
Hsapiens-HOCOMOCOv13-ZNF41.H13CORE.0.P.C,19,930,0.707431923568071,0.167342768304906,0.647182752651876,ZNF41
Hsapiens-jaspar2022-TCF7-MA0769.2,12,639,0.654630518254053,0.1677748944669,0.647182752651876,TCF7
Hsapiens-HOCOMOCOv13-ZNF696.H13CORE.0.PSG.A,12,640,0.653518091409767,0.167732869292772,0.647182752651876,ZNF696
Hsapiens-cisbp_1.02-M3944_1.02,12,641,0.652409133381644,0.167710594222756,0.647182752651876,SREBF1
Hsapiens-jaspar2024-ETV2-MA0762.2,12,641,0.652409133381644,0.167710594222756,0.647182752651876,ETV2
Hsapiens-HOCOMOCOv11-core-C-ZN329_HUMAN.H11MO.0.C,12,646,0.646915811767058,0.167894166374717,0.647182752651876,ZN329
Hsapiens-HOCOMOCOv11-core-C-ZN260_HUMAN.H11MO.0.C,12,647,0.645827329799747,0.167989597499776,0.647182752651876,ZN260
Hsapiens-hPDI-HNRPC,12,647,0.645827329799747,0.167989597499776,0.647182752651876,HNRNPC
Hsapiens-hPDI-ZNF192,12,647,0.645827329799747,0.167989597499776,0.647182752651876,ZKSCAN8
Hsapiens-HOCOMOCOv13-E2F2.H13CORE.0.S.B,9,524,0.599585466239045,0.165971536035203,0.647182752651876,E2F2
Hsapiens-cisbp_1.02-M5293_1.02,9,525,0.598362793165539,0.166192831080464,0.647182752651876,ATF7
Hsapiens-jaspar2024-CREB3L4-MA1475.2,9,526,0.597144767509539,0.166437493449288,0.647182752651876,CREB3L4
Hsapiens-jaspar2022-LMX1B-MA0703.2,9,529,0.593518311521294,0.167310982622964,0.647182752651876,LMX1B
Hsapiens-HOCOMOCOv10-OLIG2_HUMAN.H10MO.D,3,251,0.420704279502168,0.166165850837796,0.647182752651876,OLIG2
Hsapiens-jaspar2016-HOXD12-MA0873.1,3,253,0.41727044837589,0.166932476946239,0.647182752651876,HOXD12
Hsapiens-jaspar2018-HOXD12-MA0873.1,3,253,0.41727044837589,0.166932476946239,0.647182752651876,HOXD12
Hsapiens-jaspar2022-HOXD12-MA0873.1,3,253,0.41727044837589,0.166932476946239,0.647182752651876,HOXD12
Hsapiens-jolma2013-HOXD12-2,3,253,0.41727044837589,0.166932476946239,0.647182752651876,HOXD12
Hsapiens-HOCOMOCOv13-HXB4.H13CORE.1.PSM.A,3,256,0.412220296940663,0.16843088459351,0.648458905685014,HXB4
Hsapiens-jaspar2022-EHF-MA0598.3,42,1828,0.782613349330838,0.16861823366244,0.648845743031821,EHF
Hsapiens-jaspar2022-MEF2A-MA0052.4,42,1838,0.777087000780772,0.168767138914086,0.649084325720549,MEF2A
Hsapiens-HOCOMOCOv11-secondary-A-PO5F1_HUMAN.H11MO.1.A,12,653,0.639366404884376,0.168969696142019,0.649528904006558,PO5F1
Hsapiens-HOCOMOCOv13-PITX3.H13CORE.1.S.B,20,523,1.40764272861343,0.169227424485168,0.650184996645948,PITX3
Hsapiens-HOCOMOCOv13-ALX4.H13CORE.1.SM.B,13,322,1.47514351375717,0.169814475732706,0.651435192217557,ALX4
Hsapiens-cisbp_1.02-M4465_1.02,20,524,1.40476804493051,0.169679124698823,0.651435192217557,MAX
Hsapiens-HOCOMOCOv13-ZIM3.H13CORE.0.P.B,38,1105,1.28095226041252,0.169730077997849,0.651435192217557,ZIM3
Hsapiens-HOCOMOCOv13-FIGLA.H13CORE.0.SM.B,20,525,1.4019043114563,0.170153445568987,0.652400454288893,FIGLA
Hsapiens-HOCOMOCOv13-GBX2.H13CORE.0.SM.B,11,251,1.60082396884831,0.170340335001847,0.652457446396323,GBX2
Hsapiens-HOCOMOCOv10-MEF2A_HUMAN.H10MO.A,29,1336,0.744910867348493,0.170343020547976,0.652457446396323,MEF2A
Hsapiens-HOCOMOCOv10-TF7L1_HUMAN.H10MO.D,24,647,1.36979980540225,0.17064129140793,0.653264892632408,TF7L1
Hsapiens-JASPAR_CORE-INSM1-MA0155.1,33,940,1.30371720090897,0.171273295029582,0.653674113733239,INSM1
Hsapiens-JASPAR_2014-INSM1-MA0155.1,33,940,1.30371720090897,0.171273295029582,0.653674113733239,INSM1
Hsapiens-jaspar2016-INSM1-MA0155.1,33,940,1.30371720090897,0.171273295029582,0.653674113733239,INSM1
Hsapiens-jaspar2018-INSM1-MA0155.1,33,940,1.30371720090897,0.171273295029582,0.653674113733239,INSM1
Hsapiens-jaspar2022-INSM1-MA0155.1,33,940,1.30371720090897,0.171273295029582,0.653674113733239,INSM1
Hsapiens-jaspar2024-INSM1-MA0155.1,33,940,1.30371720090897,0.171273295029582,0.653674113733239,INSM1
Hsapiens-jaspar2016-EVX1-MA0887.1,8,181,1.60631399244895,0.175080072107185,0.653705623526644,EVX1
Hsapiens-jaspar2018-EVX1-MA0887.1,8,181,1.60631399244895,0.175080072107185,0.653705623526644,EVX1
Hsapiens-jaspar2022-EVX1-MA0887.1,8,181,1.60631399244895,0.175080072107185,0.653705623526644,EVX1
Hsapiens-jolma2013-EVX1,8,181,1.60631399244895,0.175080072107185,0.653705623526644,EVX1
Hsapiens-SwissRegulon-EVX1.SwissRegulon,8,181,1.60631399244895,0.175080072107185,0.653705623526644,EVX1
Hsapiens-jolma2013-TFAP2A-5,17,432,1.44479548121473,0.175570154076108,0.653705623526644,TFAP2A
Hsapiens-jaspar2024-ZNF708-MA1730.2,20,532,1.38215958926819,0.174100152449578,0.653705623526644,ZNF708
Hsapiens-HOCOMOCOv10-FOSL2_HUMAN.H10MO.A,20,534,1.37661330598788,0.175426586692313,0.653705623526644,FOSL2
Hsapiens-SwissRegulon-THRA.SwissRegulon,24,650,1.362919588832,0.171733108559946,0.653705623526644,THRA
Hsapiens-HOCOMOCOv11-secondary-A-NFIC_HUMAN.H11MO.1.A,24,654,1.35384413518858,0.173451175123488,0.653705623526644,NFIC
Hsapiens-HOCOMOCOv11-core-B-ETV4_HUMAN.H11MO.0.B,53,1597,1.24929576770636,0.174497439403552,0.653705623526644,ETV4
Hsapiens-jaspar2024-SP8-MA0747.2,72,2247,1.22011452975812,0.174479305471719,0.653705623526644,SP8
Hsapiens-JASPAR_2014-IRF1-MA0050.2,68,2804,0.811772061103933,0.17548540625265,0.653705623526644,IRF1
Hsapiens-jaspar2016-IRF1-MA0050.2,68,2804,0.811772061103933,0.17548540625265,0.653705623526644,IRF1
Hsapiens-jaspar2018-IRF1-MA0050.2,68,2804,0.811772061103933,0.17548540625265,0.653705623526644,IRF1
Hsapiens-SwissRegulon-ETS1.SwissRegulon,36,1593,0.773490340817078,0.173274086146573,0.653705623526644,ETS1
Hsapiens-HOCOMOCOv13-ETV2.H13CORE.1.PM.A,30,1360,0.758182479190281,0.174576566243896,0.653705623526644,ETV2
Hsapiens-jaspar2018-RBPJ-MA1116.1,20,966,0.716772003398268,0.174477578461296,0.653705623526644,RBPJ
Hsapiens-jaspar2022-RBPJ-MA1116.1,20,966,0.716772003398268,0.174477578461296,0.653705623526644,RBPJ
Hsapiens-HOCOMOCOv10-ELK3_HUMAN.H10MO.D,20,969,0.714246613629813,0.174519442576865,0.653705623526644,ELK3
Hsapiens-HOCOMOCOv11-secondary-D-ELK3_HUMAN.H11MO.0.D,20,969,0.714246613629813,0.174519442576865,0.653705623526644,ELK3
Hsapiens-jolma2013-BARX1,20,972,0.711736811730116,0.174685541664374,0.653705623526644,BARX1
Hsapiens-SwissRegulon-BARX1.SwissRegulon,20,972,0.711736811730116,0.174685541664374,0.653705623526644,BARX1
Hsapiens-jolma2013-DRGX,16,806,0.689323828083414,0.17420546557504,0.653705623526644,DRGX
Hsapiens-SwissRegulon-DRGX.SwissRegulon,16,806,0.689323828083414,0.17420546557504,0.653705623526644,DRGX
Hsapiens-jaspar2016-LEF1-MA0768.1,16,807,0.688373489650691,0.174242902064231,0.653705623526644,LEF1
Hsapiens-jaspar2018-LEF1-MA0768.1,16,807,0.688373489650691,0.174242902064231,0.653705623526644,LEF1
Hsapiens-jolma2013-LEF1,16,807,0.688373489650691,0.174242902064231,0.653705623526644,LEF1
Hsapiens-jaspar2024-ELK1::SREBF2-MA1933.2,16,814,0.681786495367046,0.174956931537337,0.653705623526644,ELK1::SREBF2
Hsapiens-HOCOMOCOv10-PAX3_HUMAN.H10MO.D,7,428,0.572891695419019,0.171597516560554,0.653705623526644,PAX3
Hsapiens-HOCOMOCOv11-secondary-D-PAX3_HUMAN.H11MO.0.D,7,428,0.572891695419019,0.171597516560554,0.653705623526644,PAX3
Hsapiens-jaspar2024-HLF-MA0043.4,7,434,0.564520591014161,0.172622667896701,0.653705623526644,HLF
Hsapiens-HOCOMOCOv13-ZN787.H13CORE.1.S.C,5,333,0.527685894600739,0.173276078503582,0.653705623526644,ZN787
Hsapiens-jaspar2024-ATF6-MA1466.2,5,334,0.526036962284829,0.173228795418619,0.653705623526644,ATF6
Hsapiens-jaspar2024-CREB3L1-MA0839.2,5,334,0.526036962284829,0.173228795418619,0.653705623526644,CREB3L1
Hsapiens-jaspar2022-ZKSCAN1-MA1585.1,5,335,0.524397873209503,0.173218367337854,0.653705623526644,ZKSCAN1
Hsapiens-jaspar2018-GATA3-MA0037.3,5,338,0.519538791833184,0.173406783760565,0.653705623526644,GATA3
Hsapiens-jaspar2016-CREB3L1-MA0839.1,5,340,0.51634703684732,0.173714004390543,0.653705623526644,CREB3L1
Hsapiens-jaspar2018-CREB3L1-MA0839.1,5,340,0.51634703684732,0.173714004390543,0.653705623526644,CREB3L1
Hsapiens-jaspar2022-CREB3L1-MA0839.1,5,340,0.51634703684732,0.173714004390543,0.653705623526644,CREB3L1
Hsapiens-jolma2013-CREB3L1,5,340,0.51634703684732,0.173714004390543,0.653705623526644,CREB3L1
Hsapiens-hPDI-ASPSCR1,5,341,0.514765197719666,0.173921642078597,0.653705623526644,ASPSCR1
Hsapiens-hPDI-ZNF706,5,341,0.514765197719666,0.173921642078597,0.653705623526644,ZNF706
Hsapiens-jaspar2016-POU6F1-MA0628.1,5,345,0.508529531541505,0.175108687644178,0.653705623526644,POU6F1
Hsapiens-jaspar2018-POU6F1-MA0628.1,5,345,0.508529531541505,0.175108687644178,0.653705623526644,POU6F1
Hsapiens-jaspar2022-POU6F1-MA0628.1,5,345,0.508529531541505,0.175108687644178,0.653705623526644,POU6F1
Hsapiens-jolma2013-ERG-2,5,345,0.508529531541505,0.175108687644178,0.653705623526644,ERG
Hsapiens-HOCOMOCOv13-DACH1.H13CORE.0.S.B,5,346,0.506993140107717,0.17549375820057,0.653705623526644,DACH1
Hsapiens-SwissRegulon-T.SwissRegulon,5,346,0.506993140107717,0.17549375820057,0.653705623526644,T
Hsapiens-JASPAR_2014-SRF-MA0083.2,20,535,1.37385571215633,0.176122496810496,0.654457178446565,SRF
Hsapiens-jaspar2016-SRF-MA0083.2,20,535,1.37385571215633,0.176122496810496,0.654457178446565,SRF
Hsapiens-jaspar2018-SRF-MA0083.2,20,535,1.37385571215633,0.176122496810496,0.654457178446565,SRF
Hsapiens-HOCOMOCOv13-ZGLP1.H13CORE.0.SGB.A,0,85,0,0.176031779355784,0.654457178446565,ZGLP1
Hsapiens-cisbp_1.02-M5915_1.02,17,435,1.43426170234663,0.177131103138253,0.657791632264177,TFAP2A
Hsapiens-HOCOMOCOv11-core-A-FOXK1_HUMAN.H11MO.0.A,25,1174,0.733450882395375,0.17719597859359,0.657791632264177,FOXK1
Hsapiens-HOCOMOCOv13-ZNF76.H13CORE.0.P.B,73,2288,1.21427299014889,0.177384620545466,0.658164794264324,ZNF76
Hsapiens-HOCOMOCOv13-ZNF28.H13CORE.0.P.C,46,1371,1.25588012408687,0.177510274575378,0.658303992454565,ZNF28
Hsapiens-jaspar2024-ZNF692-MA1986.2,11,261,1.53749569558915,0.179566070750478,0.659146940333121,ZNF692
Hsapiens-HOCOMOCOv13-NKX28.H13CORE.0.SM.B,14,344,1.48986139004596,0.179159207233169,0.659146940333121,NKX28
Hsapiens-cisbp_1.02-M6268_1.02,17,439,1.42044062475396,0.179590845304311,0.659146940333121,HAND1
Hsapiens-jaspar2016-MEF2D-MA0773.1,31,1405,0.75713478619181,0.179216893064131,0.659146940333121,MEF2D
Hsapiens-jaspar2018-MEF2D-MA0773.1,31,1405,0.75713478619181,0.179216893064131,0.659146940333121,MEF2D
Hsapiens-jaspar2022-MEF2D-MA0773.1,31,1405,0.75713478619181,0.179216893064131,0.659146940333121,MEF2D
Hsapiens-jaspar2024-MEF2D-MA0773.1,31,1405,0.75713478619181,0.179216893064131,0.659146940333121,MEF2D
Hsapiens-jolma2013-MEF2D,31,1405,0.75713478619181,0.179216893064131,0.659146940333121,MEF2D
Hsapiens-SwissRegulon-NKX6-3.SwissRegulon,13,677,0.669081159599146,0.178620583207434,0.659146940333121,NKX6-3
Hsapiens-JASPAR_2014-TCF7L2-MA0523.1,13,678,0.668002238264192,0.178610147331848,0.659146940333121,TCF7L2
Hsapiens-jaspar2016-TCF7L2-MA0523.1,13,678,0.668002238264192,0.178610147331848,0.659146940333121,TCF7L2
Hsapiens-jaspar2018-TCF7L2-MA0523.1,13,678,0.668002238264192,0.178610147331848,0.659146940333121,TCF7L2
Hsapiens-jaspar2022-TCF7L2-MA0523.1,13,678,0.668002238264192,0.178610147331848,0.659146940333121,TCF7L2
Hsapiens-HOCOMOCOv10-HNF4G_HUMAN.H10MO.C,13,683,0.662655433802575,0.178844287839737,0.659146940333121,HNF4G
Hsapiens-HOCOMOCOv13-NR2C1.H13CORE.0.S.C,13,687,0.658435383002915,0.179372917743984,0.659146940333121,NR2C1
Hsapiens-HOCOMOCOv10-NR1H2_HUMAN.H10MO.D,10,553,0.631767329874709,0.178862309648353,0.659146940333121,NR1H2
Hsapiens-HOCOMOCOv11-secondary-D-NR1H2_HUMAN.H11MO.0.D,10,553,0.631767329874709,0.178862309648353,0.659146940333121,NR1H2
Hsapiens-jolma2013-RXRG-3,10,556,0.628103511851299,0.179053882885709,0.659146940333121,RXRG
Hsapiens-HOCOMOCOv10-RORA_HUMAN.H10MO.B,10,558,0.625682844310834,0.17929622701432,0.659146940333121,RORA
Hsapiens-jolma2013-IRX2,2,189,0.373766906242693,0.179507670866393,0.659146940333121,IRX2
Hsapiens-SwissRegulon-IRX2.SwissRegulon,2,189,0.373766906242693,0.179507670866393,0.659146940333121,IRX2
Hsapiens-jolma2013-NFAT5,13,689,0.65634373087044,0.179750117466817,0.659407479056805,NFAT5
Hsapiens-HOCOMOCOv13-ZNF83.H13CORE.0.G.C,72,2946,0.816826479771878,0.180254465685094,0.6606087361148,ZNF83
Hsapiens-jaspar2024-ETV5::FOXO1-MA1947.2,13,691,0.654264185784897,0.18020211385785,0.6606087361148,ETV5::FOXO1
Hsapiens-jaspar2022-TGIF2LY-MA1572.1,2,196,0.360094045340056,0.180481329427667,0.660791690929041,TGIF2LY
Hsapiens-jaspar2024-TGIF2LY-MA1572.1,2,196,0.360094045340056,0.180481329427667,0.660791690929041,TGIF2LY
Hsapiens-HOCOMOCOv11-core-A-GRHL2_HUMAN.H11MO.0.A,17,441,1.4136241070824,0.180980712725882,0.662295415653902,GRHL2
Hsapiens-SwissRegulon-ZNF691.SwissRegulon,14,347,1.47640152527982,0.181239875523621,0.662594532690124,ZNF691
Hsapiens-HOCOMOCOv13-ZFTA.H13CORE.0.PSGIB.A,21,555,1.39371461408729,0.181172048382551,0.662594532690124,ZFTA
Hsapiens-HOCOMOCOv13-ZN669.H13CORE.0.P.B,17,442,1.41023898065386,0.181715203069361,0.664007266010302,ZN669
Hsapiens-HOCOMOCOv13-HXA11.H13CORE.1.SM.B,2,200,0.352710681161797,0.182406512901886,0.666207454701314,HXA11
Hsapiens-cisbp_1.02-M6351_1.02,14,349,1.46755686962335,0.182793179166911,0.666399858947755,MYC
Hsapiens-HOCOMOCOv10-ETV5_HUMAN.H10MO.D,21,559,1.38299633156937,0.182646426154518,0.666399858947755,ETV5
Hsapiens-HOCOMOCOv10-GSX2_HUMAN.H10MO.D,26,1211,0.739202537646896,0.182816081267097,0.666399858947755,GSX2
Hsapiens-HOCOMOCOv11-secondary-D-GSX2_HUMAN.H11MO.0.D,26,1211,0.739202537646896,0.182816081267097,0.666399858947755,GSX2
Hsapiens-HOCOMOCOv11-core-A-PO5F1_HUMAN.H11MO.0.A,17,851,0.692676008130153,0.183610268008986,0.668642170531017,PO5F1
Hsapiens-jaspar2024-IRF2-MA0051.2,17,851,0.692676008130153,0.183610268008986,0.668642170531017,IRF2
Hsapiens-hPDI-RBM8A,56,1698,1.24386608944164,0.18420188271895,0.670469718337154,RBM8A
Hsapiens-HOCOMOCOv10-MYC_HUMAN.H10MO.A,14,351,1.45881302893914,0.184477625218767,0.670819563173793,MYC
Hsapiens-HOCOMOCOv10-FOSL1_HUMAN.H10MO.A,21,563,1.37243032829517,0.184472369024166,0.670819563173793,FOSL1
Hsapiens-HOCOMOCOv13-ZNF510.H13CORE.0.PSG.A,41,1207,1.26711673171399,0.184798099490415,0.671421072793939,ZNF510
Hsapiens-HOCOMOCOv13-KLF9.H13CORE.0.P.B,96,3083,1.20497288902391,0.184822831123891,0.671421072793939,KLF9
Hsapiens-HOCOMOCOv13-ZN549.H13CORE.0.P.B,21,565,1.36720341957402,0.185515651349598,0.672629320354439,ZN549
Hsapiens-HOCOMOCOv10-ZIC4_HUMAN.H10MO.D,21,565,1.36720341957402,0.185515651349598,0.672629320354439,ZIC4
Hsapiens-HOCOMOCOv11-secondary-D-ZIC4_HUMAN.H11MO.0.D,21,565,1.36720341957402,0.185515651349598,0.672629320354439,ZIC4
Hsapiens-HOCOMOCOv13-ZBT22.H13CORE.0.SM.B,2,204,0.345616847923773,0.185287680556096,0.672629320354439,ZBT22
Hsapiens-jolma2013-CREB3L1-5,9,198,1.65607268981846,0.186153493221659,0.674287313711238,CREB3L1
Hsapiens-HOCOMOCOv13-HMX1.H13CORE.0.SM.B,21,566,1.36460381483225,0.186069592615133,0.674287313711238,HMX1
Hsapiens-jaspar2016-POU4F3-MA0791.1,35,1018,1.27610437717314,0.187140576535292,0.676223012163567,POU4F3
Hsapiens-jaspar2018-POU4F3-MA0791.1,35,1018,1.27610437717314,0.187140576535292,0.676223012163567,POU4F3
Hsapiens-jaspar2022-POU4F3-MA0791.1,35,1018,1.27610437717314,0.187140576535292,0.676223012163567,POU4F3
Hsapiens-jolma2013-POU4F3,35,1018,1.27610437717314,0.187140576535292,0.676223012163567,POU4F3
Hsapiens-SwissRegulon-POU4F3.SwissRegulon,35,1018,1.27610437717314,0.187140576535292,0.676223012163567,POU4F3
Hsapiens-jolma2013-POU6F2-3,14,354,1.44588255139081,0.187246700044203,0.676235262254231,POU6F2
Hsapiens-HOCOMOCOv13-KLF6.H13CORE.1.SM.B,48,1447,1.24143935424257,0.187325044531263,0.676235262254231,KLF6
Hsapiens-jaspar2022-SPIB-MA0081.2,49,2087,0.79694792041513,0.18764386545376,0.676849682352939,SPIB
Hsapiens-HOCOMOCOv13-FOXL1.H13CORE.0.S.B,49,2088,0.7964307285809,0.187676488439274,0.676849682352939,FOXL1
Hsapiens-SwissRegulon-NOBOX.SwissRegulon,11,269,1.4902294584748,0.189950092908626,0.677933121598317,NOBOX
Hsapiens-HOCOMOCOv13-ALX3.H13CORE.0.SM.B,11,270,1.48451813668135,0.191426016073509,0.677933121598317,ALX3
Hsapiens-HOCOMOCOv11-core-A-CEBPB_HUMAN.H11MO.0.A,14,357,1.43316942226988,0.19030175922532,0.677933121598317,CEBPB
Hsapiens-jolma2013-DLX3,14,357,1.43316942226988,0.19030175922532,0.677933121598317,DLX3
Hsapiens-jaspar2024-JUN::JUNB-MA1132.2,14,358,1.42897906599311,0.191382690391948,0.677933121598317,JUN::JUNB
Hsapiens-cisbp_1.02-M2278_1.02,18,468,1.41225046295697,0.192242917598773,0.677933121598317,FOS
Hsapiens-HOCOMOCOv13-NFIX.H13CORE.0.SM.B,18,468,1.41225046295697,0.192242917598773,0.677933121598317,NFIX
Hsapiens-JASPAR_2014-FOS-MA0476.1,18,468,1.41225046295697,0.192242917598773,0.677933121598317,FOS
Hsapiens-jaspar2016-FOS-MA0476.1,18,468,1.41225046295697,0.192242917598773,0.677933121598317,FOS
Hsapiens-jaspar2018-FOS-MA0476.1,18,468,1.41225046295697,0.192242917598773,0.677933121598317,FOS
Hsapiens-jaspar2022-FOS-MA0476.1,18,468,1.41225046295697,0.192242917598773,0.677933121598317,FOS
Hsapiens-jaspar2018-SIX1-MA1118.1,17,450,1.38369955436245,0.188523076538952,0.677933121598317,SIX1
Hsapiens-jaspar2022-SIX1-MA1118.1,17,450,1.38369955436245,0.188523076538952,0.677933121598317,SIX1
Hsapiens-HOCOMOCOv10-MCR_HUMAN.H10MO.D,21,572,1.34919702738006,0.189840224493721,0.677933121598317,MCR
Hsapiens-HOCOMOCOv11-secondary-D-MCR_HUMAN.H11MO.0.D,21,572,1.34919702738006,0.189840224493721,0.677933121598317,MCR
Hsapiens-HOCOMOCOv13-ZFP90.H13CORE.0.P.C,26,716,1.3418496085534,0.190767292709049,0.677933121598317,ZFP90
Hsapiens-SwissRegulon-RCOR1.SwissRegulon,100,3229,1.20066207226914,0.188455227906647,0.677933121598317,RCOR1
Hsapiens-jaspar2024-YY2-MA0748.3,22,1047,0.726215209929058,0.188519647667842,0.677933121598317,YY2
Hsapiens-jaspar2024-ETV5::FIGLA-MA1945.2,18,877,0.712549039979783,0.190987827338521,0.677933121598317,ETV5::FIGLA
Hsapiens-hPDI-TCF3,18,884,0.706208594085478,0.191396664857764,0.677933121598317,TCF3
Hsapiens-HOCOMOCOv13-ZN239.H13CORE.0.P.C,18,886,0.704415438633024,0.191652022458335,0.677933121598317,ZN239
Hsapiens-hPDI-NONO,18,887,0.703521893088927,0.191802662460403,0.677933121598317,NONO
Hsapiens-HOCOMOCOv13-ZN615.H13CORE.0.P.C,14,711,0.686168334386017,0.189171599367622,0.677933121598317,ZN615
Hsapiens-jaspar2024-NFYA-MA0060.4,14,715,0.681953461014771,0.189067182962184,0.677933121598317,NFYA
Hsapiens-HOCOMOCOv10-LHX6_HUMAN.H10MO.D,14,716,0.680907100463531,0.189087574853702,0.677933121598317,LHX6
Hsapiens-hPDI-HIRIP3,14,727,0.669587105467507,0.190526984561912,0.677933121598317,HIRIP3
Hsapiens-HOCOMOCOv11-core-A-PRGR_HUMAN.H11MO.0.A,11,587,0.654768860895626,0.19198274709219,0.677933121598317,PRGR
Hsapiens-SwissRegulon-NR1H4.SwissRegulon,11,587,0.654768860895626,0.19198274709219,0.677933121598317,NR1H4
Hsapiens-HOCOMOCOv11-core-B-TFE3_HUMAN.H11MO.0.B,11,592,0.648797365338372,0.192126589019438,0.677933121598317,TFE3
Hsapiens-cisbp_1.02-M6228_1.02,8,468,0.598371098428638,0.189176980889277,0.677933121598317,FOSB
Hsapiens-jaspar2016-ONECUT2-MA0756.1,8,470,0.595665404879484,0.189574832966442,0.677933121598317,ONECUT2
Hsapiens-jaspar2018-ONECUT2-MA0756.1,8,470,0.595665404879484,0.189574832966442,0.677933121598317,ONECUT2
Hsapiens-jolma2013-ONECUT2,8,470,0.595665404879484,0.189574832966442,0.677933121598317,ONECUT2
Hsapiens-cisbp_1.02-M5609_1.02,8,474,0.590383534094739,0.190695102959338,0.677933121598317,MAFK
Hsapiens-jolma2013-MAFK,8,474,0.590383534094739,0.190695102959338,0.677933121598317,MAFK
Hsapiens-HOCOMOCOv13-SKOR2.H13CORE.0.SM.B,8,475,0.589061864292811,0.191042225795737,0.677933121598317,SKOR2
Hsapiens-jaspar2024-ESRRB-MA0141.4,8,475,0.589061864292811,0.191042225795737,0.677933121598317,ESRRB
Hsapiens-jolma2013-MYBL2-2,1,139,0.254589560096515,0.188389862286248,0.677933121598317,MYBL2
Hsapiens-cisbp_1.02-M5693_1.02,1,143,0.247341834859851,0.190042134854315,0.677933121598317,OLIG3
Hsapiens-jaspar2016-OLIG3-MA0827.1,1,143,0.247341834859851,0.190042134854315,0.677933121598317,OLIG3
Hsapiens-jaspar2018-OLIG3-MA0827.1,1,143,0.247341834859851,0.190042134854315,0.677933121598317,OLIG3
Hsapiens-jaspar2022-OLIG3-MA0827.1,1,143,0.247341834859851,0.190042134854315,0.677933121598317,OLIG3
Hsapiens-jaspar2024-OLIG3-MA0827.1,1,143,0.247341834859851,0.190042134854315,0.677933121598317,OLIG3
Hsapiens-jolma2013-OLIG3,1,143,0.247341834859851,0.190042134854315,0.677933121598317,OLIG3
Hsapiens-SwissRegulon-OLIG3.SwissRegulon,1,143,0.247341834859851,0.190042134854315,0.677933121598317,OLIG3
Hsapiens-cisbp_1.02-M5691_1.02,1,146,0.242166653097039,0.192173638691643,0.677933121598317,OLIG2
Hsapiens-jolma2013-OLIG2,1,146,0.242166653097039,0.192173638691643,0.677933121598317,OLIG2
Hsapiens-HOCOMOCOv13-ZNF92.H13CORE.0.P.B,11,595,0.645262617881552,0.19247868660578,0.678444223812444,ZNF92
Hsapiens-HOCOMOCOv13-ATF1.H13CORE.0.P.B,11,598,0.641763318669333,0.193028316165069,0.680060610111746,ATF1
Hsapiens-cisbp_1.02-M1889_1.02,14,360,1.42066819745102,0.193637141724914,0.680280250020405,MAX
Hsapiens-HOCOMOCOv13-CR3L1.H13CORE.0.PSM.A,14,360,1.42066819745102,0.193637141724914,0.680280250020405,CR3L1
Hsapiens-JASPAR_2014-MAX-MA0058.2,14,360,1.42066819745102,0.193637141724914,0.680280250020405,MAX
Hsapiens-jaspar2016-MAX-MA0058.2,14,360,1.42066819745102,0.193637141724914,0.680280250020405,MAX
Hsapiens-jaspar2018-MAX-MA0058.2,14,360,1.42066819745102,0.193637141724914,0.680280250020405,MAX
Hsapiens-HOCOMOCOv10-ERR1_HUMAN.H10MO.D,31,882,1.30224522928058,0.193555054276806,0.680280250020405,ERR1
Hsapiens-jaspar2016-ZBED1-MA0749.1,5,94,1.92768674117579,0.195735284111053,0.681242701316613,ZBED1
Hsapiens-jaspar2018-ZBED1-MA0749.1,5,94,1.92768674117579,0.195735284111053,0.681242701316613,ZBED1
Hsapiens-jaspar2022-ZBED1-MA0749.1,5,94,1.92768674117579,0.195735284111053,0.681242701316613,ZBED1
Hsapiens-jolma2013-ZBED1,5,94,1.92768674117579,0.195735284111053,0.681242701316613,ZBED1
Hsapiens-SwissRegulon-ZBED1.SwissRegulon,5,94,1.92768674117579,0.195735284111053,0.681242701316613,ZBED1
Hsapiens-jaspar2016-GCM1-MA0646.1,9,206,1.5901232277312,0.195092423779641,0.681242701316613,GCM1
Hsapiens-jaspar2018-GCM1-MA0646.1,9,206,1.5901232277312,0.195092423779641,0.681242701316613,GCM1
Hsapiens-jaspar2022-GCM1-MA0646.1,9,206,1.5901232277312,0.195092423779641,0.681242701316613,GCM1
Hsapiens-jolma2013-GCM1-3,9,206,1.5901232277312,0.195092423779641,0.681242701316613,GCM1
Hsapiens-SwissRegulon-CREB3L2.SwissRegulon,11,272,1.47322152046658,0.194492548224052,0.681242701316613,CREB3L2
Hsapiens-jaspar2024-FOSL1::JUNB-MA1137.2,14,361,1.41654729748525,0.194810229290322,0.681242701316613,FOSL1::JUNB
Hsapiens-HOCOMOCOv13-VEZF1.H13CORE.0.P.C,115,3758,1.20143196497757,0.195349397107849,0.681242701316613,VEZF1
Hsapiens-HOCOMOCOv13-FLI1.H13CORE.1.P.B,83,2646,1.19893805787833,0.194871722222771,0.681242701316613,FLI1
Hsapiens-SwissRegulon-ZBTB16.SwissRegulon,65,2673,0.818774456625044,0.194486550063044,0.681242701316613,ZBTB16
Hsapiens-jolma2013-FOXO4,6,371,0.568145991491562,0.19538346793503,0.681242701316613,FOXO4
Hsapiens-HOCOMOCOv13-IRF4.H13CORE.1.S.B,6,372,0.566543964955951,0.195376895305778,0.681242701316613,IRF4
Hsapiens-jaspar2016-GATA5-MA0766.1,6,374,0.563365608959647,0.195467192754384,0.681242701316613,GATA5
Hsapiens-jaspar2018-GATA5-MA0766.1,6,374,0.563365608959647,0.195467192754384,0.681242701316613,GATA5
Hsapiens-jolma2013-GATA5,6,374,0.563365608959647,0.195467192754384,0.681242701316613,GATA5
Hsapiens-HOCOMOCOv13-CDX2.H13CORE.1.M.C,1,149,0.237199861571943,0.195040604785409,0.681242701316613,CDX2
Hsapiens-hPDI-NNT,119,3903,1.20060091348421,0.195969430346255,0.681422567623918,NNT
Hsapiens-HOCOMOCOv13-ZN362.H13CORE.0.P.C,98,3876,0.832549799426884,0.195887730675767,0.681422567623918,ZN362
Hsapiens-HOCOMOCOv13-FOXC1.H13CORE.0.S.B,43,1283,1.24994878748564,0.196287201547651,0.681903070933258,FOXC1
Hsapiens-SwissRegulon-ZIC2.SwissRegulon,6,379,0.55556645475644,0.196290213215491,0.681903070933258,ZIC2
Hsapiens-SwissRegulon-HOXC8.SwissRegulon,6,380,0.554031249097896,0.196556107986553,0.682509330800355,HOXC8
Hsapiens-jaspar2024-CREB3-MA0638.2,6,381,0.552504101036677,0.196855432086944,0.683115337117846,CREB3
Hsapiens-HOCOMOCOv13-NRL.H13CORE.1.SM.B,6,382,0.550984947298926,0.197188037236596,0.683115337117846,NRL
Hsapiens-jaspar2022-SOX18-MA1563.2,6,383,0.549473725271532,0.197553772683699,0.683115337117846,SOX18
Hsapiens-jaspar2024-SOX18-MA1563.2,6,383,0.549473725271532,0.197553772683699,0.683115337117846,SOX18
Hsapiens-jaspar2016-HOXC12-MA0906.1,4,291,0.483527222847346,0.197443618362531,0.683115337117846,HOXC12
Hsapiens-jaspar2018-HOXC12-MA0906.1,4,291,0.483527222847346,0.197443618362531,0.683115337117846,HOXC12
Hsapiens-jaspar2022-HOXC12-MA0906.1,4,291,0.483527222847346,0.197443618362531,0.683115337117846,HOXC12
Hsapiens-jolma2013-HOXC12-2,4,291,0.483527222847346,0.197443618362531,0.683115337117846,HOXC12
Hsapiens-SwissRegulon-HOXC12.SwissRegulon,4,291,0.483527222847346,0.197443618362531,0.683115337117846,HOXC12
Hsapiens-HOCOMOCOv11-core-A-SIX2_HUMAN.H11MO.0.A,22,600,1.34908849988441,0.197651768346228,0.683137925857463,SIX2
Hsapiens-HOCOMOCOv13-VAX1.H13CORE.0.SM.B,9,208,1.57442812897141,0.19786607901808,0.683441066277925,VAX1
Hsapiens-HOCOMOCOv13-FOSB.H13CORE.2.M.C,6,384,0.547970372993537,0.197952485231139,0.683441066277925,FOSB
Hsapiens-HOCOMOCOv13-ZN211.H13CORE.0.P.B,4,293,0.480101659586294,0.198380001565208,0.683441066277925,ZN211
Hsapiens-jaspar2016-HMBOX1-MA0895.1,4,293,0.480101659586294,0.198380001565208,0.683441066277925,HMBOX1
Hsapiens-jaspar2018-HMBOX1-MA0895.1,4,293,0.480101659586294,0.198380001565208,0.683441066277925,HMBOX1
Hsapiens-jaspar2022-HMBOX1-MA0895.1,4,293,0.480101659586294,0.198380001565208,0.683441066277925,HMBOX1
Hsapiens-SwissRegulon-HMBOX1.SwissRegulon,4,293,0.480101659586294,0.198380001565208,0.683441066277925,HMBOX1
Hsapiens-jaspar2018-FOSL1::JUNB-MA1137.1,15,377,1.45725393838131,0.198848216771009,0.683605855449478,FOSL1::JUNB
Hsapiens-jaspar2022-FOSL1::JUNB-MA1137.1,15,377,1.45725393838131,0.198848216771009,0.683605855449478,FOSL1::JUNB
Hsapiens-cisbp_1.02-M5663_1.02,18,479,1.37779989860478,0.198648434253998,0.683605855449478,NFIL3
Hsapiens-HOCOMOCOv13-NFAC3.H13CORE.0.SM.B,22,603,1.34183081369152,0.199225648809481,0.683605855449478,NFAC3
Hsapiens-HOCOMOCOv10-AP2D_HUMAN.H10MO.D,44,1308,1.25689404210304,0.198946055330729,0.683605855449478,AP2D
Hsapiens-HOCOMOCOv11-secondary-D-AP2D_HUMAN.H11MO.0.D,44,1308,1.25689404210304,0.198946055330729,0.683605855449478,AP2D
Hsapiens-jaspar2018-SOX15-MA1152.1,15,753,0.693485230071888,0.199133108592674,0.683605855449478,SOX15
Hsapiens-jaspar2022-SOX15-MA1152.1,15,753,0.693485230071888,0.199133108592674,0.683605855449478,SOX15
Hsapiens-SwissRegulon-RBPJ.SwissRegulon,15,755,0.691456411211407,0.199251566115078,0.683605855449478,RBPJ
Hsapiens-HOCOMOCOv10-STAT6_HUMAN.H10MO.C,15,760,0.686431076682733,0.19986051482687,0.685380250340631,STAT6
Hsapiens-hPDI-STAU2,15,761,0.685433933480265,0.200035638128651,0.685665984939374,STAU2
Hsapiens-HOCOMOCOv13-ZN410.H13CORE.0.SM.B,15,380,1.44517977797573,0.200435174743805,0.686720330349302,ZN410
Hsapiens-cisbp_1.02-M4646_1.02,18,482,1.36867715766109,0.200927952014107,0.688093018612271,MAX
Hsapiens-HOCOMOCOv11-core-B-ATF2_HUMAN.H11MO.0.B,27,754,1.32304351017367,0.201175776972599,0.688625975347543,ATF2
Hsapiens-HOCOMOCOv13-ZBT7A.H13CORE.1.SM.B,27,755,1.3211081023973,0.201456418682551,0.689270724296826,ZBT7A
Hsapiens-cisbp_1.02-M6441_1.02,22,607,1.33226546711908,0.201612889254649,0.689490233444586,PTF1A
Hsapiens-HOCOMOCOv11-secondary-A-RXRA_HUMAN.H11MO.1.A,27,756,1.31917781343596,0.201754497700412,0.689658738363558,RXRA
Hsapiens-HOCOMOCOv10-EGR2_HUMAN.H10MO.C,61,1893,1.21409940598469,0.202270195661244,0.691105256813279,EGR2
Hsapiens-JASPAR_CORE-YY1-MA0095.1,45,1928,0.795310038378229,0.202836092480403,0.691772956500515,YY1
Hsapiens-jaspar2016-YY1-MA0095.1,45,1928,0.795310038378229,0.202836092480403,0.691772956500515,YY1
Hsapiens-jaspar2018-YY1-MA0095.1,45,1928,0.795310038378229,0.202836092480403,0.691772956500515,YY1
Hsapiens-SwissRegulon-YY1.SwissRegulon,45,1928,0.795310038378229,0.202836092480403,0.691772956500515,YY1
Hsapiens-hPDI-IRF1,56,2330,0.815027353408807,0.203526425189579,0.693810529320386,IRF1
Hsapiens-jaspar2016-MYBL1-MA0776.1,5,98,1.84814247888737,0.205474774666015,0.694525801391781,MYBL1
Hsapiens-jaspar2018-MYBL1-MA0776.1,5,98,1.84814247888737,0.205474774666015,0.694525801391781,MYBL1
Hsapiens-jaspar2022-MYBL1-MA0776.1,5,98,1.84814247888737,0.205474774666015,0.694525801391781,MYBL1
Hsapiens-jaspar2024-MYBL1-MA0776.1,5,98,1.84814247888737,0.205474774666015,0.694525801391781,MYBL1
Hsapiens-jolma2013-MYBL1-2,5,98,1.84814247888737,0.205474774666015,0.694525801391781,MYBL1
Hsapiens-cisbp_1.02-M5614_1.02,12,294,1.48969015742508,0.204659500423711,0.694525801391781,MAX
Hsapiens-HOCOMOCOv13-NPAS2.H13CORE.2.S.B,12,294,1.48969015742508,0.204659500423711,0.694525801391781,NPAS2
Hsapiens-jaspar2016-MAX-MA0058.3,12,294,1.48969015742508,0.204659500423711,0.694525801391781,MAX
Hsapiens-jaspar2018-MAX-MA0058.3,12,294,1.48969015742508,0.204659500423711,0.694525801391781,MAX
Hsapiens-jaspar2022-MAX-MA0058.3,12,294,1.48969015742508,0.204659500423711,0.694525801391781,MAX
Hsapiens-jolma2013-MAX-2,12,294,1.48969015742508,0.204659500423711,0.694525801391781,MAX
Hsapiens-HOCOMOCOv13-TEAD1.H13CORE.2.S.C,22,611,1.32282533030537,0.204325349335169,0.694525801391781,TEAD1
Hsapiens-HOCOMOCOv13-DUX4.H13CORE.0.P.B,12,630,0.664801181575154,0.204755373089341,0.694525801391781,DUX4
Hsapiens-jolma2013-MEOX2-3,12,634,0.660245259101302,0.205385724817543,0.694525801391781,MEOX2
Hsapiens-HOCOMOCOv10-ATF1_HUMAN.H10MO.B,12,635,0.659115241495155,0.205596003062957,0.694525801391781,ATF1
Hsapiens-HOCOMOCOv13-ZNF772.H13CORE.0.PG.A,9,496,0.635821272146539,0.20484407426547,0.694525801391781,ZNF772
Hsapiens-HOCOMOCOv13-ZNF471.H13CORE.0.PSG.A,9,497,0.634456853951516,0.204795257865537,0.694525801391781,ZNF471
Hsapiens-SwissRegulon-HOXC6.SwissRegulon,9,498,0.633097913616036,0.204773067059327,0.694525801391781,HOXC6
Hsapiens-SwissRegulon-POU4F2.SwissRegulon,9,503,0.626384236505029,0.205058985086025,0.694525801391781,POU4F2
Hsapiens-jaspar2024-ZNF317-MA1593.2,9,506,0.622419697135018,0.205545289172094,0.694525801391781,ZNF317
Hsapiens-jaspar2024-POU6F1-MA1549.2,12,296,1.47924066794242,0.206500670273848,0.695901118326447,POU6F1
Hsapiens-cisbp_1.02-M6330_1.02,38,1127,1.25192009142204,0.206482950283408,0.695901118326447,MAFA
Hsapiens-SwissRegulon-MAFA.SwissRegulon,38,1127,1.25192009142204,0.206482950283408,0.695901118326447,MAFA
Hsapiens-HOCOMOCOv11-secondary-D-ALX4_HUMAN.H11MO.0.D,20,947,0.733137678472271,0.206655332768518,0.695901118326447,ALX4
Hsapiens-HOCOMOCOv10-NR2E3_HUMAN.H10MO.C,20,949,0.731384118063009,0.206621833635051,0.695901118326447,NR2E3
Hsapiens-HOCOMOCOv11-core-C-NR2E3_HUMAN.H11MO.0.C,20,949,0.731384118063009,0.206621833635051,0.695901118326447,NR2E3
Hsapiens-HOCOMOCOv13-NFAT5.H13CORE.0.SM.B,9,510,0.617206175211044,0.20655631959845,0.695901118326447,NFAT5
Hsapiens-HOCOMOCOv13-GTF2IRD2.H13CORE.0.PS.A,27,769,1.2945407813297,0.207194862504547,0.695992873152493,GTF2IRD2
Hsapiens-HOCOMOCOv10-FUBP1_HUMAN.H10MO.D,38,1648,0.790897355698893,0.207475548167061,0.695992873152493,FUBP1
Hsapiens-HOCOMOCOv11-secondary-D-FUBP1_HUMAN.H11MO.0.D,38,1648,0.790897355698893,0.207475548167061,0.695992873152493,FUBP1
Hsapiens-HOCOMOCOv10-FOXF1_HUMAN.H10MO.D,38,1654,0.787279719512708,0.207449361199331,0.695992873152493,FOXF1
Hsapiens-HOCOMOCOv11-secondary-D-FOXF1_HUMAN.H11MO.0.D,38,1654,0.787279719512708,0.207449361199331,0.695992873152493,FOXF1
Hsapiens-HOCOMOCOv10-FOXC1_HUMAN.H10MO.C,25,1157,0.746090808461679,0.207521238252859,0.695992873152493,FOXC1
Hsapiens-HOCOMOCOv11-core-C-FOXC1_HUMAN.H11MO.0.C,25,1157,0.746090808461679,0.207521238252859,0.695992873152493,FOXC1
Hsapiens-jaspar2024-FOXO1::ELK1-MA1954.2,20,955,0.726167502468365,0.206876407561566,0.695992873152493,FOXO1::ELK1
Hsapiens-HOCOMOCOv13-TFEC.H13CORE.1.SM.B,9,512,0.614629952445796,0.207215663541628,0.695992873152493,TFEC
Hsapiens-HOCOMOCOv10-BHE23_HUMAN.H10MO.D,15,390,1.40627425665963,0.207779078178857,0.69623236200892,BHE23
Hsapiens-HOCOMOCOv11-secondary-D-BHE23_HUMAN.H11MO.0.D,15,390,1.40627425665963,0.207779078178857,0.69623236200892,BHE23
Hsapiens-jaspar2022-ONECUT2-MA0756.2,5,99,1.82927157241011,0.208158270229114,0.697190188493834,ONECUT2
Hsapiens-jaspar2022-KLF14-MA0740.2,94,3038,1.18951765624414,0.208420996220405,0.69744463296156,KLF14
Hsapiens-jaspar2024-KLF14-MA0740.2,94,3038,1.18951765624414,0.208420996220405,0.69744463296156,KLF14
Hsapiens-jolma2013-MSX1,16,789,0.705848125569064,0.208730748672886,0.698168366250688,MSX1
Hsapiens-jaspar2022-OVOL2-MA1545.1,7,153,1.66096427500674,0.209560780610119,0.700630917805272,OVOL2
Hsapiens-HOCOMOCOv13-SETBP1.H13CORE.0.B.B,33,957,1.27746096934711,0.209814983769354,0.701166941285596,SETBP1
Hsapiens-jaspar2024-OSR2-MA1646.2,19,509,1.36985461103736,0.21031807151166,0.702533844418869,OSR2
Hsapiens-HOCOMOCOv11-core-C-KLF9_HUMAN.H11MO.0.C,96,3110,1.18790140708194,0.210424960669357,0.702576679141453,KLF9
Hsapiens-hPDI-MORG1,15,393,1.39498868763373,0.210579816856786,0.702779558580578,WDR83
Hsapiens-jaspar2024-PGR-MA2327.1,9,217,1.50737935513167,0.212837841281574,0.702975345751846,PGR
Hsapiens-JASPAR_CORE-MYC::MAX-MA0059.1,12,301,1.45372464229921,0.211785269106432,0.702975345751846,MYC::MAX
Hsapiens-JASPAR_2014-MYC::MAX-MA0059.1,12,301,1.45372464229921,0.211785269106432,0.702975345751846,MYC::MAX
Hsapiens-jaspar2016-MAX::MYC-MA0059.1,12,301,1.45372464229921,0.211785269106432,0.702975345751846,MAX::MYC
Hsapiens-jaspar2018-MAX::MYC-MA0059.1,12,301,1.45372464229921,0.211785269106432,0.702975345751846,MAX::MYC
Hsapiens-jaspar2022-MAX::MYC-MA0059.1,12,301,1.45372464229921,0.211785269106432,0.702975345751846,MAX::MYC
Hsapiens-jaspar2016-ZNF740-MA0753.1,15,395,1.38756020564709,0.212595483685093,0.702975345751846,ZNF740
Hsapiens-jaspar2018-ZNF740-MA0753.1,15,395,1.38756020564709,0.212595483685093,0.702975345751846,ZNF740
Hsapiens-jolma2013-ZNF740,15,395,1.38756020564709,0.212595483685093,0.702975345751846,ZNF740
Hsapiens-SwissRegulon-ZNF740.SwissRegulon,15,395,1.38756020564709,0.212595483685093,0.702975345751846,ZNF740
Hsapiens-JASPAR_CORE-ESR1-MA0112.2,23,641,1.3194451130431,0.212327149868888,0.702975345751846,ESR1
Hsapiens-JASPAR_2014-ESR1-MA0112.2,23,641,1.3194451130431,0.212327149868888,0.702975345751846,ESR1
Hsapiens-jaspar2016-ESR1-MA0112.2,23,641,1.3194451130431,0.212327149868888,0.702975345751846,ESR1
Hsapiens-jaspar2018-ESR1-MA0112.2,23,641,1.3194451130431,0.212327149868888,0.702975345751846,ESR1
Hsapiens-HOCOMOCOv10-ZBTB4_HUMAN.H10MO.S,28,798,1.29512339209458,0.213273816236937,0.702975345751846,ZBTB4
Hsapiens-HOCOMOCOv11-secondary-D-ZBTB4_HUMAN.H11MO.1.D,28,798,1.29512339209458,0.213273816236937,0.702975345751846,ZBTB4
Hsapiens-jaspar2022-ZNF680-MA1729.1,33,961,1.27141800137678,0.211145404528482,0.702975345751846,ZNF680
Hsapiens-SwissRegulon-PRDM1.SwissRegulon,46,1394,1.23085042339729,0.211701993097801,0.702975345751846,PRDM1
Hsapiens-jaspar2024-ZNF257-MA1710.2,55,1684,1.22717454532057,0.211783858623367,0.702975345751846,ZNF257
Hsapiens-hPDI-STUB1,123,4741,0.843329802854662,0.213119240805061,0.702975345751846,STUB1
Hsapiens-JASPAR_2014-YY1-MA0095.2,26,1187,0.756828608059503,0.2129035695689,0.702975345751846,YY1
Hsapiens-jaspar2016-YY1-MA0095.2,26,1187,0.756828608059503,0.2129035695689,0.702975345751846,YY1
Hsapiens-jaspar2018-YY1-MA0095.2,26,1187,0.756828608059503,0.2129035695689,0.702975345751846,YY1
Hsapiens-jaspar2016-FOXB1-MA0845.1,26,1190,0.754586469032358,0.213092157835388,0.702975345751846,FOXB1
Hsapiens-jaspar2018-FOXB1-MA0845.1,26,1190,0.754586469032358,0.213092157835388,0.702975345751846,FOXB1
Hsapiens-jaspar2022-FOXB1-MA0845.1,26,1190,0.754586469032358,0.213092157835388,0.702975345751846,FOXB1
Hsapiens-jaspar2024-FOXB1-MA0845.1,26,1190,0.754586469032358,0.213092157835388,0.702975345751846,FOXB1
Hsapiens-jolma2013-FOXB1-3,26,1190,0.754586469032358,0.213092157835388,0.702975345751846,FOXB1
Hsapiens-jolma2013-RUNX3,15,396,1.38387410025559,0.213647280079971,0.703585332855955,RUNX3
Hsapiens-HOCOMOCOv11-core-A-STAT4_HUMAN.H11MO.0.A,33,967,1.26244418832355,0.213564763918325,0.703585332855955,STAT4
Hsapiens-HOCOMOCOv10-HMX1_HUMAN.H10MO.D,21,986,0.738891542836785,0.214029563699047,0.70422326487585,HMX1
Hsapiens-HOCOMOCOv11-secondary-D-HMX1_HUMAN.H11MO.0.D,21,986,0.738891542836785,0.214029563699047,0.70422326487585,HMX1
Hsapiens-jaspar2024-POU4F3-MA0791.2,40,1186,1.25508104916936,0.214517069689601,0.705516509692483,POU4F3
Hsapiens-HOCOMOCOv13-HXB7.H13CORE.1.SM.B,9,218,1.50027608860471,0.214741288416899,0.705632504701196,HXB7
Hsapiens-HOCOMOCOv13-PAX8.H13CORE.0.PSM.A,9,218,1.50027608860471,0.214741288416899,0.705632504701196,PAX8
Hsapiens-HOCOMOCOv11-core-B-BHA15_HUMAN.H11MO.0.B,21,996,0.730424838205397,0.214851886109405,0.705685460576582,BHA15
Hsapiens-jaspar2024-ZBTB17-MA2102.1,3,56,1.93301698818395,0.215054012704484,0.706038866325182,ZBTB17
Hsapiens-hPDI-VAMP3,7,158,1.6073758160874,0.219454004250539,0.70650946454624,VAMP3
Hsapiens-HOCOMOCOv13-ZBTB5.H13CORE.0.SGI.A,12,307,1.42420273843539,0.219367925671845,0.70650946454624,ZBTB5
Hsapiens-jaspar2016-TEAD1-MA0090.2,16,414,1.41542376889386,0.219242827191905,0.70650946454624,TEAD1
Hsapiens-jaspar2018-TEAD1-MA0090.2,16,414,1.41542376889386,0.219242827191905,0.70650946454624,TEAD1
Hsapiens-jaspar2022-NEUROG2-MA1642.1,16,414,1.41542376889386,0.219242827191905,0.70650946454624,NEUROG2
Hsapiens-jolma2013-TEAD1,16,414,1.41542376889386,0.219242827191905,0.70650946454624,TEAD1
Hsapiens-SwissRegulon-NR2F2.SwissRegulon,16,414,1.41542376889386,0.219242827191905,0.70650946454624,NR2F2
Hsapiens-SwissRegulon-ZKSCAN1.SwissRegulon,19,522,1.33341607886605,0.219259641183561,0.70650946454624,ZKSCAN1
Hsapiens-HOCOMOCOv13-ZN454.H13CORE.1.SM.B,34,992,1.27010898517703,0.216810595292339,0.70650946454624,ZN454
Hsapiens-hPDI-UGP2,133,4434,1.18799826100671,0.218306517515307,0.70650946454624,UGP2
Hsapiens-HOCOMOCOv13-ZN121.H13CORE.0.P.B,33,1447,0.785797935812616,0.217015485272315,0.70650946454624,ZN121
Hsapiens-hPDI-GTPBP1,33,1460,0.777247553428388,0.217010055983168,0.70650946454624,GTPBP1
Hsapiens-HOCOMOCOv11-secondary-D-FOXD3_HUMAN.H11MO.0.D,27,1230,0.757510531320505,0.219200985942203,0.70650946454624,FOXD3
Hsapiens-HOCOMOCOv11-secondary-B-PPARA_HUMAN.H11MO.1.B,17,823,0.719060931652803,0.217910332826723,0.70650946454624,PPARA
Hsapiens-HOCOMOCOv10-RAX2_HUMAN.H10MO.D,17,825,0.717116904115822,0.217937490026507,0.70650946454624,RAX2
Hsapiens-HOCOMOCOv11-secondary-D-RAX2_HUMAN.H11MO.0.D,17,825,0.717116904115822,0.217937490026507,0.70650946454624,RAX2
Hsapiens-SwissRegulon-ETV7.SwissRegulon,17,825,0.717116904115822,0.217937490026507,0.70650946454624,ETV7
Hsapiens-jaspar2016-POU2F1-MA0785.1,17,831,0.711340962454638,0.21842548058985,0.70650946454624,POU2F1
Hsapiens-jaspar2018-POU2F1-MA0785.1,17,831,0.711340962454638,0.21842548058985,0.70650946454624,POU2F1
Hsapiens-jaspar2022-POU2F1-MA0785.1,17,831,0.711340962454638,0.21842548058985,0.70650946454624,POU2F1
Hsapiens-jolma2013-POU2F1,17,831,0.711340962454638,0.21842548058985,0.70650946454624,POU2F1
Hsapiens-HOCOMOCOv10-NR2E1_HUMAN.H10MO.D,13,661,0.686787552034112,0.216311404174678,0.70650946454624,NR2E1
Hsapiens-HOCOMOCOv13-IRF8.H13CORE.1.SM.B,13,665,0.682281132366227,0.216481128706195,0.70650946454624,IRF8
Hsapiens-HOCOMOCOv13-ZNF74.H13CORE.0.P.C,13,667,0.680048177041465,0.216689409474696,0.70650946454624,ZNF74
Hsapiens-cisbp_1.02-M5651_1.02,7,409,0.601020183314009,0.215848547242159,0.70650946454624,MYF6
Hsapiens-HOCOMOCOv13-ERR2.H13CORE.0.PSM.A,7,409,0.601020183314009,0.215848547242159,0.70650946454624,ERR2
Hsapiens-jaspar2016-MEOX2-MA0706.1,7,411,0.597936844249796,0.21595231879357,0.70650946454624,MEOX2
Hsapiens-jaspar2018-MEOX2-MA0706.1,7,411,0.597936844249796,0.21595231879357,0.70650946454624,MEOX2
Hsapiens-jaspar2022-MEOX2-MA0706.1,7,411,0.597936844249796,0.21595231879357,0.70650946454624,MEOX2
Hsapiens-jolma2013-MEOX2,7,411,0.597936844249796,0.21595231879357,0.70650946454624,MEOX2
Hsapiens-hPDI-SMUG1,7,412,0.596406398268614,0.216052528987487,0.70650946454624,SMUG1
Hsapiens-HOCOMOCOv10-PAX2_HUMAN.H10MO.S,7,413,0.594883362194343,0.216184798243409,0.70650946454624,PAX2
Hsapiens-jaspar2022-USF2-MA0526.4,7,414,0.59336768233796,0.216349005387698,0.70650946454624,USF2
Hsapiens-hPDI-PAX3,7,416,0.590358179103605,0.21677273579181,0.70650946454624,PAX3
Hsapiens-SwissRegulon-SOX30.SwissRegulon,7,417,0.588864250909868,0.217032003930641,0.70650946454624,SOX30
Hsapiens-HOCOMOCOv10-HXC8_HUMAN.H10MO.D,7,419,0.585897783081711,0.217644689526202,0.70650946454624,HXC8
Hsapiens-HOCOMOCOv11-secondary-D-HXC8_HUMAN.H11MO.0.D,7,419,0.585897783081711,0.217644689526202,0.70650946454624,HXC8
Hsapiens-jaspar2016-MYF6-MA0667.1,7,419,0.585897783081711,0.217644689526202,0.70650946454624,MYF6
Hsapiens-jaspar2018-MYF6-MA0667.1,7,419,0.585897783081711,0.217644689526202,0.70650946454624,MYF6
Hsapiens-jaspar2022-MYF6-MA0667.1,7,419,0.585897783081711,0.217644689526202,0.70650946454624,MYF6
Hsapiens-jaspar2024-MYF6-MA0667.1,7,419,0.585897783081711,0.217644689526202,0.70650946454624,MYF6
Hsapiens-jolma2013-MYF6,7,419,0.585897783081711,0.217644689526202,0.70650946454624,MYF6
Hsapiens-hPDI-SMAD2,3,227,0.46662960167855,0.219423854987165,0.70650946454624,SMAD2
Hsapiens-jaspar2024-GSX2-MA0893.3,3,227,0.46662960167855,0.219423854987165,0.70650946454624,GSX2
Hsapiens-jaspar2024-HOXA4-MA1496.2,3,227,0.46662960167855,0.219423854987165,0.70650946454624,HOXA4
Hsapiens-jaspar2024-ZBED1-MA0749.2,5,103,1.75725502970342,0.21981909162525,0.706801012047916,ZBED1
Hsapiens-HOCOMOCOv13-ZN793.H13CORE.1.P.C,29,826,1.29752834031075,0.21975824184927,0.706801012047916,ZN793
Hsapiens-HOCOMOCOv13-ZN791.H13CORE.0.P.C,65,2652,0.828531193326188,0.219828457757037,0.706801012047916,ZN791
Hsapiens-HOCOMOCOv13-ZNF729.H13CORE.0.SG.A,12,308,1.41939426055609,0.220758871143318,0.706836838167278,ZNF729
Hsapiens-jolma2013-GBX2-3,12,308,1.41939426055609,0.220758871143318,0.706836838167278,GBX2
Hsapiens-SwissRegulon-GBX2.SwissRegulon,12,308,1.41939426055609,0.220758871143318,0.706836838167278,GBX2
Hsapiens-jaspar2024-ZNF682-MA1599.2,29,829,1.29228998484308,0.220578263889984,0.706836838167278,ZNF682
Hsapiens-hPDI-HMG20A,99,3886,0.843628320970097,0.220992217535093,0.706836838167278,HMG20A
Hsapiens-jaspar2022-ETV1-MA0761.2,34,1492,0.783913778306222,0.221212954719533,0.706836838167278,ETV1
Hsapiens-SwissRegulon-HCFC1.SwissRegulon,22,1025,0.744161364331551,0.22125914146942,0.706836838167278,HCFC1
Hsapiens-SwissRegulon-GLI1.SwissRegulon,10,538,0.650699076509971,0.220066881755164,0.706836838167278,GLI1
Hsapiens-jaspar2022-CDX1-MA0878.3,10,539,0.649404190912063,0.220160050586725,0.706836838167278,CDX1
Hsapiens-jaspar2024-CDX1-MA0878.3,10,539,0.649404190912063,0.220160050586725,0.706836838167278,CDX1
Hsapiens-HOCOMOCOv11-core-B-MAFB_HUMAN.H11MO.0.B,10,540,0.648114099302229,0.220278232772065,0.706836838167278,MAFB
Hsapiens-HOCOMOCOv10-ANDR_HUMAN.H10MO.A,10,541,0.646828775100705,0.220421355441274,0.706836838167278,ANDR
Hsapiens-jaspar2022-MNX1-MA0707.2,3,235,0.450278943444122,0.22082491085204,0.706836838167278,MNX1
Hsapiens-HOCOMOCOv13-E2F1.H13CORE.1.S.B,3,236,0.448313049508298,0.221249754706356,0.706836838167278,E2F1
Hsapiens-jaspar2024-HOXD12-MA0873.2,3,236,0.448313049508298,0.221249754706356,0.706836838167278,HOXD12
Hsapiens-cisbp_1.02-M2292_1.02,16,419,1.39761032005473,0.22192756295773,0.7068558497788,JUND
Hsapiens-HOCOMOCOv13-GMEB2.H13CORE.1.P.C,16,419,1.39761032005473,0.22192756295773,0.7068558497788,GMEB2
Hsapiens-JASPAR_2014-JUND-MA0491.1,16,419,1.39761032005473,0.22192756295773,0.7068558497788,JUND
Hsapiens-jaspar2016-JUND-MA0491.1,16,419,1.39761032005473,0.22192756295773,0.7068558497788,JUND
Hsapiens-jaspar2018-JUND-MA0491.1,16,419,1.39761032005473,0.22192756295773,0.7068558497788,JUND
Hsapiens-HOCOMOCOv13-TBX3.H13CORE.0.PSM.A,10,547,0.639215481484374,0.221799548260379,0.7068558497788,TBX3
Hsapiens-HOCOMOCOv13-PO2F2.H13CORE.1.M.C,3,237,0.446363744458893,0.221728761814353,0.7068558497788,PO2F2
Hsapiens-hPDI-KCNIP1,20,539,1.36292764125539,0.222454894710903,0.708233422248822,KCNIP1
Hsapiens-HOCOMOCOv11-secondary-D-VAX2_HUMAN.H11MO.0.D,5,320,0.55005973376083,0.222753853581594,0.708325161713313,VAX2
Hsapiens-HOCOMOCOv13-DMRTD.H13CORE.0.SM.B,5,322,0.546500030100226,0.222975413258935,0.708325161713313,DMRTD
Hsapiens-jaspar2016-MTF1-MA0863.1,5,323,0.544736707498266,0.223147557305051,0.708325161713313,MTF1
Hsapiens-jaspar2018-MTF1-MA0863.1,5,323,0.544736707498266,0.223147557305051,0.708325161713313,MTF1
Hsapiens-jaspar2022-MTF1-MA0863.1,5,323,0.544736707498266,0.223147557305051,0.708325161713313,MTF1
Hsapiens-jaspar2024-MTF1-MA0863.1,5,323,0.544736707498266,0.223147557305051,0.708325161713313,MTF1
Hsapiens-jolma2013-MTF1,5,323,0.544736707498266,0.223147557305051,0.708325161713313,MTF1
Hsapiens-HOCOMOCOv13-KDM2A.H13CORE.0.PSGB.A,7,160,1.58687770493933,0.223861618638124,0.710289902127505,KDM2A
Hsapiens-HOCOMOCOv13-TSHZ2.H13CORE.0.SG.A,5,327,0.537791253225565,0.224240450164018,0.711189775912974,TSHZ2
Hsapiens-SwissRegulon-ZNF143.SwissRegulon,28,1265,0.763774722328132,0.224593420177381,0.712006899535168,ZNF143
Hsapiens-SwissRegulon-HOXD4.SwissRegulon,29,840,1.27340357852704,0.224840335868758,0.712487258635448,HOXD4
Hsapiens-HOCOMOCOv10-OLIG1_HUMAN.H10MO.D,5,330,0.532692645761902,0.225478649433915,0.713904210522216,OLIG1
Hsapiens-HOCOMOCOv11-secondary-D-OLIG1_HUMAN.H11MO.0.D,5,330,0.532692645761902,0.225478649433915,0.713904210522216,OLIG1
Hsapiens-cisbp_1.02-M3035_1.02,24,681,1.29537476015765,0.226047720183975,0.715402721209369,CEBPB
Hsapiens-hPDI-MLX,5,105,1.72334960196134,0.226174538164759,0.715500900276401,MLX
Hsapiens-HOCOMOCOv13-HSF5.H13CORE.0.M.C,5,332,0.529344759095259,0.226500060511136,0.715924228505153,HSF5
Hsapiens-jolma2013-VENTX-2,5,332,0.529344759095259,0.226500060511136,0.715924228505153,VENTX
Hsapiens-HOCOMOCOv13-TLX2.H13CORE.0.SM.B,10,239,1.52352576172196,0.228407028521674,0.716193155343569,TLX2
Hsapiens-jolma2013-PAX2,10,239,1.52352576172196,0.228407028521674,0.716193155343569,PAX2
Hsapiens-jaspar2018-FOS::JUND-MA1141.1,16,426,1.37337393935785,0.226934192170976,0.716193155343569,FOS::JUND
Hsapiens-jaspar2022-FOS::JUND-MA1141.1,16,426,1.37337393935785,0.226934192170976,0.716193155343569,FOS::JUND
Hsapiens-HOCOMOCOv11-core-A-ATF4_HUMAN.H11MO.0.A,16,427,1.36997645907941,0.2277654519087,0.716193155343569,ATF4
Hsapiens-HOCOMOCOv13-TEAD4.H13CORE.0.PS.A,20,551,1.33109522003881,0.228394489236185,0.716193155343569,TEAD4
Hsapiens-HOCOMOCOv13-ZN528.H13CORE.0.P.B,30,861,1.28806405359502,0.228269055840604,0.716193155343569,ZN528
Hsapiens-HOCOMOCOv10-HXC10_HUMAN.H10MO.D,55,2275,0.82287512078966,0.22825965697772,0.716193155343569,HXC10
Hsapiens-HOCOMOCOv11-secondary-D-HXC10_HUMAN.H11MO.0.D,55,2275,0.82287512078966,0.22825965697772,0.716193155343569,HXC10
Hsapiens-HOCOMOCOv13-MEF2B.H13CORE.0.PS.A,23,1053,0.75803041685505,0.228206464054789,0.716193155343569,MEF2B
Hsapiens-HOCOMOCOv13-TYY2.H13CORE.1.SM.B,23,1060,0.752261912645194,0.228103742177491,0.716193155343569,TYY2
Hsapiens-hPDI-NFIB,23,1063,0.74981295228726,0.228266973021298,0.716193155343569,NFIB
Hsapiens-hPDI-ING3,18,858,0.730280291791854,0.226766482598981,0.716193155343569,ING3
Hsapiens-HOCOMOCOv10-HXB3_HUMAN.H10MO.D,18,868,0.720851298272443,0.227359521378151,0.716193155343569,HXB3
Hsapiens-HOCOMOCOv11-secondary-D-HXB3_HUMAN.H11MO.0.D,18,868,0.720851298272443,0.227359521378151,0.716193155343569,HXB3
Hsapiens-JASPAR_2014-ZBTB33-MA0527.1,14,697,0.701306370838563,0.227604680952513,0.716193155343569,ZBTB33
Hsapiens-jaspar2016-ZBTB33-MA0527.1,14,697,0.701306370838563,0.227604680952513,0.716193155343569,ZBTB33
Hsapiens-jaspar2018-ZBTB33-MA0527.1,14,697,0.701306370838563,0.227604680952513,0.716193155343569,ZBTB33
Hsapiens-jaspar2022-ZBTB33-MA0527.1,14,697,0.701306370838563,0.227604680952513,0.716193155343569,ZBTB33
Hsapiens-jaspar2024-THRA-MA1969.2,30,863,1.28471743845055,0.228746009017034,0.716955074002612,THRA
Hsapiens-HOCOMOCOv10-HXD4_HUMAN.H10MO.D,30,868,1.27641920329031,0.23021866104524,0.720965693646499,HXD4
Hsapiens-HOCOMOCOv11-secondary-D-HXD4_HUMAN.H11MO.0.D,30,868,1.27641920329031,0.23021866104524,0.720965693646499,HXD4
Hsapiens-jaspar2022-ZNF75D-MA1601.2,25,704,1.30774068283746,0.230715380025026,0.721915866529919,ZNF75D
Hsapiens-jaspar2024-ZNF75D-MA1601.2,25,704,1.30774068283746,0.230715380025026,0.721915866529919,ZNF75D
Hsapiens-HOCOMOCOv11-core-C-ZN768_HUMAN.H11MO.0.C,43,1297,1.23386608655847,0.231607430951294,0.72440364395947,ZN768
Hsapiens-SwissRegulon-SP100.SwissRegulon,13,332,1.42884773307733,0.232111915228499,0.72567764539207,SP100
Hsapiens-HOCOMOCOv13-OVOL2.H13CORE.0.PSM.A,7,164,1.54738072642528,0.233402751773515,0.725712461262581,OVOL2
Hsapiens-HOCOMOCOv11-secondary-D-PITX1_HUMAN.H11MO.0.D,16,433,1.34992106617736,0.233345207859983,0.725712461262581,PITX1
Hsapiens-jaspar2022-ZNF418-MA1980.1,25,709,1.29762517402426,0.232691416029608,0.725712461262581,ZNF418
Hsapiens-jaspar2024-ZNF418-MA1980.1,25,709,1.29762517402426,0.232691416029608,0.725712461262581,ZNF418
Hsapiens-HOCOMOCOv11-core-B-STF1_HUMAN.H11MO.0.B,25,710,1.29561916410982,0.233143281364773,0.725712461262581,STF1
Hsapiens-jaspar2024-CREB1-MA0018.5,30,878,1.26010422540358,0.234347681949888,0.725712461262581,CREB1
Hsapiens-SwissRegulon-TP53.SwissRegulon,37,1094,1.25498899468899,0.235912418790407,0.725712461262581,TP53
Hsapiens-HOCOMOCOv13-ZN789.H13CORE.0.P.C,36,1072,1.24339199608067,0.23320217815079,0.725712461262581,ZN789
Hsapiens-HOCOMOCOv11-secondary-C-ZSC31_HUMAN.H11MO.0.C,43,1307,1.22256094002176,0.234421436148024,0.725712461262581,ZSC31
Hsapiens-HOCOMOCOv11-core-A-MAF_HUMAN.H11MO.0.A,19,901,0.733211610359394,0.235470868397495,0.725712461262581,MAF
Hsapiens-HOCOMOCOv10-ATF7_HUMAN.H10MO.D,11,569,0.677134776402353,0.234267298545719,0.725712461262581,ATF7
Hsapiens-HOCOMOCOv11-secondary-D-ATF7_HUMAN.H11MO.0.D,11,569,0.677134776402353,0.234267298545719,0.725712461262581,ATF7
Hsapiens-jaspar2024-IRF8-MA0652.2,11,573,0.672043195558454,0.234249432935415,0.725712461262581,IRF8
Hsapiens-cisbp_1.02-M6181_1.02,11,575,0.669523957285794,0.23438490898376,0.725712461262581,CREM
Hsapiens-HOCOMOCOv13-ZN337.H13CORE.0.P.C,11,575,0.669523957285794,0.23438490898376,0.725712461262581,ZN337
Hsapiens-HOCOMOCOv10-CREM_HUMAN.H10MO.C,11,576,0.668270895530962,0.234488531711481,0.725712461262581,CREM
Hsapiens-HOCOMOCOv11-core-C-CREM_HUMAN.H11MO.0.C,11,576,0.668270895530962,0.234488531711481,0.725712461262581,CREM
Hsapiens-hPDI-PKM2,11,576,0.668270895530962,0.234488531711481,0.725712461262581,PKM
Hsapiens-HOCOMOCOv11-secondary-B-MAFF_HUMAN.H11MO.1.B,11,578,0.665777773355367,0.234767217014345,0.725712461262581,MAFF
Hsapiens-HOCOMOCOv13-RFX3.H13CORE.1.PS.A,11,579,0.664537668033092,0.234942142821003,0.725712461262581,RFX3
Hsapiens-SwissRegulon-CREM.SwissRegulon,11,580,0.663301836878148,0.235140696835458,0.725712461262581,CREM
Hsapiens-HOCOMOCOv11-core-A-BACH2_HUMAN.H11MO.0.A,11,582,0.660842908958805,0.235608398130734,0.725712461262581,BACH2
Hsapiens-jaspar2016-IRF8-MA0652.1,11,582,0.660842908958805,0.235608398130734,0.725712461262581,IRF8
Hsapiens-jaspar2018-IRF8-MA0652.1,11,582,0.660842908958805,0.235608398130734,0.725712461262581,IRF8
Hsapiens-jaspar2022-IRF8-MA0652.1,11,582,0.660842908958805,0.235608398130734,0.725712461262581,IRF8
Hsapiens-jolma2013-IRF8-2,11,582,0.660842908958805,0.235608398130734,0.725712461262581,IRF8
Hsapiens-HOCOMOCOv10-TFE3_HUMAN.H10MO.C,11,583,0.659619768516428,0.235877395750136,0.725712461262581,TFE3
Hsapiens-HOCOMOCOv11-core-A-CREB1_HUMAN.H11MO.0.A,11,583,0.659619768516428,0.235877395750136,0.725712461262581,CREB1
Hsapiens-jaspar2024-GRHL2-MA1105.3,8,443,0.634253061819396,0.234838322229265,0.725712461262581,GRHL2
Hsapiens-HOCOMOCOv10-CDC5L_HUMAN.H10MO.D,8,449,0.625277069203503,0.235027875307231,0.725712461262581,CDC5L
Hsapiens-HOCOMOCOv11-secondary-D-CDC5L_HUMAN.H11MO.0.D,8,449,0.625277069203503,0.235027875307231,0.725712461262581,CDC5L
Hsapiens-cisbp_1.02-M2956_1.02,8,453,0.619425138501865,0.235757735096955,0.725712461262581,ARNT
Hsapiens-JASPAR_CORE-RORA_1-MA0071.1,8,453,0.619425138501865,0.235757735096955,0.725712461262581,RORA_1
Hsapiens-JASPAR_2014-RORA_1-MA0071.1,8,453,0.619425138501865,0.235757735096955,0.725712461262581,RORA_1
Hsapiens-jaspar2016-RORA-MA0071.1,8,453,0.619425138501865,0.235757735096955,0.725712461262581,RORA
Hsapiens-jaspar2018-RORA-MA0071.1,8,453,0.619425138501865,0.235757735096955,0.725712461262581,RORA
Hsapiens-jaspar2022-RORA-MA0071.1,8,453,0.619425138501865,0.235757735096955,0.725712461262581,RORA
Hsapiens-jaspar2024-RORA-MA0071.1,8,453,0.619425138501865,0.235757735096955,0.725712461262581,RORA
Hsapiens-SwissRegulon-RORA.SwissRegulon,8,453,0.619425138501865,0.235757735096955,0.725712461262581,RORA
Hsapiens-jaspar2024-SREBF1-MA0829.3,11,584,0.658400814882838,0.236169722281129,0.726204880904796,SREBF1
Hsapiens-HOCOMOCOv13-UBIP1.H13CORE.0.SM.B,10,246,1.47884134502058,0.236405127425057,0.726629587134877,UBIP1
Hsapiens-HOCOMOCOv13-ZN254.H13CORE.0.P.C,25,717,1.28173516068297,0.236827304700793,0.727373688337733,ZN254
Hsapiens-jaspar2022-ZBTB26-MA1579.1,31,898,1.27615527190285,0.236895973564569,0.727373688337733,ZBTB26
Hsapiens-hPDI-NR4A1,79,3161,0.838581516194582,0.236939373908917,0.727373688337733,NR4A1
Hsapiens-SwissRegulon-PTF1A.SwissRegulon,21,577,1.33660274679713,0.237185880097162,0.727396627882054,PTF1A
Hsapiens-HOCOMOCOv13-NANOG.H13CORE.2.M.C,8,458,0.612253932261922,0.237336401412313,0.727396627882054,NANOG
Hsapiens-HOCOMOCOv10-GLI3_HUMAN.H10MO.B,8,458,0.612253932261922,0.237336401412313,0.727396627882054,GLI3
Hsapiens-HOCOMOCOv11-core-B-GLI3_HUMAN.H11MO.0.B,8,458,0.612253932261922,0.237336401412313,0.727396627882054,GLI3
Hsapiens-HOCOMOCOv13-MSX1.H13CORE.0.SM.B,10,247,1.47266442587206,0.237737395662346,0.728326746596417,MSX1
Hsapiens-hPDI-TP73,60,2467,0.824546015547758,0.238524057736879,0.730437141138478,TP73
Hsapiens-HOCOMOCOv13-ZNF131.H13CORE.0.PSGI.A,13,339,1.39806599395342,0.238949668820314,0.731440605089722,ZNF131
Hsapiens-cisbp_1.02-M2980_1.02,13,340,1.3937720709292,0.240067618716198,0.732380592560979,BACH2
Hsapiens-jaspar2016-HESX1-MA0894.1,13,340,1.3937720709292,0.240067618716198,0.732380592560979,HESX1
Hsapiens-jaspar2018-HESX1-MA0894.1,13,340,1.3937720709292,0.240067618716198,0.732380592560979,HESX1
Hsapiens-jaspar2022-HESX1-MA0894.1,13,340,1.3937720709292,0.240067618716198,0.732380592560979,HESX1
Hsapiens-jolma2013-HESX1,13,340,1.3937720709292,0.240067618716198,0.732380592560979,HESX1
Hsapiens-HOCOMOCOv10-NR1I3_HUMAN.H10MO.S,21,583,1.32177469190379,0.239836964235499,0.732380592560979,NR1I3
Hsapiens-HOCOMOCOv11-secondary-D-NR1I3_HUMAN.H11MO.1.D,21,583,1.32177469190379,0.239836964235499,0.732380592560979,NR1I3
Hsapiens-HOCOMOCOv13-ZN492.H13CORE.0.P.C,48,2011,0.81595139836201,0.239659522152795,0.732380592560979,ZN492
Hsapiens-SwissRegulon-IRF2.SwissRegulon,31,1373,0.778561017922095,0.240139251731402,0.732380592560979,IRF2
Hsapiens-jolma2013-SOX7,26,738,1.29790236600785,0.240652378926463,0.733645966612959,SOX7
Hsapiens-jaspar2016-SOX4-MA0867.1,21,586,1.31447450093591,0.241467110424673,0.734331371238553,SOX4
Hsapiens-jaspar2018-SOX4-MA0867.1,21,586,1.31447450093591,0.241467110424673,0.734331371238553,SOX4
Hsapiens-jolma2013-SOX4,21,586,1.31447450093591,0.241467110424673,0.734331371238553,SOX4
Hsapiens-JASPAR_2014-FLI1-MA0475.1,39,1668,0.803802947248597,0.241358425758544,0.734331371238553,FLI1
Hsapiens-jaspar2016-FLI1-MA0475.1,39,1668,0.803802947248597,0.241358425758544,0.734331371238553,FLI1
Hsapiens-jaspar2018-FLI1-MA0475.1,39,1668,0.803802947248597,0.241358425758544,0.734331371238553,FLI1
Hsapiens-HOCOMOCOv10-IRF3_HUMAN.H10MO.C,39,1662,0.807473562214724,0.241630863979416,0.734530290216628,IRF3
Hsapiens-jolma2013-RUNX2,13,342,1.38525955261688,0.242406559158925,0.736588523335235,RUNX2
Hsapiens-HOCOMOCOv10-ZBED1_HUMAN.H10MO.D,5,112,1.61421015619554,0.250878927953454,0.738585871263562,ZBED1
Hsapiens-HOCOMOCOv11-secondary-D-ZBED1_HUMAN.H11MO.0.D,5,112,1.61421015619554,0.250878927953454,0.738585871263562,ZBED1
Hsapiens-HOCOMOCOv10-PAX1_HUMAN.H10MO.D,8,183,1.58835110233024,0.251921284455028,0.738585871263562,PAX1
Hsapiens-HOCOMOCOv11-secondary-D-PAX1_HUMAN.H11MO.0.D,8,183,1.58835110233024,0.251921284455028,0.738585871263562,PAX1
Hsapiens-cisbp_1.02-M5634_1.02,10,254,1.43078821938589,0.248322386493577,0.738585871263562,MNT
Hsapiens-jaspar2016-MNT-MA0825.1,10,254,1.43078821938589,0.248322386493577,0.738585871263562,MNT
Hsapiens-jaspar2018-MNT-MA0825.1,10,254,1.43078821938589,0.248322386493577,0.738585871263562,MNT
Hsapiens-jaspar2022-MNT-MA0825.1,10,254,1.43078821938589,0.248322386493577,0.738585871263562,MNT
Hsapiens-jolma2013-MNT,10,254,1.43078821938589,0.248322386493577,0.738585871263562,MNT
Hsapiens-SwissRegulon-MNT.SwissRegulon,10,254,1.43078821938589,0.248322386493577,0.738585871263562,MNT
Hsapiens-jaspar2016-MSX2-MA0708.1,14,364,1.40432045343505,0.252716472971216,0.738585871263562,MSX2
Hsapiens-jaspar2018-MSX2-MA0708.1,14,364,1.40432045343505,0.252716472971216,0.738585871263562,MSX2
Hsapiens-jaspar2022-MSX1-MA0666.2,14,364,1.40432045343505,0.252716472971216,0.738585871263562,MSX1
Hsapiens-jaspar2022-MSX2-MA0708.2,14,364,1.40432045343505,0.252716472971216,0.738585871263562,MSX2
Hsapiens-jolma2013-MSX1-2,14,364,1.40432045343505,0.252716472971216,0.738585871263562,MSX1
Hsapiens-jolma2013-MSX2-2,14,364,1.40432045343505,0.252716472971216,0.738585871263562,MSX2
Hsapiens-hPDI-ZDHHC5,206,7192,1.37302328931757,0.248669327671424,0.738585871263562,ZDHHC5
Hsapiens-hPDI-ZMAT2,206,7192,1.37302328931757,0.248669327671424,0.738585871263562,ZMAT2
Hsapiens-SwissRegulon-SRF.SwissRegulon,13,345,1.37267581328053,0.246168240944635,0.738585871263562,SRF
Hsapiens-cisbp_1.02-M2290_1.02,17,463,1.34252878201707,0.245564062718162,0.738585871263562,JUN
Hsapiens-JASPAR_2014-JUN (var.2)-MA0489.1,17,463,1.34252878201707,0.245564062718162,0.738585871263562,JUN (var.2)
Hsapiens-jaspar2016-JUN(var.2)-MA0489.1,17,463,1.34252878201707,0.245564062718162,0.738585871263562,JUN(var.2)
Hsapiens-jaspar2018-JUN(var.2)-MA0489.1,17,463,1.34252878201707,0.245564062718162,0.738585871263562,JUN(var.2)
Hsapiens-HOCOMOCOv11-secondary-A-MXI1_HUMAN.H11MO.1.A,17,465,1.3363990955506,0.247181513286643,0.738585871263562,MXI1
Hsapiens-hPDI-MCTP2,201,6985,1.33461267262804,0.251491410990106,0.738585871263562,MCTP2
Hsapiens-HOCOMOCOv11-secondary-A-P53_HUMAN.H11MO.1.A,17,466,1.33335397803395,0.248030375918777,0.738585871263562,P53
Hsapiens-cisbp_1.02-M6187_1.02,17,468,1.32730277256718,0.249807561919908,0.738585871263562,DDIT3
Hsapiens-jaspar2022-ZNF417-MA1727.1,17,470,1.32130305245659,0.251689589417964,0.738585871263562,ZNF417
Hsapiens-jaspar2022-EBF3-MA1637.1,22,612,1.32048457226777,0.250047504498192,0.738585871263562,EBF3
Hsapiens-jaspar2024-ASCL1-MA1100.3,22,617,1.30889456374492,0.251960818967515,0.738585871263562,ASCL1
Hsapiens-jaspar2024-MYOG-MA0500.3,22,617,1.30889456374492,0.251960818967515,0.738585871263562,MYOG
Hsapiens-HOCOMOCOv11-core-C-ZN502_HUMAN.H11MO.0.C,21,590,1.30485923831184,0.24395080616602,0.738585871263562,ZN502
Hsapiens-HOCOMOCOv13-ZN782.H13CORE.0.P.C,21,591,1.30247493745719,0.244626456439675,0.738585871263562,ZN782
Hsapiens-jaspar2022-ASCL1-MA1100.2,21,595,1.29301786982475,0.247544869649968,0.738585871263562,ASCL1
Hsapiens-hPDI-SF3B1,26,748,1.27878195549323,0.244512238893149,0.738585871263562,SF3B1
Hsapiens-jaspar2022-ZBTB14-MA1650.1,32,933,1.26826079448039,0.244750611570641,0.738585871263562,ZBTB14
Hsapiens-jaspar2024-ZNF549-MA1728.2,32,937,1.26212834375324,0.245694756447195,0.738585871263562,ZNF549
Hsapiens-jaspar2024-KLF4-MA0039.5,47,1448,1.20761442364838,0.252992638484299,0.738585871263562,KLF4
Hsapiens-hPDI-ANXA11,135,4519,1.1811950652429,0.243245243208676,0.738585871263562,ANXA11
Hsapiens-hPDI-ZNF193,109,4233,0.849086984190357,0.246523529184222,0.738585871263562,ZSCAN9
Hsapiens-hPDI-AVEN,69,2778,0.841119988284025,0.25349764213548,0.738585871263562,AVEN
Hsapiens-hPDI-EVX1,69,2778,0.841119988284025,0.25349764213548,0.738585871263562,EVX1
Hsapiens-hPDI-LAS1L,69,2778,0.841119988284025,0.25349764213548,0.738585871263562,LAS1L
Hsapiens-hPDI-MAGED4,69,2778,0.841119988284025,0.25349764213548,0.738585871263562,MAGED4B
Hsapiens-hPDI-MYLK,69,2778,0.841119988284025,0.25349764213548,0.738585871263562,MYLK
Hsapiens-hPDI-NFATC3,69,2778,0.841119988284025,0.25349764213548,0.738585871263562,NFATC3
Hsapiens-hPDI-NFATC4,69,2778,0.841119988284025,0.25349764213548,0.738585871263562,NFATC4
Hsapiens-hPDI-PHLDA2,69,2778,0.841119988284025,0.25349764213548,0.738585871263562,PHLDA2
Hsapiens-hPDI-TFAM,69,2778,0.841119988284025,0.25349764213548,0.738585871263562,TFAM
Hsapiens-jaspar2024-NFATC3-MA0625.3,69,2778,0.841119988284025,0.25349764213548,0.738585871263562,NFATC3
Hsapiens-hPDI-GTF2H3,52,2160,0.821235775067878,0.250338303963464,0.738585871263562,GTF2H3
Hsapiens-hPDI-MORN1,52,2160,0.821235775067878,0.250338303963464,0.738585871263562,MORN1
Hsapiens-hPDI-NOLA1,52,2160,0.821235775067878,0.250338303963464,0.738585871263562,GAR1
Hsapiens-HOCOMOCOv10-MEF2C_HUMAN.H10MO.C,42,1780,0.810004551700039,0.252149841843962,0.738585871263562,MEF2C
Hsapiens-jaspar2024-NR2F2-MA1111.2,33,1435,0.793828109494307,0.249271666041632,0.738585871263562,NR2F2
Hsapiens-HOCOMOCOv10-MEF2D_HUMAN.H10MO.C,32,1394,0.793196048423747,0.244722705948139,0.738585871263562,MEF2D
Hsapiens-jaspar2022-IKZF1-MA1508.1,32,1396,0.791818547387305,0.244615928454543,0.738585871263562,IKZF1
Hsapiens-SwissRegulon-FOXA2.SwissRegulon,27,1202,0.778379349538074,0.25333387863155,0.738585871263562,FOXA2
Hsapiens-JASPAR_2014-FOXP2-MA0593.1,26,1161,0.77674584392102,0.247493215127803,0.738585871263562,FOXP2
Hsapiens-jaspar2016-FOXP2-MA0593.1,26,1161,0.77674584392102,0.247493215127803,0.738585871263562,FOXP2
Hsapiens-jaspar2018-FOXP2-MA0593.1,26,1161,0.77674584392102,0.247493215127803,0.738585871263562,FOXP2
Hsapiens-jaspar2022-FOXP2-MA0593.1,26,1161,0.77674584392102,0.247493215127803,0.738585871263562,FOXP2
Hsapiens-jaspar2024-FOXJ2::ELF1-MA1952.2,26,1170,0.769751243843859,0.247454681138368,0.738585871263562,FOXJ2::ELF1
Hsapiens-HOCOMOCOv10-ALX4_HUMAN.H10MO.D,20,937,0.742017760622314,0.243597558142624,0.738585871263562,ALX4
Hsapiens-HOCOMOCOv10-NR4A1_HUMAN.H10MO.C,12,608,0.690929649285919,0.247658393462997,0.738585871263562,NR4A1
Hsapiens-HOCOMOCOv10-NFIA_HUMAN.H10MO.S,12,614,0.683618119811461,0.248139471293898,0.738585871263562,NFIA
Hsapiens-HOCOMOCOv11-secondary-D-NFIA_HUMAN.H11MO.1.D,12,614,0.683618119811461,0.248139471293898,0.738585871263562,NFIA
Hsapiens-HOCOMOCOv11-secondary-D-NR2E1_HUMAN.H11MO.0.D,12,614,0.683618119811461,0.248139471293898,0.738585871263562,NR2E1
Hsapiens-jaspar2024-NFIC-MA0161.3,12,614,0.683618119811461,0.248139471293898,0.738585871263562,NFIC
Hsapiens-jolma2013-SOX9-4,12,614,0.683618119811461,0.248139471293898,0.738585871263562,SOX9
Hsapiens-SwissRegulon-NFIB.SwissRegulon,12,614,0.683618119811461,0.248139471293898,0.738585871263562,NFIB
Hsapiens-SwissRegulon-NFIX.SwissRegulon,12,614,0.683618119811461,0.248139471293898,0.738585871263562,NFIX
Hsapiens-jaspar2022-ETV5::DRGX-MA1944.1,12,620,0.676448022659715,0.249436391525449,0.738585871263562,ETV5::DRGX
Hsapiens-HOCOMOCOv13-ZN251.H13CORE.0.P.C,9,479,0.659826698319019,0.252420617518187,0.738585871263562,ZN251
Hsapiens-HOCOMOCOv13-IRF8.H13CORE.2.SM.B,9,480,0.658363849865692,0.252365639777844,0.738585871263562,IRF8
Hsapiens-SwissRegulon-FOSB.SwissRegulon,9,485,0.651140065147748,0.252521658094258,0.738585871263562,FOSB
Hsapiens-hPDI-TPPP,9,489,0.645467366951782,0.253158128971106,0.738585871263562,TPPP
Hsapiens-jolma2013-ONECUT1,9,489,0.645467366951782,0.253158128971106,0.738585871263562,ONECUT1
Hsapiens-HOCOMOCOv10-TFEB_HUMAN.H10MO.C,9,491,0.642665667122824,0.253644766339676,0.738585871263562,TFEB
Hsapiens-HOCOMOCOv11-core-A-MAFK_HUMAN.H11MO.0.A,9,491,0.642665667122824,0.253644766339676,0.738585871263562,MAFK
Hsapiens-HOCOMOCOv11-core-C-TFEB_HUMAN.H11MO.0.C,9,491,0.642665667122824,0.253644766339676,0.738585871263562,TFEB
Hsapiens-JASPAR_CORE-NR1H2::RXRA-MA0115.1,9,491,0.642665667122824,0.253644766339676,0.738585871263562,NR1H2::RXRA
Hsapiens-JASPAR_2014-NR1H2::RXRA-MA0115.1,9,491,0.642665667122824,0.253644766339676,0.738585871263562,NR1H2::RXRA
Hsapiens-jaspar2016-NR1H2::RXRA-MA0115.1,9,491,0.642665667122824,0.253644766339676,0.738585871263562,NR1H2::RXRA
Hsapiens-jaspar2018-NR1H2::RXRA-MA0115.1,9,491,0.642665667122824,0.253644766339676,0.738585871263562,NR1H2::RXRA
Hsapiens-jaspar2022-NR1H2::RXRA-MA0115.1,9,491,0.642665667122824,0.253644766339676,0.738585871263562,NR1H2::RXRA
Hsapiens-jaspar2024-NR1H2::RXRA-MA0115.1,9,491,0.642665667122824,0.253644766339676,0.738585871263562,NR1H2::RXRA
Hsapiens-HOCOMOCOv13-ZNF536.H13CORE.0.SGI.A,6,354,0.596765028421354,0.247381059132856,0.738585871263562,ZNF536
Hsapiens-jaspar2018-RORB-MA1150.1,6,358,0.589786647955087,0.247526616290238,0.738585871263562,RORB
Hsapiens-jaspar2022-RORB-MA1150.1,6,358,0.589786647955087,0.247526616290238,0.738585871263562,RORB
Hsapiens-jaspar2022-ZBTB32-MA1580.1,6,359,0.588066347160772,0.247657814355803,0.738585871263562,ZBTB32
Hsapiens-jaspar2024-ZBTB32-MA1580.1,6,359,0.588066347160772,0.247657814355803,0.738585871263562,ZBTB32
Hsapiens-HOCOMOCOv10-LEF1_HUMAN.H10MO.C,6,362,0.582962462741634,0.248276226877374,0.738585871263562,LEF1
Hsapiens-jaspar2024-TCF7-MA0769.3,6,362,0.582962462741634,0.248276226877374,0.738585871263562,TCF7
Hsapiens-SwissRegulon-LEF1.SwissRegulon,6,362,0.582962462741634,0.248276226877374,0.738585871263562,LEF1
Hsapiens-jolma2013-GATA4,6,365,0.577942465187252,0.249228075645011,0.738585871263562,GATA4
Hsapiens-SwissRegulon-GATA4.SwissRegulon,6,365,0.577942465187252,0.249228075645011,0.738585871263562,GATA4
Hsapiens-HOCOMOCOv10-MAFB_HUMAN.H10MO.D,6,367,0.574641388176958,0.250045367810007,0.738585871263562,MAFB
Hsapiens-jaspar2022-ZSCAN29-MA1602.1,2,174,0.406770172725613,0.24414992427192,0.738585871263562,ZSCAN29
Hsapiens-jolma2013-RHOXF1,2,175,0.404393946545273,0.244157558080951,0.738585871263562,RHOXF1
Hsapiens-HOCOMOCOv13-ZNF20.H13CORE.0.PSG.A,2,179,0.395154528681992,0.244940861355921,0.738585871263562,ZNF20
Hsapiens-jaspar2024-ZSCAN29-MA1602.2,2,181,0.39068795169796,0.245774538367798,0.738585871263562,ZSCAN29
Hsapiens-jaspar2016-E2F1-MA0024.3,2,186,0.379941731454269,0.249102033153112,0.738585871263562,E2F1
Hsapiens-jaspar2018-E2F1-MA0024.3,2,186,0.379941731454269,0.249102033153112,0.738585871263562,E2F1
Hsapiens-jaspar2022-E2F1-MA0024.3,2,186,0.379941731454269,0.249102033153112,0.738585871263562,E2F1
Hsapiens-jaspar2024-E2F1-MA0024.3,2,186,0.379941731454269,0.249102033153112,0.738585871263562,E2F1
Hsapiens-jolma2013-E2F1-2,2,186,0.379941731454269,0.249102033153112,0.738585871263562,E2F1
Hsapiens-HOCOMOCOv13-MYBB.H13CORE.0.S.B,5,113,1.59972191258394,0.254692336701843,0.738931290727158,MYBB
Hsapiens-jaspar2022-TCF21-MA1568.1,5,113,1.59972191258394,0.254692336701843,0.738931290727158,TCF21
Hsapiens-cisbp_1.02-M4542_1.02,14,367,1.39229349892364,0.254741248347971,0.738931290727158,MAX
Hsapiens-hPDI-FHL2,27,784,1.26712929958684,0.254451595570741,0.738931290727158,FHL2
Hsapiens-SwissRegulon-HMX1.SwissRegulon,9,493,0.639886692022215,0.254242548327334,0.738931290727158,HMX1
Hsapiens-cisbp_1.02-M5611_1.02,9,495,0.637191201395428,0.254950587254503,0.738931290727158,MAFK
Hsapiens-jolma2013-ELK1-3,9,495,0.637191201395428,0.254950587254503,0.738931290727158,ELK1
Hsapiens-jolma2013-MAFK-3,9,495,0.637191201395428,0.254950587254503,0.738931290727158,MAFK
Hsapiens-jaspar2022-HOXA4-MA1496.1,4,267,0.528625877739865,0.254049333381585,0.738931290727158,HOXA4
Hsapiens-HOCOMOCOv13-CAMTA2.H13CORE.0.PSGI.A,4,268,0.52658494136531,0.254177916758286,0.738931290727158,CAMTA2
Hsapiens-HOCOMOCOv13-GATA1.H13CORE.0.P.B,4,271,0.520552497894365,0.254862923946606,0.738931290727158,GATA1
Hsapiens-jolma2013-LHX6-3,4,271,0.520552497894365,0.254862923946606,0.738931290727158,LHX6
Hsapiens-HOCOMOCOv13-DLX3.H13CORE.0.SM.B,4,272,0.518571251616425,0.255189956551861,0.739338163493348,DLX3
Hsapiens-HOCOMOCOv11-core-B-ETV2_HUMAN.H11MO.0.B,43,1812,0.814953194232594,0.255527990710611,0.739853071332014,ETV2
Hsapiens-SwissRegulon-XBP1.SwissRegulon,4,273,0.516604518692551,0.2555657951582,0.739853071332014,XBP1
Hsapiens-jaspar2016-EVX2-MA0888.1,8,187,1.55357754068983,0.256597047726433,0.741027537832455,EVX2
Hsapiens-jaspar2018-EVX2-MA0888.1,8,187,1.55357754068983,0.256597047726433,0.741027537832455,EVX2
Hsapiens-jaspar2022-EVX2-MA0888.1,8,187,1.55357754068983,0.256597047726433,0.741027537832455,EVX2
Hsapiens-jolma2013-EVX2,8,187,1.55357754068983,0.256597047726433,0.741027537832455,EVX2
Hsapiens-HOCOMOCOv11-core-B-NFKB1_HUMAN.H11MO.1.B,22,626,1.28850102150637,0.256765198542026,0.741027537832455,NFKB1
Hsapiens-HOCOMOCOv13-ZNF878.H13CORE.0.PS.A,33,982,1.24049473415368,0.256335279236,0.741027537832455,ZNF878
Hsapiens-hPDI-CFL2,87,2827,1.16986102362014,0.256702251365193,0.741027537832455,CFL2
Hsapiens-jaspar2024-HOXC12-MA0906.2,4,275,0.512713959641078,0.256462548735233,0.741027537832455,HOXC12
Hsapiens-HOCOMOCOv13-JUN.H13CORE.0.P.B,18,491,1.34197768487273,0.257196917865456,0.741986782362725,JUN
Hsapiens-jolma2013-SOX8-3,22,627,1.28627089594347,0.257404795089731,0.742299773947955,SOX8
Hsapiens-HOCOMOCOv13-MSANTD1.H13CORE.0.PSGIB.A,14,372,1.37267961500959,0.258800117201628,0.742434614726603,MSANTD1
Hsapiens-HOCOMOCOv13-MSX2.H13CORE.0.SM.B,14,372,1.37267961500959,0.258800117201628,0.742434614726603,MSX2
Hsapiens-HOCOMOCOv10-PAX8_HUMAN.H10MO.D,14,372,1.37267961500959,0.258800117201628,0.742434614726603,PAX8
Hsapiens-HOCOMOCOv11-secondary-D-PAX8_HUMAN.H11MO.0.D,14,372,1.37267961500959,0.258800117201628,0.742434614726603,PAX8
Hsapiens-jaspar2024-FOSL2::JUN-MA1130.2,14,372,1.37267961500959,0.258800117201628,0.742434614726603,FOSL2::JUN
Hsapiens-HOCOMOCOv11-core-C-ZBT14_HUMAN.H11MO.0.C,27,791,1.2546923031808,0.258075179837523,0.742434614726603,ZBT14
Hsapiens-HOCOMOCOv13-ZN623.H13CORE.0.P.C,33,986,1.23475408358965,0.258005473256038,0.742434614726603,ZN623
Hsapiens-HOCOMOCOv13-ZN766.H13CORE.0.P.B,22,1006,0.760291945882761,0.258752668117383,0.742434614726603,ZN766
Hsapiens-JASPAR_CORE-BRCA1-MA0133.1,22,1008,0.758565355529546,0.258843183391093,0.742434614726603,BRCA1
Hsapiens-JASPAR_2014-BRCA1-MA0133.1,22,1008,0.758565355529546,0.258843183391093,0.742434614726603,BRCA1
Hsapiens-jolma2013-EMX2-2,17,802,0.74005856417642,0.258505829490112,0.742434614726603,EMX2
Hsapiens-SwissRegulon-EMX2.SwissRegulon,17,802,0.74005856417642,0.258505829490112,0.742434614726603,EMX2
Hsapiens-jolma2013-DLX5,4,278,0.506983073098407,0.258165196030925,0.742434614726603,DLX5
Hsapiens-SwissRegulon-TP63.SwissRegulon,4,278,0.506983073098407,0.258165196030925,0.742434614726603,TP63
Hsapiens-hPDI-RKHD2,28,1236,0.785078875447994,0.2591465019238,0.742449260785909,MEX3C
Hsapiens-HOCOMOCOv10-VAX1_HUMAN.H10MO.D,22,1011,0.755988277734429,0.259089347985577,0.742449260785909,VAX1
Hsapiens-HOCOMOCOv11-secondary-D-VAX1_HUMAN.H11MO.0.D,22,1011,0.755988277734429,0.259089347985577,0.742449260785909,VAX1
Hsapiens-jaspar2024-PAX9-MA0781.2,8,189,1.53674255426495,0.259313576583068,0.742458896191114,PAX9
Hsapiens-HOCOMOCOv10-E2F8_HUMAN.H10MO.D,22,630,1.27962299325172,0.25944808127712,0.742458896191114,E2F8
Hsapiens-HOCOMOCOv11-secondary-D-E2F8_HUMAN.H11MO.0.D,22,630,1.27962299325172,0.25944808127712,0.742458896191114,E2F8
Hsapiens-hPDI-SNRPB2,18,497,1.32471512356575,0.260772702370624,0.744148694446906,SNRPB2
Hsapiens-HOCOMOCOv13-MYSM1.H13CORE.0.P.B,22,631,1.27742107151575,0.260170348458574,0.744148694446906,MYSM1
Hsapiens-jaspar2024-STAT1-MA0137.4,28,810,1.27380281803006,0.26040939670223,0.744148694446906,STAT1
Hsapiens-HOCOMOCOv13-ZNF215.H13CORE.0.PSG.A,41,1243,1.22383984356694,0.261134519767752,0.744148694446906,ZNF215
Hsapiens-jaspar2024-KLF3-MA1516.2,41,1243,1.22383984356694,0.261134519767752,0.744148694446906,KLF3
Hsapiens-hPDI-NMI,13,646,0.704183304645476,0.260393678551989,0.744148694446906,NMI
Hsapiens-HOCOMOCOv10-SOX9_HUMAN.H10MO.B,13,649,0.700639869371904,0.26063915876255,0.744148694446906,SOX9
Hsapiens-HOCOMOCOv13-FOXJ2.H13CORE.1.SM.B,13,650,0.699465987881416,0.26076456481926,0.744148694446906,FOXJ2
Hsapiens-jolma2013-SOX18-3,13,650,0.699465987881416,0.26076456481926,0.744148694446906,SOX18
Hsapiens-HOCOMOCOv10-NR4A2_HUMAN.H10MO.C,13,652,0.697129020059315,0.261080404433328,0.744148694446906,NR4A2
Hsapiens-HOCOMOCOv11-core-C-NR4A2_HUMAN.H11MO.0.C,13,652,0.697129020059315,0.261080404433328,0.744148694446906,NR4A2
Hsapiens-HOCOMOCOv13-CDX4.H13CORE.0.S.C,13,655,0.693650309060262,0.261715828495473,0.745520794444199,CDX4
Hsapiens-HOCOMOCOv10-HEY1_HUMAN.H10MO.D,11,278,1.44030718960209,0.26375583977007,0.745733983214777,HEY1
Hsapiens-HOCOMOCOv11-secondary-D-HEY1_HUMAN.H11MO.0.D,11,278,1.44030718960209,0.26375583977007,0.745733983214777,HEY1
Hsapiens-HOCOMOCOv11-secondary-D-HMBX1_HUMAN.H11MO.0.D,11,281,1.4243772284574,0.266820524141553,0.745733983214777,HMBX1
Hsapiens-HOCOMOCOv11-core-A-ISL1_HUMAN.H11MO.0.A,11,281,1.4243772284574,0.266820524141553,0.745733983214777,ISL1
Hsapiens-SwissRegulon-MYB.SwissRegulon,11,284,1.40878385375144,0.270270966681359,0.745733983214777,MYB
Hsapiens-jaspar2016-GSX1-MA0892.1,14,377,1.35358592095761,0.263688782650815,0.745733983214777,GSX1
Hsapiens-jaspar2018-GSX1-MA0892.1,14,377,1.35358592095761,0.263688782650815,0.745733983214777,GSX1
Hsapiens-jaspar2022-GSX1-MA0892.1,14,377,1.35358592095761,0.263688782650815,0.745733983214777,GSX1
Hsapiens-jolma2013-GSX1,14,377,1.35358592095761,0.263688782650815,0.745733983214777,GSX1
Hsapiens-SwissRegulon-GSX1.SwissRegulon,14,377,1.35358592095761,0.263688782650815,0.745733983214777,GSX1
Hsapiens-jaspar2024-ZNF214-MA1975.2,14,379,1.34608947772818,0.265869718224237,0.745733983214777,ZNF214
Hsapiens-HOCOMOCOv10-LBX2_HUMAN.H10MO.D,14,381,1.33867171924493,0.268176443016743,0.745733983214777,LBX2
Hsapiens-HOCOMOCOv11-secondary-D-LBX2_HUMAN.H11MO.0.D,14,381,1.33867171924493,0.268176443016743,0.745733983214777,LBX2
Hsapiens-HOCOMOCOv13-ZNF587B.H13CORE.0.SG.A,18,500,1.31623916358133,0.262912300604127,0.745733983214777,ZNF587B
Hsapiens-SwissRegulon-HMX3.SwissRegulon,18,500,1.31623916358133,0.262912300604127,0.745733983214777,HMX3
Hsapiens-HOCOMOCOv10-HAND1_HUMAN.H10MO.D,18,502,1.31064860720541,0.264466384534793,0.745733983214777,HAND1
Hsapiens-SwissRegulon-AIRE.SwissRegulon,18,502,1.31064860720541,0.264466384534793,0.745733983214777,AIRE
Hsapiens-HOCOMOCOv13-DNTTIP1.H13CORE.0.PSG.A,18,503,1.30786795076144,0.265281294011371,0.745733983214777,DNTTIP1
Hsapiens-hPDI-PSMA6,23,650,1.29958163971554,0.263201688146226,0.745733983214777,PSMA6
Hsapiens-HOCOMOCOv13-ZN692.H13CORE.0.P.C,23,660,1.2781430621831,0.267741874325374,0.745733983214777,ZN692
Hsapiens-SwissRegulon-CREB1.SwissRegulon,23,660,1.2781430621831,0.267741874325374,0.745733983214777,CREB1
Hsapiens-HOCOMOCOv13-ZNF668.H13CORE.0.SG.A,23,664,1.2697484188513,0.27012953880417,0.745733983214777,ZNF668
Hsapiens-HOCOMOCOv13-MESP1.H13CORE.0.S.C,29,846,1.26330819396191,0.269626763467846,0.745733983214777,MESP1
Hsapiens-jaspar2024-NR2F1-MA0017.3,28,821,1.25480509487858,0.264394635102539,0.745733983214777,NR2F1
Hsapiens-HOCOMOCOv13-FOXB1.H13CORE.0.SM.B,28,825,1.24802242245268,0.266351821321714,0.745733983214777,FOXB1
Hsapiens-HOCOMOCOv10-KLF1_HUMAN.H10MO.C,42,1276,1.2220153339548,0.26608376318077,0.745733983214777,KLF1
Hsapiens-HOCOMOCOv10-FOXJ3_HUMAN.H10MO.A,58,2372,0.833034095352974,0.264021070977634,0.745733983214777,FOXJ3
Hsapiens-HOCOMOCOv11-core-A-FOXJ3_HUMAN.H11MO.0.A,58,2372,0.833034095352974,0.264021070977634,0.745733983214777,FOXJ3
Hsapiens-SwissRegulon-IKZF2.SwissRegulon,45,1889,0.816974413851243,0.262066309647063,0.745733983214777,IKZF2
Hsapiens-HOCOMOCOv13-FOXC2.H13CORE.0.SM.B,37,1577,0.809406608352886,0.266848048493214,0.745733983214777,FOXC2
Hsapiens-HOCOMOCOv13-MEF2A.H13CORE.0.P.B,30,1305,0.796716964363462,0.270277398923872,0.745733983214777,MEF2A
Hsapiens-HOCOMOCOv11-core-B-NKX61_HUMAN.H11MO.0.B,23,1049,0.761361268525351,0.266527964562791,0.745733983214777,NKX61
Hsapiens-jaspar2022-POU2F2-MA0507.2,18,838,0.749813333347337,0.26783440331777,0.745733983214777,POU2F2
Hsapiens-JASPAR_CORE-IRF2-MA0051.1,18,844,0.74385622612039,0.267729061858093,0.745733983214777,IRF2
Hsapiens-JASPAR_2014-IRF2-MA0051.1,18,844,0.74385622612039,0.267729061858093,0.745733983214777,IRF2
Hsapiens-jaspar2016-IRF2-MA0051.1,18,844,0.74385622612039,0.267729061858093,0.745733983214777,IRF2
Hsapiens-jaspar2018-IRF2-MA0051.1,18,844,0.74385622612039,0.267729061858093,0.745733983214777,IRF2
Hsapiens-jaspar2022-IRF2-MA0051.1,18,844,0.74385622612039,0.267729061858093,0.745733983214777,IRF2
Hsapiens-SwissRegulon-MEF2A.SwissRegulon,18,844,0.74385622612039,0.267729061858093,0.745733983214777,MEF2A
Hsapiens-jaspar2022-FLI1::FOXI1-MA1950.1,18,852,0.736043922026837,0.26855578935067,0.745733983214777,FLI1::FOXI1
Hsapiens-HOCOMOCOv13-TYY1.H13CORE.1.S.B,18,855,0.733151996046433,0.26914763289041,0.745733983214777,TYY1
Hsapiens-SwissRegulon-STAT5B.SwissRegulon,18,855,0.733151996046433,0.26914763289041,0.745733983214777,STAT5B
Hsapiens-jaspar2024-GATA4-MA0482.3,10,515,0.681807769926374,0.268756682692341,0.745733983214777,GATA4
Hsapiens-jaspar2018-MAFF-MA0495.2,10,519,0.676188574705008,0.268672706884502,0.745733983214777,MAFF
Hsapiens-jaspar2022-ZNF317-MA1593.1,10,519,0.676188574705008,0.268672706884502,0.745733983214777,ZNF317
Hsapiens-jaspar2018-ZNF282-MA1154.1,10,521,0.673472356127919,0.268792884837105,0.745733983214777,ZNF282
Hsapiens-jaspar2022-ZNF282-MA1154.1,10,521,0.673472356127919,0.268792884837105,0.745733983214777,ZNF282
Hsapiens-jolma2013-ZNF282,10,521,0.673472356127919,0.268792884837105,0.745733983214777,ZNF282
Hsapiens-SwissRegulon-ZNF282.SwissRegulon,10,521,0.673472356127919,0.268792884837105,0.745733983214777,ZNF282
Hsapiens-HOCOMOCOv13-ZNF497.H13CORE.0.SG.A,10,522,0.672091706817,0.268893235916623,0.745733983214777,ZNF497
Hsapiens-HOCOMOCOv13-TBX4.H13CORE.1.S.B,10,522,0.672091706817,0.268893235916623,0.745733983214777,TBX4
Hsapiens-HOCOMOCOv10-BSH_HUMAN.H10MO.D,10,524,0.669346211089603,0.269174037501301,0.745733983214777,BSH
Hsapiens-jaspar2022-ZNF136-MA1588.1,10,524,0.669346211089603,0.269174037501301,0.745733983214777,ZNF136
Hsapiens-jaspar2024-ZNF136-MA1588.1,10,524,0.669346211089603,0.269174037501301,0.745733983214777,ZNF136
Hsapiens-jaspar2016-ATF7-MA0834.1,10,525,0.667981304481993,0.269354311371904,0.745733983214777,ATF7
Hsapiens-jaspar2018-ATF7-MA0834.1,10,525,0.667981304481993,0.269354311371904,0.745733983214777,ATF7
Hsapiens-jaspar2022-ATF7-MA0834.1,10,525,0.667981304481993,0.269354311371904,0.745733983214777,ATF7
Hsapiens-jolma2013-ATF7,10,525,0.667981304481993,0.269354311371904,0.745733983214777,ATF7
Hsapiens-SwissRegulon-ATF7.SwissRegulon,10,525,0.667981304481993,0.269354311371904,0.745733983214777,ATF7
Hsapiens-jaspar2022-TFEC-MA0871.2,10,526,0.666621585632375,0.26956104585472,0.745733983214777,TFEC
Hsapiens-jaspar2024-FLI1::DRGX-MA1949.2,10,527,0.665267025013958,0.269794147140149,0.745733983214777,FLI1::DRGX
Hsapiens-HOCOMOCOv13-JDP2.H13CORE.0.SM.B,10,528,0.663917593323587,0.270053519261546,0.745733983214777,JDP2
Hsapiens-HOCOMOCOv11-secondary-D-BSH_HUMAN.H11MO.0.D,10,528,0.663917593323587,0.270053519261546,0.745733983214777,BSH
Hsapiens-jaspar2016-VAX1-MA0722.1,7,391,0.630189388300454,0.269731823488083,0.745733983214777,VAX1
Hsapiens-jaspar2016-VAX2-MA0723.1,7,391,0.630189388300454,0.269731823488083,0.745733983214777,VAX2
Hsapiens-jaspar2018-VAX1-MA0722.1,7,391,0.630189388300454,0.269731823488083,0.745733983214777,VAX1
Hsapiens-jaspar2018-VAX2-MA0723.1,7,391,0.630189388300454,0.269731823488083,0.745733983214777,VAX2
Hsapiens-jaspar2022-VAX1-MA0722.1,7,391,0.630189388300454,0.269731823488083,0.745733983214777,VAX1
Hsapiens-jolma2013-VAX1,7,391,0.630189388300454,0.269731823488083,0.745733983214777,VAX1
Hsapiens-jolma2013-VAX2,7,391,0.630189388300454,0.269731823488083,0.745733983214777,VAX2
Hsapiens-cisbp_1.02-M5628_1.02,7,392,0.628498613521972,0.269728268934205,0.745733983214777,MGA
Hsapiens-jaspar2016-MGA-MA0801.1,7,392,0.628498613521972,0.269728268934205,0.745733983214777,MGA
Hsapiens-jaspar2018-MGA-MA0801.1,7,392,0.628498613521972,0.269728268934205,0.745733983214777,MGA
Hsapiens-jaspar2022-MGA-MA0801.1,7,392,0.628498613521972,0.269728268934205,0.745733983214777,MGA
Hsapiens-jaspar2024-MGA-MA0801.1,7,392,0.628498613521972,0.269728268934205,0.745733983214777,MGA
Hsapiens-jolma2013-MGA,7,392,0.628498613521972,0.269728268934205,0.745733983214777,MGA
Hsapiens-SwissRegulon-MGA.SwissRegulon,7,392,0.628498613521972,0.269728268934205,0.745733983214777,MGA
Hsapiens-HOCOMOCOv13-DMTF1.H13CORE.0.PSGIB.A,7,393,0.626816441524545,0.269759939407477,0.745733983214777,DMTF1
Hsapiens-HOCOMOCOv10-TF2LX_HUMAN.H10MO.D,7,393,0.626816441524545,0.269759939407477,0.745733983214777,TF2LX
Hsapiens-jaspar2024-USF2-MA0526.5,7,393,0.626816441524545,0.269759939407477,0.745733983214777,USF2
Hsapiens-jaspar2024-OSR1-MA1542.2,1,121,0.293134058820792,0.265447808484331,0.745733983214777,OSR1
Hsapiens-jaspar2024-E2F3-MA0469.4,1,123,0.288294255161612,0.265717174850616,0.745733983214777,E2F3
Hsapiens-jaspar2024-TCF21-MA1568.2,1,125,0.283609319621499,0.266420158694232,0.745733983214777,TCF21
Hsapiens-HOCOMOCOv13-HSFY1.H13CORE.1.S.B,1,127,0.279071935854684,0.26754483319219,0.745733983214777,HSFY1
Hsapiens-HOCOMOCOv13-SIX2.H13CORE.2.SM.B,0,73,0,0.269090412927412,0.745733983214777,SIX2
Hsapiens-HOCOMOCOv13-OTX1.H13CORE.0.SM.B,8,196,1.48053354690371,0.270698535418024,0.746344540803699,OTX1
Hsapiens-HOCOMOCOv13-SPDEF.H13CORE.1.SM.B,7,399,0.616900446154381,0.270681710081832,0.746344540803699,SPDEF
Hsapiens-HOCOMOCOv13-ZN320.H13CORE.1.P.B,19,526,1.32256649601078,0.272596203739559,0.746822483792674,ZN320
Hsapiens-HOCOMOCOv13-ZXDB.H13CORE.0.PI.A,29,856,1.24679701500457,0.2730240739088,0.746822483792674,ZXDB
Hsapiens-hPDI-NR2F1,49,2029,0.827818104269257,0.273939396442238,0.746822483792674,NR2F1
Hsapiens-hPDI-RXRA,49,2029,0.827818104269257,0.273939396442238,0.746822483792674,RXRA
Hsapiens-jaspar2024-NR2C1-MA1535.2,49,2029,0.827818104269257,0.273939396442238,0.746822483792674,NR2C1
Hsapiens-jaspar2024-NR2C2-MA1536.2,49,2029,0.827818104269257,0.273939396442238,0.746822483792674,NR2C2
Hsapiens-hPDI-CBX7,49,2035,0.824542968426309,0.274071552828453,0.746822483792674,CBX7
Hsapiens-hPDI-MSRB3,49,2035,0.824542968426309,0.274071552828453,0.746822483792674,MSRB3
Hsapiens-hPDI-NUP133,49,2035,0.824542968426309,0.274071552828453,0.746822483792674,NUP133
Hsapiens-hPDI-RPS10,49,2035,0.824542968426309,0.274071552828453,0.746822483792674,RPS10
Hsapiens-hPDI-ZNF313,49,2035,0.824542968426309,0.274071552828453,0.746822483792674,RNF114
Hsapiens-hPDI-ZNF510,49,2035,0.824542968426309,0.274071552828453,0.746822483792674,ZNF510
Hsapiens-hPDI-ZNF655,49,2035,0.824542968426309,0.274071552828453,0.746822483792674,ZNF655
Hsapiens-HOCOMOCOv13-AHCTF1.H13CORE.0.B.B,48,1998,0.82305376276387,0.271174162717398,0.746822483792674,AHCTF1
Hsapiens-HOCOMOCOv13-ZN184.H13CORE.0.P.B,38,1624,0.805635271666847,0.271204090643674,0.746822483792674,ZN184
Hsapiens-jaspar2022-ZNF76-MA1716.1,24,1073,0.777903718309486,0.272969124755065,0.746822483792674,ZNF76
Hsapiens-JASPAR_CORE-SPI1-MA0080.2,24,1080,0.772076739634363,0.27300865948214,0.746822483792674,SPI1
Hsapiens-jaspar2016-SPI1-MA0080.2,24,1080,0.772076739634363,0.27300865948214,0.746822483792674,SPI1
Hsapiens-jaspar2018-SPI1-MA0080.2,24,1080,0.772076739634363,0.27300865948214,0.746822483792674,SPI1
Hsapiens-SwissRegulon-SPI1.SwissRegulon,24,1080,0.772076739634363,0.27300865948214,0.746822483792674,SPI1
Hsapiens-HOCOMOCOv13-NR2E1.H13CORE.0.SM.B,14,678,0.722852061261248,0.272360398183637,0.746822483792674,NR2E1
Hsapiens-SwissRegulon-TCF7L1.SwissRegulon,14,679,0.72168804071547,0.272328948479407,0.746822483792674,TCF7L1
Hsapiens-HOCOMOCOv11-secondary-A-PPARG_HUMAN.H11MO.1.A,14,680,0.720527441011401,0.272318618724688,0.746822483792674,PPARG
Hsapiens-HOCOMOCOv10-SOX10_HUMAN.H10MO.D,14,681,0.719370247082997,0.27232936540195,0.746822483792674,SOX10
Hsapiens-hPDI-RAB14,14,683,0.717066016730028,0.272413906535132,0.746822483792674,RAB14
Hsapiens-HOCOMOCOv13-E2F8.H13CORE.1.SM.B,14,685,0.714775230883264,0.272582194090376,0.746822483792674,E2F8
Hsapiens-HOCOMOCOv13-KAISO.H13CORE.1.P.B,14,685,0.714775230883264,0.272582194090376,0.746822483792674,KAISO
Hsapiens-HOCOMOCOv13-ZNF234.H13CORE.0.PSG.A,7,404,0.608862065004516,0.272391156446702,0.746822483792674,ZNF234
Hsapiens-jaspar2016-SCRT2-MA0744.1,7,406,0.605702138896952,0.273309508219688,0.746822483792674,SCRT2
Hsapiens-jaspar2018-SCRT2-MA0744.1,7,406,0.605702138896952,0.273309508219688,0.746822483792674,SCRT2
Hsapiens-jolma2013-SCRT2,7,406,0.605702138896952,0.273309508219688,0.746822483792674,SCRT2
Hsapiens-SwissRegulon-SCRT2.SwissRegulon,7,406,0.605702138896952,0.273309508219688,0.746822483792674,SCRT2
Hsapiens-HOCOMOCOv13-BCL6.H13CORE.0.PSM.A,19,530,1.31188427425759,0.274610949957229,0.748019396510046,BCL6
Hsapiens-jolma2013-FOXL1-2,39,1655,0.81178959178603,0.274856592712436,0.748415563605244,FOXL1
Hsapiens-jaspar2022-ZNF416-MA1979.1,24,687,1.28300469384839,0.275326534607641,0.749150613645623,ZNF416
Hsapiens-HOCOMOCOv11-secondary-A-MAZ_HUMAN.H11MO.1.A,111,3678,1.16392406022944,0.275327143453907,0.749150613645623,MAZ
Hsapiens-HOCOMOCOv13-ZBT7A.H13CORE.0.P.B,15,402,1.36214253355138,0.275540435612145,0.749259846272374,ZBT7A
Hsapiens-HOCOMOCOv10-ESR1_HUMAN.H10MO.S,19,532,1.306601320269,0.275768552336692,0.749259846272374,ESR1
Hsapiens-HOCOMOCOv10-RXRB_HUMAN.H10MO.C,24,688,1.28096399017903,0.275687517073643,0.749259846272374,RXRB
Hsapiens-HOCOMOCOv11-core-C-RXRB_HUMAN.H11MO.0.C,24,688,1.28096399017903,0.275687517073643,0.749259846272374,RXRB
Hsapiens-HOCOMOCOv13-MGAP.H13CORE.0.P.C,15,403,1.35858350743901,0.276179196462194,0.749830032125092,MGAP
Hsapiens-HOCOMOCOv11-core-A-CEBPA_HUMAN.H11MO.0.A,15,403,1.35858350743901,0.276179196462194,0.749830032125092,CEBPA
Hsapiens-cisbp_1.02-M4628_1.02,19,534,1.30135793465102,0.277025007209791,0.751853117314655,MAX
Hsapiens-HOCOMOCOv11-core-A-TBP_HUMAN.H11MO.0.A,24,692,1.27286014890519,0.277331221296334,0.752137578744487,TBP
Hsapiens-jolma2013-TBX1,19,887,0.746260259366047,0.277255207264734,0.752137578744487,TBX1
Hsapiens-HOCOMOCOv13-ZFP1.H13CORE.0.PSM.A,36,1091,1.21836749205735,0.277918840824523,0.7534576486818,ZFP1
Hsapiens-HOCOMOCOv11-secondary-D-ZN708_HUMAN.H11MO.1.D,15,406,1.34801160084724,0.278286812667236,0.754181496303188,ZN708
Hsapiens-HOCOMOCOv13-ZIC1.H13CORE.2.S.B,19,537,1.29356608000692,0.279092817284007,0.7560914952101,ZIC1
Hsapiens-jaspar2024-HIC2-MA0738.2,82,2652,1.1720549080534,0.279214219056348,0.756146121150058,HIC2
Hsapiens-HOCOMOCOv13-TYY2.H13CORE.0.PS.A,25,1113,0.780598858484718,0.279597028308157,0.756634132041169,TYY2
Hsapiens-HOCOMOCOv10-MEF2B_HUMAN.H10MO.D,25,1113,0.780598858484718,0.279597028308157,0.756634132041169,MEF2B
Hsapiens-HOCOMOCOv13-ARNT.H13CORE.0.P.B,6,133,1.63436751713141,0.28072056001103,0.7579753531099,ARNT
Hsapiens-HOCOMOCOv13-LHX8.H13CORE.1.M.C,8,202,1.43545650296089,0.282619353674805,0.7579753531099,LHX8
Hsapiens-cisbp_1.02-M2279_1.02,15,411,1.33073464272718,0.282424987986598,0.7579753531099,FOSL1
Hsapiens-JASPAR_2014-FOSL1-MA0477.1,15,411,1.33073464272718,0.282424987986598,0.7579753531099,FOSL1
Hsapiens-jaspar2016-FOSL1-MA0477.1,15,411,1.33073464272718,0.282424987986598,0.7579753531099,FOSL1
Hsapiens-jaspar2016-MSX1-MA0666.1,15,411,1.33073464272718,0.282424987986598,0.7579753531099,MSX1
Hsapiens-jaspar2018-FOSL1-MA0477.1,15,411,1.33073464272718,0.282424987986598,0.7579753531099,FOSL1
Hsapiens-jaspar2018-MSX1-MA0666.1,15,411,1.33073464272718,0.282424987986598,0.7579753531099,MSX1
Hsapiens-jaspar2022-JUND-MA0491.2,15,411,1.33073464272718,0.282424987986598,0.7579753531099,JUND
Hsapiens-jolma2013-MSX1-3,15,411,1.33073464272718,0.282424987986598,0.7579753531099,MSX1
Hsapiens-SwissRegulon-PHOX2B.SwissRegulon,15,411,1.33073464272718,0.282424987986598,0.7579753531099,PHOX2B
Hsapiens-hPDI-DUSP26,15,415,1.31721778599893,0.2862830996282,0.7579753531099,DUSP26
Hsapiens-jaspar2024-ZNF85-MA1720.2,19,539,1.28841969224572,0.280591916113688,0.7579753531099,ZNF85
Hsapiens-hPDI-TIMM8A,25,721,1.27392142325726,0.285843032601413,0.7579753531099,TIMM8A
Hsapiens-HOCOMOCOv13-FOXA2.H13CORE.1.SM.B,24,702,1.25300453973227,0.282812731599254,0.7579753531099,FOXA2
Hsapiens-jaspar2016-NFATC3-MA0625.1,30,896,1.23165487732697,0.28345937712006,0.7579753531099,NFATC3
Hsapiens-jaspar2018-NFATC3-MA0625.1,30,896,1.23165487732697,0.28345937712006,0.7579753531099,NFATC3
Hsapiens-HOCOMOCOv13-NFAC3.H13CORE.1.P.C,68,2174,1.17493307533443,0.285579542299348,0.7579753531099,NFAC3
Hsapiens-JASPAR_2014-MEF2A-MA0052.2,33,1428,0.798574707140242,0.285868259256348,0.7579753531099,MEF2A
Hsapiens-jaspar2016-MEF2A-MA0052.2,33,1428,0.798574707140242,0.285868259256348,0.7579753531099,MEF2A
Hsapiens-jaspar2018-MEF2A-MA0052.2,33,1428,0.798574707140242,0.285868259256348,0.7579753531099,MEF2A
Hsapiens-jaspar2024-FOXP2-MA0593.2,26,1149,0.786242422484882,0.286037710329046,0.7579753531099,FOXP2
Hsapiens-HOCOMOCOv10-ETV4_HUMAN.H10MO.B,26,1151,0.784645908741524,0.286085857459118,0.7579753531099,ETV4
Hsapiens-SwissRegulon-ETV4.SwissRegulon,26,1151,0.784645908741524,0.286085857459118,0.7579753531099,ETV4
Hsapiens-HOCOMOCOv11-core-A-TYY1_HUMAN.H11MO.0.A,26,1154,0.782261513658558,0.286257994609996,0.7579753531099,TYY1
Hsapiens-hPDI-LHX2,20,911,0.766018285581809,0.285193700332964,0.7579753531099,LHX2
Hsapiens-jaspar2024-HOXA7-MA1498.3,20,911,0.766018285581809,0.285193700332964,0.7579753531099,HOXA7
Hsapiens-HOCOMOCOv13-SOX9.H13CORE.2.S.B,20,914,0.763179312617063,0.285109020525863,0.7579753531099,SOX9
Hsapiens-HOCOMOCOv13-NANOG.H13CORE.0.P.B,20,915,0.762237124923025,0.285113337337892,0.7579753531099,NANOG
Hsapiens-HOCOMOCOv13-ATOH1.H13CORE.0.P.B,15,716,0.733072006831849,0.283648872353525,0.7579753531099,ATOH1
Hsapiens-HOCOMOCOv13-RFX5.H13CORE.0.PSG.A,15,718,0.730827455970433,0.283682202586395,0.7579753531099,RFX5
Hsapiens-HOCOMOCOv10-SMAD2_HUMAN.H10MO.C,15,718,0.730827455970433,0.283682202586395,0.7579753531099,SMAD2
Hsapiens-hPDI-CAT,15,722,0.726375624695439,0.283989882489019,0.7579753531099,CAT
Hsapiens-HOCOMOCOv13-ZN440.H13CORE.0.P.C,15,725,0.723068958153002,0.284430080181631,0.7579753531099,ZN440
Hsapiens-jolma2013-POU2F2,15,725,0.723068958153002,0.284430080181631,0.7579753531099,POU2F2
Hsapiens-HOCOMOCOv10-PEBB_HUMAN.H10MO.C,11,558,0.691512836526935,0.284045278041276,0.7579753531099,PEBB
Hsapiens-HOCOMOCOv11-core-C-PEBB_HUMAN.H11MO.0.C,11,558,0.691512836526935,0.284045278041276,0.7579753531099,PEBB
Hsapiens-HOCOMOCOv10-BARH1_HUMAN.H10MO.D,11,563,0.684907737594443,0.284859398779444,0.7579753531099,BARH1
Hsapiens-HOCOMOCOv10-JDP2_HUMAN.H10MO.D,11,563,0.684907737594443,0.284859398779444,0.7579753531099,JDP2
Hsapiens-HOCOMOCOv11-secondary-D-BARH1_HUMAN.H11MO.0.D,11,563,0.684907737594443,0.284859398779444,0.7579753531099,BARH1
Hsapiens-HOCOMOCOv11-secondary-D-JDP2_HUMAN.H11MO.0.D,11,563,0.684907737594443,0.284859398779444,0.7579753531099,JDP2
Hsapiens-jaspar2024-E2F6-MA0471.3,11,564,0.683600764630356,0.28509717275107,0.7579753531099,E2F6
Hsapiens-jaspar2024-TFDP1-MA1122.2,11,564,0.683600764630356,0.28509717275107,0.7579753531099,TFDP1
Hsapiens-HOCOMOCOv11-core-A-BATF_HUMAN.H11MO.0.A,11,565,0.68229841594104,0.28535972963061,0.7579753531099,BATF
Hsapiens-HOCOMOCOv11-core-A-PO2F2_HUMAN.H11MO.0.A,11,566,0.681000667020866,0.285646979526284,0.7579753531099,PO2F2
Hsapiens-jolma2013-RARG-3,11,566,0.681000667020866,0.285646979526284,0.7579753531099,RARG
Hsapiens-jaspar2022-MZF1-MA0056.2,11,567,0.679707493537044,0.285958830572846,0.7579753531099,MZF1
Hsapiens-jaspar2024-FOS::JUN-MA1126.2,11,567,0.679707493537044,0.285958830572846,0.7579753531099,FOS::JUN
Hsapiens-HOCOMOCOv13-ZBED5.H13CORE.0.PSGIB.A,5,301,0.586235971037227,0.284142716679177,0.7579753531099,ZBED5
Hsapiens-jolma2013-TGIF2LX,5,301,0.586235971037227,0.284142716679177,0.7579753531099,TGIF2LX
Hsapiens-SwissRegulon-TGIF2LX.SwissRegulon,5,301,0.586235971037227,0.284142716679177,0.7579753531099,TGIF2LX
Hsapiens-jaspar2022-MAF-MA1520.1,5,302,0.584218487854385,0.284133005153173,0.7579753531099,MAF
Hsapiens-HOCOMOCOv11-core-B-HXB4_HUMAN.H11MO.0.B,5,305,0.578245405450866,0.284376105462878,0.7579753531099,HXB4
Hsapiens-jaspar2016-TGIF1-MA0796.1,5,305,0.578245405450866,0.284376105462878,0.7579753531099,TGIF1
Hsapiens-jaspar2018-TGIF1-MA0796.1,5,305,0.578245405450866,0.284376105462878,0.7579753531099,TGIF1
Hsapiens-jaspar2022-TGIF1-MA0796.1,5,305,0.578245405450866,0.284376105462878,0.7579753531099,TGIF1
Hsapiens-jaspar2024-TGIF1-MA0796.1,5,305,0.578245405450866,0.284376105462878,0.7579753531099,TGIF1
Hsapiens-jolma2013-TGIF1,5,305,0.578245405450866,0.284376105462878,0.7579753531099,TGIF1
Hsapiens-jolma2013-GATA3,5,306,0.576280401454272,0.284547073148854,0.7579753531099,GATA3
Hsapiens-jolma2013-GATA3-2,5,306,0.576280401454272,0.284547073148854,0.7579753531099,GATA3
Hsapiens-HOCOMOCOv13-SOX30.H13CORE.1.SM.B,5,308,0.572388668309995,0.285022390674673,0.7579753531099,SOX30
Hsapiens-HOCOMOCOv13-ZN560.H13CORE.0.P.C,56,1757,1.19080408551792,0.286539834557647,0.758386259500732,ZN560
Hsapiens-HOCOMOCOv13-NFIL3.H13CORE.0.P.B,15,416,1.31387771598708,0.287321834792278,0.759917416453089,NFIL3
Hsapiens-HOCOMOCOv11-core-A-P53_HUMAN.H11MO.0.A,15,416,1.31387771598708,0.287321834792278,0.759917416453089,P53
Hsapiens-jaspar2024-FOSL2-MA0478.2,25,726,1.26427531876627,0.287555572768541,0.760266397525038,FOSL2
Hsapiens-jaspar2024-OVOL2-MA1545.2,6,137,1.58584040344307,0.28817900144581,0.76164506786934,OVOL2
Hsapiens-HOCOMOCOv11-secondary-D-OVOL2_HUMAN.H11MO.0.D,6,139,1.56262368973467,0.292388018307688,0.761679636808465,OVOL2
Hsapiens-hPDI-ZNF323,12,313,1.3958127681923,0.291492612555471,0.761679636808465,ZSCAN31
Hsapiens-HOCOMOCOv13-P53.H13CORE.0.P.B,12,315,1.38658978269142,0.293151792528518,0.761679636808465,P53
Hsapiens-SwissRegulon-PAX8.SwissRegulon,12,315,1.38658978269142,0.293151792528518,0.761679636808465,PAX8
Hsapiens-HOCOMOCOv13-NFKB1.H13CORE.0.PS.A,20,565,1.29566861498299,0.288822498596014,0.761679636808465,NFKB1
Hsapiens-jaspar2016-BCL6B-MA0731.1,20,568,1.28830347317806,0.290408824599733,0.761679636808465,BCL6B
Hsapiens-jaspar2018-BCL6B-MA0731.1,20,568,1.28830347317806,0.290408824599733,0.761679636808465,BCL6B
Hsapiens-jaspar2022-BCL6B-MA0731.1,20,568,1.28830347317806,0.290408824599733,0.761679636808465,BCL6B
Hsapiens-jaspar2024-BCL6B-MA0731.1,20,568,1.28830347317806,0.290408824599733,0.761679636808465,BCL6B
Hsapiens-jolma2013-BCL6B,20,568,1.28830347317806,0.290408824599733,0.761679636808465,BCL6B
Hsapiens-HOCOMOCOv13-ATF2.H13CORE.1.P.B,25,728,1.26045397329026,0.28837490124724,0.761679636808465,ATF2
Hsapiens-jaspar2024-ZNF343-MA1711.2,25,731,1.2547611574628,0.28974611896479,0.761679636808465,ZNF343
Hsapiens-HOCOMOCOv13-ZN479.H13CORE.0.P.C,31,929,1.22816047068072,0.290415424661172,0.761679636808465,ZN479
Hsapiens-HOCOMOCOv10-MAFA_HUMAN.H10MO.D,38,1163,1.20676033717696,0.290773783595285,0.761679636808465,MAFA
Hsapiens-HOCOMOCOv11-secondary-D-MAFA_HUMAN.H11MO.0.D,38,1163,1.20676033717696,0.290773783595285,0.761679636808465,MAFA
Hsapiens-SwissRegulon-CUX1.SwissRegulon,38,1165,1.2043339746677,0.291500942027331,0.761679636808465,CUX1
Hsapiens-JASPAR_2014-E2F1-MA0024.2,47,1464,1.19144422400365,0.2929384617763,0.761679636808465,E2F1
Hsapiens-jaspar2016-E2F1-MA0024.2,47,1464,1.19144422400365,0.2929384617763,0.761679636808465,E2F1
Hsapiens-jaspar2018-E2F1-MA0024.2,47,1464,1.19144422400365,0.2929384617763,0.761679636808465,E2F1
Hsapiens-HOCOMOCOv13-E2F8.H13CORE.0.P.C,21,948,0.77269394782971,0.293291020948071,0.761679636808465,E2F8
Hsapiens-hPDI-SND1,8,426,0.66105777813684,0.290163969028234,0.761679636808465,SND1
Hsapiens-jaspar2018-FOSL1::JUN(var.2)-MA1129.1,8,435,0.646606131384396,0.290881640855043,0.761679636808465,FOSL1::JUN(var.2)
Hsapiens-jaspar2022-FOSL1::JUN-MA1129.1,8,435,0.646606131384396,0.290881640855043,0.761679636808465,FOSL1::JUN
Hsapiens-jaspar2024-FOSL1::JUN-MA1129.1,8,435,0.646606131384396,0.290881640855043,0.761679636808465,FOSL1::JUN
Hsapiens-HOCOMOCOv11-core-A-GATA4_HUMAN.H11MO.0.A,8,437,0.643475472683865,0.291393858233212,0.761679636808465,GATA4
Hsapiens-jaspar2024-MEIS1-MA1639.2,8,437,0.643475472683865,0.291393858233212,0.761679636808465,MEIS1
Hsapiens-jaspar2022-ZNF667-MA1984.1,8,440,0.638832835009654,0.292397889766509,0.761679636808465,ZNF667
Hsapiens-jolma2013-HSF1,8,440,0.638832835009654,0.292397889766509,0.761679636808465,HSF1
Hsapiens-JASPAR_2014-SREBF1-MA0595.1,8,441,0.637299322350418,0.292794826800708,0.761679636808465,SREBF1
Hsapiens-jaspar2016-SREBF1-MA0595.1,8,441,0.637299322350418,0.292794826800708,0.761679636808465,SREBF1
Hsapiens-jaspar2018-SREBF1-MA0595.1,8,441,0.637299322350418,0.292794826800708,0.761679636808465,SREBF1
Hsapiens-jaspar2022-SREBF1-MA0595.1,8,441,0.637299322350418,0.292794826800708,0.761679636808465,SREBF1
Hsapiens-jaspar2024-SREBF1-MA0595.1,8,441,0.637299322350418,0.292794826800708,0.761679636808465,SREBF1
Hsapiens-jolma2013-HNF4A-6,8,441,0.637299322350418,0.292794826800708,0.761679636808465,HNF4A
Hsapiens-jaspar2016-RUNX1-MA0002.1,8,442,0.635772746944593,0.293222637153667,0.761679636808465,RUNX1
Hsapiens-jaspar2018-RUNX1-MA0002.1,8,442,0.635772746944593,0.293222637153667,0.761679636808465,RUNX1
Hsapiens-HOCOMOCOv13-ZN660.H13CORE.0.SM.B,5,316,0.557314303892357,0.288662183640409,0.761679636808465,ZN660
Hsapiens-jaspar2024-HOXD10-MA1506.2,5,316,0.557314303892357,0.288662183640409,0.761679636808465,HOXD10
Hsapiens-SwissRegulon-SIX2.SwissRegulon,3,211,0.503042819054906,0.28962360530553,0.761679636808465,SIX2
Hsapiens-jaspar2022-ATOH7-MA1468.1,3,213,0.498190911396309,0.289672817259733,0.761679636808465,ATOH7
Hsapiens-jaspar2024-ATOH7-MA1468.1,3,213,0.498190911396309,0.289672817259733,0.761679636808465,ATOH7
Hsapiens-HOCOMOCOv11-secondary-B-NR1H4_HUMAN.H11MO.1.B,3,216,0.491081507489725,0.290224720596609,0.761679636808465,NR1H4
Hsapiens-jaspar2022-OSR1-MA1542.1,3,218,0.486450604032789,0.290905445314028,0.761679636808465,OSR1
Hsapiens-jaspar2022-HOXA5-MA0158.2,3,218,0.486450604032789,0.290905445314028,0.761679636808465,HOXA5
Hsapiens-jaspar2024-HOXA5-MA0158.2,3,218,0.486450604032789,0.290905445314028,0.761679636808465,HOXA5
Hsapiens-JASPAR_CORE-FOXC1-MA0032.1,3,219,0.484174755737797,0.291338062822892,0.761679636808465,FOXC1
Hsapiens-JASPAR_2014-FOXC1-MA0032.1,3,219,0.484174755737797,0.291338062822892,0.761679636808465,FOXC1
Hsapiens-jaspar2016-FOXC1-MA0032.1,3,219,0.484174755737797,0.291338062822892,0.761679636808465,FOXC1
Hsapiens-jaspar2018-FOXC1-MA0032.1,3,219,0.484174755737797,0.291338062822892,0.761679636808465,FOXC1
Hsapiens-jaspar2024-TP73-MA0861.2,3,221,0.479669389654222,0.292385084928921,0.761679636808465,TP73
Hsapiens-HOCOMOCOv13-ZN554.H13CORE.0.P.C,39,1186,1.2170010904273,0.293467830070962,0.761873904344809,ZN554
Hsapiens-HOCOMOCOv11-secondary-A-E2F4_HUMAN.H11MO.1.A,39,1188,1.21459343011298,0.293849584429687,0.762599911780866,E2F4
Hsapiens-HOCOMOCOv13-PO6F1.H13CORE.0.SM.B,12,316,1.38202206723886,0.294041233892018,0.762832225057131,PO6F1
Hsapiens-hPDI-HOXB13,35,1483,0.817340332622191,0.294902626182947,0.76332176886389,HOXB13
Hsapiens-jaspar2016-MEF2A-MA0052.3,35,1485,0.815987639602233,0.294771222345742,0.76332176886389,MEF2A
Hsapiens-jaspar2018-MEF2A-MA0052.3,35,1485,0.815987639602233,0.294771222345742,0.76332176886389,MEF2A
Hsapiens-jolma2013-MEF2A,35,1485,0.815987639602233,0.294771222345742,0.76332176886389,MEF2A
Hsapiens-jaspar2024-FOXO1::FLI1-MA1956.2,16,750,0.746594189034153,0.294430442342185,0.76332176886389,FOXO1::FLI1
Hsapiens-HOCOMOCOv13-COE3.H13CORE.0.P.B,16,755,0.741133479393089,0.294447137292364,0.76332176886389,COE3
Hsapiens-HOCOMOCOv11-core-C-ZBT18_HUMAN.H11MO.0.C,16,760,0.735744542843622,0.294945323998017,0.76332176886389,ZBT18
Hsapiens-HOCOMOCOv10-MLXPL_HUMAN.H10MO.D,12,318,1.37297281160956,0.295938146293679,0.765085883394,MLXPL
Hsapiens-HOCOMOCOv11-secondary-D-MLXPL_HUMAN.H11MO.0.D,12,318,1.37297281160956,0.295938146293679,0.765085883394,MLXPL
Hsapiens-hPDI-PQBP1,16,439,1.33041376425905,0.295819147315746,0.765085883394,PQBP1
Hsapiens-jolma2013-E2F1,3,226,0.468754820699352,0.296036712144686,0.765085883394,E2F1
Hsapiens-HOCOMOCOv10-NOBOX_HUMAN.H10MO.C,16,440,1.32721425780935,0.296428773669611,0.765569332827913,NOBOX
Hsapiens-HOCOMOCOv11-core-C-NOBOX_HUMAN.H11MO.0.C,16,440,1.32721425780935,0.296428773669611,0.765569332827913,NOBOX
Hsapiens-cisbp_1.02-M4556_1.02,12,319,1.36849073013348,0.296944936850987,0.766637308447987,CEBPB
Hsapiens-HOCOMOCOv13-DMBX1.H13CORE.0.SM.B,9,222,1.47248821398968,0.29789874514276,0.766689472040962,DMBX1
Hsapiens-HOCOMOCOv13-SRF.H13CORE.0.PSM.A,16,442,1.32085866488307,0.297736967895959,0.766689472040962,SRF
Hsapiens-HOCOMOCOv10-HLTF_HUMAN.H10MO.D,20,579,1.26195086871942,0.298008021869226,0.766689472040962,HLTF
Hsapiens-HOCOMOCOv11-secondary-D-HLTF_HUMAN.H11MO.0.D,20,579,1.26195086871942,0.298008021869226,0.766689472040962,HLTF
Hsapiens-HOCOMOCOv13-ZN790.H13CORE.1.P.C,26,760,1.25649947126777,0.297363406912873,0.766689472040962,ZN790
Hsapiens-cisbp_1.02-M6153_1.02,12,588,0.716378447408122,0.298099196425832,0.766689472040962,ATF3
Hsapiens-HOCOMOCOv10-ATF3_HUMAN.H10MO.A,12,588,0.716378447408122,0.298099196425832,0.766689472040962,ATF3
Hsapiens-SwissRegulon-ATF3.SwissRegulon,12,588,0.716378447408122,0.298099196425832,0.766689472040962,ATF3
Hsapiens-SwissRegulon-TGIF1.SwissRegulon,12,588,0.716378447408122,0.298099196425832,0.766689472040962,TGIF1
Hsapiens-cisbp_1.02-M6180_1.02,12,590,0.713755971311089,0.298035739552653,0.766689472040962,CREB1
Hsapiens-HOCOMOCOv10-TBX4_HUMAN.H10MO.D,12,594,0.708563968953568,0.298198787647951,0.766689472040962,TBX4
Hsapiens-HOCOMOCOv11-secondary-D-TBX4_HUMAN.H11MO.0.D,12,594,0.708563968953568,0.298198787647951,0.766689472040962,TBX4
Hsapiens-jaspar2022-GATA6-MA1104.2,12,595,0.707276869829579,0.298299585721119,0.766689472040962,GATA6
Hsapiens-jolma2013-SOX15-3,12,597,0.704715599985958,0.298572746361871,0.767127568825875,SOX15
Hsapiens-HOCOMOCOv11-core-C-ZN136_HUMAN.H11MO.0.C,12,598,0.703441386036854,0.298744964262371,0.76730609975091,ZN136
Hsapiens-HOCOMOCOv11-core-A-MEF2B_HUMAN.H11MO.0.A,36,1525,0.816604435501937,0.299077519267313,0.767844767566013,MEF2B
Hsapiens-HOCOMOCOv13-SOX7.H13CORE.1.SM.B,12,600,0.700905693090801,0.299160299051693,0.767844767566013,SOX7
Hsapiens-jaspar2016-EOMES-MA0800.1,16,445,1.31143675149192,0.299918913055831,0.767944587457662,EOMES
Hsapiens-jaspar2018-EOMES-MA0800.1,16,445,1.31143675149192,0.299918913055831,0.767944587457662,EOMES
Hsapiens-jaspar2022-EOMES-MA0800.1,16,445,1.31143675149192,0.299918913055831,0.767944587457662,EOMES
Hsapiens-jolma2013-EOMES,16,445,1.31143675149192,0.299918913055831,0.767944587457662,EOMES
Hsapiens-SwissRegulon-HESX1.SwissRegulon,16,445,1.31143675149192,0.299918913055831,0.767944587457662,HESX1
Hsapiens-HOCOMOCOv10-MZF1_HUMAN.H10MO.D,26,766,1.24562000486737,0.299706107650907,0.767944587457662,MZF1
Hsapiens-HOCOMOCOv13-ZN567.H13CORE.0.P.C,40,1222,1.21161396110405,0.299413862126703,0.767944587457662,ZN567
Hsapiens-HOCOMOCOv13-ZNF12.H13CORE.2.S.C,12,322,1.3552114942469,0.300194488197434,0.768123546538758,ZNF12
Hsapiens-SwissRegulon-MLXIPL.SwissRegulon,12,322,1.3552114942469,0.300194488197434,0.768123546538758,MLXIPL
Hsapiens-HOCOMOCOv13-ZFP28.H13CORE.0.P.B,60,2429,0.843232949850899,0.300417110844766,0.768429931814917,ZFP28
Hsapiens-jaspar2022-ZNF324-MA1977.1,26,769,1.24024392857513,0.301123083380499,0.769873960084241,ZNF324
Hsapiens-SwissRegulon-PITX2.SwissRegulon,22,982,0.781559564141545,0.301187804440508,0.769873960084241,PITX2
Hsapiens-cisbp_1.02-M6346_1.02,12,323,1.35083988858448,0.301352890430125,0.770032411434349,MLXIPL
Hsapiens-jaspar2016-HNF1B-MA0153.2,21,600,1.28137383622544,0.302182940090409,0.770571655696574,HNF1B
Hsapiens-jaspar2018-HNF1B-MA0153.2,21,600,1.28137383622544,0.302182940090409,0.770571655696574,HNF1B
Hsapiens-jaspar2022-HNF1B-MA0153.2,21,600,1.28137383622544,0.302182940090409,0.770571655696574,HNF1B
Hsapiens-jaspar2024-HNF1B-MA0153.2,21,600,1.28137383622544,0.302182940090409,0.770571655696574,HNF1B
Hsapiens-jolma2013-HNF1B,21,600,1.28137383622544,0.302182940090409,0.770571655696574,HNF1B
Hsapiens-SwissRegulon-HNF1B.SwissRegulon,21,600,1.28137383622544,0.302182940090409,0.770571655696574,HNF1B
Hsapiens-SwissRegulon-DDIT3.SwissRegulon,16,448,1.30213611386323,0.302359989134904,0.770759985955154,DDIT3
Hsapiens-HOCOMOCOv10-ZBT49_HUMAN.H10MO.D,9,227,1.43913100201543,0.303514840794826,0.773025150149369,ZBT49
Hsapiens-HOCOMOCOv11-secondary-D-ZBT49_HUMAN.H11MO.0.D,9,227,1.43913100201543,0.303514840794826,0.773025150149369,ZBT49
Hsapiens-SwissRegulon-FOXO4.SwissRegulon,37,1556,0.823027797790097,0.30355907958068,0.773025150149369,FOXO4
Hsapiens-HOCOMOCOv10-FOXC2_HUMAN.H10MO.D,29,1258,0.800407390484289,0.303998345931706,0.773616233650395,FOXC2
Hsapiens-HOCOMOCOv11-secondary-D-FOXC2_HUMAN.H11MO.0.D,29,1258,0.800407390484289,0.303998345931706,0.773616233650395,FOXC2
Hsapiens-HOCOMOCOv13-ESR1.H13CORE.0.P.B,16,450,1.29600457518577,0.304128781262441,0.773632151205708,ESR1
Hsapiens-SwissRegulon-HNF4G.SwissRegulon,21,605,1.269922245667,0.30466117984313,0.773632151205708,HNF4G
Hsapiens-HOCOMOCOv10-TFDP1_HUMAN.H10MO.S,26,775,1.22961662579603,0.304439099524078,0.773632151205708,TFDP1
Hsapiens-JASPAR_2014-STAT1-MA0137.3,33,999,1.21641377859454,0.305239156204976,0.773632151205708,STAT1
Hsapiens-jaspar2016-STAT1-MA0137.3,33,999,1.21641377859454,0.305239156204976,0.773632151205708,STAT1
Hsapiens-jaspar2018-STAT1-MA0137.3,33,999,1.21641377859454,0.305239156204976,0.773632151205708,STAT1
Hsapiens-jaspar2022-STAT1-MA0137.3,33,999,1.21641377859454,0.305239156204976,0.773632151205708,STAT1
Hsapiens-HOCOMOCOv13-PO4F2.H13CORE.0.S.B,41,1256,1.20882794543422,0.304833171987557,0.773632151205708,PO4F2
Hsapiens-HOCOMOCOv13-ETV7.H13CORE.1.P.C,50,1569,1.18392736899036,0.305454707980403,0.773632151205708,ETV7
Hsapiens-HOCOMOCOv11-secondary-D-ETV7_HUMAN.H11MO.0.D,50,1569,1.18392736899036,0.305454707980403,0.773632151205708,ETV7
Hsapiens-HOCOMOCOv13-ZFP69.H13CORE.0.P.C,17,786,0.756813601011415,0.304607616214626,0.773632151205708,ZFP69
Hsapiens-HOCOMOCOv11-core-A-GFI1B_HUMAN.H11MO.0.A,17,788,0.754681395858839,0.304553596011631,0.773632151205708,GFI1B
Hsapiens-HOCOMOCOv13-ZN582.H13CORE.0.P.C,17,789,0.753619341812425,0.304554522203496,0.773632151205708,ZN582
Hsapiens-HOCOMOCOv10-ETV7_HUMAN.H10MO.D,17,798,0.744183402288741,0.305394396847906,0.773632151205708,ETV7
Hsapiens-HOCOMOCOv13-HXA6.H13CORE.0.SM.B,9,229,1.42619608187232,0.306132525390057,0.775086044792657,HXA6
Hsapiens-HOCOMOCOv11-core-A-PRD14_HUMAN.H11MO.0.A,12,327,1.33362078294218,0.306353002703184,0.775381422294164,PRD14
Hsapiens-HOCOMOCOv13-PAX1.H13CORE.0.SM.B,6,145,1.4968210529876,0.306782760498724,0.776206110489489,PAX1
Hsapiens-jaspar2024-IKZF2-MA2326.1,108,4163,0.86386731453042,0.306962587685153,0.776398092590724,IKZF2
Hsapiens-jaspar2022-RFX7-MA1554.1,9,232,1.40721192139526,0.310440778883126,0.776704523331301,RFX7
Hsapiens-HOCOMOCOv13-LBX2.H13CORE.2.M.C,12,328,1.32938861135516,0.307692825192349,0.776704523331301,LBX2
Hsapiens-SwissRegulon-NKX2-5.SwissRegulon,12,328,1.32938861135516,0.307692825192349,0.776704523331301,NKX2-5
Hsapiens-jaspar2022-DLX1-MA0879.2,12,329,1.32517487512508,0.309067823163251,0.776704523331301,DLX1
Hsapiens-jaspar2016-ZNF410-MA0752.1,12,330,1.32098667388535,0.310477620889816,0.776704523331301,ZNF410
Hsapiens-jaspar2018-ZNF410-MA0752.1,12,330,1.32098667388535,0.310477620889816,0.776704523331301,ZNF410
Hsapiens-jaspar2022-ZNF410-MA0752.1,12,330,1.32098667388535,0.310477620889816,0.776704523331301,ZNF410
Hsapiens-jolma2013-ZNF410,12,330,1.32098667388535,0.310477620889816,0.776704523331301,ZNF410
Hsapiens-SwissRegulon-ZNF410.SwissRegulon,12,330,1.32098667388535,0.310477620889816,0.776704523331301,ZNF410
Hsapiens-hPDI-ZNF385,21,613,1.25198822998478,0.309775394092628,0.776704523331301,ZNF385A
Hsapiens-jaspar2024-NHLH1-MA0048.3,27,799,1.24074540377275,0.308420092979034,0.776704523331301,NHLH1
Hsapiens-HOCOMOCOv11-core-C-ZN418_HUMAN.H11MO.0.C,34,1029,1.21793364348191,0.310768452992754,0.776704523331301,ZN418
Hsapiens-HOCOMOCOv10-NKX31_HUMAN.H10MO.C,30,1291,0.807049997008179,0.309548046916572,0.776704523331301,NKX31
Hsapiens-HOCOMOCOv13-ZNF76.H13CORE.1.SM.B,23,1025,0.781892280635238,0.308553776136726,0.776704523331301,ZNF76
Hsapiens-jaspar2024-ZNF76-MA1716.2,23,1026,0.781017646034369,0.308599051607431,0.776704523331301,ZNF76
Hsapiens-HOCOMOCOv13-ZN222.H13CORE.0.P.C,23,1034,0.77408146839284,0.309489695982517,0.776704523331301,ZN222
Hsapiens-jaspar2022-JUNB-MA1140.2,9,463,0.684091386001409,0.308759109785396,0.776704523331301,JUNB
Hsapiens-HOCOMOCOv11-core-A-PDX1_HUMAN.H11MO.0.A,9,467,0.677869386340689,0.308834695155333,0.776704523331301,PDX1
Hsapiens-jolma2013-SOX14-2,9,467,0.677869386340689,0.308834695155333,0.776704523331301,SOX14
Hsapiens-cisbp_1.02-M5932_1.02,9,470,0.673272366490242,0.309207162740859,0.776704523331301,TFEC
Hsapiens-SwissRegulon-SOX17.SwissRegulon,9,470,0.673272366490242,0.309207162740859,0.776704523331301,SOX17
Hsapiens-HOCOMOCOv13-CREM.H13CORE.0.PSM.A,9,471,0.671753036056757,0.309390877033977,0.776704523331301,CREM
Hsapiens-jaspar2018-JUNB(var.2)-MA1140.1,9,473,0.668733641966485,0.309846934657489,0.776704523331301,JUNB(var.2)
Hsapiens-jaspar2022-E2F8-MA0865.2,9,475,0.665739666544296,0.310420338133011,0.776704523331301,E2F8
Hsapiens-jaspar2024-LMX1A-MA0702.3,9,475,0.665739666544296,0.310420338133011,0.776704523331301,LMX1A
Hsapiens-jaspar2024-LMX1B-MA0703.3,9,475,0.665739666544296,0.310420338133011,0.776704523331301,LMX1B
Hsapiens-jaspar2024-VAX1-MA0722.2,9,475,0.665739666544296,0.310420338133011,0.776704523331301,VAX1
Hsapiens-jaspar2024-VSX1-MA0725.2,9,475,0.665739666544296,0.310420338133011,0.776704523331301,VSX1
Hsapiens-jaspar2024-VSX2-MA0726.2,9,475,0.665739666544296,0.310420338133011,0.776704523331301,VSX2
Hsapiens-SwissRegulon-PKNOX2.SwissRegulon,9,475,0.665739666544296,0.310420338133011,0.776704523331301,PKNOX2
Hsapiens-HOCOMOCOv13-MAF.H13CORE.1.PSM.A,6,337,0.628270986571907,0.310798493961528,0.776704523331301,MAF
Hsapiens-SwissRegulon-NR2E3.SwissRegulon,6,337,0.628270986571907,0.310798493961528,0.776704523331301,NR2E3
Hsapiens-JASPAR_2014-TAL1::GATA1-MA0140.2,6,340,0.622482210741693,0.310827395934832,0.776704523331301,TAL1::GATA1
Hsapiens-jaspar2016-GATA1::TAL1-MA0140.2,6,340,0.622482210741693,0.310827395934832,0.776704523331301,GATA1::TAL1
Hsapiens-jaspar2018-GATA1::TAL1-MA0140.2,6,340,0.622482210741693,0.310827395934832,0.776704523331301,GATA1::TAL1
Hsapiens-jaspar2022-GATA1::TAL1-MA0140.2,6,340,0.622482210741693,0.310827395934832,0.776704523331301,GATA1::TAL1
Hsapiens-SwissRegulon-HBP1.SwissRegulon,27,805,1.23046712486097,0.310974628873296,0.776812542827641,HBP1
Hsapiens-cisbp_1.02-M4678_1.02,13,628,0.726154367147797,0.311332948989356,0.77692103719001,MXI1
Hsapiens-HOCOMOCOv10-ZBT18_HUMAN.H10MO.D,13,630,0.723651180554585,0.311447009686983,0.77692103719001,ZBT18
Hsapiens-HOCOMOCOv11-core-B-NR1H3_HUMAN.H11MO.0.B,13,631,0.722405533812444,0.311538158573314,0.77692103719001,NR1H3
Hsapiens-hPDI-LRRFIP1,9,478,0.661295665574593,0.31149819888398,0.77692103719001,LRRFIP1
Hsapiens-cisbp_1.02-M5328_1.02,6,343,0.616794681012096,0.311222501944656,0.77692103719001,CREB3L1
Hsapiens-SwissRegulon-KLF3.SwissRegulon,13,633,0.719926039517168,0.311788381933383,0.777026167721201,KLF3
Hsapiens-HOCOMOCOv13-IRF5.H13CORE.1.S.B,6,345,0.613057938204773,0.311686606251026,0.777026167721201,IRF5
Hsapiens-SwissRegulon-DLX5.SwissRegulon,6,147,1.47608234284411,0.312128441550848,0.777614186105165,DLX5
Hsapiens-HOCOMOCOv13-SOX8.H13CORE.0.PSM.A,13,636,0.71623601783,0.312332541498842,0.777863205220023,SOX8
Hsapiens-jaspar2022-ZNF331-MA1726.1,27,808,1.22538522180372,0.312485866077689,0.777985644578086,ZNF331
Hsapiens-HOCOMOCOv13-SOX18.H13CORE.0.SM.B,6,349,0.605712917259927,0.313088542388471,0.779226365577972,SOX18
Hsapiens-HOCOMOCOv10-REL_HUMAN.H10MO.C,13,640,0.711369765618892,0.313370267862963,0.779667731735,REL
Hsapiens-HOCOMOCOv13-ARX.H13CORE.1.SM.B,9,234,1.39482626675192,0.313559798182088,0.779879498042628,ARX
Hsapiens-HOCOMOCOv13-ZN529.H13CORE.0.P.B,42,1307,1.1874955941294,0.313838161535921,0.78031199351258,ZN529
Hsapiens-hPDI-CD59,27,811,1.22034091176016,0.314150715050261,0.780738798313859,CD59
Hsapiens-HOCOMOCOv13-PO2F1.H13CORE.0.PS.A,18,821,0.767165662225515,0.314323412308177,0.780738798313859,PO2F1
Hsapiens-HOCOMOCOv13-FOXR2.H13CORE.0.M.C,18,826,0.761987158609581,0.314229198596991,0.780738798313859,FOXR2
Hsapiens-HOCOMOCOv13-MYBA.H13CORE.2.S.B,6,148,1.46592326918665,0.314896930695027,0.781401776145189,MYBA
Hsapiens-HOCOMOCOv10-CEBPB_HUMAN.H10MO.A,13,347,1.36440751954122,0.315709622797078,0.781401776145189,CEBPB
Hsapiens-HOCOMOCOv10-HMX3_HUMAN.H10MO.D,17,477,1.30070365373882,0.31500992281552,0.781401776145189,HMX3
Hsapiens-HOCOMOCOv11-secondary-D-HMX3_HUMAN.H11MO.0.D,17,477,1.30070365373882,0.31500992281552,0.781401776145189,HMX3
Hsapiens-cisbp_1.02-M5430_1.02,17,479,1.29492736948483,0.316264234741854,0.781401776145189,FIGLA
Hsapiens-jaspar2016-FIGLA-MA0820.1,17,479,1.29492736948483,0.316264234741854,0.781401776145189,FIGLA
Hsapiens-jaspar2018-FIGLA-MA0820.1,17,479,1.29492736948483,0.316264234741854,0.781401776145189,FIGLA
Hsapiens-jaspar2022-FIGLA-MA0820.1,17,479,1.29492736948483,0.316264234741854,0.781401776145189,FIGLA
Hsapiens-jolma2013-FIGLA,17,479,1.29492736948483,0.316264234741854,0.781401776145189,FIGLA
Hsapiens-SwissRegulon-FIGLA.SwissRegulon,17,479,1.29492736948483,0.316264234741854,0.781401776145189,FIGLA
Hsapiens-hPDI-GRHPR,65,2090,1.16255552681343,0.315726984559732,0.781401776145189,GRHPR
Hsapiens-SwissRegulon-FUBP1.SwissRegulon,40,1675,0.824557258989802,0.315601158467783,0.781401776145189,FUBP1
Hsapiens-HOCOMOCOv13-ZN768.H13CORE.0.P.B,24,1062,0.787215588288803,0.315749978289291,0.781401776145189,ZN768
Hsapiens-HOCOMOCOv10-MSX1_HUMAN.H10MO.D,24,1067,0.782959120165365,0.316181328335474,0.781401776145189,MSX1
Hsapiens-HOCOMOCOv11-secondary-D-MSX1_HUMAN.H11MO.0.D,24,1067,0.782959120165365,0.316181328335474,0.781401776145189,MSX1
Hsapiens-HOCOMOCOv10-TFAP4_HUMAN.H10MO.C,18,837,0.750814487307839,0.315584785742385,0.781401776145189,TFAP4
Hsapiens-cisbp_1.02-M3036_1.02,13,349,1.35623397580252,0.317021846165448,0.78146408218143,CEBPB
Hsapiens-jaspar2016-LBX2-MA0699.1,13,349,1.35623397580252,0.317021846165448,0.78146408218143,LBX2
Hsapiens-jaspar2018-LBX2-MA0699.1,13,349,1.35623397580252,0.317021846165448,0.78146408218143,LBX2
Hsapiens-jaspar2022-LBX2-MA0699.1,13,349,1.35623397580252,0.317021846165448,0.78146408218143,LBX2
Hsapiens-jolma2013-LBX2-2,13,349,1.35623397580252,0.317021846165448,0.78146408218143,LBX2
Hsapiens-SwissRegulon-LBX2.SwissRegulon,13,349,1.35623397580252,0.317021846165448,0.78146408218143,LBX2
Hsapiens-HOCOMOCOv13-ZNF676.H13CORE.0.PSG.A,22,639,1.260053775244,0.316497375745258,0.78146408218143,ZNF676
Hsapiens-cisbp_1.02-M4679_1.02,6,149,1.45590061187895,0.317727132657539,0.781670281412538,MXI1
Hsapiens-cisbp_1.02-M6352_1.02,6,149,1.45590061187895,0.317727132657539,0.781670281412538,MYCN
Hsapiens-HOCOMOCOv10-MYCN_HUMAN.H10MO.B,6,149,1.45590061187895,0.317727132657539,0.781670281412538,MYCN
Hsapiens-jaspar2024-MYCN-MA0104.5,6,149,1.45590061187895,0.317727132657539,0.781670281412538,MYCN
Hsapiens-SwissRegulon-MYCN.SwissRegulon,6,149,1.45590061187895,0.317727132657539,0.781670281412538,MYCN
Hsapiens-HOCOMOCOv13-CEBPD.H13CORE.0.P.B,13,350,1.35218222678943,0.317733428085214,0.781670281412538,CEBPD
Hsapiens-HOCOMOCOv13-FOXD2.H13CORE.1.SM.B,28,837,1.22806333158103,0.318644568800469,0.783653699167173,FOXD2
Hsapiens-HOCOMOCOv10-AIRE_HUMAN.H10MO.C,17,483,1.28351829641065,0.319099255031105,0.783997527434126,AIRE
Hsapiens-HOCOMOCOv11-core-C-AIRE_HUMAN.H11MO.0.C,17,483,1.28351829641065,0.319099255031105,0.783997527434126,AIRE
Hsapiens-hPDI-TIMELESS,71,2817,0.858270670134541,0.319099274789094,0.783997527434126,TIMELESS
Hsapiens-HOCOMOCOv13-NFKB2.H13CORE.0.PSM.A,17,485,1.27788432433582,0.320677294796592,0.787615493204784,NFKB2
Hsapiens-HOCOMOCOv13-OSR2.H13CORE.1.M.C,13,354,1.33620409278107,0.320943123251667,0.787750308106047,OSR2
Hsapiens-jaspar2024-FOS::JUN-MA0099.4,13,354,1.33620409278107,0.320943123251667,0.787750308106047,FOS::JUN
Hsapiens-jaspar2016-MYBL2-MA0777.1,4,89,1.62237816112459,0.32171959539859,0.788360780194248,MYBL2
Hsapiens-jaspar2018-MYBL2-MA0777.1,4,89,1.62237816112459,0.32171959539859,0.788360780194248,MYBL2
Hsapiens-jaspar2022-MYBL2-MA0777.1,4,89,1.62237816112459,0.32171959539859,0.788360780194248,MYBL2
Hsapiens-jaspar2024-MYBL2-MA0777.1,4,89,1.62237816112459,0.32171959539859,0.788360780194248,MYBL2
Hsapiens-jolma2013-MYBL2-4,4,89,1.62237816112459,0.32171959539859,0.788360780194248,MYBL2
Hsapiens-HOCOMOCOv10-PRD14_HUMAN.H10MO.C,13,355,1.33226580646931,0.321834973686857,0.788384853547766,PRD14
Hsapiens-HOCOMOCOv13-NKX32.H13CORE.0.PSM.A,13,356,1.32834963936948,0.322762016466411,0.788844731998568,NKX32
Hsapiens-HOCOMOCOv10-HES1_HUMAN.H10MO.D,17,487,1.27229662258188,0.322360516825961,0.788844731998568,HES1
Hsapiens-HOCOMOCOv11-secondary-D-HES1_HUMAN.H11MO.0.D,17,487,1.27229662258188,0.322360516825961,0.788844731998568,HES1
Hsapiens-HOCOMOCOv11-secondary-A-SOX2_HUMAN.H11MO.1.A,25,1092,0.79804890618726,0.322568911423984,0.788844731998568,SOX2
Hsapiens-HOCOMOCOv13-ZN584.H13CORE.1.P.C,25,1093,0.79720274732985,0.322540870784502,0.788844731998568,ZN584
Hsapiens-HOCOMOCOv10-HXD10_HUMAN.H10MO.D,25,1099,0.792158129681668,0.322666179507398,0.788844731998568,HXD10
Hsapiens-HOCOMOCOv11-secondary-D-HXD10_HUMAN.H11MO.0.D,25,1099,0.792158129681668,0.322666179507398,0.788844731998568,HXD10
Hsapiens-HOCOMOCOv10-ISL1_HUMAN.H10MO.D,9,240,1.35890783609066,0.324043168523308,0.789021998651407,ISL1
Hsapiens-SwissRegulon-ISL1.SwissRegulon,9,240,1.35890783609066,0.324043168523308,0.789021998651407,ISL1
Hsapiens-HOCOMOCOv13-ZN771.H13CORE.0.SM.B,9,241,1.35309529046766,0.325947573716257,0.789021998651407,ZN771
Hsapiens-HOCOMOCOv10-CR3L1_HUMAN.H10MO.D,13,357,1.32446163712368,0.323723956567628,0.789021998651407,CR3L1
Hsapiens-HOCOMOCOv11-secondary-D-CR3L1_HUMAN.H11MO.0.D,13,357,1.32446163712368,0.323723956567628,0.789021998651407,CR3L1
Hsapiens-jaspar2022-RXRG-MA1556.1,13,358,1.32058887046059,0.324720495755187,0.789021998651407,RXRG
Hsapiens-jaspar2024-RXRG-MA1556.1,13,358,1.32058887046059,0.324720495755187,0.789021998651407,RXRG
Hsapiens-HOCOMOCOv10-STF1_HUMAN.H10MO.B,17,488,1.269519945321,0.323241128692877,0.789021998651407,STF1
Hsapiens-HOCOMOCOv10-CTCFL_HUMAN.H10MO.A,36,1101,1.2055429653036,0.324646657543374,0.789021998651407,CTCFL
Hsapiens-HOCOMOCOv11-secondary-D-ALX3_HUMAN.H11MO.0.D,19,869,0.76365483546011,0.323990928298147,0.789021998651407,ALX3
Hsapiens-HOCOMOCOv13-PBX2.H13CORE.2.P.C,19,870,0.762669588593523,0.324142317657976,0.789021998651407,PBX2
Hsapiens-SwissRegulon-IRF9.SwissRegulon,14,666,0.737092740973058,0.323872948998234,0.789021998651407,IRF9
Hsapiens-jaspar2022-ETV5::FOXO1-MA1947.1,14,667,0.735886462114537,0.323956142149006,0.789021998651407,ETV5::FOXO1
Hsapiens-jaspar2024-PKNOX1-MA0782.3,14,667,0.735886462114537,0.323956142149006,0.789021998651407,PKNOX1
Hsapiens-jaspar2022-PPARD-MA1550.1,14,671,0.731097273051008,0.324503797848987,0.789021998651407,PPARD
Hsapiens-HOCOMOCOv10-TBX3_HUMAN.H10MO.D,14,672,0.729908877205702,0.324694130312477,0.789021998651407,TBX3
Hsapiens-HOCOMOCOv11-core-B-ATOH1_HUMAN.H11MO.0.B,14,672,0.729908877205702,0.324694130312477,0.789021998651407,ATOH1
Hsapiens-HOCOMOCOv13-IRF9.H13CORE.0.PSM.A,14,673,0.728724010193233,0.324905703398493,0.789021998651407,IRF9
Hsapiens-jolma2013-MESP1,10,498,0.706696012065188,0.325943880011691,0.789021998651407,MESP1
Hsapiens-jolma2013-SOX9-3,10,498,0.706696012065188,0.325943880011691,0.789021998651407,SOX9
Hsapiens-SwissRegulon-MESP1.SwissRegulon,10,498,0.706696012065188,0.325943880011691,0.789021998651407,MESP1
Hsapiens-jaspar2016-LMX1A-MA0702.1,10,501,0.702181284252448,0.32584686262791,0.789021998651407,LMX1A
Hsapiens-jaspar2018-LMX1A-MA0702.1,10,501,0.702181284252448,0.32584686262791,0.789021998651407,LMX1A
Hsapiens-jolma2013-LMX1A,10,501,0.702181284252448,0.32584686262791,0.789021998651407,LMX1A
Hsapiens-jaspar2016-TBX1-MA0805.1,10,504,0.697720283110181,0.32600373381152,0.789021998651407,TBX1
Hsapiens-jaspar2018-TBX1-MA0805.1,10,504,0.697720283110181,0.32600373381152,0.789021998651407,TBX1
Hsapiens-jaspar2022-TBX1-MA0805.1,10,504,0.697720283110181,0.32600373381152,0.789021998651407,TBX1
Hsapiens-jaspar2024-TBX1-MA0805.1,10,504,0.697720283110181,0.32600373381152,0.789021998651407,TBX1
Hsapiens-jolma2013-TBX1-3,10,504,0.697720283110181,0.32600373381152,0.789021998651407,TBX1
Hsapiens-SwissRegulon-TBX1.SwissRegulon,10,504,0.697720283110181,0.32600373381152,0.789021998651407,TBX1
Hsapiens-HOCOMOCOv10-MEIS1_HUMAN.H10MO.C,10,505,0.696245056525969,0.326112018317732,0.789028398061271,MEIS1
Hsapiens-jaspar2024-ATF7-MA0834.2,10,506,0.694775658679968,0.32624813848605,0.789102119932742,ATF7
Hsapiens-HOCOMOCOv13-HIF3A.H13CORE.1.P.C,6,152,1.42662415099531,0.326572743809513,0.789375994664483,HIF3A
Hsapiens-HOCOMOCOv11-core-C-HIF1A_HUMAN.H11MO.0.C,6,152,1.42662415099531,0.326572743809513,0.789375994664483,HIF1A
Hsapiens-HOCOMOCOv11-secondary-D-CUX2_HUMAN.H11MO.0.D,10,509,0.690402094094194,0.326822489525371,0.789724093906502,CUX2
Hsapiens-jaspar2022-FLI1::DRGX-MA1949.1,10,510,0.688955669070646,0.327068915415651,0.790063948654429,FLI1::DRGX
Hsapiens-jolma2013-CUX2,4,251,0.563492345374679,0.327625274508479,0.791152012707348,CUX2
Hsapiens-HOCOMOCOv13-MZF1.H13CORE.0.P.B,23,673,1.25122528140846,0.327754215133016,0.791207573635583,MZF1
Hsapiens-JASPAR_CORE-REST-MA0138.2,23,675,1.2471761011741,0.328614773159557,0.79126535799733,REST
Hsapiens-JASPAR_2014-REST-MA0138.2,23,675,1.2471761011741,0.328614773159557,0.79126535799733,REST
Hsapiens-jaspar2016-REST-MA0138.2,23,675,1.2471761011741,0.328614773159557,0.79126535799733,REST
Hsapiens-jaspar2018-REST-MA0138.2,23,675,1.2471761011741,0.328614773159557,0.79126535799733,REST
Hsapiens-jaspar2022-REST-MA0138.2,23,675,1.2471761011741,0.328614773159557,0.79126535799733,REST
Hsapiens-HOCOMOCOv11-core-C-HNF1A_HUMAN.H11MO.0.C,29,875,1.21646538910207,0.328415886904707,0.79126535799733,HNF1A
Hsapiens-HOCOMOCOv13-LMX1A.H13CORE.0.SM.B,10,514,0.683226228848215,0.328326501566878,0.79126535799733,LMX1A
Hsapiens-jaspar2022-HOXB7-MA1501.1,4,255,0.554365572113364,0.328625671509937,0.79126535799733,HOXB7
Hsapiens-jolma2013-CUX1,6,153,1.41712052409982,0.329634564784598,0.792341257916407,CUX1
Hsapiens-HOCOMOCOv13-RFX7.H13CORE.0.SM.B,13,363,1.30154506672974,0.330211525799711,0.792341257916407,RFX7
Hsapiens-hPDI-MXD4,13,363,1.30154506672974,0.330211525799711,0.792341257916407,MXD4
Hsapiens-HOCOMOCOv13-FOSL1.H13CORE.0.P.B,18,510,1.28870865021506,0.330013341350417,0.792341257916407,FOSL1
Hsapiens-HOCOMOCOv13-NF2L2.H13CORE.1.P.B,18,510,1.28870865021506,0.330013341350417,0.792341257916407,NF2L2
Hsapiens-jolma2013-RUNX3-3,18,510,1.28870865021506,0.330013341350417,0.792341257916407,RUNX3
Hsapiens-SwissRegulon-NKX3-2.SwissRegulon,18,510,1.28870865021506,0.330013341350417,0.792341257916407,NKX3-2
Hsapiens-HOCOMOCOv11-core-C-ZN121_HUMAN.H11MO.0.C,34,1438,0.820137919644763,0.329919385760331,0.792341257916407,ZN121
Hsapiens-hPDI-ZNF207,34,1438,0.820137919644763,0.329919385760331,0.792341257916407,ZNF207
Hsapiens-jaspar2024-EHF-MA0598.4,34,1444,0.815979214224669,0.330239434448223,0.792341257916407,EHF
Hsapiens-HOCOMOCOv13-ZBT43.H13CORE.0.S.C,2,161,0.440347132668477,0.330163799410948,0.792341257916407,ZBT43
Hsapiens-HOCOMOCOv13-ZN483.H13CORE.0.P.C,37,1135,1.20241765278452,0.330731879998478,0.792425495353763,ZN483
Hsapiens-HOCOMOCOv13-PAX7.H13CORE.1.S.B,4,260,0.54335197883271,0.331061172042053,0.792425495353763,PAX7
Hsapiens-HOCOMOCOv10-E2F3_HUMAN.H10MO.B,4,260,0.54335197883271,0.331061172042053,0.792425495353763,E2F3
Hsapiens-jaspar2024-RFX7-MA1554.2,2,163,0.434832861037104,0.330791879399609,0.792425495353763,RFX7
Hsapiens-jaspar2016-GMEB2-MA0862.1,2,164,0.432126157888042,0.331229401056962,0.792425495353763,GMEB2
Hsapiens-jaspar2018-GMEB2-MA0862.1,2,164,0.432126157888042,0.331229401056962,0.792425495353763,GMEB2
Hsapiens-jaspar2022-GMEB2-MA0862.1,2,164,0.432126157888042,0.331229401056962,0.792425495353763,GMEB2
Hsapiens-jaspar2024-GMEB2-MA0862.1,2,164,0.432126157888042,0.331229401056962,0.792425495353763,GMEB2
Hsapiens-jolma2013-GMEB2-4,2,164,0.432126157888042,0.331229401056962,0.792425495353763,GMEB2
Hsapiens-HOCOMOCOv13-HIF1A.H13CORE.1.P.B,13,364,1.2977990813337,0.331409227578644,0.792601831823532,HIF1A
Hsapiens-HOCOMOCOv11-core-A-E2F6_HUMAN.H11MO.0.A,72,2334,1.15677458154853,0.33167143987055,0.792975027014449,E2F6
Hsapiens-jaspar2024-EGR4-MA0733.2,37,1141,1.19504243506773,0.332218026079053,0.793430271248978,EGR4
Hsapiens-HOCOMOCOv10-NFAC3_HUMAN.H10MO.B,20,894,0.78246567074875,0.332187929385732,0.793430271248978,NFAC3
Hsapiens-HOCOMOCOv11-core-B-NFAC3_HUMAN.H11MO.0.B,20,894,0.78246567074875,0.332187929385732,0.793430271248978,NFAC3
Hsapiens-HOCOMOCOv13-HOMEZ.H13CORE.0.S.B,4,262,0.539064233579233,0.332393000232702,0.793430271248978,HOMEZ
Hsapiens-HOCOMOCOv13-TFCP2.H13CORE.1.SM.B,4,262,0.539064233579233,0.332393000232702,0.793430271248978,TFCP2
Hsapiens-jaspar2016-GSC-MA0648.1,10,261,1.39115860765504,0.336584618323665,0.793590427198477,GSC
Hsapiens-jaspar2018-GSC-MA0648.1,10,261,1.39115860765504,0.336584618323665,0.793590427198477,GSC
Hsapiens-jaspar2022-GSC-MA0648.1,10,261,1.39115860765504,0.336584618323665,0.793590427198477,GSC
Hsapiens-jolma2013-GSC,10,261,1.39115860765504,0.336584618323665,0.793590427198477,GSC
Hsapiens-SwissRegulon-GSC.SwissRegulon,10,261,1.39115860765504,0.336584618323665,0.793590427198477,GSC
Hsapiens-jaspar2018-JUN::JUNB-MA1132.1,13,366,1.29036851408044,0.333901596580259,0.793590427198477,JUN::JUNB
Hsapiens-jaspar2022-JUN::JUNB-MA1132.1,13,366,1.29036851408044,0.333901596580259,0.793590427198477,JUN::JUNB
Hsapiens-HOCOMOCOv11-core-C-ZN549_HUMAN.H11MO.0.C,18,520,1.26223293254664,0.336053238952867,0.793590427198477,ZN549
Hsapiens-SwissRegulon-HOXB8.SwissRegulon,23,684,1.22924779174977,0.333484003865699,0.793590427198477,HOXB8
Hsapiens-jolma2013-EGR2-2,38,1169,1.19950611724055,0.336637695450987,0.793590427198477,EGR2
Hsapiens-HOCOMOCOv11-secondary-C-ZN563_HUMAN.H11MO.1.C,38,1170,1.19830430283702,0.336820838749361,0.793590427198477,ZN563
Hsapiens-hPDI-SCC-112,46,1454,1.16924075332933,0.334804475973861,0.793590427198477,PDS5A
Hsapiens-HOCOMOCOv10-CPEB1_HUMAN.H10MO.D,89,3457,0.871482259691341,0.336922646223908,0.793590427198477,CPEB1
Hsapiens-HOCOMOCOv11-secondary-D-CPEB1_HUMAN.H11MO.0.D,89,3457,0.871482259691341,0.336922646223908,0.793590427198477,CPEB1
Hsapiens-hPDI-YEATS4,45,1850,0.839552663773681,0.333270678428758,0.793590427198477,YEATS4
Hsapiens-hPDI-ZNF26,45,1850,0.839552663773681,0.333270678428758,0.793590427198477,ZNF26
Hsapiens-hPDI-FEZ1,35,1474,0.823472880681636,0.334583264593703,0.793590427198477,FEZ1
Hsapiens-hPDI-MYEF2,35,1474,0.823472880681636,0.334583264593703,0.793590427198477,MYEF2
Hsapiens-hPDI-TROVE2,35,1474,0.823472880681636,0.334583264593703,0.793590427198477,TROVE2
Hsapiens-SwissRegulon-POU2F2.SwissRegulon,20,907,0.769832794633594,0.333003382181144,0.793590427198477,POU2F2
Hsapiens-HOCOMOCOv11-core-B-HNF4G_HUMAN.H11MO.0.B,15,696,0.756226325140655,0.335524472084221,0.793590427198477,HNF4G
Hsapiens-JASPAR_2014-SMAD2::SMAD3::SMAD4-MA0513.1,15,697,0.75503707961153,0.335476927294803,0.793590427198477,SMAD2::SMAD3::SMAD4
Hsapiens-jaspar2016-SMAD2::SMAD3::SMAD4-MA0513.1,15,697,0.75503707961153,0.335476927294803,0.793590427198477,SMAD2::SMAD3::SMAD4
Hsapiens-jaspar2018-SMAD2::SMAD3::SMAD4-MA0513.1,15,697,0.75503707961153,0.335476927294803,0.793590427198477,SMAD2::SMAD3::SMAD4
Hsapiens-cisbp_1.02-M4597_1.02,15,698,0.7538512385525,0.335450184123781,0.793590427198477,ATF3
Hsapiens-HOCOMOCOv13-GFI1B.H13CORE.1.S.C,15,700,0.751489711499174,0.33545893063271,0.793590427198477,GFI1B
Hsapiens-jaspar2022-CDX4-MA1473.1,15,700,0.751489711499174,0.33545893063271,0.793590427198477,CDX4
Hsapiens-HOCOMOCOv13-TF7L1.H13CORE.0.PM.A,15,710,0.739881459817238,0.336734638392085,0.793590427198477,TF7L1
Hsapiens-cisbp_1.02-M6156_1.02,7,373,0.662173277600256,0.334517761930203,0.793590427198477,BACH1
Hsapiens-HOCOMOCOv13-ONEC3.H13CORE.0.S.B,7,374,0.660315643388126,0.33447401826119,0.793590427198477,ONEC3
Hsapiens-HOCOMOCOv13-ZNF703.H13CORE.0.P.C,7,377,0.654801858261325,0.334565727290022,0.793590427198477,ZNF703
Hsapiens-SwissRegulon-BACH1.SwissRegulon,7,377,0.654801858261325,0.334565727290022,0.793590427198477,BACH1
Hsapiens-HOCOMOCOv13-TRPS1.H13CORE.0.P.B,7,380,0.649375116104467,0.334988401682479,0.793590427198477,TRPS1
Hsapiens-HOCOMOCOv10-NR1H4_HUMAN.H10MO.C,7,380,0.649375116104467,0.334988401682479,0.793590427198477,NR1H4
Hsapiens-HOCOMOCOv13-ZNF251.H13CORE.0.PSGI.A,7,383,0.644033371787667,0.335737303001211,0.793590427198477,ZNF251
Hsapiens-HOCOMOCOv13-GATA3.H13CORE.0.PS.A,7,384,0.642271334482107,0.336058560980069,0.793590427198477,GATA3
Hsapiens-cisbp_1.02-M5633_1.02,7,386,0.638774643750068,0.336807336345166,0.793590427198477,MLXIPL
Hsapiens-jaspar2016-MLXIPL-MA0664.1,7,386,0.638774643750068,0.336807336345166,0.793590427198477,MLXIPL
Hsapiens-jaspar2018-MLXIPL-MA0664.1,7,386,0.638774643750068,0.336807336345166,0.793590427198477,MLXIPL
Hsapiens-jaspar2022-MLXIPL-MA0664.1,7,386,0.638774643750068,0.336807336345166,0.793590427198477,MLXIPL
Hsapiens-jolma2013-MLXIPL,7,386,0.638774643750068,0.336807336345166,0.793590427198477,MLXIPL
Hsapiens-HOCOMOCOv10-NDF2_HUMAN.H10MO.D,2,168,0.421621554730756,0.333779775011842,0.793590427198477,NDF2
Hsapiens-HOCOMOCOv13-IRX2.H13CORE.0.S.B,10,263,1.38022334087734,0.338596030119659,0.797280500934342,IRX2
Hsapiens-jaspar2024-MEF2C-MA0497.2,36,1511,0.825962639113262,0.339116008960911,0.798253221219364,MEF2C
Hsapiens-HOCOMOCOv13-ZN570.H13CORE.0.P.C,36,1516,0.822600580100295,0.339402591623311,0.798676104862796,ZN570
Hsapiens-cisbp_1.02-M4625_1.02,14,385,1.32407318427897,0.339888742287965,0.799316440852899,JUND
Hsapiens-HOCOMOCOv13-UNC4.H13CORE.1.S.B,14,385,1.32407318427897,0.339888742287965,0.799316440852899,UNC4
Hsapiens-HOCOMOCOv10-ZBT7A_HUMAN.H10MO.D,30,918,1.19839215518641,0.340078134667812,0.799510100042142,ZBT7A
Hsapiens-SwissRegulon-TFDP1.SwissRegulon,124,4169,1.15025805945986,0.340199053352413,0.799542709090363,TFDP1
Hsapiens-jaspar2022-ZNF214-MA1975.1,14,386,1.32046912240291,0.340521804530176,0.799546481620839,ZNF214
Hsapiens-HOCOMOCOv10-P5F1B_HUMAN.H10MO.D,21,932,0.787751114742676,0.340454804886842,0.799546481620839,P5F1B
Hsapiens-HOCOMOCOv11-secondary-D-P5F1B_HUMAN.H11MO.0.D,21,932,0.787751114742676,0.340454804886842,0.799546481620839,P5F1B
Hsapiens-HOCOMOCOv13-TF7L1.H13CORE.2.S.C,10,265,1.36945312291679,0.340792810834043,0.799643008223299,TF7L1
Hsapiens-cisbp_1.02-M6317_1.02,18,526,1.24683066137086,0.340880753153157,0.799643008223299,JUNB
Hsapiens-jaspar2024-TFAP2C-MA0814.3,24,713,1.23180658904002,0.34091386890259,0.799643008223299,TFAP2C
Hsapiens-JASPAR_2014-SP1-MA0079.3,113,3792,1.13919942681807,0.341205284135447,0.799643008223299,SP1
Hsapiens-jaspar2016-SP1-MA0079.3,113,3792,1.13919942681807,0.341205284135447,0.799643008223299,SP1
Hsapiens-jaspar2018-SP1-MA0079.3,113,3792,1.13919942681807,0.341205284135447,0.799643008223299,SP1
Hsapiens-hPDI-TRMT1,28,1199,0.813756216512862,0.341606394501771,0.799923851684226,TRMT1
Hsapiens-HOCOMOCOv10-RUNX1_HUMAN.H10MO.A,11,534,0.724877229835684,0.341730970996535,0.799923851684226,RUNX1
Hsapiens-HOCOMOCOv13-PDX1.H13CORE.0.P.B,11,538,0.719099324297101,0.341640560596129,0.799923851684226,PDX1
Hsapiens-jolma2013-FOXO6-3,11,540,0.716242456433557,0.341753515962561,0.799923851684226,FOXO6
Hsapiens-HOCOMOCOv13-ESX1.H13CORE.0.SM.B,7,171,1.48271441341612,0.342508981800615,0.800190568567566,ESX1
Hsapiens-jaspar2024-ZNF740-MA0753.3,14,389,1.30976810406206,0.342621261673148,0.800190568567566,ZNF740
Hsapiens-HOCOMOCOv10-ZKSC3_HUMAN.H10MO.D,14,391,1.30272531002752,0.344185399465105,0.800190568567566,ZKSC3
Hsapiens-HOCOMOCOv11-secondary-D-ZKSC3_HUMAN.H11MO.0.D,14,391,1.30272531002752,0.344185399465105,0.800190568567566,ZKSC3
Hsapiens-jaspar2018-ZNF24-MA1124.1,31,941,1.21042797528231,0.343089072905593,0.800190568567566,ZNF24
Hsapiens-jaspar2022-ZNF24-MA1124.1,31,941,1.21042797528231,0.343089072905593,0.800190568567566,ZNF24
Hsapiens-jaspar2024-ZNF24-MA1124.1,31,941,1.21042797528231,0.343089072905593,0.800190568567566,ZNF24
Hsapiens-HOCOMOCOv13-KLF5.H13CORE.0.PM.A,78,2551,1.14827747665218,0.343744890867709,0.800190568567566,KLF5
Hsapiens-HOCOMOCOv10-ZN713_HUMAN.H10MO.D,37,1542,0.832314729175027,0.343453877666583,0.800190568567566,ZN713
Hsapiens-HOCOMOCOv11-secondary-D-ZN713_HUMAN.H11MO.0.D,37,1542,0.832314729175027,0.343453877666583,0.800190568567566,ZN713
Hsapiens-jaspar2024-ETV5::DRGX-MA1944.2,11,545,0.709191979355403,0.342491891758796,0.800190568567566,ETV5::DRGX
Hsapiens-HOCOMOCOv10-PAX7_HUMAN.H10MO.D,11,546,0.707797372404715,0.342717012654585,0.800190568567566,PAX7
Hsapiens-HOCOMOCOv11-secondary-D-PAX7_HUMAN.H11MO.0.D,11,546,0.707797372404715,0.342717012654585,0.800190568567566,PAX7
Hsapiens-HOCOMOCOv13-ZN266.H13CORE.0.P.B,11,548,0.705084456062097,0.343243927354566,0.800190568567566,ZN266
Hsapiens-JASPAR_2014-AR-MA0007.2,11,548,0.705084456062097,0.343243927354566,0.800190568567566,AR
Hsapiens-jaspar2016-AR-MA0007.2,11,548,0.705084456062097,0.343243927354566,0.800190568567566,AR
Hsapiens-jaspar2018-AR-MA0007.2,11,548,0.705084456062097,0.343243927354566,0.800190568567566,AR
Hsapiens-hPDI-VSX1,11,549,0.703705055924544,0.343545517131734,0.800190568567566,VSX1
Hsapiens-HOCOMOCOv10-FOXO6_HUMAN.H10MO.D,11,551,0.70096126941268,0.344224433901137,0.800190568567566,FOXO6
Hsapiens-HOCOMOCOv10-ZN652_HUMAN.H10MO.D,11,551,0.70096126941268,0.344224433901137,0.800190568567566,ZN652
Hsapiens-HOCOMOCOv11-secondary-D-FOXO6_HUMAN.H11MO.0.D,11,551,0.70096126941268,0.344224433901137,0.800190568567566,FOXO6
Hsapiens-HOCOMOCOv11-secondary-D-ZN652_HUMAN.H11MO.0.D,11,551,0.70096126941268,0.344224433901137,0.800190568567566,ZN652
Hsapiens-HOCOMOCOv10-RARA_HUMAN.H10MO.C,19,545,1.27320713544553,0.345003603301337,0.801502927856202,RARA
Hsapiens-HOCOMOCOv11-secondary-A-RARA_HUMAN.H11MO.2.A,19,545,1.27320713544553,0.345003603301337,0.801502927856202,RARA
Hsapiens-HOCOMOCOv10-HES5_HUMAN.H10MO.D,7,174,1.45659448465249,0.346942369451521,0.802121242775823,HES5
Hsapiens-HOCOMOCOv11-secondary-D-HES5_HUMAN.H11MO.0.D,7,174,1.45659448465249,0.346942369451521,0.802121242775823,HES5
Hsapiens-jaspar2018-MYCN-MA0104.4,10,270,1.3432255488938,0.347068945062858,0.802121242775823,MYCN
Hsapiens-jaspar2022-MYCN-MA0104.4,10,270,1.3432255488938,0.347068945062858,0.802121242775823,MYCN
Hsapiens-HOCOMOCOv13-ZN418.H13CORE.0.P.B,31,950,1.19742197046131,0.34629071809541,0.802121242775823,ZN418
Hsapiens-jaspar2016-KLF16-MA0741.1,79,2591,1.14452503081745,0.346023929606739,0.802121242775823,KLF16
Hsapiens-jaspar2018-KLF16-MA0741.1,79,2591,1.14452503081745,0.346023929606739,0.802121242775823,KLF16
Hsapiens-jaspar2022-KLF16-MA0741.1,79,2591,1.14452503081745,0.346023929606739,0.802121242775823,KLF16
Hsapiens-jaspar2024-KLF16-MA0741.1,79,2591,1.14452503081745,0.346023929606739,0.802121242775823,KLF16
Hsapiens-jolma2013-KLF16,79,2591,1.14452503081745,0.346023929606739,0.802121242775823,KLF16
Hsapiens-SwissRegulon-KLF16.SwissRegulon,79,2591,1.14452503081745,0.346023929606739,0.802121242775823,KLF16
Hsapiens-jolma2013-IRF8,16,737,0.761138411654922,0.346493259405679,0.802121242775823,IRF8
Hsapiens-SwissRegulon-IRF8.SwissRegulon,16,737,0.761138411654922,0.346493259405679,0.802121242775823,IRF8
Hsapiens-JASPAR_2014-RFX2-MA0600.1,16,742,0.755484232977419,0.346946338823166,0.802121242775823,RFX2
Hsapiens-jaspar2016-RFX2-MA0600.1,16,742,0.755484232977419,0.346946338823166,0.802121242775823,RFX2
Hsapiens-jaspar2018-RFX2-MA0600.1,16,742,0.755484232977419,0.346946338823166,0.802121242775823,RFX2
Hsapiens-SwissRegulon-DBX2.SwissRegulon,16,743,0.754362519391887,0.347095442047323,0.802121242775823,DBX2
Hsapiens-HOCOMOCOv11-secondary-D-MYNN_HUMAN.H11MO.0.D,16,744,0.753243817922669,0.347263922735164,0.802262368978948,MYNN
Hsapiens-jaspar2022-TEAD4-MA0809.2,19,550,1.26078352166823,0.347384088301214,0.802291822981375,TEAD4
Hsapiens-HOCOMOCOv13-ZIK1.H13CORE.0.P.C,29,1243,0.811878294195912,0.347502309482059,0.802316769558422,ZIK1
Hsapiens-SwissRegulon-NRF1.SwissRegulon,38,1586,0.829882686092738,0.347825122329314,0.802704264748188,NRF1
Hsapiens-HOCOMOCOv13-SOX17.H13CORE.1.P.B,16,747,0.749905665280127,0.347885085686154,0.802704264748188,SOX17
Hsapiens-cisbp_1.02-M4570_1.02,14,397,1.28202264626771,0.349645517398996,0.806452161957155,JUND
Hsapiens-HOCOMOCOv11-secondary-D-TEAD2_HUMAN.H11MO.0.D,19,554,1.25100607659223,0.349725338409322,0.806452161957155,TEAD2
Hsapiens-HOCOMOCOv11-core-A-REST_HUMAN.H11MO.0.A,25,748,1.22336432201742,0.351191152802927,0.809582321075635,REST
Hsapiens-cisbp_1.02-M4623_1.02,14,399,1.27526010865036,0.351714565270453,0.809845624916874,JUNB
Hsapiens-HOCOMOCOv10-HXD12_HUMAN.H10MO.D,25,749,1.22156182857597,0.351624637379832,0.809845624916874,HXD12
Hsapiens-HOCOMOCOv11-secondary-D-HXD12_HUMAN.H11MO.0.D,25,749,1.22156182857597,0.351624637379832,0.809845624916874,HXD12
Hsapiens-SwissRegulon-FOXF1.SwissRegulon,39,1618,0.83522339709729,0.351739082505066,0.809845624916874,FOXF1
Hsapiens-jolma2013-SOX2-4,19,558,1.24136879595608,0.352445913259052,0.811205208948154,SOX2
Hsapiens-jaspar2022-CREB1-MA0018.4,25,751,1.21797124082301,0.352546807905437,0.811205208948154,CREB1
Hsapiens-HOCOMOCOv13-NDF1.H13CORE.1.S.C,7,178,1.42313792783717,0.353761480354926,0.811681711331729,NDF1
Hsapiens-HOCOMOCOv13-PRRX2.H13CORE.0.SM.B,10,276,1.31301302964308,0.35600386735448,0.811681711331729,PRRX2
Hsapiens-HOCOMOCOv13-THA.H13CORE.2.S.B,19,561,1.23423101492036,0.354729981914082,0.811681711331729,THA
Hsapiens-HOCOMOCOv10-HXA10_HUMAN.H10MO.C,19,561,1.23423101492036,0.354729981914082,0.811681711331729,HXA10
Hsapiens-HOCOMOCOv11-core-C-HXA10_HUMAN.H11MO.0.C,19,561,1.23423101492036,0.354729981914082,0.811681711331729,HXA10
Hsapiens-HOCOMOCOv13-HNF1A.H13CORE.0.PS.A,25,755,1.21084712783059,0.354609832781688,0.811681711331729,HNF1A
Hsapiens-HOCOMOCOv10-HNF1A_HUMAN.H10MO.A,25,757,1.20731330107028,0.355749430187116,0.811681711331729,HNF1A
Hsapiens-HOCOMOCOv11-secondary-B-ATF2_HUMAN.H11MO.1.B,25,759,1.20379809576674,0.356960214071097,0.811681711331729,ATF2
Hsapiens-HOCOMOCOv11-core-A-ZN335_HUMAN.H11MO.0.A,41,1277,1.18522268989973,0.354116369583634,0.811681711331729,ZN335
Hsapiens-jolma2013-CPEB1,52,1656,1.16424751089116,0.35694011700226,0.811681711331729,CPEB1
Hsapiens-SwissRegulon-CPEB1.SwissRegulon,52,1656,1.16424751089116,0.35694011700226,0.811681711331729,CPEB1
Hsapiens-HOCOMOCOv13-KLF13.H13CORE.0.PSM.A,64,2079,1.14559413727356,0.354324869111863,0.811681711331729,KLF13
Hsapiens-HOCOMOCOv11-core-A-NFYA_HUMAN.H11MO.0.A,30,1273,0.820669281131217,0.353018317716679,0.811681711331729,NFYA
Hsapiens-HOCOMOCOv13-ZN716.H13CORE.0.P.C,23,1009,0.796122197193729,0.356096037137833,0.811681711331729,ZN716
Hsapiens-HOCOMOCOv13-GATAD2A.H13CORE.0.SG.A,17,772,0.77204798186423,0.356837655755488,0.811681711331729,GATAD2A
Hsapiens-jolma2013-NR2E1,17,774,0.769837941975306,0.356914304162455,0.811681711331729,NR2E1
Hsapiens-SwissRegulon-NR2E1.SwissRegulon,17,774,0.769837941975306,0.356914304162455,0.811681711331729,NR2E1
Hsapiens-SwissRegulon-STAT6.SwissRegulon,12,571,0.739349773318289,0.356270601092948,0.811681711331729,STAT6
Hsapiens-SwissRegulon-ZNF652.SwissRegulon,12,575,0.733807936920501,0.356268543208236,0.811681711331729,ZNF652
Hsapiens-HOCOMOCOv10-MEIS2_HUMAN.H10MO.B,12,578,0.729762904102156,0.356525669519268,0.811681711331729,MEIS2
Hsapiens-HOCOMOCOv11-core-B-MEIS2_HUMAN.H11MO.0.B,12,578,0.729762904102156,0.356525669519268,0.811681711331729,MEIS2
Hsapiens-HOCOMOCOv13-NR2C2.H13CORE.0.SM.B,12,580,0.727049110616225,0.356819142780391,0.811681711331729,NR2C2
Hsapiens-cisbp_1.02-M6517_1.02,12,582,0.724353958377486,0.357209503969393,0.811681711331729,TFE3
Hsapiens-SwissRegulon-TFE3.SwissRegulon,12,582,0.724353958377486,0.357209503969393,0.811681711331729,TFE3
Hsapiens-cisbp_1.02-M5689_1.02,8,409,0.690090189366761,0.355779730747215,0.811681711331729,NRL
Hsapiens-jaspar2016-NRL-MA0842.1,8,409,0.690090189366761,0.355779730747215,0.811681711331729,NRL
Hsapiens-jaspar2018-NRL-MA0842.1,8,409,0.690090189366761,0.355779730747215,0.811681711331729,NRL
Hsapiens-jolma2013-NRL,8,409,0.690090189366761,0.355779730747215,0.811681711331729,NRL
Hsapiens-SwissRegulon-NRL.SwissRegulon,8,409,0.690090189366761,0.355779730747215,0.811681711331729,NRL
Hsapiens-jaspar2022-NKX6-3-MA1530.1,8,411,0.686549986270344,0.355712925508081,0.811681711331729,NKX6-3
Hsapiens-HOCOMOCOv10-PO2F3_HUMAN.H10MO.D,8,412,0.684792770670812,0.355730363930051,0.811681711331729,PO2F3
Hsapiens-HOCOMOCOv11-secondary-D-PO2F3_HUMAN.H11MO.0.D,8,412,0.684792770670812,0.355730363930051,0.811681711331729,PO2F3
Hsapiens-HOCOMOCOv13-ZNF569.H13CORE.0.SG.A,8,414,0.681303800162803,0.355866250142487,0.811681711331729,ZNF569
Hsapiens-HOCOMOCOv13-XBP1.H13CORE.0.PS.A,8,415,0.679571922571203,0.355984416332603,0.811681711331729,XBP1
Hsapiens-SwissRegulon-NR4A2.SwissRegulon,8,416,0.677848369281971,0.356135870027365,0.811681711331729,NR4A2
Hsapiens-jolma2013-MEIS3-2,8,417,0.676133080417215,0.35632046028743,0.811681711331729,MEIS3
Hsapiens-SwissRegulon-MEIS3.SwissRegulon,8,417,0.676133080417215,0.35632046028743,0.811681711331729,MEIS3
Hsapiens-HOCOMOCOv13-MLXPL.H13CORE.0.S.B,8,418,0.674425996671923,0.356538032223173,0.811681711331729,MLXPL
Hsapiens-HOCOMOCOv10-E4F1_HUMAN.H10MO.D,8,419,0.672727059307137,0.356788427053766,0.811681711331729,E4F1
Hsapiens-HOCOMOCOv11-secondary-D-E4F1_HUMAN.H11MO.0.D,8,419,0.672727059307137,0.356788427053766,0.811681711331729,E4F1
Hsapiens-SwissRegulon-E4F1.SwissRegulon,8,420,0.671036210143209,0.357071482166566,0.811681711331729,E4F1
Hsapiens-jaspar2024-GLIS1-MA0735.2,7,180,1.40696737168996,0.357540218821014,0.812152932055256,GLIS1
Hsapiens-SwissRegulon-GMEB1.SwissRegulon,10,277,1.30810336894994,0.357634354469104,0.812152932055256,GMEB1
Hsapiens-HOCOMOCOv10-HNF1B_HUMAN.H10MO.B,12,585,0.720345764220338,0.357975193274816,0.812679853668572,HNF1B
Hsapiens-jaspar2024-ZNF574-MA1982.2,26,776,1.22786138434844,0.358666731104642,0.812767540843619,ZNF574
Hsapiens-hPDI-DAZAP1,181,6665,0.857137351491209,0.358624504009988,0.812767540843619,DAZAP1
Hsapiens-hPDI-SSX3,181,6665,0.857137351491209,0.358624504009988,0.812767540843619,SSX3
Hsapiens-SwissRegulon-CBFB.SwissRegulon,12,587,0.717696383097212,0.358604681937279,0.812767540843619,CBFB
Hsapiens-HOCOMOCOv13-SCRT1.H13CORE.0.PSM.A,8,424,0.664352551109791,0.35852692242336,0.812767540843619,SCRT1
Hsapiens-HOCOMOCOv13-ZN250.H13CORE.0.P.C,8,424,0.664352551109791,0.35852692242336,0.812767540843619,ZN250
Hsapiens-HOCOMOCOv13-BARH2.H13CORE.2.S.C,7,181,1.39901611833033,0.359517988318871,0.813070630551923,BARH2
Hsapiens-HOCOMOCOv13-PO3F2.H13CORE.1.S.B,20,580,1.25960473834106,0.358954847177635,0.813070630551923,PO3F2
Hsapiens-SwissRegulon-RXRB.SwissRegulon,26,779,1.22262269533443,0.359530010845594,0.813070630551923,RXRB
Hsapiens-jolma2013-THRB-3,5,284,0.622706684297518,0.359557669462301,0.813070630551923,THRB
Hsapiens-cisbp_1.02-M2957_1.02,5,285,0.62044092294252,0.359536028777289,0.813070630551923,ARNT
Hsapiens-jolma2013-IRF5-2,5,286,0.618191004169459,0.359562497350784,0.813070630551923,IRF5
Hsapiens-SwissRegulon-IRF5.SwissRegulon,5,286,0.618191004169459,0.359562497350784,0.813070630551923,IRF5
Hsapiens-HOCOMOCOv13-PAX3.H13CORE.3.S.B,5,288,0.613738034328212,0.359758625936678,0.813267910750922,PAX3
Hsapiens-HOCOMOCOv13-ZN343.H13CORE.0.PSM.A,20,583,1.2526146331284,0.360145818714947,0.813650671500888,ZN343
Hsapiens-hPDI-COBRA1,5,290,0.609346477449203,0.360143707514754,0.813650671500888,NELFB
Hsapiens-jaspar2016-GLIS1-MA0735.1,7,182,1.3911522460969,0.361553203898468,0.814607418731995,GLIS1
Hsapiens-jaspar2018-GLIS1-MA0735.1,7,182,1.3911522460969,0.361553203898468,0.814607418731995,GLIS1
Hsapiens-jaspar2022-GLIS1-MA0735.1,7,182,1.3911522460969,0.361553203898468,0.814607418731995,GLIS1
Hsapiens-jolma2013-GLIS1,7,182,1.3911522460969,0.361553203898468,0.814607418731995,GLIS1
Hsapiens-SwissRegulon-GLIS1.SwissRegulon,7,182,1.3911522460969,0.361553203898468,0.814607418731995,GLIS1
Hsapiens-jaspar2022-TFAP2E-MA1569.1,15,422,1.29416968513553,0.361060040306029,0.814607418731995,TFAP2E
Hsapiens-cisbp_1.02-M6500_1.02,15,423,1.29093936404708,0.361659954547502,0.814607418731995,TAL1
Hsapiens-HOCOMOCOv10-TLX1_HUMAN.H10MO.S,15,423,1.29093936404708,0.361659954547502,0.814607418731995,TLX1
Hsapiens-jaspar2024-TEAD2-MA1121.2,15,423,1.29093936404708,0.361659954547502,0.814607418731995,TEAD2
Hsapiens-jaspar2024-TFAP2C-MA0524.3,20,586,1.24569609167985,0.361545294275327,0.814607418731995,TFAP2C
Hsapiens-hPDI-ZCCHC17,90,2986,1.13550421169426,0.361864589397309,0.814822616282333,ZCCHC17
Hsapiens-jaspar2024-ZIM3-MA1709.2,33,1024,1.18245027038606,0.362224028682865,0.815386157393707,ZIM3
Hsapiens-HOCOMOCOv11-secondary-D-DLX5_HUMAN.H11MO.0.D,20,588,1.24112294747831,0.362592651298292,0.815970024871029,DLX5
Hsapiens-HOCOMOCOv13-SPIB.H13CORE.0.P.B,42,1730,0.84015392189207,0.36335311552018,0.81743506621091,SPIB
Hsapiens-HOCOMOCOv13-IRX3.H13CORE.0.M.C,4,99,1.45666487040096,0.36371750900968,0.817762213965473,IRX3
Hsapiens-HOCOMOCOv13-NFIB.H13CORE.0.PSM.A,15,426,1.2813393867435,0.363642694078036,0.817762213965473,NFIB
Hsapiens-hPDI-BAT4,79,3090,0.870493982996037,0.363940738950393,0.818017869160544,GPANK1
Hsapiens-HOCOMOCOv13-NR1H4.H13CORE.1.P.B,15,427,1.27816936789214,0.364363916547726,0.81872265123194,NR1H4
Hsapiens-HOCOMOCOv13-NFE2.H13CORE.1.SM.B,11,294,1.35910426412155,0.36481337971783,0.819239667201585,NFE2
Hsapiens-jaspar2024-NFIX-MA1528.2,11,294,1.35910426412155,0.36481337971783,0.819239667201585,NFIX
Hsapiens-HOCOMOCOv13-BARH2.H13CORE.0.SM.B,7,184,1.37568093222016,0.365791508775601,0.819611020111209,BARH2
Hsapiens-jaspar2018-HIF1A-MA1106.1,7,185,1.36807071172948,0.367992366410818,0.819611020111209,HIF1A
Hsapiens-jaspar2022-HIF1A-MA1106.1,7,185,1.36807071172948,0.367992366410818,0.819611020111209,HIF1A
Hsapiens-jaspar2024-ESR1-MA0112.4,11,296,1.34957110735761,0.36627671885463,0.819611020111209,ESR1
Hsapiens-SwissRegulon-SIX4.SwissRegulon,11,298,1.34016588573183,0.367909606014353,0.819611020111209,SIX4
Hsapiens-HOCOMOCOv13-ATOH1.H13CORE.1.SM.B,7,189,1.33844515430969,0.377314508794737,0.819611020111209,ATOH1
Hsapiens-HOCOMOCOv13-GSC2.H13CORE.0.SM.B,11,301,1.32629951640968,0.370669960879913,0.819611020111209,GSC2
Hsapiens-jaspar2022-NR2F1-MA1538.1,11,301,1.32629951640968,0.370669960879913,0.819611020111209,NR2F1
Hsapiens-jaspar2024-NR2F1-MA1538.1,11,301,1.32629951640968,0.370669960879913,0.819611020111209,NR2F1
Hsapiens-jaspar2016-NFIA-MA0670.1,11,302,1.32173586864257,0.371671409240459,0.819611020111209,NFIA
Hsapiens-jaspar2018-NFIA-MA0670.1,11,302,1.32173586864257,0.371671409240459,0.819611020111209,NFIA
Hsapiens-jaspar2022-NFIA-MA0670.1,11,302,1.32173586864257,0.371671409240459,0.819611020111209,NFIA
Hsapiens-jolma2013-NFIA-2,11,302,1.32173586864257,0.371671409240459,0.819611020111209,NFIA
Hsapiens-SwissRegulon-NFIA.SwissRegulon,11,302,1.32173586864257,0.371671409240459,0.819611020111209,NFIA
Hsapiens-HOCOMOCOv10-HME2_HUMAN.H10MO.D,11,303,1.31720234072754,0.372712839081393,0.819611020111209,HME2
Hsapiens-HOCOMOCOv11-secondary-D-HME2_HUMAN.H11MO.0.D,11,303,1.31720234072754,0.372712839081393,0.819611020111209,HME2
Hsapiens-jaspar2022-PITX1-MA0682.2,11,304,1.31269863551626,0.373793834031504,0.819611020111209,PITX1
Hsapiens-HOCOMOCOv10-RHXF1_HUMAN.H10MO.D,11,306,1.30377952401602,0.376072834205173,0.819611020111209,RHXF1
Hsapiens-HOCOMOCOv11-secondary-D-RHXF1_HUMAN.H11MO.0.D,11,306,1.30377952401602,0.376072834205173,0.819611020111209,RHXF1
Hsapiens-HOCOMOCOv13-XBP1.H13CORE.1.M.B,15,433,1.25945671015404,0.36930945765835,0.819611020111209,XBP1
Hsapiens-SwissRegulon-HDX.SwissRegulon,15,437,1.24726704996948,0.37317879816871,0.819611020111209,HDX
Hsapiens-SwissRegulon-SMAD3.SwissRegulon,15,437,1.24726704996948,0.37317879816871,0.819611020111209,SMAD3
Hsapiens-HOCOMOCOv11-core-C-ZN490_HUMAN.H11MO.0.C,21,622,1.23236383351513,0.374720714227685,0.819611020111209,ZN490
Hsapiens-jaspar2022-HES1-MA1099.2,20,593,1.22982503111734,0.365604592409203,0.819611020111209,HES1
Hsapiens-jaspar2018-ZSCAN4-MA1155.1,20,595,1.22535902578835,0.366964240505475,0.819611020111209,ZSCAN4
Hsapiens-jaspar2022-ZSCAN4-MA1155.1,20,595,1.22535902578835,0.366964240505475,0.819611020111209,ZSCAN4
Hsapiens-jaspar2024-ZSCAN4-MA1155.1,20,595,1.22535902578835,0.366964240505475,0.819611020111209,ZSCAN4
Hsapiens-jolma2013-ZSCAN4,20,595,1.22535902578835,0.366964240505475,0.819611020111209,ZSCAN4
Hsapiens-SwissRegulon-ZSCAN4.SwissRegulon,20,595,1.22535902578835,0.366964240505475,0.819611020111209,ZSCAN4
Hsapiens-HOCOMOCOv11-secondary-C-ZNF41_HUMAN.H11MO.1.C,21,627,1.22170480155401,0.377333940443011,0.819611020111209,ZNF41
Hsapiens-jaspar2022-TCFL5-MA0632.2,27,821,1.2037927588955,0.371312717831438,0.819611020111209,TCFL5
Hsapiens-HOCOMOCOv10-UBIP1_HUMAN.H10MO.D,35,1080,1.19209606092949,0.371340271059647,0.819611020111209,UBIP1
Hsapiens-HOCOMOCOv11-secondary-D-UBIP1_HUMAN.H11MO.0.D,35,1080,1.19209606092949,0.371340271059647,0.819611020111209,UBIP1
Hsapiens-SwissRegulon-UBP1.SwissRegulon,35,1080,1.19209606092949,0.371340271059647,0.819611020111209,UBP1
Hsapiens-HOCOMOCOv13-ZSC31.H13CORE.0.P.C,35,1088,1.18195328549325,0.37324105666303,0.819611020111209,ZSC31
Hsapiens-HOCOMOCOv11-core-C-ZN350_HUMAN.H11MO.0.C,35,1093,1.17568933711099,0.374866823412395,0.819611020111209,ZN350
Hsapiens-HOCOMOCOv11-core-A-STA5A_HUMAN.H11MO.0.A,35,1094,1.17444340873269,0.375231876534022,0.819611020111209,STA5A
Hsapiens-HOCOMOCOv11-secondary-D-ETV6_HUMAN.H11MO.0.D,45,1431,1.15980929514877,0.376611064953605,0.819611020111209,ETV6
Hsapiens-HOCOMOCOv13-KLF2.H13CORE.0.S.C,54,1734,1.15392473297012,0.365524469743732,0.819611020111209,KLF2
Hsapiens-HOCOMOCOv13-SP4.H13CORE.0.P.C,112,3762,1.13589531132192,0.375795365637874,0.819611020111209,SP4
Hsapiens-HOCOMOCOv10-CEBPZ_HUMAN.H10MO.D,26,1114,0.815109324497557,0.376763761744885,0.819611020111209,CEBPZ
Hsapiens-HOCOMOCOv11-secondary-D-CEBPZ_HUMAN.H11MO.0.D,26,1114,0.815109324497557,0.376763761744885,0.819611020111209,CEBPZ
Hsapiens-JASPAR_CORE-IRF1-MA0050.1,26,1122,0.808352404563663,0.377328207111668,0.819611020111209,IRF1
Hsapiens-jaspar2016-IRF1-MA0050.1,26,1122,0.808352404563663,0.377328207111668,0.819611020111209,IRF1
Hsapiens-jaspar2018-IRF1-MA0050.1,26,1122,0.808352404563663,0.377328207111668,0.819611020111209,IRF1
Hsapiens-jaspar2024-ZFP42-MA1651.2,25,1083,0.805734649754847,0.370395602700242,0.819611020111209,ZFP42
Hsapiens-hPDI-GTF2B,25,1089,0.800596706294639,0.371163993247904,0.819611020111209,GTF2B
Hsapiens-jaspar2016-FOXO3-MA0157.1,19,840,0.793255330612149,0.375987529186281,0.819611020111209,FOXO3
Hsapiens-hPDI-USP39,19,841,0.79220034159481,0.375943145285218,0.819611020111209,USP39
Hsapiens-SwissRegulon-ZEB1.SwissRegulon,19,841,0.79220034159481,0.375943145285218,0.819611020111209,ZEB1
Hsapiens-HOCOMOCOv10-GBX2_HUMAN.H10MO.D,18,803,0.78634851749231,0.366777303943396,0.819611020111209,GBX2
Hsapiens-HOCOMOCOv11-secondary-D-GBX2_HUMAN.H11MO.0.D,18,803,0.78634851749231,0.366777303943396,0.819611020111209,GBX2
Hsapiens-HOCOMOCOv10-ARX_HUMAN.H10MO.D,18,805,0.784174785383013,0.366667934657668,0.819611020111209,ARX
Hsapiens-HOCOMOCOv11-secondary-D-ARX_HUMAN.H11MO.0.D,18,805,0.784174785383013,0.366667934657668,0.819611020111209,ARX
Hsapiens-cisbp_1.02-M6513_1.02,18,814,0.774524993206572,0.367068549854853,0.819611020111209,TFAP4
Hsapiens-HOCOMOCOv13-TWST1.H13CORE.0.P.B,13,607,0.753433066223225,0.369821271644111,0.819611020111209,TWST1
Hsapiens-jaspar2024-RUNX3-MA0684.3,13,608,0.752091378997194,0.369782843821919,0.819611020111209,RUNX3
Hsapiens-SwissRegulon-REST.SwissRegulon,13,608,0.752091378997194,0.369782843821919,0.819611020111209,REST
Hsapiens-HOCOMOCOv13-NR2F6.H13CORE.1.PSM.A,13,611,0.7480926509259,0.369807386394317,0.819611020111209,NR2F6
Hsapiens-jolma2013-RARA-5,13,612,0.746768447741773,0.369861973332095,0.819611020111209,RARA
Hsapiens-jolma2013-FOXJ2-2,13,613,0.745448562146906,0.36993965652501,0.819611020111209,FOXJ2
Hsapiens-HOCOMOCOv10-RUNX3_HUMAN.H10MO.C,13,616,0.741514600679557,0.370310599750232,0.819611020111209,RUNX3
Hsapiens-JASPAR_CORE-ESR2-MA0258.1,9,447,0.710092592997317,0.374889246953255,0.819611020111209,ESR2
Hsapiens-jaspar2016-ESR2-MA0258.1,9,447,0.710092592997317,0.374889246953255,0.819611020111209,ESR2
Hsapiens-jaspar2018-ESR2-MA0258.1,9,447,0.710092592997317,0.374889246953255,0.819611020111209,ESR2
Hsapiens-jaspar2016-ESRRB-MA0141.3,9,448,0.708413123248993,0.374897957660335,0.819611020111209,ESRRB
Hsapiens-jaspar2018-ESRRB-MA0141.3,9,448,0.708413123248993,0.374897957660335,0.819611020111209,ESRRB
Hsapiens-jaspar2022-ESRRB-MA0141.3,9,448,0.708413123248993,0.374897957660335,0.819611020111209,ESRRB
Hsapiens-jolma2013-ESRRB,9,448,0.708413123248993,0.374897957660335,0.819611020111209,ESRRB
Hsapiens-SwissRegulon-ESRRB.SwissRegulon,9,448,0.708413123248993,0.374897957660335,0.819611020111209,ESRRB
Hsapiens-cisbp_1.02-M1857_1.02,9,449,0.706741132173366,0.374937596152742,0.819611020111209,NFIL3
Hsapiens-jolma2013-SOX21-3,9,449,0.706741132173366,0.374937596152742,0.819611020111209,SOX21
Hsapiens-jaspar2016-MEIS2-MA0774.1,9,451,0.703419387086683,0.375109184631686,0.819611020111209,MEIS2
Hsapiens-jaspar2018-MEIS2-MA0774.1,9,451,0.703419387086683,0.375109184631686,0.819611020111209,MEIS2
Hsapiens-jaspar2022-MEIS2-MA0774.1,9,451,0.703419387086683,0.375109184631686,0.819611020111209,MEIS2
Hsapiens-jaspar2024-MEIS2-MA0774.1,9,451,0.703419387086683,0.375109184631686,0.819611020111209,MEIS2
Hsapiens-jolma2013-MEIS2-2,9,451,0.703419387086683,0.375109184631686,0.819611020111209,MEIS2
Hsapiens-HOCOMOCOv10-ZSCA4_HUMAN.H10MO.D,9,452,0.701769534699026,0.375240889520226,0.819611020111209,ZSCA4
Hsapiens-HOCOMOCOv13-NFE2.H13CORE.0.P.B,9,454,0.698491627543177,0.375595480853573,0.819611020111209,NFE2
Hsapiens-HOCOMOCOv13-ERR1.H13CORE.0.PSM.A,9,455,0.696863476978071,0.37581810080661,0.819611020111209,ERR1
Hsapiens-SwissRegulon-GATA5.SwissRegulon,9,455,0.696863476978071,0.37581810080661,0.819611020111209,GATA5
Hsapiens-HOCOMOCOv13-ZN580.H13CORE.0.SM.B,9,456,0.695242465257015,0.376070753517489,0.819611020111209,ZN580
Hsapiens-jaspar2022-ETV2::DRGX-MA1940.1,9,456,0.695242465257015,0.376070753517489,0.819611020111209,ETV2::DRGX
Hsapiens-cisbp_1.02-M2388_1.02,9,458,0.692021671335472,0.376665586550019,0.819611020111209,SREBF2
Hsapiens-JASPAR_2014-SREBF2-MA0596.1,9,458,0.692021671335472,0.376665586550019,0.819611020111209,SREBF2
Hsapiens-jaspar2016-SREBF2-MA0596.1,9,458,0.692021671335472,0.376665586550019,0.819611020111209,SREBF2
Hsapiens-jaspar2016-TFEC-MA0871.1,9,458,0.692021671335472,0.376665586550019,0.819611020111209,TFEC
Hsapiens-jaspar2018-SREBF2-MA0596.1,9,458,0.692021671335472,0.376665586550019,0.819611020111209,SREBF2
Hsapiens-jaspar2018-TFEC-MA0871.1,9,458,0.692021671335472,0.376665586550019,0.819611020111209,TFEC
Hsapiens-jaspar2022-SREBF2-MA0596.1,9,458,0.692021671335472,0.376665586550019,0.819611020111209,SREBF2
Hsapiens-jaspar2024-SREBF2-MA0596.1,9,458,0.692021671335472,0.376665586550019,0.819611020111209,SREBF2
Hsapiens-jolma2013-TFEC,9,458,0.692021671335472,0.376665586550019,0.819611020111209,TFEC
Hsapiens-SwissRegulon-TFEC.SwissRegulon,9,458,0.692021671335472,0.376665586550019,0.819611020111209,TFEC
Hsapiens-HOCOMOCOv13-MAFF.H13CORE.1.PSM.A,9,459,0.69042179664755,0.377007473229865,0.819611020111209,MAFF
Hsapiens-HOCOMOCOv10-SOX17_HUMAN.H10MO.D,9,459,0.69042179664755,0.377007473229865,0.819611020111209,SOX17
Hsapiens-JASPAR_CORE-NFIL3-MA0025.1,9,460,0.688828875819958,0.377378805484328,0.819611020111209,NFIL3
Hsapiens-JASPAR_2014-NFIL3-MA0025.1,9,460,0.688828875819958,0.377378805484328,0.819611020111209,NFIL3
Hsapiens-jaspar2016-NFIL3-MA0025.1,9,460,0.688828875819958,0.377378805484328,0.819611020111209,NFIL3
Hsapiens-jaspar2018-NFIL3-MA0025.1,9,460,0.688828875819958,0.377378805484328,0.819611020111209,NFIL3
Hsapiens-hPDI-NCALD,1,106,0.335253800426833,0.373014042197085,0.819611020111209,NCALD
Hsapiens-cisbp_1.02-M5307_1.02,1,108,0.328961867235499,0.373525524941628,0.819611020111209,BHLHE22
Hsapiens-jaspar2016-BHLHE23-MA0817.1,1,108,0.328961867235499,0.373525524941628,0.819611020111209,BHLHE23
Hsapiens-jaspar2018-BHLHE23-MA0817.1,1,108,0.328961867235499,0.373525524941628,0.819611020111209,BHLHE23
Hsapiens-jaspar2022-BHLHE23-MA0817.1,1,108,0.328961867235499,0.373525524941628,0.819611020111209,BHLHE23
Hsapiens-jolma2013-BHLHE22,1,108,0.328961867235499,0.373525524941628,0.819611020111209,BHLHE22
Hsapiens-SwissRegulon-BHLHE22.SwissRegulon,1,108,0.328961867235499,0.373525524941628,0.819611020111209,BHLHE22
Hsapiens-cisbp_1.02-M5692_1.02,1,112,0.317052109442845,0.376002640115555,0.819611020111209,OLIG2
Hsapiens-HOCOMOCOv13-OLIG1.H13CORE.0.S.B,1,112,0.317052109442845,0.376002640115555,0.819611020111209,OLIG1
Hsapiens-jaspar2016-OLIG2-MA0678.1,1,112,0.317052109442845,0.376002640115555,0.819611020111209,OLIG2
Hsapiens-jaspar2018-OLIG2-MA0678.1,1,112,0.317052109442845,0.376002640115555,0.819611020111209,OLIG2
Hsapiens-jaspar2022-OLIG2-MA0678.1,1,112,0.317052109442845,0.376002640115555,0.819611020111209,OLIG2
Hsapiens-jaspar2024-OLIG2-MA0678.1,1,112,0.317052109442845,0.376002640115555,0.819611020111209,OLIG2
Hsapiens-jolma2013-OLIG2-2,1,112,0.317052109442845,0.376002640115555,0.819611020111209,OLIG2
Hsapiens-jolma2013-EGR1,36,1116,1.18673638135427,0.377932778118552,0.820575558071938,EGR1
Hsapiens-jaspar2022-BNC2-MA1928.1,16,458,1.27201387251586,0.379671619788463,0.820895233930616,BNC2
Hsapiens-JASPAR_CORE-NHLH1-MA0048.1,21,631,1.21329918763229,0.379803929766925,0.820895233930616,NHLH1
Hsapiens-JASPAR_2014-NHLH1-MA0048.1,21,631,1.21329918763229,0.379803929766925,0.820895233930616,NHLH1
Hsapiens-jaspar2016-NHLH1-MA0048.1,21,631,1.21329918763229,0.379803929766925,0.820895233930616,NHLH1
Hsapiens-jaspar2018-NHLH1-MA0048.1,21,631,1.21329918763229,0.379803929766925,0.820895233930616,NHLH1
Hsapiens-HOCOMOCOv13-HXA9.H13CORE.2.P.B,28,851,1.20548907299803,0.378358283358174,0.820895233930616,HXA9
Hsapiens-HOCOMOCOv10-ELF3_HUMAN.H10MO.D,28,852,1.20390480297014,0.378654070770111,0.820895233930616,ELF3
Hsapiens-HOCOMOCOv10-TFCP2_HUMAN.H10MO.D,28,852,1.20390480297014,0.378654070770111,0.820895233930616,TFCP2
Hsapiens-HOCOMOCOv11-secondary-D-TFCP2_HUMAN.H11MO.0.D,28,852,1.20390480297014,0.378654070770111,0.820895233930616,TFCP2
Hsapiens-jaspar2024-NR3C1-MA0113.4,3,195,0.545440760373385,0.379142795446285,0.820895233930616,NR3C1
Hsapiens-jaspar2016-NR3C1-MA0113.3,3,197,0.539764413907011,0.379261397203312,0.820895233930616,NR3C1
Hsapiens-jaspar2018-NR3C1-MA0113.3,3,197,0.539764413907011,0.379261397203312,0.820895233930616,NR3C1
Hsapiens-jaspar2022-NR3C1-MA0113.3,3,197,0.539764413907011,0.379261397203312,0.820895233930616,NR3C1
Hsapiens-jolma2013-NR3C1,3,197,0.539764413907011,0.379261397203312,0.820895233930616,NR3C1
Hsapiens-HOCOMOCOv10-BHE22_HUMAN.H10MO.D,3,200,0.531462741847335,0.379948430003767,0.820895233930616,BHE22
Hsapiens-HOCOMOCOv11-secondary-D-BHE22_HUMAN.H11MO.0.D,3,200,0.531462741847335,0.379948430003767,0.820895233930616,BHE22
Hsapiens-hPDI-HCLS1,3,200,0.531462741847335,0.379948430003767,0.820895233930616,HCLS1
Hsapiens-SwissRegulon-HMX2.SwissRegulon,16,459,1.26907382966725,0.38021626429062,0.820998923962603,HMX2
Hsapiens-SwissRegulon-RARA.SwissRegulon,16,459,1.26907382966725,0.38021626429062,0.820998923962603,RARA
Hsapiens-SwissRegulon-LHX6.SwissRegulon,11,311,1.28198357614277,0.382432856347769,0.821504884747148,LHX6
Hsapiens-jaspar2022-JUNB-MA0490.2,16,463,1.25744064581386,0.382676040622415,0.821504884747148,JUNB
Hsapiens-HOCOMOCOv10-SMRC1_HUMAN.H10MO.D,36,1133,1.16602336794501,0.382851116897282,0.821504884747148,SMRC1
Hsapiens-jaspar2022-ZKSCAN5-MA1652.1,59,1907,1.14866941521809,0.381018823194814,0.821504884747148,ZKSCAN5
Hsapiens-hPDI-FAM119B,65,2572,0.867163800976871,0.382320860129271,0.821504884747148,METTL21B
Hsapiens-hPDI-PHTF1,65,2572,0.867163800976871,0.382320860129271,0.821504884747148,PHTF1
Hsapiens-hPDI-RUFY3,65,2572,0.867163800976871,0.382320860129271,0.821504884747148,RUFY3
Hsapiens-SwissRegulon-SRY.SwissRegulon,36,1489,0.841023961500152,0.382717461355111,0.821504884747148,SRY
Hsapiens-jolma2013-NR2F6-2,14,642,0.767169896540907,0.382494217881597,0.821504884747148,NR2F6
Hsapiens-HOCOMOCOv10-DUXA_HUMAN.H10MO.D,14,648,0.759441900740678,0.382461467012488,0.821504884747148,DUXA
Hsapiens-HOCOMOCOv11-secondary-D-DUXA_HUMAN.H11MO.0.D,14,648,0.759441900740678,0.382461467012488,0.821504884747148,DUXA
Hsapiens-jaspar2022-MAFF-MA0495.3,14,651,0.755631281461868,0.382740050545098,0.821504884747148,MAFF
Hsapiens-HOCOMOCOv10-CDX2_HUMAN.H10MO.C,14,652,0.754368861725977,0.382876212381929,0.821504884747148,CDX2
Hsapiens-jaspar2024-FOSL2::JUN-MA1131.2,14,652,0.754368861725977,0.382876212381929,0.821504884747148,FOSL2::JUN
Hsapiens-HOCOMOCOv13-ESR2.H13CORE.1.P.B,14,653,0.753110305532339,0.383033916291298,0.821504884747148,ESR2
Hsapiens-HOCOMOCOv10-ESR2_HUMAN.H10MO.S,14,653,0.753110305532339,0.383033916291298,0.821504884747148,ESR2
Hsapiens-HOCOMOCOv11-secondary-A-ESR2_HUMAN.H11MO.1.A,14,653,0.753110305532339,0.383033916291298,0.821504884747148,ESR2
Hsapiens-SwissRegulon-ESR2.SwissRegulon,14,653,0.753110305532339,0.383033916291298,0.821504884747148,ESR2
Hsapiens-jaspar2022-BARHL1-MA0877.3,3,203,0.523406421935682,0.381230856928873,0.821504884747148,BARHL1
Hsapiens-JASPAR_CORE-E2F1-MA0024.1,3,205,0.518166529809933,0.382407547027307,0.821504884747148,E2F1
Hsapiens-jaspar2016-E2F1-MA0024.1,3,205,0.518166529809933,0.382407547027307,0.821504884747148,E2F1
Hsapiens-jaspar2018-E2F1-MA0024.1,3,205,0.518166529809933,0.382407547027307,0.821504884747148,E2F1
Hsapiens-SwissRegulon-E2F2.SwissRegulon,3,205,0.518166529809933,0.382407547027307,0.821504884747148,E2F2
Hsapiens-jaspar2024-ZNF784-MA1717.2,3,206,0.515584735613345,0.383090308418037,0.821504884747148,ZNF784
Hsapiens-hPDI-ZNF720,3,208,0.510495616847493,0.384641057741686,0.824356975687993,ZNF720
Hsapiens-jolma2013-E2F3-3,3,208,0.510495616847493,0.384641057741686,0.824356975687993,E2F3
Hsapiens-SwissRegulon-TFCP2L1.SwissRegulon,22,653,1.23068485281347,0.385062527103788,0.825023526947272,TFCP2L1
Hsapiens-jaspar2022-BACH1-MA1633.2,16,467,1.24600672678291,0.385577000737599,0.825629693387876,BACH1
Hsapiens-jaspar2024-BACH1-MA1633.2,16,467,1.24600672678291,0.385577000737599,0.825629693387876,BACH1
Hsapiens-hPDI-GRHL1,20,890,0.786426950472831,0.385677065233672,0.825629693387876,GRHL1
Hsapiens-hPDI-RFXANK,22,656,1.22455458478866,0.386169699639075,0.825765492396583,RFXANK
Hsapiens-SwissRegulon-ISL2.SwissRegulon,22,656,1.22455458478866,0.386169699639075,0.825765492396583,ISL2
Hsapiens-jaspar2022-KLF6-MA1517.1,60,1954,1.13817684803716,0.386083789656875,0.825765492396583,KLF6
Hsapiens-HOCOMOCOv11-core-C-ETV5_HUMAN.H11MO.0.C,80,2639,1.13570141175972,0.386182737306368,0.825765492396583,ETV5
Hsapiens-hPDI-HNRPLL,3,210,0.505503426954311,0.386433864214723,0.826065979341662,HNRNPLL
Hsapiens-cisbp_1.02-M4553_1.02,6,321,0.660971569525251,0.387198587922394,0.826875033188753,BHLHE40
Hsapiens-HOCOMOCOv13-HXC9.H13CORE.1.S.C,6,322,0.65883259051588,0.387205792527979,0.826875033188753,HXC9
Hsapiens-SwissRegulon-NKX1-2.SwissRegulon,6,322,0.65883259051588,0.387205792527979,0.826875033188753,NKX1-2
Hsapiens-HOCOMOCOv13-TERF1.H13CORE.0.PSGB.A,6,323,0.656706853915195,0.387255170182656,0.826875033188753,TERF1
Hsapiens-HOCOMOCOv13-ARNT.H13CORE.1.P.B,16,470,1.23755899479325,0.388034941956932,0.82830322420015,ARNT
Hsapiens-jolma2013-CREB3L1-4,6,329,0.644223763627015,0.388423914430639,0.828659873431145,CREB3L1
Hsapiens-SwissRegulon-CREB3L1.SwissRegulon,6,329,0.644223763627015,0.388423914430639,0.828659873431145,CREB3L1
Hsapiens-HOCOMOCOv11-secondary-B-RARG_HUMAN.H11MO.1.B,22,662,1.21246071495198,0.388937939516966,0.829519551756773,RARG
Hsapiens-jaspar2024-IRF3-MA1418.2,28,1189,0.821813213794555,0.38930421236476,0.830063706009819,IRF3
Hsapiens-jaspar2022-ZNF784-MA1717.1,8,208,1.39298062436895,0.389563757733205,0.830380053227543,ZNF784
Hsapiens-HOCOMOCOv10-MAX_HUMAN.H10MO.A,16,472,1.23198682695583,0.389804994313956,0.830657204716386,MAX
Hsapiens-jolma2013-SOX2,16,473,1.2292184120808,0.390728837409643,0.832388387510731,SOX2
Hsapiens-cisbp_1.02-M6335_1.02,16,474,1.22646167716639,0.3916782819786,0.832748388300076,MAX
Hsapiens-hPDI-PLG,83,2749,1.13166365336497,0.391045782090607,0.832748388300076,PLG
Hsapiens-jaspar2024-ZNF354A-MA1978.2,38,1560,0.847153744492126,0.391293016144767,0.832748388300076,ZNF354A
Hsapiens-HOCOMOCOv11-core-A-MEF2C_HUMAN.H11MO.0.A,38,1566,0.843117208163772,0.391345252397522,0.832748388300076,MEF2C
Hsapiens-cisbp_1.02-M6345_1.02,6,336,0.630223546327659,0.391623139966702,0.832748388300076,MITF
Hsapiens-HOCOMOCOv13-ZBT37.H13CORE.0.M.C,6,336,0.630223546327659,0.391623139966702,0.832748388300076,ZBT37
Hsapiens-jaspar2024-GATA5-MA0766.3,6,336,0.630223546327659,0.391623139966702,0.832748388300076,GATA5
Hsapiens-HOCOMOCOv13-CEBPA.H13CORE.0.P.B,12,331,1.31682377626819,0.392236350767237,0.833270082454553,CEBPA
Hsapiens-jolma2013-RARA,10,485,0.726904990918571,0.392333398345313,0.833270082454553,RARA
Hsapiens-HOCOMOCOv11-core-A-GCR_HUMAN.H11MO.0.A,10,486,0.725312084854136,0.392393285621242,0.833270082454553,GCR
Hsapiens-cisbp_1.02-M3087_1.02,10,487,0.723725718074936,0.392481476780709,0.833270082454553,ATF2
Hsapiens-HOCOMOCOv11-core-A-NDF1_HUMAN.H11MO.0.A,10,487,0.723725718074936,0.392481476780709,0.833270082454553,NDF1
Hsapiens-HOCOMOCOv13-RUNX2.H13CORE.2.M.C,10,488,0.722145850388559,0.392597865455775,0.833280323128497,RUNX2
Hsapiens-HOCOMOCOv13-JUND.H13CORE.1.SM.B,12,332,1.31268595369108,0.392887711560376,0.833658612967172,JUND
Hsapiens-jolma2013-BARHL2-5,12,334,1.30448463300244,0.394303637417977,0.834056603759521,BARHL2
Hsapiens-SwissRegulon-BARHL2.SwissRegulon,12,334,1.30448463300244,0.394303637417977,0.834056603759521,BARHL2
Hsapiens-HOCOMOCOv13-MYT1.H13CORE.0.SG.A,21,924,0.795475230798092,0.393663981012818,0.834056603759521,MYT1
Hsapiens-HOCOMOCOv13-ZN550.H13CORE.0.P.C,15,678,0.77823207686827,0.394263988487435,0.834056603759521,ZN550
Hsapiens-HOCOMOCOv11-core-A-ATF3_HUMAN.H11MO.0.A,15,678,0.77823207686827,0.394263988487435,0.834056603759521,ATF3
Hsapiens-HOCOMOCOv13-ZBT14.H13CORE.1.S.B,15,680,0.775729513955057,0.394167570756335,0.834056603759521,ZBT14
Hsapiens-HOCOMOCOv13-P5F1B.H13CORE.0.S.B,15,684,0.770768253747213,0.394224107445574,0.834056603759521,P5F1B
Hsapiens-HOCOMOCOv13-DUXA.H13CORE.0.SM.B,10,494,0.712800915440122,0.39388198824248,0.834056603759521,DUXA
Hsapiens-jaspar2022-NR6A1-MA1541.1,10,494,0.712800915440122,0.39388198824248,0.834056603759521,NR6A1
Hsapiens-HOCOMOCOv10-IRX3_HUMAN.H10MO.D,10,495,0.711265443208381,0.394192515948993,0.834056603759521,IRX3
Hsapiens-HOCOMOCOv11-secondary-D-IRX3_HUMAN.H11MO.0.D,10,495,0.711265443208381,0.394192515948993,0.834056603759521,IRX3
Hsapiens-jaspar2024-GCM2-MA0767.2,5,121,1.49244062369932,0.395889069085577,0.834184217596843,GCM2
Hsapiens-jaspar2024-MNX1-MA0707.3,12,335,1.30042069127879,0.395067568367377,0.834184217596843,MNX1
Hsapiens-HOCOMOCOv11-secondary-A-TWST1_HUMAN.H11MO.1.A,17,492,1.25852609832992,0.39570561512593,0.834184217596843,TWST1
Hsapiens-JASPAR_CORE-MAX-MA0058.1,17,493,1.25580550874129,0.396150946554559,0.834184217596843,MAX
Hsapiens-jaspar2016-MAX-MA0058.1,17,493,1.25580550874129,0.396150946554559,0.834184217596843,MAX
Hsapiens-jaspar2018-MAX-MA0058.1,17,493,1.25580550874129,0.396150946554559,0.834184217596843,MAX
Hsapiens-SwissRegulon-MAX.SwissRegulon,17,493,1.25580550874129,0.396150946554559,0.834184217596843,MAX
Hsapiens-HOCOMOCOv11-core-A-STAT3_HUMAN.H11MO.0.A,30,920,1.19544693448175,0.39456325695503,0.834184217596843,STAT3
Hsapiens-HOCOMOCOv11-core-A-PO3F2_HUMAN.H11MO.0.A,30,923,1.19105298786572,0.395288851321608,0.834184217596843,PO3F2
Hsapiens-hPDI-RPL6,39,1596,0.849672181378019,0.395352917711595,0.834184217596843,RPL6
Hsapiens-HOCOMOCOv13-LEF1.H13CORE.1.P.B,29,1216,0.833239059023052,0.395165616220137,0.834184217596843,LEF1
Hsapiens-HOCOMOCOv11-core-C-FEZF1_HUMAN.H11MO.0.C,29,1225,0.826014183454815,0.395141692325699,0.834184217596843,FEZF1
Hsapiens-HOCOMOCOv10-ZEP1_HUMAN.H10MO.D,15,693,0.759814635885219,0.395551662541435,0.834184217596843,ZEP1
Hsapiens-HOCOMOCOv11-secondary-D-ZEP1_HUMAN.H11MO.0.D,15,693,0.759814635885219,0.395551662541435,0.834184217596843,ZEP1
Hsapiens-jolma2013-ALX3-3,15,693,0.759814635885219,0.395551662541435,0.834184217596843,ALX3
Hsapiens-jaspar2022-NR2F1-MA1537.1,15,695,0.757418989831155,0.39606907483548,0.834184217596843,NR2F1
Hsapiens-jaspar2018-PAX5-MA0014.3,12,339,1.28440466173148,0.39848881447022,0.836168731354706,PAX5
Hsapiens-jaspar2022-PAX5-MA0014.3,12,339,1.28440466173148,0.39848881447022,0.836168731354706,PAX5
Hsapiens-jaspar2024-NEUROD1-MA1109.2,12,339,1.28440466173148,0.39848881447022,0.836168731354706,NEUROD1
Hsapiens-cisbp_1.02-M6230_1.02,17,497,1.24503262030875,0.398196150443075,0.836168731354706,FOSL2
Hsapiens-HOCOMOCOv11-core-C-ZN317_HUMAN.H11MO.0.C,17,497,1.24503262030875,0.398196150443075,0.836168731354706,ZN317
Hsapiens-jaspar2022-BCL6-MA0463.2,17,497,1.24503262030875,0.398196150443075,0.836168731354706,BCL6
Hsapiens-HOCOMOCOv10-NR1I2_HUMAN.H10MO.S,17,498,1.24236643597785,0.398772663152425,0.836168731354706,NR1I2
Hsapiens-HOCOMOCOv11-secondary-D-NR1I2_HUMAN.H11MO.1.D,17,498,1.24236643597785,0.398772663152425,0.836168731354706,NR1I2
Hsapiens-SwissRegulon-NR1I2.SwissRegulon,17,498,1.24236643597785,0.398772663152425,0.836168731354706,NR1I2
Hsapiens-SwissRegulon-HOXB7.SwissRegulon,23,691,1.21562639327928,0.397342415812437,0.836168731354706,HOXB7
Hsapiens-HOCOMOCOv10-FOXD1_HUMAN.H10MO.D,23,694,1.20987275920675,0.398503734096683,0.836168731354706,FOXD1
Hsapiens-HOCOMOCOv11-secondary-D-FOXD1_HUMAN.H11MO.0.D,23,694,1.20987275920675,0.398503734096683,0.836168731354706,FOXD1
Hsapiens-jaspar2024-ZNF684-MA1600.2,23,694,1.20987275920675,0.398503734096683,0.836168731354706,ZNF684
Hsapiens-jaspar2024-ISL2-MA0914.2,39,1231,1.16471831906121,0.397568741532176,0.836168731354706,ISL2
Hsapiens-HOCOMOCOv11-core-A-PPARG_HUMAN.H11MO.0.A,39,1232,1.16359980699978,0.397823792759574,0.836168731354706,PPARG
Hsapiens-jaspar2024-TBR1-MA0802.2,17,499,1.23971093672471,0.399374948509334,0.836727006047611,TBR1
Hsapiens-HOCOMOCOv13-ZNF66.H13CORE.0.PG.A,23,696,1.20606455581654,0.399374986820154,0.836727006047611,ZNF66
Hsapiens-jaspar2024-POU4F1-MA0790.2,39,1237,1.15803434777635,0.3992784936614,0.836727006047611,POU4F1
Hsapiens-jaspar2016-SMAD3-MA0795.1,5,123,1.46780368653369,0.400343029798924,0.837297456018799,SMAD3
Hsapiens-jaspar2018-SMAD3-MA0795.1,5,123,1.46780368653369,0.400343029798924,0.837297456018799,SMAD3
Hsapiens-jaspar2022-SMAD3-MA0795.1,5,123,1.46780368653369,0.400343029798924,0.837297456018799,SMAD3
Hsapiens-jaspar2024-SMAD3-MA0795.1,5,123,1.46780368653369,0.400343029798924,0.837297456018799,SMAD3
Hsapiens-jolma2013-SMAD3,5,123,1.46780368653369,0.400343029798924,0.837297456018799,SMAD3
Hsapiens-jaspar2016-TCF4-MA0830.1,17,501,1.2344317375339,0.400656193307161,0.837297456018799,TCF4
Hsapiens-jaspar2018-TCF4-MA0830.1,17,501,1.2344317375339,0.400656193307161,0.837297456018799,TCF4
Hsapiens-jolma2013-TCF4,17,501,1.2344317375339,0.400656193307161,0.837297456018799,TCF4
Hsapiens-jaspar2024-PRDM1-MA0508.4,30,1255,0.834679230143295,0.400649692035399,0.837297456018799,PRDM1
Hsapiens-HOCOMOCOv10-LHX9_HUMAN.H10MO.D,22,947,0.814507191530474,0.401088408569986,0.837497714176468,LHX9
Hsapiens-HOCOMOCOv11-secondary-D-LHX9_HUMAN.H11MO.0.D,22,947,0.814507191530474,0.401088408569986,0.837497714176468,LHX9
Hsapiens-jaspar2022-YY2-MA0748.2,22,955,0.80676326977648,0.401076136684772,0.837497714176468,YY2
Hsapiens-HOCOMOCOv10-CRX_HUMAN.H10MO.C,12,342,1.27263847676997,0.401429149293902,0.837740798009543,CRX
Hsapiens-SwissRegulon-CRX.SwissRegulon,12,342,1.27263847676997,0.401429149293902,0.837740798009543,CRX
Hsapiens-jolma2013-PAX5,8,217,1.33368019445681,0.401929987639174,0.837849589080936,PAX5
Hsapiens-HOCOMOCOv10-ZKSC1_HUMAN.H10MO.C,23,701,1.19663910593973,0.401887766125276,0.837849589080936,ZKSC1
Hsapiens-HOCOMOCOv10-RXRA_HUMAN.H10MO.C,22,961,0.80104006492802,0.401707852176415,0.837849589080936,RXRA
Hsapiens-HOCOMOCOv11-core-B-STAT6_HUMAN.H11MO.0.B,22,962,0.800093137749716,0.401866027372199,0.837849589080936,STAT6
Hsapiens-SwissRegulon-HOXB3.SwissRegulon,12,343,1.26876214930399,0.402478740202148,0.838525442278896,HOXB3
Hsapiens-HOCOMOCOv13-PIT1.H13CORE.1.S.B,31,956,1.18888708026337,0.402430532239661,0.838525442278896,PIT1
Hsapiens-hPDI-LSM6,17,505,1.22399877334036,0.403520739848611,0.840202734913931,LSM6
Hsapiens-HOCOMOCOv13-ZN341.H13CORE.0.P.B,23,704,1.19104809312106,0.403621289713641,0.840202734913931,ZN341
Hsapiens-HOCOMOCOv13-ZN75D.H13CORE.1.P.B,23,704,1.19104809312106,0.403621289713641,0.840202734913931,ZN75D
Hsapiens-jolma2013-NHLH1,23,705,1.18919499497545,0.404236207599485,0.841079364426007,NHLH1
Hsapiens-HOCOMOCOv11-core-C-SMCA5_HUMAN.H11MO.0.C,31,963,1.17906388459055,0.404267628636948,0.841079364426007,SMCA5
Hsapiens-HOCOMOCOv13-FBXL19.H13CORE.0.PSGIB.A,5,125,1.44395545515811,0.4051187425304,0.841808447732498,FBXL19
Hsapiens-jaspar2024-EPAS1-MA2325.1,5,125,1.44395545515811,0.4051187425304,0.841808447732498,EPAS1
Hsapiens-jaspar2022-ZNF341-MA1655.1,17,507,1.21884401873327,0.405101308625104,0.841808447732498,ZNF341
Hsapiens-SwissRegulon-NR4A3.SwissRegulon,16,714,0.788166499505789,0.405276579491541,0.841808447732498,NR4A3
Hsapiens-HOCOMOCOv13-TF65.H13CORE.0.P.B,16,715,0.786955245345091,0.405220027560072,0.841808447732498,TF65
Hsapiens-HOCOMOCOv13-ZN502.H13CORE.0.P.C,16,721,0.779758206303582,0.405294306874557,0.841808447732498,ZN502
Hsapiens-HOCOMOCOv10-NFKB2_HUMAN.H10MO.D,17,508,1.21628186065767,0.405928051845745,0.842571273417884,NFKB2
Hsapiens-hPDI-GLYCTK,31,1287,0.841423706014212,0.406205287587328,0.842571273417884,GLYCTK
Hsapiens-JASPAR_CORE-MEF2A-MA0052.1,31,1300,0.831387605942047,0.406338429087056,0.842571273417884,MEF2A
Hsapiens-jaspar2016-MEF2A-MA0052.1,31,1300,0.831387605942047,0.406338429087056,0.842571273417884,MEF2A
Hsapiens-jaspar2018-MEF2A-MA0052.1,31,1300,0.831387605942047,0.406338429087056,0.842571273417884,MEF2A
Hsapiens-HOCOMOCOv11-secondary-D-NKX22_HUMAN.H11MO.0.D,16,728,0.771511444289585,0.406267137967522,0.842571273417884,NKX22
Hsapiens-HOCOMOCOv13-TIGD4.H13CORE.0.PSGI.A,5,127,1.42085857874366,0.410198891410232,0.842877175134232,TIGD4
Hsapiens-HOCOMOCOv10-GLIS3_HUMAN.H10MO.D,12,349,1.24597063596322,0.409480905599398,0.842877175134232,GLIS3
Hsapiens-HOCOMOCOv11-secondary-D-GLIS3_HUMAN.H11MO.0.D,12,349,1.24597063596322,0.409480905599398,0.842877175134232,GLIS3
Hsapiens-HOCOMOCOv10-NFIA_HUMAN.H10MO.C,17,509,1.21372976899859,0.406778861064667,0.842877175134232,NFIA
Hsapiens-HOCOMOCOv11-core-C-NFIA_HUMAN.H11MO.0.C,17,509,1.21372976899859,0.406778861064667,0.842877175134232,NFIA
Hsapiens-SwissRegulon-TCF3.SwissRegulon,24,727,1.20575503705803,0.408176164496551,0.842877175134232,TCF3
Hsapiens-cisbp_1.02-M2289_1.02,24,732,1.19669238492102,0.410100498369364,0.842877175134232,JUN
Hsapiens-JASPAR_2014-JUN-MA0488.1,24,732,1.19669238492102,0.410100498369364,0.842877175134232,JUN
Hsapiens-jaspar2016-JUN-MA0488.1,24,732,1.19669238492102,0.410100498369364,0.842877175134232,JUN
Hsapiens-jaspar2018-JUN-MA0488.1,24,732,1.19669238492102,0.410100498369364,0.842877175134232,JUN
Hsapiens-jaspar2022-JUN-MA0488.1,24,732,1.19669238492102,0.410100498369364,0.842877175134232,JUN
Hsapiens-HOCOMOCOv13-ZN480.H13CORE.1.P.C,32,993,1.18145043001986,0.410128815942105,0.842877175134232,ZN480
Hsapiens-HOCOMOCOv10-MYOG_HUMAN.H10MO.D,31,973,1.16527553270914,0.408129943384358,0.842877175134232,MYOG
Hsapiens-HOCOMOCOv13-ZNF814.H13CORE.0.PSG.A,23,991,0.812680052076096,0.408611348165243,0.842877175134232,ZNF814
Hsapiens-HOCOMOCOv10-PO3F2_HUMAN.H10MO.D,23,999,0.80524734662489,0.409540909856038,0.842877175134232,PO3F2
Hsapiens-HOCOMOCOv13-NFAC2.H13CORE.4.M.B,11,519,0.747337218264535,0.408187414321695,0.842877175134232,NFAC2
Hsapiens-HOCOMOCOv13-MGA.H13CORE.0.PSG.A,11,520,0.745799591196314,0.408186689994726,0.842877175134232,MGA
Hsapiens-cisbp_1.02-M4626_1.02,11,524,0.739707744797583,0.408446849412921,0.842877175134232,MAFK
Hsapiens-JASPAR_2014-GATA2-MA0036.2,11,524,0.739707744797583,0.408446849412921,0.842877175134232,GATA2
Hsapiens-jaspar2016-GATA2-MA0036.2,11,524,0.739707744797583,0.408446849412921,0.842877175134232,GATA2
Hsapiens-jaspar2018-GATA2-MA0036.2,11,524,0.739707744797583,0.408446849412921,0.842877175134232,GATA2
Hsapiens-HOCOMOCOv13-ZBTB47.H13CORE.0.PSG.A,11,526,0.736696550425674,0.408733488017982,0.842877175134232,ZBTB47
Hsapiens-hPDI-DGCR8,11,526,0.736696550425674,0.408733488017982,0.842877175134232,DGCR8
Hsapiens-hPDI-SFT2D1,11,526,0.736696550425674,0.408733488017982,0.842877175134232,SFT2D1
Hsapiens-hPDI-SRBD1,11,526,0.736696550425674,0.408733488017982,0.842877175134232,SRBD1
Hsapiens-HOCOMOCOv13-PRRX2.H13CORE.1.S.B,11,527,0.735199520149024,0.408915608052279,0.842877175134232,PRRX2
Hsapiens-HOCOMOCOv13-EOMES.H13CORE.0.PSM.A,11,528,0.733708157887669,0.409123458565862,0.842877175134232,EOMES
Hsapiens-HOCOMOCOv13-NKX63.H13CORE.0.SM.B,11,528,0.733708157887669,0.409123458565862,0.842877175134232,NKX63
Hsapiens-jaspar2024-ARGFX-MA1463.2,11,528,0.733708157887669,0.409123458565862,0.842877175134232,ARGFX
Hsapiens-hPDI-LUZP1,11,530,0.730742309106821,0.409615924464161,0.842877175134232,LUZP1
Hsapiens-HOCOMOCOv13-BATF3.H13CORE.0.P.B,11,531,0.729267759039211,0.409900319795842,0.842877175134232,BATF3
Hsapiens-HOCOMOCOv13-ATF6A.H13CORE.0.SM.B,11,532,0.727798749886125,0.41021000557142,0.842877175134232,ATF6A
Hsapiens-HOCOMOCOv10-GLI1_HUMAN.H10MO.C,11,532,0.727798749886125,0.41021000557142,0.842877175134232,GLI1
Hsapiens-jaspar2024-PPARA::RXRA-MA1148.2,24,733,1.19489468932219,0.410540490409453,0.843324236212377,PPARA::RXRA
Hsapiens-jaspar2024-FOXH1-MA0479.2,18,527,1.24429771020147,0.410904779327814,0.843376696015237,FOXH1
Hsapiens-SwissRegulon-ESR1.SwissRegulon,18,527,1.24429771020147,0.410904779327814,0.843376696015237,ESR1
Hsapiens-hPDI-TCEAL6,132,4506,1.12387701139389,0.410732611645936,0.843376696015237,TCEAL6
Hsapiens-HOCOMOCOv13-FOXC1.H13CORE.1.S.C,32,1327,0.841741856970425,0.411208881386485,0.843568399795774,FOXC1
Hsapiens-HOCOMOCOv13-IRF7.H13CORE.0.S.B,7,360,0.687261472120544,0.411449950522962,0.843568399795774,IRF7
Hsapiens-HOCOMOCOv13-P63.H13CORE.0.PS.A,7,360,0.687261472120544,0.411449950522962,0.843568399795774,P63
Hsapiens-HOCOMOCOv13-ZBT7C.H13CORE.0.S.B,7,360,0.687261472120544,0.411449950522962,0.843568399795774,ZBT7C
Hsapiens-HOCOMOCOv13-HXB8.H13CORE.0.PSM.A,8,223,1.29679613780741,0.412437559624843,0.845129254550879,HXB8
Hsapiens-HOCOMOCOv13-DMTA2.H13CORE.0.SM.B,7,365,0.677400716272295,0.412359113479367,0.845129254550879,DMTA2
Hsapiens-HOCOMOCOv13-RFX1.H13CORE.2.S.C,7,366,0.675460889176436,0.412650256826927,0.845333178343477,RFX1
Hsapiens-HOCOMOCOv13-DPF1.H13CORE.0.SM.B,5,128,1.4095808636628,0.41284777908605,0.845505912254923,DPF1
Hsapiens-HOCOMOCOv13-GATA2.H13CORE.1.P.B,7,368,0.671612856459893,0.413340137555079,0.845818489698324,GATA2
Hsapiens-jaspar2018-MYB-MA0100.3,7,368,0.671612856459893,0.413340137555079,0.845818489698324,MYB
Hsapiens-jaspar2022-MYB-MA0100.3,7,368,0.671612856459893,0.413340137555079,0.845818489698324,MYB
Hsapiens-jolma2013-NR4A2,8,224,1.29084088094798,0.414349560792208,0.846987938301645,NR4A2
Hsapiens-HOCOMOCOv13-LHX9.H13CORE.1.M.B,8,225,1.28493855497509,0.416305278506475,0.846987938301645,LHX9
Hsapiens-jolma2013-GMEB2-2,8,225,1.28493855497509,0.416305278506475,0.846987938301645,GMEB2
Hsapiens-cisbp_1.02-M4643_1.02,13,369,1.27937367650236,0.416860043003996,0.846987938301645,MYC
Hsapiens-jaspar2016-ISL2-MA0914.1,13,369,1.27937367650236,0.416860043003996,0.846987938301645,ISL2
Hsapiens-jaspar2018-ISL2-MA0914.1,13,369,1.27937367650236,0.416860043003996,0.846987938301645,ISL2
Hsapiens-jaspar2022-ISL2-MA0914.1,13,369,1.27937367650236,0.416860043003996,0.846987938301645,ISL2
Hsapiens-jaspar2022-NKX2-5-MA0063.2,13,369,1.27937367650236,0.416860043003996,0.846987938301645,NKX2-5
Hsapiens-jolma2013-ISL2,13,369,1.27937367650236,0.416860043003996,0.846987938301645,ISL2
Hsapiens-HOCOMOCOv13-JUNB.H13CORE.0.PM.A,18,535,1.22437495063995,0.414670929625413,0.846987938301645,JUNB
Hsapiens-HOCOMOCOv11-secondary-A-P73_HUMAN.H11MO.1.A,18,536,1.22192641705027,0.415250562830009,0.846987938301645,P73
Hsapiens-SwissRegulon-ZNF274.SwissRegulon,18,537,1.21948700185028,0.415853924647665,0.846987938301645,ZNF274
Hsapiens-HOCOMOCOv13-ZNF85.H13CORE.0.P.B,18,538,1.2170566541935,0.416480869918466,0.846987938301645,ZNF85
Hsapiens-HOCOMOCOv11-secondary-A-PBX3_HUMAN.H11MO.1.A,24,742,1.17893345272077,0.415309116489068,0.846987938301645,PBX3
Hsapiens-SwissRegulon-BBX.SwissRegulon,24,742,1.17893345272077,0.415309116489068,0.846987938301645,BBX
Hsapiens-jaspar2018-FOXK2-MA1103.1,17,751,0.795963205454783,0.415550727374742,0.846987938301645,FOXK2
Hsapiens-HOCOMOCOv11-secondary-A-RFX2_HUMAN.H11MO.1.A,17,752,0.794794134219556,0.415515199409866,0.846987938301645,RFX2
Hsapiens-jaspar2022-THRB-MA1574.1,17,755,0.791305479701014,0.415520870520743,0.846987938301645,THRB
Hsapiens-hPDI-TSNAX,17,760,0.785552187114577,0.415902057927932,0.846987938301645,TSNAX
Hsapiens-jaspar2018-TCF7L1-MA1421.1,17,760,0.785552187114577,0.415902057927932,0.846987938301645,TCF7L1
Hsapiens-jaspar2022-TCF7L1-MA1421.1,17,760,0.785552187114577,0.415902057927932,0.846987938301645,TCF7L1
Hsapiens-jaspar2024-TCF7L1-MA1421.1,17,760,0.785552187114577,0.415902057927932,0.846987938301645,TCF7L1
Hsapiens-jolma2013-TCF7L1,17,760,0.785552187114577,0.415902057927932,0.846987938301645,TCF7L1
Hsapiens-jolma2013-HOXC10-2,17,765,0.779874010937179,0.416742901463907,0.846987938301645,HOXC10
Hsapiens-hPDI-ZNF695,7,371,0.665918582753448,0.414640524437236,0.846987938301645,ZNF695
Hsapiens-jaspar2024-ERF::SREBF2-MA1939.2,7,371,0.665918582753448,0.414640524437236,0.846987938301645,ERF::SREBF2
Hsapiens-jaspar2024-NKX2-3-MA0672.2,13,370,1.27574834795512,0.417499981048516,0.847985039168383,NKX2-3
Hsapiens-HOCOMOCOv10-P73_HUMAN.H10MO.S,18,540,1.21222296000507,0.417804919552771,0.847985039168383,P73
Hsapiens-SwissRegulon-HNF1A.SwissRegulon,25,761,1.20030136509845,0.417742098118344,0.847985039168383,HNF1A
Hsapiens-HOCOMOCOv13-ZNF865.H13CORE.0.PSG.A,33,1031,1.17323515075406,0.41770497140539,0.847985039168383,ZNF865
Hsapiens-HOCOMOCOv13-ZSC16.H13CORE.0.PSM.A,13,371,1.27214256114891,0.418173423372634,0.848502390429286,ZSC16
Hsapiens-SwissRegulon-SIX3.SwissRegulon,4,231,0.613866923979058,0.418516026301383,0.848814319777673,SIX3
Hsapiens-HOCOMOCOv13-GRHL1.H13CORE.0.PSM.A,4,233,0.608440344108643,0.418554443665975,0.848814319777673,GRHL1
Hsapiens-jaspar2024-E2F4-MA0470.3,4,236,0.600472912696552,0.419034791101815,0.849557778159462,E2F4
Hsapiens-cisbp_1.02-M2978_1.02,4,237,0.597861921760398,0.419305822118462,0.84987657677145,ATF6
Hsapiens-jaspar2022-MYOG-MA0500.2,18,543,1.20503917562624,0.419964120298954,0.850844937577224,MYOG
Hsapiens-HOCOMOCOv13-ZNF507.H13CORE.0.I.B,4,239,0.592705481573588,0.420011418509469,0.850844937577224,ZNF507
Hsapiens-jaspar2016-TEAD4-MA0809.1,13,375,1.25791170514064,0.421196850781409,0.85139899282445,TEAD4
Hsapiens-jaspar2018-TEAD4-MA0809.1,13,375,1.25791170514064,0.421196850781409,0.85139899282445,TEAD4
Hsapiens-jolma2013-TEAD4,13,375,1.25791170514064,0.421196850781409,0.85139899282445,TEAD4
Hsapiens-HOCOMOCOv13-ZXDC.H13CORE.0.PI.A,18,544,1.20266218632253,0.420729401156178,0.85139899282445,ZXDC
Hsapiens-jolma2013-ESRRA-5,18,544,1.20266218632253,0.420729401156178,0.85139899282445,ESRRA
Hsapiens-HOCOMOCOv13-CREB5.H13CORE.0.P.B,25,769,1.18649630577662,0.420594688772747,0.85139899282445,CREB5
Hsapiens-SwissRegulon-PAX4.SwissRegulon,34,1404,0.844375338605259,0.421033802914901,0.85139899282445,PAX4
Hsapiens-jaspar2022-PRDM1-MA0508.3,34,1406,0.84291715818106,0.421133126586706,0.85139899282445,PRDM1
Hsapiens-jaspar2022-POU6F1-MA1549.1,13,376,1.25440129692783,0.422033743954828,0.851437725895885,POU6F1
Hsapiens-jolma2013-TBX1-4,13,379,1.24398120995378,0.424734375628636,0.851437725895885,TBX1
Hsapiens-jaspar2016-SHOX-MA0630.1,13,382,1.2337247748834,0.427713796701213,0.851437725895885,SHOX
Hsapiens-jaspar2016-ISX-MA0654.1,13,382,1.2337247748834,0.427713796701213,0.851437725895885,ISX
Hsapiens-jaspar2016-RAX2-MA0717.1,13,382,1.2337247748834,0.427713796701213,0.851437725895885,RAX2
Hsapiens-jaspar2016-UNCX-MA0721.1,13,382,1.2337247748834,0.427713796701213,0.851437725895885,UNCX
Hsapiens-jaspar2018-SHOX-MA0630.1,13,382,1.2337247748834,0.427713796701213,0.851437725895885,SHOX
Hsapiens-jaspar2018-ISX-MA0654.1,13,382,1.2337247748834,0.427713796701213,0.851437725895885,ISX
Hsapiens-jaspar2018-RAX2-MA0717.1,13,382,1.2337247748834,0.427713796701213,0.851437725895885,RAX2
Hsapiens-jaspar2018-UNCX-MA0721.1,13,382,1.2337247748834,0.427713796701213,0.851437725895885,UNCX
Hsapiens-jaspar2018-RORC-MA1151.1,13,382,1.2337247748834,0.427713796701213,0.851437725895885,RORC
Hsapiens-jaspar2022-SHOX-MA0630.1,13,382,1.2337247748834,0.427713796701213,0.851437725895885,SHOX
Hsapiens-jaspar2022-ISX-MA0654.1,13,382,1.2337247748834,0.427713796701213,0.851437725895885,ISX
Hsapiens-jaspar2022-RAX2-MA0717.1,13,382,1.2337247748834,0.427713796701213,0.851437725895885,RAX2
Hsapiens-jaspar2022-UNCX-MA0721.1,13,382,1.2337247748834,0.427713796701213,0.851437725895885,UNCX
Hsapiens-jaspar2022-RORC-MA1151.1,13,382,1.2337247748834,0.427713796701213,0.851437725895885,RORC
Hsapiens-jolma2013-ISX-3,13,382,1.2337247748834,0.427713796701213,0.851437725895885,ISX
Hsapiens-jolma2013-RAXL1,13,382,1.2337247748834,0.427713796701213,0.851437725895885,RAXL1
Hsapiens-jolma2013-SHOX,13,382,1.2337247748834,0.427713796701213,0.851437725895885,SHOX
Hsapiens-jolma2013-UNCX-2,13,382,1.2337247748834,0.427713796701213,0.851437725895885,UNCX
Hsapiens-SwissRegulon-RAX2.SwissRegulon,13,382,1.2337247748834,0.427713796701213,0.851437725895885,RAX2
Hsapiens-SwissRegulon-SHOX.SwissRegulon,13,382,1.2337247748834,0.427713796701213,0.851437725895885,SHOX
Hsapiens-SwissRegulon-UNCX.SwissRegulon,13,382,1.2337247748834,0.427713796701213,0.851437725895885,UNCX
Hsapiens-HOCOMOCOv10-HXA13_HUMAN.H10MO.C,19,564,1.22716916009645,0.4256054148464,0.851437725895885,HXA13
Hsapiens-HOCOMOCOv11-core-C-HXA13_HUMAN.H11MO.0.C,19,564,1.22716916009645,0.4256054148464,0.851437725895885,HXA13
Hsapiens-HOCOMOCOv11-core-A-TEAD1_HUMAN.H11MO.0.A,19,566,1.22250284192107,0.426386822222979,0.851437725895885,TEAD1
Hsapiens-HOCOMOCOv13-ZNF229.H13CORE.0.SG.A,18,545,1.20029391900014,0.421517191765103,0.851437725895885,ZNF229
Hsapiens-SwissRegulon-BCL3.SwissRegulon,34,1069,1.16558822650033,0.424977479251003,0.851437725895885,BCL3
Hsapiens-HOCOMOCOv13-FOXD2.H13CORE.0.S.B,34,1071,1.16307344020119,0.425517719300059,0.851437725895885,FOXD2
Hsapiens-HOCOMOCOv13-ZN485.H13CORE.0.P.C,44,1405,1.15310715125235,0.42211775862104,0.851437725895885,ZN485
Hsapiens-HOCOMOCOv10-ELF2_HUMAN.H10MO.C,76,2518,1.12479816036194,0.42152372863416,0.851437725895885,ELF2
Hsapiens-hPDI-HSPA1L,78,2598,1.1177138312286,0.426156879413381,0.851437725895885,HSPA1L
Hsapiens-hPDI-ZNF671,78,2598,1.1177138312286,0.426156879413381,0.851437725895885,ZNF671
Hsapiens-HOCOMOCOv13-CPEB1.H13CORE.1.S.B,68,2656,0.881640776717234,0.427305399867906,0.851437725895885,CPEB1
Hsapiens-HOCOMOCOv11-core-C-ZNF76_HUMAN.H11MO.0.C,47,1878,0.86965545642464,0.423565624949954,0.851437725895885,ZNF76
Hsapiens-HOCOMOCOv10-IRF2_HUMAN.H10MO.C,35,1447,0.842328267296136,0.426178590536884,0.851437725895885,IRF2
Hsapiens-jolma2013-FOXD2,25,1058,0.827769977310294,0.422533300520892,0.851437725895885,FOXD2
Hsapiens-HOCOMOCOv10-FOXQ1_HUMAN.H10MO.C,25,1069,0.817947465118375,0.423206519705063,0.851437725895885,FOXQ1
Hsapiens-HOCOMOCOv11-core-C-FOXQ1_HUMAN.H11MO.0.C,25,1069,0.817947465118375,0.423206519705063,0.851437725895885,FOXQ1
Hsapiens-HOCOMOCOv13-HESX1.H13CORE.1.S.B,18,787,0.8041355507043,0.425261048402257,0.851437725895885,HESX1
Hsapiens-jaspar2024-CDX4-MA1473.2,18,791,0.799621425156614,0.425231544713186,0.851437725895885,CDX4
Hsapiens-HOCOMOCOv13-CUX1.H13CORE.2.P.C,18,794,0.796265638123041,0.425395648647636,0.851437725895885,CUX1
Hsapiens-HOCOMOCOv13-TBX20.H13CORE.1.M.C,18,794,0.796265638123041,0.425395648647636,0.851437725895885,TBX20
Hsapiens-jaspar2016-IRF9-MA0653.1,18,798,0.79183045061254,0.425860711347318,0.851437725895885,IRF9
Hsapiens-jaspar2018-IRF9-MA0653.1,18,798,0.79183045061254,0.425860711347318,0.851437725895885,IRF9
Hsapiens-jaspar2022-IRF9-MA0653.1,18,798,0.79183045061254,0.425860711347318,0.851437725895885,IRF9
Hsapiens-jaspar2024-IRF9-MA0653.1,18,798,0.79183045061254,0.425860711347318,0.851437725895885,IRF9
Hsapiens-jolma2013-IRF9,18,798,0.79183045061254,0.425860711347318,0.851437725895885,IRF9
Hsapiens-jaspar2016-CDX1-MA0878.1,18,799,0.790728582824034,0.42602065629002,0.851437725895885,CDX1
Hsapiens-jaspar2018-CDX1-MA0878.1,18,799,0.790728582824034,0.42602065629002,0.851437725895885,CDX1
Hsapiens-jolma2013-CDX1,18,799,0.790728582824034,0.42602065629002,0.851437725895885,CDX1
Hsapiens-SwissRegulon-NR1H2.SwissRegulon,12,561,0.753549920825363,0.423104130475252,0.851437725895885,NR1H2
Hsapiens-SwissRegulon-ARID5A.SwissRegulon,12,562,0.752107177998649,0.423247168522416,0.851437725895885,ARID5A
Hsapiens-jaspar2024-ERF::FIGLA-MA1934.2,12,564,0.749237032406939,0.423605304236958,0.851437725895885,ERF::FIGLA
Hsapiens-HOCOMOCOv13-TBX5.H13CORE.2.S.B,12,569,0.742149894309805,0.424916607651511,0.851437725895885,TBX5
Hsapiens-jolma2013-FOXK1,4,245,0.577741234906547,0.423400401981767,0.851437725895885,FOXK1
Hsapiens-hPDI-MDM2,4,246,0.575318155877596,0.424145274869472,0.851437725895885,MDM2
Hsapiens-jaspar2024-HNF1A-MA0046.3,26,800,1.18705156101404,0.428235840170358,0.852249797557263,HNF1A
Hsapiens-HOCOMOCOv13-AP2B.H13CORE.0.SM.B,13,383,1.23034166564645,0.428767498082803,0.853080565578172,AP2B
Hsapiens-hPDI-NRL,173,6005,1.14882386733019,0.429280726875224,0.853172554821551,NRL
Hsapiens-hPDI-ZNF131,69,2681,0.887849665255406,0.429384875294445,0.853172554821551,ZNF131
Hsapiens-HOCOMOCOv13-ZN160.H13CORE.0.P.C,26,1095,0.831552682444872,0.429061690953861,0.853172554821551,ZN160
Hsapiens-HOCOMOCOv10-PPARG_HUMAN.H10MO.A,26,1099,0.828043676999672,0.429168107215634,0.853172554821551,PPARG
Hsapiens-HOCOMOCOv13-ZN664.H13CORE.1.P.C,26,1100,0.827170412894821,0.42922788946695,0.853172554821551,ZN664
Hsapiens-jaspar2022-PRRX2-MA0075.3,13,384,1.2269761752053,0.429850973351235,0.853871521266058,PRRX2
Hsapiens-HOCOMOCOv13-ZN75D.H13CORE.0.P.B,19,574,1.20416271494662,0.430419903628687,0.854320026628399,ZN75D
Hsapiens-HOCOMOCOv11-secondary-A-ESR1_HUMAN.H11MO.1.A,19,574,1.20416271494662,0.430419903628687,0.854320026628399,ESR1
Hsapiens-jolma2013-FOXJ2-3,36,1480,0.847314477028908,0.430330335083218,0.854320026628399,FOXJ2
Hsapiens-jaspar2022-BHLHE22-MA1635.1,19,577,1.19741626803385,0.432297779290914,0.857764137212301,BHLHE22
Hsapiens-cisbp_1.02-M3574_1.02,8,392,0.721640076071648,0.43270195638432,0.857764137212301,ARID5B
Hsapiens-SwissRegulon-GATA1.SwissRegulon,8,392,0.721640076071648,0.43270195638432,0.857764137212301,GATA1
Hsapiens-HOCOMOCOv13-ZNF724.H13CORE.0.PSG.A,8,394,0.717787049273353,0.432648226595475,0.857764137212301,ZNF724
Hsapiens-jaspar2024-ZBTB33-MA0527.2,8,396,0.713972932466665,0.432729317045916,0.857764137212301,ZBTB33
Hsapiens-HOCOMOCOv10-NFYC_HUMAN.H10MO.B,35,1110,1.15481348946535,0.432847187709985,0.857770136642578,NFYC
Hsapiens-HOCOMOCOv10-HXB13_HUMAN.H10MO.D,19,578,1.19518301345783,0.432966990591304,0.857779960935397,HXB13
Hsapiens-jaspar2016-HOXB2-MA0902.1,9,251,1.29752215554719,0.434249538605805,0.859001594399328,HOXB2
Hsapiens-jaspar2018-HOXB2-MA0902.1,9,251,1.29752215554719,0.434249538605805,0.859001594399328,HOXB2
Hsapiens-jolma2013-HOXB2,9,251,1.29752215554719,0.434249538605805,0.859001594399328,HOXB2
Hsapiens-SwissRegulon-HOXB2.SwissRegulon,9,251,1.29752215554719,0.434249538605805,0.859001594399328,HOXB2
Hsapiens-jaspar2016-NFIX-MA0671.1,9,253,1.28693264334325,0.436819291297298,0.859001594399328,NFIX
Hsapiens-jaspar2018-NFIX-MA0671.1,9,253,1.28693264334325,0.436819291297298,0.859001594399328,NFIX
Hsapiens-jaspar2022-NFIX-MA0671.1,9,253,1.28693264334325,0.436819291297298,0.859001594399328,NFIX
Hsapiens-jolma2013-NFIX-2,9,253,1.28693264334325,0.436819291297298,0.859001594399328,NFIX
Hsapiens-cisbp_1.02-M6186_1.02,14,404,1.25864666910996,0.43696165768438,0.859001594399328,DBP
Hsapiens-HOCOMOCOv13-ANDR.H13CORE.1.S.C,14,404,1.25864666910996,0.43696165768438,0.859001594399328,ANDR
Hsapiens-HOCOMOCOv13-GLI3.H13CORE.1.M.C,14,404,1.25864666910996,0.43696165768438,0.859001594399328,GLI3
Hsapiens-jaspar2022-ATF2-MA1632.1,27,832,1.18604625055389,0.436142149827167,0.859001594399328,ATF2
Hsapiens-HOCOMOCOv10-SMAD1_HUMAN.H10MO.D,27,833,1.18445592970572,0.436393586689509,0.859001594399328,SMAD1
Hsapiens-HOCOMOCOv11-secondary-D-SMAD1_HUMAN.H11MO.0.D,27,833,1.18445592970572,0.436393586689509,0.859001594399328,SMAD1
Hsapiens-HOCOMOCOv13-HEN1.H13CORE.0.S.B,27,835,1.18128669232147,0.436945298433133,0.859001594399328,HEN1
Hsapiens-HOCOMOCOv11-core-C-ZN554_HUMAN.H11MO.0.C,35,1117,1.14640205255419,0.43534438087707,0.859001594399328,ZN554
Hsapiens-HOCOMOCOv13-ZN586.H13CORE.0.P.C,47,1519,1.1386560452835,0.436491338419198,0.859001594399328,ZN586
Hsapiens-SwissRegulon-CEBPZ.SwissRegulon,27,1143,0.82569989139662,0.436236624054796,0.859001594399328,CEBPZ
Hsapiens-hPDI-SSBP3,19,831,0.802864308115306,0.434620764650411,0.859001594399328,SSBP3
Hsapiens-jaspar2024-POU2F2-MA0507.3,19,833,0.80071106421267,0.434842626759075,0.859001594399328,POU2F2
Hsapiens-HOCOMOCOv13-ZN274.H13CORE.2.P.B,13,589,0.778300933800754,0.4362475480118,0.859001594399328,ZN274
Hsapiens-HOCOMOCOv13-ISX.H13CORE.1.S.B,13,590,0.7768761154473,0.436197244334019,0.859001594399328,ISX
Hsapiens-SwissRegulon-CDX2.SwissRegulon,13,596,0.768427548607063,0.436376693917032,0.859001594399328,CDX2
Hsapiens-HOCOMOCOv10-HNF6_HUMAN.H10MO.C,13,597,0.767035953970198,0.436486192945977,0.859001594399328,HNF6
Hsapiens-HOCOMOCOv13-ZSA5C.H13CORE.0.P.C,13,599,0.764266694976847,0.436772759107529,0.859001594399328,ZSA5C
Hsapiens-HOCOMOCOv10-NDF1_HUMAN.H10MO.C,13,600,0.762888984198737,0.436949669590876,0.859001594399328,NDF1
Hsapiens-HOCOMOCOv13-SRBP2.H13CORE.2.M.C,13,601,0.761515855209299,0.437148890120745,0.859001594399328,SRBP2
Hsapiens-HOCOMOCOv11-core-A-MITF_HUMAN.H11MO.0.A,13,601,0.761515855209299,0.437148890120745,0.859001594399328,MITF
Hsapiens-SwissRegulon-HOXA1.SwissRegulon,8,405,0.697275464624414,0.43472862382118,0.859001594399328,HOXA1
Hsapiens-jolma2013-NFATC1-2,8,408,0.691873303176427,0.435974565537596,0.859001594399328,NFATC1
Hsapiens-jolma2013-RORA-2,8,408,0.691873303176427,0.435974565537596,0.859001594399328,RORA
Hsapiens-HOCOMOCOv10-P63_HUMAN.H10MO.S,14,405,1.25537320169444,0.437501518896342,0.859242399326,P63
Hsapiens-hPDI-RAN,36,1140,1.15767381925319,0.437386862157564,0.859242399326,RAN
Hsapiens-jaspar2024-FOSL1::JUND-MA1142.2,14,407,1.24887451998726,0.438672794560737,0.85977333936699,FOSL1::JUND
Hsapiens-HOCOMOCOv11-core-C-ZN708_HUMAN.H11MO.0.C,20,600,1.21432425747765,0.43880786847864,0.85977333936699,ZN708
Hsapiens-hPDI-JARID1D,20,600,1.21432425747765,0.43880786847864,0.85977333936699,KDM5D
Hsapiens-hPDI-SMCR7L,20,600,1.21432425747765,0.43880786847864,0.85977333936699,SMCR7L
Hsapiens-hPDI-SNAPC4,20,600,1.21432425747765,0.43880786847864,0.85977333936699,SNAPC4
Hsapiens-JASPAR_CORE-GATA2-MA0036.1,76,2938,0.889604696730894,0.438296816757189,0.85977333936699,GATA2
Hsapiens-jaspar2016-GATA2-MA0036.1,76,2938,0.889604696730894,0.438296816757189,0.85977333936699,GATA2
Hsapiens-jaspar2018-GATA2-MA0036.1,76,2938,0.889604696730894,0.438296816757189,0.85977333936699,GATA2
Hsapiens-SwissRegulon-GATA2.SwissRegulon,76,2938,0.889604696730894,0.438296816757189,0.85977333936699,GATA2
Hsapiens-jolma2013-FOXB1,9,255,1.27650922634848,0.439560721428847,0.860571173879963,FOXB1
Hsapiens-jolma2013-HOXA1,9,255,1.27650922634848,0.439560721428847,0.860571173879963,HOXA1
Hsapiens-HOCOMOCOv13-SATB1.H13CORE.1.P.B,27,842,1.17031269801393,0.439383239421082,0.860571173879963,SATB1
Hsapiens-jolma2013-HNF4A-3,14,409,1.24243938932574,0.439964664108333,0.861136288318956,HNF4A
Hsapiens-HOCOMOCOv10-NFAC1_HUMAN.H10MO.S,20,604,1.20562796931964,0.440348599677481,0.861661957293975,NFAC1
Hsapiens-hPDI-JARID1A,27,845,1.16566511601121,0.440665903366479,0.861792934557365,KDM5A
Hsapiens-SwissRegulon-HOXD10.SwissRegulon,28,1165,0.841714317061649,0.441301734187105,0.861792934557365,HOXD10
Hsapiens-JASPAR_CORE-FOXA1-MA0148.1,28,1167,0.840024629136068,0.441278980702161,0.861792934557365,FOXA1
Hsapiens-jaspar2016-FOXA1-MA0148.1,28,1167,0.840024629136068,0.441278980702161,0.861792934557365,FOXA1
Hsapiens-jaspar2018-FOXA1-MA0148.1,28,1167,0.840024629136068,0.441278980702161,0.861792934557365,FOXA1
Hsapiens-SwissRegulon-FOXA1.SwissRegulon,28,1167,0.840024629136068,0.441278980702161,0.861792934557365,FOXA1
Hsapiens-jaspar2016-FOXA1-MA0148.2,28,1170,0.837500928006423,0.44133859615503,0.861792934557365,FOXA1
Hsapiens-jaspar2018-FOXA1-MA0148.2,28,1170,0.837500928006423,0.44133859615503,0.861792934557365,FOXA1
Hsapiens-hPDI-MEF2B,28,1178,0.830833897720778,0.442044074905707,0.862944902109442,MEF2BNB-MEF2B
Hsapiens-HOCOMOCOv13-ZNF79.H13CORE.0.P.C,39,1590,0.853682161128599,0.442898499573422,0.86438695931902,ZNF79
Hsapiens-HOCOMOCOv11-secondary-D-TBX20_HUMAN.H11MO.0.D,20,610,1.19279735729543,0.443295517806116,0.864935794799865,TBX20
Hsapiens-HOCOMOCOv13-SOX13.H13CORE.0.P.B,20,872,0.804710071952963,0.443893272266931,0.865875907694361,SOX13
Hsapiens-jaspar2022-NR2C2-MA1536.1,14,415,1.22350611604912,0.444545381790531,0.866921529136677,NR2C2
Hsapiens-HOCOMOCOv13-ZN684.H13CORE.0.P.C,28,868,1.17904894780077,0.44469882097268,0.866994386281636,ZN684
Hsapiens-jaspar2018-NR1A4::RXRA-MA1146.1,9,259,1.25614529009131,0.445538700992971,0.867047565845884,NR1A4::RXRA
Hsapiens-jaspar2022-NR1H4::RXRA-MA1146.1,9,259,1.25614529009131,0.445538700992971,0.867047565845884,NR1H4::RXRA
Hsapiens-jolma2013-TFAP2C-6,20,613,1.18647622973062,0.445048598574126,0.867047565845884,TFAP2C
Hsapiens-cisbp_1.02-M1838_1.02,28,871,1.17448993860697,0.445467418802901,0.867047565845884,TFAP2A
Hsapiens-JASPAR_2014-TFAP2A-MA0003.2,28,871,1.17448993860697,0.445467418802901,0.867047565845884,TFAP2A
Hsapiens-jaspar2016-TFAP2A-MA0003.2,28,871,1.17448993860697,0.445467418802901,0.867047565845884,TFAP2A
Hsapiens-jaspar2018-TFAP2A-MA0003.2,28,871,1.17448993860697,0.445467418802901,0.867047565845884,TFAP2A
Hsapiens-jaspar2024-ZNF680-MA1729.2,28,873,1.17146797549985,0.4460573917739,0.867830856775009,ZNF680
Hsapiens-HOCOMOCOv13-ZSC31.H13CORE.1.SM.B,28,874,1.16996217142201,0.446375496297528,0.868223589022458,ZSC31
Hsapiens-HOCOMOCOv10-FOXO4_HUMAN.H10MO.C,29,1202,0.844692795348102,0.447000178397047,0.86898603135022,FOXO4
Hsapiens-HOCOMOCOv11-core-C-FOXO4_HUMAN.H11MO.0.C,29,1202,0.844692795348102,0.447000178397047,0.86898603135022,FOXO4
Hsapiens-hPDI-NCBP2,56,2212,0.876484807428613,0.447202928933633,0.86915396206227,NCBP2
Hsapiens-HOCOMOCOv13-ZN264.H13CORE.0.P.B,14,419,1.21118515186358,0.448167468671659,0.870801983222845,ZN264
Hsapiens-jaspar2018-NR4A2::RXRA-MA1147.1,9,261,1.24619737130346,0.448765179856596,0.870830638698081,NR4A2::RXRA
Hsapiens-jaspar2022-NR4A2::RXRA-MA1147.1,9,261,1.24619737130346,0.448765179856596,0.870830638698081,NR4A2::RXRA
Hsapiens-jolma2013-RXRG-4,9,261,1.24619737130346,0.448765179856596,0.870830638698081,RXRG
Hsapiens-jaspar2022-GFI1-MA0038.2,14,631,0.78165826442294,0.448677600253732,0.870830638698081,GFI1
Hsapiens-HOCOMOCOv13-BHA15.H13CORE.1.SM.B,2,154,0.460774937260697,0.448401255131065,0.870830638698081,BHA15
Hsapiens-HOCOMOCOv11-core-B-IRF3_HUMAN.H11MO.0.B,100,3374,1.11385356711531,0.449210835591171,0.871469021046872,IRF3
Hsapiens-HOCOMOCOv11-core-B-EPAS1_HUMAN.H11MO.0.B,6,154,1.4077403404273,0.453043067706893,0.871777378185967,EPAS1
Hsapiens-HOCOMOCOv10-GMEB2_HUMAN.H10MO.D,6,156,1.38934078236475,0.455794210739154,0.871777378185967,GMEB2
Hsapiens-HOCOMOCOv11-secondary-D-GMEB2_HUMAN.H11MO.0.D,6,156,1.38934078236475,0.455794210739154,0.871777378185967,GMEB2
Hsapiens-HOCOMOCOv13-OTX1.H13CORE.1.S.B,6,157,1.38031679985141,0.457272644047354,0.871777378185967,OTX1
Hsapiens-jaspar2016-NEUROG2-MA0669.1,6,157,1.38031679985141,0.457272644047354,0.871777378185967,NEUROG2
Hsapiens-jaspar2018-NEUROG2-MA0669.1,6,157,1.38031679985141,0.457272644047354,0.871777378185967,NEUROG2
Hsapiens-jaspar2022-NEUROG2-MA0669.1,6,157,1.38031679985141,0.457272644047354,0.871777378185967,NEUROG2
Hsapiens-jaspar2024-NEUROG2-MA0669.1,6,157,1.38031679985141,0.457272644047354,0.871777378185967,NEUROG2
Hsapiens-jolma2013-NEUROG2-2,6,157,1.38031679985141,0.457272644047354,0.871777378185967,NEUROG2
Hsapiens-cisbp_1.02-M5321_1.02,6,159,1.36260934415839,0.460428481890951,0.871777378185967,CLOCK
Hsapiens-jaspar2016-CLOCK-MA0819.1,6,159,1.36260934415839,0.460428481890951,0.871777378185967,CLOCK
Hsapiens-jaspar2018-CLOCK-MA0819.1,6,159,1.36260934415839,0.460428481890951,0.871777378185967,CLOCK
Hsapiens-jolma2013-CLOCK,6,159,1.36260934415839,0.460428481890951,0.871777378185967,CLOCK
Hsapiens-SwissRegulon-CLOCK.SwissRegulon,6,159,1.36260934415839,0.460428481890951,0.871777378185967,CLOCK
Hsapiens-JASPAR_CORE-SRF-MA0083.1,10,279,1.29838962122286,0.4568133711467,0.871777378185967,SRF
Hsapiens-jaspar2016-SRF-MA0083.1,10,279,1.29838962122286,0.4568133711467,0.871777378185967,SRF
Hsapiens-jaspar2018-SRF-MA0083.1,10,279,1.29838962122286,0.4568133711467,0.871777378185967,SRF
Hsapiens-jaspar2022-HOXA7-MA1498.2,9,262,1.24128036112859,0.450435570458584,0.871777378185967,HOXA7
Hsapiens-jolma2013-NFIX-4,9,262,1.24128036112859,0.450435570458584,0.871777378185967,NFIX
Hsapiens-jaspar2022-FOSL1-MA0477.2,15,439,1.24125551282534,0.455005236947205,0.871777378185967,FOSL1
Hsapiens-HOCOMOCOv13-CREB3L3.H13CORE.0.PSGIB.A,15,440,1.23827023623468,0.455463089472926,0.871777378185967,CREB3L3
Hsapiens-HOCOMOCOv13-HMX2.H13CORE.0.SM.B,15,440,1.23827023623468,0.455463089472926,0.871777378185967,HMX2
Hsapiens-HOCOMOCOv10-MTF1_HUMAN.H10MO.C,15,442,1.23234020341909,0.45646281777859,0.871777378185967,MTF1
Hsapiens-HOCOMOCOv11-core-C-MTF1_HUMAN.H11MO.0.C,15,442,1.23234020341909,0.45646281777859,0.871777378185967,MTF1
Hsapiens-jaspar2016-POU6F2-MA0793.1,15,444,1.22646358936304,0.457573349456591,0.871777378185967,POU6F2
Hsapiens-jaspar2018-POU6F2-MA0793.1,15,444,1.22646358936304,0.457573349456591,0.871777378185967,POU6F2
Hsapiens-jaspar2022-POU6F2-MA0793.1,15,444,1.22646358936304,0.457573349456591,0.871777378185967,POU6F2
Hsapiens-jolma2013-POU6F2,15,444,1.22646358936304,0.457573349456591,0.871777378185967,POU6F2
Hsapiens-SwissRegulon-POU6F2.SwissRegulon,15,444,1.22646358936304,0.457573349456591,0.871777378185967,POU6F2
Hsapiens-jaspar2022-MSANTD3-MA1523.1,15,448,1.21486775583866,0.460120709495714,0.871777378185967,MSANTD3
Hsapiens-cisbp_1.02-M1880_1.02,21,642,1.19072377169303,0.453310020310244,0.871777378185967,NHLH1
Hsapiens-jaspar2022-ZNF684-MA1600.1,21,650,1.17478515867293,0.457458689412315,0.871777378185967,ZNF684
Hsapiens-HOCOMOCOv13-ZNF7.H13CORE.0.P.B,21,652,1.17086161254423,0.458687667245827,0.871777378185967,ZNF7
Hsapiens-HOCOMOCOv10-HNF4A_HUMAN.H10MO.A,21,653,1.16890885112861,0.459330322325859,0.871777378185967,HNF4A
Hsapiens-JASPAR_CORE-PLAG1-MA0163.1,30,939,1.16809192800668,0.460250612368084,0.871777378185967,PLAG1
Hsapiens-JASPAR_2014-PLAG1-MA0163.1,30,939,1.16809192800668,0.460250612368084,0.871777378185967,PLAG1
Hsapiens-jaspar2016-PLAG1-MA0163.1,30,939,1.16809192800668,0.460250612368084,0.871777378185967,PLAG1
Hsapiens-jaspar2018-PLAG1-MA0163.1,30,939,1.16809192800668,0.460250612368084,0.871777378185967,PLAG1
Hsapiens-jaspar2022-PLAG1-MA0163.1,30,939,1.16809192800668,0.460250612368084,0.871777378185967,PLAG1
Hsapiens-jaspar2024-PLAG1-MA0163.1,30,939,1.16809192800668,0.460250612368084,0.871777378185967,PLAG1
Hsapiens-HOCOMOCOv11-core-A-MYOD1_HUMAN.H11MO.0.A,30,940,1.16668277232791,0.460458127854283,0.871777378185967,MYOD1
Hsapiens-cisbp_1.02-M6143_1.02,28,883,1.15656317005102,0.449921975647859,0.871777378185967,TFAP2A
Hsapiens-HOCOMOCOv11-core-A-RFX5_HUMAN.H11MO.0.A,29,916,1.15528204213506,0.456537980260522,0.871777378185967,RFX5
Hsapiens-SwissRegulon-JUNB.SwissRegulon,29,916,1.15528204213506,0.456537980260522,0.871777378185967,JUNB
Hsapiens-jaspar2018-EGR1-MA0162.3,29,920,1.14960439791174,0.458251874421591,0.871777378185967,EGR1
Hsapiens-jolma2013-EGR1-2,29,920,1.14960439791174,0.458251874421591,0.871777378185967,EGR1
Hsapiens-HOCOMOCOv10-ONEC2_HUMAN.H10MO.D,39,1255,1.13836560162704,0.456165741731532,0.871777378185967,ONEC2
Hsapiens-HOCOMOCOv11-secondary-D-ONEC2_HUMAN.H11MO.0.D,39,1255,1.13836560162704,0.456165741731532,0.871777378185967,ONEC2
Hsapiens-hPDI-DIABLO,52,1693,1.13211453591498,0.454611086621059,0.871777378185967,DIABLO
Hsapiens-hPDI-CPSF4,108,3663,1.11106720747329,0.453223561466368,0.871777378185967,CPSF4
Hsapiens-hPDI-EXOSC3,154,5716,0.888708695566917,0.449745722410132,0.871777378185967,EXOSC3
Hsapiens-HOCOMOCOv13-E2F7.H13CORE.1.P.B,31,1278,0.84849137927611,0.457784252236127,0.871777378185967,E2F7
Hsapiens-SwissRegulon-NFYB.SwissRegulon,31,1284,0.843768588562346,0.458213059145654,0.871777378185967,NFYB
Hsapiens-HOCOMOCOv13-BCL6B.H13CORE.0.PSM.A,22,929,0.832430111660179,0.45901808648913,0.871777378185967,BCL6B
Hsapiens-HOCOMOCOv10-GBX1_HUMAN.H10MO.D,22,934,0.827382383430297,0.458879990043265,0.871777378185967,GBX1
Hsapiens-HOCOMOCOv11-secondary-D-GBX1_HUMAN.H11MO.0.D,22,934,0.827382383430297,0.458879990043265,0.871777378185967,GBX1
Hsapiens-HOCOMOCOv10-BPTF_HUMAN.H10MO.D,22,940,0.821395835114707,0.459204397618633,0.871777378185967,BPTF
Hsapiens-HOCOMOCOv11-secondary-D-BPTF_HUMAN.H11MO.0.D,22,940,0.821395835114707,0.459204397618633,0.871777378185967,BPTF
Hsapiens-HOCOMOCOv13-ZN580.H13CORE.1.SM.B,15,666,0.793501774782933,0.460114287309979,0.871777378185967,ZN580
Hsapiens-SwissRegulon-PPARD.SwissRegulon,15,669,0.789678611450162,0.460339885065451,0.871777378185967,PPARD
Hsapiens-jolma2013-ALX4,14,640,0.769778070431521,0.450159472301933,0.871777378185967,ALX4
Hsapiens-jaspar2024-GFI1-MA0038.3,14,641,0.768471950576376,0.450428221761019,0.871777378185967,GFI1
Hsapiens-SwissRegulon-IRX5.SwissRegulon,9,430,0.739838365349538,0.45161882538895,0.871777378185967,IRX5
Hsapiens-HOCOMOCOv10-HXA5_HUMAN.H10MO.D,9,432,0.736217389235601,0.451683922152204,0.871777378185967,HXA5
Hsapiens-HOCOMOCOv11-secondary-D-HXA5_HUMAN.H11MO.0.D,9,432,0.736217389235601,0.451683922152204,0.871777378185967,HXA5
Hsapiens-jolma2013-TBX5-2,9,434,0.732629776159986,0.451869995384164,0.871777378185967,TBX5
Hsapiens-HOCOMOCOv13-ZN285.H13CORE.0.P.C,9,435,0.730848336983037,0.452008068633418,0.871777378185967,ZN285
Hsapiens-HOCOMOCOv10-NRL_HUMAN.H10MO.D,9,435,0.730848336983037,0.452008068633418,0.871777378185967,NRL
Hsapiens-HOCOMOCOv11-secondary-D-NRL_HUMAN.H11MO.0.D,9,435,0.730848336983037,0.452008068633418,0.871777378185967,NRL
Hsapiens-jaspar2024-HOXC13-MA0907.2,9,435,0.730848336983037,0.452008068633418,0.871777378185967,HOXC13
Hsapiens-HOCOMOCOv11-secondary-A-BATF_HUMAN.H11MO.1.A,9,439,0.723803714919399,0.452857321221981,0.871777378185967,BATF
Hsapiens-hPDI-ZNF250,9,442,0.718603898111507,0.453801858336378,0.871777378185967,ZNF250
Hsapiens-SwissRegulon-HOXC9.SwissRegulon,9,442,0.718603898111507,0.453801858336378,0.871777378185967,HOXC9
Hsapiens-jaspar2016-RARA(var.2)-MA0730.1,9,443,0.71688627144523,0.454174447810645,0.871777378185967,RARA(var.2)
Hsapiens-jaspar2016-MEIS3-MA0775.1,9,443,0.71688627144523,0.454174447810645,0.871777378185967,MEIS3
Hsapiens-jaspar2018-RARA(var.2)-MA0730.1,9,443,0.71688627144523,0.454174447810645,0.871777378185967,RARA(var.2)
Hsapiens-jaspar2018-MEIS3-MA0775.1,9,443,0.71688627144523,0.454174447810645,0.871777378185967,MEIS3
Hsapiens-jaspar2022-RARA-MA0730.1,9,443,0.71688627144523,0.454174447810645,0.871777378185967,RARA
Hsapiens-jaspar2022-MEIS3-MA0775.1,9,443,0.71688627144523,0.454174447810645,0.871777378185967,MEIS3
Hsapiens-jaspar2024-RARA-MA0730.1,9,443,0.71688627144523,0.454174447810645,0.871777378185967,RARA
Hsapiens-jolma2013-MEIS3,9,443,0.71688627144523,0.454174447810645,0.871777378185967,MEIS3
Hsapiens-jolma2013-RARA-3,9,443,0.71688627144523,0.454174447810645,0.871777378185967,RARA
Hsapiens-HOCOMOCOv13-MEIS3.H13CORE.1.S.B,9,444,0.7151763795021,0.454575631310345,0.871777378185967,MEIS3
Hsapiens-cisbp_1.02-M6333_1.02,5,268,0.661258152528856,0.450884547082832,0.871777378185967,MAFG
Hsapiens-HOCOMOCOv13-HXC12.H13CORE.0.SM.B,5,268,0.661258152528856,0.450884547082832,0.871777378185967,HXC12
Hsapiens-HOCOMOCOv10-MAFG_HUMAN.H10MO.S,5,268,0.661258152528856,0.450884547082832,0.871777378185967,MAFG
Hsapiens-HOCOMOCOv10-NF2L1_HUMAN.H10MO.C,5,268,0.661258152528856,0.450884547082832,0.871777378185967,NF2L1
Hsapiens-SwissRegulon-IRF4.SwissRegulon,5,269,0.658714345770366,0.45090863238837,0.871777378185967,IRF4
Hsapiens-jolma2013-ZNF784,5,274,0.646273796726466,0.451740035954871,0.871777378185967,ZNF784
Hsapiens-SwissRegulon-ZNF784.SwissRegulon,5,274,0.646273796726466,0.451740035954871,0.871777378185967,ZNF784
Hsapiens-cisbp_1.02-M3393_1.02,5,276,0.641423770128481,0.452397942055523,0.871777378185967,HLF
Hsapiens-jaspar2024-TEF-MA0843.2,5,276,0.641423770128481,0.452397942055523,0.871777378185967,TEF
Hsapiens-SwissRegulon-ZNF333.SwissRegulon,5,277,0.639025017297752,0.452795157659852,0.871777378185967,ZNF333
Hsapiens-HOCOMOCOv13-GCR.H13CORE.0.PS.A,5,281,0.629600715057095,0.454830092054319,0.871777378185967,GCR
Hsapiens-HOCOMOCOv13-GRHL3.H13CORE.0.SB.A,2,157,0.451797124976257,0.451773049287078,0.871777378185967,GRHL3
Hsapiens-HOCOMOCOv13-RARG.H13CORE.2.SM.B,15,671,0.787108424481894,0.460589746773957,0.871805579993585,RARG
Hsapiens-HOCOMOCOv13-RXRB.H13CORE.2.PS.A,15,674,0.783281718934928,0.461112496181383,0.872573912839816,RXRB
Hsapiens-jolma2013-SPDEF-3,30,944,1.16107596109447,0.461431755810548,0.872735827842234,SPDEF
Hsapiens-HOCOMOCOv13-PO5F1.H13CORE.2.SM.B,15,675,0.782013702682433,0.461325936606126,0.872735827842234,PO5F1
Hsapiens-SwissRegulon-ALX3.SwissRegulon,15,450,1.20914713728824,0.461554364128687,0.872746720424598,ALX3
Hsapiens-hPDI-TFEB,22,672,1.19278412852248,0.462373765595851,0.873190810426147,TFEB
Hsapiens-JASPAR_CORE-USF1-MA0093.1,22,672,1.19278412852248,0.462373765595851,0.873190810426147,USF1
Hsapiens-jaspar2016-USF1-MA0093.1,22,672,1.19278412852248,0.462373765595851,0.873190810426147,USF1
Hsapiens-jaspar2018-USF1-MA0093.1,22,672,1.19278412852248,0.462373765595851,0.873190810426147,USF1
Hsapiens-SwissRegulon-MXI1.SwissRegulon,22,672,1.19278412852248,0.462373765595851,0.873190810426147,MXI1
Hsapiens-jaspar2024-BACH2-MA1101.3,10,286,1.26546127751413,0.462894936522241,0.873954064935445,BACH2
Hsapiens-HOCOMOCOv13-PO2F3.H13CORE.0.PS.A,15,453,1.20066091249492,0.463900180646407,0.874488130953146,PO2F3
Hsapiens-HOCOMOCOv13-NR1D2.H13CORE.1.SM.B,22,677,1.18316379362795,0.464114466608418,0.874488130953146,NR1D2
Hsapiens-JASPAR_CORE-FOXF2-MA0030.1,22,677,1.18316379362795,0.464114466608418,0.874488130953146,FOXF2
Hsapiens-JASPAR_2014-FOXF2-MA0030.1,22,677,1.18316379362795,0.464114466608418,0.874488130953146,FOXF2
Hsapiens-jaspar2016-FOXF2-MA0030.1,22,677,1.18316379362795,0.464114466608418,0.874488130953146,FOXF2
Hsapiens-jaspar2018-FOXF2-MA0030.1,22,677,1.18316379362795,0.464114466608418,0.874488130953146,FOXF2
Hsapiens-jaspar2022-FOXF2-MA0030.1,22,677,1.18316379362795,0.464114466608418,0.874488130953146,FOXF2
Hsapiens-SwissRegulon-FOXF2.SwissRegulon,22,677,1.18316379362795,0.464114466608418,0.874488130953146,FOXF2
Hsapiens-HOCOMOCOv13-SMAD5.H13CORE.0.M.C,10,288,1.25634715711878,0.464990247488561,0.874593844999261,SMAD5
Hsapiens-jaspar2016-BSX-MA0876.1,10,288,1.25634715711878,0.464990247488561,0.874593844999261,BSX
Hsapiens-jaspar2018-BSX-MA0876.1,10,288,1.25634715711878,0.464990247488561,0.874593844999261,BSX
Hsapiens-jaspar2022-BSX-MA0876.1,10,288,1.25634715711878,0.464990247488561,0.874593844999261,BSX
Hsapiens-jolma2013-BSX,10,288,1.25634715711878,0.464990247488561,0.874593844999261,BSX
Hsapiens-SwissRegulon-BSX.SwissRegulon,10,288,1.25634715711878,0.464990247488561,0.874593844999261,BSX
Hsapiens-cisbp_1.02-M6171_1.02,15,454,1.19785709126334,0.46473335890331,0.874593844999261,CEBPD
Hsapiens-cisbp_1.02-M5654_1.02,6,163,1.32850736864039,0.467498126423341,0.876372130484052,NEUROG2
Hsapiens-HOCOMOCOv13-HES1.H13CORE.1.S.C,10,289,1.25183739812317,0.466095204012331,0.876372130484052,HES1
Hsapiens-jolma2013-FOXI1-2,15,457,1.18951924343737,0.467383560899159,0.876372130484052,FOXI1
Hsapiens-cisbp_1.02-M6355_1.02,31,978,1.15848694361997,0.468172419162776,0.876372130484052,MYOG
Hsapiens-SwissRegulon-MYOG.SwissRegulon,31,978,1.15848694361997,0.468172419162776,0.876372130484052,MYOG
Hsapiens-HOCOMOCOv11-core-A-PRDM1_HUMAN.H11MO.0.A,56,1832,1.12824522143355,0.467186814457919,0.876372130484052,PRDM1
Hsapiens-HOCOMOCOv13-PRDM6.H13CORE.0.P.B,77,2572,1.11222081956246,0.467432858674081,0.876372130484052,PRDM6
Hsapiens-hPDI-DUSP22,46,1831,0.874748300649766,0.466715185430895,0.876372130484052,DUSP22
Hsapiens-HOCOMOCOv10-FOXM1_HUMAN.H10MO.D,33,1343,0.860160438468313,0.467667656575312,0.876372130484052,FOXM1
Hsapiens-SwissRegulon-FOXQ1.SwissRegulon,23,967,0.835724467330455,0.46624200080109,0.876372130484052,FOXQ1
Hsapiens-hPDI-ZHX3,23,973,0.829854855011232,0.466300691662632,0.876372130484052,ZHX3
Hsapiens-HOCOMOCOv10-NKX28_HUMAN.H10MO.C,10,464,0.761941454673307,0.468701300275591,0.876372130484052,NKX28
Hsapiens-HOCOMOCOv11-core-C-NKX28_HUMAN.H11MO.0.C,10,464,0.761941454673307,0.468701300275591,0.876372130484052,NKX28
Hsapiens-jaspar2022-HNF4A-MA1494.1,10,464,0.761941454673307,0.468701300275591,0.876372130484052,HNF4A
Hsapiens-jaspar2022-CEBPA-MA0102.4,10,464,0.761941454673307,0.468701300275591,0.876372130484052,CEBPA
Hsapiens-cisbp_1.02-M2387_1.02,10,465,0.760201319119084,0.468658914874781,0.876372130484052,SREBF1
Hsapiens-jaspar2016-E2F7-MA0758.1,10,465,0.760201319119084,0.468658914874781,0.876372130484052,E2F7
Hsapiens-jaspar2018-E2F7-MA0758.1,10,465,0.760201319119084,0.468658914874781,0.876372130484052,E2F7
Hsapiens-jaspar2022-E2F7-MA0758.1,10,465,0.760201319119084,0.468658914874781,0.876372130484052,E2F7
Hsapiens-jaspar2024-E2F7-MA0758.1,10,465,0.760201319119084,0.468658914874781,0.876372130484052,E2F7
Hsapiens-jolma2013-E2F7,10,465,0.760201319119084,0.468658914874781,0.876372130484052,E2F7
Hsapiens-HOCOMOCOv13-TBX15.H13CORE.0.SM.B,10,467,0.756743397039648,0.468657672778571,0.876372130484052,TBX15
Hsapiens-jolma2013-TBX20,10,467,0.756743397039648,0.468657672778571,0.876372130484052,TBX20
Hsapiens-HOCOMOCOv10-MIXL1_HUMAN.H10MO.D,10,471,0.749915620682999,0.468986397850416,0.876372130484052,MIXL1
Hsapiens-HOCOMOCOv11-secondary-D-MIXL1_HUMAN.H11MO.0.D,10,471,0.749915620682999,0.468986397850416,0.876372130484052,MIXL1
Hsapiens-jaspar2022-CREB3L4-MA1474.1,10,471,0.749915620682999,0.468986397850416,0.876372130484052,CREB3L4
Hsapiens-HOCOMOCOv13-ZN484.H13CORE.0.P.C,42,1357,1.13521715914749,0.469622428465604,0.877121759992398,ZN484
Hsapiens-hPDI-SMAD3,42,1357,1.13521715914749,0.469622428465604,0.877121759992398,SMAD3
Hsapiens-HOCOMOCOv13-CDX1.H13CORE.1.S.B,10,476,0.741542212224253,0.470008879827163,0.877404729674851,CDX1
Hsapiens-HOCOMOCOv11-core-A-GATA6_HUMAN.H11MO.0.A,10,476,0.741542212224253,0.470008879827163,0.877404729674851,GATA6
Hsapiens-hPDI-HIST2H2BE,22,689,1.16064345374959,0.47018444114063,0.877513141149267,HIST2H2BE
Hsapiens-HOCOMOCOv13-ZN136.H13CORE.0.P.B,16,698,0.807957047634046,0.470793198354744,0.878429777294925,ZN136
Hsapiens-HOCOMOCOv13-PO2F2.H13CORE.0.PSM.A,16,705,0.799222254942267,0.471024093892619,0.87864109822277,PO2F2
Hsapiens-jolma2013-HOXA13,16,707,0.79674112024842,0.471259492810065,0.878860712059519,HOXA13
Hsapiens-HOCOMOCOv11-core-C-ZN547_HUMAN.H11MO.0.C,16,475,1.22371654844517,0.471695954999397,0.879455089338616,ZN547
Hsapiens-SwissRegulon-TCF12.SwissRegulon,31,991,1.14115683117383,0.472368304820471,0.880269178818388,TCF12
Hsapiens-SwissRegulon-MECOM.SwissRegulon,34,1385,0.858438095837736,0.472277052312845,0.880269178818388,MECOM
Hsapiens-jaspar2024-JUNB-MA0490.3,16,478,1.21555007101634,0.473019840056412,0.880290418802884,JUNB
Hsapiens-jaspar2024-ZNF274-MA1592.2,16,478,1.21555007101634,0.473019840056412,0.880290418802884,ZNF274
Hsapiens-HOCOMOCOv10-CEBPG_HUMAN.H10MO.C,16,480,1.21016245886425,0.474029731480144,0.880290418802884,CEBPG
Hsapiens-HOCOMOCOv10-EOMES_HUMAN.H10MO.D,23,710,1.18000779498101,0.473544445948685,0.880290418802884,EOMES
Hsapiens-HOCOMOCOv11-secondary-D-EOMES_HUMAN.H11MO.0.D,23,710,1.18000779498101,0.473544445948685,0.880290418802884,EOMES
Hsapiens-HOCOMOCOv13-ZN793.H13CORE.0.P.B,31,993,1.13853089615557,0.473214068873583,0.880290418802884,ZN793
Hsapiens-hPDI-PCK2,58,1911,1.11927186783803,0.473948388182173,0.880290418802884,PCK2
Hsapiens-HOCOMOCOv13-ZN441.H13CORE.0.P.C,34,1390,0.854700096568999,0.472539589196029,0.880290418802884,ZN441
Hsapiens-HOCOMOCOv13-TAL1.H13CORE.2.P.B,24,1005,0.838737276338923,0.473161849576519,0.880290418802884,TAL1
Hsapiens-jaspar2016-POU3F1-MA0786.1,24,1016,0.828340649200897,0.47394830532762,0.880290418802884,POU3F1
Hsapiens-jaspar2018-POU3F1-MA0786.1,24,1016,0.828340649200897,0.47394830532762,0.880290418802884,POU3F1
Hsapiens-jaspar2022-POU3F1-MA0786.1,24,1016,0.828340649200897,0.47394830532762,0.880290418802884,POU3F1
Hsapiens-jolma2013-POU3F1,24,1016,0.828340649200897,0.47394830532762,0.880290418802884,POU3F1
Hsapiens-SwissRegulon-POU3F1.SwissRegulon,24,1016,0.828340649200897,0.47394830532762,0.880290418802884,POU3F1
Hsapiens-HOCOMOCOv10-KLF8_HUMAN.H10MO.C,16,481,1.20748545241562,0.474572385401636,0.88086012588589,KLF8
Hsapiens-HOCOMOCOv11-core-C-KLF8_HUMAN.H11MO.0.C,16,481,1.20748545241562,0.474572385401636,0.88086012588589,KLF8
Hsapiens-HOCOMOCOv13-ZNF24.H13CORE.0.P.B,32,1014,1.15348950948354,0.475066160112437,0.881557552765166,ZNF24
Hsapiens-SwissRegulon-STAT5A.SwissRegulon,23,715,1.17094907194551,0.475365195888836,0.881674360092803,STAT5A
Hsapiens-jaspar2022-THRA-MA1969.1,32,1015,1.15218685994493,0.475299073375776,0.881674360092803,THRA
Hsapiens-hPDI-GTF3C5,49,1932,0.883590658946644,0.475689814629303,0.882057404534823,GTF3C5
Hsapiens-HOCOMOCOv13-TCF21.H13CORE.1.SM.B,6,169,1.28036241508979,0.479835239057178,0.883768405536678,TCF21
Hsapiens-jolma2013-CUX1-2,6,169,1.28036241508979,0.479835239057178,0.883768405536678,CUX1
Hsapiens-HOCOMOCOv13-HINFP.H13CORE.2.S.B,16,488,1.18905357386301,0.479059042335716,0.883768405536678,HINFP
Hsapiens-jaspar2024-MAFG::NFE2L1-MA0089.3,16,488,1.18905357386301,0.479059042335716,0.883768405536678,MAFG::NFE2L1
Hsapiens-jaspar2022-ATF4-MA0833.2,16,489,1.18646352160834,0.479796175359486,0.883768405536678,ATF4
Hsapiens-cisbp_1.02-M2979_1.02,16,490,1.18388403986233,0.480556807295915,0.883768405536678,BACH1
Hsapiens-HOCOMOCOv13-HMX3.H13CORE.0.S.B,16,490,1.18388403986233,0.480556807295915,0.883768405536678,HMX3
Hsapiens-HOCOMOCOv13-MLX.H13CORE.0.PM.A,16,490,1.18388403986233,0.480556807295915,0.883768405536678,MLX
Hsapiens-jaspar2016-TEAD3-MA0808.1,16,490,1.18388403986233,0.480556807295915,0.883768405536678,TEAD3
Hsapiens-jaspar2018-TEAD3-MA0808.1,16,490,1.18388403986233,0.480556807295915,0.883768405536678,TEAD3
Hsapiens-jaspar2022-TEAD3-MA0808.1,16,490,1.18388403986233,0.480556807295915,0.883768405536678,TEAD3
Hsapiens-jaspar2024-TEAD3-MA0808.1,16,490,1.18388403986233,0.480556807295915,0.883768405536678,TEAD3
Hsapiens-jolma2013-TEAD3-2,16,490,1.18388403986233,0.480556807295915,0.883768405536678,TEAD3
Hsapiens-SwissRegulon-TEAD3.SwissRegulon,16,490,1.18388403986233,0.480556807295915,0.883768405536678,TEAD3
Hsapiens-HOCOMOCOv13-ZNF470.H13CORE.0.PSG.A,32,1026,1.13802514821714,0.47872464970339,0.883768405536678,ZNF470
Hsapiens-HOCOMOCOv11-core-A-ELF5_HUMAN.H11MO.0.A,50,1966,0.8861541223383,0.478543089575594,0.883768405536678,ELF5
Hsapiens-HOCOMOCOv13-ZNF26.H13CORE.0.P.B,17,735,0.815100462902715,0.480753920430516,0.883768405536678,ZNF26
Hsapiens-cisbp_1.02-M3154_1.02,17,736,0.813880036439204,0.480749523836043,0.883768405536678,TCF3
Hsapiens-jaspar2016-XBP1-MA0844.1,6,303,0.701887092429325,0.47815734728144,0.883768405536678,XBP1
Hsapiens-jaspar2018-XBP1-MA0844.1,6,303,0.701887092429325,0.47815734728144,0.883768405536678,XBP1
Hsapiens-jaspar2022-XBP1-MA0844.1,6,303,0.701887092429325,0.47815734728144,0.883768405536678,XBP1
Hsapiens-jolma2013-XBP1-2,6,303,0.701887092429325,0.47815734728144,0.883768405536678,XBP1
Hsapiens-jaspar2016-BHLHE40-MA0464.2,6,305,0.697102473816787,0.478139162088194,0.883768405536678,BHLHE40
Hsapiens-jaspar2018-BHLHE40-MA0464.2,6,305,0.697102473816787,0.478139162088194,0.883768405536678,BHLHE40
Hsapiens-jaspar2022-BHLHE40-MA0464.2,6,305,0.697102473816787,0.478139162088194,0.883768405536678,BHLHE40
Hsapiens-jolma2013-BHLHB2,6,305,0.697102473816787,0.478139162088194,0.883768405536678,BHLHB2
Hsapiens-HOCOMOCOv10-VAX2_HUMAN.H10MO.D,6,306,0.694733614808896,0.478191971135096,0.883768405536678,VAX2
Hsapiens-HOCOMOCOv13-LHX6.H13CORE.1.S.B,6,308,0.690042036119819,0.478420155413727,0.883768405536678,LHX6
Hsapiens-SwissRegulon-NR3C1.SwissRegulon,6,308,0.690042036119819,0.478420155413727,0.883768405536678,NR3C1
Hsapiens-jaspar2024-RARB-MA1552.2,6,310,0.685410984422447,0.478810028252492,0.883768405536678,RARB
Hsapiens-jolma2013-TEF-2,6,311,0.683117791330659,0.479064922095281,0.883768405536678,TEF
Hsapiens-jaspar2022-HOXD10-MA1506.1,6,312,0.680839295890404,0.479359413763567,0.883768405536678,HOXD10
Hsapiens-cisbp_1.02-M5910_1.02,6,313,0.678575357248092,0.479693214836767,0.883768405536678,TEF
Hsapiens-cisbp_1.02-M5953_1.02,6,313,0.678575357248092,0.479693214836767,0.883768405536678,XBP1
Hsapiens-HOCOMOCOv13-MSANTD4.H13CORE.0.SGIB.A,6,313,0.678575357248092,0.479693214836767,0.883768405536678,MSANTD4
Hsapiens-hPDI-HLCS,205,7227,1.22141776945363,0.480875154739404,0.883773752644835,HLCS
Hsapiens-HOCOMOCOv13-SALL3.H13CORE.0.PSG.A,36,1449,0.869579963976146,0.481152378388362,0.884065710746045,SALL3
Hsapiens-HOCOMOCOv13-PHF21A.H13CORE.0.B.B,17,747,0.800670753522856,0.481875569244155,0.885176740453663,PHF21A
Hsapiens-jaspar2022-ZNF343-MA1711.1,24,744,1.17543894631495,0.482810799665465,0.886676632087867,ZNF343
Hsapiens-jaspar2018-PPARA::RXRA-MA1148.1,24,745,1.17369838568496,0.483087659760791,0.886749012227414,PPARA::RXRA
Hsapiens-jaspar2022-PPARA::RXRA-MA1148.1,24,745,1.17369838568496,0.483087659760791,0.886749012227414,PPARA::RXRA
Hsapiens-HOCOMOCOv13-ZNF3.H13CORE.0.P.B,24,746,1.17196216862164,0.48338161383986,0.887070583235852,ZNF3
Hsapiens-cisbp_1.02-M6152_1.02,11,501,0.776063663792506,0.484043109795254,0.887583493305595,ATF1
Hsapiens-HOCOMOCOv13-SOX14.H13CORE.0.SM.B,11,501,0.776063663792506,0.484043109795254,0.887583493305595,SOX14
Hsapiens-SwissRegulon-ATF1.SwissRegulon,11,501,0.776063663792506,0.484043109795254,0.887583493305595,ATF1
Hsapiens-SwissRegulon-TBX5.SwissRegulon,11,505,0.769503115726295,0.484136450893961,0.887583493305595,TBX5
Hsapiens-jaspar2022-SOHLH2-MA1560.1,6,172,1.25754943736713,0.486704971589306,0.888150362277188,SOHLH2
Hsapiens-HOCOMOCOv13-ZNF532.H13CORE.0.SG.A,11,320,1.24446715009475,0.48665189371711,0.888150362277188,ZNF532
Hsapiens-HOCOMOCOv13-ZN768.H13CORE.1.P.B,24,750,1.16506350820581,0.484727027200434,0.888150362277188,ZN768
Hsapiens-jolma2013-CTCF,24,752,1.16164164751526,0.485500512510724,0.888150362277188,CTCF
Hsapiens-SwissRegulon-CTCF.SwissRegulon,24,752,1.16164164751526,0.485500512510724,0.888150362277188,CTCF
Hsapiens-jaspar2022-ZNF675-MA1714.1,24,754,1.15823790778971,0.486340404004723,0.888150362277188,ZNF675
Hsapiens-HOCOMOCOv11-core-A-FOXP1_HUMAN.H11MO.0.A,26,1078,0.846756454620097,0.486079976581466,0.888150362277188,FOXP1
Hsapiens-jaspar2022-KLF17-MA1514.1,26,1087,0.838648164054798,0.486691119234973,0.888150362277188,KLF17
Hsapiens-SwissRegulon-RFX1.SwissRegulon,11,509,0.763045635078484,0.484632662854307,0.888150362277188,RFX1
Hsapiens-jaspar2022-NFIL3-MA0025.2,11,510,0.761447085076031,0.484818920662093,0.888150362277188,NFIL3
Hsapiens-jaspar2016-TBX21-MA0690.1,11,513,0.756688811493108,0.485525254155517,0.888150362277188,TBX21
Hsapiens-jaspar2018-TBX21-MA0690.1,11,513,0.756688811493108,0.485525254155517,0.888150362277188,TBX21
Hsapiens-jolma2013-TBX21-5,11,513,0.756688811493108,0.485525254155517,0.888150362277188,TBX21
Hsapiens-SwissRegulon-TBX21.SwissRegulon,11,513,0.756688811493108,0.485525254155517,0.888150362277188,TBX21
Hsapiens-HOCOMOCOv10-PPARG_HUMAN.H10MO.S,11,514,0.755115057941007,0.485809502777758,0.888150362277188,PPARG
Hsapiens-cisbp_1.02-M5913_1.02,11,515,0.753547413332647,0.486117955106354,0.888150362277188,TFAP2A
Hsapiens-jolma2013-TFAP2A-3,11,515,0.753547413332647,0.486117955106354,0.888150362277188,TFAP2A
Hsapiens-SwissRegulon-IRX6.SwissRegulon,11,515,0.753547413332647,0.486117955106354,0.888150362277188,IRX6
Hsapiens-HOCOMOCOv13-GBX2.H13CORE.1.S.B,11,516,0.751985842159232,0.486450487971733,0.888150362277188,GBX2
Hsapiens-SwissRegulon-GSX2.SwissRegulon,11,321,1.24042850690873,0.487467834340371,0.889107998702864,GSX2
Hsapiens-SwissRegulon-SOX1.SwissRegulon,11,321,1.24042850690873,0.487467834340371,0.889107998702864,SOX1
Hsapiens-hPDI-CYB5R1,3,80,1.34908517543885,0.493249933183394,0.88989831490011,CYB5R1
Hsapiens-HOCOMOCOv10-CENPB_HUMAN.H10MO.D,6,173,1.25012092059689,0.489089921984961,0.88989831490011,CENPB
Hsapiens-HOCOMOCOv11-secondary-D-CENPB_HUMAN.H11MO.0.D,6,173,1.25012092059689,0.489089921984961,0.88989831490011,CENPB
Hsapiens-HOCOMOCOv10-HXD3_HUMAN.H10MO.D,11,324,1.22846214425054,0.490122300291102,0.88989831490011,HXD3
Hsapiens-HOCOMOCOv11-secondary-D-HXD3_HUMAN.H11MO.0.D,11,324,1.22846214425054,0.490122300291102,0.88989831490011,HXD3
Hsapiens-jolma2013-BARHL2-2,11,325,1.22452244534878,0.491074771144121,0.88989831490011,BARHL2
Hsapiens-jaspar2016-DLX6-MA0882.1,11,326,1.22060691433059,0.492060440849856,0.88989831490011,DLX6
Hsapiens-jaspar2018-DLX6-MA0882.1,11,326,1.22060691433059,0.492060440849856,0.88989831490011,DLX6
Hsapiens-jaspar2022-DLX6-MA0882.1,11,326,1.22060691433059,0.492060440849856,0.88989831490011,DLX6
Hsapiens-jolma2013-DLX6,11,326,1.22060691433059,0.492060440849856,0.88989831490011,DLX6
Hsapiens-SwissRegulon-DLX6.SwissRegulon,11,326,1.22060691433059,0.492060440849856,0.88989831490011,DLX6
Hsapiens-HOCOMOCOv11-core-A-FOSL1_HUMAN.H11MO.0.A,17,518,1.19120431296177,0.489961994757356,0.88989831490011,FOSL1
Hsapiens-jaspar2022-BATF-MA1634.1,17,521,1.18386874970584,0.491659809785412,0.88989831490011,BATF
Hsapiens-jaspar2022-BATF::JUN-MA0462.2,17,522,1.18144229697819,0.49227075779308,0.88989831490011,BATF::JUN
Hsapiens-cisbp_1.02-M6145_1.02,25,780,1.16797189648528,0.492051345950116,0.88989831490011,TFAP2C
Hsapiens-jaspar2024-ZNF331-MA1726.2,25,781,1.16631351671751,0.492314277259454,0.88989831490011,ZNF331
Hsapiens-hPDI-GIT2,24,758,1.1514842244444,0.488216938059614,0.88989831490011,GIT2
Hsapiens-SwissRegulon-NHLH1.SwissRegulon,35,1119,1.14401809801877,0.493262688939143,0.88989831490011,NHLH1
Hsapiens-HOCOMOCOv10-STA5B_HUMAN.H10MO.C,34,1092,1.13722377575677,0.489361739666625,0.88989831490011,STA5B
Hsapiens-jaspar2024-PHOX2B-MA0681.3,46,1507,1.11899984559317,0.488357356888978,0.88989831490011,PHOX2B
Hsapiens-SwissRegulon-FOXM1.SwissRegulon,84,3201,0.904762677250578,0.488508348036922,0.88989831490011,FOXM1
Hsapiens-hPDI-SF1,54,2116,0.887588839303727,0.488300164881441,0.88989831490011,SF1
Hsapiens-HOCOMOCOv10-DLX1_HUMAN.H10MO.D,38,1519,0.875590265864423,0.489372304462325,0.88989831490011,DLX1
Hsapiens-HOCOMOCOv11-secondary-D-DLX1_HUMAN.H11MO.0.D,38,1519,0.875590265864423,0.489372304462325,0.88989831490011,DLX1
Hsapiens-HOCOMOCOv10-HXC6_HUMAN.H10MO.D,39,1561,0.873498334854018,0.492965424521212,0.88989831490011,HXC6
Hsapiens-HOCOMOCOv11-secondary-D-HXC6_HUMAN.H11MO.0.D,39,1561,0.873498334854018,0.492965424521212,0.88989831490011,HXC6
Hsapiens-jaspar2024-IRF7-MA0772.2,27,1113,0.851685123798022,0.492078603197388,0.88989831490011,IRF7
Hsapiens-HOCOMOCOv10-TBX5_HUMAN.H10MO.D,18,768,0.826218909919297,0.490208997155414,0.88989831490011,TBX5
Hsapiens-HOCOMOCOv11-secondary-D-TBX5_HUMAN.H11MO.0.D,18,768,0.826218909919297,0.490208997155414,0.88989831490011,TBX5
Hsapiens-HOCOMOCOv13-ZFP90.H13CORE.1.P.C,18,769,0.825029458921305,0.490154015660872,0.88989831490011,ZFP90
Hsapiens-HOCOMOCOv13-COT1.H13CORE.0.PSM.A,18,773,0.820302389156922,0.490104770470789,0.88989831490011,COT1
Hsapiens-HOCOMOCOv10-GFI1_HUMAN.H10MO.C,18,776,0.816789025213164,0.490246057809148,0.88989831490011,GFI1
Hsapiens-HOCOMOCOv11-core-C-GFI1_HUMAN.H11MO.0.C,18,776,0.816789025213164,0.490246057809148,0.88989831490011,GFI1
Hsapiens-jolma2013-NR2F6,18,784,0.80755133204385,0.491360508722524,0.88989831490011,NR2F6
Hsapiens-HOCOMOCOv13-ZN250.H13CORE.1.M.C,3,179,0.595417611602826,0.491767992781894,0.88989831490011,ZN250
Hsapiens-HOCOMOCOv13-IRX1.H13CORE.0.S.C,3,181,0.588687341944918,0.491984454610963,0.88989831490011,IRX1
Hsapiens-HOCOMOCOv10-PAX2_HUMAN.H10MO.D,3,181,0.588687341944918,0.491984454610963,0.88989831490011,PAX2
Hsapiens-HOCOMOCOv11-secondary-D-PAX2_HUMAN.H11MO.0.D,3,181,0.588687341944918,0.491984454610963,0.88989831490011,PAX2
Hsapiens-HOCOMOCOv13-SIX4.H13CORE.1.M.C,3,182,0.585377671993734,0.49219350622885,0.88989831490011,SIX4
Hsapiens-jaspar2016-TFCP2-MA0145.3,3,184,0.578866247688635,0.492809539794484,0.88989831490011,TFCP2
Hsapiens-jaspar2018-TFCP2-MA0145.3,3,184,0.578866247688635,0.492809539794484,0.88989831490011,TFCP2
Hsapiens-jaspar2022-TFCP2-MA1968.1,3,184,0.578866247688635,0.492809539794484,0.88989831490011,TFCP2
Hsapiens-jolma2013-TFCP2,3,184,0.578866247688635,0.492809539794484,0.88989831490011,TFCP2
Hsapiens-SwissRegulon-TFCP2.SwissRegulon,3,184,0.578866247688635,0.492809539794484,0.88989831490011,TFCP2
Hsapiens-HOCOMOCOv13-ZNF788P.H13CORE.0.S.C,3,185,0.575663326770477,0.493214995173283,0.88989831490011,ZNF788P
Hsapiens-HOCOMOCOv13-ZIC5.H13CORE.1.M.C,17,524,1.17661717223861,0.49355924136709,0.890003373677159,ZIC5
Hsapiens-HOCOMOCOv11-core-A-HNF1B_HUMAN.H11MO.0.A,25,785,1.15972217455016,0.493527687158588,0.890003373677159,HNF1B
Hsapiens-cisbp_1.02-M6170_1.02,11,328,1.21284747174162,0.494129850966751,0.890150017623901,CEBPB
Hsapiens-jolma2013-RHOXF1-4,11,328,1.21284747174162,0.494129850966751,0.890150017623901,RHOXF1
Hsapiens-HOCOMOCOv10-JUN_HUMAN.H10MO.A,17,525,1.17421839438251,0.494236460448027,0.890150017623901,JUN
Hsapiens-HOCOMOCOv13-ZNF678.H13CORE.0.PSG.A,48,1568,1.12439310234287,0.493996871163337,0.890150017623901,ZNF678
Hsapiens-jolma2013-MYBL1-4,3,187,0.56936024455871,0.49421686919945,0.890150017623901,MYBL1
Hsapiens-SwissRegulon-ZNF8.SwissRegulon,3,81,1.33226324371524,0.497852137624431,0.890954293751646,ZNF8
Hsapiens-HOCOMOCOv13-DLX6.H13CORE.0.SM.B,7,190,1.33123044933363,0.499642773894774,0.890954293751646,DLX6
Hsapiens-cisbp_1.02-M4606_1.02,11,329,1.20900312477988,0.495212820313641,0.890954293751646,CEBPB
Hsapiens-jaspar2016-LHX2-MA0700.1,11,330,1.20518207483864,0.496327446679722,0.890954293751646,LHX2
Hsapiens-jaspar2018-LHX2-MA0700.1,11,330,1.20518207483864,0.496327446679722,0.890954293751646,LHX2
Hsapiens-jolma2013-LHX2,11,330,1.20518207483864,0.496327446679722,0.890954293751646,LHX2
Hsapiens-HOCOMOCOv10-HBP1_HUMAN.H10MO.D,11,333,1.19385660814537,0.499857324309875,0.890954293751646,HBP1
Hsapiens-HOCOMOCOv11-secondary-D-HBP1_HUMAN.H11MO.0.D,11,333,1.19385660814537,0.499857324309875,0.890954293751646,HBP1
Hsapiens-cisbp_1.02-M5901_1.02,17,528,1.16707657221853,0.496398084790908,0.890954293751646,TCF4
Hsapiens-SwissRegulon-RUNX2.SwissRegulon,17,528,1.16707657221853,0.496398084790908,0.890954293751646,RUNX2
Hsapiens-SwissRegulon-TP73.SwissRegulon,17,528,1.16707657221853,0.496398084790908,0.890954293751646,TP73
Hsapiens-jaspar2022-ZNF574-MA1982.1,25,791,1.14995995297731,0.49582584421352,0.890954293751646,ZNF574
Hsapiens-HOCOMOCOv10-HEN1_HUMAN.H10MO.C,36,1160,1.13437274969404,0.499931643474782,0.890954293751646,HEN1
Hsapiens-HOCOMOCOv11-core-C-HEN1_HUMAN.H11MO.0.C,36,1160,1.13437274969404,0.499931643474782,0.890954293751646,HEN1
Hsapiens-jaspar2022-ZIM3-MA1709.1,35,1133,1.12756593106528,0.496799343503763,0.890954293751646,ZIM3
Hsapiens-jaspar2016-SP1-MA0079.1,48,1577,1.11640055002842,0.495615645481036,0.890954293751646,SP1
Hsapiens-jaspar2018-SP1-MA0079.1,48,1577,1.11640055002842,0.495615645481036,0.890954293751646,SP1
Hsapiens-SwissRegulon-ZNF35.SwissRegulon,59,2294,0.893877349325061,0.499185874075176,0.890954293751646,ZNF35
Hsapiens-HOCOMOCOv10-FOXJ3_HUMAN.H10MO.S,59,2296,0.892783620475794,0.499140664234319,0.890954293751646,FOXJ3
Hsapiens-HOCOMOCOv11-secondary-B-FOXJ3_HUMAN.H11MO.1.B,59,2296,0.892783620475794,0.499140664234319,0.890954293751646,FOXJ3
Hsapiens-jaspar2016-MEF2B-MA0660.1,28,1150,0.85457430083451,0.49781226530632,0.890954293751646,MEF2B
Hsapiens-jaspar2018-MEF2B-MA0660.1,28,1150,0.85457430083451,0.49781226530632,0.890954293751646,MEF2B
Hsapiens-jaspar2022-MEF2B-MA0660.1,28,1150,0.85457430083451,0.49781226530632,0.890954293751646,MEF2B
Hsapiens-jaspar2024-MEF2B-MA0660.1,28,1150,0.85457430083451,0.49781226530632,0.890954293751646,MEF2B
Hsapiens-jolma2013-MEF2B,28,1150,0.85457430083451,0.49781226530632,0.890954293751646,MEF2B
Hsapiens-SwissRegulon-MEF2B.SwissRegulon,28,1150,0.85457430083451,0.49781226530632,0.890954293751646,MEF2B
Hsapiens-HOCOMOCOv10-TYY1_HUMAN.H10MO.A,28,1152,0.852840287955458,0.497859406286502,0.890954293751646,TYY1
Hsapiens-SwissRegulon-E2F1.SwissRegulon,19,810,0.826114339405239,0.498895390563224,0.890954293751646,E2F1
Hsapiens-HOCOMOCOv13-PHX2B.H13CORE.0.PSM.A,19,815,0.820470108993196,0.499281820444629,0.890954293751646,PHX2B
Hsapiens-HOCOMOCOv10-TBX20_HUMAN.H10MO.D,19,817,0.818231731110654,0.499547830403111,0.890954293751646,TBX20
Hsapiens-SwissRegulon-IRX4.SwissRegulon,12,536,0.791367121095724,0.498064047246436,0.890954293751646,IRX4
Hsapiens-jaspar2024-NFIL3-MA0025.3,12,539,0.786643929443967,0.498021050826965,0.890954293751646,NFIL3
Hsapiens-HOCOMOCOv13-SOX9.H13CORE.0.PS.A,12,540,0.78508118829262,0.498053576535504,0.890954293751646,SOX9
Hsapiens-jolma2013-POU1F1,12,543,0.78042748237114,0.498290636732445,0.890954293751646,POU1F1
Hsapiens-HOCOMOCOv13-ZN595.H13CORE.0.P.C,12,544,0.778887647184346,0.498415872944184,0.890954293751646,ZN595
Hsapiens-HOCOMOCOv10-BARX2_HUMAN.H10MO.D,12,547,0.774301904436953,0.49892898551738,0.890954293751646,BARX2
Hsapiens-HOCOMOCOv11-secondary-D-BARX2_HUMAN.H11MO.0.D,12,547,0.774301904436953,0.49892898551738,0.890954293751646,BARX2
Hsapiens-jolma2013-RARA-4,12,547,0.774301904436953,0.49892898551738,0.890954293751646,RARA
Hsapiens-HOCOMOCOv13-THB.H13CORE.2.SM.B,12,550,0.769766161515913,0.499646198558757,0.890954293751646,THB
Hsapiens-jolma2013-DPRX-2,3,191,0.55715005551779,0.496961813684781,0.890954293751646,DPRX
Hsapiens-jolma2013-E2F1-3,3,191,0.55715005551779,0.496961813684781,0.890954293751646,E2F1
Hsapiens-SwissRegulon-DPRX.SwissRegulon,3,191,0.55715005551779,0.496961813684781,0.890954293751646,DPRX
Hsapiens-cisbp_1.02-M6151_1.02,3,193,0.551234742545937,0.498691564550532,0.890954293751646,ARNT
Hsapiens-HOCOMOCOv10-ARNT_HUMAN.H10MO.B,3,193,0.551234742545937,0.498691564550532,0.890954293751646,ARNT
Hsapiens-jolma2013-AR,7,192,1.31702647438414,0.501713506552791,0.891272493731918,AR
Hsapiens-HOCOMOCOv13-MYRFL.H13CORE.0.P.C,18,548,1.1932409714095,0.500915188900744,0.891272493731918,MYRFL
Hsapiens-jaspar2024-THRB-MA1576.2,18,548,1.1932409714095,0.500915188900744,0.891272493731918,THRB
Hsapiens-jaspar2016-SOX21-MA0866.1,18,550,1.18858174689102,0.501681723420014,0.891272493731918,SOX21
Hsapiens-jaspar2018-SOX21-MA0866.1,18,550,1.18858174689102,0.501681723420014,0.891272493731918,SOX21
Hsapiens-jaspar2022-SOX21-MA0866.1,18,550,1.18858174689102,0.501681723420014,0.891272493731918,SOX21
Hsapiens-jaspar2024-SOX21-MA0866.1,18,550,1.18858174689102,0.501681723420014,0.891272493731918,SOX21
Hsapiens-jolma2013-SOX21,18,550,1.18858174689102,0.501681723420014,0.891272493731918,SOX21
Hsapiens-HOCOMOCOv13-PHX2A.H13CORE.0.PS.A,7,339,0.731852378992786,0.50148476931443,0.891272493731918,PHX2A
Hsapiens-jaspar2022-ATF6-MA1466.1,7,339,0.731852378992786,0.50148476931443,0.891272493731918,ATF6
Hsapiens-hPDI-KLF3,7,340,0.729604123164219,0.50145366322555,0.891272493731918,KLF3
Hsapiens-HOCOMOCOv13-VSX2.H13CORE.0.PSM.A,7,345,0.718558306006758,0.501836583664267,0.891272493731918,VSX2
Hsapiens-cisbp_1.02-M4088_1.02,7,346,0.716387444211172,0.502019464604388,0.891272493731918,TEF
Hsapiens-cisbp_1.02-M5325_1.02,7,346,0.716387444211172,0.502019464604388,0.891272493731918,CREB3L1
Hsapiens-jaspar2024-ZNF547-MA2334.1,7,346,0.716387444211172,0.502019464604388,0.891272493731918,ZNF547
Hsapiens-SwissRegulon-RHOXF2.SwissRegulon,7,346,0.716387444211172,0.502019464604388,0.891272493731918,RHOXF2
Hsapiens-HOCOMOCOv13-NPAS2.H13CORE.0.M.B,7,348,0.712083141896541,0.502489826107438,0.891895558744405,NPAS2
Hsapiens-HOCOMOCOv10-RX_HUMAN.H10MO.D,18,555,1.17708058190097,0.503975600066751,0.893683228133562,RX
Hsapiens-HOCOMOCOv11-secondary-D-RX_HUMAN.H11MO.0.D,18,555,1.17708058190097,0.503975600066751,0.893683228133562,RX
Hsapiens-HOCOMOCOv11-secondary-A-SOX10_HUMAN.H11MO.1.A,42,1675,0.87539768598763,0.503775737613553,0.893683228133562,SOX10
Hsapiens-HOCOMOCOv13-ZN441.H13CORE.1.P.C,42,1676,0.874736240688153,0.503825727304141,0.893683228133562,ZN441
Hsapiens-SwissRegulon-HOXB13.SwissRegulon,26,827,1.1439555128562,0.504318132021072,0.893866190808112,HOXB13
Hsapiens-HOCOMOCOv11-core-B-NR1D1_HUMAN.H11MO.0.B,37,1190,1.13759180538721,0.504254320436867,0.893866190808112,NR1D1
Hsapiens-HOCOMOCOv10-ATOH1_HUMAN.H10MO.D,7,196,1.28948806979769,0.50650344245563,0.89710083274866,ATOH1
Hsapiens-jolma2013-EMX1,7,196,1.28948806979769,0.50650344245563,0.89710083274866,EMX1
Hsapiens-SwissRegulon-EMX1.SwissRegulon,7,196,1.28948806979769,0.50650344245563,0.89710083274866,EMX1
Hsapiens-jolma2013-EN1,12,354,1.22756783348971,0.507490497787537,0.897378513879549,EN1
Hsapiens-SwissRegulon-EN1.SwissRegulon,12,354,1.22756783348971,0.507490497787537,0.897378513879549,EN1
Hsapiens-jaspar2024-SIX2-MA1119.2,18,560,1.16578477146409,0.506796136638815,0.897378513879549,SIX2
Hsapiens-jaspar2022-BATF3-MA0835.2,18,561,1.16354976867621,0.507421973867316,0.897378513879549,BATF3
Hsapiens-hPDI-FLJ37078,20,846,0.832495700166238,0.507130076163709,0.897378513879549,SRRM3
Hsapiens-HOCOMOCOv10-ALX3_HUMAN.H10MO.D,20,851,0.82702068407265,0.507501250853825,0.897378513879549,ALX3
Hsapiens-jolma2013-NFATC1,20,851,0.82702068407265,0.507501250853825,0.897378513879549,NFATC1
Hsapiens-HOCOMOCOv13-HXA5.H13CORE.0.SM.B,7,197,1.28277818881869,0.507830798670355,0.89744651063713,HXA5
Hsapiens-SwissRegulon-HOXD1.SwissRegulon,12,355,1.22394947429639,0.508140486475355,0.89744651063713,HOXD1
Hsapiens-jaspar2022-FERD3L-MA1485.1,18,562,1.16132271866899,0.508068062289547,0.89744651063713,FERD3L
Hsapiens-jaspar2024-FERD3L-MA1485.1,18,562,1.16132271866899,0.508068062289547,0.89744651063713,FERD3L
Hsapiens-jaspar2024-EGR1-MA0162.5,37,1205,1.12101493501027,0.507745044493637,0.89744651063713,EGR1
Hsapiens-HOCOMOCOv13-PO3F1.H13CORE.2.S.C,12,357,1.21677356336147,0.50953432202914,0.897753045909401,PO3F1
Hsapiens-jaspar2016-SREBF2(var.2)-MA0828.1,12,358,1.21321567190727,0.510277590809342,0.897753045909401,SREBF2(var.2)
Hsapiens-jaspar2018-SREBF2(var.2)-MA0828.1,12,358,1.21321567190727,0.510277590809342,0.897753045909401,SREBF2(var.2)
Hsapiens-jolma2013-SREBF2,12,358,1.21321567190727,0.510277590809342,0.897753045909401,SREBF2
Hsapiens-JASPAR_2014-PAX5-MA0014.2,27,852,1.15494783500984,0.508879274714543,0.897753045909401,PAX5
Hsapiens-jaspar2016-PAX5-MA0014.2,27,852,1.15494783500984,0.508879274714543,0.897753045909401,PAX5
Hsapiens-jaspar2018-PAX5-MA0014.2,27,852,1.15494783500984,0.508879274714543,0.897753045909401,PAX5
Hsapiens-jaspar2022-ERF::NHLH1-MA1938.1,27,856,1.14890225983278,0.509924277398739,0.897753045909401,ERF::NHLH1
Hsapiens-hPDI-CHES1,38,1226,1.13412804588405,0.509466016843911,0.897753045909401,FOXN3
Hsapiens-HOCOMOCOv10-FOXG1_HUMAN.H10MO.D,65,2516,0.895671844420573,0.509996949648722,0.897753045909401,FOXG1
Hsapiens-HOCOMOCOv11-secondary-D-FOXG1_HUMAN.H11MO.0.D,65,2516,0.895671844420573,0.509996949648722,0.897753045909401,FOXG1
Hsapiens-HOCOMOCOv11-core-B-FEV_HUMAN.H11MO.0.B,30,1224,0.859773361217706,0.508562827750402,0.897753045909401,FEV
Hsapiens-HOCOMOCOv13-NKX21.H13CORE.0.P.B,13,572,0.803284583665741,0.51083819053621,0.897753045909401,NKX21
Hsapiens-jaspar2022-NHLH2-MA1529.1,13,572,0.803284583665741,0.51083819053621,0.897753045909401,NHLH2
Hsapiens-jaspar2024-ZNF582-MA1983.2,13,572,0.803284583665741,0.51083819053621,0.897753045909401,ZNF582
Hsapiens-jaspar2016-HSF2-MA0770.1,13,574,0.800268569495912,0.510789558976229,0.897753045909401,HSF2
Hsapiens-jaspar2018-HSF2-MA0770.1,13,574,0.800268569495912,0.510789558976229,0.897753045909401,HSF2
Hsapiens-jaspar2022-HSF2-MA0770.1,13,574,0.800268569495912,0.510789558976229,0.897753045909401,HSF2
Hsapiens-jaspar2024-HSF2-MA0770.1,13,574,0.800268569495912,0.510789558976229,0.897753045909401,HSF2
Hsapiens-jolma2013-HSF2,13,574,0.800268569495912,0.510789558976229,0.897753045909401,HSF2
Hsapiens-jaspar2024-EBF1-MA0154.5,13,575,0.798768425376827,0.510797849211349,0.897753045909401,EBF1
Hsapiens-SwissRegulon-NR1I3.SwissRegulon,13,579,0.792819635115711,0.511046835698554,0.897908448796166,NR1I3
Hsapiens-HOCOMOCOv13-HXB7.H13CORE.0.P.C,12,360,1.20615918188217,0.511855357648557,0.898419837703302,HXB7
Hsapiens-HOCOMOCOv10-ZSC16_HUMAN.H10MO.D,12,360,1.20615918188217,0.511855357648557,0.898419837703302,ZSC16
Hsapiens-HOCOMOCOv11-secondary-D-ZSC16_HUMAN.H11MO.0.D,12,360,1.20615918188217,0.511855357648557,0.898419837703302,ZSC16
Hsapiens-HOCOMOCOv13-CREB3.H13CORE.0.SM.B,13,583,0.786952424063163,0.511637631761046,0.898419837703302,CREB3
Hsapiens-HOCOMOCOv11-secondary-D-GLI1_HUMAN.H11MO.0.D,13,585,0.78404888794827,0.512059612947243,0.898419837703302,GLI1
Hsapiens-jaspar2022-ERF::FIGLA-MA1934.1,13,585,0.78404888794827,0.512059612947243,0.898419837703302,ERF::FIGLA
Hsapiens-HOCOMOCOv13-ZN562.H13CORE.0.P.C,13,586,0.782604547471806,0.512301947602873,0.898633923589915,ZN562
Hsapiens-jaspar2024-ZNF189-MA1725.2,13,588,0.779730595397525,0.51284884850852,0.899382026182235,ZNF189
Hsapiens-HOCOMOCOv13-TIGD3.H13CORE.0.PSGIB.A,7,201,1.25660625996211,0.513632499151238,0.899489129228745,TIGD3
Hsapiens-jaspar2016-PAX9-MA0781.1,7,201,1.25660625996211,0.513632499151238,0.899489129228745,PAX9
Hsapiens-jaspar2018-PAX9-MA0781.1,7,201,1.25660625996211,0.513632499151238,0.899489129228745,PAX9
Hsapiens-jaspar2022-PAX9-MA0781.1,7,201,1.25660625996211,0.513632499151238,0.899489129228745,PAX9
Hsapiens-jolma2013-PAX9,7,201,1.25660625996211,0.513632499151238,0.899489129228745,PAX9
Hsapiens-SwissRegulon-PAX9.SwissRegulon,7,201,1.25660625996211,0.513632499151238,0.899489129228745,PAX9
Hsapiens-HOCOMOCOv10-BC11A_HUMAN.H10MO.C,68,2621,0.89930547088197,0.51462434638006,0.900803666068121,BC11A
Hsapiens-HOCOMOCOv11-core-A-BC11A_HUMAN.H11MO.0.A,68,2621,0.89930547088197,0.51462434638006,0.900803666068121,BC11A
Hsapiens-hPDI-SRP9,12,364,1.19227881207003,0.515367344800169,0.901892853400295,SRP9
Hsapiens-jaspar2022-POU2F3-MA0627.2,21,889,0.830919334240272,0.515488652087268,0.901893825823332,POU2F3
Hsapiens-HOCOMOCOv10-NKX32_HUMAN.H10MO.C,19,590,1.16897438084808,0.515851782660048,0.902106524160125,NKX32
Hsapiens-jaspar2024-FLI1::FOXI1-MA1950.2,21,891,0.828818756451926,0.515790486877011,0.902106524160125,FLI1::FOXI1
Hsapiens-HOCOMOCOv13-SIX3.H13CORE.0.SM.B,3,85,1.26893324334992,0.516730311188919,0.903431342291675,SIX3
Hsapiens-SwissRegulon-ISX.SwissRegulon,7,204,1.23765080377174,0.518475036158783,0.90364491214964,ISX
Hsapiens-HOCOMOCOv13-DACH2.H13CORE.0.S.B,7,206,1.22532053274298,0.521923545680104,0.90364491214964,DACH2
Hsapiens-jolma2013-EN2,12,366,1.18545238985421,0.517296614303603,0.90364491214964,EN2
Hsapiens-cisbp_1.02-M4529_1.02,12,368,1.17870016049258,0.519338022524679,0.90364491214964,CEBPB
Hsapiens-jaspar2016-MIXL1-MA0662.1,12,368,1.17870016049258,0.519338022524679,0.90364491214964,MIXL1
Hsapiens-jaspar2018-MIXL1-MA0662.1,12,368,1.17870016049258,0.519338022524679,0.90364491214964,MIXL1
Hsapiens-jaspar2022-MIXL1-MA0662.1,12,368,1.17870016049258,0.519338022524679,0.90364491214964,MIXL1
Hsapiens-jolma2013-MIXL1,12,368,1.17870016049258,0.519338022524679,0.90364491214964,MIXL1
Hsapiens-SwissRegulon-MIXL1.SwissRegulon,12,368,1.17870016049258,0.519338022524679,0.90364491214964,MIXL1
Hsapiens-HOCOMOCOv13-ISX.H13CORE.2.SM.B,12,369,1.17535149107949,0.520399971751094,0.90364491214964,ISX
Hsapiens-HOCOMOCOv13-NFIA.H13CORE.1.PS.A,12,369,1.17535149107949,0.520399971751094,0.90364491214964,NFIA
Hsapiens-HOCOMOCOv13-NKX23.H13CORE.0.SM.B,12,369,1.17535149107949,0.520399971751094,0.90364491214964,NKX23
Hsapiens-SwissRegulon-TAL1.SwissRegulon,19,599,1.15000695078518,0.520736830483631,0.90364491214964,TAL1
Hsapiens-jaspar2024-FOXC2-MA0846.2,32,1296,0.865901821673456,0.5183638172025,0.90364491214964,FOXC2
Hsapiens-HOCOMOCOv11-secondary-A-MAFK_HUMAN.H11MO.1.A,22,925,0.836507497138857,0.522787421596975,0.90364491214964,MAFK
Hsapiens-jaspar2022-POU1F1-MA0784.2,22,927,0.83446441564415,0.523077600053432,0.90364491214964,POU1F1
Hsapiens-jaspar2022-ZIC5-MA1584.1,14,607,0.815231393851043,0.52261771679173,0.90364491214964,ZIC5
Hsapiens-HOCOMOCOv13-ATF3.H13CORE.3.SM.B,14,613,0.806591836020698,0.522604133446688,0.90364491214964,ATF3
Hsapiens-jaspar2024-FOSL2::JUND-MA1145.2,14,614,0.805168313826504,0.522672279069654,0.90364491214964,FOSL2::JUND
Hsapiens-HOCOMOCOv13-SNAI3.H13CORE.0.S.C,14,615,0.803749417573087,0.522760379499541,0.90364491214964,SNAI3
Hsapiens-jaspar2022-SREBF1-MA0829.2,14,616,0.802335124738717,0.522868368935496,0.90364491214964,SREBF1
Hsapiens-hPDI-PSMC2,14,617,0.800925412947609,0.522996179410244,0.90364491214964,PSMC2
Hsapiens-HOCOMOCOv11-core-B-SOX9_HUMAN.H11MO.0.B,14,618,0.799520259968745,0.523143740813368,0.90364491214964,SOX9
Hsapiens-jaspar2016-PAX3-MA0780.1,8,375,0.756049754241776,0.521740905901182,0.90364491214964,PAX3
Hsapiens-jaspar2018-PAX3-MA0780.1,8,375,0.756049754241776,0.521740905901182,0.90364491214964,PAX3
Hsapiens-jaspar2022-PAX3-MA0780.1,8,375,0.756049754241776,0.521740905901182,0.90364491214964,PAX3
Hsapiens-jaspar2024-PAX3-MA0780.1,8,375,0.756049754241776,0.521740905901182,0.90364491214964,PAX3
Hsapiens-jolma2013-PAX3,8,375,0.756049754241776,0.521740905901182,0.90364491214964,PAX3
Hsapiens-HOCOMOCOv13-RUNX3.H13CORE.1.S.B,8,377,0.751840528006698,0.521712422564103,0.90364491214964,RUNX3
Hsapiens-jolma2013-NFATC1-3,8,377,0.751840528006698,0.521712422564103,0.90364491214964,NFATC1
Hsapiens-HOCOMOCOv13-GATA6.H13CORE.0.PSM.A,8,378,0.749752614062256,0.521745930612606,0.90364491214964,GATA6
Hsapiens-HOCOMOCOv13-HXB13.H13CORE.0.PS.A,8,378,0.749752614062256,0.521745930612606,0.90364491214964,HXB13
Hsapiens-JASPAR_CORE-TLX1::NFIC-MA0119.1,8,379,0.747675715425335,0.521811067821967,0.90364491214964,TLX1::NFIC
Hsapiens-JASPAR_2014-TLX1::NFIC-MA0119.1,8,379,0.747675715425335,0.521811067821967,0.90364491214964,TLX1::NFIC
Hsapiens-jaspar2016-NFIC::TLX1-MA0119.1,8,379,0.747675715425335,0.521811067821967,0.90364491214964,NFIC::TLX1
Hsapiens-jaspar2018-NFIC::TLX1-MA0119.1,8,379,0.747675715425335,0.521811067821967,0.90364491214964,NFIC::TLX1
Hsapiens-jaspar2022-NFIC::TLX1-MA0119.1,8,379,0.747675715425335,0.521811067821967,0.90364491214964,NFIC::TLX1
Hsapiens-jaspar2022-ETV5::HOXA2-MA1948.1,8,379,0.747675715425335,0.521811067821967,0.90364491214964,ETV5::HOXA2
Hsapiens-jaspar2024-NFIC::TLX1-MA0119.1,8,379,0.747675715425335,0.521811067821967,0.90364491214964,NFIC::TLX1
Hsapiens-jaspar2024-NKX2-2-MA1645.2,8,379,0.747675715425335,0.521811067821967,0.90364491214964,NKX2-2
Hsapiens-hPDI-TBPL1,8,381,0.743554617199119,0.522035587457474,0.90364491214964,TBPL1
Hsapiens-HOCOMOCOv13-ZFPM1.H13CORE.0.I.C,8,383,0.73947654863289,0.522384647820169,0.90364491214964,ZFPM1
Hsapiens-HOCOMOCOv10-MGAP_HUMAN.H10MO.D,8,384,0.73745344040459,0.522605442984053,0.90364491214964,MGAP
Hsapiens-HOCOMOCOv11-secondary-D-MGAP_HUMAN.H11MO.0.D,8,384,0.73745344040459,0.522605442984053,0.90364491214964,MGAP
Hsapiens-cisbp_1.02-M5308_1.02,1,88,0.40475040539521,0.521330568437817,0.90364491214964,BHLHE23
Hsapiens-jaspar2016-BHLHE22-MA0818.1,1,88,0.40475040539521,0.521330568437817,0.90364491214964,BHLHE22
Hsapiens-jaspar2018-BHLHE22-MA0818.1,1,88,0.40475040539521,0.521330568437817,0.90364491214964,BHLHE22
Hsapiens-jolma2013-BHLHE23,1,88,0.40475040539521,0.521330568437817,0.90364491214964,BHLHE23
Hsapiens-SwissRegulon-BHLHE23.SwissRegulon,1,88,0.40475040539521,0.521330568437817,0.90364491214964,BHLHE23
Hsapiens-HOCOMOCOv13-SIX2.H13CORE.1.M.C,1,93,0.382747428863915,0.522401011434584,0.90364491214964,SIX2
Hsapiens-jaspar2022-BHLHA15-MA0607.2,1,93,0.382747428863915,0.522401011434584,0.90364491214964,BHLHA15
Hsapiens-jaspar2024-BHLHA15-MA0607.2,1,93,0.382747428863915,0.522401011434584,0.90364491214964,BHLHA15
Hsapiens-jaspar2022-RUNX3-MA0684.2,14,619,0.798119643714704,0.523310980914874,0.903724789931374,RUNX3
Hsapiens-HOCOMOCOv13-VENTX.H13CORE.1.S.C,14,624,0.791183850163954,0.524439688498816,0.904001854003614,VENTX
Hsapiens-hPDI-SNAPC5,14,624,0.791183850163954,0.524439688498816,0.904001854003614,SNAPC5
Hsapiens-jolma2013-ZNF238,14,624,0.791183850163954,0.524439688498816,0.904001854003614,ZNF238
Hsapiens-SwissRegulon-ZBTB18.SwissRegulon,14,624,0.791183850163954,0.524439688498816,0.904001854003614,ZBTB18
Hsapiens-jaspar2016-SCRT1-MA0743.1,8,389,0.727493885112221,0.524164604885723,0.904001854003614,SCRT1
Hsapiens-jaspar2018-SCRT1-MA0743.1,8,389,0.727493885112221,0.524164604885723,0.904001854003614,SCRT1
Hsapiens-jolma2013-SCRT1,8,389,0.727493885112221,0.524164604885723,0.904001854003614,SCRT1
Hsapiens-SwissRegulon-SCRT1.SwissRegulon,8,389,0.727493885112221,0.524164604885723,0.904001854003614,SCRT1
Hsapiens-cisbp_1.02-M6501_1.02,8,390,0.725532611373064,0.524566099145256,0.90401112010058,TAL1
Hsapiens-HOCOMOCOv13-FOXH1.H13CORE.0.P.B,13,387,1.2169840508673,0.525457102262179,0.904943733175361,FOXH1
Hsapiens-jaspar2022-BHLHE22-MA0818.2,1,97,0.366778182793561,0.525470741837132,0.904943733175361,BHLHE22
Hsapiens-jaspar2024-BHLHE22-MA0818.2,1,97,0.366778182793561,0.525470741837132,0.904943733175361,BHLHE22
Hsapiens-cisbp_1.02-M5925_1.02,20,622,1.1678786582698,0.525688747177289,0.905110477793263,TFAP2C
Hsapiens-HOCOMOCOv10-NR2F6_HUMAN.H10MO.D,29,932,1.13286357105783,0.525954774770451,0.90515120109689,NR2F6
Hsapiens-HOCOMOCOv11-secondary-D-NR2F6_HUMAN.H11MO.0.D,29,932,1.13286357105783,0.525954774770451,0.90515120109689,NR2F6
Hsapiens-HOCOMOCOv13-ZN714.H13CORE.0.P.C,29,933,1.13148792425953,0.526281051308426,0.90550407100268,ZN714
Hsapiens-hPDI-PPP1R10,13,395,1.19108034954726,0.530162165274023,0.905675926636017,PPP1R10
Hsapiens-jaspar2024-POU6F2-MA0793.2,13,397,1.18476753008886,0.531614374476962,0.905675926636017,POU6F2
Hsapiens-jolma2013-SOX8-6,20,625,1.16179847807595,0.526823721590614,0.905675926636017,SOX8
Hsapiens-HOCOMOCOv13-ZN329.H13CORE.1.P.C,20,627,1.15777734479669,0.527673320693555,0.905675926636017,ZN329
Hsapiens-HOCOMOCOv11-core-C-ZN582_HUMAN.H11MO.0.C,20,628,1.15577638156292,0.528125707223542,0.905675926636017,ZN582
Hsapiens-HOCOMOCOv13-PBX2.H13CORE.0.P.B,20,632,1.14783307096148,0.530116749543738,0.905675926636017,PBX2
Hsapiens-cisbp_1.02-M2268_1.02,20,633,1.14586262185594,0.530659349658334,0.905675926636017,CEBPB
Hsapiens-JASPAR_2014-CEBPB-MA0466.1,20,633,1.14586262185594,0.530659349658334,0.905675926636017,CEBPB
Hsapiens-jaspar2016-CEBPB-MA0466.1,20,633,1.14586262185594,0.530659349658334,0.905675926636017,CEBPB
Hsapiens-jaspar2018-CEBPB-MA0466.1,20,633,1.14586262185594,0.530659349658334,0.905675926636017,CEBPB
Hsapiens-HOCOMOCOv13-ARX.H13CORE.0.S.B,20,634,1.14389837870109,0.53121966614554,0.905675926636017,ARX
Hsapiens-SwissRegulon-STAT1.SwissRegulon,20,634,1.14389837870109,0.53121966614554,0.905675926636017,STAT1
Hsapiens-HOCOMOCOv13-SOX2.H13CORE.3.S.B,20,635,1.14194031261286,0.531797586543842,0.905675926636017,SOX2
Hsapiens-SwissRegulon-CDC5L.SwissRegulon,30,965,1.1324018972552,0.531870097766063,0.905675926636017,CDC5L
Hsapiens-HOCOMOCOv10-FOXA1_HUMAN.H10MO.A,30,971,1.12443692925054,0.533713063932746,0.905675926636017,FOXA1
Hsapiens-HOCOMOCOv13-LYL1.H13CORE.0.P.C,29,939,1.1232955387915,0.528511789643256,0.905675926636017,LYL1
Hsapiens-hPDI-ENO1,42,1384,1.10851294646423,0.5310142409572,0.905675926636017,ENO1
Hsapiens-hPDI-C9orf156,59,1962,1.10636703638051,0.527958207739384,0.905675926636017,C9orf156
Hsapiens-hPDI-FEZF2,59,1962,1.10636703638051,0.527958207739384,0.905675926636017,FEZF2
Hsapiens-hPDI-NAP1L1,139,4800,1.10216982105249,0.531411310671793,0.905675926636017,NAP1L1
Hsapiens-HOCOMOCOv13-ZN675.H13CORE.0.P.C,58,1938,1.09874969241355,0.52718849577608,0.905675926636017,ZN675
Hsapiens-JASPAR_CORE-ZNF354C-MA0130.1,96,3266,1.09478739453173,0.53387561311228,0.905675926636017,ZNF354C
Hsapiens-JASPAR_2014-ZNF354C-MA0130.1,96,3266,1.09478739453173,0.53387561311228,0.905675926636017,ZNF354C
Hsapiens-jaspar2016-ZNF354C-MA0130.1,96,3266,1.09478739453173,0.53387561311228,0.905675926636017,ZNF354C
Hsapiens-jaspar2018-ZNF354C-MA0130.1,96,3266,1.09478739453173,0.53387561311228,0.905675926636017,ZNF354C
Hsapiens-jaspar2022-ZNF354C-MA0130.1,96,3266,1.09478739453173,0.53387561311228,0.905675926636017,ZNF354C
Hsapiens-jaspar2024-ZNF354C-MA0130.1,96,3266,1.09478739453173,0.53387561311228,0.905675926636017,ZNF354C
Hsapiens-HOCOMOCOv10-PITX2_HUMAN.H10MO.D,23,949,0.853777511369757,0.529123934911104,0.905675926636017,PITX2
Hsapiens-HOCOMOCOv11-secondary-D-PITX2_HUMAN.H11MO.0.D,23,949,0.853777511369757,0.529123934911104,0.905675926636017,PITX2
Hsapiens-jaspar2016-POU3F2-MA0787.1,23,951,0.851737952507967,0.529084413211597,0.905675926636017,POU3F2
Hsapiens-jaspar2018-POU3F2-MA0787.1,23,951,0.851737952507967,0.529084413211597,0.905675926636017,POU3F2
Hsapiens-jaspar2022-POU3F2-MA0787.1,23,951,0.851737952507967,0.529084413211597,0.905675926636017,POU3F2
Hsapiens-jaspar2024-POU3F2-MA0787.1,23,951,0.851737952507967,0.529084413211597,0.905675926636017,POU3F2
Hsapiens-jolma2013-POU3F2-2,23,951,0.851737952507967,0.529084413211597,0.905675926636017,POU3F2
Hsapiens-JASPAR_CORE-GATA3-MA0037.1,23,956,0.846676300017928,0.5292201798316,0.905675926636017,GATA3
Hsapiens-jaspar2016-GATA3-MA0037.1,23,956,0.846676300017928,0.5292201798316,0.905675926636017,GATA3
Hsapiens-jaspar2018-GATA3-MA0037.1,23,956,0.846676300017928,0.5292201798316,0.905675926636017,GATA3
Hsapiens-jolma2013-NR2F6-3,15,647,0.818937430134645,0.533342216149402,0.905675926636017,NR2F6
Hsapiens-HOCOMOCOv10-RUNX2_HUMAN.H10MO.B,15,648,0.817561557096765,0.53336887487193,0.905675926636017,RUNX2
Hsapiens-cisbp_1.02-M4552_1.02,15,651,0.813459278070986,0.533561158481618,0.905675926636017,ATF3
Hsapiens-jaspar2022-TFAP4::FLI1-MA1967.1,15,653,0.810745348165682,0.533782370512997,0.905675926636017,TFAP4::FLI1
Hsapiens-jaspar2024-NR2F1-MA1537.2,15,654,0.809394602480715,0.533920703141125,0.905675926636017,NR2F1
Hsapiens-HOCOMOCOv11-secondary-A-RFX5_HUMAN.H11MO.1.A,15,655,0.808047977662669,0.53407743555035,0.905675926636017,RFX5
Hsapiens-jolma2013-IRF7-2,15,657,0.805367015385877,0.534445834463857,0.905675926636017,IRF7
Hsapiens-jaspar2024-BARHL1-MA0877.4,15,658,0.80403264059214,0.534657363679749,0.905675926636017,BARHL1
Hsapiens-jaspar2024-BARHL2-MA0635.2,15,658,0.80403264059214,0.534657363679749,0.905675926636017,BARHL2
Hsapiens-jaspar2016-MNX1-MA0707.1,15,659,0.802702311993609,0.534887018141587,0.905675926636017,MNX1
Hsapiens-jaspar2018-MNX1-MA0707.1,15,659,0.802702311993609,0.534887018141587,0.905675926636017,MNX1
Hsapiens-jolma2013-MNX1,15,659,0.802702311993609,0.534887018141587,0.905675926636017,MNX1
Hsapiens-SwissRegulon-MNX1.SwissRegulon,15,659,0.802702311993609,0.534887018141587,0.905675926636017,MNX1
Hsapiens-HOCOMOCOv13-CEBPB.H13CORE.1.SM.B,4,214,0.664087715885849,0.5297051622386,0.905675926636017,CEBPB
Hsapiens-HOCOMOCOv13-TFCP2.H13CORE.2.S.C,4,214,0.664087715885849,0.5297051622386,0.905675926636017,TFCP2
Hsapiens-cisbp_1.02-M5629_1.02,4,217,0.654653508550382,0.529837962453152,0.905675926636017,MGA
Hsapiens-jolma2013-MGA-2,4,217,0.654653508550382,0.529837962453152,0.905675926636017,MGA
Hsapiens-HOCOMOCOv13-HXB13.H13CORE.1.SM.B,4,218,0.651566468414472,0.529989564429197,0.905675926636017,HXB13
Hsapiens-jaspar2024-LHX6-MA0658.2,4,218,0.651566468414472,0.529989564429197,0.905675926636017,LHX6
Hsapiens-jolma2013-MAX,4,220,0.645476571570798,0.530450827275573,0.905675926636017,MAX
Hsapiens-jaspar2016-GRHL1-MA0647.1,4,221,0.642472953098858,0.530759467377756,0.905675926636017,GRHL1
Hsapiens-jaspar2018-GRHL1-MA0647.1,4,221,0.642472953098858,0.530759467377756,0.905675926636017,GRHL1
Hsapiens-jaspar2022-GRHL1-MA0647.1,4,221,0.642472953098858,0.530759467377756,0.905675926636017,GRHL1
Hsapiens-jolma2013-GRHL1-3,4,221,0.642472953098858,0.530759467377756,0.905675926636017,GRHL1
Hsapiens-jolma2013-PAX4,4,221,0.642472953098858,0.530759467377756,0.905675926636017,PAX4
Hsapiens-HOCOMOCOv13-HXA2.H13CORE.0.SM.B,4,223,0.636546522877961,0.531530133983583,0.905675926636017,HXA2
Hsapiens-SwissRegulon-MYBL2.SwissRegulon,4,223,0.636546522877961,0.531530133983583,0.905675926636017,MYBL2
Hsapiens-cisbp_1.02-M5613_1.02,4,225,0.630725440915465,0.532501692405756,0.905675926636017,MAX
Hsapiens-jolma2013-DPRX,4,226,0.627853531598219,0.533061412555003,0.905675926636017,DPRX
Hsapiens-HOCOMOCOv13-HXB1.H13CORE.0.SM.B,4,228,0.622185282082352,0.534325872206082,0.905675926636017,HXB1
Hsapiens-jaspar2024-BHLHE23-MA0817.2,1,101,0.352073771281587,0.530309605534639,0.905675926636017,BHLHE23
Hsapiens-cisbp_1.02-M5304_1.02,1,104,0.34178772057569,0.534990251481873,0.905675926636017,BHLHA15
Hsapiens-jolma2013-BHLHA15,1,104,0.34178772057569,0.534990251481873,0.905675926636017,BHLHA15
Hsapiens-SwissRegulon-BHLHA15.SwissRegulon,1,104,0.34178772057569,0.534990251481873,0.905675926636017,BHLHA15
Hsapiens-HOCOMOCOv13-MCR.H13CORE.1.SM.B,13,402,1.1692602649005,0.53570621464726,0.906066512047189,MCR
Hsapiens-hPDI-GOT1,21,656,1.16308628374725,0.535683991930478,0.906066512047189,GOT1
Hsapiens-jaspar2018-TFDP1-MA1122.1,24,987,0.856254152478648,0.535635657763976,0.906066512047189,TFDP1
Hsapiens-jaspar2022-TFDP1-MA1122.1,24,987,0.856254152478648,0.535635657763976,0.906066512047189,TFDP1
Hsapiens-jaspar2024-REST-MA0138.3,21,658,1.15923406477934,0.536304544441677,0.906667868364618,REST
Hsapiens-HOCOMOCOv13-RXRB.H13CORE.0.P.C,24,997,0.846444681561342,0.536224119458358,0.906667868364618,RXRB
Hsapiens-HOCOMOCOv13-DLX4.H13CORE.0.SM.B,8,227,1.27328989824932,0.536576286606387,0.906823012487186,DLX4
Hsapiens-jaspar2022-TCF4-MA0830.2,21,659,1.15731631644053,0.536641350986925,0.906823012487186,TCF4
Hsapiens-HOCOMOCOv13-LHX2.H13CORE.1.S.C,21,661,1.15349724708703,0.537367606542815,0.906823012487186,LHX2
Hsapiens-HOCOMOCOv13-TZAP.H13CORE.0.P.B,21,661,1.15349724708703,0.537367606542815,0.906823012487186,TZAP
Hsapiens-HOCOMOCOv10-ZBTB4_HUMAN.H10MO.D,21,661,1.15349724708703,0.537367606542815,0.906823012487186,ZBTB4
Hsapiens-HOCOMOCOv11-secondary-D-ZBTB4_HUMAN.H11MO.0.D,21,661,1.15349724708703,0.537367606542815,0.906823012487186,ZBTB4
Hsapiens-hPDI-RPL35,92,3475,0.913162473227589,0.537251935105495,0.906823012487186,RPL35
Hsapiens-SwissRegulon-PRRX2.SwissRegulon,92,3475,0.913162473227589,0.537251935105495,0.906823012487186,PRRX2
Hsapiens-jaspar2024-EGR3-MA0732.2,31,998,1.13201207119155,0.537604722576875,0.907018222933517,EGR3
Hsapiens-jolma2013-RXRA-4,8,229,1.26184469476061,0.538305350934688,0.907605618411087,RXRA
Hsapiens-HOCOMOCOv13-HME2.H13CORE.0.SM.B,8,230,1.25619672969408,0.539236673515248,0.907605618411087,HME2
Hsapiens-jaspar2018-TWIST1-MA1123.1,13,405,1.16013967557081,0.538467269206722,0.907605618411087,TWIST1
Hsapiens-HOCOMOCOv13-MEF2D.H13CORE.1.M.C,13,406,1.15712942834924,0.539437013774237,0.907605618411087,MEF2D
Hsapiens-jolma2013-RUNX2-2,13,406,1.15712942834924,0.539437013774237,0.907605618411087,RUNX2
Hsapiens-jaspar2018-ZEB1-MA0103.3,21,666,1.14404975351768,0.539486233292505,0.907605618411087,ZEB1
Hsapiens-jaspar2022-ZEB1-MA0103.3,21,666,1.14404975351768,0.539486233292505,0.907605618411087,ZEB1
Hsapiens-SwissRegulon-JUN.SwissRegulon,21,666,1.14404975351768,0.539486233292505,0.907605618411087,JUN
Hsapiens-HOCOMOCOv11-core-C-ZN331_HUMAN.H11MO.0.C,31,1002,1.12684382538666,0.538592610686534,0.907605618411087,ZN331
Hsapiens-HOCOMOCOv10-STAT1_HUMAN.H10MO.S,31,1006,1.12171666136776,0.539775626855275,0.907605618411087,STAT1
Hsapiens-jaspar2024-POU4F2-MA0683.2,31,1006,1.12171666136776,0.539775626855275,0.907605618411087,POU4F2
Hsapiens-HOCOMOCOv13-ZNF292.H13CORE.0.PSG.A,44,1458,1.10219520817045,0.539696202450498,0.907605618411087,ZNF292
Hsapiens-HOCOMOCOv10-IRF5_HUMAN.H10MO.D,55,2133,0.899563976592811,0.539025634971621,0.907605618411087,IRF5
Hsapiens-HOCOMOCOv11-secondary-D-IRF5_HUMAN.H11MO.0.D,55,2133,0.899563976592811,0.539025634971621,0.907605618411087,IRF5
Hsapiens-HOCOMOCOv13-SKOR1.H13CORE.1.S.C,9,414,0.770065254422156,0.539538468923229,0.907605618411087,SKOR1
Hsapiens-HOCOMOCOv13-GSX2.H13CORE.0.SM.B,8,231,1.25059766093496,0.540211689082262,0.907725783072083,GSX2
Hsapiens-HOCOMOCOv11-core-B-SMAD3_HUMAN.H11MO.0.B,37,1483,0.873379203256863,0.540036059746446,0.907725783072083,SMAD3
Hsapiens-SwissRegulon-E2F3.SwissRegulon,9,419,0.760371443533657,0.540102729999928,0.907725783072083,E2F3
Hsapiens-HOCOMOCOv13-VSX1.H13CORE.1.SM.B,9,422,0.754665385410333,0.540773117111144,0.908464779960218,VSX1
Hsapiens-cisbp_1.02-M5338_1.02,8,234,1.23408756443487,0.543392550036987,0.908718805901248,DBP
Hsapiens-jaspar2016-DBP-MA0639.1,8,234,1.23408756443487,0.543392550036987,0.908718805901248,DBP
Hsapiens-jaspar2018-DBP-MA0639.1,8,234,1.23408756443487,0.543392550036987,0.908718805901248,DBP
Hsapiens-jaspar2022-DBP-MA0639.1,8,234,1.23408756443487,0.543392550036987,0.908718805901248,DBP
Hsapiens-jolma2013-DBP-2,8,234,1.23408756443487,0.543392550036987,0.908718805901248,DBP
Hsapiens-HOCOMOCOv10-E2F7_HUMAN.H10MO.D,14,424,1.19611082827255,0.54327789859204,0.908718805901248,E2F7
Hsapiens-HOCOMOCOv13-PRDM13.H13CORE.0.PSGI.A,21,673,1.1310587636724,0.543161145545991,0.908718805901248,PRDM13
Hsapiens-jolma2013-HOXC12,31,1012,1.11410189230338,0.541909999196592,0.908718805901248,HOXC12
Hsapiens-hPDI-R3HDM2,38,1503,0.887108317097655,0.543378179379343,0.908718805901248,R3HDM2
Hsapiens-HOCOMOCOv11-core-A-ASCL1_HUMAN.H11MO.0.A,25,1019,0.864321520297091,0.5419634778964,0.908718805901248,ASCL1
Hsapiens-HOCOMOCOv10-PROP1_HUMAN.H10MO.D,25,1026,0.857554938147844,0.541891831086902,0.908718805901248,PROP1
Hsapiens-hPDI-LHX4,25,1030,0.853729490002501,0.54212201338709,0.908718805901248,LHX4
Hsapiens-jaspar2024-HOXB4-MA1499.2,25,1030,0.853729490002501,0.54212201338709,0.908718805901248,HOXB4
Hsapiens-jaspar2024-HOXC4-MA1504.2,25,1030,0.853729490002501,0.54212201338709,0.908718805901248,HOXC4
Hsapiens-jaspar2024-HOXD4-MA1507.2,25,1030,0.853729490002501,0.54212201338709,0.908718805901248,HOXD4
Hsapiens-HOCOMOCOv10-NANOG_HUMAN.H10MO.A,25,1032,0.851827852795729,0.542310468165242,0.908718805901248,NANOG
Hsapiens-HOCOMOCOv13-RFX3.H13CORE.0.PSM.A,16,682,0.828739122849801,0.543341657869251,0.908718805901248,RFX3
Hsapiens-HOCOMOCOv13-FOXP1.H13CORE.0.PS.A,16,683,0.827411745795544,0.543349677235921,0.908718805901248,FOXP1
Hsapiens-SwissRegulon-HOXB9.SwissRegulon,16,684,0.826088246130093,0.543375322205954,0.908718805901248,HOXB9
Hsapiens-HOCOMOCOv13-SMAD4.H13CORE.1.P.B,16,686,0.823452811164816,0.543479301909342,0.908718805901248,SMAD4
Hsapiens-HOCOMOCOv13-GATA3.H13CORE.1.SM.B,9,425,0.749039859301526,0.541687353973583,0.908718805901248,GATA3
Hsapiens-HOCOMOCOv13-TIGD5.H13CORE.0.SGI.A,4,106,1.35928169395962,0.544571129910348,0.909558025355133,TIGD5
Hsapiens-jaspar2016-FOXG1-MA0613.1,16,694,0.813062819780818,0.544590104349733,0.909558025355133,FOXG1
Hsapiens-jaspar2018-FOXG1-MA0613.1,16,694,0.813062819780818,0.544590104349733,0.909558025355133,FOXG1
Hsapiens-jaspar2022-FOXG1-MA0613.1,16,694,0.813062819780818,0.544590104349733,0.909558025355133,FOXG1
Hsapiens-jaspar2024-FOXG1-MA0613.1,16,694,0.813062819780818,0.544590104349733,0.909558025355133,FOXG1
Hsapiens-HOCOMOCOv10-HXB8_HUMAN.H10MO.C,22,691,1.15696464827258,0.545289131533225,0.909708403712677,HXB8
Hsapiens-HOCOMOCOv10-MESP1_HUMAN.H10MO.D,22,691,1.15696464827258,0.545289131533225,0.909708403712677,MESP1
Hsapiens-HOCOMOCOv11-core-C-HXB8_HUMAN.H11MO.0.C,22,691,1.15696464827258,0.545289131533225,0.909708403712677,HXB8
Hsapiens-HOCOMOCOv11-secondary-D-MESP1_HUMAN.H11MO.0.D,22,691,1.15696464827258,0.545289131533225,0.909708403712677,MESP1
Hsapiens-HOCOMOCOv11-secondary-D-ZN554_HUMAN.H11MO.1.D,16,695,0.811780872459864,0.54480618233114,0.909708403712677,ZN554
Hsapiens-HOCOMOCOv13-ZN770.H13CORE.0.P.B,67,2250,1.09676474706338,0.545911015208172,0.910542512860616,ZN770
Hsapiens-HOCOMOCOv10-SMAD4_HUMAN.H10MO.C,22,694,1.15148612608336,0.546139508812022,0.910720248117212,SMAD4
Hsapiens-HOCOMOCOv10-TAL1_HUMAN.H10MO.S,14,430,1.17848434094112,0.546436508746675,0.911012116926097,TAL1
Hsapiens-HOCOMOCOv10-HXB7_HUMAN.H10MO.C,22,696,1.14785997271524,0.546789558259208,0.911193933654178,HXB7
Hsapiens-HOCOMOCOv11-core-C-HXB7_HUMAN.H11MO.0.C,22,696,1.14785997271524,0.546789558259208,0.911193933654178,HXB7
Hsapiens-SwissRegulon-HOXD3.SwissRegulon,8,237,1.21799541336242,0.546943625922093,0.911247366052221,HOXD3
Hsapiens-HOCOMOCOv13-LHX1.H13CORE.0.S.C,8,238,1.21272150814507,0.548206550986898,0.913147798688925,LHX1
Hsapiens-HOCOMOCOv13-RAX2.H13CORE.0.S.B,14,433,1.16985426320279,0.548352291826131,0.913186904715579,RAX2
Hsapiens-HOCOMOCOv10-HINFP_HUMAN.H10MO.C,8,239,1.20749173252885,0.549507997295039,0.914499828831694,HINFP
Hsapiens-HOCOMOCOv11-core-C-HINFP_HUMAN.H11MO.0.C,8,239,1.20749173252885,0.549507997295039,0.914499828831694,HINFP
Hsapiens-jaspar2022-GSX2-MA0893.2,8,239,1.20749173252885,0.549507997295039,0.914499828831694,GSX2
Hsapiens-HOCOMOCOv13-ZBED1.H13CORE.0.S.B,4,111,1.29724872085041,0.556084732325688,0.917793906263706,ZBED1
Hsapiens-jaspar2024-NR4A2::RXRA-MA1147.2,8,241,1.19716237261996,0.552223806837965,0.917793906263706,NR4A2::RXRA
Hsapiens-jolma2013-OTX1,8,242,1.1920617122593,0.553636841444677,0.917793906263706,OTX1
Hsapiens-SwissRegulon-OTX1.SwissRegulon,8,242,1.1920617122593,0.553636841444677,0.917793906263706,OTX1
Hsapiens-HOCOMOCOv13-EMX1.H13CORE.0.SM.B,8,243,1.18700302899173,0.555085740634965,0.917793906263706,EMX1
Hsapiens-jaspar2024-HES2-MA0616.3,8,243,1.18700302899173,0.555085740634965,0.917793906263706,HES2
Hsapiens-jolma2013-THRA,8,243,1.18700302899173,0.555085740634965,0.917793906263706,THRA
Hsapiens-SwissRegulon-OSR1.SwissRegulon,8,243,1.18700302899173,0.555085740634965,0.917793906263706,OSR1
Hsapiens-HOCOMOCOv13-ZN784.H13CORE.0.SM.B,14,439,1.15294792061209,0.552828951182223,0.917793906263706,ZN784
Hsapiens-jaspar2024-ZNF677-MA2101.1,23,728,1.1479696722672,0.554729818948844,0.917793906263706,ZNF677
Hsapiens-jolma2013-HNF4A-5,14,442,1.14466685199054,0.555378064439208,0.917793906263706,HNF4A
Hsapiens-jolma2013-SRY-3,14,442,1.14466685199054,0.555378064439208,0.917793906263706,SRY
Hsapiens-SwissRegulon-ESRRA.SwissRegulon,23,733,1.13934779891872,0.556224599609064,0.917793906263706,ESRRA
Hsapiens-jolma2013-POU2F3-2,22,709,1.12478798736621,0.55258954458014,0.917793906263706,POU2F3
Hsapiens-HOCOMOCOv10-MNX1_HUMAN.H10MO.D,33,1079,1.11333902484456,0.551928899451754,0.917793906263706,MNX1
Hsapiens-HOCOMOCOv11-secondary-D-MNX1_HUMAN.H11MO.0.D,33,1079,1.11333902484456,0.551928899451754,0.917793906263706,MNX1
Hsapiens-HOCOMOCOv11-core-B-ETS2_HUMAN.H11MO.0.B,72,2427,1.09407532881483,0.554660977731388,0.917793906263706,ETS2
Hsapiens-hPDI-PKNOX2,64,2451,0.910289260773308,0.556007899056989,0.917793906263706,PKNOX2
Hsapiens-hPDI-TGIF2LX,64,2451,0.910289260773308,0.556007899056989,0.917793906263706,TGIF2LX
Hsapiens-HOCOMOCOv13-ZN317.H13CORE.1.P.B,42,1645,0.895615035217186,0.557111011064784,0.917793906263706,ZN317
Hsapiens-jolma2013-FOXG1,42,1649,0.892876881925795,0.556955928817817,0.917793906263706,FOXG1
Hsapiens-jaspar2022-GABPA-MA0062.3,41,1622,0.885002916595234,0.553858294922244,0.917793906263706,GABPA
Hsapiens-HOCOMOCOv10-HME1_HUMAN.H10MO.D,17,715,0.840164009585564,0.55270852829959,0.917793906263706,HME1
Hsapiens-HOCOMOCOv11-secondary-D-HME1_HUMAN.H11MO.0.D,17,715,0.840164009585564,0.55270852829959,0.917793906263706,HME1
Hsapiens-HOCOMOCOv13-ZN584.H13CORE.0.P.B,17,716,0.838874483167357,0.552666915855715,0.917793906263706,ZN584
Hsapiens-jaspar2022-SOX4-MA0867.2,17,722,0.831212254043156,0.552766344169846,0.917793906263706,SOX4
Hsapiens-HOCOMOCOv10-TF65_HUMAN.H10MO.A,17,723,0.829947565958957,0.552840721284437,0.917793906263706,TF65
Hsapiens-HOCOMOCOv11-core-A-COE1_HUMAN.H11MO.0.A,17,724,0.828686367500929,0.552931496362196,0.917793906263706,COE1
Hsapiens-HOCOMOCOv13-TEAD1.H13CORE.1.P.C,17,726,0.826174381806105,0.553162047227207,0.917793906263706,TEAD1
Hsapiens-HOCOMOCOv13-SRY.H13CORE.0.S.B,17,728,0.823676182435685,0.553457594512871,0.917793906263706,SRY
Hsapiens-jolma2013-ESRRA-2,10,449,0.788973278894008,0.555303167180027,0.917793906263706,ESRRA
Hsapiens-cisbp_1.02-M6359_1.02,10,454,0.779764272141981,0.555683707337122,0.917793906263706,NFE2L1
Hsapiens-HOCOMOCOv11-core-C-NF2L1_HUMAN.H11MO.0.C,10,454,0.779764272141981,0.555683707337122,0.917793906263706,NF2L1
Hsapiens-jolma2013-RARA-6,10,454,0.779764272141981,0.555683707337122,0.917793906263706,RARA
Hsapiens-SwissRegulon-NFE2L1.SwissRegulon,10,454,0.779764272141981,0.555683707337122,0.917793906263706,NFE2L1
Hsapiens-HOCOMOCOv13-BHE41.H13CORE.0.PSM.A,10,455,0.777946749447721,0.555835285089216,0.917793906263706,BHE41
Hsapiens-jolma2013-ESRRG-3,10,457,0.774335557804935,0.556212956056839,0.917793906263706,ESRRG
Hsapiens-SwissRegulon-ESRRG.SwissRegulon,10,457,0.774335557804935,0.556212956056839,0.917793906263706,ESRRG
Hsapiens-jaspar2016-TBX15-MA0803.1,10,459,0.770755824776608,0.55668912878302,0.917793906263706,TBX15
Hsapiens-jaspar2018-TBX15-MA0803.1,10,459,0.770755824776608,0.55668912878302,0.917793906263706,TBX15
Hsapiens-jaspar2022-TBX15-MA0803.1,10,459,0.770755824776608,0.55668912878302,0.917793906263706,TBX15
Hsapiens-jaspar2024-TBX15-MA0803.1,10,459,0.770755824776608,0.55668912878302,0.917793906263706,TBX15
Hsapiens-jolma2013-TBX15-2,10,459,0.770755824776608,0.55668912878302,0.917793906263706,TBX15
Hsapiens-SwissRegulon-TBX15.SwissRegulon,10,459,0.770755824776608,0.55668912878302,0.917793906263706,TBX15
Hsapiens-HOCOMOCOv13-ESX1.H13CORE.1.S.B,10,461,0.767207141016563,0.5572627346239,0.917793906263706,ESX1
Hsapiens-HOCOMOCOv13-MAFA.H13CORE.1.M.C,10,461,0.767207141016563,0.5572627346239,0.917793906263706,MAFA
Hsapiens-hPDI-HHEX,10,461,0.767207141016563,0.5572627346239,0.917793906263706,HHEX
Hsapiens-HOCOMOCOv13-PIT1.H13CORE.0.SM.B,15,459,1.18402122278189,0.55830336780807,0.918368890095874,PIT1
Hsapiens-SwissRegulon-TFAP2E.SwissRegulon,15,459,1.18402122278189,0.55830336780807,0.918368890095874,TFAP2E
Hsapiens-jaspar2016-POU4F1-MA0790.1,34,1119,1.10548796788842,0.558695039034094,0.918368890095874,POU4F1
Hsapiens-jaspar2018-POU4F1-MA0790.1,34,1119,1.10548796788842,0.558695039034094,0.918368890095874,POU4F1
Hsapiens-jaspar2022-POU4F1-MA0790.1,34,1119,1.10548796788842,0.558695039034094,0.918368890095874,POU4F1
Hsapiens-jolma2013-POU4F1,34,1119,1.10548796788842,0.558695039034094,0.918368890095874,POU4F1
Hsapiens-SwissRegulon-POU4F1.SwissRegulon,34,1119,1.10548796788842,0.558695039034094,0.918368890095874,POU4F1
Hsapiens-HOCOMOCOv13-Z280A.H13CORE.0.P.B,28,1138,0.86510974238432,0.5589643826986,0.918368890095874,Z280A
Hsapiens-JASPAR_CORE-Myf-MA0055.1,28,1138,0.86510974238432,0.5589643826986,0.918368890095874,Myf
Hsapiens-SwissRegulon-MYF6.SwissRegulon,28,1138,0.86510974238432,0.5589643826986,0.918368890095874,MYF6
Hsapiens-jaspar2024-MGA::EVX1-MA1960.2,10,463,0.763689104249519,0.557932653958097,0.918368890095874,MGA::EVX1
Hsapiens-jaspar2024-FOSL1-MA0477.3,15,461,1.17857090222602,0.559115551023726,0.918415229952982,FOSL1
Hsapiens-jaspar2024-NR1H4::RXRA-MA1146.2,9,263,1.23640073971594,0.565484929279572,0.918624957488825,NR1H4::RXRA
Hsapiens-HOCOMOCOv10-AHR_HUMAN.H10MO.B,9,264,1.23155808221794,0.566175977961697,0.918624957488825,AHR
Hsapiens-HOCOMOCOv11-core-B-AHR_HUMAN.H11MO.0.B,9,264,1.23155808221794,0.566175977961697,0.918624957488825,AHR
Hsapiens-HOCOMOCOv13-HLF.H13CORE.1.SM.B,9,265,1.22675197019112,0.566904810897796,0.918624957488825,HLF
Hsapiens-HOCOMOCOv10-BATF3_HUMAN.H10MO.D,9,270,1.20325537996536,0.571099674276335,0.918624957488825,BATF3
Hsapiens-jaspar2016-EN1-MA0027.2,9,270,1.20325537996536,0.571099674276335,0.918624957488825,EN1
Hsapiens-jaspar2018-EN1-MA0027.2,9,270,1.20325537996536,0.571099674276335,0.918624957488825,EN1
Hsapiens-jaspar2022-EN1-MA0027.2,9,270,1.20325537996536,0.571099674276335,0.918624957488825,EN1
Hsapiens-jolma2013-EN1-3,9,270,1.20325537996536,0.571099674276335,0.918624957488825,EN1
Hsapiens-hPDI-ETFB,9,271,1.19866009726973,0.572045508515371,0.918624957488825,ETFB
Hsapiens-HOCOMOCOv11-secondary-B-NANOG_HUMAN.H11MO.1.B,9,274,1.1850754848251,0.575088118885515,0.918624957488825,NANOG
Hsapiens-jaspar2016-HOXA5-MA0158.1,9,276,1.17618312680802,0.577282564215598,0.918624957488825,HOXA5
Hsapiens-SwissRegulon-HOXA5.SwissRegulon,9,276,1.17618312680802,0.577282564215598,0.918624957488825,HOXA5
Hsapiens-HOCOMOCOv13-ZN417.H13CORE.0.P.C,15,462,1.17586343587224,0.559556710576868,0.918624957488825,ZN417
Hsapiens-HOCOMOCOv11-core-A-P63_HUMAN.H11MO.0.A,15,463,1.17316766354476,0.560021037534628,0.918624957488825,P63
Hsapiens-jolma2013-Trp53-2,8,246,1.17207372175773,0.559640938706748,0.918624957488825,Trp53
Hsapiens-jaspar2022-THRB-MA1575.1,9,277,1.17178509666949,0.578428117115986,0.918624957488825,THRB
Hsapiens-jaspar2024-TEAD4-MA0809.3,16,495,1.17114294626357,0.572166395560401,0.918624957488825,TEAD4
Hsapiens-HOCOMOCOv11-core-B-ZKSC1_HUMAN.H11MO.0.B,16,498,1.16362108192703,0.573307740877867,0.918624957488825,ZKSC1
Hsapiens-hPDI-WHSC2,16,499,1.16113388995011,0.573730714640261,0.918624957488825,NELFA
Hsapiens-jaspar2016-ZIC1-MA0696.1,16,499,1.16113388995011,0.573730714640261,0.918624957488825,ZIC1
Hsapiens-jaspar2018-ZIC1-MA0696.1,16,499,1.16113388995011,0.573730714640261,0.918624957488825,ZIC1
Hsapiens-jaspar2022-ZIC1-MA0696.1,16,499,1.16113388995011,0.573730714640261,0.918624957488825,ZIC1
Hsapiens-jaspar2024-ZIC1-MA0696.1,16,499,1.16113388995011,0.573730714640261,0.918624957488825,ZIC1
Hsapiens-jolma2013-ZIC1,16,499,1.16113388995011,0.573730714640261,0.918624957488825,ZIC1
Hsapiens-jaspar2024-ZKSCAN3-MA1973.2,17,531,1.1600154391006,0.584681596203593,0.918624957488825,ZKSCAN3
Hsapiens-hPDI-PRRX1,9,280,1.15877947383797,0.582052101685967,0.918624957488825,PRRX1
Hsapiens-jaspar2016-RHOXF1-MA0719.1,9,280,1.15877947383797,0.582052101685967,0.918624957488825,RHOXF1
Hsapiens-jaspar2018-RHOXF1-MA0719.1,9,280,1.15877947383797,0.582052101685967,0.918624957488825,RHOXF1
Hsapiens-jaspar2022-RHOXF1-MA0719.1,9,280,1.15877947383797,0.582052101685967,0.918624957488825,RHOXF1
Hsapiens-jaspar2024-GBX1-MA0889.2,9,280,1.15877947383797,0.582052101685967,0.918624957488825,GBX1
Hsapiens-jolma2013-RHOXF1-2,9,280,1.15877947383797,0.582052101685967,0.918624957488825,RHOXF1
Hsapiens-jolma2013-NFIX-3,9,280,1.15877947383797,0.582052101685967,0.918624957488825,NFIX
Hsapiens-SwissRegulon-RHOXF1.SwissRegulon,9,280,1.15877947383797,0.582052101685967,0.918624957488825,RHOXF1
Hsapiens-cisbp_1.02-M4596_1.02,17,532,1.15767942299239,0.585010985657622,0.918624957488825,MAX
Hsapiens-jaspar2016-TBR1-MA0802.1,17,532,1.15767942299239,0.585010985657622,0.918624957488825,TBR1
Hsapiens-jaspar2018-TBR1-MA0802.1,17,532,1.15767942299239,0.585010985657622,0.918624957488825,TBR1
Hsapiens-jaspar2022-TBR1-MA0802.1,17,532,1.15767942299239,0.585010985657622,0.918624957488825,TBR1
Hsapiens-SwissRegulon-TBR1.SwissRegulon,17,532,1.15767942299239,0.585010985657622,0.918624957488825,TBR1
Hsapiens-HOCOMOCOv10-DDIT3_HUMAN.H10MO.C,15,469,1.15723441458024,0.563284267667171,0.918624957488825,DDIT3
Hsapiens-jaspar2016-HINFP-MA0131.2,16,501,1.15618928913236,0.574639626238624,0.918624957488825,HINFP
Hsapiens-jaspar2016-HSF1-MA0486.2,16,501,1.15618928913236,0.574639626238624,0.918624957488825,HSF1
Hsapiens-jaspar2018-HINFP-MA0131.2,16,501,1.15618928913236,0.574639626238624,0.918624957488825,HINFP
Hsapiens-jaspar2018-HSF1-MA0486.2,16,501,1.15618928913236,0.574639626238624,0.918624957488825,HSF1
Hsapiens-jaspar2022-HINFP-MA0131.2,16,501,1.15618928913236,0.574639626238624,0.918624957488825,HINFP
Hsapiens-jaspar2022-HSF1-MA0486.2,16,501,1.15618928913236,0.574639626238624,0.918624957488825,HSF1
Hsapiens-jaspar2024-HSF1-MA0486.2,16,501,1.15618928913236,0.574639626238624,0.918624957488825,HSF1
Hsapiens-jolma2013-HINFP1,16,501,1.15618928913236,0.574639626238624,0.918624957488825,HINFP1
Hsapiens-jolma2013-HSF1-2,16,501,1.15618928913236,0.574639626238624,0.918624957488825,HSF1
Hsapiens-SwissRegulon-HINFP.SwissRegulon,16,501,1.15618928913236,0.574639626238624,0.918624957488825,HINFP
Hsapiens-jaspar2024-SIX1-MA1118.2,15,470,1.154618419025,0.563906089238348,0.918624957488825,SIX1
Hsapiens-SwissRegulon-HOXA2.SwissRegulon,15,470,1.154618419025,0.563906089238348,0.918624957488825,HOXA2
Hsapiens-jaspar2016-ALX3-MA0634.1,15,471,1.1520135303629,0.564549711899498,0.918624957488825,ALX3
Hsapiens-jaspar2018-ALX3-MA0634.1,15,471,1.1520135303629,0.564549711899498,0.918624957488825,ALX3
Hsapiens-jaspar2022-ALX3-MA0634.1,15,471,1.1520135303629,0.564549711899498,0.918624957488825,ALX3
Hsapiens-jolma2013-ALX3-2,15,471,1.1520135303629,0.564549711899498,0.918624957488825,ALX3
Hsapiens-jolma2013-SOX2-3,15,471,1.1520135303629,0.564549711899498,0.918624957488825,SOX2
Hsapiens-cisbp_1.02-M4683_1.02,17,535,1.15072376478423,0.586116850351535,0.918624957488825,ATF3
Hsapiens-JASPAR_CORE-AP1-MA0099.2,17,535,1.15072376478423,0.586116850351535,0.918624957488825,AP1
Hsapiens-jaspar2024-BATF-MA1634.2,17,535,1.15072376478423,0.586116850351535,0.918624957488825,BATF
Hsapiens-jaspar2024-BATF::JUN-MA0462.3,17,535,1.15072376478423,0.586116850351535,0.918624957488825,BATF::JUN
Hsapiens-jaspar2024-BATF3-MA0835.3,17,535,1.15072376478423,0.586116850351535,0.918624957488825,BATF3
Hsapiens-jaspar2024-BNC2-MA1928.2,17,535,1.15072376478423,0.586116850351535,0.918624957488825,BNC2
Hsapiens-JASPAR_2014-NFE2::MAF-MA0501.1,16,505,1.14641756841718,0.576705296717609,0.918624957488825,NFE2::MAF
Hsapiens-jaspar2016-MAF::NFE2-MA0501.1,16,505,1.14641756841718,0.576705296717609,0.918624957488825,MAF::NFE2
Hsapiens-jaspar2018-MAF::NFE2-MA0501.1,16,505,1.14641756841718,0.576705296717609,0.918624957488825,MAF::NFE2
Hsapiens-jaspar2022-MAF::NFE2-MA0501.1,16,505,1.14641756841718,0.576705296717609,0.918624957488825,MAF::NFE2
Hsapiens-HOCOMOCOv10-HSF2_HUMAN.H10MO.A,15,475,1.14170364140441,0.567338548907585,0.918624957488825,HSF2
Hsapiens-HOCOMOCOv11-core-A-HSF2_HUMAN.H11MO.0.A,15,475,1.14170364140441,0.567338548907585,0.918624957488825,HSF2
Hsapiens-cisbp_1.02-M4608_1.02,16,507,1.14158952148412,0.577859684428886,0.918624957488825,JUN
Hsapiens-jaspar2016-ID4-MA0824.1,16,507,1.14158952148412,0.577859684428886,0.918624957488825,ID4
Hsapiens-jaspar2018-ID4-MA0824.1,16,507,1.14158952148412,0.577859684428886,0.918624957488825,ID4
Hsapiens-jolma2013-ID4,16,507,1.14158952148412,0.577859684428886,0.918624957488825,ID4
Hsapiens-SwissRegulon-ID4.SwissRegulon,16,507,1.14158952148412,0.577859684428886,0.918624957488825,ID4
Hsapiens-HOCOMOCOv13-ZN667.H13CORE.0.P.C,24,765,1.13983497880907,0.563534286938675,0.918624957488825,ZN667
Hsapiens-jaspar2024-ESX1-MA0644.3,15,476,1.13915323993503,0.568088409926344,0.918624957488825,ESX1
Hsapiens-HOCOMOCOv11-secondary-D-XBP1_HUMAN.H11MO.0.D,24,766,1.13818815954818,0.563802722208536,0.918624957488825,XBP1
Hsapiens-HOCOMOCOv13-ZN134.H13CORE.0.P.C,16,509,1.13679931405379,0.579093469643741,0.918624957488825,ZN134
Hsapiens-jolma2013-ZNF740-2,16,509,1.13679931405379,0.579093469643741,0.918624957488825,ZNF740
Hsapiens-HOCOMOCOv13-TEAD3.H13CORE.1.S.B,16,510,1.13441693229325,0.579739741161052,0.918624957488825,TEAD3
Hsapiens-jolma2013-SOX18,16,510,1.13441693229325,0.579739741161052,0.918624957488825,SOX18
Hsapiens-hPDI-KLF4,25,801,1.13401415605715,0.571513663412824,0.918624957488825,KLF4
Hsapiens-HOCOMOCOv13-FOXK2.H13CORE.0.P.B,24,772,1.12839674781937,0.565722004668475,0.918624957488825,FOXK2
Hsapiens-HOCOMOCOv11-secondary-A-MYOD1_HUMAN.H11MO.1.A,27,870,1.12818005158199,0.585392794369496,0.918624957488825,MYOD1
Hsapiens-HOCOMOCOv11-core-C-ZN257_HUMAN.H11MO.0.C,25,806,1.12618949037676,0.572928838667477,0.918624957488825,ZN257
Hsapiens-HOCOMOCOv11-core-C-ZN667_HUMAN.H11MO.0.C,26,840,1.12419234606368,0.579759850633768,0.918624957488825,ZN667
Hsapiens-jaspar2022-OSR2-MA1646.1,24,775,1.12355784878031,0.566877159239135,0.918624957488825,OSR2
Hsapiens-HOCOMOCOv13-HTF4.H13CORE.0.PSM.A,25,808,1.12308672048729,0.573591934384545,0.918624957488825,HTF4
Hsapiens-HOCOMOCOv11-core-B-ZIC3_HUMAN.H11MO.0.B,25,808,1.12308672048729,0.573591934384545,0.918624957488825,ZIC3
Hsapiens-HOCOMOCOv10-RARB_HUMAN.H10MO.D,26,842,1.12120598578517,0.580338895461174,0.918624957488825,RARB
Hsapiens-HOCOMOCOv11-secondary-D-RARB_HUMAN.H11MO.0.D,26,842,1.12120598578517,0.580338895461174,0.918624957488825,RARB
Hsapiens-HOCOMOCOv11-secondary-D-HAND1_HUMAN.H11MO.0.D,25,810,1.11999926483413,0.574309754642475,0.918624957488825,HAND1
Hsapiens-HOCOMOCOv13-PBX2.H13CORE.1.P.C,25,813,1.11539655220941,0.575487986535515,0.918624957488825,PBX2
Hsapiens-jaspar2024-ZBTB6-MA1581.2,25,813,1.11539655220941,0.575487986535515,0.918624957488825,ZBTB6
Hsapiens-hPDI-MSI1,37,1217,1.1079858486752,0.570924085052229,0.918624957488825,MSI1
Hsapiens-jaspar2024-ERF::NHLH1-MA1938.2,26,852,1.10648443424054,0.584012398574121,0.918624957488825,ERF::NHLH1
Hsapiens-HOCOMOCOv13-ZN429.H13CORE.0.P.C,51,1698,1.09971797276243,0.56138593238779,0.918624957488825,ZN429
Hsapiens-hPDI-MYF6,55,1837,1.09756610495301,0.572122842276758,0.918624957488825,MYF6
Hsapiens-jaspar2024-HAND2-MA1638.2,55,1837,1.09756610495301,0.572122842276758,0.918624957488825,HAND2
Hsapiens-JASPAR_2014-E2F6-MA0471.1,57,1910,1.09405951081445,0.577338155093338,0.918624957488825,E2F6
Hsapiens-jaspar2016-E2F6-MA0471.1,57,1910,1.09405951081445,0.577338155093338,0.918624957488825,E2F6
Hsapiens-jaspar2018-E2F6-MA0471.1,57,1910,1.09405951081445,0.577338155093338,0.918624957488825,E2F6
Hsapiens-HOCOMOCOv10-EHF_HUMAN.H10MO.C,75,2542,1.08723051381785,0.560092209355191,0.918624957488825,EHF
Hsapiens-HOCOMOCOv13-PATZ1.H13CORE.1.P.C,105,3606,1.08333293751482,0.584753431846904,0.918624957488825,PATZ1
Hsapiens-hPDI-HNRPH3,81,3063,0.91824580045521,0.576149336332121,0.918624957488825,HNRNPH3
Hsapiens-HOCOMOCOv10-ARI3A_HUMAN.H10MO.D,73,2780,0.912721633849917,0.568124919198011,0.918624957488825,ARI3A
Hsapiens-HOCOMOCOv11-secondary-D-ARI3A_HUMAN.H11MO.0.D,73,2780,0.912721633849917,0.568124919198011,0.918624957488825,ARI3A
Hsapiens-cisbp_1.02-M6147_1.02,74,2817,0.91267382977772,0.569249531111115,0.918624957488825,ARID3A
Hsapiens-SwissRegulon-EZH2.SwissRegulon,53,2047,0.905756330168353,0.585754035429388,0.918624957488825,EZH2
Hsapiens-HOCOMOCOv13-TBX1.H13CORE.0.S.B,33,1308,0.887846372253934,0.582005014173713,0.918624957488825,TBX1
Hsapiens-HOCOMOCOv10-SPIB_HUMAN.H10MO.B,34,1347,0.887753767882593,0.586041076699182,0.918624957488825,SPIB
Hsapiens-SwissRegulon-SPIB.SwissRegulon,34,1352,0.883802293976698,0.586178410415282,0.918624957488825,SPIB
Hsapiens-HOCOMOCOv10-FOXF2_HUMAN.H10MO.D,32,1286,0.873943823357175,0.57834396841514,0.918624957488825,FOXF2
Hsapiens-HOCOMOCOv11-secondary-D-FOXF2_HUMAN.H11MO.0.D,32,1286,0.873943823357175,0.57834396841514,0.918624957488825,FOXF2
Hsapiens-HOCOMOCOv11-secondary-B-SOX9_HUMAN.H11MO.1.B,21,862,0.860168243942876,0.584047045254329,0.918624957488825,SOX9
Hsapiens-jaspar2016-HOXD13-MA0909.1,20,825,0.856153164389111,0.576946005984666,0.918624957488825,HOXD13
Hsapiens-jaspar2018-HOXD13-MA0909.1,20,825,0.856153164389111,0.576946005984666,0.918624957488825,HOXD13
Hsapiens-jolma2013-HOXD13,20,825,0.856153164389111,0.576946005984666,0.918624957488825,HOXD13
Hsapiens-SwissRegulon-HOXD13.SwissRegulon,20,825,0.856153164389111,0.576946005984666,0.918624957488825,HOXD13
Hsapiens-hPDI-TAGLN2,20,827,0.85384245045728,0.576951519982169,0.918624957488825,TAGLN2
Hsapiens-jaspar2022-ELK1::SREBF2-MA1933.1,20,829,0.851542867300728,0.577013100246412,0.918624957488825,ELK1::SREBF2
Hsapiens-jaspar2024-NFYB-MA0502.3,20,829,0.851542867300728,0.577013100246412,0.918624957488825,NFYB
Hsapiens-HOCOMOCOv11-core-A-HTF4_HUMAN.H11MO.0.A,21,870,0.851355556215614,0.584501108515763,0.918624957488825,HTF4
Hsapiens-jolma2013-YY1,19,790,0.849343587036639,0.569371977163488,0.918624957488825,YY1
Hsapiens-jolma2013-YY2-2,21,873,0.848069759892146,0.584888485976626,0.918624957488825,YY2
Hsapiens-SwissRegulon-YY2.SwissRegulon,21,873,0.848069759892146,0.584888485976626,0.918624957488825,YY2
Hsapiens-JASPAR_CORE-SRY-MA0084.1,21,874,0.846979497532823,0.58504364818875,0.918624957488825,SRY
Hsapiens-JASPAR_2014-SRY-MA0084.1,21,874,0.846979497532823,0.58504364818875,0.918624957488825,SRY
Hsapiens-jaspar2016-SRY-MA0084.1,21,874,0.846979497532823,0.58504364818875,0.918624957488825,SRY
Hsapiens-jaspar2018-SRY-MA0084.1,21,874,0.846979497532823,0.58504364818875,0.918624957488825,SRY
Hsapiens-jaspar2022-SRY-MA0084.1,21,874,0.846979497532823,0.58504364818875,0.918624957488825,SRY
Hsapiens-HOCOMOCOv10-HXD9_HUMAN.H10MO.D,20,836,0.843641863430367,0.577666384738003,0.918624957488825,HXD9
Hsapiens-HOCOMOCOv11-secondary-D-HXD9_HUMAN.H11MO.0.D,20,836,0.843641863430367,0.577666384738003,0.918624957488825,HXD9
Hsapiens-SwissRegulon-FOXP1.SwissRegulon,20,837,0.84251528249077,0.577814813952188,0.918624957488825,FOXP1
Hsapiens-hPDI-DTL,19,796,0.842233798129957,0.569648525581998,0.918624957488825,DTL
Hsapiens-SwissRegulon-LHX1.SwissRegulon,19,796,0.842233798129957,0.569648525581998,0.918624957488825,LHX1
Hsapiens-HOCOMOCOv13-ZBT42.H13CORE.0.P.C,20,838,0.841391385725362,0.577976899700717,0.918624957488825,ZBT42
Hsapiens-HOCOMOCOv10-PPARA_HUMAN.H10MO.C,19,797,0.841059225367039,0.56974594198077,0.918624957488825,PPARA
Hsapiens-HOCOMOCOv13-ZN891.H13CORE.0.P.C,20,839,0.840270163540595,0.578152599263571,0.918624957488825,ZN891
Hsapiens-jolma2013-HOXC10,20,839,0.840270163540595,0.578152599263571,0.918624957488825,HOXC10
Hsapiens-SwissRegulon-HOXC10.SwissRegulon,20,839,0.840270163540595,0.578152599263571,0.918624957488825,HOXC10
Hsapiens-SwissRegulon-LHX5.SwissRegulon,18,757,0.839448967260576,0.561361479818484,0.918624957488825,LHX5
Hsapiens-HOCOMOCOv13-MYNN.H13CORE.0.P.B,18,758,0.838224766718962,0.561417019896496,0.918624957488825,MYNN
Hsapiens-HOCOMOCOv11-core-C-ZNF85_HUMAN.H11MO.0.C,19,800,0.837614134594594,0.570125390203976,0.918624957488825,ZNF85
Hsapiens-HOCOMOCOv11-core-A-TFAP4_HUMAN.H11MO.0.A,18,759,0.837003787796407,0.56148807485449,0.918624957488825,TFAP4
Hsapiens-jolma2013-NR2F1-2,18,759,0.837003787796407,0.56148807485449,0.918624957488825,NR2F1
Hsapiens-jaspar2018-BACH2-MA1101.1,12,520,0.817477399410555,0.582173898084499,0.918624957488825,BACH2
Hsapiens-JASPAR_2014-FOXH1-MA0479.1,12,522,0.814126126282753,0.582196440003331,0.918624957488825,FOXH1
Hsapiens-jaspar2016-FOXH1-MA0479.1,12,522,0.814126126282753,0.582196440003331,0.918624957488825,FOXH1
Hsapiens-jaspar2018-FOXH1-MA0479.1,12,522,0.814126126282753,0.582196440003331,0.918624957488825,FOXH1
Hsapiens-jaspar2022-FOXH1-MA0479.1,12,522,0.814126126282753,0.582196440003331,0.918624957488825,FOXH1
Hsapiens-HOCOMOCOv10-VENTX_HUMAN.H10MO.D,12,524,0.810800422100394,0.58230346361559,0.918624957488825,VENTX
Hsapiens-HOCOMOCOv11-secondary-D-VENTX_HUMAN.H11MO.0.D,12,524,0.810800422100394,0.58230346361559,0.918624957488825,VENTX
Hsapiens-jolma2013-SOX15-2,12,524,0.810800422100394,0.58230346361559,0.918624957488825,SOX15
Hsapiens-cisbp_1.02-M5636_1.02,11,482,0.808712605235267,0.56950563370529,0.918624957488825,MSC
Hsapiens-jaspar2016-MSC-MA0665.1,11,482,0.808712605235267,0.56950563370529,0.918624957488825,MSC
Hsapiens-jaspar2018-MSC-MA0665.1,11,482,0.808712605235267,0.56950563370529,0.918624957488825,MSC
Hsapiens-jaspar2022-MSC-MA0665.1,11,482,0.808712605235267,0.56950563370529,0.918624957488825,MSC
Hsapiens-jaspar2024-MSC-MA0665.1,11,482,0.808712605235267,0.56950563370529,0.918624957488825,MSC
Hsapiens-jolma2013-MSC,11,482,0.808712605235267,0.56950563370529,0.918624957488825,MSC
Hsapiens-SwissRegulon-MSC.SwissRegulon,11,482,0.808712605235267,0.56950563370529,0.918624957488825,MSC
Hsapiens-HOCOMOCOv11-core-A-MYB_HUMAN.H11MO.0.A,12,526,0.807499995286938,0.582494341118065,0.918624957488825,MYB
Hsapiens-jolma2013-SOX21-4,12,526,0.807499995286938,0.582494341118065,0.918624957488825,SOX21
Hsapiens-SwissRegulon-SOX21.SwissRegulon,12,526,0.807499995286938,0.582494341118065,0.918624957488825,SOX21
Hsapiens-jaspar2016-DUXA-MA0884.1,12,528,0.804224558682038,0.582768401411595,0.918624957488825,DUXA
Hsapiens-jaspar2018-DUXA-MA0884.1,12,528,0.804224558682038,0.582768401411595,0.918624957488825,DUXA
Hsapiens-jolma2013-DUXA,12,528,0.804224558682038,0.582768401411595,0.918624957488825,DUXA
Hsapiens-SwissRegulon-DUXA.SwissRegulon,12,528,0.804224558682038,0.582768401411595,0.918624957488825,DUXA
Hsapiens-HOCOMOCOv11-core-A-OTX2_HUMAN.H11MO.0.A,11,485,0.803387519536815,0.569435968498233,0.918624957488825,OTX2
Hsapiens-cisbp_1.02-M5627_1.02,12,530,0.800973829458246,0.583124931216263,0.918624957488825,MESP1
Hsapiens-hPDI-RPS4X,12,530,0.800973829458246,0.583124931216263,0.918624957488825,RPS4X
Hsapiens-HOCOMOCOv10-ERR2_HUMAN.H10MO.A,11,487,0.799873894729997,0.569505646570543,0.918624957488825,ERR2
Hsapiens-HOCOMOCOv11-core-A-ERR2_HUMAN.H11MO.0.A,11,487,0.799873894729997,0.569505646570543,0.918624957488825,ERR2
Hsapiens-jaspar2024-NR6A1-MA1541.2,11,487,0.799873894729997,0.569505646570543,0.918624957488825,NR6A1
Hsapiens-HOCOMOCOv13-TBR1.H13CORE.0.PS.A,11,488,0.798127877678247,0.569575059878114,0.918624957488825,TBR1
Hsapiens-HOCOMOCOv13-TBX21.H13CORE.0.PSM.A,12,532,0.797747529039609,0.583563176208441,0.918624957488825,TBX21
Hsapiens-cisbp_1.02-M3088_1.02,12,533,0.796143453720133,0.583812695235209,0.918624957488825,ATF2
Hsapiens-SwissRegulon-HOXC4.SwissRegulon,11,490,0.794657214022533,0.569782566416349,0.918624957488825,HOXC4
Hsapiens-jaspar2024-ESRRA-MA0592.4,12,535,0.792953283284042,0.584372011720987,0.918624957488825,ESRRA
Hsapiens-cisbp_1.02-M5930_1.02,11,492,0.791214754800057,0.570080985441403,0.918624957488825,TFE3
Hsapiens-hPDI-PPP2R3B,11,492,0.791214754800057,0.570080985441403,0.918624957488825,PPP2R3B
Hsapiens-jaspar2016-TFE3-MA0831.1,11,492,0.791214754800057,0.570080985441403,0.918624957488825,TFE3
Hsapiens-jaspar2018-TFE3-MA0831.1,11,492,0.791214754800057,0.570080985441403,0.918624957488825,TFE3
Hsapiens-jolma2013-TFE3,11,492,0.791214754800057,0.570080985441403,0.918624957488825,TFE3
Hsapiens-HOCOMOCOv13-RUNX1.H13CORE.0.P.B,11,493,0.789503994610652,0.570264028071161,0.918624957488825,RUNX1
Hsapiens-jaspar2016-CREB1-MA0018.1,11,493,0.789503994610652,0.570264028071161,0.918624957488825,CREB1
Hsapiens-jaspar2018-CREB1-MA0018.1,11,493,0.789503994610652,0.570264028071161,0.918624957488825,CREB1
Hsapiens-jaspar2018-FOSL2::JUNB(var.2)-MA1139.1,11,494,0.787800157535246,0.570469482047142,0.918624957488825,FOSL2::JUNB(var.2)
Hsapiens-jaspar2022-FOSL2::JUNB-MA1139.1,11,494,0.787800157535246,0.570469482047142,0.918624957488825,FOSL2::JUNB
Hsapiens-cisbp_1.02-M5900_1.02,11,497,0.782729767205267,0.571219181357506,0.918624957488825,TCF3
Hsapiens-HOCOMOCOv10-MLX_HUMAN.H10MO.D,11,497,0.782729767205267,0.571219181357506,0.918624957488825,MLX
Hsapiens-HOCOMOCOv11-secondary-D-MLX_HUMAN.H11MO.0.D,11,497,0.782729767205267,0.571219181357506,0.918624957488825,MLX
Hsapiens-HOCOMOCOv13-SOX2.H13CORE.2.S.B,11,498,0.781053206475421,0.571513136037438,0.918624957488825,SOX2
Hsapiens-jaspar2024-USF1-MA0093.4,11,498,0.781053206475421,0.571513136037438,0.918624957488825,USF1
Hsapiens-HOCOMOCOv13-PRGR.H13CORE.0.P.B,11,499,0.779383362469913,0.571828915895445,0.918624957488825,PRGR
Hsapiens-jaspar2016-RUNX2-MA0511.2,6,290,0.734595468138768,0.584898188893756,0.918624957488825,RUNX2
Hsapiens-jaspar2016-BHLHE41-MA0636.1,6,290,0.734595468138768,0.584898188893756,0.918624957488825,BHLHE41
Hsapiens-jaspar2018-BHLHE41-MA0636.1,6,290,0.734595468138768,0.584898188893756,0.918624957488825,BHLHE41
Hsapiens-jaspar2018-RUNX2-MA0511.2,6,290,0.734595468138768,0.584898188893756,0.918624957488825,RUNX2
Hsapiens-jaspar2022-BHLHE41-MA0636.1,6,290,0.734595468138768,0.584898188893756,0.918624957488825,BHLHE41
Hsapiens-jaspar2022-RUNX2-MA0511.2,6,290,0.734595468138768,0.584898188893756,0.918624957488825,RUNX2
Hsapiens-jaspar2024-BHLHE41-MA0636.1,6,290,0.734595468138768,0.584898188893756,0.918624957488825,BHLHE41
Hsapiens-jaspar2024-RUNX2-MA0511.2,6,290,0.734595468138768,0.584898188893756,0.918624957488825,RUNX2
Hsapiens-jolma2013-RUNX2-3,6,290,0.734595468138768,0.584898188893756,0.918624957488825,RUNX2
Hsapiens-jolma2013-BHLHE41,6,290,0.734595468138768,0.584898188893756,0.918624957488825,BHLHE41
Hsapiens-SwissRegulon-BHLHE41.SwissRegulon,6,290,0.734595468138768,0.584898188893756,0.918624957488825,BHLHE41
Hsapiens-jaspar2024-ZBTB7B-MA0694.2,6,292,0.729373877623329,0.585200306388307,0.918624957488825,ZBTB7B
Hsapiens-jaspar2024-ZSCAN31-MA1722.2,6,292,0.729373877623329,0.585200306388307,0.918624957488825,ZSCAN31
Hsapiens-HOCOMOCOv10-MSX2_HUMAN.H10MO.D,6,294,0.724223317610835,0.585646702949763,0.918624957488825,MSX2
Hsapiens-HOCOMOCOv11-secondary-D-MSX2_HUMAN.H11MO.0.D,6,294,0.724223317610835,0.585646702949763,0.918624957488825,MSX2
Hsapiens-HOCOMOCOv13-ZSC29.H13CORE.0.P.B,5,250,0.710526136262704,0.559928601515583,0.918624957488825,ZSC29
Hsapiens-jaspar2024-HOXC11-MA0651.3,5,257,0.690546403206634,0.560748378644426,0.918624957488825,HOXC11
Hsapiens-HOCOMOCOv13-HXD11.H13CORE.1.SM.B,5,259,0.685036247241432,0.561369406231122,0.918624957488825,HXD11
Hsapiens-HOCOMOCOv13-CDX4.H13CORE.1.M.C,5,260,0.68231295454186,0.561742519812925,0.918624957488825,CDX4
Hsapiens-HOCOMOCOv13-TFCP2.H13CORE.0.SM.B,5,260,0.68231295454186,0.561742519812925,0.918624957488825,TFCP2
Hsapiens-hPDI-NMRAL1,5,264,0.671626067689887,0.563642949061256,0.918624957488825,NMRAL1
Hsapiens-HOCOMOCOv10-GCM1_HUMAN.H10MO.D,5,265,0.669004749456299,0.56421797443254,0.918624957488825,GCM1
Hsapiens-HOCOMOCOv11-secondary-D-GCM1_HUMAN.H11MO.0.D,5,265,0.669004749456299,0.56421797443254,0.918624957488825,GCM1
Hsapiens-HOCOMOCOv13-IRF6.H13CORE.1.S.C,5,266,0.666403137899397,0.564832113673676,0.918624957488825,IRF6
Hsapiens-HOCOMOCOv13-CUX2.H13CORE.2.S.C,4,122,1.17864643647984,0.586665373726756,0.918742398948779,CUX2
Hsapiens-jaspar2024-NR1I3-MA1534.2,17,536,1.14842251248904,0.586524315190038,0.918742398948779,NR1I3
Hsapiens-cisbp_1.02-M6154_1.02,41,1353,1.10598819753185,0.586868387385811,0.918742398948779,ATF5
Hsapiens-SwissRegulon-ATF5.SwissRegulon,41,1353,1.10598819753185,0.586868387385811,0.918742398948779,ATF5
Hsapiens-HOCOMOCOv13-ZN394.H13CORE.0.P.C,61,2055,1.08852284050281,0.586666671175127,0.918742398948779,ZN394
Hsapiens-HOCOMOCOv13-ZNF516.H13CORE.0.S.C,17,538,1.14384566909879,0.587396787408191,0.919376908036836,ZNF516
Hsapiens-HOCOMOCOv13-VSX1.H13CORE.0.SM.B,6,300,0.709183616541296,0.587828626362988,0.919474766556054,VSX1
Hsapiens-HOCOMOCOv10-ZN333_HUMAN.H10MO.D,6,300,0.709183616541296,0.587828626362988,0.919474766556054,ZN333
Hsapiens-HOCOMOCOv11-secondary-D-ZN333_HUMAN.H11MO.0.D,6,300,0.709183616541296,0.587828626362988,0.919474766556054,ZN333
Hsapiens-jaspar2022-HOXA9-MA0594.2,2,130,0.547509465694016,0.58808377579164,0.919681264947186,HOXA9
Hsapiens-HOCOMOCOv11-core-A-ESR1_HUMAN.H11MO.0.A,17,540,1.13930190142944,0.588345152785794,0.91970488617771,ESR1
Hsapiens-cisbp_1.02-M5305_1.02,6,301,0.706735283798832,0.588311991093245,0.91970488617771,BHLHE40
Hsapiens-HOCOMOCOv13-PRDM1.H13CORE.0.S.B,27,882,1.11094141588413,0.588556366819052,0.919842541069575,PRDM1
Hsapiens-HOCOMOCOv11-core-A-NF2L2_HUMAN.H11MO.0.A,17,541,1.13704173323063,0.588847476575249,0.920104979610991,NF2L2
Hsapiens-jaspar2022-CEBPB-MA0466.3,2,132,0.539076548562797,0.589017651744592,0.920178381275958,CEBPB
Hsapiens-HOCOMOCOv10-BCL6_HUMAN.H10MO.C,27,885,1.10670478992646,0.589627370143659,0.920938274279169,BCL6
Hsapiens-HOCOMOCOv13-TEF.H13CORE.0.SM.B,10,302,1.19592811533979,0.59122247927356,0.921118209781856,TEF
Hsapiens-JASPAR_2014-ESRRA-MA0592.1,17,544,1.13031101347835,0.59046543564611,0.921118209781856,ESRRA
Hsapiens-jaspar2016-ESRRA-MA0592.1,17,544,1.13031101347835,0.59046543564611,0.921118209781856,ESRRA
Hsapiens-jaspar2018-ESRRA-MA0592.1,17,544,1.13031101347835,0.59046543564611,0.921118209781856,ESRRA
Hsapiens-jaspar2022-TEAD1-MA0090.3,17,545,1.12808388555559,0.591041302425666,0.921118209781856,TEAD1
Hsapiens-hPDI-ID2,22,896,0.867093828250138,0.5907472461828,0.921118209781856,ID2
Hsapiens-hPDI-RPS6KA5,22,896,0.867093828250138,0.5907472461828,0.921118209781856,RPS6KA5
Hsapiens-hPDI-CCDC16,22,906,0.856365658273264,0.591171907396801,0.921118209781856,ZNF830
Hsapiens-hPDI-RFX4,22,906,0.856365658273264,0.591171907396801,0.921118209781856,RFX4
Hsapiens-jaspar2022-HOXA1-MA1495.1,2,134,0.530895344328021,0.590254265873284,0.921118209781856,HOXA1
Hsapiens-jaspar2022-HOXB5-MA0904.2,2,134,0.530895344328021,0.590254265873284,0.921118209781856,HOXB5
Hsapiens-HOCOMOCOv13-NDF2.H13CORE.1.S.B,2,135,0.526895638759155,0.590982609382173,0.921118209781856,NDF2
Hsapiens-hPDI-OLIG3,17,546,1.12586490633298,0.591635213856602,0.921569011948897,OLIG3
Hsapiens-HOCOMOCOv11-secondary-A-FLI1_HUMAN.H11MO.1.A,56,2151,0.910901715845592,0.591921435653442,0.921822602772218,FLI1
Hsapiens-hPDI-ZNF766,56,2145,0.914392791140536,0.592156527300286,0.9219964774663,ZNF766
Hsapiens-HOCOMOCOv13-LHX5.H13CORE.0.PSM.A,10,304,1.18775106393544,0.592610695970005,0.922319084851005,LHX5
Hsapiens-jaspar2022-RARB-MA1552.1,10,304,1.18775106393544,0.592610695970005,0.922319084851005,RARB
Hsapiens-HOCOMOCOv13-RARG.H13CORE.0.P.B,17,549,1.11925642373523,0.593523808223623,0.922574663960136,RARG
Hsapiens-HOCOMOCOv10-SMAD3_HUMAN.H10MO.C,17,549,1.11925642373523,0.593523808223623,0.922574663960136,SMAD3
Hsapiens-HOCOMOCOv13-ATOH8.H13CORE.0.P.C,28,914,1.11242868254219,0.593855203985194,0.922574663960136,ATOH8
Hsapiens-HOCOMOCOv10-NFAC1_HUMAN.H10MO.A,28,915,1.11105475442477,0.59413780039097,0.922574663960136,NFAC1
Hsapiens-HOCOMOCOv13-CPEB1.H13CORE.0.S.B,43,1428,1.09867723846375,0.594874759891822,0.922574663960136,CPEB1
Hsapiens-HOCOMOCOv11-core-A-RARA_HUMAN.H11MO.0.A,43,1428,1.09867723846375,0.594874759891822,0.922574663960136,RARA
Hsapiens-jaspar2022-SNAI2-MA0745.2,13,555,0.829797781221084,0.59374568992809,0.922574663960136,SNAI2
Hsapiens-jolma2013-SOX8-2,13,556,0.828193328722911,0.5937276059978,0.922574663960136,SOX8
Hsapiens-HOCOMOCOv10-NKX62_HUMAN.H10MO.D,13,557,0.826594633741971,0.593729064559125,0.922574663960136,NKX62
Hsapiens-HOCOMOCOv11-secondary-D-NKX62_HUMAN.H11MO.0.D,13,557,0.826594633741971,0.593729064559125,0.922574663960136,NKX62
Hsapiens-HOCOMOCOv10-MAFF_HUMAN.H10MO.A,13,559,0.823414392775227,0.593790360927172,0.922574663960136,MAFF
Hsapiens-HOCOMOCOv10-EMX2_HUMAN.H10MO.D,13,564,0.815562407663263,0.594280995931577,0.922574663960136,EMX2
Hsapiens-HOCOMOCOv11-secondary-D-EMX2_HUMAN.H11MO.0.D,13,564,0.815562407663263,0.594280995931577,0.922574663960136,EMX2
Hsapiens-HOCOMOCOv13-Z705G.H13CORE.0.P.C,13,565,0.814008677165073,0.594436378867577,0.922574663960136,Z705G
Hsapiens-HOCOMOCOv10-SOX11_HUMAN.H10MO.D,13,567,0.810917647612141,0.594803771340237,0.922574663960136,SOX11
Hsapiens-HOCOMOCOv11-secondary-D-SOX11_HUMAN.H11MO.0.D,13,567,0.810917647612141,0.594803771340237,0.922574663960136,SOX11
Hsapiens-jaspar2022-MYOD1-MA0499.2,13,567,0.810917647612141,0.594803771340237,0.922574663960136,MYOD1
Hsapiens-cisbp_1.02-M4680_1.02,13,571,0.804800508781906,0.595762672548057,0.923184938021045,BACH1
Hsapiens-HOCOMOCOv13-HXA1.H13CORE.1.S.B,13,571,0.804800508781906,0.595762672548057,0.923184938021045,HXA1
Hsapiens-SwissRegulon-USF2.SwissRegulon,13,571,0.804800508781906,0.595762672548057,0.923184938021045,USF2
Hsapiens-HOCOMOCOv10-BHA15_HUMAN.H10MO.D,2,140,0.507754138710549,0.595667939482897,0.923184938021045,BHA15
Hsapiens-HOCOMOCOv11-core-C-ZFP82_HUMAN.H11MO.0.C,66,2227,1.08892737272752,0.595909521216703,0.923220952907603,ZFP82
Hsapiens-jolma2013-EN1-2,18,569,1.14595252381631,0.596675092657333,0.924133507636681,EN1
Hsapiens-jaspar2022-ZBTB6-MA1581.1,28,923,1.10024439942891,0.596822605806753,0.924133507636681,ZBTB6
Hsapiens-hPDI-PHOX2A,37,1451,0.897048323544584,0.597305926351265,0.924133507636681,PHOX2A
Hsapiens-hPDI-IRF6,23,929,0.87459388502182,0.597155926984114,0.924133507636681,IRF6
Hsapiens-SwissRegulon-NFATC3.SwissRegulon,23,933,0.870408004054984,0.597031522817572,0.924133507636681,NFATC3
Hsapiens-jaspar2024-POU3F1-MA0786.2,23,936,0.867246581749987,0.597065911804032,0.924133507636681,POU3F1
Hsapiens-hPDI-ECSIT,23,941,0.862022233866982,0.597364650538211,0.924133507636681,ECSIT
Hsapiens-cisbp_1.02-M4637_1.02,18,572,1.13947756946007,0.59775024372927,0.924347116027726,USF1
Hsapiens-HOCOMOCOv10-OTX2_HUMAN.H10MO.C,23,944,0.858914126417217,0.597687592242816,0.924347116027726,OTX2
Hsapiens-HOCOMOCOv13-ZBT45.H13CORE.0.SM.B,5,140,1.28681984411943,0.599262377960996,0.924459664914027,ZBT45
Hsapiens-HOCOMOCOv13-ZNF700.H13CORE.0.PSG.A,10,311,1.15995952623659,0.598425161145516,0.924459664914027,ZNF700
Hsapiens-jaspar2016-ZIC4-MA0751.1,18,575,1.13306943684746,0.598985336980132,0.924459664914027,ZIC4
Hsapiens-jaspar2018-ZIC4-MA0751.1,18,575,1.13306943684746,0.598985336980132,0.924459664914027,ZIC4
Hsapiens-jaspar2022-ZIC4-MA0751.1,18,575,1.13306943684746,0.598985336980132,0.924459664914027,ZIC4
Hsapiens-jolma2013-ZIC4,18,575,1.13306943684746,0.598985336980132,0.924459664914027,ZIC4
Hsapiens-SwissRegulon-ZIC4.SwissRegulon,18,575,1.13306943684746,0.598985336980132,0.924459664914027,ZIC4
Hsapiens-JASPAR_CORE-RXR::RAR_DR5-MA0159.1,18,576,1.13094820651197,0.599432073527732,0.924459664914027,RXR::RAR_DR5
Hsapiens-JASPAR_2014-RXR::RAR_DR5-MA0159.1,18,576,1.13094820651197,0.599432073527732,0.924459664914027,RXR::RAR_DR5
Hsapiens-jaspar2016-RARA::RXRA-MA0159.1,18,576,1.13094820651197,0.599432073527732,0.924459664914027,RARA::RXRA
Hsapiens-jaspar2018-RARA::RXRA-MA0159.1,18,576,1.13094820651197,0.599432073527732,0.924459664914027,RARA::RXRA
Hsapiens-jaspar2022-RARA::RXRA-MA0159.1,18,576,1.13094820651197,0.599432073527732,0.924459664914027,RARA::RXRA
Hsapiens-jaspar2024-RARA::RXRA-MA0159.1,18,576,1.13094820651197,0.599432073527732,0.924459664914027,RARA::RXRA
Hsapiens-HOCOMOCOv13-DDIT3.H13CORE.0.P.B,10,313,1.15224738192672,0.600347251002306,0.925106997676134,DDIT3
Hsapiens-HOCOMOCOv13-GMEB1.H13CORE.2.SM.B,10,313,1.15224738192672,0.600347251002306,0.925106997676134,GMEB1
Hsapiens-HOCOMOCOv13-SHOX.H13CORE.1.S.B,10,313,1.15224738192672,0.600347251002306,0.925106997676134,SHOX
Hsapiens-SwissRegulon-MZF1.SwissRegulon,29,951,1.10722079906476,0.600309038497382,0.925106997676134,MZF1
Hsapiens-cisbp_1.02-M3047_1.02,10,314,1.14842814691264,0.601349863151871,0.92566383443032,CEBPA
Hsapiens-hPDI-H2AFY,10,316,1.14086218513837,0.603436280420562,0.92566383443032,H2AFY
Hsapiens-jaspar2022-ESRRA-MA0592.3,18,579,1.1246284290039,0.600875825092233,0.92566383443032,ESRRA
Hsapiens-HOCOMOCOv11-core-A-ERR1_HUMAN.H11MO.0.A,18,580,1.12253635037675,0.60139120324237,0.92566383443032,ERR1
Hsapiens-HOCOMOCOv10-THB_HUMAN.H10MO.S,18,581,1.1204514673663,0.601923447880547,0.92566383443032,THB
Hsapiens-HOCOMOCOv11-secondary-D-THB_HUMAN.H11MO.1.D,18,581,1.1204514673663,0.601923447880547,0.92566383443032,THB
Hsapiens-HOCOMOCOv11-core-C-ZN586_HUMAN.H11MO.0.C,45,1502,1.09295525866621,0.602169407035537,0.92566383443032,ZN586
Hsapiens-jaspar2024-GABPA-MA0062.4,39,1521,0.902071003856566,0.604119846794176,0.92566383443032,GABPA
Hsapiens-HOCOMOCOv13-ANDR.H13CORE.2.P.B,24,970,0.873393163738353,0.602980017599548,0.92566383443032,ANDR
Hsapiens-jolma2013-HOXD12,24,971,0.87236841841805,0.602992053324872,0.92566383443032,HOXD12
Hsapiens-HOCOMOCOv13-ZN611.H13CORE.1.P.C,24,974,0.869306774368498,0.603097568824602,0.92566383443032,ZN611
Hsapiens-HOCOMOCOv10-LHX3_HUMAN.H10MO.C,24,977,0.866263882924964,0.603306717206528,0.92566383443032,LHX3
Hsapiens-HOCOMOCOv11-core-C-LHX3_HUMAN.H11MO.0.C,24,977,0.866263882924964,0.603306717206528,0.92566383443032,LHX3
Hsapiens-HOCOMOCOv13-ZNF775.H13CORE.0.PSG.A,24,982,0.861233603070277,0.603883714755955,0.92566383443032,ZNF775
Hsapiens-cisbp_1.02-M2296_1.02,14,590,0.840663687809524,0.604314876810723,0.92566383443032,MAFK
Hsapiens-HOCOMOCOv13-TFEC.H13CORE.0.M.B,14,590,0.840663687809524,0.604314876810723,0.92566383443032,TFEC
Hsapiens-JASPAR_2014-MAFK-MA0496.1,14,590,0.840663687809524,0.604314876810723,0.92566383443032,MAFK
Hsapiens-jaspar2016-MAFK-MA0496.1,14,590,0.840663687809524,0.604314876810723,0.92566383443032,MAFK
Hsapiens-jaspar2018-MAFK-MA0496.1,14,590,0.840663687809524,0.604314876810723,0.92566383443032,MAFK
Hsapiens-HOCOMOCOv13-BATF3.H13CORE.2.SM.B,14,596,0.831522037827333,0.604382511196529,0.92566383443032,BATF3
Hsapiens-HOCOMOCOv13-MAF.H13CORE.0.PM.A,14,596,0.831522037827333,0.604382511196529,0.92566383443032,MAF
Hsapiens-cisbp_1.02-M4451_1.02,14,598,0.828515557379978,0.604548279666876,0.92566383443032,ATF3
Hsapiens-HOCOMOCOv13-HNF6.H13CORE.3.M.B,14,599,0.827019840473707,0.6046577471389,0.92566383443032,HNF6
Hsapiens-cisbp_1.02-M6358_1.02,14,600,0.825529105686771,0.604784849416088,0.92566383443032,NEUROD1
Hsapiens-jolma2013-YY2-3,14,602,0.82256248319308,0.605091684077494,0.92566383443032,YY2
Hsapiens-HOCOMOCOv11-secondary-A-MAFG_HUMAN.H11MO.1.A,14,604,0.819615492986209,0.605468215008754,0.92566383443032,MAFG
Hsapiens-HOCOMOCOv13-TFEB.H13CORE.0.SM.B,14,605,0.818149299166776,0.605682430244239,0.92566383443032,TFEB
Hsapiens-jaspar2016-RXRB-MA0855.1,14,605,0.818149299166776,0.605682430244239,0.92566383443032,RXRB
Hsapiens-jaspar2018-RXRB-MA0855.1,14,605,0.818149299166776,0.605682430244239,0.92566383443032,RXRB
Hsapiens-jaspar2022-RXRB-MA0855.1,14,605,0.818149299166776,0.605682430244239,0.92566383443032,RXRB
Hsapiens-jaspar2024-RXRB-MA0855.1,14,605,0.818149299166776,0.605682430244239,0.92566383443032,RXRB
Hsapiens-jolma2013-RXRB,14,605,0.818149299166776,0.605682430244239,0.92566383443032,RXRB
Hsapiens-HOCOMOCOv11-core-B-ATF1_HUMAN.H11MO.0.B,14,606,0.816687940751822,0.605913842084594,0.92566383443032,ATF1
Hsapiens-jaspar2018-NR1H4-MA1110.1,7,321,0.774715820887904,0.60561020991975,0.92566383443032,NR1H4
Hsapiens-HOCOMOCOv13-MCR.H13CORE.0.S.B,7,322,0.772208823632039,0.605564400729181,0.92566383443032,MCR
Hsapiens-cisbp_1.02-M5607_1.02,7,325,0.764780379055689,0.605619185633772,0.92566383443032,MAFF
Hsapiens-jolma2013-MAFF,7,325,0.764780379055689,0.605619185633772,0.92566383443032,MAFF
Hsapiens-SwissRegulon-MAFF.SwissRegulon,7,325,0.764780379055689,0.605619185633772,0.92566383443032,MAFF
Hsapiens-HOCOMOCOv13-LHX9.H13CORE.0.PS.A,7,326,0.762334606866439,0.605700905655758,0.92566383443032,LHX9
Hsapiens-HOCOMOCOv10-MITF_HUMAN.H10MO.C,7,326,0.762334606866439,0.605700905655758,0.92566383443032,MITF
Hsapiens-HOCOMOCOv10-CEBPE_HUMAN.H10MO.A,7,327,0.75990379048723,0.605814033707014,0.92566383443032,CEBPE
Hsapiens-HOCOMOCOv11-core-A-CEBPE_HUMAN.H11MO.0.A,7,327,0.75990379048723,0.605814033707014,0.92566383443032,CEBPE
Hsapiens-SwissRegulon-FOXN1.SwissRegulon,7,329,0.755086479753579,0.606133702680869,0.925810352826874,FOXN1
Hsapiens-hPDI-HTATIP2,72,2450,1.07930168370315,0.60633175561056,0.925923509027862,HTATIP2
Hsapiens-cisbp_1.02-M6172_1.02,7,333,0.745625420248015,0.607140705992419,0.926969324010094,CEBPE
Hsapiens-jaspar2024-XBP1-MA0844.2,7,334,0.743295556424588,0.607467745278881,0.927279090432856,XBP1
Hsapiens-HOCOMOCOv10-PRRX2_HUMAN.H10MO.C,11,335,1.18641897777751,0.609542717899105,0.927413843957714,PRRX2
Hsapiens-HOCOMOCOv11-core-C-PRRX2_HUMAN.H11MO.0.C,11,335,1.18641897777751,0.609542717899105,0.927413843957714,PRRX2
Hsapiens-jaspar2016-PITX3-MA0714.1,11,335,1.18641897777751,0.609542717899105,0.927413843957714,PITX3
Hsapiens-jaspar2018-PITX3-MA0714.1,11,335,1.18641897777751,0.609542717899105,0.927413843957714,PITX3
Hsapiens-jaspar2022-PITX3-MA0714.1,11,335,1.18641897777751,0.609542717899105,0.927413843957714,PITX3
Hsapiens-jaspar2022-ZNF669-MA1985.1,11,335,1.18641897777751,0.609542717899105,0.927413843957714,ZNF669
Hsapiens-jaspar2024-ZNF669-MA1985.1,11,335,1.18641897777751,0.609542717899105,0.927413843957714,ZNF669
Hsapiens-jolma2013-PITX3,11,335,1.18641897777751,0.609542717899105,0.927413843957714,PITX3
Hsapiens-SwissRegulon-PITX3.SwissRegulon,11,335,1.18641897777751,0.609542717899105,0.927413843957714,PITX3
Hsapiens-cisbp_1.02-M4481_1.02,19,610,1.1275730248186,0.608756624843846,0.927413843957714,USF2
Hsapiens-HOCOMOCOv13-ZSC21.H13CORE.0.P.C,25,1004,0.879138108285099,0.608615715494605,0.927413843957714,ZSC21
Hsapiens-HOCOMOCOv13-ZN621.H13CORE.0.P.C,25,1011,0.872169148637303,0.608781262119538,0.927413843957714,ZN621
Hsapiens-SwissRegulon-HOXD9.SwissRegulon,25,1017,0.866271887038655,0.609352792519437,0.927413843957714,HOXD9
Hsapiens-hPDI-EIF5A2,7,336,0.738677425163589,0.608210521005511,0.927413843957714,EIF5A2
Hsapiens-jaspar2022-LHX5-MA1519.1,7,336,0.738677425163589,0.608210521005511,0.927413843957714,LHX5
Hsapiens-jaspar2022-HOXB4-MA1499.1,7,337,0.736388910904282,0.60862576732228,0.927413843957714,HOXB4
Hsapiens-HOCOMOCOv13-ZN432.H13CORE.0.P.C,19,613,1.12159410637052,0.610001256172782,0.927922481131265,ZN432
Hsapiens-jaspar2022-ELF1-MA0473.3,41,1594,0.904525281796729,0.610323838713545,0.92822413996161,ELF1
Hsapiens-jaspar2024-SMAD2-MA1964.2,75,2558,1.0772408111475,0.610559628920195,0.928265270464097,SMAD2
Hsapiens-SwissRegulon-MEF2C.SwissRegulon,41,1607,0.895376717162562,0.610599447555243,0.928265270464097,MEF2C
Hsapiens-HOCOMOCOv13-ZNF699.H13CORE.0.PSG.A,31,1021,1.10292179017083,0.611170682328022,0.92894461259829,ZNF699
Hsapiens-HOCOMOCOv13-LEUTX.H13CORE.0.PSGB.A,11,339,1.17180697024556,0.611715134133996,0.929462240367366,LEUTX
Hsapiens-cisbp_1.02-M6531_1.02,19,617,1.11371259366817,0.611884567664525,0.929462240367366,USF2
Hsapiens-jaspar2024-RARA::RXRG-MA1149.2,19,617,1.11371259366817,0.611884567664525,0.929462240367366,RARA::RXRG
Hsapiens-jolma2013-RFX4-2,11,340,1.16820768344324,0.612327191495514,0.929669876923236,RFX4
Hsapiens-SwissRegulon-RFX4.SwissRegulon,11,340,1.16820768344324,0.612327191495514,0.929669876923236,RFX4
Hsapiens-hPDI-HSPA5,19,618,1.11175814945173,0.612394670566652,0.929669876923236,HSPA5
Hsapiens-HOCOMOCOv10-HXD11_HUMAN.H10MO.D,31,1029,1.09308194161121,0.613385159877186,0.930795156262231,HXD11
Hsapiens-HOCOMOCOv11-secondary-D-HXD11_HUMAN.H11MO.0.D,31,1029,1.09308194161121,0.613385159877186,0.930795156262231,HXD11
Hsapiens-HOCOMOCOv13-GLIS2.H13CORE.0.SM.B,11,342,1.16107224836616,0.613632106798709,0.93084488122756,GLIS2
Hsapiens-SwissRegulon-SOX4.SwissRegulon,26,1038,0.884521104448803,0.613993553167798,0.93084488122756,SOX4
Hsapiens-HOCOMOCOv13-RFX4.H13CORE.0.SM.B,15,630,0.842994975298584,0.613947024053553,0.93084488122756,RFX4
Hsapiens-jaspar2022-TCF12-MA1648.1,15,633,0.838655709664383,0.614106728205234,0.93084488122756,TCF12
Hsapiens-jolma2013-RARB,15,635,0.835785625134558,0.614295801196099,0.93084488122756,RARB
Hsapiens-SwissRegulon-RARB.SwissRegulon,15,635,0.835785625134558,0.614295801196099,0.93084488122756,RARB
Hsapiens-cisbp_1.02-M3376_1.02,15,636,0.834357346248242,0.614414950388522,0.93084488122756,NHLH1
Hsapiens-hPDI-TSC22D4,15,636,0.834357346248242,0.614414950388522,0.93084488122756,TSC22D4
Hsapiens-jaspar2024-CTCF-MA0139.2,32,1051,1.10701610646046,0.615244959307721,0.9311722281856,CTCF
Hsapiens-HOCOMOCOv13-KLF4.H13CORE.0.PSM.A,78,2671,1.07237177021018,0.614911898981289,0.9311722281856,KLF4
Hsapiens-HOCOMOCOv13-CASZ1.H13CORE.0.SGI.A,26,1054,0.869071920113291,0.614795289372578,0.9311722281856,CASZ1
Hsapiens-jaspar2022-NFATC3-MA0625.2,15,640,0.828688826909279,0.615054215528411,0.9311722281856,NFATC3
Hsapiens-SwissRegulon-MSX1.SwissRegulon,15,641,0.827282741804409,0.615254377573428,0.9311722281856,MSX1
Hsapiens-HOCOMOCOv10-SOX1_HUMAN.H10MO.D,20,639,1.13416924774578,0.615950602697096,0.931848298874744,SOX1
Hsapiens-HOCOMOCOv11-secondary-D-SOX1_HUMAN.H11MO.0.D,20,639,1.13416924774578,0.615950602697096,0.931848298874744,SOX1
Hsapiens-jaspar2024-ZNF184-MA2120.1,32,1057,1.09977379906068,0.616422051916124,0.932372682414243,ZNF184
Hsapiens-HOCOMOCOv10-YBOX1_HUMAN.H10MO.D,20,642,1.12840442041371,0.616788907195099,0.932738681482121,YBOX1
Hsapiens-cisbp_1.02-M5866_1.02,11,347,1.14359347565655,0.617352304651072,0.932974163904565,SREBF2
Hsapiens-HOCOMOCOv10-MAFK_HUMAN.H10MO.S,11,347,1.14359347565655,0.617352304651072,0.932974163904565,MAFK
Hsapiens-HOCOMOCOv11-core-C-HXC9_HUMAN.H11MO.0.C,20,644,1.12459101113906,0.617425690109074,0.932974163904565,HXC9
Hsapiens-HOCOMOCOv11-core-A-KLF4_HUMAN.H11MO.0.A,81,2770,1.07613147300301,0.617444275295256,0.932974163904565,KLF4
Hsapiens-HOCOMOCOv13-PO3F4.H13CORE.0.SM.B,20,645,1.12269316740915,0.617767215405573,0.93327332764244,PO3F4
Hsapiens-HOCOMOCOv13-ZN616.H13CORE.0.P.C,27,1084,0.878190030568051,0.61923350329491,0.935299299516619,ZN616
Hsapiens-HOCOMOCOv13-CEBPG.H13CORE.0.P.B,11,350,1.13334589120787,0.619886580343836,0.935528969203497,CEBPG
Hsapiens-HOCOMOCOv13-NKX62.H13CORE.0.SM.B,11,350,1.13334589120787,0.619886580343836,0.935528969203497,NKX62
Hsapiens-HOCOMOCOv13-ZBED4.H13CORE.0.SGIB.A,20,650,1.11329148638959,0.619702811227978,0.935528969203497,ZBED4
Hsapiens-hPDI-RPP25,20,650,1.11329148638959,0.619702811227978,0.935528969203497,RPP25
Hsapiens-jolma2013-PITX1,11,351,1.12996895172838,0.620779878148338,0.935909893165198,PITX1
Hsapiens-SwissRegulon-PAX7.SwissRegulon,11,351,1.12996895172838,0.620779878148338,0.935909893165198,PAX7
Hsapiens-SwissRegulon-VAX1.SwissRegulon,11,351,1.12996895172838,0.620779878148338,0.935909893165198,VAX1
Hsapiens-jolma2013-TBX15,11,352,1.12661119674472,0.621696929907735,0.935909893165198,TBX15
Hsapiens-JASPAR_2014-NFYA-MA0060.2,33,1092,1.09800158590393,0.621193106465635,0.935909893165198,NFYA
Hsapiens-jaspar2016-NFYA-MA0060.2,33,1092,1.09800158590393,0.621193106465635,0.935909893165198,NFYA
Hsapiens-jaspar2018-NFYA-MA0060.2,33,1092,1.09800158590393,0.621193106465635,0.935909893165198,NFYA
Hsapiens-HOCOMOCOv10-FOXJ2_HUMAN.H10MO.C,45,1738,0.910028006137339,0.621471748666631,0.935909893165198,FOXJ2
Hsapiens-HOCOMOCOv11-core-C-FOXJ2_HUMAN.H11MO.0.C,45,1738,0.910028006137339,0.621471748666631,0.935909893165198,FOXJ2
Hsapiens-jolma2013-FOXC2-2,45,1738,0.910028006137339,0.621471748666631,0.935909893165198,FOXC2
Hsapiens-HOCOMOCOv11-core-C-OSR2_HUMAN.H11MO.0.C,45,1749,0.902706533065732,0.621645346222758,0.935909893165198,OSR2
Hsapiens-HOCOMOCOv13-MSX1.H13CORE.1.S.C,16,663,0.854719316161163,0.622826434444496,0.935909893165198,MSX1
Hsapiens-jolma2013-NR2C2,16,666,0.850518727092794,0.622839009954248,0.935909893165198,NR2C2
Hsapiens-jaspar2024-TFAP4::FLI1-MA1967.2,16,669,0.846355775151756,0.622991377907835,0.935909893165198,TFAP4::FLI1
Hsapiens-HOCOMOCOv13-ZN677.H13CORE.0.P.C,16,672,0.842229956467785,0.623282289895696,0.935909893165198,ZN677
Hsapiens-jolma2013-RARG,16,672,0.842229956467785,0.623282289895696,0.935909893165198,RARG
Hsapiens-jolma2013-EMX1-2,16,673,0.840862849612694,0.623409812719331,0.935909893165198,EMX1
Hsapiens-JASPAR_2014-ZEB1-MA0103.2,16,678,0.834087747956802,0.624274077888475,0.935909893165198,ZEB1
Hsapiens-jaspar2016-ZEB1-MA0103.2,16,678,0.834087747956802,0.624274077888475,0.935909893165198,ZEB1
Hsapiens-jaspar2018-ZEB1-MA0103.2,16,678,0.834087747956802,0.624274077888475,0.935909893165198,ZEB1
Hsapiens-jaspar2018-IRF5-MA1420.1,8,359,0.791411512683364,0.623358059350326,0.935909893165198,IRF5
Hsapiens-jaspar2022-IRF5-MA1420.1,8,359,0.791411512683364,0.623358059350326,0.935909893165198,IRF5
Hsapiens-jaspar2022-ERF::SREBF2-MA1939.1,8,359,0.791411512683364,0.623358059350326,0.935909893165198,ERF::SREBF2
Hsapiens-jaspar2024-IRF5-MA1420.1,8,359,0.791411512683364,0.623358059350326,0.935909893165198,IRF5
Hsapiens-jolma2013-IRF5,8,359,0.791411512683364,0.623358059350326,0.935909893165198,IRF5
Hsapiens-HOCOMOCOv13-ZFP41.H13CORE.0.SM.B,8,361,0.786819914823007,0.623418137789927,0.935909893165198,ZFP41
Hsapiens-hPDI-DDEFL1,8,362,0.784543137100818,0.623489527076704,0.935909893165198,ASAP3
Hsapiens-jolma2013-PAX7,8,362,0.784543137100818,0.623489527076704,0.935909893165198,PAX7
Hsapiens-jolma2013-TFAP4,8,363,0.782278900478892,0.623588280040347,0.935909893165198,TFAP4
Hsapiens-SwissRegulon-TFAP4.SwissRegulon,8,363,0.782278900478892,0.623588280040347,0.935909893165198,TFAP4
Hsapiens-HOCOMOCOv13-MEF2B.H13CORE.1.SM.B,8,364,0.78002710161734,0.623714238477532,0.935909893165198,MEF2B
Hsapiens-HOCOMOCOv10-GATA6_HUMAN.H10MO.S,8,365,0.777787638308477,0.623867239554753,0.935909893165198,GATA6
Hsapiens-jaspar2024-RORB-MA1150.2,8,367,0.773345315086593,0.624253695706972,0.935909893165198,RORB
Hsapiens-jaspar2024-TFAP2A-MA0003.5,21,674,1.12922491059708,0.624491846031493,0.936048484448971,TFAP2A
Hsapiens-cisbp_1.02-M5926_1.02,8,369,0.768951135214608,0.624746256795718,0.936241932585718,TFAP4
Hsapiens-HOCOMOCOv10-P73_HUMAN.H10MO.A,21,677,1.12375582762737,0.62523384405949,0.936760995925335,P73
Hsapiens-HOCOMOCOv13-RX.H13CORE.0.SM.B,8,371,0.764604320245456,0.62534346307186,0.936760995925335,RX
Hsapiens-HOCOMOCOv13-IRX3.H13CORE.2.S.C,8,373,0.760304108423947,0.626043789783026,0.937434054909667,IRX3
Hsapiens-HOCOMOCOv13-NFAC1.H13CORE.3.SM.B,8,373,0.760304108423947,0.626043789783026,0.937434054909667,NFAC1
Hsapiens-cisbp_1.02-M6270_1.02,34,1130,1.09296236270134,0.626363223444244,0.937724376809994,NHLH1
Hsapiens-HOCOMOCOv13-DRGX.H13CORE.1.SM.B,12,371,1.16870830290051,0.626845650230034,0.937882644544896,DRGX
Hsapiens-HOCOMOCOv13-SRBP1.H13CORE.1.S.C,12,371,1.16870830290051,0.626845650230034,0.937882644544896,SRBP1
Hsapiens-SwissRegulon-OTP.SwissRegulon,12,371,1.16870830290051,0.626845650230034,0.937882644544896,OTP
Hsapiens-SwissRegulon-NR1D1.SwissRegulon,21,683,1.11296170122718,0.627110779286085,0.938091410071653,NR1D1
Hsapiens-HOCOMOCOv11-core-A-PBX1_HUMAN.H11MO.0.A,21,684,1.11118108374993,0.62747369154706,0.93825845889189,PBX1
Hsapiens-jaspar2024-JUN-MA0488.2,21,684,1.11118108374993,0.62747369154706,0.93825845889189,JUN
Hsapiens-HOCOMOCOv13-HLF.H13CORE.0.P.B,12,374,1.15887672503093,0.62823520159528,0.938357230416802,HLF
Hsapiens-jaspar2016-PRRX1-MA0716.1,12,377,1.14920159981151,0.629843702116875,0.938357230416802,PRRX1
Hsapiens-jaspar2018-PRRX1-MA0716.1,12,377,1.14920159981151,0.629843702116875,0.938357230416802,PRRX1
Hsapiens-jaspar2022-PRRX1-MA0716.1,12,377,1.14920159981151,0.629843702116875,0.938357230416802,PRRX1
Hsapiens-jaspar2022-LHX9-MA0701.2,12,377,1.14920159981151,0.629843702116875,0.938357230416802,LHX9
Hsapiens-jaspar2022-ESX1-MA0644.2,12,377,1.14920159981151,0.629843702116875,0.938357230416802,ESX1
Hsapiens-jolma2013-ISX-2,12,377,1.14920159981151,0.629843702116875,0.938357230416802,ISX
Hsapiens-jolma2013-PRRX1,12,377,1.14920159981151,0.629843702116875,0.938357230416802,PRRX1
Hsapiens-jolma2013-PRRX1-2,12,377,1.14920159981151,0.629843702116875,0.938357230416802,PRRX1
Hsapiens-jolma2013-PRRX2,12,377,1.14920159981151,0.629843702116875,0.938357230416802,PRRX2
Hsapiens-HOCOMOCOv10-ISL2_HUMAN.H10MO.D,12,381,1.13653841454746,0.632318473608627,0.938357230416802,ISL2
Hsapiens-HOCOMOCOv11-secondary-D-ISL2_HUMAN.H11MO.0.D,12,381,1.13653841454746,0.632318473608627,0.938357230416802,ISL2
Hsapiens-jaspar2024-NKX2-5-MA0063.3,12,382,1.13341404993963,0.63299456253406,0.938357230416802,NKX2-5
Hsapiens-cisbp_1.02-M2280_1.02,22,713,1.11785802280708,0.633318891221194,0.938357230416802,FOSL2
Hsapiens-JASPAR_2014-FOSL2-MA0478.1,22,713,1.11785802280708,0.633318891221194,0.938357230416802,FOSL2
Hsapiens-jaspar2016-FOSL2-MA0478.1,22,713,1.11785802280708,0.633318891221194,0.938357230416802,FOSL2
Hsapiens-jaspar2018-FOSL2-MA0478.1,22,713,1.11785802280708,0.633318891221194,0.938357230416802,FOSL2
Hsapiens-jaspar2022-FOSL2-MA0478.1,22,713,1.11785802280708,0.633318891221194,0.938357230416802,FOSL2
Hsapiens-HOCOMOCOv11-core-B-HXA9_HUMAN.H11MO.0.B,21,687,1.10587032944982,0.628646756171083,0.938357230416802,HXA9
Hsapiens-jaspar2022-HOXD9-MA0913.2,21,687,1.10587032944982,0.628646756171083,0.938357230416802,HOXD9
Hsapiens-jaspar2024-ZNF324-MA1977.2,21,688,1.10411037014165,0.629065618308873,0.938357230416802,ZNF324
Hsapiens-jolma2013-HNF1B-2,21,692,1.0971214100379,0.630878045638169,0.938357230416802,HNF1B
Hsapiens-HOCOMOCOv13-ZN680.H13CORE.0.P.B,34,1138,1.08400504017037,0.628432122044738,0.938357230416802,ZN680
Hsapiens-HOCOMOCOv13-KLF12.H13CORE.1.PSM.A,56,1894,1.0802651563188,0.631929642769971,0.938357230416802,KLF12
Hsapiens-hPDI-PRNP,30,1193,0.8861842449664,0.633032565643108,0.938357230416802,PRNP
Hsapiens-hPDI-HHAT,30,1196,0.88356741216093,0.633296778967255,0.938357230416802,HHAT
Hsapiens-HOCOMOCOv10-TGIF1_HUMAN.H10MO.S,17,698,0.862650635667746,0.631065842829348,0.938357230416802,TGIF1
Hsapiens-jaspar2016-MEIS1-MA0498.2,17,698,0.862650635667746,0.631065842829348,0.938357230416802,MEIS1
Hsapiens-jaspar2018-MEIS1-MA0498.2,17,698,0.862650635667746,0.631065842829348,0.938357230416802,MEIS1
Hsapiens-jaspar2022-MEIS1-MA0498.2,17,698,0.862650635667746,0.631065842829348,0.938357230416802,MEIS1
Hsapiens-jaspar2022-FOXK2-MA1103.2,17,698,0.862650635667746,0.631065842829348,0.938357230416802,FOXK2
Hsapiens-jolma2013-MEIS1,17,698,0.862650635667746,0.631065842829348,0.938357230416802,MEIS1
Hsapiens-SwissRegulon-MEIS1.SwissRegulon,17,698,0.862650635667746,0.631065842829348,0.938357230416802,MEIS1
Hsapiens-HOCOMOCOv10-NFAT5_HUMAN.H10MO.D,17,706,0.851933947649319,0.631280795202592,0.938357230416802,NFAT5
Hsapiens-jaspar2024-ETV2::FIGLA-MA1941.2,17,706,0.851933947649319,0.631280795202592,0.938357230416802,ETV2::FIGLA
Hsapiens-SwissRegulon-EBF3.SwissRegulon,17,712,0.844054297794049,0.632046569864266,0.938357230416802,EBF3
Hsapiens-cisbp_1.02-M6354_1.02,17,714,0.841457144031954,0.632414973325535,0.938357230416802,MYOD1
Hsapiens-HOCOMOCOv10-MYOD1_HUMAN.H10MO.C,17,714,0.841457144031954,0.632414973325535,0.938357230416802,MYOD1
Hsapiens-SwissRegulon-MYOD1.SwissRegulon,17,714,0.841457144031954,0.632414973325535,0.938357230416802,MYOD1
Hsapiens-jaspar2016-CUX1-MA0754.1,3,163,0.655205003044537,0.631184150617324,0.938357230416802,CUX1
Hsapiens-jaspar2018-CUX1-MA0754.1,3,163,0.655205003044537,0.631184150617324,0.938357230416802,CUX1
Hsapiens-jaspar2024-TBX19-MA0804.2,3,163,0.655205003044537,0.631184150617324,0.938357230416802,TBX19
Hsapiens-jolma2013-CUX1-3,3,163,0.655205003044537,0.631184150617324,0.938357230416802,CUX1
Hsapiens-jaspar2024-TFCP2-MA1968.2,3,164,0.651126548791893,0.631310064841743,0.938357230416802,TFCP2
Hsapiens-jaspar2024-BHLHE40-MA0464.3,3,169,0.631458201335901,0.632795614134577,0.938357230416802,BHLHE40
Hsapiens-jolma2013-RHOXF1-3,3,169,0.631458201335901,0.632795614134577,0.938357230416802,RHOXF1
Hsapiens-HOCOMOCOv13-CR3L4.H13CORE.1.S.C,12,383,1.13030599832822,0.633693132439405,0.938539362718604,CR3L4
Hsapiens-jolma2013-LMX1B-2,12,383,1.13030599832822,0.633693132439405,0.938539362718604,LMX1B
Hsapiens-jaspar2022-TWIST1-MA1123.2,12,386,1.12107676916045,0.635921285344854,0.938835029577106,TWIST1
Hsapiens-HOCOMOCOv13-ZN627.H13CORE.0.P.C,12,389,1.11198514833048,0.638342879134085,0.938835029577106,ZN627
Hsapiens-HOCOMOCOv13-ATF2.H13CORE.0.PSM.A,22,718,1.10930410382581,0.634757161992512,0.938835029577106,ATF2
Hsapiens-cisbp_1.02-M2293_1.02,22,719,1.10760759385925,0.635085292194159,0.938835029577106,JUND
Hsapiens-JASPAR_2014-JUND (var.2)-MA0492.1,22,719,1.10760759385925,0.635085292194159,0.938835029577106,JUND (var.2)
Hsapiens-jaspar2016-JUND(var.2)-MA0492.1,22,719,1.10760759385925,0.635085292194159,0.938835029577106,JUND(var.2)
Hsapiens-jaspar2018-JUND(var.2)-MA0492.1,22,719,1.10760759385925,0.635085292194159,0.938835029577106,JUND(var.2)
Hsapiens-jaspar2022-JUND-MA0492.1,22,719,1.10760759385925,0.635085292194159,0.938835029577106,JUND
Hsapiens-hPDI-ACF,51,1949,0.91968965068751,0.635588383104535,0.938835029577106,A1CF
Hsapiens-hPDI-FOXM1,51,1949,0.91968965068751,0.635588383104535,0.938835029577106,FOXM1
Hsapiens-hPDI-GADD45A,51,1949,0.91968965068751,0.635588383104535,0.938835029577106,GADD45A
Hsapiens-hPDI-NFIX,51,1949,0.91968965068751,0.635588383104535,0.938835029577106,NFIX
Hsapiens-hPDI-NOC2L,51,1949,0.91968965068751,0.635588383104535,0.938835029577106,NOC2L
Hsapiens-hPDI-RBM9,31,1215,0.900918306671669,0.637027470812657,0.938835029577106,RBFOX2
Hsapiens-HOCOMOCOv10-SOX4_HUMAN.H10MO.C,18,733,0.869830532930737,0.638717750888378,0.938835029577106,SOX4
Hsapiens-jaspar2024-MZF1-MA0056.3,9,394,0.811300084386048,0.638811643627883,0.938835029577106,MZF1
Hsapiens-SwissRegulon-GATA6.SwissRegulon,9,394,0.811300084386048,0.638811643627883,0.938835029577106,GATA6
Hsapiens-cisbp_1.02-M5632_1.02,9,396,0.806989227953426,0.638817383948795,0.938835029577106,MLX
Hsapiens-jaspar2016-MLX-MA0663.1,9,396,0.806989227953426,0.638817383948795,0.938835029577106,MLX
Hsapiens-jaspar2018-MLX-MA0663.1,9,396,0.806989227953426,0.638817383948795,0.938835029577106,MLX
Hsapiens-jaspar2022-MLX-MA0663.1,9,396,0.806989227953426,0.638817383948795,0.938835029577106,MLX
Hsapiens-jaspar2024-MLX-MA0663.1,9,396,0.806989227953426,0.638817383948795,0.938835029577106,MLX
Hsapiens-jolma2013-MLX,9,396,0.806989227953426,0.638817383948795,0.938835029577106,MLX
Hsapiens-SwissRegulon-BARX2.SwissRegulon,9,396,0.806989227953426,0.638817383948795,0.938835029577106,BARX2
Hsapiens-SwissRegulon-MLX.SwissRegulon,9,396,0.806989227953426,0.638817383948795,0.938835029577106,MLX
Hsapiens-HOCOMOCOv10-E2F2_HUMAN.H10MO.B,9,397,0.804850082666021,0.638856891388196,0.938835029577106,E2F2
Hsapiens-HOCOMOCOv11-core-B-E2F2_HUMAN.H11MO.0.B,9,397,0.804850082666021,0.638856891388196,0.938835029577106,E2F2
Hsapiens-jaspar2016-PKNOX2-MA0783.1,9,397,0.804850082666021,0.638856891388196,0.938835029577106,PKNOX2
Hsapiens-jaspar2018-PKNOX2-MA0783.1,9,397,0.804850082666021,0.638856891388196,0.938835029577106,PKNOX2
Hsapiens-jaspar2022-PKNOX2-MA0783.1,9,397,0.804850082666021,0.638856891388196,0.938835029577106,PKNOX2
Hsapiens-jaspar2024-PKNOX2-MA0783.1,9,397,0.804850082666021,0.638856891388196,0.938835029577106,PKNOX2
Hsapiens-jolma2013-PKNOX2,9,397,0.804850082666021,0.638856891388196,0.938835029577106,PKNOX2
Hsapiens-jaspar2018-MAFK-MA0496.2,9,398,0.802721683591369,0.63892066613207,0.938835029577106,MAFK
Hsapiens-HOCOMOCOv13-SP100.H13CORE.0.PSGI.A,3,172,0.620206030820371,0.634343659147377,0.938835029577106,SP100
Hsapiens-HOCOMOCOv13-NACC2.H13CORE.0.PSGIB.A,3,173,0.616542022014605,0.634964281595984,0.938835029577106,NACC2
Hsapiens-jaspar2016-TP53-MA0106.3,3,176,0.605799793935585,0.637128277003034,0.938835029577106,TP53
Hsapiens-jaspar2018-TP53-MA0106.3,3,176,0.605799793935585,0.637128277003034,0.938835029577106,TP53
Hsapiens-jaspar2022-TP53-MA0106.3,3,176,0.605799793935585,0.637128277003034,0.938835029577106,TP53
Hsapiens-jaspar2024-TP53-MA0106.3,3,176,0.605799793935585,0.637128277003034,0.938835029577106,TP53
Hsapiens-jolma2013-Trp53-3,3,176,0.605799793935585,0.637128277003034,0.938835029577106,Trp53
Hsapiens-HOCOMOCOv10-BCL6B_HUMAN.H10MO.D,9,401,0.79640015987109,0.639256342746084,0.938958824772961,BCL6B
Hsapiens-HOCOMOCOv11-secondary-D-BCL6B_HUMAN.H11MO.0.D,9,401,0.79640015987109,0.639256342746084,0.938958824772961,BCL6B
Hsapiens-HOCOMOCOv13-HXA7.H13CORE.0.SM.B,6,176,1.22834182321413,0.639727545709584,0.939001574281074,HXA7
Hsapiens-jaspar2024-CUX1-MA0754.3,6,176,1.22834182321413,0.639727545709584,0.939001574281074,CUX1
Hsapiens-cisbp_1.02-M2943_1.02,18,749,0.849360097667132,0.639788326618876,0.939001574281074,TFAP4
Hsapiens-jolma2013-NKX3,9,403,0.792238082161806,0.639599101724761,0.939001574281074,NKX2-3
Hsapiens-HOCOMOCOv13-MYCN.H13CORE.1.M.C,9,405,0.788117098998543,0.640035739436545,0.939180144961013,MYCN
Hsapiens-HOCOMOCOv13-MESP2.H13CORE.0.S.C,6,177,1.2212461731989,0.640686660393717,0.939766038193376,MESP2
Hsapiens-jolma2013-ZNF435,9,407,0.784036604698843,0.640565076082228,0.939766038193376,ZNF435
Hsapiens-HOCOMOCOv13-ZN558.H13CORE.0.P.B,32,1267,0.889580519878867,0.641305891935838,0.940305007237687,ZN558
Hsapiens-jaspar2024-ZNF667-MA1984.2,9,409,0.77999600542406,0.641185876860598,0.940305007237687,ZNF667
Hsapiens-HOCOMOCOv13-P63.H13CORE.1.PS.A,13,408,1.15115319696194,0.642285743069662,0.941372098702376,P63
Hsapiens-jaspar2024-ZFP57-MA1583.2,13,408,1.15115319696194,0.642285743069662,0.941372098702376,ZFP57
Hsapiens-HOCOMOCOv13-NR2F6.H13CORE.3.SM.B,13,409,1.14818699630553,0.642696670518997,0.941779013908666,NR2F6
Hsapiens-jaspar2016-PAX7-MA0680.1,13,410,1.14523526310642,0.643129461920015,0.941779013908666,PAX7
Hsapiens-jaspar2018-PAX7-MA0680.1,13,410,1.14523526310642,0.643129461920015,0.941779013908666,PAX7
Hsapiens-jolma2013-PAX7-2,13,410,1.14523526310642,0.643129461920015,0.941779013908666,PAX7
Hsapiens-HOCOMOCOv10-ETV1_HUMAN.H10MO.B,61,2082,1.06949250948637,0.643193834509051,0.941779013908666,ETV1
Hsapiens-HOCOMOCOv13-TEAD2.H13CORE.0.PSM.A,13,411,1.14229789173945,0.643583939704133,0.942165512671535,TEAD2
Hsapiens-HOCOMOCOv13-PAX6.H13CORE.0.PSM.A,6,180,1.20043223151375,0.643829819502579,0.942195213888563,PAX6
Hsapiens-HOCOMOCOv11-secondary-A-GCR_HUMAN.H11MO.1.A,23,759,1.09634383817742,0.643856523187472,0.942195213888563,GCR
Hsapiens-HOCOMOCOv13-SIX4.H13CORE.0.P.B,13,412,1.13937477760482,0.644059923521572,0.942308240701786,SIX4
Hsapiens-jaspar2024-KLF13-MA0657.2,23,760,1.09474859663082,0.644228587357234,0.942370411079354,KLF13
Hsapiens-HOCOMOCOv10-FOXH1_HUMAN.H10MO.A,13,413,1.13646581711572,0.644557230314646,0.942563377698095,FOXH1
Hsapiens-HOCOMOCOv13-PO3F1.H13CORE.3.M.C,23,761,1.09315755020047,0.644612897748275,0.942563377698095,PO3F1
Hsapiens-jaspar2024-PAX1-MA0779.2,6,181,1.19364756463119,0.644963204569049,0.94276118486118,PAX1
Hsapiens-jaspar2016-PAX1-MA0779.1,6,182,1.18693744840176,0.646137947324151,0.94276118486118,PAX1
Hsapiens-jaspar2018-PAX1-MA0779.1,6,182,1.18693744840176,0.646137947324151,0.94276118486118,PAX1
Hsapiens-jaspar2022-PAX1-MA0779.1,6,182,1.18693744840176,0.646137947324151,0.94276118486118,PAX1
Hsapiens-jolma2013-PAX1,6,182,1.18693744840176,0.646137947324151,0.94276118486118,PAX1
Hsapiens-SwissRegulon-PAX1.SwissRegulon,6,182,1.18693744840176,0.646137947324151,0.94276118486118,PAX1
Hsapiens-hPDI-BOLL,13,415,1.13068994771904,0.645615067496899,0.94276118486118,BOLL
Hsapiens-HOCOMOCOv10-ESX1_HUMAN.H10MO.D,19,769,0.875100239809598,0.645801340797364,0.94276118486118,ESX1
Hsapiens-HOCOMOCOv11-secondary-D-ESX1_HUMAN.H11MO.0.D,19,769,0.875100239809598,0.645801340797364,0.94276118486118,ESX1
Hsapiens-HOCOMOCOv13-RARA.H13CORE.0.PSM.A,19,770,0.873841921763979,0.645769340676674,0.94276118486118,RARA
Hsapiens-jolma2013-CDX2,19,773,0.870086473647579,0.645751100108924,0.94276118486118,CDX2
Hsapiens-jaspar2022-FOXA1-MA0148.4,19,782,0.858992766415594,0.646389078547878,0.94276118486118,FOXA1
Hsapiens-jaspar2024-ZNF766-MA2098.1,19,782,0.858992766415594,0.646389078547878,0.94276118486118,ZNF766
Hsapiens-jaspar2024-NKX2-8-MA0673.2,6,183,1.18030066049341,0.647353160806412,0.943251969191617,NKX2-8
Hsapiens-hPDI-MAP4K2,13,418,1.12212673650154,0.64735702156597,0.943251969191617,MAP4K2
Hsapiens-jaspar2024-MEIS3-MA0775.2,13,418,1.12212673650154,0.64735702156597,0.943251969191617,MEIS3
Hsapiens-SwissRegulon-MEIS2.SwissRegulon,13,418,1.12212673650154,0.64735702156597,0.943251969191617,MEIS2
Hsapiens-HOCOMOCOv11-secondary-D-VSX2_HUMAN.H11MO.0.D,24,781,1.11399151620082,0.647001173731877,0.943251969191617,VSX2
Hsapiens-hPDI-CEBPG,58,2210,0.92000241651973,0.648431401415136,0.944633145537284,CEBPG
Hsapiens-HOCOMOCOv11-core-A-BMAL1_HUMAN.H11MO.0.A,13,420,1.11648404643669,0.648619509483952,0.944722916602113,BMAL1
Hsapiens-HOCOMOCOv11-core-B-NFAC1_HUMAN.H11MO.0.B,59,2236,0.926447273396585,0.650185385286813,0.946818998383156,NFAC1
Hsapiens-HOCOMOCOv11-secondary-C-ZN341_HUMAN.H11MO.1.C,24,794,1.09383344287163,0.650344179114057,0.946865628421616,ZN341
Hsapiens-HOCOMOCOv10-NKX21_HUMAN.H10MO.D,13,423,1.10811998198104,0.650660999439155,0.947142273399152,NKX21
Hsapiens-HOCOMOCOv13-ZFAT.H13CORE.0.PSGI.A,6,187,1.15446325952296,0.652600972876999,0.947447998948875,ZFAT
Hsapiens-jaspar2022-PITX2-MA1547.2,13,425,1.10260951258188,0.652118093818454,0.947447998948875,PITX2
Hsapiens-jaspar2024-PITX2-MA1547.2,13,425,1.10260951258188,0.652118093818454,0.947447998948875,PITX2
Hsapiens-HOCOMOCOv11-secondary-D-ZN418_HUMAN.H11MO.1.D,20,804,0.881108567407016,0.652452786996631,0.947447998948875,ZN418
Hsapiens-HOCOMOCOv10-VSX1_HUMAN.H10MO.D,20,810,0.873846630723273,0.652388594353906,0.947447998948875,VSX1
Hsapiens-HOCOMOCOv11-secondary-D-VSX1_HUMAN.H11MO.0.D,20,810,0.873846630723273,0.652388594353906,0.947447998948875,VSX1
Hsapiens-SwissRegulon-GFI1B.SwissRegulon,20,813,0.870255792272297,0.652520925962333,0.947447998948875,GFI1B
Hsapiens-jaspar2022-ARNT2-MA1464.1,10,429,0.827955115805183,0.652393844719618,0.947447998948875,ARNT2
Hsapiens-HOCOMOCOv13-SMAD4.H13CORE.0.P.B,10,431,0.823894191210811,0.65235752330811,0.947447998948875,SMAD4
Hsapiens-jaspar2024-NKX6-3-MA1530.2,10,431,0.823894191210811,0.65235752330811,0.947447998948875,NKX6-3
Hsapiens-HOCOMOCOv13-BHE40.H13CORE.1.S.C,10,433,0.81987076725661,0.652408494223492,0.947447998948875,BHE40
Hsapiens-HOCOMOCOv13-HXC10.H13CORE.1.S.B,10,434,0.817872956048286,0.652466477246421,0.947447998948875,HXC10
Hsapiens-jolma2013-TBX4-2,10,434,0.817872956048286,0.652466477246421,0.947447998948875,TBX4
Hsapiens-HOCOMOCOv10-GATA1_HUMAN.H10MO.S,10,436,0.813904816425841,0.652646934608644,0.947447998948875,GATA1
Hsapiens-SwissRegulon-NKX2-2.SwissRegulon,25,820,1.10478784057669,0.654126540965891,0.948614226427961,NKX2-2
Hsapiens-HOCOMOCOv13-ZNF568.H13CORE.0.SG.A,10,442,0.802215784199973,0.653696337724071,0.948614226427961,ZNF568
Hsapiens-hPDI-JDP2,10,443,0.800298384735351,0.653944092058154,0.948614226427961,JDP2
Hsapiens-cisbp_1.02-M5290_1.02,10,444,0.798389619056171,0.654212328334506,0.948614226427961,ARNTL
Hsapiens-HOCOMOCOv13-HXA10.H13CORE.0.S.B,10,444,0.798389619056171,0.654212328334506,0.948614226427961,HXA10
Hsapiens-jolma2013-ARNTL,10,444,0.798389619056171,0.654212328334506,0.948614226427961,ARNTL
Hsapiens-jaspar2022-ZNF549-MA1728.1,25,823,1.10029650018573,0.654791849638192,0.948842111761546,ZNF549
Hsapiens-cisbp_1.02-M6353_1.02,41,1388,1.07238070177544,0.655131713797602,0.948842111761546,MYF6
Hsapiens-HOCOMOCOv10-MYF6_HUMAN.H10MO.C,41,1388,1.07238070177544,0.655131713797602,0.948842111761546,MYF6
Hsapiens-HOCOMOCOv11-core-C-MYF6_HUMAN.H11MO.0.C,41,1388,1.07238070177544,0.655131713797602,0.948842111761546,MYF6
Hsapiens-hPDI-UTP18,62,2350,0.924898028604035,0.654561220950959,0.948842111761546,UTP18
Hsapiens-HOCOMOCOv11-core-A-ZN143_HUMAN.H11MO.0.A,36,1396,0.909950122501064,0.655110932516246,0.948842111761546,ZN143
Hsapiens-HOCOMOCOv13-GLIS1.H13CORE.1.P.B,25,825,1.0973204268007,0.65529279918889,0.948891414723114,GLIS1
Hsapiens-jaspar2024-DMRT3-MA0610.2,6,189,1.14195463326525,0.655444645955257,0.948927323248655,DMRT3
Hsapiens-jaspar2022-SMAD2-MA1964.1,14,445,1.13649742388527,0.655856039925286,0.94933890740348,SMAD2
Hsapiens-jaspar2024-SOHLH2-MA1560.2,2,54,1.33075288502974,0.664786479526142,0.950750505314779,SOHLH2
Hsapiens-jaspar2022-ZNF274-MA1592.1,15,479,1.13156481278795,0.666900529518409,0.950750505314779,ZNF274
Hsapiens-SwissRegulon-TBP.SwissRegulon,15,479,1.13156481278795,0.666900529518409,0.950750505314779,TBP
Hsapiens-HOCOMOCOv13-MEOX1.H13CORE.0.SM.B,6,192,1.12368025181012,0.659965013074316,0.950750505314779,MEOX1
Hsapiens-HOCOMOCOv13-HESX1.H13CORE.0.SM.B,14,453,1.11523160616214,0.659499806557825,0.950750505314779,HESX1
Hsapiens-HOCOMOCOv13-HSF2.H13CORE.0.PSM.A,14,453,1.11523160616214,0.659499806557825,0.950750505314779,HSF2
Hsapiens-HOCOMOCOv13-CAMTA1.H13CORE.0.PSGI.A,14,454,1.11262551165058,0.660039798409374,0.950750505314779,CAMTA1
Hsapiens-cisbp_1.02-M5921_1.02,14,455,1.11003086604999,0.660598034648846,0.950750505314779,TFAP2C
Hsapiens-cisbp_1.02-M4543_1.02,14,456,1.10744759568068,0.661174348228512,0.950750505314779,MXI1
Hsapiens-jaspar2022-ZNF85-MA1720.1,26,853,1.10503126295954,0.659709840011616,0.950750505314779,ZNF85
Hsapiens-JASPAR_CORE-HNF1B-MA0153.1,14,457,1.10487562752673,0.661768570191348,0.950750505314779,HNF1B
Hsapiens-HOCOMOCOv10-NANOG_HUMAN.H10MO.S,14,458,1.1023148892282,0.662380529728239,0.950750505314779,NANOG
Hsapiens-HOCOMOCOv13-ZN154.H13CORE.0.P.C,14,459,1.09976530907351,0.663010054235049,0.950750505314779,ZN154
Hsapiens-jolma2013-PITX1-2,14,459,1.09976530907351,0.663010054235049,0.950750505314779,PITX1
Hsapiens-HOCOMOCOv13-ASCL1.H13CORE.0.PSM.A,26,857,1.09925249985089,0.660445518303677,0.950750505314779,ASCL1
Hsapiens-jaspar2016-TFAP2C(var.2)-MA0814.1,14,461,1.0946993395462,0.664321099108276,0.950750505314779,TFAP2C(var.2)
Hsapiens-jaspar2018-TFAP2C(var.2)-MA0814.1,14,461,1.0946993395462,0.664321099108276,0.950750505314779,TFAP2C(var.2)
Hsapiens-jolma2013-TFAP2C-2,14,461,1.0946993395462,0.664321099108276,0.950750505314779,TFAP2C
Hsapiens-HOCOMOCOv13-NFAC1.H13CORE.1.PS.A,26,863,1.0907574583544,0.661877346061703,0.950750505314779,NFAC1
Hsapiens-HOCOMOCOv11-core-A-FOXA2_HUMAN.H11MO.0.A,26,863,1.0907574583544,0.661877346061703,0.950750505314779,FOXA2
Hsapiens-HOCOMOCOv10-ZBT7B_HUMAN.H10MO.D,27,897,1.09011429111574,0.667048810669396,0.950750505314779,ZBT7B
Hsapiens-HOCOMOCOv11-secondary-D-ZBT7B_HUMAN.H11MO.0.D,27,897,1.09011429111574,0.667048810669396,0.950750505314779,ZBT7B
Hsapiens-HOCOMOCOv13-ZN224.H13CORE.0.P.B,26,866,1.08651762259214,0.662738413742419,0.950750505314779,ZN224
Hsapiens-jolma2013-HOXC11-2,26,871,1.07951620791005,0.664384071663365,0.950750505314779,HOXC11
Hsapiens-HOCOMOCOv10-PRDM1_HUMAN.H10MO.C,43,1450,1.07835915806713,0.659692597042356,0.950750505314779,PRDM1
Hsapiens-HOCOMOCOv13-PRDM1.H13CORE.1.PS.A,42,1417,1.077257033159,0.657010573950463,0.950750505314779,PRDM1
Hsapiens-hPDI-ABCF2,73,2502,1.06856039253797,0.660435196247658,0.950750505314779,ABCF2
Hsapiens-jaspar2016-FOXC2-MA0846.1,37,1430,0.913169747808645,0.658364937487325,0.950750505314779,FOXC2
Hsapiens-jaspar2018-FOXC2-MA0846.1,37,1430,0.913169747808645,0.658364937487325,0.950750505314779,FOXC2
Hsapiens-jaspar2022-FOXC2-MA0846.1,37,1430,0.913169747808645,0.658364937487325,0.950750505314779,FOXC2
Hsapiens-jolma2013-FOXC2-3,37,1430,0.913169747808645,0.658364937487325,0.950750505314779,FOXC2
Hsapiens-SwissRegulon-FOXC2.SwissRegulon,37,1430,0.913169747808645,0.658364937487325,0.950750505314779,FOXC2
Hsapiens-HOCOMOCOv11-core-A-MEF2D_HUMAN.H11MO.0.A,37,1447,0.900080571791126,0.658673084557285,0.950750505314779,MEF2D
Hsapiens-HOCOMOCOv10-PO6F1_HUMAN.H10MO.D,21,841,0.884263457107124,0.658596174851293,0.950750505314779,PO6F1
Hsapiens-HOCOMOCOv11-secondary-D-PO6F1_HUMAN.H11MO.0.D,21,841,0.884263457107124,0.658596174851293,0.950750505314779,PO6F1
Hsapiens-HOCOMOCOv10-DMBX1_HUMAN.H10MO.D,22,882,0.882608854892,0.664387661814524,0.950750505314779,DMBX1
Hsapiens-HOCOMOCOv11-secondary-D-DMBX1_HUMAN.H11MO.0.D,22,882,0.882608854892,0.664387661814524,0.950750505314779,DMBX1
Hsapiens-HOCOMOCOv10-COT2_HUMAN.H10MO.S,21,847,0.877257418442528,0.658611838957024,0.950750505314779,COT2
Hsapiens-jolma2013-TBX21-2,11,465,0.840185378557195,0.664404520135738,0.950750505314779,TBX21
Hsapiens-cisbp_1.02-M6316_1.02,11,467,0.836363822043973,0.664374498195863,0.950750505314779,TCF4
Hsapiens-HOCOMOCOv10-ITF2_HUMAN.H10MO.B,11,467,0.836363822043973,0.664374498195863,0.950750505314779,ITF2
Hsapiens-SwissRegulon-TCF4.SwissRegulon,11,467,0.836363822043973,0.664374498195863,0.950750505314779,TCF4
Hsapiens-HOCOMOCOv10-ESR1_HUMAN.H10MO.A,11,470,0.830692443075267,0.664476415206186,0.950750505314779,ESR1
Hsapiens-jaspar2024-HNF4A-MA1494.2,11,470,0.830692443075267,0.664476415206186,0.950750505314779,HNF4A
Hsapiens-jaspar2018-FOSB::JUNB(var.2)-MA1136.1,11,473,0.825092974260769,0.664752713743955,0.950750505314779,FOSB::JUNB(var.2)
Hsapiens-jaspar2022-FOSB::JUNB-MA1136.1,11,473,0.825092974260769,0.664752713743955,0.950750505314779,FOSB::JUNB
Hsapiens-jaspar2024-FOSB::JUNB-MA1136.1,11,473,0.825092974260769,0.664752713743955,0.950750505314779,FOSB::JUNB
Hsapiens-HOCOMOCOv13-TGIF2.H13CORE.1.PSM.A,11,474,0.823242228764562,0.664883154075226,0.950750505314779,TGIF2
Hsapiens-HOCOMOCOv10-GATA4_HUMAN.H10MO.B,11,475,0.821399272482103,0.665032608969134,0.950750505314779,GATA4
Hsapiens-HOCOMOCOv10-GCR_HUMAN.H10MO.A,11,475,0.821399272482103,0.665032608969134,0.950750505314779,GCR
Hsapiens-jaspar2016-NKX6-2-MA0675.1,11,479,0.814104364074492,0.665818584530222,0.950750505314779,NKX6-2
Hsapiens-jaspar2018-NKX6-2-MA0675.1,11,479,0.814104364074492,0.665818584530222,0.950750505314779,NKX6-2
Hsapiens-jaspar2022-NKX6-2-MA0675.1,11,479,0.814104364074492,0.665818584530222,0.950750505314779,NKX6-2
Hsapiens-jolma2013-NKX6-2-2,11,479,0.814104364074492,0.665818584530222,0.950750505314779,NKX6-2
Hsapiens-JASPAR_CORE-NFE2L2-MA0150.1,11,480,0.812299625854284,0.666061597534844,0.950750505314779,NFE2L2
Hsapiens-jaspar2016-NFE2L2-MA0150.1,11,480,0.812299625854284,0.666061597534844,0.950750505314779,NFE2L2
Hsapiens-jaspar2018-NFE2L2-MA0150.1,11,480,0.812299625854284,0.666061597534844,0.950750505314779,NFE2L2
Hsapiens-SwissRegulon-NFE2L2.SwissRegulon,11,480,0.812299625854284,0.666061597534844,0.950750505314779,NFE2L2
Hsapiens-jaspar2016-TCF3-MA0522.2,11,481,0.810502388465551,0.666323001490004,0.950750505314779,TCF3
Hsapiens-jaspar2018-TCF3-MA0522.2,11,481,0.810502388465551,0.666323001490004,0.950750505314779,TCF3
Hsapiens-jolma2013-TCF3,11,481,0.810502388465551,0.666323001490004,0.950750505314779,TCF3
Hsapiens-HOCOMOCOv13-EVX2.H13CORE.0.SM.B,4,199,0.715524998123076,0.663202030132737,0.950750505314779,EVX2
Hsapiens-jaspar2024-GRHL1-MA0647.2,4,199,0.715524998123076,0.663202030132737,0.950750505314779,GRHL1
Hsapiens-HOCOMOCOv10-HXA7_HUMAN.H10MO.D,4,203,0.701065207410904,0.663841225172715,0.950750505314779,HXA7
Hsapiens-HOCOMOCOv11-secondary-D-HXA7_HUMAN.H11MO.0.D,4,203,0.701065207410904,0.663841225172715,0.950750505314779,HXA7
Hsapiens-jaspar2016-TP63-MA0525.2,4,204,0.697538851597388,0.664109293747073,0.950750505314779,TP63
Hsapiens-jaspar2018-TP63-MA0525.2,4,204,0.697538851597388,0.664109293747073,0.950750505314779,TP63
Hsapiens-jaspar2022-TP63-MA0525.2,4,204,0.697538851597388,0.664109293747073,0.950750505314779,TP63
Hsapiens-jaspar2024-TP63-MA0525.2,4,204,0.697538851597388,0.664109293747073,0.950750505314779,TP63
Hsapiens-jolma2013-TP63,4,204,0.697538851597388,0.664109293747073,0.950750505314779,TP63
Hsapiens-HOCOMOCOv13-EVX1.H13CORE.0.SM.B,4,205,0.694046895476799,0.664419689180187,0.950750505314779,EVX1
Hsapiens-jaspar2022-HES6-MA1493.1,4,205,0.694046895476799,0.664419689180187,0.950750505314779,HES6
Hsapiens-jaspar2024-HES6-MA1493.1,4,205,0.694046895476799,0.664419689180187,0.950750505314779,HES6
Hsapiens-HOCOMOCOv13-OSR1.H13CORE.0.SM.B,4,208,0.683772464339568,0.665599726979777,0.950750505314779,OSR1
Hsapiens-jaspar2024-NR3C2-MA0727.2,4,209,0.680413193524246,0.66607427906412,0.950750505314779,NR3C2
Hsapiens-jolma2013-RXRG-2,4,210,0.677085912344234,0.666588542948232,0.950750505314779,RXRG
Hsapiens-HOCOMOCOv13-SOX10.H13CORE.2.S.C,4,211,0.673790166020379,0.667141973270151,0.950750505314779,SOX10
Hsapiens-JASPAR_CORE-NKX3-1-MA0124.1,4,211,0.673790166020379,0.667141973270151,0.950750505314779,NKX3-1
Hsapiens-JASPAR_2014-NKX3-1-MA0124.1,4,211,0.673790166020379,0.667141973270151,0.950750505314779,NKX3-1
Hsapiens-jaspar2016-NKX3-1-MA0124.1,4,211,0.673790166020379,0.667141973270151,0.950750505314779,NKX3-1
Hsapiens-jaspar2018-NKX3-1-MA0124.1,4,211,0.673790166020379,0.667141973270151,0.950750505314779,NKX3-1
Hsapiens-HOCOMOCOv10-PITX1_HUMAN.H10MO.D,27,899,1.08738003387105,0.667546023723076,0.951144839982384,PITX1
Hsapiens-HOCOMOCOv10-HES7_HUMAN.H10MO.D,7,212,1.18972549416795,0.66973623256583,0.951911176169009,HES7
Hsapiens-HOCOMOCOv11-secondary-D-HES7_HUMAN.H11MO.0.D,7,212,1.18972549416795,0.66973623256583,0.951911176169009,HES7
Hsapiens-jaspar2022-HOXA2-MA0900.2,7,213,1.18398793691111,0.670477100996339,0.951911176169009,HOXA2
Hsapiens-HOCOMOCOv13-ZBTB8B.H13CORE.0.PSGI.A,7,214,1.17830399691134,0.671253740933081,0.951911176169009,ZBTB8B
Hsapiens-HOCOMOCOv13-NFIX.H13CORE.1.S.B,7,214,1.17830399691134,0.671253740933081,0.951911176169009,NFIX
Hsapiens-cisbp_1.02-M5319_1.02,7,215,1.17267292588046,0.67206556966503,0.951911176169009,CEBPG
Hsapiens-jolma2013-CEBPG-2,7,215,1.17267292588046,0.67206556966503,0.951911176169009,CEBPG
Hsapiens-cisbp_1.02-M5314_1.02,7,218,1.15608965016065,0.674706306026459,0.951911176169009,CEBPB
Hsapiens-jaspar2016-CEBPB-MA0466.2,7,218,1.15608965016065,0.674706306026459,0.951911176169009,CEBPB
Hsapiens-jaspar2018-CEBPB-MA0466.2,7,218,1.15608965016065,0.674706306026459,0.951911176169009,CEBPB
Hsapiens-jolma2013-CEBPB,7,218,1.15608965016065,0.674706306026459,0.951911176169009,CEBPB
Hsapiens-HOCOMOCOv10-HLF_HUMAN.H10MO.C,7,219,1.15066284448561,0.675652991290949,0.951911176169009,HLF
Hsapiens-HOCOMOCOv11-core-C-HLF_HUMAN.H11MO.0.C,7,219,1.15066284448561,0.675652991290949,0.951911176169009,HLF
Hsapiens-jolma2013-RXRA-2,7,219,1.15066284448561,0.675652991290949,0.951911176169009,RXRA
Hsapiens-HOCOMOCOv13-SIX1.H13CORE.0.P.B,15,486,1.11421428845547,0.669483895394469,0.951911176169009,SIX1
Hsapiens-HOCOMOCOv13-SIX2.H13CORE.0.P.B,15,486,1.11421428845547,0.669483895394469,0.951911176169009,SIX2
Hsapiens-SwissRegulon-SMAD4.SwissRegulon,15,486,1.11421428845547,0.669483895394469,0.951911176169009,SMAD4
Hsapiens-jaspar2024-TBX21-MA0690.3,15,488,1.1093483484235,0.670378419890888,0.951911176169009,TBX21
Hsapiens-jolma2013-ESRRG,15,489,1.10693029890591,0.670851091664308,0.951911176169009,ESRRG
Hsapiens-HOCOMOCOv13-NR1I3.H13CORE.1.PSM.A,15,491,1.10212374359117,0.671846565035254,0.951911176169009,NR1I3
Hsapiens-jolma2013-HMX2,15,492,1.09973512037321,0.672369085550089,0.951911176169009,HMX2
Hsapiens-HOCOMOCOv10-ZN232_HUMAN.H10MO.D,15,493,1.09735618931608,0.672907938341338,0.951911176169009,ZN232
Hsapiens-HOCOMOCOv11-secondary-D-ZN232_HUMAN.H11MO.0.D,15,493,1.09735618931608,0.672907938341338,0.951911176169009,ZN232
Hsapiens-jaspar2022-FOXN3-MA1489.1,15,494,1.09498689292409,0.67346297860476,0.951911176169009,FOXN3
Hsapiens-jaspar2024-FOXN3-MA1489.1,15,494,1.09498689292409,0.67346297860476,0.951911176169009,FOXN3
Hsapiens-cisbp_1.02-M4464_1.02,15,495,1.09262717417803,0.674034059913883,0.951911176169009,JUND
Hsapiens-jaspar2022-CREB3L4-MA1475.1,15,495,1.09262717417803,0.674034059913883,0.951911176169009,CREB3L4
Hsapiens-jaspar2022-MAFG::NFE2L1-MA0089.2,15,496,1.09027697653001,0.674621034266005,0.951911176169009,MAFG::NFE2L1
Hsapiens-SwissRegulon-RXRG.SwissRegulon,15,496,1.09027697653001,0.674621034266005,0.951911176169009,RXRG
Hsapiens-SwissRegulon-NKX6-2.SwissRegulon,47,1596,1.07075330688484,0.671413508870384,0.951911176169009,NKX6-2
Hsapiens-jaspar2022-HOXB13-MA0901.2,47,1598,1.06907685479429,0.671721919751962,0.951911176169009,HOXB13
Hsapiens-HOCOMOCOv10-EVX1_HUMAN.H10MO.D,47,1600,1.06740459923567,0.672056002266406,0.951911176169009,EVX1
Hsapiens-HOCOMOCOv13-Z585A.H13CORE.0.P.C,86,2970,1.06221673592473,0.673395762456777,0.951911176169009,Z585A
Hsapiens-jolma2013-SP1,86,2970,1.06221673592473,0.673395762456777,0.951911176169009,SP1
Hsapiens-hPDI-CANX,141,5168,0.940102173913355,0.669215807997709,0.951911176169009,CANX
Hsapiens-SwissRegulon-ARID3A.SwissRegulon,74,2779,0.931992246446107,0.668596151546351,0.951911176169009,ARID3A
Hsapiens-hPDI-DUS3L,175,6369,0.929533895348845,0.670643469850664,0.951911176169009,DUS3L
Hsapiens-jaspar2022-ZNF354A-MA1978.1,42,1625,0.909508017653857,0.672647667337957,0.951911176169009,ZNF354A
Hsapiens-HOCOMOCOv11-core-C-RORA_HUMAN.H11MO.0.C,23,914,0.890850101703715,0.669828157132321,0.951911176169009,RORA
Hsapiens-HOCOMOCOv10-PIT1_HUMAN.H10MO.C,23,916,0.888651916321876,0.669816450086417,0.951911176169009,PIT1
Hsapiens-HOCOMOCOv11-core-C-PIT1_HUMAN.H11MO.0.C,23,916,0.888651916321876,0.669816450086417,0.951911176169009,PIT1
Hsapiens-HOCOMOCOv13-SMAD3.H13CORE.2.P.C,24,959,0.884745003519157,0.675239107645227,0.951911176169009,SMAD3
Hsapiens-jaspar2022-NFYC-MA1644.1,24,959,0.884745003519157,0.675239107645227,0.951911176169009,NFYC
Hsapiens-hPDI-DHX36,23,920,0.88428415161331,0.66991826740642,0.951911176169009,DHX36
Hsapiens-jaspar2022-OTX2-MA0712.2,24,961,0.882650552687435,0.67540826459264,0.951911176169009,OTX2
Hsapiens-HOCOMOCOv11-core-B-MYOG_HUMAN.H11MO.0.B,24,962,0.881606584565647,0.675507512385875,0.951911176169009,MYOG
Hsapiens-HOCOMOCOv11-core-C-ZN680_HUMAN.H11MO.0.C,23,927,0.876731054738869,0.670494486127174,0.951911176169009,ZN680
Hsapiens-jolma2013-ESRRG-2,12,500,0.852463903844175,0.675182366279141,0.951911176169009,ESRRG
Hsapiens-jaspar2018-FOS::JUN(var.2)-MA1126.1,12,501,0.850648271697727,0.67514332548022,0.951911176169009,FOS::JUN(var.2)
Hsapiens-jaspar2022-FOS::JUN-MA1126.1,12,501,0.850648271697727,0.67514332548022,0.951911176169009,FOS::JUN
Hsapiens-HOCOMOCOv13-BACH1.H13CORE.0.P.B,12,504,0.845244582361493,0.675133385018391,0.951911176169009,BACH1
Hsapiens-jolma2013-TBX20-3,12,504,0.845244582361493,0.675133385018391,0.951911176169009,TBX20
Hsapiens-HOCOMOCOv13-RORB.H13CORE.0.SM.B,12,505,0.843457612397726,0.6751655885199,0.951911176169009,RORB
Hsapiens-HOCOMOCOv10-RFX1_HUMAN.H10MO.C,12,505,0.843457612397726,0.6751655885199,0.951911176169009,RFX1
Hsapiens-HOCOMOCOv13-MLX.H13CORE.1.SM.B,12,506,0.841677701909921,0.675215439018256,0.951911176169009,MLX
Hsapiens-hPDI-LARP1,12,506,0.841677701909921,0.675215439018256,0.951911176169009,LARP1
Hsapiens-HOCOMOCOv10-BATF_HUMAN.H10MO.A,12,511,0.832882591481238,0.675726839519689,0.951911176169009,BATF
Hsapiens-HOCOMOCOv13-ZNF606.H13CORE.0.PSG.A,12,512,0.831144172301627,0.675881004379267,0.951911176169009,ZNF606
Hsapiens-HOCOMOCOv13-NFIB.H13CORE.1.PS.A,12,513,0.829412527075556,0.676052271678172,0.951911176169009,NFIB
Hsapiens-HOCOMOCOv10-NR2C1_HUMAN.H10MO.C,12,513,0.829412527075556,0.676052271678172,0.951911176169009,NR2C1
Hsapiens-HOCOMOCOv11-core-C-NR2C1_HUMAN.H11MO.0.C,12,513,0.829412527075556,0.676052271678172,0.951911176169009,NR2C1
Hsapiens-HOCOMOCOv10-CREB3_HUMAN.H10MO.D,12,514,0.827687616278316,0.676240554391854,0.951911176169009,CREB3
Hsapiens-HOCOMOCOv11-secondary-D-CREB3_HUMAN.H11MO.0.D,12,514,0.827687616278316,0.676240554391854,0.951911176169009,CREB3
Hsapiens-jaspar2022-DMRTA1-MA1707.1,12,514,0.827687616278316,0.676240554391854,0.951911176169009,DMRTA1
Hsapiens-HOCOMOCOv13-MSGN1.H13CORE.0.PSM.A,7,220,1.14528536774635,0.676631901181827,0.952153702025887,MSGN1
Hsapiens-HOCOMOCOv13-ARGFX.H13CORE.0.SM.B,12,516,0.824257841402869,0.676667806982649,0.952153702025887,ARGFX
Hsapiens-HOCOMOCOv13-HAND2.H13CORE.2.S.C,16,515,1.12264361848346,0.677434001056204,0.953052279881106,HAND2
Hsapiens-cisbp_1.02-M6271_1.02,16,516,1.12031630557285,0.677722427828425,0.953099004603748,HES1
Hsapiens-HOCOMOCOv13-ATF4.H13CORE.2.SM.B,16,516,1.12031630557285,0.677722427828425,0.953099004603748,ATF4
Hsapiens-SwissRegulon-KLF8.SwissRegulon,16,517,1.11799798819062,0.678027201138133,0.953348110937635,KLF8
Hsapiens-HOCOMOCOv13-HXD8.H13CORE.0.SM.B,7,222,1.13467573384002,0.678683990791966,0.953715056397041,HXD8
Hsapiens-hPDI-SPAG7,7,222,1.13467573384002,0.678683990791966,0.953715056397041,SPAG7
Hsapiens-cisbp_1.02-M5315_1.02,7,223,1.12944227294945,0.679755964283109,0.953715056397041,CEBPB
Hsapiens-cisbp_1.02-M5316_1.02,7,223,1.12944227294945,0.679755964283109,0.953715056397041,CEBPD
Hsapiens-jaspar2016-CEBPD-MA0836.1,7,223,1.12944227294945,0.679755964283109,0.953715056397041,CEBPD
Hsapiens-jaspar2018-CEBPD-MA0836.1,7,223,1.12944227294945,0.679755964283109,0.953715056397041,CEBPD
Hsapiens-jolma2013-CEBPB-2,7,223,1.12944227294945,0.679755964283109,0.953715056397041,CEBPB
Hsapiens-jolma2013-CEBPD,7,223,1.12944227294945,0.679755964283109,0.953715056397041,CEBPD
Hsapiens-SwissRegulon-CEBPD.SwissRegulon,7,223,1.12944227294945,0.679755964283109,0.953715056397041,CEBPD
Hsapiens-SwissRegulon-HLF.SwissRegulon,7,223,1.12944227294945,0.679755964283109,0.953715056397041,HLF
Hsapiens-jaspar2022-TBX3-MA1566.2,16,521,1.10881365858224,0.679407658226886,0.953715056397041,TBX3
Hsapiens-HOCOMOCOv13-ZN33B.H13CORE.0.P.C,25,989,0.894341771050793,0.679820452571676,0.953715056397041,ZN33B
Hsapiens-jaspar2024-ZSCAN21-MA2336.1,16,523,1.10427415814811,0.680193181846315,0.953879623584328,ZSCAN21
Hsapiens-HOCOMOCOv13-ZN350.H13CORE.0.P.B,25,996,0.887161193482152,0.680163212810473,0.953879623584328,ZN350
Hsapiens-HOCOMOCOv13-ZSC23.H13CORE.0.M.C,8,247,1.16717786828676,0.692546909171423,0.954191727176814,ZSC23
Hsapiens-HOCOMOCOv10-TBX19_HUMAN.H10MO.D,8,247,1.16717786828676,0.692546909171423,0.954191727176814,TBX19
Hsapiens-HOCOMOCOv11-secondary-D-TBX19_HUMAN.H11MO.0.D,8,247,1.16717786828676,0.692546909171423,0.954191727176814,TBX19
Hsapiens-hPDI-ZBED1,8,249,1.15750412149485,0.693711060751944,0.954191727176814,ZBED1
Hsapiens-hPDI-ZNF76,8,249,1.15750412149485,0.693711060751944,0.954191727176814,ZNF76
Hsapiens-cisbp_1.02-M6139_1.02,8,251,1.1479845210383,0.694992712368864,0.954191727176814,AHR
Hsapiens-jaspar2024-GATA1-MA0035.5,8,251,1.1479845210383,0.694992712368864,0.954191727176814,GATA1
Hsapiens-cisbp_1.02-M6277_1.02,7,225,1.1191148908965,0.681988743730715,0.954191727176814,HLF
Hsapiens-HOCOMOCOv13-NFAC4.H13CORE.1.SM.B,17,551,1.11489071647305,0.686934451093432,0.954191727176814,NFAC4
Hsapiens-HOCOMOCOv13-TEAD3.H13CORE.0.PS.A,17,551,1.11489071647305,0.686934451093432,0.954191727176814,TEAD3
Hsapiens-HOCOMOCOv10-FIGLA_HUMAN.H10MO.D,17,551,1.11489071647305,0.686934451093432,0.954191727176814,FIGLA
Hsapiens-HOCOMOCOv11-secondary-D-FIGLA_HUMAN.H11MO.0.D,17,551,1.11489071647305,0.686934451093432,0.954191727176814,FIGLA
Hsapiens-HOCOMOCOv11-core-B-NR5A2_HUMAN.H11MO.0.B,17,552,1.11271971944258,0.687199678226371,0.954191727176814,NR5A2
Hsapiens-HOCOMOCOv13-GSC.H13CORE.0.SM.B,7,227,1.10896891338968,0.684335924361914,0.954191727176814,GSC
Hsapiens-cisbp_1.02-M6319_1.02,17,554,1.1084012288392,0.687775036101908,0.954191727176814,JUN
Hsapiens-HOCOMOCOv11-core-A-SRF_HUMAN.H11MO.0.A,16,524,1.10201740187003,0.680609374041746,0.954191727176814,SRF
Hsapiens-HOCOMOCOv11-secondary-D-NFIL3_HUMAN.H11MO.0.D,17,558,1.09985710633171,0.689102809484463,0.954191727176814,NFIL3
Hsapiens-HOCOMOCOv13-ZIC4.H13CORE.0.SM.B,16,525,1.09976924366118,0.681041032022838,0.954191727176814,ZIC4
Hsapiens-HOCOMOCOv13-HXD4.H13CORE.0.SM.B,7,229,1.09899246773322,0.6867926522966,0.954191727176814,HXD4
Hsapiens-HOCOMOCOv13-ZNF81.H13CORE.0.P.C,16,527,1.09529853004169,0.681950272001385,0.954191727176814,ZNF81
Hsapiens-HOCOMOCOv11-core-A-JUNB_HUMAN.H11MO.0.A,17,561,1.09352899003077,0.690250560176239,0.954191727176814,JUNB
Hsapiens-HOCOMOCOv13-NF2L1.H13CORE.0.P.B,16,528,1.093075879855,0.682427613324037,0.954191727176814,NF2L1
Hsapiens-HOCOMOCOv10-TCF7_HUMAN.H10MO.C,16,528,1.093075879855,0.682427613324037,0.954191727176814,TCF7
Hsapiens-HOCOMOCOv13-ZN713.H13CORE.0.SM.B,17,562,1.0914346393046,0.690661551425422,0.954191727176814,ZN713
Hsapiens-SwissRegulon-DBP.SwissRegulon,16,529,1.09086163817798,0.682919939157945,0.954191727176814,DBP
Hsapiens-HOCOMOCOv11-core-A-FOS_HUMAN.H11MO.0.A,17,563,1.08934773407769,0.691086575415821,0.954191727176814,FOS
Hsapiens-JASPAR_2014-TP63-MA0525.1,17,564,1.08726823566274,0.691525527336568,0.954191727176814,TP63
Hsapiens-jaspar2016-TP63-MA0525.1,17,564,1.08726823566274,0.691525527336568,0.954191727176814,TP63
Hsapiens-jaspar2018-TP63-MA0525.1,17,564,1.08726823566274,0.691525527336568,0.954191727176814,TP63
Hsapiens-HOCOMOCOv13-ZN524.H13CORE.0.S.B,16,531,1.08645819480674,0.683949046202614,0.954191727176814,ZN524
Hsapiens-HOCOMOCOv13-ZNF18.H13CORE.0.P.B,16,531,1.08645819480674,0.683949046202614,0.954191727176814,ZNF18
Hsapiens-HOCOMOCOv11-core-B-ZN322_HUMAN.H11MO.0.B,32,1069,1.08553323598139,0.689698761719785,0.954191727176814,ZN322
Hsapiens-cisbp_1.02-M3155_1.02,16,532,1.08426890123128,0.684485574706713,0.954191727176814,TCF3
Hsapiens-jaspar2022-ZBTB12-MA1649.1,16,532,1.08426890123128,0.684485574706713,0.954191727176814,ZBTB12
Hsapiens-cisbp_1.02-M5902_1.02,17,566,1.08313130591611,0.692444788807302,0.954191727176814,TCF4
Hsapiens-HOCOMOCOv11-core-C-RORG_HUMAN.H11MO.0.C,17,566,1.08313130591611,0.692444788807302,0.954191727176814,RORG
Hsapiens-jolma2013-TCF4-2,17,566,1.08313130591611,0.692444788807302,0.954191727176814,TCF4
Hsapiens-HOCOMOCOv13-ATF3.H13CORE.1.P.B,17,567,1.08114513634753,0.69292488191058,0.954191727176814,ATF3
Hsapiens-jaspar2024-STAT3-MA0144.3,31,1041,1.07860598352861,0.686725056318085,0.954191727176814,STAT3
Hsapiens-HOCOMOCOv13-PBX3.H13CORE.0.P.B,30,1008,1.0774859024869,0.682888329119852,0.954191727176814,PBX3
Hsapiens-SwissRegulon-ONECUT2.SwissRegulon,32,1076,1.07737307474983,0.690805138418281,0.954191727176814,ONECUT2
Hsapiens-HOCOMOCOv13-ZN322.H13CORE.0.P.C,32,1080,1.07275768388407,0.691620554573164,0.954191727176814,ZN322
Hsapiens-HOCOMOCOv11-secondary-D-ZN394_HUMAN.H11MO.1.D,32,1082,1.07046280562706,0.692077492430065,0.954191727176814,ZN394
Hsapiens-JASPAR_CORE-MZF1_1-4-MA0056.1,106,3687,1.05873927515919,0.682799996373174,0.954191727176814,MZF1_1-4
Hsapiens-JASPAR_2014-MZF1_1-4-MA0056.1,106,3687,1.05873927515919,0.682799996373174,0.954191727176814,MZF1_1-4
Hsapiens-jaspar2016-MZF1-MA0056.1,106,3687,1.05873927515919,0.682799996373174,0.954191727176814,MZF1
Hsapiens-jaspar2018-MZF1-MA0056.1,106,3687,1.05873927515919,0.682799996373174,0.954191727176814,MZF1
Hsapiens-hPDI-PLAGL1,51,1943,0.923450136429358,0.691938208983314,0.954191727176814,PLAGL1
Hsapiens-HOCOMOCOv11-core-A-ZFP42_HUMAN.H11MO.0.A,28,1096,0.903756272648629,0.692858700835255,0.954191727176814,ZFP42
Hsapiens-HOCOMOCOv13-FOXE1.H13CORE.0.SM.B,27,1066,0.895365991788666,0.68894347376125,0.954191727176814,FOXE1
Hsapiens-HOCOMOCOv13-IRF3.H13CORE.0.PS.A,27,1071,0.890537185251543,0.68935131580884,0.954191727176814,IRF3
Hsapiens-cisbp_1.02-M3090_1.02,14,572,0.869238491786011,0.693613485220485,0.954191727176814,CREB1
Hsapiens-jaspar2018-JUN::JUNB(var.2)-MA1133.1,14,572,0.869238491786011,0.693613485220485,0.954191727176814,JUN::JUNB(var.2)
Hsapiens-jaspar2022-JUN::JUNB-MA1133.1,14,572,0.869238491786011,0.693613485220485,0.954191727176814,JUN::JUNB
Hsapiens-HOCOMOCOv13-JUN.H13CORE.1.S.C,14,573,0.86760393818565,0.693583487707874,0.954191727176814,JUN
Hsapiens-jolma2013-RXRA-3,14,573,0.86760393818565,0.693583487707874,0.954191727176814,RXRA
Hsapiens-SwissRegulon-CREB5.SwissRegulon,14,573,0.86760393818565,0.693583487707874,0.954191727176814,CREB5
Hsapiens-jaspar2016-NKX6-1-MA0674.1,14,574,0.865975075868325,0.693568479176916,0.954191727176814,NKX6-1
Hsapiens-jaspar2018-NKX6-1-MA0674.1,14,574,0.865975075868325,0.693568479176916,0.954191727176814,NKX6-1
Hsapiens-jaspar2022-NKX6-1-MA0674.1,14,574,0.865975075868325,0.693568479176916,0.954191727176814,NKX6-1
Hsapiens-jolma2013-NKX6-1-2,14,574,0.865975075868325,0.693568479176916,0.954191727176814,NKX6-1
Hsapiens-SwissRegulon-SMAD2.SwissRegulon,14,574,0.865975075868325,0.693568479176916,0.954191727176814,SMAD2
Hsapiens-cisbp_1.02-M4550_1.02,14,576,0.862734306558554,0.69358324995585,0.954191727176814,USF2
Hsapiens-jaspar2024-CEBPG-MA1636.2,13,536,0.861419151619967,0.684849934332948,0.954191727176814,CEBPG
Hsapiens-hPDI-PURG,13,537,0.859699117271345,0.684815727395382,0.954191727176814,PURG
Hsapiens-jolma2013-HNF4A-4,13,537,0.859699117271345,0.684815727395382,0.954191727176814,HNF4A
Hsapiens-cisbp_1.02-M5323_1.02,14,581,0.854729927973035,0.693879147561,0.954191727176814,CREB3
Hsapiens-HOCOMOCOv13-TWST1.H13CORE.1.P.B,14,581,0.854729927973035,0.693879147561,0.954191727176814,TWST1
Hsapiens-HOCOMOCOv10-NR4A3_HUMAN.H10MO.D,14,581,0.854729927973035,0.693879147561,0.954191727176814,NR4A3
Hsapiens-HOCOMOCOv11-secondary-D-NR4A3_HUMAN.H11MO.0.D,14,581,0.854729927973035,0.693879147561,0.954191727176814,NR4A3
Hsapiens-HOCOMOCOv13-ZNF107.H13CORE.0.PSGI.A,14,582,0.853145544431619,0.69398229528861,0.954191727176814,ZNF107
Hsapiens-jaspar2016-RXRG-MA0856.1,14,582,0.853145544431619,0.69398229528861,0.954191727176814,RXRG
Hsapiens-jaspar2018-RXRG-MA0856.1,14,582,0.853145544431619,0.69398229528861,0.954191727176814,RXRG
Hsapiens-jaspar2022-RXRG-MA0856.1,14,582,0.853145544431619,0.69398229528861,0.954191727176814,RXRG
Hsapiens-jaspar2024-RXRG-MA0856.1,14,582,0.853145544431619,0.69398229528861,0.954191727176814,RXRG
Hsapiens-jolma2013-RXRG,14,582,0.853145544431619,0.69398229528861,0.954191727176814,RXRG
Hsapiens-jaspar2022-HNF4A-MA0114.4,14,583,0.851566592299634,0.694099964957152,0.954191727176814,HNF4A
Hsapiens-jolma2013-SOX15,14,584,0.84999304368607,0.694232095494556,0.954191727176814,SOX15
Hsapiens-HOCOMOCOv10-NR1I3_HUMAN.H10MO.C,14,585,0.848424870890538,0.694378624075515,0.954191727176814,NR1I3
Hsapiens-HOCOMOCOv11-core-C-NR1I3_HUMAN.H11MO.0.C,14,585,0.848424870890538,0.694378624075515,0.954191727176814,NR1I3
Hsapiens-HOCOMOCOv13-SMAD2.H13CORE.0.P.B,13,544,0.847835832620777,0.685030522812712,0.954191727176814,SMAD2
Hsapiens-hPDI-ZNF124,13,545,0.846165939752991,0.685125402983952,0.954191727176814,ZNF124
Hsapiens-jaspar2022-LMX1A-MA0702.2,13,545,0.846165939752991,0.685125402983952,0.954191727176814,LMX1A
Hsapiens-HOCOMOCOv10-EMX1_HUMAN.H10MO.D,14,587,0.845304542895359,0.694714615440239,0.954191727176814,EMX1
Hsapiens-HOCOMOCOv11-secondary-D-EMX1_HUMAN.H11MO.0.D,14,587,0.845304542895359,0.694714615440239,0.954191727176814,EMX1
Hsapiens-jolma2013-PRDM4,14,588,0.843752333233475,0.694903944017281,0.954191727176814,PRDM4
Hsapiens-SwissRegulon-PRDM4.SwissRegulon,14,588,0.843752333233475,0.694903944017281,0.954191727176814,PRDM4
Hsapiens-jaspar2016-FOXO3-MA0157.2,13,547,0.842844459805983,0.685362670317034,0.954191727176814,FOXO3
Hsapiens-jaspar2018-FOXO3-MA0157.2,13,547,0.842844459805983,0.685362670317034,0.954191727176814,FOXO3
Hsapiens-jolma2013-FOXO3-2,13,547,0.842844459805983,0.685362670317034,0.954191727176814,FOXO3
Hsapiens-jolma2013-SOX8-7,13,547,0.842844459805983,0.685362670317034,0.954191727176814,SOX8
Hsapiens-SwissRegulon-FOXO3.SwissRegulon,13,547,0.842844459805983,0.685362670317034,0.954191727176814,FOXO3
Hsapiens-cisbp_1.02-M4578_1.02,14,589,0.842205390461982,0.69510740227193,0.954191727176814,USF1
Hsapiens-hPDI-TAF1A,13,548,0.841192805939607,0.685504918245228,0.954191727176814,TAF1A
Hsapiens-HOCOMOCOv13-ZBT26.H13CORE.1.SM.B,13,550,0.837907505273911,0.685836279582035,0.954191727176814,ZBT26
Hsapiens-hPDI-INSM1,5,232,0.767438055603187,0.68786287223609,0.954191727176814,INSM1
Hsapiens-HOCOMOCOv13-CLOCK.H13CORE.1.PS.A,5,233,0.764045627919975,0.687830570152671,0.954191727176814,CLOCK
Hsapiens-HOCOMOCOv13-SMAD3.H13CORE.0.S.B,5,240,0.741090090775359,0.688599066784786,0.954191727176814,SMAD3
Hsapiens-jaspar2022-IRF6-MA1509.1,5,241,0.737919571808662,0.688847149641647,0.954191727176814,IRF6
Hsapiens-jaspar2024-IRF6-MA1509.1,5,241,0.737919571808662,0.688847149641647,0.954191727176814,IRF6
Hsapiens-HOCOMOCOv11-secondary-B-NKX61_HUMAN.H11MO.1.B,5,244,0.728563920838546,0.689791398257699,0.954191727176814,NKX61
Hsapiens-jaspar2024-RARG-MA1553.2,5,244,0.728563920838546,0.689791398257699,0.954191727176814,RARG
Hsapiens-jaspar2024-SOX12-MA1561.2,5,246,0.722453573411949,0.690583958052734,0.954191727176814,SOX12
Hsapiens-HOCOMOCOv13-ZN174.H13CORE.0.M.C,5,247,0.719435502081471,0.691028042488452,0.954191727176814,ZN174
Hsapiens-cisbp_1.02-M5608_1.02,5,248,0.7164417667757,0.691503488442434,0.954191727176814,MAFG
Hsapiens-jaspar2016-MAFG-MA0659.1,5,248,0.7164417667757,0.691503488442434,0.954191727176814,MAFG
Hsapiens-jaspar2018-MAFG-MA0659.1,5,248,0.7164417667757,0.691503488442434,0.954191727176814,MAFG
Hsapiens-jolma2013-MAFG,5,248,0.7164417667757,0.691503488442434,0.954191727176814,MAFG
Hsapiens-SwissRegulon-MAFG.SwissRegulon,5,248,0.7164417667757,0.691503488442434,0.954191727176814,MAFG
Hsapiens-jaspar2016-VENTX-MA0724.1,5,249,0.713472074328267,0.692009908218935,0.954191727176814,VENTX
Hsapiens-jaspar2018-VENTX-MA0724.1,5,249,0.713472074328267,0.692009908218935,0.954191727176814,VENTX
Hsapiens-jaspar2022-VENTX-MA0724.1,5,249,0.713472074328267,0.692009908218935,0.954191727176814,VENTX
Hsapiens-jaspar2024-VENTX-MA0724.1,5,249,0.713472074328267,0.692009908218935,0.954191727176814,VENTX
Hsapiens-jolma2013-VENTX,5,249,0.713472074328267,0.692009908218935,0.954191727176814,VENTX
Hsapiens-SwissRegulon-VENTX.SwissRegulon,5,249,0.713472074328267,0.692009908218935,0.954191727176814,VENTX
Hsapiens-HOCOMOCOv13-NR2F6.H13CORE.2.SM.B,18,588,1.10605573771081,0.695801834682367,0.954794029623847,NR2F6
Hsapiens-SwissRegulon-NR5A2.SwissRegulon,18,588,1.10605573771081,0.695801834682367,0.954794029623847,NR5A2
Hsapiens-SwissRegulon-SOX11.SwissRegulon,18,589,1.10402713036729,0.69606108327198,0.954974326039386,SOX11
Hsapiens-HOCOMOCOv13-ZNF358.H13CORE.0.SG.A,18,590,1.1020054000497,0.696334089481125,0.955173427793301,ZNF358
Hsapiens-hPDI-BAX,29,1135,0.903448401903996,0.696834469758386,0.955446957005892,BAX
Hsapiens-HOCOMOCOv10-FOXI1_HUMAN.H10MO.B,29,1137,0.901593913573677,0.696917260914192,0.955446957005892,FOXI1
Hsapiens-HOCOMOCOv11-core-B-FOXI1_HUMAN.H11MO.0.B,29,1137,0.901593913573677,0.696917260914192,0.955446957005892,FOXI1
Hsapiens-HOCOMOCOv13-PURB.H13CORE.0.B.B,18,593,1.09598113065776,0.697234855940662,0.955706944213764,PURB
Hsapiens-jaspar2022-EBF1-MA0154.4,18,595,1.09199871586747,0.697902666636371,0.956095931237537,EBF1
Hsapiens-jolma2013-HINFP1-2,18,595,1.09199871586747,0.697902666636371,0.956095931237537,HINFP1
Hsapiens-HOCOMOCOv13-ZN37A.H13CORE.0.P.B,34,1141,1.08067846153354,0.69768453841003,0.956095931237537,ZN37A
Hsapiens-jaspar2016-EMX1-MA0612.1,8,256,1.12483619449295,0.698689148423783,0.956646975174562,EMX1
Hsapiens-jaspar2018-EMX1-MA0612.1,8,256,1.12483619449295,0.698689148423783,0.956646975174562,EMX1
Hsapiens-HOCOMOCOv13-FOXA3.H13CORE.1.M.C,18,597,1.08804300315896,0.698623522097293,0.956646975174562,FOXA3
Hsapiens-jaspar2024-THRB-MA1575.2,8,259,1.11137549178794,0.701227634419632,0.956746961469369,THRB
Hsapiens-HOCOMOCOv10-PAX6_HUMAN.H10MO.D,8,260,1.10695430390493,0.702124647313472,0.956746961469369,PAX6
Hsapiens-HOCOMOCOv10-NR6A1_HUMAN.H10MO.B,18,600,1.08223041061822,0.699802714063652,0.956746961469369,NR6A1
Hsapiens-HOCOMOCOv11-core-B-NR6A1_HUMAN.H11MO.0.B,18,600,1.08223041061822,0.699802714063652,0.956746961469369,NR6A1
Hsapiens-HOCOMOCOv10-HMX2_HUMAN.H10MO.D,18,601,1.08028186567055,0.70022152230781,0.956746961469369,HMX2
Hsapiens-HOCOMOCOv11-secondary-D-HMX2_HUMAN.H11MO.0.D,18,601,1.08028186567055,0.70022152230781,0.956746961469369,HMX2
Hsapiens-SwissRegulon-HAND1.SwissRegulon,18,603,1.07640419435309,0.701097193030269,0.956746961469369,HAND1
Hsapiens-cisbp_1.02-M5918_1.02,18,604,1.07447500522452,0.701553863908064,0.956746961469369,TFAP2B
Hsapiens-HOCOMOCOv13-ZIC1.H13CORE.1.M.B,18,604,1.07447500522452,0.701553863908064,0.956746961469369,ZIC1
Hsapiens-jaspar2016-TFAP2B(var.2)-MA0812.1,18,604,1.07447500522452,0.701553863908064,0.956746961469369,TFAP2B(var.2)
Hsapiens-jaspar2018-TFAP2B(var.2)-MA0812.1,18,604,1.07447500522452,0.701553863908064,0.956746961469369,TFAP2B(var.2)
Hsapiens-jaspar2022-TFAP2B-MA0812.1,18,604,1.07447500522452,0.701553863908064,0.956746961469369,TFAP2B
Hsapiens-jolma2013-TFAP2B-2,18,604,1.07447500522452,0.701553863908064,0.956746961469369,TFAP2B
Hsapiens-jolma2013-RXRA,15,608,0.876123580343245,0.701602251979739,0.956746961469369,RXRA
Hsapiens-HOCOMOCOv11-core-A-TF7L2_HUMAN.H11MO.0.A,15,610,0.873013227383393,0.701563464183557,0.956746961469369,TF7L2
Hsapiens-HOCOMOCOv10-HXD13_HUMAN.H10MO.D,15,611,0.871465680534331,0.701564779963061,0.956746961469369,HXD13
Hsapiens-HOCOMOCOv10-SOX3_HUMAN.H10MO.D,15,611,0.871465680534331,0.701564779963061,0.956746961469369,SOX3
Hsapiens-HOCOMOCOv11-secondary-D-HXD13_HUMAN.H11MO.0.D,15,611,0.871465680534331,0.701564779963061,0.956746961469369,HXD13
Hsapiens-jaspar2022-TCF3-MA0522.3,15,611,0.871465680534331,0.701564779963061,0.956746961469369,TCF3
Hsapiens-HOCOMOCOv13-NFAC1.H13CORE.2.SM.B,15,613,0.868385721683766,0.701608630033692,0.956746961469369,NFAC1
Hsapiens-HOCOMOCOv13-SNAI2.H13CORE.0.PSM.A,15,617,0.862285656811101,0.701859973113365,0.956746961469369,SNAI2
Hsapiens-hPDI-RBMS1,15,619,0.859265164169235,0.702066703255307,0.956746961469369,RBMS1
Hsapiens-SwissRegulon-NR2F6.SwissRegulon,15,619,0.859265164169235,0.702066703255307,0.956746961469369,NR2F6
Hsapiens-hPDI-LARP4,15,620,0.857762219450889,0.702190153399648,0.956746961469369,LARP4
Hsapiens-HOCOMOCOv13-TFEB.H13CORE.1.P.C,15,622,0.854770815875556,0.702476949618158,0.956746961469369,TFEB
Hsapiens-jaspar2016-LMX1B-MA0703.1,15,622,0.854770815875556,0.702476949618158,0.956746961469369,LMX1B
Hsapiens-jaspar2018-LMX1B-MA0703.1,15,622,0.854770815875556,0.702476949618158,0.956746961469369,LMX1B
Hsapiens-jolma2013-LMX1B,15,622,0.854770815875556,0.702476949618158,0.956746961469369,LMX1B
Hsapiens-SwissRegulon-LMX1B.SwissRegulon,15,622,0.854770815875556,0.702476949618158,0.956746961469369,LMX1B
Hsapiens-hPDI-RFX3,15,624,0.851798572077862,0.702816556947917,0.957034979734548,RFX3
Hsapiens-SwissRegulon-STAT3.SwissRegulon,19,621,1.1059325750692,0.703006015364982,0.957118470426732,STAT3
Hsapiens-HOCOMOCOv11-core-C-FOXP2_HUMAN.H11MO.0.C,19,623,1.10208002697759,0.703423930048557,0.957125971620103,FOXP2
Hsapiens-HOCOMOCOv11-core-A-RUNX1_HUMAN.H11MO.0.A,19,624,1.1001630152859,0.703652257352522,0.957125971620103,RUNX1
Hsapiens-hPDI-POLE3,19,624,1.1001630152859,0.703652257352522,0.957125971620103,POLE3
Hsapiens-HOCOMOCOv10-PO3F3_HUMAN.H10MO.D,58,2187,0.933395136299997,0.703281899497297,0.957125971620103,PO3F3
Hsapiens-HOCOMOCOv11-secondary-D-PO3F3_HUMAN.H11MO.0.D,58,2187,0.933395136299997,0.703281899497297,0.957125971620103,PO3F3
Hsapiens-jaspar2016-GBX1-MA0889.1,8,263,1.09389239897655,0.704962119843363,0.957891966181611,GBX1
Hsapiens-jaspar2018-GBX1-MA0889.1,8,263,1.09389239897655,0.704962119843363,0.957891966181611,GBX1
Hsapiens-jaspar2022-GBX1-MA0889.1,8,263,1.09389239897655,0.704962119843363,0.957891966181611,GBX1
Hsapiens-jolma2013-GBX1,8,263,1.09389239897655,0.704962119843363,0.957891966181611,GBX1
Hsapiens-SwissRegulon-GBX1.SwissRegulon,8,263,1.09389239897655,0.704962119843363,0.957891966181611,GBX1
Hsapiens-hPDI-TPI1,19,629,1.09066942676625,0.704984889289104,0.957891966181611,TPI1
Hsapiens-jaspar2022-NFATC4-MA1525.2,20,657,1.10036947719424,0.710246924443987,0.957936840719127,NFATC4
Hsapiens-cisbp_1.02-M4500_1.02,20,658,1.09854592223405,0.710436335210732,0.957936840719127,ATF3
Hsapiens-HOCOMOCOv10-SOX8_HUMAN.H10MO.D,20,658,1.09854592223405,0.710436335210732,0.957936840719127,SOX8
Hsapiens-HOCOMOCOv11-secondary-D-SOX8_HUMAN.H11MO.0.D,20,658,1.09854592223405,0.710436335210732,0.957936840719127,SOX8
Hsapiens-HOCOMOCOv10-RELB_HUMAN.H10MO.C,20,659,1.09672790375666,0.710637802882091,0.957936840719127,RELB
Hsapiens-HOCOMOCOv11-core-C-RELB_HUMAN.H11MO.0.C,20,659,1.09672790375666,0.710637802882091,0.957936840719127,RELB
Hsapiens-HOCOMOCOv13-HXB3.H13CORE.0.S.B,8,264,1.08960441131188,0.705955288756969,0.957936840719127,HXB3
Hsapiens-jolma2013-FOXC1-2,19,630,1.08878880411516,0.705289120312374,0.957936840719127,FOXC1
Hsapiens-HOCOMOCOv13-ZKSCAN4.H13CORE.0.SG.A,8,265,1.08534880900734,0.706971394034978,0.957936840719127,ZKSCAN4
Hsapiens-HOCOMOCOv13-AP2E.H13CORE.0.SM.B,19,636,1.07770028001801,0.707372155186588,0.957936840719127,AP2E
Hsapiens-HOCOMOCOv13-CREB5.H13CORE.1.SM.B,19,637,1.07586060390727,0.70776153382394,0.957936840719127,CREB5
Hsapiens-HOCOMOCOv10-PITX3_HUMAN.H10MO.D,19,637,1.07586060390727,0.70776153382394,0.957936840719127,PITX3
Hsapiens-HOCOMOCOv11-secondary-D-PITX3_HUMAN.H11MO.0.D,19,637,1.07586060390727,0.70776153382394,0.957936840719127,PITX3
Hsapiens-jolma2013-LHX9-2,19,639,1.07219855701441,0.708575732708783,0.957936840719127,LHX9
Hsapiens-HOCOMOCOv10-ZN639_HUMAN.H10MO.D,68,2335,1.06351271131102,0.708793077355671,0.957936840719127,ZN639
Hsapiens-HOCOMOCOv13-FOXA1.H13CORE.1.S.C,33,1271,0.918801170988692,0.710661137290759,0.957936840719127,FOXA1
Hsapiens-SwissRegulon-NFYA.SwissRegulon,33,1275,0.915368619565673,0.710622494862307,0.957936840719127,NFYA
Hsapiens-HOCOMOCOv11-core-A-NFYC_HUMAN.H11MO.0.A,32,1242,0.910893623792421,0.707445114659545,0.957936840719127,NFYC
Hsapiens-HOCOMOCOv13-Z324A.H13CORE.0.P.B,16,643,0.883723957084124,0.708956890893206,0.957936840719127,Z324A
Hsapiens-jolma2013-NR2F1,16,648,0.876305106675387,0.708905550459188,0.957936840719127,NR2F1
Hsapiens-SwissRegulon-RUNX3.SwissRegulon,16,650,0.873369494458145,0.708974308476381,0.957936840719127,RUNX3
Hsapiens-HOCOMOCOv13-RXRG.H13CORE.1.SM.B,16,653,0.868999760999835,0.709172163115812,0.957936840719127,RXRG
Hsapiens-hPDI-PRDX5,16,660,0.858958055383437,0.710069626844124,0.957936840719127,PRDX5
Hsapiens-hPDI-TMSL3,16,660,0.858958055383437,0.710069626844124,0.957936840719127,TMSB4XP8
Hsapiens-hPDI-UQCRB,16,660,0.858958055383437,0.710069626844124,0.957936840719127,UQCRB
Hsapiens-jaspar2016-PROX1-MA0794.1,6,268,0.797175708698625,0.707615707913399,0.957936840719127,PROX1
Hsapiens-jaspar2018-PROX1-MA0794.1,6,268,0.797175708698625,0.707615707913399,0.957936840719127,PROX1
Hsapiens-jaspar2022-PROX1-MA0794.1,6,268,0.797175708698625,0.707615707913399,0.957936840719127,PROX1
Hsapiens-jaspar2024-PROX1-MA0794.1,6,268,0.797175708698625,0.707615707913399,0.957936840719127,PROX1
Hsapiens-jolma2013-PROX1,6,268,0.797175708698625,0.707615707913399,0.957936840719127,PROX1
Hsapiens-SwissRegulon-PROX1.SwissRegulon,6,268,0.797175708698625,0.707615707913399,0.957936840719127,PROX1
Hsapiens-cisbp_1.02-M5610_1.02,6,271,0.788043842516908,0.707629484086124,0.957936840719127,MAFK
Hsapiens-jolma2013-MAFK-2,6,271,0.788043842516908,0.707629484086124,0.957936840719127,MAFK
Hsapiens-jaspar2024-TWIST1-MA1123.3,6,272,0.78504464339376,0.707692681165648,0.957936840719127,TWIST1
Hsapiens-cisbp_1.02-M5306_1.02,6,275,0.776177897666472,0.708055015285896,0.957936840719127,BHLHE41
Hsapiens-SwissRegulon-E2F5.SwissRegulon,6,276,0.773265142937473,0.708232601804183,0.957936840719127,E2F5
Hsapiens-HOCOMOCOv10-E2F5_HUMAN.H10MO.B,6,277,0.770373415336086,0.708438191727693,0.957936840719127,E2F5
Hsapiens-HOCOMOCOv11-core-B-E2F5_HUMAN.H11MO.0.B,6,277,0.770373415336086,0.708438191727693,0.957936840719127,E2F5
Hsapiens-HOCOMOCOv10-HOMEZ_HUMAN.H10MO.D,6,278,0.767502487988363,0.708671536166597,0.957936840719127,HOMEZ
Hsapiens-HOCOMOCOv11-secondary-D-HOMEZ_HUMAN.H11MO.0.D,6,278,0.767502487988363,0.708671536166597,0.957936840719127,HOMEZ
Hsapiens-jolma2013-FOXG1-2,6,279,0.764652137272363,0.708932380881491,0.957936840719127,FOXG1
Hsapiens-HOCOMOCOv13-HXC4.H13CORE.0.SM.B,6,281,0.759012287160702,0.709535528472733,0.957936840719127,HXC4
Hsapiens-jolma2013-BHLHB3,6,283,0.753452138890284,0.710245500163318,0.957936840719127,BHLHB3
Hsapiens-cisbp_1.02-M5309_1.02,6,284,0.750701426828584,0.710639857525211,0.957936840719127,BHLHE41
Hsapiens-jaspar2022-FOXA3-MA1683.1,20,660,1.09491539711416,0.710851269922619,0.958020233679545,FOXA3
Hsapiens-jolma2013-DMBX1,9,283,1.14604955812852,0.71150590184246,0.958729493209694,DMBX1
Hsapiens-HOCOMOCOv13-PITX3.H13CORE.0.SM.B,9,284,1.14186601062045,0.711977011066483,0.959179210298523,PITX3
Hsapiens-HOCOMOCOv13-ZNF12.H13CORE.0.P.C,20,665,1.08600667006627,0.712096494993347,0.959179210298523,ZNF12
Hsapiens-HOCOMOCOv13-ZEB1.H13CORE.0.P.B,20,666,1.08422648948501,0.71238068090557,0.959216027705733,ZEB1
Hsapiens-jolma2013-SOX10,20,666,1.08422648948501,0.71238068090557,0.959216027705733,SOX10
Hsapiens-cisbp_1.02-M5670_1.02,20,667,1.08245165349009,0.712676429261161,0.959268381717716,NHLH1
Hsapiens-hPDI-BRUNOL5,38,1293,1.06471709855492,0.71255905659816,0.959268381717716,CELF5
Hsapiens-jolma2013-NFIA,9,286,1.13358667119082,0.712993930431495,0.959349966923588,NFIA
Hsapiens-SwissRegulon-NKX1-1.SwissRegulon,9,286,1.13358667119082,0.712993930431495,0.959349966923588,NKX1-1
Hsapiens-hPDI-CBFA2T2,38,1299,1.05884423148238,0.713655136956134,0.960066681902983,CBFA2T2
Hsapiens-HOCOMOCOv13-ZNF721.H13CORE.0.PSG.A,34,1305,0.922110946964119,0.713791086084747,0.960076647211773,ZNF721
Hsapiens-HOCOMOCOv11-core-B-NR2C2_HUMAN.H11MO.0.B,20,671,1.07540528809976,0.713973688801559,0.960149348516176,NR2C2
Hsapiens-jaspar2024-NFATC4-MA1525.3,20,674,1.07017549627511,0.715064642984188,0.960999765250273,NFATC4
Hsapiens-hPDI-SOX13,68,2552,0.935551816423554,0.715451888867959,0.960999765250273,SOX13
Hsapiens-jaspar2024-ONECUT1-MA0679.3,17,681,0.886258668453817,0.715635365028014,0.960999765250273,ONECUT1
Hsapiens-SwissRegulon-POU2F3.SwissRegulon,17,681,0.886258668453817,0.715635365028014,0.960999765250273,POU2F3
Hsapiens-HOCOMOCOv11-core-A-ZN274_HUMAN.H11MO.0.A,17,682,0.88483741685662,0.715627127969377,0.960999765250273,ZN274
Hsapiens-jolma2013-SPDEF-6,17,682,0.88483741685662,0.715627127969377,0.960999765250273,SPDEF
Hsapiens-HOCOMOCOv10-SOX7_HUMAN.H10MO.D,17,686,0.879193801481397,0.715713028655359,0.960999765250273,SOX7
Hsapiens-HOCOMOCOv11-secondary-D-SOX7_HUMAN.H11MO.0.D,17,686,0.879193801481397,0.715713028655359,0.960999765250273,SOX7
Hsapiens-jaspar2024-ZNF675-MA1714.2,17,687,0.877793155058153,0.715764050620869,0.960999765250273,ZNF675
Hsapiens-HOCOMOCOv13-PHX2B.H13CORE.1.SM.B,9,292,1.10942486792933,0.716620396977369,0.961007197508429,PHX2B
Hsapiens-SwissRegulon-PAX3.SwissRegulon,9,292,1.10942486792933,0.716620396977369,0.961007197508429,PAX3
Hsapiens-HOCOMOCOv11-core-A-LEF1_HUMAN.H11MO.0.A,39,1331,1.06125367490376,0.715924482864116,0.961007197508429,LEF1
Hsapiens-hPDI-ACO1,35,1343,0.922068743091349,0.716670249045649,0.961007197508429,ACO1
Hsapiens-jaspar2022-PBX2-MA1113.2,17,691,0.872231064889374,0.716085233844352,0.961007197508429,PBX2
Hsapiens-HOCOMOCOv10-PPARD_HUMAN.H10MO.D,17,695,0.866732928883232,0.716591822076558,0.961007197508429,PPARD
Hsapiens-HOCOMOCOv11-secondary-D-PPARD_HUMAN.H11MO.0.D,17,695,0.866732928883232,0.716591822076558,0.961007197508429,PPARD
Hsapiens-HOCOMOCOv11-core-C-ZFP28_HUMAN.H11MO.0.C,70,2618,0.939526598673997,0.717381848172075,0.961788731645526,ZFP28
Hsapiens-jolma2013-HOXD12-4,21,697,1.08849807358569,0.71769301009764,0.962033218309273,HOXD12
Hsapiens-HOCOMOCOv10-NR1I2_HUMAN.H10MO.C,21,701,1.08175947402312,0.718649957326761,0.962970314186146,NR1I2
Hsapiens-HOCOMOCOv11-core-C-NR1I2_HUMAN.H11MO.0.C,21,701,1.08175947402312,0.718649957326761,0.962970314186146,NR1I2
Hsapiens-HOCOMOCOv13-PO2F3.H13CORE.1.S.C,21,704,1.07670214422033,0.719482134043635,0.963566802792166,PO2F3
Hsapiens-HOCOMOCOv10-NFAC2_HUMAN.H10MO.B,36,1384,0.919526816110188,0.719465143581203,0.963566802792166,NFAC2
Hsapiens-HOCOMOCOv11-core-B-NFAC2_HUMAN.H11MO.0.B,36,1384,0.919526816110188,0.719465143581203,0.963566802792166,NFAC2
Hsapiens-SwissRegulon-LHX3.SwissRegulon,41,1392,1.06864757061853,0.72016902248516,0.963795454030041,LHX3
Hsapiens-jaspar2016-SP4-MA0685.1,73,2725,0.941033690525209,0.720068193727321,0.963795454030041,SP4
Hsapiens-jaspar2018-SP4-MA0685.1,73,2725,0.941033690525209,0.720068193727321,0.963795454030041,SP4
Hsapiens-jolma2013-SP4,73,2725,0.941033690525209,0.720068193727321,0.963795454030041,SP4
Hsapiens-hPDI-DIS3,21,708,1.07002582141745,0.720741256674705,0.96438847117581,DIS3
Hsapiens-cisbp_1.02-M4624_1.02,22,734,1.08278641961103,0.724020529233677,0.964812440230209,JUND
Hsapiens-HOCOMOCOv13-ZNF85.H13CORE.1.P.B,22,735,1.08116284580418,0.724240748128362,0.964812440230209,ZNF85
Hsapiens-cisbp_1.02-M6487_1.02,22,737,1.07792893500471,0.724712105320648,0.964812440230209,SREBF1
Hsapiens-HOCOMOCOv10-SRBP1_HUMAN.H10MO.B,22,737,1.07792893500471,0.724712105320648,0.964812440230209,SRBP1
Hsapiens-HOCOMOCOv10-ZEB1_HUMAN.H10MO.B,22,738,1.07631856290742,0.724963141142819,0.964812440230209,ZEB1
Hsapiens-jaspar2024-CLOCK-MA0819.3,9,301,1.07496763707451,0.723558083114295,0.964812440230209,CLOCK
Hsapiens-jolma2013-E2F3,9,301,1.07496763707451,0.723558083114295,0.964812440230209,E2F3
Hsapiens-HOCOMOCOv10-HXA11_HUMAN.H10MO.D,37,1413,0.926574813872134,0.722220885277061,0.964812440230209,HXA11
Hsapiens-HOCOMOCOv11-secondary-D-HXA11_HUMAN.H11MO.0.D,37,1413,0.926574813872134,0.722220885277061,0.964812440230209,HXA11
Hsapiens-HOCOMOCOv13-LMX1B.H13CORE.1.SM.B,18,715,0.893953454061883,0.721906018788705,0.964812440230209,LMX1B
Hsapiens-HOCOMOCOv13-NFAC2.H13CORE.2.S.C,18,715,0.893953454061883,0.721906018788705,0.964812440230209,NFAC2
Hsapiens-hPDI-RIOK2,18,730,0.873768509924265,0.722636181584532,0.964812440230209,RIOK2
Hsapiens-HOCOMOCOv13-RHXF2.H13CORE.0.SM.B,7,305,0.817063043165185,0.72386600441124,0.964812440230209,RHXF2
Hsapiens-HOCOMOCOv10-OVOL1_HUMAN.H10MO.C,7,306,0.814286629275745,0.723871743421807,0.964812440230209,OVOL1
Hsapiens-HOCOMOCOv11-core-C-OVOL1_HUMAN.H11MO.0.C,7,306,0.814286629275745,0.723871743421807,0.964812440230209,OVOL1
Hsapiens-jaspar2022-MXI1-MA1108.2,7,306,0.814286629275745,0.723871743421807,0.964812440230209,MXI1
Hsapiens-jaspar2022-ZBED2-MA1971.1,7,306,0.814286629275745,0.723871743421807,0.964812440230209,ZBED2
Hsapiens-jaspar2024-NKX2-4-MA2003.2,7,306,0.814286629275745,0.723871743421807,0.964812440230209,NKX2-4
Hsapiens-SwissRegulon-OVOL1.SwissRegulon,7,306,0.814286629275745,0.723871743421807,0.964812440230209,OVOL1
Hsapiens-HOCOMOCOv13-RUNX3.H13CORE.2.S.B,7,310,0.803360059451333,0.724139935947628,0.964812440230209,RUNX3
Hsapiens-jaspar2016-GLI2-MA0734.1,7,313,0.795348366903487,0.724593875487139,0.964812440230209,GLI2
Hsapiens-jaspar2018-GLI2-MA0734.1,7,313,0.795348366903487,0.724593875487139,0.964812440230209,GLI2
Hsapiens-jolma2013-GLI2-2,7,313,0.795348366903487,0.724593875487139,0.964812440230209,GLI2
Hsapiens-HOCOMOCOv13-NR1I2.H13CORE.1.S.C,7,315,0.790092000701981,0.72501418558822,0.964812440230209,NR1I2
Hsapiens-SwissRegulon-DMBX1.SwissRegulon,7,315,0.790092000701981,0.72501418558822,0.964812440230209,DMBX1
Hsapiens-SwissRegulon-HOXA3.SwissRegulon,7,315,0.790092000701981,0.72501418558822,0.964812440230209,HOXA3
Hsapiens-cisbp_1.02-M5652_1.02,1,76,0.469368978573117,0.725062555497679,0.964812440230209,NEUROD2
Hsapiens-jaspar2016-NEUROD2-MA0668.1,1,76,0.469368978573117,0.725062555497679,0.964812440230209,NEUROD2
Hsapiens-jaspar2018-NEUROD2-MA0668.1,1,76,0.469368978573117,0.725062555497679,0.964812440230209,NEUROD2
Hsapiens-jolma2013-NEUROD2,1,76,0.469368978573117,0.725062555497679,0.964812440230209,NEUROD2
Hsapiens-SwissRegulon-NEUROD2.SwissRegulon,1,76,0.469368978573117,0.725062555497679,0.964812440230209,NEUROD2
Hsapiens-HOCOMOCOv13-TIGD7.H13CORE.0.SGIB.A,7,318,0.782331396674802,0.725817321166779,0.964957203950635,TIGD7
Hsapiens-HOCOMOCOv13-BARX1.H13CORE.1.S.B,7,318,0.782331396674802,0.725817321166779,0.964957203950635,BARX1
Hsapiens-HOCOMOCOv10-HXC11_HUMAN.H10MO.D,7,318,0.782331396674802,0.725817321166779,0.964957203950635,HXC11
Hsapiens-HOCOMOCOv11-secondary-D-HXC11_HUMAN.H11MO.0.D,7,318,0.782331396674802,0.725817321166779,0.964957203950635,HXC11
Hsapiens-jaspar2024-ETV2::HOXB13-MA1943.2,7,318,0.782331396674802,0.725817321166779,0.964957203950635,ETV2::HOXB13
Hsapiens-HOCOMOCOv10-HMBX1_HUMAN.H10MO.D,7,319,0.779776959185748,0.726130270925719,0.965201458185477,HMBX1
Hsapiens-jaspar2024-ZKSCAN1-MA1585.2,7,320,0.777238483640022,0.726465492017441,0.965475224177627,ZKSCAN1
Hsapiens-HOCOMOCOv13-CUX1.H13CORE.0.PM.A,10,318,1.1333913805463,0.726822770427656,0.965778201801132,CUX1
Hsapiens-SwissRegulon-SHOX2.SwissRegulon,10,320,1.12601394845819,0.727602625942822,0.965778514663435,SHOX2
Hsapiens-jaspar2024-SREBF2-MA0828.3,10,321,1.122359701554,0.72802475816758,0.965778514663435,SREBF2
Hsapiens-HOCOMOCOv13-ESR1.H13CORE.1.P.B,10,322,1.11872814853983,0.728468058183985,0.965778514663435,ESR1
Hsapiens-HOCOMOCOv13-IRF4.H13CORE.2.SM.B,10,322,1.11872814853983,0.728468058183985,0.965778514663435,IRF4
Hsapiens-hPDI-ZDHHC15,10,322,1.11872814853983,0.728468058183985,0.965778514663435,ZDHHC15
Hsapiens-HOCOMOCOv13-ATF1.H13CORE.1.P.B,19,758,0.889160548511452,0.727710300355288,0.965778514663435,ATF1
Hsapiens-cisbp_1.02-M6288_1.02,19,764,0.881441169270866,0.728147653970479,0.965778514663435,TCF12
Hsapiens-jaspar2018-POU5F1-MA1115.1,19,764,0.881441169270866,0.728147653970479,0.965778514663435,POU5F1
Hsapiens-jaspar2022-POU5F1-MA1115.1,19,764,0.881441169270866,0.728147653970479,0.965778514663435,POU5F1
Hsapiens-jolma2013-POU6F2-2,19,764,0.881441169270866,0.728147653970479,0.965778514663435,POU6F2
Hsapiens-hPDI-CENTG1,19,765,0.880166361837712,0.728256310378313,0.965778514663435,AGAP2
Hsapiens-jolma2013-HESX1-2,19,767,0.877626705169429,0.728503969957664,0.965778514663435,HESX1
Hsapiens-HOCOMOCOv13-SIX1.H13CORE.1.SM.B,1,81,0.440117900812434,0.728074834201783,0.965778514663435,SIX1
Hsapiens-jaspar2022-NEUROG1-MA0623.2,1,82,0.434695726533569,0.728929549830257,0.965999788446095,NEUROG1
Hsapiens-jaspar2024-NEUROG1-MA0623.2,1,82,0.434695726533569,0.728929549830257,0.965999788446095,NEUROG1
Hsapiens-cisbp_1.02-M6279_1.02,40,1531,0.922784501164271,0.729672442504252,0.966812750233149,HMGA1
Hsapiens-jaspar2024-ZNF140-MA1589.2,23,772,1.07599900659046,0.73011149425642,0.967222907165874,ZNF140
Hsapiens-HOCOMOCOv13-LBX2.H13CORE.1.S.B,10,329,1.09390751131252,0.73214417384964,0.969268823311411,LBX2
Hsapiens-HOCOMOCOv13-ONEC2.H13CORE.1.PM.A,10,330,1.09044754748887,0.732748302530561,0.969268823311411,ONEC2
Hsapiens-HOCOMOCOv10-BRCA1_HUMAN.H10MO.D,10,330,1.09044754748887,0.732748302530561,0.969268823311411,BRCA1
Hsapiens-HOCOMOCOv11-secondary-D-BRCA1_HUMAN.H11MO.0.D,10,330,1.09044754748887,0.732748302530561,0.969268823311411,BRCA1
Hsapiens-jolma2013-DLX2,10,330,1.09044754748887,0.732748302530561,0.969268823311411,DLX2
Hsapiens-jolma2013-DLX4,10,330,1.09044754748887,0.732748302530561,0.969268823311411,DLX4
Hsapiens-HOCOMOCOv13-CEBPB.H13CORE.0.P.B,10,331,1.08700850433929,0.733371433310541,0.969268823311411,CEBPB
Hsapiens-jaspar2018-PBX3-MA1114.1,24,805,1.0772233129068,0.734770394643086,0.969268823311411,PBX3
Hsapiens-jaspar2022-PBX3-MA1114.1,24,805,1.0772233129068,0.734770394643086,0.969268823311411,PBX3
Hsapiens-SwissRegulon-HES1.SwissRegulon,24,805,1.0772233129068,0.734770394643086,0.969268823311411,HES1
Hsapiens-SwissRegulon-SMAD1.SwissRegulon,24,805,1.0772233129068,0.734770394643086,0.969268823311411,SMAD1
Hsapiens-hPDI-PICK1,47,1604,1.06407261558347,0.734439952857108,0.969268823311411,PICK1
Hsapiens-JASPAR_CORE-NFIC-MA0161.1,47,1604,1.06407261558347,0.734439952857108,0.969268823311411,NFIC
Hsapiens-JASPAR_2014-NFIC-MA0161.1,47,1604,1.06407261558347,0.734439952857108,0.969268823311411,NFIC
Hsapiens-jaspar2016-NFIC-MA0161.1,47,1604,1.06407261558347,0.734439952857108,0.969268823311411,NFIC
Hsapiens-jaspar2018-NFIC-MA0161.1,47,1604,1.06407261558347,0.734439952857108,0.969268823311411,NFIC
Hsapiens-jaspar2024-NFIA-MA0670.2,47,1604,1.06407261558347,0.734439952857108,0.969268823311411,NFIA
Hsapiens-jaspar2024-NFIX-MA0671.2,47,1604,1.06407261558347,0.734439952857108,0.969268823311411,NFIX
Hsapiens-hPDI-TFAP2C,20,789,0.899745825228752,0.732997613629218,0.969268823311411,TFAP2C
Hsapiens-HOCOMOCOv13-COT2.H13CORE.0.P.B,20,794,0.893455289702829,0.733078839625773,0.969268823311411,COT2
Hsapiens-HOCOMOCOv13-TBX5.H13CORE.1.P.B,20,794,0.893455289702829,0.733078839625773,0.969268823311411,TBX5
Hsapiens-HOCOMOCOv13-ZNF841.H13CORE.0.PSGI.A,20,795,0.892206662613584,0.733124438190917,0.969268823311411,ZNF841
Hsapiens-jaspar2018-KLF4-MA0039.3,20,797,0.889718793342968,0.73324478535374,0.969268823311411,KLF4
Hsapiens-HOCOMOCOv11-core-B-FOXO3_HUMAN.H11MO.0.B,20,800,0.886010275829289,0.73349776001929,0.969268823311411,FOXO3
Hsapiens-JASPAR_2014-HSF1-MA0486.1,24,808,1.07277187682254,0.735362656346986,0.969536395455541,HSF1
Hsapiens-jaspar2016-HSF1-MA0486.1,24,808,1.07277187682254,0.735362656346986,0.969536395455541,HSF1
Hsapiens-jaspar2018-HSF1-MA0486.1,24,808,1.07277187682254,0.735362656346986,0.969536395455541,HSF1
Hsapiens-HOCOMOCOv13-PRDM10.H13CORE.0.PSGI.A,11,354,1.11995219615073,0.740138082875388,0.970181000525847,PRDM10
Hsapiens-HOCOMOCOv10-SNAI1_HUMAN.H10MO.C,11,354,1.11995219615073,0.740138082875388,0.970181000525847,SNAI1
Hsapiens-HOCOMOCOv11-core-C-SNAI1_HUMAN.H11MO.0.C,11,354,1.11995219615073,0.740138082875388,0.970181000525847,SNAI1
Hsapiens-SwissRegulon-SNAI1.SwissRegulon,11,354,1.11995219615073,0.740138082875388,0.970181000525847,SNAI1
Hsapiens-cisbp_1.02-M1968_1.02,25,838,1.07839345298113,0.739217821524762,0.970181000525847,EBF1
Hsapiens-hPDI-MRPL2,25,838,1.07839345298113,0.739217821524762,0.970181000525847,MRPL2
Hsapiens-jaspar2024-ZNF410-MA0752.2,10,336,1.07019064426411,0.73676323396078,0.970181000525847,ZNF410
Hsapiens-HOCOMOCOv11-core-A-IRF4_HUMAN.H11MO.0.A,43,1639,0.926322143963192,0.736265091019135,0.970181000525847,IRF4
Hsapiens-jolma2013-FOXB1-4,21,824,0.904666952689396,0.738016054153417,0.970181000525847,FOXB1
Hsapiens-SwissRegulon-FOXB1.SwissRegulon,21,824,0.904666952689396,0.738016054153417,0.970181000525847,FOXB1
Hsapiens-jolma2013-ARX,21,827,0.901005492697169,0.738009750060263,0.970181000525847,ARX
Hsapiens-SwissRegulon-ARX.SwissRegulon,21,827,0.901005492697169,0.738009750060263,0.970181000525847,ARX
Hsapiens-jaspar2022-ETV2::FIGLA-MA1941.1,21,831,0.896164595975648,0.738131131250964,0.970181000525847,ETV2::FIGLA
Hsapiens-HOCOMOCOv13-MAX.H13CORE.1.M.C,8,340,0.83772517125591,0.737580614684415,0.970181000525847,MAX
Hsapiens-cisbp_1.02-M4081_1.02,8,343,0.830071460188885,0.737600880911682,0.970181000525847,USF1
Hsapiens-jaspar2024-GATA1::TAL1-MA0140.3,8,343,0.830071460188885,0.737600880911682,0.970181000525847,GATA1::TAL1
Hsapiens-jaspar2022-HOXC4-MA1504.1,8,345,0.825042916118728,0.73771973600545,0.970181000525847,HOXC4
Hsapiens-SwissRegulon-HOXA7.SwissRegulon,8,345,0.825042916118728,0.73771973600545,0.970181000525847,HOXA7
Hsapiens-HOCOMOCOv10-GATA1_HUMAN.H10MO.A,8,346,0.82255043855534,0.737810390727939,0.970181000525847,GATA1
Hsapiens-hPDI-NR4A2,8,347,0.820072323188217,0.737921687295465,0.970181000525847,NR4A2
Hsapiens-HOCOMOCOv13-GATA5.H13CORE.0.SM.B,8,349,0.815158685322255,0.73820565462181,0.970181000525847,GATA5
Hsapiens-HOCOMOCOv13-IRF5.H13CORE.0.SM.B,8,350,0.812722919488766,0.738378040617819,0.970181000525847,IRF5
Hsapiens-HOCOMOCOv10-SPZ1_HUMAN.H10MO.D,8,350,0.812722919488766,0.738378040617819,0.970181000525847,SPZ1
Hsapiens-HOCOMOCOv11-secondary-D-SPZ1_HUMAN.H11MO.0.D,8,350,0.812722919488766,0.738378040617819,0.970181000525847,SPZ1
Hsapiens-hPDI-FIP1L1,8,350,0.812722919488766,0.738378040617819,0.970181000525847,FIP1L1
Hsapiens-cisbp_1.02-M6149_1.02,8,351,0.810301029142078,0.738570499102842,0.970181000525847,ARID5B
Hsapiens-HOCOMOCOv10-ARI5B_HUMAN.H10MO.C,8,353,0.805498403322515,0.739015025848091,0.970181000525847,ARI5B
Hsapiens-HOCOMOCOv11-core-C-ARI5B_HUMAN.H11MO.0.C,8,353,0.805498403322515,0.739015025848091,0.970181000525847,ARI5B
Hsapiens-jaspar2022-MAFA-MA1521.1,8,353,0.805498403322515,0.739015025848091,0.970181000525847,MAFA
Hsapiens-HOCOMOCOv10-CXXC1_HUMAN.H10MO.D,8,356,0.798395618091598,0.739828475929745,0.970181000525847,CXXC1
Hsapiens-HOCOMOCOv11-secondary-D-CXXC1_HUMAN.H11MO.0.D,8,356,0.798395618091598,0.739828475929745,0.970181000525847,CXXC1
Hsapiens-hPDI-RNASEH2C,8,356,0.798395618091598,0.739828475929745,0.970181000525847,RNASEH2C
Hsapiens-SwissRegulon-CXXC1.SwissRegulon,8,356,0.798395618091598,0.739828475929745,0.970181000525847,CXXC1
Hsapiens-HOCOMOCOv13-ZN574.H13CORE.0.P.B,25,846,1.06699149921507,0.740684440668003,0.970556506552511,ZN574
Hsapiens-jaspar2022-ELF3-MA0640.2,50,1714,1.05916327099808,0.7406637050674,0.970556506552511,ELF3
Hsapiens-cisbp_1.02-M6334_1.02,11,358,1.10684863074104,0.741564250022696,0.971368534447477,MAFK
Hsapiens-HOCOMOCOv13-MEF2C.H13CORE.1.SM.B,11,358,1.10684863074104,0.741564250022696,0.971368534447477,MEF2C
Hsapiens-jaspar2024-NRL-MA0842.3,11,359,1.1036183385054,0.741966843475899,0.971618942042658,NRL
Hsapiens-jaspar2022-NFIX-MA1528.1,11,360,1.10040598918313,0.742387495292047,0.971618942042658,NFIX
Hsapiens-jaspar2016-HOXA13-MA0650.1,22,858,0.910381525101288,0.742743730756183,0.971618942042658,HOXA13
Hsapiens-jaspar2018-HOXA13-MA0650.1,22,858,0.910381525101288,0.742743730756183,0.971618942042658,HOXA13
Hsapiens-jolma2013-HOXA13-3,22,858,0.910381525101288,0.742743730756183,0.971618942042658,HOXA13
Hsapiens-JASPAR_2014-CDX2-MA0465.1,22,867,0.899786954528726,0.742814257983858,0.971618942042658,CDX2
Hsapiens-jaspar2016-CDX2-MA0465.1,22,867,0.899786954528726,0.742814257983858,0.971618942042658,CDX2
Hsapiens-jaspar2018-CDX2-MA0465.1,22,867,0.899786954528726,0.742814257983858,0.971618942042658,CDX2
Hsapiens-jaspar2022-FOXP1-MA0481.3,22,869,0.897462347528697,0.742926198688663,0.971618942042658,FOXP1
Hsapiens-hPDI-HES5,47,1782,0.930968860372202,0.743917954122955,0.972405180144269,HES5
Hsapiens-SwissRegulon-AHR.SwissRegulon,47,1782,0.930968860372202,0.743917954122955,0.972405180144269,AHR
Hsapiens-SwissRegulon-ARNT2.SwissRegulon,47,1782,0.930968860372202,0.743917954122955,0.972405180144269,ARNT2
Hsapiens-hPDI-HNRPA0,23,900,0.90651031907884,0.747104980413026,0.976019177656412,HNRNPA0
Hsapiens-HOCOMOCOv10-FOXP3_HUMAN.H10MO.D,23,902,0.904243450165242,0.747163680814067,0.976019177656412,FOXP3
Hsapiens-HOCOMOCOv11-secondary-D-FOXP3_HUMAN.H11MO.0.D,23,902,0.904243450165242,0.747163680814067,0.976019177656412,FOXP3
Hsapiens-jaspar2024-OTX2-MA0712.3,23,903,0.903113772775205,0.747205470322582,0.976019177656412,OTX2
Hsapiens-SwissRegulon-SOX14.SwissRegulon,11,370,1.06930795369711,0.74754534972093,0.976231038572958,SOX14
Hsapiens-jolma2013-FOXB1-2,23,909,0.896387786877863,0.747629072250277,0.976231038572958,FOXB1
Hsapiens-HOCOMOCOv11-secondary-B-BRAC_HUMAN.H11MO.1.B,27,913,1.06857608859492,0.748648266780478,0.976888670004699,BRAC
Hsapiens-jaspar2024-KLF2-MA1515.2,27,916,1.06462158226509,0.749161853716481,0.976888670004699,KLF2
Hsapiens-HOCOMOCOv13-ZNF853.H13CORE.0.SG.A,9,376,0.852160846967761,0.749310336888082,0.976888670004699,ZNF853
Hsapiens-HOCOMOCOv13-ZFP57.H13CORE.0.P.B,9,376,0.852160846967761,0.749310336888082,0.976888670004699,ZFP57
Hsapiens-cisbp_1.02-M5943_1.02,9,378,0.847428649271467,0.749307321537196,0.976888670004699,USF1
Hsapiens-HOCOMOCOv13-VSX2.H13CORE.1.S.B,9,381,0.840423477583483,0.749440631828481,0.976888670004699,VSX2
Hsapiens-jaspar2016-HOXC13-MA0907.1,9,381,0.840423477583483,0.749440631828481,0.976888670004699,HOXC13
Hsapiens-jaspar2018-HOXC13-MA0907.1,9,381,0.840423477583483,0.749440631828481,0.976888670004699,HOXC13
Hsapiens-jaspar2022-HOXC13-MA0907.1,9,381,0.840423477583483,0.749440631828481,0.976888670004699,HOXC13
Hsapiens-jolma2013-HOXC13-2,9,381,0.840423477583483,0.749440631828481,0.976888670004699,HOXC13
Hsapiens-jolma2013-USF1,9,384,0.833527728183578,0.749736948476678,0.977104391584769,USF1
Hsapiens-jolma2013-NR4A2-2,9,385,0.831253019113551,0.74987144577349,0.977109181521668,NR4A2
Hsapiens-HOCOMOCOv13-ZN197.H13CORE.0.P.C,51,1918,0.939377922624316,0.7504687576198,0.97752734164862,ZN197
Hsapiens-HOCOMOCOv11-secondary-D-MYBA_HUMAN.H11MO.0.D,9,388,0.824499222255834,0.750380511997118,0.97752734164862,MYBA
Hsapiens-HOCOMOCOv13-PRRX1.H13CORE.0.S.B,9,389,0.82227109883066,0.750584991880417,0.97752734164862,PRRX1
Hsapiens-HOCOMOCOv13-ZNF665.H13CORE.0.PSG.A,9,390,0.820054398190813,0.750806660290977,0.977645562362849,ZNF665
Hsapiens-HOCOMOCOv13-FLYWCH1.H13CORE.0.PSGB.A,3,96,1.12198593219517,0.751410480370851,0.977749978726461,FLYWCH1
Hsapiens-HOCOMOCOv13-CUX1.H13CORE.1.S.B,3,96,1.12198593219517,0.751410480370851,0.977749978726461,CUX1
Hsapiens-jaspar2022-ETV5::FIGLA-MA1945.1,24,930,0.916124210822947,0.75125063678275,0.977749978726461,ETV5::FIGLA
Hsapiens-hPDI-RBM22,24,931,0.91500970953284,0.751227861999135,0.977749978726461,RBM22
Hsapiens-jaspar2016-LHX9-MA0701.1,12,394,1.09713995942164,0.752828529543939,0.978742608731712,LHX9
Hsapiens-jaspar2018-LHX9-MA0701.1,12,394,1.09713995942164,0.752828529543939,0.978742608731712,LHX9
Hsapiens-jolma2013-LHX9,12,394,1.09713995942164,0.752828529543939,0.978742608731712,LHX9
Hsapiens-jolma2013-SHOX2,12,394,1.09713995942164,0.752828529543939,0.978742608731712,SHOX2
Hsapiens-HOCOMOCOv11-core-A-RUNX2_HUMAN.H11MO.0.A,28,947,1.06869167919349,0.75242935667409,0.978742608731712,RUNX2
Hsapiens-HOCOMOCOv11-core-C-CEBPD_HUMAN.H11MO.0.C,12,395,1.09421602223311,0.753182881169822,0.979032881910442,CEBPD
Hsapiens-jaspar2018-NFYA-MA0060.3,28,955,1.05852708545784,0.753771111733902,0.97945658203558,NFYA
Hsapiens-jaspar2022-NFYA-MA0060.3,28,955,1.05852708545784,0.753771111733902,0.97945658203558,NFYA
Hsapiens-HOCOMOCOv13-YBOX1.H13CORE.0.SM.B,12,397,1.08841236223358,0.753939275968897,0.979504688156496,YBOX1
Hsapiens-HOCOMOCOv13-ZFP3.H13CORE.0.P.C,28,961,1.05101496709704,0.755087743215224,0.980731731383423,ZFP3
Hsapiens-SwissRegulon-NFATC2.SwissRegulon,25,973,0.911141370332751,0.755146363259615,0.980731731383423,NFATC2
Hsapiens-jaspar2022-CEBPD-MA0836.2,12,401,1.07697889339616,0.755638586065672,0.981200382358224,CEBPD
Hsapiens-HOCOMOCOv13-KAISO.H13CORE.0.P.B,12,402,1.07415613164683,0.756101365384384,0.981460044848099,KAISO
Hsapiens-HOCOMOCOv13-ONEC3.H13CORE.2.M.C,12,402,1.07415613164683,0.756101365384384,0.981460044848099,ONEC3
Hsapiens-hPDI-ZBTB4,13,426,1.09987367924568,0.761527974512731,0.982258364477484,ZBTB4
Hsapiens-SwissRegulon-NKX2-1.SwissRegulon,13,426,1.09987367924568,0.761527974512731,0.982258364477484,NKX2-1
Hsapiens-cisbp_1.02-M3945_1.02,13,429,1.0917427252335,0.76234485198018,0.982258364477484,SREBF1
Hsapiens-jolma2013-RFX3-2,13,429,1.0917427252335,0.76234485198018,0.982258364477484,RFX3
Hsapiens-hPDI-OTUD4,13,431,1.0863850115167,0.762961977402704,0.982258364477484,OTUD4
Hsapiens-hPDI-SLC18A1,13,431,1.0863850115167,0.762961977402704,0.982258364477484,SLC18A1
Hsapiens-hPDI-ZBTB46,13,431,1.0863850115167,0.762961977402704,0.982258364477484,ZBTB46
Hsapiens-HOCOMOCOv13-IRF7.H13CORE.1.SM.B,13,432,1.08372477585626,0.763291946368633,0.982258364477484,IRF7
Hsapiens-hPDI-ZNF71,13,432,1.08372477585626,0.763291946368633,0.982258364477484,ZNF71
Hsapiens-SwissRegulon-NKX2-6.SwissRegulon,13,432,1.08372477585626,0.763291946368633,0.982258364477484,NKX2-6
Hsapiens-HOCOMOCOv10-COT2_HUMAN.H10MO.A,30,1018,1.06536297578584,0.759783971081614,0.982258364477484,COT2
Hsapiens-HOCOMOCOv11-core-A-COT2_HUMAN.H11MO.0.A,30,1018,1.06536297578584,0.759783971081614,0.982258364477484,COT2
Hsapiens-SwissRegulon-HOXA10.SwissRegulon,30,1019,1.06416379392463,0.759907873641459,0.982258364477484,HOXA10
Hsapiens-jaspar2024-KLF6-MA1517.2,29,987,1.06141193517985,0.756863528641507,0.982258364477484,KLF6
Hsapiens-jolma2013-FOXO3-3,29,991,1.05651985630935,0.757564888259331,0.982258364477484,FOXO3
Hsapiens-JASPAR_CORE-STAT1-MA0137.2,29,993,1.05408863310186,0.75795795465327,0.982258364477484,STAT1
Hsapiens-jaspar2016-STAT1-MA0137.2,29,993,1.05408863310186,0.75795795465327,0.982258364477484,STAT1
Hsapiens-jaspar2018-STAT1-MA0137.2,29,993,1.05408863310186,0.75795795465327,0.982258364477484,STAT1
Hsapiens-HOCOMOCOv10-SNAI2_HUMAN.H10MO.C,30,1028,1.05347637797765,0.761332663782657,0.982258364477484,SNAI2
Hsapiens-HOCOMOCOv13-ZBT49.H13CORE.0.P.C,30,1029,1.05230045584717,0.761524925473946,0.982258364477484,ZBT49
Hsapiens-jaspar2024-ZNF417-MA1727.2,30,1029,1.05230045584717,0.761524925473946,0.982258364477484,ZNF417
Hsapiens-SwissRegulon-KLF12.SwissRegulon,30,1029,1.05230045584717,0.761524925473946,0.982258364477484,KLF12
Hsapiens-HOCOMOCOv11-core-A-STAT1_HUMAN.H11MO.0.A,29,995,1.05166720949312,0.758378969143321,0.982258364477484,STAT1
Hsapiens-jaspar2024-BHLHE22-MA1635.2,64,2225,1.0438767387309,0.762212508854226,0.982258364477484,BHLHE22
Hsapiens-HOCOMOCOv10-UNC4_HUMAN.H10MO.D,27,1039,0.922180764291454,0.762238840680554,0.982258364477484,UNC4
Hsapiens-HOCOMOCOv11-secondary-D-UNC4_HUMAN.H11MO.0.D,27,1039,0.922180764291454,0.762238840680554,0.982258364477484,UNC4
Hsapiens-HOCOMOCOv13-ZN140.H13CORE.0.P.B,27,1048,0.913068823205461,0.762396311020391,0.982258364477484,ZN140
Hsapiens-HOCOMOCOv10-SHOX_HUMAN.H10MO.D,27,1052,0.909068946038868,0.762645086219422,0.982258364477484,SHOX
Hsapiens-HOCOMOCOv11-secondary-D-SHOX_HUMAN.H11MO.0.D,27,1052,0.909068946038868,0.762645086219422,0.982258364477484,SHOX
Hsapiens-jolma2013-TBX2,10,414,0.859662226399919,0.759499245974344,0.982258364477484,TBX2
Hsapiens-SwissRegulon-CHD2.SwissRegulon,10,414,0.859662226399919,0.759499245974344,0.982258364477484,CHD2
Hsapiens-HOCOMOCOv10-DLX3_HUMAN.H10MO.C,10,416,0.855302547746195,0.759565010452045,0.982258364477484,DLX3
Hsapiens-HOCOMOCOv11-core-C-DLX3_HUMAN.H11MO.0.C,10,416,0.855302547746195,0.759565010452045,0.982258364477484,DLX3
Hsapiens-jaspar2016-EBF1-MA0154.3,10,417,0.853138384948576,0.759622048507549,0.982258364477484,EBF1
Hsapiens-jaspar2018-EBF1-MA0154.3,10,417,0.853138384948576,0.759622048507549,0.982258364477484,EBF1
Hsapiens-jolma2013-EBF1,10,417,0.853138384948576,0.759622048507549,0.982258364477484,EBF1
Hsapiens-SwissRegulon-DLX1.SwissRegulon,10,417,0.853138384948576,0.759622048507549,0.982258364477484,DLX1
Hsapiens-cisbp_1.02-M3084_1.02,10,420,0.846707707119167,0.759888788096023,0.982258364477484,CREB1
Hsapiens-HOCOMOCOv13-SHOX.H13CORE.0.SM.B,10,421,0.844584506733773,0.760009284171298,0.982258364477484,SHOX
Hsapiens-jaspar2016-EN2-MA0642.1,10,422,0.842471365217355,0.760145419277222,0.982258364477484,EN2
Hsapiens-jaspar2018-EN2-MA0642.1,10,422,0.842471365217355,0.760145419277222,0.982258364477484,EN2
Hsapiens-jaspar2022-TFE3-MA0831.3,10,422,0.842471365217355,0.760145419277222,0.982258364477484,TFE3
Hsapiens-jaspar2024-TFE3-MA0831.3,10,422,0.842471365217355,0.760145419277222,0.982258364477484,TFE3
Hsapiens-jolma2013-EN2-2,10,422,0.842471365217355,0.760145419277222,0.982258364477484,EN2
Hsapiens-SwissRegulon-EN2.SwissRegulon,10,422,0.842471365217355,0.760145419277222,0.982258364477484,EN2
Hsapiens-cisbp_1.02-M5364_1.02,10,423,0.840368211249805,0.760297098300028,0.982258364477484,EBF1
Hsapiens-SwissRegulon-RFX7.SwissRegulon,10,423,0.840368211249805,0.760297098300028,0.982258364477484,RFX7
Hsapiens-HOCOMOCOv13-FER3L.H13CORE.0.SM.B,10,425,0.836191584035982,0.760646695791324,0.982258364477484,FER3L
Hsapiens-cisbp_1.02-M6516_1.02,10,426,0.834117971480973,0.760844412325243,0.982258364477484,TCF3
Hsapiens-SwissRegulon-OLIG2.SwissRegulon,10,426,0.834117971480973,0.760844412325243,0.982258364477484,OLIG2
Hsapiens-HOCOMOCOv13-ZNF493.H13CORE.0.PSGI.A,14,463,1.08967715793599,0.770523241157699,0.983120216298571,ZNF493
Hsapiens-JASPAR_2014-ESR2-MA0258.2,14,467,1.07976196371579,0.771582353417199,0.983120216298571,ESR2
Hsapiens-jaspar2016-ESR2-MA0258.2,14,467,1.07976196371579,0.771582353417199,0.983120216298571,ESR2
Hsapiens-jaspar2018-ESR2-MA0258.2,14,467,1.07976196371579,0.771582353417199,0.983120216298571,ESR2
Hsapiens-jaspar2022-ESR2-MA0258.2,14,467,1.07976196371579,0.771582353417199,0.983120216298571,ESR2
Hsapiens-jaspar2024-ESR2-MA0258.2,14,467,1.07976196371579,0.771582353417199,0.983120216298571,ESR2
Hsapiens-SwissRegulon-CEBPG.SwissRegulon,14,468,1.07730968316652,0.771879413957961,0.983120216298571,CEBPG
Hsapiens-cisbp_1.02-M4501_1.02,14,469,1.07493839873959,0.772189186091825,0.983120216298571,JUN
Hsapiens-hPDI-PDCD11,14,469,1.07493839873959,0.772189186091825,0.983120216298571,PDCD11
Hsapiens-jaspar2024-EOMES-MA0800.2,13,436,1.07327633725983,0.764751657096523,0.983120216298571,EOMES
Hsapiens-jaspar2016-ZBTB7C-MA0695.1,13,438,1.06808846919611,0.765563635957648,0.983120216298571,ZBTB7C
Hsapiens-jaspar2018-ZBTB7C-MA0695.1,13,438,1.06808846919611,0.765563635957648,0.983120216298571,ZBTB7C
Hsapiens-jaspar2022-ZBTB7C-MA0695.1,13,438,1.06808846919611,0.765563635957648,0.983120216298571,ZBTB7C
Hsapiens-jolma2013-ZBTB7C,13,438,1.06808846919611,0.765563635957648,0.983120216298571,ZBTB7C
Hsapiens-SwissRegulon-ZBTB7C.SwissRegulon,13,438,1.06808846919611,0.765563635957648,0.983120216298571,ZBTB7C
Hsapiens-HOCOMOCOv10-IRF9_HUMAN.H10MO.C,33,1122,1.06396511049668,0.769178538298146,0.983120216298571,IRF9
Hsapiens-HOCOMOCOv11-core-C-IRF9_HUMAN.H11MO.0.C,33,1122,1.06396511049668,0.769178538298146,0.983120216298571,IRF9
Hsapiens-HOCOMOCOv13-MIXL1.H13CORE.1.S.B,13,441,1.06039512138652,0.766881313386219,0.983120216298571,MIXL1
Hsapiens-HOCOMOCOv11-core-A-STA5B_HUMAN.H11MO.0.A,32,1092,1.05911473938567,0.766714438427419,0.983120216298571,STA5B
Hsapiens-jaspar2024-TBX3-MA1566.3,13,442,1.05785394908886,0.767346590002396,0.983120216298571,TBX3
Hsapiens-jaspar2016-PROP1-MA0715.1,33,1130,1.05519443048601,0.770048676805195,0.983120216298571,PROP1
Hsapiens-jaspar2018-PROP1-MA0715.1,33,1130,1.05519443048601,0.770048676805195,0.983120216298571,PROP1
Hsapiens-jaspar2022-PROP1-MA0715.1,33,1130,1.05519443048601,0.770048676805195,0.983120216298571,PROP1
Hsapiens-jaspar2024-PROP1-MA0715.1,33,1130,1.05519443048601,0.770048676805195,0.983120216298571,PROP1
Hsapiens-jolma2013-PROP1,33,1130,1.05519443048601,0.770048676805195,0.983120216298571,PROP1
Hsapiens-jolma2013-POU4F2,31,1065,1.0506342683838,0.764899213214941,0.983120216298571,POU4F2
Hsapiens-HOCOMOCOv13-CUX2.H13CORE.1.SM.B,3,106,1.01486235680375,0.77115258418182,0.983120216298571,CUX2
Hsapiens-HOCOMOCOv13-ZFP82.H13CORE.0.P.C,63,2345,0.948584265701347,0.765551108306557,0.983120216298571,ZFP82
Hsapiens-HOCOMOCOv13-ZNF233.H13CORE.0.PG.A,63,2352,0.944582414130269,0.765502415338681,0.983120216298571,ZNF233
Hsapiens-HOCOMOCOv13-FEZF1.H13CORE.0.P.B,30,1145,0.929848488064234,0.771611076517949,0.983120216298571,FEZF1
Hsapiens-hPDI-NFIL3,28,1075,0.924239772137789,0.765517844660949,0.983120216298571,NFIL3
Hsapiens-hPDI-HNRPA1,30,1151,0.924184308236508,0.771589685641952,0.983120216298571,HNRNPA1
Hsapiens-jaspar2016-TFAP2A(var.3)-MA0872.1,11,448,0.87404562805377,0.768450972078835,0.983120216298571,TFAP2A(var.3)
Hsapiens-jaspar2018-TFAP2A(var.3)-MA0872.1,11,448,0.87404562805377,0.768450972078835,0.983120216298571,TFAP2A(var.3)
Hsapiens-jaspar2022-TFAP2A-MA0872.1,11,448,0.87404562805377,0.768450972078835,0.983120216298571,TFAP2A
Hsapiens-jaspar2022-GATA1-MA0035.4,11,448,0.87404562805377,0.768450972078835,0.983120216298571,GATA1
Hsapiens-jaspar2024-TFAP2A-MA0872.1,11,448,0.87404562805377,0.768450972078835,0.983120216298571,TFAP2A
Hsapiens-jolma2013-TFAP2A-6,11,448,0.87404562805377,0.768450972078835,0.983120216298571,TFAP2A
Hsapiens-SwissRegulon-NKX2-8.SwissRegulon,11,448,0.87404562805377,0.768450972078835,0.983120216298571,NKX2-8
Hsapiens-jaspar2024-HINFP-MA0131.3,11,449,0.871982903500841,0.768445716962438,0.983120216298571,HINFP
Hsapiens-cisbp_1.02-M5916_1.02,11,450,0.869929342607742,0.76845499404985,0.983120216298571,TFAP2A
Hsapiens-SwissRegulon-TCF21.SwissRegulon,11,450,0.869929342607742,0.76845499404985,0.983120216298571,TCF21
Hsapiens-JASPAR_CORE-RORA_2-MA0072.1,11,451,0.867884884437822,0.768478742302709,0.983120216298571,RORA_2
Hsapiens-JASPAR_2014-RORA_2-MA0072.1,11,451,0.867884884437822,0.768478742302709,0.983120216298571,RORA_2
Hsapiens-jaspar2016-RORA(var.2)-MA0072.1,11,451,0.867884884437822,0.768478742302709,0.983120216298571,RORA(var.2)
Hsapiens-jaspar2018-RORA(var.2)-MA0072.1,11,451,0.867884884437822,0.768478742302709,0.983120216298571,RORA(var.2)
Hsapiens-jaspar2022-RORA-MA0072.1,11,451,0.867884884437822,0.768478742302709,0.983120216298571,RORA
Hsapiens-HOCOMOCOv10-PRGR_HUMAN.H10MO.C,11,455,0.8597968789993,0.76871714617369,0.983120216298571,PRGR
Hsapiens-HOCOMOCOv11-secondary-B-MAF_HUMAN.H11MO.1.B,11,456,0.857797039055751,0.768812255138722,0.983120216298571,MAF
Hsapiens-SwissRegulon-HOXC5.SwissRegulon,11,456,0.857797039055751,0.768812255138722,0.983120216298571,HOXC5
Hsapiens-HOCOMOCOv10-LHX2_HUMAN.H10MO.D,11,457,0.855805947330109,0.768921421805966,0.983120216298571,LHX2
Hsapiens-jaspar2024-ERF::HOXB13-MA1937.2,11,460,0.849884591095593,0.769332493232104,0.983120216298571,ERF::HOXB13
Hsapiens-jaspar2024-MITF-MA0620.4,11,461,0.84792792435008,0.769497105770452,0.983120216298571,MITF
Hsapiens-HOCOMOCOv13-RARA.H13CORE.2.P.B,11,462,0.845979724331529,0.76967537352195,0.983120216298571,RARA
Hsapiens-hPDI-MSRA,11,462,0.845979724331529,0.76967537352195,0.983120216298571,MSRA
Hsapiens-jaspar2022-MITF-MA0620.3,11,463,0.844039936196093,0.769867210105932,0.983120216298571,MITF
Hsapiens-cisbp_1.02-M6155_1.02,11,464,0.842108505572546,0.770072527267492,0.983120216298571,ATF6
Hsapiens-SwissRegulon-ATF6.SwissRegulon,11,464,0.842108505572546,0.770072527267492,0.983120216298571,ATF6
Hsapiens-cisbp_1.02-M5690_1.02,2,114,0.625624109053661,0.772295374663855,0.983120216298571,OLIG1
Hsapiens-jaspar2016-OLIG1-MA0826.1,2,115,0.620105187414081,0.772649038649433,0.983120216298571,OLIG1
Hsapiens-jaspar2018-OLIG1-MA0826.1,2,115,0.620105187414081,0.772649038649433,0.983120216298571,OLIG1
Hsapiens-jaspar2022-OLIG1-MA0826.1,2,115,0.620105187414081,0.772649038649433,0.983120216298571,OLIG1
Hsapiens-jaspar2022-E2F3-MA0469.3,2,115,0.620105187414081,0.772649038649433,0.983120216298571,E2F3
Hsapiens-jaspar2024-OLIG1-MA0826.1,2,115,0.620105187414081,0.772649038649433,0.983120216298571,OLIG1
Hsapiens-jolma2013-OLIG1,2,115,0.620105187414081,0.772649038649433,0.983120216298571,OLIG1
Hsapiens-SwissRegulon-OLIG1.SwissRegulon,2,115,0.620105187414081,0.772649038649433,0.983120216298571,OLIG1
Hsapiens-HOCOMOCOv13-AP2C.H13CORE.0.PSM.A,14,471,1.07008531807326,0.7728464499603,0.983203906447535,AP2C
Hsapiens-jaspar2024-ATF4-MA0833.3,14,472,1.06767423520038,0.773193730407822,0.983239387450976,ATF4
Hsapiens-cisbp_1.02-M4572_1.02,14,474,1.06288266737479,0.773925049420365,0.983239387450976,MAFF
Hsapiens-jolma2013-SOX10-5,14,474,1.06288266737479,0.773925049420365,0.983239387450976,SOX10
Hsapiens-HOCOMOCOv13-ZNF672.H13CORE.0.PSG.A,35,1193,1.06149978428031,0.774844507630649,0.983239387450976,ZNF672
Hsapiens-HOCOMOCOv11-core-C-ZN264_HUMAN.H11MO.0.C,14,475,1.06050205725471,0.774308868305987,0.983239387450976,ZN264
Hsapiens-HOCOMOCOv10-HSF4_HUMAN.H10MO.D,14,477,1.0557708756898,0.775112265806848,0.983239387450976,HSF4
Hsapiens-HOCOMOCOv10-NOTO_HUMAN.H10MO.D,14,477,1.0557708756898,0.775112265806848,0.983239387450976,NOTO
Hsapiens-HOCOMOCOv11-secondary-D-HSF4_HUMAN.H11MO.0.D,14,477,1.0557708756898,0.775112265806848,0.983239387450976,HSF4
Hsapiens-HOCOMOCOv11-secondary-D-NOTO_HUMAN.H11MO.0.D,14,477,1.0557708756898,0.775112265806848,0.983239387450976,NOTO
Hsapiens-jaspar2016-HSF4-MA0771.1,14,477,1.0557708756898,0.775112265806848,0.983239387450976,HSF4
Hsapiens-jaspar2018-HSF4-MA0771.1,14,477,1.0557708756898,0.775112265806848,0.983239387450976,HSF4
Hsapiens-jaspar2022-HSF4-MA0771.1,14,477,1.0557708756898,0.775112265806848,0.983239387450976,HSF4
Hsapiens-jaspar2024-HSF4-MA0771.1,14,477,1.0557708756898,0.775112265806848,0.983239387450976,HSF4
Hsapiens-jolma2013-HSF4,14,477,1.0557708756898,0.775112265806848,0.983239387450976,HSF4
Hsapiens-SwissRegulon-HSF4.SwissRegulon,14,477,1.0557708756898,0.775112265806848,0.983239387450976,HSF4
Hsapiens-SwissRegulon-FOXA3.SwissRegulon,31,1179,0.933339680004751,0.774468238982245,0.983239387450976,FOXA3
Hsapiens-HOCOMOCOv13-BHE22.H13CORE.0.SM.B,2,118,0.604109627523391,0.774010587262321,0.983239387450976,BHE22
Hsapiens-HOCOMOCOv13-ZNF726.H13CORE.0.PSGI.A,14,478,1.05342018225901,0.775531617038501,0.983508448925116,ZNF726
Hsapiens-SwissRegulon-IRF7.SwissRegulon,35,1203,1.05111810306265,0.775868702170812,0.983508448925116,IRF7
Hsapiens-HOCOMOCOv13-FAM200B.H13CORE.0.PSGIB.A,14,480,1.04874828901041,0.776405047032197,0.983508448925116,FAM200B
Hsapiens-jaspar2022-NR1D1-MA1531.1,12,485,0.880596369848874,0.776392059033625,0.983508448925116,NR1D1
Hsapiens-HOCOMOCOv13-HINFP.H13CORE.1.P.B,12,486,0.878666873527185,0.776401939594327,0.983508448925116,HINFP
Hsapiens-jaspar2022-ERF::HOXB13-MA1937.1,12,487,0.876745297140296,0.776424839204879,0.983508448925116,ERF::HOXB13
Hsapiens-jaspar2024-MYOD1-MA0499.3,12,488,0.874831592016546,0.77646070503027,0.983508448925116,MYOD1
Hsapiens-jolma2013-ESRRA-4,12,489,0.872925709882234,0.776509482301702,0.983508448925116,ESRRA
Hsapiens-jaspar2024-HOXA9-MA0594.3,2,122,0.584005831811829,0.776484758359202,0.983508448925116,HOXA9
Hsapiens-hPDI-ZNF238,12,495,0.861652045658016,0.77706998251713,0.983717915156007,ZBTB18
Hsapiens-jaspar2024-SRY-MA0084.2,12,495,0.861652045658016,0.77706998251713,0.983717915156007,SRY
Hsapiens-SwissRegulon-SOX5.SwissRegulon,12,495,0.861652045658016,0.77706998251713,0.983717915156007,SOX5
Hsapiens-HOCOMOCOv13-NR6A1.H13CORE.2.SM.B,12,498,0.856117031888818,0.77751953429922,0.984120217197233,NR6A1
Hsapiens-HOCOMOCOv11-core-A-SIX1_HUMAN.H11MO.0.A,15,497,1.08793624389843,0.777880671351788,0.98441049378626,SIX1
Hsapiens-jaspar2022-THRB-MA1576.1,15,499,1.08328295165955,0.778290261117676,0.98442000903028,THRB
Hsapiens-HOCOMOCOv10-TBX21_HUMAN.H10MO.D,15,501,1.07866685794525,0.778747678842956,0.98442000903028,TBX21
Hsapiens-jaspar2016-BATF3-MA0835.1,15,503,1.07415794906607,0.779252275762372,0.98442000903028,BATF3
Hsapiens-jaspar2018-BATF3-MA0835.1,15,503,1.07415794906607,0.779252275762372,0.98442000903028,BATF3
Hsapiens-jolma2013-BATF3,15,503,1.07415794906607,0.779252275762372,0.98442000903028,BATF3
Hsapiens-SwissRegulon-BATF3.SwissRegulon,15,503,1.07415794906607,0.779252275762372,0.98442000903028,BATF3
Hsapiens-HOCOMOCOv10-IRF7_HUMAN.H10MO.C,36,1246,1.04277006744651,0.779529380264502,0.98442000903028,IRF7
Hsapiens-HOCOMOCOv11-core-C-IRF7_HUMAN.H11MO.0.C,36,1246,1.04277006744651,0.779529380264502,0.98442000903028,IRF7
Hsapiens-jaspar2016-FOXC1-MA0032.2,33,1256,0.931805765300727,0.779601600403549,0.98442000903028,FOXC1
Hsapiens-jaspar2018-FOXC1-MA0032.2,33,1256,0.931805765300727,0.779601600403549,0.98442000903028,FOXC1
Hsapiens-jaspar2022-FOXC1-MA0032.2,33,1256,0.931805765300727,0.779601600403549,0.98442000903028,FOXC1
Hsapiens-jaspar2024-FOXC1-MA0032.2,33,1256,0.931805765300727,0.779601600403549,0.98442000903028,FOXC1
Hsapiens-jolma2013-FOXC1-3,33,1256,0.931805765300727,0.779601600403549,0.98442000903028,FOXC1
Hsapiens-HOCOMOCOv11-secondary-D-DDIT3_HUMAN.H11MO.0.D,15,505,1.0696143678376,0.77980338006761,0.984508357965683,DDIT3
Hsapiens-jaspar2024-TBX2-MA0688.2,15,507,1.06510671605145,0.780400297881404,0.984929000486009,TBX2
Hsapiens-SwissRegulon-PITX1.SwissRegulon,37,1269,1.05437605071933,0.780376766716589,0.984929000486009,PITX1
Hsapiens-HOCOMOCOv13-ZNF526.H13CORE.0.S.C,15,508,1.06286623471067,0.780715714223621,0.985160613200916,ZNF526
Hsapiens-HOCOMOCOv13-ONEC2.H13CORE.0.S.B,4,129,1.11370268213671,0.784448928769618,0.98582829876366,ONEC2
Hsapiens-HOCOMOCOv11-core-A-MEIS1_HUMAN.H11MO.0.A,15,511,1.05619755961976,0.781728694054948,0.98582829876366,MEIS1
Hsapiens-jolma2013-PDX1,15,512,1.05399209067592,0.782088285295504,0.98582829876366,PDX1
Hsapiens-SwissRegulon-NFE2.SwissRegulon,15,512,1.05399209067592,0.782088285295504,0.98582829876366,NFE2
Hsapiens-HOCOMOCOv10-HXB2_HUMAN.H10MO.D,15,513,1.0517952506549,0.782458683135909,0.98582829876366,HXB2
Hsapiens-HOCOMOCOv11-secondary-D-HXB2_HUMAN.H11MO.0.D,15,513,1.0517952506549,0.782458683135909,0.98582829876366,HXB2
Hsapiens-jaspar2024-EN2-MA0642.3,15,515,1.04742726222254,0.783231509134751,0.98582829876366,EN2
Hsapiens-HOCOMOCOv13-ZN664.H13CORE.0.P.C,38,1315,1.04344580082969,0.783945264640075,0.98582829876366,ZN664
Hsapiens-hPDI-RBBP5,34,1286,0.938416902707196,0.782130144685384,0.98582829876366,RBBP5
Hsapiens-jolma2013-FOXJ3-2,35,1336,0.927823634219019,0.78452259597898,0.98582829876366,FOXJ3
Hsapiens-HOCOMOCOv11-secondary-A-ANDR_HUMAN.H11MO.1.A,13,519,0.891673232630348,0.783517307296245,0.98582829876366,ANDR
Hsapiens-HOCOMOCOv13-ZNF90.H13CORE.0.P.C,13,520,0.889838855654002,0.783503962913737,0.98582829876366,ZNF90
Hsapiens-HOCOMOCOv10-MAFK_HUMAN.H10MO.A,13,521,0.888011516196779,0.783502508765897,0.98582829876366,MAFK
Hsapiens-jolma2013-ESRRA-3,13,521,0.888011516196779,0.783502508765897,0.98582829876366,ESRRA
Hsapiens-jaspar2022-USF1-MA0093.3,13,522,0.886191173828121,0.783512903577622,0.98582829876366,USF1
Hsapiens-jolma2013-NKX6-1,13,525,0.880771729566417,0.783614743553574,0.98582829876366,NKX6-1
Hsapiens-SwissRegulon-NKX6-1.SwissRegulon,13,525,0.880771729566417,0.783614743553574,0.98582829876366,NKX6-1
Hsapiens-HOCOMOCOv10-CEBPA_HUMAN.H10MO.A,13,528,0.875413832939577,0.78382157690333,0.98582829876366,CEBPA
Hsapiens-HOCOMOCOv11-core-A-LHX2_HUMAN.H11MO.0.A,13,528,0.875413832939577,0.78382157690333,0.98582829876366,LHX2
Hsapiens-SwissRegulon-BCL11A.SwissRegulon,13,528,0.875413832939577,0.78382157690333,0.98582829876366,BCL11A
Hsapiens-HOCOMOCOv13-GLIS1.H13CORE.2.SM.B,13,530,0.87187557904844,0.784017118464392,0.98582829876366,GLIS1
Hsapiens-HOCOMOCOv13-RUNX2.H13CORE.0.P.B,13,530,0.87187557904844,0.784017118464392,0.98582829876366,RUNX2
Hsapiens-HOCOMOCOv11-secondary-D-GRHL1_HUMAN.H11MO.0.D,13,533,0.866617956060784,0.784395808426161,0.98582829876366,GRHL1
Hsapiens-jolma2013-NKX6-2,13,533,0.866617956060784,0.784395808426161,0.98582829876366,NKX6-2
Hsapiens-cisbp_1.02-M4571_1.02,13,534,0.864878534790126,0.784544571944196,0.98582829876366,JUND
Hsapiens-HOCOMOCOv13-TBX2.H13CORE.0.SM.B,13,535,0.863145612096493,0.784704500537764,0.985863400255099,TBX2
Hsapiens-jaspar2024-BCL6-MA0463.3,16,534,1.07991494323573,0.785057598972391,0.985975316415804,BCL6
Hsapiens-jolma2013-HMX1,16,534,1.07991494323573,0.785057598972391,0.985975316415804,HMX1
Hsapiens-hPDI-KIF22,119,4177,1.04609090706409,0.785306410546047,0.986121987284537,KIF22
Hsapiens-jaspar2024-ZIC4-MA0751.2,16,536,1.07566414169458,0.785454582025659,0.986142254689804,ZIC4
Hsapiens-jaspar2024-FOXD2-MA0847.4,36,1367,0.933318370581955,0.78659888882693,0.987412958092158,FOXD2
Hsapiens-jolma2013-FOXO3,16,542,1.0628899515443,0.786903304739892,0.987629101512729,FOXO3
Hsapiens-jolma2013-POU2F2-2,16,544,1.05869466705543,0.787470191887279,0.987632650028076,POU2F2
Hsapiens-hPDI-THRAP6,16,545,1.05660860674333,0.787769038714075,0.987632650028076,MED30
Hsapiens-cisbp_1.02-M5671_1.02,16,546,1.05453021272954,0.788078049008264,0.987632650028076,NHLH1
Hsapiens-HOCOMOCOv11-core-C-NKX32_HUMAN.H11MO.0.C,16,546,1.05453021272954,0.788078049008264,0.987632650028076,NKX32
Hsapiens-jaspar2016-NHLH1-MA0048.2,16,546,1.05453021272954,0.788078049008264,0.987632650028076,NHLH1
Hsapiens-jaspar2018-NHLH1-MA0048.2,16,546,1.05453021272954,0.788078049008264,0.987632650028076,NHLH1
Hsapiens-jaspar2022-NHLH1-MA0048.2,16,546,1.05453021272954,0.788078049008264,0.987632650028076,NHLH1
Hsapiens-jolma2013-NHLH1-2,16,546,1.05453021272954,0.788078049008264,0.987632650028076,NHLH1
Hsapiens-cisbp_1.02-M3375_1.02,16,547,1.05245944415424,0.788397142401509,0.987632650028076,NHLH1
Hsapiens-jaspar2024-HNF4A-MA0114.5,16,550,1.04629248698111,0.789414101986165,0.987632650028076,HNF4A
Hsapiens-jaspar2022-SNAI3-MA1559.1,14,554,0.899668786141156,0.789943612809494,0.987632650028076,SNAI3
Hsapiens-HOCOMOCOv11-core-C-ZN214_HUMAN.H11MO.0.C,14,556,0.896190412137035,0.789911056557097,0.987632650028076,ZN214
Hsapiens-cisbp_1.02-M5588_1.02,14,557,0.894460585843346,0.789911073482762,0.987632650028076,JDP2
Hsapiens-jaspar2024-JUN::JUNB-MA1133.2,14,557,0.894460585843346,0.789911073482762,0.987632650028076,JUN::JUNB
Hsapiens-HOCOMOCOv13-ZN587.H13CORE.0.P.C,14,560,0.889308148781698,0.78997587692087,0.987632650028076,ZN587
Hsapiens-jaspar2016-TBX20-MA0689.1,14,560,0.889308148781698,0.78997587692087,0.987632650028076,TBX20
Hsapiens-jaspar2018-TBX20-MA0689.1,14,560,0.889308148781698,0.78997587692087,0.987632650028076,TBX20
Hsapiens-jaspar2018-PBX2-MA1113.1,14,560,0.889308148781698,0.78997587692087,0.987632650028076,PBX2
Hsapiens-jaspar2022-TBX20-MA0689.1,14,560,0.889308148781698,0.78997587692087,0.987632650028076,TBX20
Hsapiens-jaspar2024-TBX20-MA0689.1,14,560,0.889308148781698,0.78997587692087,0.987632650028076,TBX20
Hsapiens-jolma2013-TBX20-4,14,560,0.889308148781698,0.78997587692087,0.987632650028076,TBX20
Hsapiens-jaspar2024-NHLH2-MA1529.2,14,561,0.887602907030713,0.790018934954017,0.987632650028076,NHLH2
Hsapiens-jaspar2024-BCL11A-MA2324.1,14,564,0.882523438121544,0.790211904748665,0.987632650028076,BCL11A
Hsapiens-jaspar2024-POU5F1-MA1115.2,14,564,0.882523438121544,0.790211904748665,0.987632650028076,POU5F1
Hsapiens-SwissRegulon-POU5F1.SwissRegulon,14,564,0.882523438121544,0.790211904748665,0.987632650028076,POU5F1
Hsapiens-jolma2013-SRY,14,567,0.877497682574008,0.790499632382109,0.987635936168503,SRY
Hsapiens-cisbp_1.02-M4579_1.02,14,568,0.875834219981667,0.790616378307387,0.987635936168503,USF2
Hsapiens-HOCOMOCOv10-KLF3_HUMAN.H10MO.D,14,568,0.875834219981667,0.790616378307387,0.987635936168503,KLF3
Hsapiens-SwissRegulon-BCL6B.SwissRegulon,14,569,0.874176600239408,0.79074345940389,0.987635936168503,BCL6B
Hsapiens-jaspar2024-ZKSCAN5-MA1652.2,42,1444,1.05274780309654,0.791096250833432,0.987746221577215,ZKSCAN5
Hsapiens-cisbp_1.02-M4638_1.02,14,571,0.870878766559807,0.79102841847638,0.987746221577215,USF2
Hsapiens-jaspar2024-ZIC5-MA1584.2,17,573,1.06894954698711,0.791917900592394,0.988606852669996,ZIC5
Hsapiens-HOCOMOCOv13-NR1D1.H13CORE.1.SM.B,17,574,1.06694178745923,0.792125693225018,0.988701003124609,NR1D1
Hsapiens-cisbp_1.02-M6158_1.02,17,576,1.06294723456933,0.792570690478284,0.988925908316456,BATF
Hsapiens-jolma2013-HSFY2,4,136,1.05547086264735,0.792522120544614,0.988925908316456,HSFY2
Hsapiens-HOCOMOCOv10-HXC12_HUMAN.H10MO.D,18,605,1.07255220562891,0.796914764195831,0.989706815103636,HXC12
Hsapiens-HOCOMOCOv11-secondary-D-HXC12_HUMAN.H11MO.0.D,18,605,1.07255220562891,0.796914764195831,0.989706815103636,HXC12
Hsapiens-HOCOMOCOv10-NR5A2_HUMAN.H10MO.C,18,606,1.07063576471217,0.797070499432254,0.989706815103636,NR5A2
Hsapiens-HOCOMOCOv10-HMGA2_HUMAN.H10MO.D,19,640,1.07037613344231,0.802006672247212,0.989706815103636,HMGA2
Hsapiens-HOCOMOCOv11-secondary-D-HMGA2_HUMAN.H11MO.0.D,19,640,1.07037613344231,0.802006672247212,0.989706815103636,HMGA2
Hsapiens-HOCOMOCOv11-core-B-NFKB2_HUMAN.H11MO.0.B,19,643,1.06494294898716,0.802442278366399,0.989706815103636,NFKB2
Hsapiens-jaspar2016-EGR2-MA0472.2,19,644,1.06314316353956,0.802604656457722,0.989706815103636,EGR2
Hsapiens-jaspar2018-EGR2-MA0472.2,19,644,1.06314316353956,0.802604656457722,0.989706815103636,EGR2
Hsapiens-jaspar2022-EGR2-MA0472.2,19,644,1.06314316353956,0.802604656457722,0.989706815103636,EGR2
Hsapiens-jaspar2024-EGR2-MA0472.2,19,644,1.06314316353956,0.802604656457722,0.989706815103636,EGR2
Hsapiens-jolma2013-EGR2,19,644,1.06314316353956,0.802604656457722,0.989706815103636,EGR2
Hsapiens-cisbp_1.02-M6280_1.02,18,610,1.06303297795237,0.797785748870198,0.989706815103636,HMGA2
Hsapiens-HOCOMOCOv13-NR2C1.H13CORE.1.PM.A,18,610,1.06303297795237,0.797785748870198,0.989706815103636,NR2C1
Hsapiens-SwissRegulon-HMGA2.SwissRegulon,18,610,1.06303297795237,0.797785748870198,0.989706815103636,HMGA2
Hsapiens-HOCOMOCOv11-core-A-MXI1_HUMAN.H11MO.0.A,18,611,1.06114787479372,0.797987378540477,0.989706815103636,MXI1
Hsapiens-jolma2013-FOXO1,18,612,1.05926894946946,0.798198027695587,0.989706815103636,FOXO1
Hsapiens-HOCOMOCOv10-BATF_HUMAN.H10MO.S,17,581,1.05308151537969,0.793851762898774,0.989706815103636,BATF
Hsapiens-SwissRegulon-BATF.SwissRegulon,17,581,1.05308151537969,0.793851762898774,0.989706815103636,BATF
Hsapiens-HOCOMOCOv11-core-A-TEAD4_HUMAN.H11MO.0.A,18,616,1.05181444054553,0.799129696406519,0.989706815103636,TEAD4
Hsapiens-hPDI-TRIP10,17,583,1.04918276794205,0.794430223531834,0.989706815103636,TRIP10
Hsapiens-HOCOMOCOv13-ZN565.H13CORE.0.P.C,18,618,1.04812349670792,0.799648162141943,0.989706815103636,ZN565
Hsapiens-HOCOMOCOv11-core-A-HNF4A_HUMAN.H11MO.0.A,18,621,1.04263182926511,0.800490295172455,0.989706815103636,HNF4A
Hsapiens-hPDI-C19orf40,42,1581,0.941279648747148,0.798068055356309,0.989706815103636,C19orf40
Hsapiens-jaspar2024-FEZF2-MA2341.1,43,1620,0.940019873611167,0.799768678072412,0.989706815103636,FEZF2
Hsapiens-HOCOMOCOv13-HNF4G.H13CORE.0.P.B,16,627,0.908258645418627,0.801028933586064,0.989706815103636,HNF4G
Hsapiens-jaspar2016-SNAI2-MA0745.1,16,627,0.908258645418627,0.801028933586064,0.989706815103636,SNAI2
Hsapiens-jaspar2018-SNAI2-MA0745.1,16,627,0.908258645418627,0.801028933586064,0.989706815103636,SNAI2
Hsapiens-jolma2013-SNAI2,16,627,0.908258645418627,0.801028933586064,0.989706815103636,SNAI2
Hsapiens-SwissRegulon-SNAI2.SwissRegulon,16,627,0.908258645418627,0.801028933586064,0.989706815103636,SNAI2
Hsapiens-HOCOMOCOv10-GFI1B_HUMAN.H10MO.C,16,628,0.906688635701943,0.801022091176036,0.989706815103636,GFI1B
Hsapiens-HOCOMOCOv10-ATF2_HUMAN.H10MO.B,15,590,0.905064886600353,0.795749589753769,0.989706815103636,ATF2
Hsapiens-SwissRegulon-ATF2.SwissRegulon,15,590,0.905064886600353,0.795749589753769,0.989706815103636,ATF2
Hsapiens-hPDI-RBM35A,15,591,0.903410824677821,0.795730904482048,0.989706815103636,ESRP1
Hsapiens-cisbp_1.02-M2295_1.02,15,592,0.901762346285239,0.795722213740809,0.989706815103636,MAFF
Hsapiens-HOCOMOCOv13-BATF3.H13CORE.1.P.B,15,592,0.901762346285239,0.795722213740809,0.989706815103636,BATF3
Hsapiens-HOCOMOCOv10-GATA6_HUMAN.H10MO.B,15,592,0.901762346285239,0.795722213740809,0.989706815103636,GATA6
Hsapiens-JASPAR_2014-MAFF-MA0495.1,15,592,0.901762346285239,0.795722213740809,0.989706815103636,MAFF
Hsapiens-jaspar2016-MAFF-MA0495.1,15,592,0.901762346285239,0.795722213740809,0.989706815103636,MAFF
Hsapiens-jaspar2018-MAFF-MA0495.1,15,592,0.901762346285239,0.795722213740809,0.989706815103636,MAFF
Hsapiens-JASPAR_2014-USF1-MA0093.2,16,632,0.900458234555607,0.801086458487378,0.989706815103636,USF1
Hsapiens-jaspar2016-USF1-MA0093.2,16,632,0.900458234555607,0.801086458487378,0.989706815103636,USF1
Hsapiens-jaspar2018-USF1-MA0093.2,16,632,0.900458234555607,0.801086458487378,0.989706815103636,USF1
Hsapiens-HOCOMOCOv11-core-A-BRAC_HUMAN.H11MO.0.A,15,594,0.898482027339538,0.79573469801117,0.989706815103636,BRAC
Hsapiens-cisbp_1.02-M1917_1.02,16,635,0.895836896972191,0.801230251910176,0.989706815103636,USF1
Hsapiens-HOCOMOCOv11-core-B-NDF2_HUMAN.H11MO.0.B,16,637,0.892780165483051,0.801371125640297,0.989706815103636,NDF2
Hsapiens-HOCOMOCOv11-core-A-NKX21_HUMAN.H11MO.0.A,16,638,0.891258979674922,0.80145496316786,0.989706815103636,NKX21
Hsapiens-HOCOMOCOv13-RARG.H13CORE.1.PSM.A,15,599,0.890376988371074,0.795938615182542,0.989706815103636,RARG
Hsapiens-HOCOMOCOv13-TBX18.H13CORE.0.M.C,15,599,0.890376988371074,0.795938615182542,0.989706815103636,TBX18
Hsapiens-HOCOMOCOv10-RFX3_HUMAN.H10MO.B,15,600,0.888772177517802,0.796008723780406,0.989706815103636,RFX3
Hsapiens-HOCOMOCOv11-core-B-RFX3_HUMAN.H11MO.0.B,15,600,0.888772177517802,0.796008723780406,0.989706815103636,RFX3
Hsapiens-jaspar2024-PBX2-MA1113.3,16,640,0.888230855794335,0.80164925773997,0.989706815103636,PBX2
Hsapiens-JASPAR_CORE-REL-MA0101.1,16,642,0.885221581007665,0.801878790613903,0.989706815103636,REL
Hsapiens-JASPAR_2014-REL-MA0101.1,16,642,0.885221581007665,0.801878790613903,0.989706815103636,REL
Hsapiens-jaspar2016-REL-MA0101.1,16,642,0.885221581007665,0.801878790613903,0.989706815103636,REL
Hsapiens-jaspar2018-REL-MA0101.1,16,642,0.885221581007665,0.801878790613903,0.989706815103636,REL
Hsapiens-jaspar2022-REL-MA0101.1,16,642,0.885221581007665,0.801878790613903,0.989706815103636,REL
Hsapiens-jaspar2024-REL-MA0101.1,16,642,0.885221581007665,0.801878790613903,0.989706815103636,REL
Hsapiens-SwissRegulon-REL.SwissRegulon,16,642,0.885221581007665,0.801878790613903,0.989706815103636,REL
Hsapiens-HOCOMOCOv13-FOXJ2.H13CORE.0.PSM.A,15,606,0.879254446786117,0.79663133553192,0.989706815103636,FOXJ2
Hsapiens-jaspar2024-TBX18-MA1565.2,15,607,0.877686436711361,0.796768360126064,0.989706815103636,TBX18
Hsapiens-HOCOMOCOv10-HSFY1_HUMAN.H10MO.D,3,148,0.722994871074975,0.80043243470967,0.989706815103636,HSFY1
Hsapiens-HOCOMOCOv11-secondary-D-HSFY1_HUMAN.H11MO.0.D,3,148,0.722994871074975,0.80043243470967,0.989706815103636,HSFY1
Hsapiens-jaspar2016-TBX19-MA0804.1,3,150,0.71317294966352,0.800809389272378,0.989706815103636,TBX19
Hsapiens-jaspar2018-TBX19-MA0804.1,3,150,0.71317294966352,0.800809389272378,0.989706815103636,TBX19
Hsapiens-jaspar2022-TBX19-MA0804.1,3,150,0.71317294966352,0.800809389272378,0.989706815103636,TBX19
Hsapiens-jolma2013-TBX19,3,150,0.71317294966352,0.800809389272378,0.989706815103636,TBX19
Hsapiens-SwissRegulon-TBX19.SwissRegulon,3,150,0.71317294966352,0.800809389272378,0.989706815103636,TBX19
Hsapiens-jaspar2022-CEBPE-MA0837.2,3,152,0.703609474533074,0.801326974386147,0.989706815103636,CEBPE
Hsapiens-jolma2013-GRHL1-2,3,152,0.703609474533074,0.801326974386147,0.989706815103636,GRHL1
Hsapiens-HOCOMOCOv13-ZBT20.H13CORE.0.SM.B,3,154,0.694294377431346,0.801980515631266,0.989706815103636,ZBT20
Hsapiens-jolma2013-MYBL1-3,3,154,0.694294377431346,0.801980515631266,0.989706815103636,MYBL1
Hsapiens-HOCOMOCOv13-ZNF518B.H13CORE.0.PSG.A,5,159,1.13031770525277,0.805268940299951,0.989902319074643,ZNF518B
Hsapiens-HOCOMOCOv13-PAX3.H13CORE.1.SM.B,5,160,1.1231102738884,0.805857627689364,0.989902319074643,PAX3
Hsapiens-HOCOMOCOv13-PAX5.H13CORE.0.PS.A,5,161,1.11599236305858,0.806474174798394,0.989902319074643,PAX5
Hsapiens-cisbp_1.02-M3591_1.02,19,649,1.05422766307077,0.803543314470778,0.989902319074643,MYOD1
Hsapiens-HOCOMOCOv13-ZN749.H13CORE.1.P.C,19,650,1.05246107322493,0.803756064606928,0.989902319074643,ZN749
Hsapiens-HOCOMOCOv10-PBX2_HUMAN.H10MO.C,19,656,1.04197504675978,0.805203443669921,0.989902319074643,PBX2
Hsapiens-HOCOMOCOv11-core-C-PBX2_HUMAN.H11MO.0.C,19,656,1.04197504675978,0.805203443669921,0.989902319074643,PBX2
Hsapiens-HOCOMOCOv13-MBNL2.H13CORE.0.B.B,17,661,0.915585771000652,0.805920813914942,0.989902319074643,MBNL2
Hsapiens-jaspar2018-FOSL2::JUN(var.2)-MA1131.1,17,662,0.914077375637705,0.805898439346755,0.989902319074643,FOSL2::JUN(var.2)
Hsapiens-jaspar2022-FOSL2::JUN-MA1131.1,17,662,0.914077375637705,0.805898439346755,0.989902319074643,FOSL2::JUN
Hsapiens-jaspar2024-HOXD9-MA0913.3,17,662,0.914077375637705,0.805898439346755,0.989902319074643,HOXD9
Hsapiens-JASPAR_CORE-RELA-MA0107.1,17,666,0.908089043274951,0.805894517499116,0.989902319074643,RELA
Hsapiens-JASPAR_2014-RELA-MA0107.1,17,666,0.908089043274951,0.805894517499116,0.989902319074643,RELA
Hsapiens-jaspar2016-RELA-MA0107.1,17,666,0.908089043274951,0.805894517499116,0.989902319074643,RELA
Hsapiens-jaspar2018-RELA-MA0107.1,17,666,0.908089043274951,0.805894517499116,0.989902319074643,RELA
Hsapiens-jaspar2022-RELA-MA0107.1,17,666,0.908089043274951,0.805894517499116,0.989902319074643,RELA
Hsapiens-jaspar2024-RELA-MA0107.1,17,666,0.908089043274951,0.805894517499116,0.989902319074643,RELA
Hsapiens-jaspar2022-ZKSCAN3-MA1973.1,17,670,0.902172137402054,0.806026388205268,0.989902319074643,ZKSCAN3
Hsapiens-HOCOMOCOv11-core-A-SRBP1_HUMAN.H11MO.0.A,17,671,0.900703921701755,0.806080378119336,0.989902319074643,SRBP1
Hsapiens-SwissRegulon-RELA.SwissRegulon,17,671,0.900703921701755,0.806080378119336,0.989902319074643,RELA
Hsapiens-HOCOMOCOv10-GCR_HUMAN.H10MO.S,17,675,0.894874515006946,0.806379550136656,0.989902319074643,GCR
Hsapiens-HOCOMOCOv10-PRGR_HUMAN.H10MO.S,17,675,0.894874515006946,0.806379550136656,0.989902319074643,PRGR
Hsapiens-SwissRegulon-PGR.SwissRegulon,17,675,0.894874515006946,0.806379550136656,0.989902319074643,PGR
Hsapiens-HOCOMOCOv13-ZN177.H13CORE.0.SM.B,3,157,0.680766678660505,0.803205277762046,0.989902319074643,ZN177
Hsapiens-JASPAR_CORE-MIZF-MA0131.1,3,160,0.667746222030515,0.804708738377111,0.989902319074643,MIZF
Hsapiens-JASPAR_2014-HINFP-MA0131.1,3,160,0.667746222030515,0.804708738377111,0.989902319074643,HINFP
Hsapiens-jaspar2016-HINFP-MA0131.1,3,160,0.667746222030515,0.804708738377111,0.989902319074643,HINFP
Hsapiens-jaspar2018-HINFP-MA0131.1,3,160,0.667746222030515,0.804708738377111,0.989902319074643,HINFP
Hsapiens-jolma2013-HOXC11-4,20,677,1.06499215208588,0.806938305033476,0.990173827494234,HOXC11
Hsapiens-HOCOMOCOv11-core-A-E2F3_HUMAN.H11MO.0.A,51,1780,1.03531255499765,0.806960515190441,0.990173827494234,E2F3
Hsapiens-HOCOMOCOv13-FOXJ2.H13CORE.2.S.B,48,1800,0.9439359977781,0.807148621387003,0.990241960108332,FOXJ2
Hsapiens-HOCOMOCOv13-PBX3.H13CORE.1.P.B,20,682,1.05645483699481,0.807698196972987,0.99075346250472,PBX3
Hsapiens-SwissRegulon-HNF4A.SwissRegulon,20,689,1.04471140836489,0.809090359286925,0.992127575091785,HNF4A
Hsapiens-jolma2013-FOXO1-3,20,690,1.04305329743542,0.809319746566108,0.992127575091785,FOXO1
Hsapiens-jaspar2024-ZNF416-MA1979.2,18,698,0.917877167577339,0.810366240498262,0.992127575091785,ZNF416
Hsapiens-HOCOMOCOv11-core-B-SMAD4_HUMAN.H11MO.0.B,18,700,0.915002375276804,0.810350601788579,0.992127575091785,SMAD4
Hsapiens-HOCOMOCOv11-secondary-B-NR1H3_HUMAN.H11MO.1.B,18,702,0.912143943701953,0.810366775574947,0.992127575091785,NR1H3
Hsapiens-jaspar2024-FOXS1-MA2118.1,18,703,0.910720819572392,0.810386740070563,0.992127575091785,FOXS1
Hsapiens-JASPAR_2014-DUX4-MA0468.1,18,706,0.906475606837292,0.810493872364356,0.992127575091785,DUX4
Hsapiens-jaspar2016-DUX4-MA0468.1,18,706,0.906475606837292,0.810493872364356,0.992127575091785,DUX4
Hsapiens-jaspar2018-DUX4-MA0468.1,18,706,0.906475606837292,0.810493872364356,0.992127575091785,DUX4
Hsapiens-jaspar2022-DUX4-MA0468.1,18,706,0.906475606837292,0.810493872364356,0.992127575091785,DUX4
Hsapiens-jaspar2022-GATA4-MA0482.2,18,706,0.906475606837292,0.810493872364356,0.992127575091785,GATA4
Hsapiens-jaspar2024-DUX4-MA0468.1,18,706,0.906475606837292,0.810493872364356,0.992127575091785,DUX4
Hsapiens-HOCOMOCOv13-ZN766.H13CORE.1.P.B,18,707,0.905068532218459,0.810545248789674,0.992127575091785,ZN766
Hsapiens-HOCOMOCOv10-GATA3_HUMAN.H10MO.C,18,710,0.900871060847695,0.810746012190494,0.99221071031473,GATA3
Hsapiens-HOCOMOCOv13-RXRB.H13CORE.1.SM.B,18,712,0.898092373619523,0.810918437912333,0.992259143638142,RXRB
Hsapiens-HOCOMOCOv13-ZN527.H13CORE.0.P.C,21,714,1.0601518982267,0.811482788476342,0.992787051126912,ZN527
Hsapiens-HOCOMOCOv13-BHLHA9.H13CORE.0.P.B,21,715,1.05852239673233,0.811618249209692,0.992790157770584,BHLHA9
Hsapiens-SwissRegulon-PBX3.SwissRegulon,21,718,1.0536612055885,0.812069192745405,0.993179106044773,PBX3
Hsapiens-HOCOMOCOv11-core-A-DUX4_HUMAN.H11MO.0.A,21,719,1.05204985121815,0.812234239972703,0.993218326515409,DUX4
Hsapiens-jaspar2018-FOXP1-MA0481.2,21,722,1.0472426596157,0.812773051013174,0.993714506141332,FOXP1
Hsapiens-hPDI-DAB2,21,727,1.03931916423812,0.813814241870001,0.994824643621446,DAB2
Hsapiens-HOCOMOCOv11-secondary-A-PRGR_HUMAN.H11MO.1.A,19,735,0.919917356788698,0.814485116264265,0.995481808767435,PRGR
Hsapiens-hPDI-ZNF205,19,745,0.906311811322053,0.814791555751543,0.995693411306982,ZNF205
Hsapiens-jaspar2022-FOXO1::ELK3-MA1955.1,19,749,0.900971176561221,0.815118276341172,0.995766831205793,FOXO1::ELK3
Hsapiens-jaspar2024-FOXO1::ELK3-MA1955.2,19,749,0.900971176561221,0.815118276341172,0.995766831205793,FOXO1::ELK3
Hsapiens-jaspar2022-ZNF140-MA1589.1,22,749,1.05888883884741,0.815438370941963,0.995994961989455,ZNF140
Hsapiens-SwissRegulon-RUNX1.SwissRegulon,22,751,1.05577478949681,0.815687076467823,0.996135836190021,RUNX1
Hsapiens-jaspar2022-FOXA2-MA0047.3,22,754,1.05113478364432,0.816112481551187,0.99628113372887,FOXA2
Hsapiens-jaspar2016-CUX2-MA0755.1,5,174,1.030912927765,0.816739775314215,0.99628113372887,CUX2
Hsapiens-jaspar2018-CUX2-MA0755.1,5,174,1.030912927765,0.816739775314215,0.99628113372887,CUX2
Hsapiens-jaspar2022-CUX2-MA0755.1,5,174,1.030912927765,0.816739775314215,0.99628113372887,CUX2
Hsapiens-jolma2013-CUX2-2,5,174,1.030912927765,0.816739775314215,0.99628113372887,CUX2
Hsapiens-hPDI-C19orf25,56,2075,0.956639288507609,0.816434976669566,0.99628113372887,C19orf25
Hsapiens-hPDI-RBM7,200,7203,0.954142052047015,0.816430603079213,0.99628113372887,RBM7
Hsapiens-jaspar2024-MSANTD3-MA1523.2,22,763,1.0374344510147,0.817757104312933,0.996416278927741,MSANTD3
Hsapiens-hPDI-CLK1,57,2122,0.950261101340358,0.817404475014584,0.996416278927741,CLK1
Hsapiens-jaspar2024-ZNF75A-MA2097.1,20,769,0.925724664259667,0.818339927588372,0.996416278927741,ZNF75A
Hsapiens-SwissRegulon-HLX.SwissRegulon,20,771,0.923066224986716,0.818315910622096,0.996416278927741,HLX
Hsapiens-jaspar2016-POU5F1B-MA0792.1,20,772,0.921742162692416,0.818314408476932,0.996416278927741,POU5F1B
Hsapiens-jaspar2018-POU5F1B-MA0792.1,20,772,0.921742162692416,0.818314408476932,0.996416278927741,POU5F1B
Hsapiens-jaspar2022-POU5F1B-MA0792.1,20,772,0.921742162692416,0.818314408476932,0.996416278927741,POU5F1B
Hsapiens-jaspar2024-POU5F1B-MA0792.1,20,772,0.921742162692416,0.818314408476932,0.996416278927741,POU5F1B
Hsapiens-jolma2013-POU5F1P1,20,772,0.921742162692416,0.818314408476932,0.996416278927741,POU5F1P1
Hsapiens-HOCOMOCOv11-core-B-SOX3_HUMAN.H11MO.0.B,20,777,0.915172893935561,0.818411311006197,0.996416278927741,SOX3
Hsapiens-jaspar2024-PBX3-MA1114.2,20,777,0.915172893935561,0.818411311006197,0.996416278927741,PBX3
Hsapiens-jaspar2024-ETV5::FOXI1-MA1946.2,20,778,0.913869156926917,0.818451448818006,0.996416278927741,ETV5::FOXI1
Hsapiens-HOCOMOCOv10-HSF1_HUMAN.H10MO.A,20,782,0.908687500368651,0.818680528302363,0.99653273564054,HSF1
Hsapiens-hPDI-MRPS25,23,787,1.05327919267556,0.819462837064728,0.997322458862059,MRPS25
Hsapiens-HOCOMOCOv13-HXA9.H13CORE.1.SM.B,4,181,0.788502007955507,0.820085800876622,0.997377731077214,HXA9
Hsapiens-jaspar2016-PAX4-MA0068.2,4,184,0.775347761331912,0.820309466060694,0.997377731077214,PAX4
Hsapiens-jaspar2018-PAX4-MA0068.2,4,184,0.775347761331912,0.820309466060694,0.997377731077214,PAX4
Hsapiens-jaspar2022-PAX4-MA0068.2,4,184,0.775347761331912,0.820309466060694,0.997377731077214,PAX4
Hsapiens-jaspar2024-PAX4-MA0068.2,4,184,0.775347761331912,0.820309466060694,0.997377731077214,PAX4
Hsapiens-jolma2013-PAX4-2,4,184,0.775347761331912,0.820309466060694,0.997377731077214,PAX4
Hsapiens-hPDI-EWSR1,4,186,0.766813973439406,0.820591748213521,0.997558555893031,EWSR1
Hsapiens-HOCOMOCOv10-CDX1_HUMAN.H10MO.C,21,804,0.929773712496938,0.821921141063308,0.998150112083921,CDX1
Hsapiens-HOCOMOCOv11-core-C-CDX1_HUMAN.H11MO.0.C,21,804,0.929773712496938,0.821921141063308,0.998150112083921,CDX1
Hsapiens-SwissRegulon-CDX1.SwissRegulon,21,804,0.929773712496938,0.821921141063308,0.998150112083921,CDX1
Hsapiens-jolma2013-MSX2,21,809,0.923380849767442,0.821885482099722,0.998150112083921,MSX2
Hsapiens-HOCOMOCOv13-FOXA3.H13CORE.0.PS.A,21,814,0.917066386473086,0.822013835778311,0.998150112083921,FOXA3
Hsapiens-HOCOMOCOv13-FOXI1.H13CORE.0.SM.B,21,814,0.917066386473086,0.822013835778311,0.998150112083921,FOXI1
Hsapiens-hPDI-LASS4,4,190,0.750285308459006,0.821463768907929,0.998150112083921,CERS4
Hsapiens-HOCOMOCOv13-FOXA2.H13CORE.0.PSM.A,24,819,1.05672952441647,0.822554958702155,0.998644828762418,FOXA2
Hsapiens-HOCOMOCOv13-TCF20.H13CORE.0.B.B,24,824,1.04957950536084,0.823098927294644,0.999139489819654,TCF20
Hsapiens-HOCOMOCOv13-HXC8.H13CORE.0.SM.B,4,196,0.726757112306428,0.82349748283971,0.999139489819654,HXC8
Hsapiens-jaspar2022-TGIF2LX-MA1571.1,4,196,0.726757112306428,0.82349748283971,0.999139489819654,TGIF2LX
Hsapiens-jaspar2024-TGIF2LX-MA1571.1,4,196,0.726757112306428,0.82349748283971,0.999139489819654,TGIF2LX
Hsapiens-JASPAR_2014-HNF4A-MA0114.2,24,833,1.03692649626119,0.824465406996107,0.999826615498282,HNF4A
Hsapiens-jaspar2016-HNF4A-MA0114.2,24,833,1.03692649626119,0.824465406996107,0.999826615498282,HNF4A
Hsapiens-jaspar2018-HNF4A-MA0114.2,24,833,1.03692649626119,0.824465406996107,0.999826615498282,HNF4A
Hsapiens-HOCOMOCOv13-ISL1.H13CORE.0.PSM.A,7,230,1.09406929881507,0.837618101872029,1,ISL1
Hsapiens-cisbp_1.02-M5909_1.02,7,231,1.08918876923738,0.83794797446433,1,TEF
Hsapiens-jaspar2016-TEF-MA0843.1,7,231,1.08918876923738,0.83794797446433,1,TEF
Hsapiens-jaspar2018-TEF-MA0843.1,7,231,1.08918876923738,0.83794797446433,1,TEF
Hsapiens-jaspar2022-TEF-MA0843.1,7,231,1.08918876923738,0.83794797446433,1,TEF
Hsapiens-jolma2013-TEF,7,231,1.08918876923738,0.83794797446433,1,TEF
Hsapiens-SwissRegulon-TEF.SwissRegulon,7,231,1.08918876923738,0.83794797446433,1,TEF
Hsapiens-jolma2013-TFCP2-2,6,200,1.07760348950106,0.826329733377072,1,TFCP2
Hsapiens-jolma2013-TBX21-3,6,200,1.07760348950106,0.826329733377072,1,TBX21
Hsapiens-HOCOMOCOv13-HXB5.H13CORE.0.SM.B,7,234,1.0747977114006,0.839040923674418,1,HXB5
Hsapiens-cisbp_1.02-M5511_1.02,7,235,1.07008248063885,0.83943880313133,1,HEY2
Hsapiens-jaspar2016-HEY2-MA0649.1,7,235,1.07008248063885,0.83943880313133,1,HEY2
Hsapiens-jaspar2018-HEY2-MA0649.1,7,235,1.07008248063885,0.83943880313133,1,HEY2
Hsapiens-jaspar2022-HEY2-MA0649.1,7,235,1.07008248063885,0.83943880313133,1,HEY2
Hsapiens-jolma2013-HEY2-2,7,235,1.07008248063885,0.83943880313133,1,HEY2
Hsapiens-HOCOMOCOv13-DLX1.H13CORE.1.PSM.A,8,270,1.06461353178144,0.849884303362594,1,DLX1
Hsapiens-jaspar2024-DPRX-MA1480.2,8,271,1.06054445673008,0.850210007864754,1,DPRX
Hsapiens-jaspar2016-GBX2-MA0890.1,9,305,1.06037558906917,0.858455940007936,1,GBX2
Hsapiens-jaspar2018-GBX2-MA0890.1,9,305,1.06037558906917,0.858455940007936,1,GBX2
Hsapiens-jaspar2022-GBX2-MA0890.1,9,305,1.06037558906917,0.858455940007936,1,GBX2
Hsapiens-jolma2013-NFIB,9,305,1.06037558906917,0.858455940007936,1,NFIB
Hsapiens-jolma2013-GBX2,9,305,1.06037558906917,0.858455940007936,1,GBX2
Hsapiens-SwissRegulon-LHX9.SwissRegulon,11,374,1.05730681891782,0.871627998639072,1,LHX9
Hsapiens-cisbp_1.02-M4012_1.02,10,340,1.05703714573249,0.865650349328024,1,CREB1
Hsapiens-HOCOMOCOv13-P73.H13CORE.1.P.B,10,340,1.05703714573249,0.865650349328024,1,P73
Hsapiens-jaspar2024-HOXB8-MA1502.2,7,238,1.05624326214476,0.840729374781324,1,HOXB8
Hsapiens-jaspar2024-HOXD8-MA0910.3,7,238,1.05624326214476,0.840729374781324,1,HOXD8
Hsapiens-HOCOMOCOv13-HXC13.H13CORE.0.SM.B,6,204,1.05598349326503,0.828619861867325,1,HXC13
Hsapiens-jaspar2024-ZSCAN16-MA2100.1,12,409,1.05485212379709,0.876984595433895,1,ZSCAN16
Hsapiens-HOCOMOCOv10-REST_HUMAN.H10MO.A,25,855,1.05441989236292,0.825855972146187,1,REST
Hsapiens-cisbp_1.02-M6275_1.02,10,341,1.05379714646596,0.865865252424758,1,HIF1A
Hsapiens-HOCOMOCOv10-HIF1A_HUMAN.H10MO.A,10,341,1.05379714646596,0.865865252424758,1,HIF1A
Hsapiens-SwissRegulon-HIF1A.SwissRegulon,10,341,1.05379714646596,0.865865252424758,1,HIF1A
Hsapiens-HOCOMOCOv13-GMEB2.H13CORE.2.SM.B,9,307,1.05318802437092,0.858991992640152,1,GMEB2
Hsapiens-jolma2013-HOXB5,12,410,1.05213852443071,0.877126612239653,1,HOXB5
Hsapiens-JASPAR_CORE-Pax6-MA0069.1,7,239,1.05168476277789,0.84119097059534,1,Pax6
Hsapiens-JASPAR_2014-Pax6-MA0069.1,7,239,1.05168476277789,0.84119097059534,1,Pax6
Hsapiens-jaspar2016-Pax6-MA0069.1,7,239,1.05168476277789,0.84119097059534,1,Pax6
Hsapiens-jaspar2018-Pax6-MA0069.1,7,239,1.05168476277789,0.84119097059534,1,Pax6
Hsapiens-jaspar2022-PAX6-MA0069.1,7,239,1.05168476277789,0.84119097059534,1,PAX6
Hsapiens-jaspar2024-PAX6-MA0069.1,7,239,1.05168476277789,0.84119097059534,1,PAX6
Hsapiens-jaspar2024-PPARG-MA0066.2,11,376,1.05140232384133,0.871976169584247,1,PPARG
Hsapiens-jaspar2024-LBX1-MA0618.2,6,205,1.05069347886395,0.829238991515335,1,LBX1
Hsapiens-jaspar2024-LHX9-MA0701.3,6,205,1.05069347886395,0.829238991515335,1,LHX9
Hsapiens-jaspar2024-NOTO-MA0710.2,6,205,1.05069347886395,0.829238991515335,1,NOTO
Hsapiens-jaspar2024-PRRX2-MA0075.4,6,205,1.05069347886395,0.829238991515335,1,PRRX2
Hsapiens-HOCOMOCOv10-CEBPD_HUMAN.H10MO.B,13,445,1.05029919759908,0.881802042694481,1,CEBPD
Hsapiens-jaspar2016-TBX4-MA0806.1,12,411,1.0494381819699,0.877276672146851,1,TBX4
Hsapiens-jaspar2016-TBX5-MA0807.1,12,411,1.0494381819699,0.877276672146851,1,TBX5
Hsapiens-jaspar2018-TBX4-MA0806.1,12,411,1.0494381819699,0.877276672146851,1,TBX4
Hsapiens-jaspar2018-TBX5-MA0807.1,12,411,1.0494381819699,0.877276672146851,1,TBX5
Hsapiens-jaspar2022-TBX4-MA0806.1,12,411,1.0494381819699,0.877276672146851,1,TBX4
Hsapiens-jaspar2022-TBX5-MA0807.1,12,411,1.0494381819699,0.877276672146851,1,TBX5
Hsapiens-jaspar2024-TBX4-MA0806.1,12,411,1.0494381819699,0.877276672146851,1,TBX4
Hsapiens-jaspar2024-TBX5-MA0807.1,12,411,1.0494381819699,0.877276672146851,1,TBX5
Hsapiens-jolma2013-TBX4,12,411,1.0494381819699,0.877276672146851,1,TBX4
Hsapiens-jolma2013-TBX5,12,411,1.0494381819699,0.877276672146851,1,TBX5
Hsapiens-SwissRegulon-TBX4.SwissRegulon,12,411,1.0494381819699,0.877276672146851,1,TBX4
Hsapiens-jaspar2016-OTX2-MA0712.1,8,274,1.04851608702151,0.851267695028574,1,OTX2
Hsapiens-jaspar2018-OTX2-MA0712.1,8,274,1.04851608702151,0.851267695028574,1,OTX2
Hsapiens-jaspar2022-HOXB2-MA0902.2,8,274,1.04851608702151,0.851267695028574,1,HOXB2
Hsapiens-jaspar2022-VAX2-MA0723.2,8,274,1.04851608702151,0.851267695028574,1,VAX2
Hsapiens-jolma2013-OTX2-2,8,274,1.04851608702151,0.851267695028574,1,OTX2
Hsapiens-SwissRegulon-OTX2.SwissRegulon,8,274,1.04851608702151,0.851267695028574,1,OTX2
Hsapiens-jaspar2022-VEZF1-MA1578.1,10,343,1.04737405256398,0.866325386089827,1,VEZF1
Hsapiens-jaspar2024-ETV5::HOXA2-MA1948.2,10,343,1.04737405256398,0.866325386089827,1,ETV5::HOXA2
Hsapiens-HOCOMOCOv13-CENPB.H13CORE.0.S.B,7,240,1.04716441704188,0.841667812491159,1,CENPB
Hsapiens-HOCOMOCOv11-core-A-NFIC_HUMAN.H11MO.0.A,29,999,1.04685353023642,0.837133388327042,1,NFIC
Hsapiens-SwissRegulon-LMX1A.SwissRegulon,29,1000,1.04565614538216,0.83721130903821,1,LMX1A
Hsapiens-HOCOMOCOv13-HXA13.H13CORE.1.SM.B,6,206,1.04545505637548,0.829875959399863,1,HXA13
Hsapiens-HOCOMOCOv11-core-B-ARNT_HUMAN.H11MO.0.B,6,206,1.04545505637548,0.829875959399863,1,ARNT
Hsapiens-jolma2013-PAX6,6,206,1.04545505637548,0.829875959399863,1,PAX6
Hsapiens-cisbp_1.02-M5914_1.02,13,447,1.04531925561572,0.882063540157737,1,TFAP2A
Hsapiens-jolma2013-TFAP2A-4,13,447,1.04531925561572,0.882063540157737,1,TFAP2A
Hsapiens-cisbp_1.02-M5516_1.02,8,275,1.04456520296481,0.851646463280839,1,HLF
Hsapiens-jaspar2016-HLF-MA0043.2,8,275,1.04456520296481,0.851646463280839,1,HLF
Hsapiens-jaspar2018-HLF-MA0043.2,8,275,1.04456520296481,0.851646463280839,1,HLF
Hsapiens-jolma2013-E2F2,8,275,1.04456520296481,0.851646463280839,1,E2F2
Hsapiens-jolma2013-HLF,8,275,1.04456520296481,0.851646463280839,1,HLF
Hsapiens-HOCOMOCOv13-LHX4.H13CORE.0.SM.B,10,344,1.04419063831677,0.866570396323939,1,LHX4
Hsapiens-jaspar2024-THAP1-MA0597.3,10,344,1.04419063831677,0.866570396323939,1,THAP1
Hsapiens-SwissRegulon-OSR2.SwissRegulon,7,241,1.04268176757221,0.842159624676348,1,OSR2
Hsapiens-HOCOMOCOv13-FOXJ3.H13CORE.0.SM.B,16,552,1.04221857377285,0.893150133019486,1,FOXJ3
Hsapiens-hPDI-UBB,193,6882,1.0415029918649,0.920820443902056,1,UBB
Hsapiens-HOCOMOCOv10-DBP_HUMAN.H10MO.B,12,414,1.04141576634478,0.877774436688067,1,DBP
Hsapiens-HOCOMOCOv11-core-B-DBP_HUMAN.H11MO.0.B,12,414,1.04141576634478,0.877774436688067,1,DBP
Hsapiens-jolma2013-GBX2-2,10,345,1.04102576927361,0.866825219708463,1,GBX2
Hsapiens-cisbp_1.02-M3617_1.02,15,518,1.04093878677898,0.889946097640432,1,NFE2
Hsapiens-HOCOMOCOv13-ZN490.H13CORE.0.P.C,15,518,1.04093878677898,0.889946097640432,1,ZN490
Hsapiens-jolma2013-POU3F2,29,1004,1.04089053371617,0.837571666310805,1,POU3F2
Hsapiens-jaspar2022-SOX14-MA1562.1,8,276,1.0406430937841,0.852038004767381,1,SOX14
Hsapiens-hPDI-TIMM44,31,1074,1.04046794455326,0.842077103292494,1,TIMM44
Hsapiens-cisbp_1.02-M6173_1.02,13,449,1.04038387763794,0.882353508619234,1,CEBPG
Hsapiens-HOCOMOCOv13-USF3.H13CORE.0.PSGIB.A,13,449,1.04038387763794,0.882353508619234,1,USF3
Hsapiens-jaspar2024-NR1D1-MA1531.2,14,484,1.03952082268206,0.886418284972193,1,NR1D1
Hsapiens-JASPAR_2014-NFYB-MA0502.1,32,1110,1.03920469069399,0.844238377881431,1,NFYB
Hsapiens-jaspar2016-NFYB-MA0502.1,32,1110,1.03920469069399,0.844238377881431,1,NFYB
Hsapiens-jaspar2018-NFYB-MA0502.1,32,1110,1.03920469069399,0.844238377881431,1,NFYB
Hsapiens-hPDI-DNMT3A,15,519,1.03879270703003,0.890056789125747,1,DNMT3A
Hsapiens-jaspar2022-ATF3-MA0605.2,15,519,1.03879270703003,0.890056789125747,1,ATF3
Hsapiens-HOCOMOCOv13-HXA4.H13CORE.0.SM.B,7,242,1.03823636471636,0.842666130324605,1,HXA4
Hsapiens-JASPAR_2014-STAT3-MA0144.2,33,1146,1.03802133533803,0.846288390976902,1,STAT3
Hsapiens-jaspar2016-STAT3-MA0144.2,33,1146,1.03802133533803,0.846288390976902,1,STAT3
Hsapiens-jaspar2018-STAT3-MA0144.2,33,1146,1.03802133533803,0.846288390976902,1,STAT3
Hsapiens-jaspar2022-STAT3-MA0144.2,33,1146,1.03802133533803,0.846288390976902,1,STAT3
Hsapiens-cisbp_1.02-M6160_1.02,10,346,1.03787929029834,0.867089742813996,1,BHLHE40
Hsapiens-HOCOMOCOv10-BHE40_HUMAN.H10MO.A,10,346,1.03787929029834,0.867089742813996,1,BHE40
Hsapiens-HOCOMOCOv10-HXB1_HUMAN.H10MO.D,10,346,1.03787929029834,0.867089742813996,1,HXB1
Hsapiens-HOCOMOCOv11-secondary-D-HXB1_HUMAN.H11MO.0.D,10,346,1.03787929029834,0.867089742813996,1,HXB1
Hsapiens-cisbp_1.02-M4452_1.02,14,485,1.03723785058868,0.886552492483593,1,BATF
Hsapiens-HOCOMOCOv10-ZEP2_HUMAN.H10MO.D,18,624,1.03719319043854,0.89902931572901,1,ZEP2
Hsapiens-HOCOMOCOv11-secondary-D-ZEP2_HUMAN.H11MO.0.D,18,624,1.03719319043854,0.89902931572901,1,ZEP2
Hsapiens-jaspar2022-ZNF582-MA1983.1,15,520,1.03665492195147,0.890173297685,1,ZNF582
Hsapiens-HOCOMOCOv11-secondary-A-TAL1_HUMAN.H11MO.1.A,27,938,1.03639679174891,0.833061150938359,1,TAL1
Hsapiens-HOCOMOCOv11-core-A-P73_HUMAN.H11MO.0.A,16,555,1.03616300663924,0.893438941448997,1,P73
Hsapiens-jolma2013-POU3F1-2,33,1148,1.03590845492228,0.846453551990982,1,POU3F1
Hsapiens-jolma2013-SOX9-5,19,660,1.03509071609059,0.901587794413846,1,SOX9
Hsapiens-cisbp_1.02-M4479_1.02,28,974,1.03505717015008,0.835735530260364,1,TCF12
Hsapiens-cisbp_1.02-M4513_1.02,14,486,1.03496432203979,0.886693015584297,1,TCF12
Hsapiens-HOCOMOCOv11-secondary-A-COT2_HUMAN.H11MO.1.A,34,1184,1.03485329748551,0.84839570542755,1,COT2
Hsapiens-HOCOMOCOv13-RHXF1.H13CORE.0.SM.B,7,243,1.03382776636047,0.843187051720445,1,RHXF1
Hsapiens-JASPAR_2014-GATA3-MA0037.2,18,626,1.03359652569391,0.899190147364361,1,GATA3
Hsapiens-jaspar2016-GATA3-MA0037.2,18,626,1.03359652569391,0.899190147364361,1,GATA3
Hsapiens-jaspar2018-GATA3-MA0037.2,18,626,1.03359652569391,0.899190147364361,1,GATA3
Hsapiens-hPDI-RAX,12,417,1.03350935405443,0.878342118635587,1,RAX
Hsapiens-HOCOMOCOv13-ZNF335.H13CORE.0.PSG.A,19,661,1.03338271244347,0.90166079620861,1,ZNF335
Hsapiens-HOCOMOCOv11-core-C-ZN134_HUMAN.H11MO.0.C,19,661,1.03338271244347,0.90166079620861,1,ZN134
Hsapiens-jaspar2022-ASCL1-MA1631.1,22,766,1.03293950310856,0.907995466494327,1,ASCL1
Hsapiens-HOCOMOCOv13-RUNX2.H13CORE.1.S.B,8,278,1.03288400421057,0.852858606991745,1,RUNX2
Hsapiens-HOCOMOCOv13-TBX19.H13CORE.0.PS.A,8,278,1.03288400421057,0.852858606991745,1,TBX19
Hsapiens-SwissRegulon-ASCL2.SwissRegulon,24,836,1.03276960212781,0.82502866411613,1,ASCL2
Hsapiens-HOCOMOCOv13-ZNF780B.H13CORE.0.PSGI.A,25,871,1.03271379983301,0.828025952086512,1,ZNF780B
Hsapiens-jaspar2022-CDX2-MA0465.2,25,871,1.03271379983301,0.828025952086512,1,CDX2
Hsapiens-hPDI-PDE6H,9,313,1.03217893588814,0.860871451856979,1,PDE6H
Hsapiens-HOCOMOCOv13-FOXO6.H13CORE.0.S.B,16,557,1.03216238091067,0.893658110676705,1,FOXO6
Hsapiens-HOCOMOCOv13-ATF3.H13CORE.2.P.B,17,592,1.03196574856199,0.89659542292033,1,ATF3
Hsapiens-HOCOMOCOv10-COT1_HUMAN.H10MO.S,17,592,1.03196574856199,0.89659542292033,1,COT1
Hsapiens-SwissRegulon-EP300.SwissRegulon,33,1152,1.03170477629863,0.846832787593906,1,EP300
Hsapiens-jaspar2016-POU3F4-MA0789.1,19,662,1.03167989431286,0.901738033357284,1,POU3F4
Hsapiens-jaspar2018-POU3F4-MA0789.1,19,662,1.03167989431286,0.901738033357284,1,POU3F4
Hsapiens-jaspar2022-POU3F4-MA0789.1,19,662,1.03167989431286,0.901738033357284,1,POU3F4
Hsapiens-jaspar2024-POU3F4-MA0789.1,19,662,1.03167989431286,0.901738033357284,1,POU3F4
Hsapiens-jolma2013-POU3F4,19,662,1.03167989431286,0.901738033357284,1,POU3F4
Hsapiens-hPDI-CCDC25,40,1398,1.03145699236314,0.858134377248202,1,CCDC25
Hsapiens-jolma2013-ETS1-4,11,383,1.03122440445889,0.873472094916838,1,ETS1
Hsapiens-HOCOMOCOv13-GLYR1.H13CORE.0.B.B,43,1504,1.03101111419994,0.862051256806513,1,GLYR1
Hsapiens-jolma2013-EN1-4,12,418,1.03089924466168,0.87854654927801,1,EN1
Hsapiens-SwissRegulon-ATOH1.SwissRegulon,12,418,1.03089924466168,0.87854654927801,1,ATOH1
Hsapiens-HOCOMOCOv13-ZXDA.H13CORE.0.PSI.A,28,978,1.03023273235433,0.836309571052135,1,ZXDA
Hsapiens-jaspar2022-NFYB-MA0502.2,28,978,1.03023273235433,0.836309571052135,1,NFYB
Hsapiens-jaspar2018-USF2-MA0526.2,17,593,1.03008516167222,0.896699062733116,1,USF2
Hsapiens-HOCOMOCOv13-ZN716.H13CORE.1.P.C,32,1119,1.02949059114019,0.845139126011277,1,ZN716
Hsapiens-jaspar2022-DPRX-MA1480.1,7,244,1.02945553776058,0.843722110401103,1,DPRX
Hsapiens-HOCOMOCOv13-HMBX1.H13CORE.0.PSM.A,8,279,1.0290464367869,0.853287264628122,1,HMBX1
Hsapiens-HOCOMOCOv13-HEN2.H13CORE.0.SM.B,23,804,1.02855806614937,0.909968353889897,1,HEN2
Hsapiens-JASPAR_2014-EHF-MA0598.1,43,1507,1.02848037170094,0.862229580849654,1,EHF
Hsapiens-jaspar2016-EHF-MA0598.1,43,1507,1.02848037170094,0.862229580849654,1,EHF
Hsapiens-jaspar2018-EHF-MA0598.1,43,1507,1.02848037170094,0.862229580849654,1,EHF
Hsapiens-jaspar2024-ZNF35-MA2333.1,11,384,1.02840223086251,0.873719833423019,1,ZNF35
Hsapiens-HOCOMOCOv13-IRF3.H13CORE.1.SM.B,17,594,1.02821094133681,0.896807529124282,1,IRF3
Hsapiens-jaspar2022-CREM-MA0609.2,14,489,1.02819983703338,0.887151992102836,1,CREM
Hsapiens-jolma2013-FOXJ2,44,1543,1.02785189096925,0.863463139620915,1,FOXJ2
Hsapiens-SwissRegulon-FOXJ2.SwissRegulon,44,1543,1.02785189096925,0.863463139620915,1,FOXJ2
Hsapiens-cisbp_1.02-M6150_1.02,24,840,1.02727346758241,0.911702064259853,1,ARNT2
Hsapiens-HOCOMOCOv10-FOXP2_HUMAN.H10MO.A,23,805,1.02713653528647,0.91002625533665,1,FOXP2
Hsapiens-SwissRegulon-FOXP2.SwissRegulon,23,805,1.02713653528647,0.91002625533665,1,FOXP2
Hsapiens-HOCOMOCOv13-PO3F3.H13CORE.2.S.B,18,630,1.02647205406388,0.899566084181049,1,PO3F3
Hsapiens-hPDI-ARFGAP1,18,630,1.02647205406388,0.899566084181049,1,ARFGAP1
Hsapiens-hPDI-USF1,32,1122,1.02628731375681,0.845514496593332,1,USF1
Hsapiens-hPDI-USF2,32,1122,1.02628731375681,0.845514496593332,1,USF2
Hsapiens-jaspar2024-MAX-MA0058.4,32,1122,1.02628731375681,0.845514496593332,1,MAX
Hsapiens-jaspar2024-MNT-MA0825.2,32,1122,1.02628731375681,0.845514496593332,1,MNT
Hsapiens-JASPAR_CORE-TEAD1-MA0090.1,15,525,1.02608880953527,0.890841689640233,1,TEAD1
Hsapiens-JASPAR_2014-TEAD1-MA0090.1,15,525,1.02608880953527,0.890841689640233,1,TEAD1
Hsapiens-jaspar2016-TEAD1-MA0090.1,15,525,1.02608880953527,0.890841689640233,1,TEAD1
Hsapiens-jaspar2018-TEAD1-MA0090.1,15,525,1.02608880953527,0.890841689640233,1,TEAD1
Hsapiens-jaspar2018-GRHL2-MA1105.1,11,385,1.0255948133926,0.873975805938717,1,GRHL2
Hsapiens-jolma2013-ETS1-2,11,385,1.0255948133926,0.873975805938717,1,ETS1
Hsapiens-cisbp_1.02-M4557_1.02,22,771,1.0255260186764,0.908300567189816,1,JUN
Hsapiens-HOCOMOCOv10-PO4F3_HUMAN.H10MO.D,43,1511,1.02512172354114,0.862508923935755,1,PO4F3
Hsapiens-HOCOMOCOv11-secondary-D-PO4F3_HUMAN.H11MO.0.D,43,1511,1.02512172354114,0.862508923935755,1,PO4F3
Hsapiens-HOCOMOCOv13-ATF7.H13CORE.0.PSM.A,19,666,1.0249200230056,0.902088896351594,1,ATF7
Hsapiens-cisbp_1.02-M2322_1.02,18,631,1.02470512705525,0.899671225491023,1,USF2
Hsapiens-HOCOMOCOv13-LYL1.H13CORE.1.P.C,41,1441,1.02460190455803,0.860058389921974,1,LYL1
Hsapiens-HOCOMOCOv13-PO4F1.H13CORE.1.SM.B,24,842,1.0245450748189,0.911815332524037,1,PO4F1
Hsapiens-HOCOMOCOv11-core-A-HXB13_HUMAN.H11MO.0.A,24,842,1.0245450748189,0.911815332524037,1,HXB13
Hsapiens-cisbp_1.02-M4429_1.02,17,596,1.02448147603285,0.897038819614584,1,USF1
Hsapiens-HOCOMOCOv10-ZN384_HUMAN.H10MO.C,23,807,1.02430409486231,0.91015183953031,1,ZN384
Hsapiens-HOCOMOCOv11-core-C-ZN384_HUMAN.H11MO.0.C,23,807,1.02430409486231,0.91015183953031,1,ZN384
Hsapiens-jaspar2022-ZNF189-MA1725.1,22,772,1.02405490307951,0.908371955931511,1,ZNF189
Hsapiens-HOCOMOCOv13-ITF2.H13CORE.1.PSM.A,19,667,1.02324279319279,0.902186977023741,1,ITF2
Hsapiens-HOCOMOCOv13-MAX.H13CORE.2.S.C,12,421,1.02314377922328,0.879204416337939,1,MAX
Hsapiens-hPDI-SOCS4,27,949,1.02277684462485,0.916309749971117,1,SOCS4
Hsapiens-jaspar2022-ZNF449-MA1656.1,22,773,1.02258761387309,0.908446764303526,1,ZNF449
Hsapiens-jaspar2022-EN2-MA0642.2,10,351,1.02241744218468,0.868553802341667,1,EN2
Hsapiens-HOCOMOCOv13-E2F7.H13CORE.0.S.C,16,562,1.02228608446802,0.89429723044456,1,E2F7
Hsapiens-HOCOMOCOv13-GSX1.H13CORE.0.SM.B,9,316,1.02197534289231,0.861956421380415,1,GSX1
Hsapiens-HOCOMOCOv11-core-B-SOX4_HUMAN.H11MO.0.B,35,1232,1.02196682703427,0.925015415928744,1,SOX4
Hsapiens-HOCOMOCOv10-PBX3_HUMAN.H10MO.B,31,1091,1.02172405330619,0.921143030241915,1,PBX3
Hsapiens-jaspar2024-MXI1-MA1108.3,37,1303,1.02164138173657,0.926700575181687,1,MXI1
Hsapiens-HOCOMOCOv10-ETV2_HUMAN.H10MO.D,19,668,1.0215706141426,0.902289156676015,1,ETV2
Hsapiens-jolma2013-RARG-4,19,668,1.0215706141426,0.902289156676015,1,RARG
Hsapiens-hPDI-CYCS,14,492,1.02151834499093,0.887666026858557,1,CYCS
Hsapiens-SwissRegulon-SREBF2.SwissRegulon,14,492,1.02151834499093,0.887666026858557,1,SREBF2
Hsapiens-HOCOMOCOv13-HXD1.H13CORE.0.SM.B,8,281,1.02145382086923,0.854180277598699,1,HXD1
Hsapiens-jaspar2024-ZNF524-MA2096.1,8,281,1.02145382086923,0.854180277598699,1,ZNF524
Hsapiens-HOCOMOCOv13-PRDM4.H13CORE.0.PSM.A,18,633,1.02118811938151,0.899894709167085,1,PRDM4
Hsapiens-JASPAR_2014-USF2-MA0526.1,18,633,1.02118811938151,0.899894709167085,1,USF2
Hsapiens-jaspar2016-USF2-MA0526.1,18,633,1.02118811938151,0.899894709167085,1,USF2
Hsapiens-jaspar2018-USF2-MA0526.1,18,633,1.02118811938151,0.899894709167085,1,USF2
Hsapiens-HOCOMOCOv13-NPAS2.H13CORE.1.M.C,7,246,1.02081848672041,0.844833522861253,1,NPAS2
Hsapiens-jaspar2016-GLIS3-MA0737.1,7,246,1.02081848672041,0.844833522861253,1,GLIS3
Hsapiens-jaspar2018-GLIS3-MA0737.1,7,246,1.02081848672041,0.844833522861253,1,GLIS3
Hsapiens-jaspar2022-GLIS3-MA0737.1,7,246,1.02081848672041,0.844833522861253,1,GLIS3
Hsapiens-jaspar2022-EMX1-MA0612.2,7,246,1.02081848672041,0.844833522861253,1,EMX1
Hsapiens-jaspar2024-GLIS3-MA0737.1,7,246,1.02081848672041,0.844833522861253,1,GLIS3
Hsapiens-jolma2013-GLIS3,7,246,1.02081848672041,0.844833522861253,1,GLIS3
Hsapiens-SwissRegulon-GLIS3.SwissRegulon,7,246,1.02081848672041,0.844833522861253,1,GLIS3
Hsapiens-HOCOMOCOv11-core-A-CDX2_HUMAN.H11MO.0.A,17,598,1.02077710614833,0.897289045099842,1,CDX2
Hsapiens-HOCOMOCOv10-STA5A_HUMAN.H10MO.B,31,1092,1.02063971706981,0.921182338701082,1,STA5A
Hsapiens-HOCOMOCOv10-ZN143_HUMAN.H10MO.A,36,1269,1.02036051957536,0.925919656432649,1,ZN143
Hsapiens-HOCOMOCOv13-LMX1B.H13CORE.2.S.B,20,704,1.02033659556489,0.90459435102291,1,LMX1B
Hsapiens-SwissRegulon-NFAT5.SwissRegulon,20,704,1.02033659556489,0.90459435102291,1,NFAT5
Hsapiens-jaspar2018-CREB1-MA0018.3,16,563,1.02033200407012,0.894440399407721,1,CREB1
Hsapiens-HOCOMOCOv13-EVX2.H13CORE.1.S.B,11,387,1.02002380593961,0.874512075915769,1,EVX2
Hsapiens-HOCOMOCOv13-ZN510.H13CORE.0.P.C,51,1801,1.01976324816143,0.871225720627223,1,ZN510
Hsapiens-hPDI-ZBTB12,22,775,1.01966445695812,0.908606574280652,1,ZBTB12
Hsapiens-hPDI-THRA,85,3011,1.0195766730595,0.888625272003458,1,THRA
Hsapiens-HOCOMOCOv13-ZN649.H13CORE.0.P.C,10,352,1.0193781454691,0.868874077631093,1,ZN649
Hsapiens-jaspar2016-KLF13-MA0657.1,21,740,1.01922143187342,0.906721486379111,1,KLF13
Hsapiens-jaspar2018-KLF13-MA0657.1,21,740,1.01922143187342,0.906721486379111,1,KLF13
Hsapiens-jaspar2022-KLF13-MA0657.1,21,740,1.01922143187342,0.906721486379111,1,KLF13
Hsapiens-jolma2013-KLF13,21,740,1.01922143187342,0.906721486379111,1,KLF13
Hsapiens-SwissRegulon-KLF13.SwissRegulon,21,740,1.01922143187342,0.906721486379111,1,KLF13
Hsapiens-jaspar2024-ZBTB18-MA0698.2,17,599,1.01893425586148,0.897421178322288,1,ZBTB18
Hsapiens-JASPAR_2014-THAP1-MA0597.1,16,564,1.01838489846904,0.894588596177451,1,THAP1
Hsapiens-jaspar2016-THAP1-MA0597.1,16,564,1.01838489846904,0.894588596177451,1,THAP1
Hsapiens-jaspar2018-THAP1-MA0597.1,16,564,1.01838489846904,0.894588596177451,1,THAP1
Hsapiens-HOCOMOCOv10-TBR1_HUMAN.H10MO.D,19,670,1.01824132050967,0.902505715569151,1,TBR1
Hsapiens-HOCOMOCOv11-secondary-D-TBR1_HUMAN.H11MO.0.D,19,670,1.01824132050967,0.902505715569151,1,TBR1
Hsapiens-hPDI-ZSWIM1,12,423,1.01803500087876,0.879679381385918,1,ZSWIM1
Hsapiens-HOCOMOCOv11-core-A-SMAD2_HUMAN.H11MO.0.A,24,847,1.01778075004188,0.912152027623592,1,SMAD2
Hsapiens-HOCOMOCOv10-PO4F1_HUMAN.H10MO.D,41,1449,1.01769438252363,0.929735507036393,1,PO4F1
Hsapiens-HOCOMOCOv11-secondary-D-PO4F1_HUMAN.H11MO.0.D,41,1449,1.01769438252363,0.929735507036393,1,PO4F1
Hsapiens-hPDI-NKX2-3,26,918,1.01743980290319,0.915181052828462,1,NKX2-3
Hsapiens-jaspar2016-HNF1A-MA0046.2,23,812,1.01728435658312,0.91052219039967,1,HNF1A
Hsapiens-jaspar2018-HNF1A-MA0046.2,23,812,1.01728435658312,0.91052219039967,1,HNF1A
Hsapiens-jaspar2022-HNF1A-MA0046.2,23,812,1.01728435658312,0.91052219039967,1,HNF1A
Hsapiens-jaspar2024-FOXA2-MA0047.4,23,812,1.01728435658312,0.91052219039967,1,FOXA2
Hsapiens-jolma2013-HNF1A,23,812,1.01728435658312,0.91052219039967,1,HNF1A
Hsapiens-SwissRegulon-NKX3-1.SwissRegulon,11,388,1.01725999837547,0.874792182611616,1,NKX3-1
Hsapiens-jolma2013-POU5F1P1-2,17,600,1.01709758848499,0.897557948129166,1,POU5F1P1
Hsapiens-SwissRegulon-NR6A1.SwissRegulon,17,600,1.01709758848499,0.897557948129166,1,NR6A1
Hsapiens-HOCOMOCOv10-FOXA3_HUMAN.H10MO.C,34,1202,1.01664687100719,0.924304615958272,1,FOXA3
Hsapiens-HOCOMOCOv13-KLF17.H13CORE.0.M.C,29,1025,1.01648356491626,0.919109738285201,1,KLF17
Hsapiens-jaspar2022-DRGX-MA1481.1,10,353,1.01635620215102,0.869203227654836,1,DRGX
Hsapiens-HOCOMOCOv11-core-C-NKX31_HUMAN.H11MO.0.C,18,636,1.01595433833946,0.900262518207037,1,NKX31
Hsapiens-HOCOMOCOv10-TWST1_HUMAN.H10MO.D,15,530,1.015723272487,0.891649294938881,1,TWST1
Hsapiens-JASPAR_CORE-FOXD1-MA0031.1,15,530,1.015723272487,0.891649294938881,1,FOXD1
Hsapiens-JASPAR_2014-FOXD1-MA0031.1,15,530,1.015723272487,0.891649294938881,1,FOXD1
Hsapiens-jaspar2016-FOXD1-MA0031.1,15,530,1.015723272487,0.891649294938881,1,FOXD1
Hsapiens-jaspar2018-FOXD1-MA0031.1,15,530,1.015723272487,0.891649294938881,1,FOXD1
Hsapiens-jaspar2022-FOXD1-MA0031.1,15,530,1.015723272487,0.891649294938881,1,FOXD1
Hsapiens-SwissRegulon-FOXD1.SwissRegulon,15,530,1.015723272487,0.891649294938881,1,FOXD1
Hsapiens-HOCOMOCOv13-ZN274.H13CORE.0.SM.B,12,424,1.01549881945144,0.87992754802992,1,ZN274
Hsapiens-HOCOMOCOv13-ZN382.H13CORE.0.P.B,12,424,1.01549881945144,0.87992754802992,1,ZN382
Hsapiens-HOCOMOCOv11-secondary-A-KAISO_HUMAN.H11MO.1.A,12,424,1.01549881945144,0.87992754802992,1,KAISO
Hsapiens-jaspar2016-SP8-MA0747.1,66,2341,1.01531071564181,0.940498655191084,1,SP8
Hsapiens-jaspar2018-SP8-MA0747.1,66,2341,1.01531071564181,0.940498655191084,1,SP8
Hsapiens-jaspar2022-SP8-MA0747.1,66,2341,1.01531071564181,0.940498655191084,1,SP8
Hsapiens-jolma2013-SP8,66,2341,1.01531071564181,0.940498655191084,1,SP8
Hsapiens-SwissRegulon-SP8.SwissRegulon,66,2341,1.01531071564181,0.940498655191084,1,SP8
Hsapiens-JASPAR_2014-HNF4G-MA0484.1,22,778,1.01530806100452,0.908871517730235,1,HNF4G
Hsapiens-jaspar2016-HNF4G-MA0484.1,22,778,1.01530806100452,0.908871517730235,1,HNF4G
Hsapiens-jaspar2018-HNF4G-MA0484.1,22,778,1.01530806100452,0.908871517730235,1,HNF4G
Hsapiens-cisbp_1.02-M5337_1.02,9,318,1.01528070040879,0.862730728795909,1,DBP
Hsapiens-jolma2013-DBP,9,318,1.01528070040879,0.862730728795909,1,DBP
Hsapiens-HOCOMOCOv10-ZFHX3_HUMAN.H10MO.D,33,1168,1.01517904644221,0.923432064062666,1,ZFHX3
Hsapiens-HOCOMOCOv11-secondary-D-ZFHX3_HUMAN.H11MO.0.D,33,1168,1.01517904644221,0.923432064062666,1,ZFHX3
Hsapiens-hPDI-DDX53,125,4453,1.01460528202004,0.945420752180378,1,DDX53
Hsapiens-HOCOMOCOv11-core-C-ZNF18_HUMAN.H11MO.0.C,18,637,1.01422077114626,0.900393695276797,1,ZNF18
Hsapiens-HOCOMOCOv10-IRF4_HUMAN.H10MO.C,72,2557,1.01406842507304,0.941949585570132,1,IRF4
Hsapiens-HOCOMOCOv10-FOXD2_HUMAN.H10MO.D,44,1560,1.01395735517612,0.931736054999172,1,FOXD2
Hsapiens-HOCOMOCOv11-secondary-D-FOXD2_HUMAN.H11MO.0.D,44,1560,1.01395735517612,0.931736054999172,1,FOXD2
Hsapiens-hPDI-RUVBL1,24,850,1.01376056015303,0.912390209204309,1,RUVBL1
Hsapiens-hPDI-TRIM69,26,921,1.0136934215786,0.915389425614429,1,TRIM69
Hsapiens-jaspar2022-TBX21-MA0690.2,15,531,1.01367375179826,0.89182703657686,1,TBX21
Hsapiens-HOCOMOCOv10-TGIF1_HUMAN.H10MO.D,17,602,1.0134426830894,0.897845263407887,1,TGIF1
Hsapiens-jaspar2022-HNF4G-MA0484.2,17,602,1.0134426830894,0.897845263407887,1,HNF4G
Hsapiens-HOCOMOCOv13-SOX12.H13CORE.0.SM.B,10,354,1.01335147085355,0.86954113074511,1,SOX12
Hsapiens-JASPAR_2014-PRDM1-MA0508.1,51,1810,1.0132099632432,0.935350893089226,1,PRDM1
Hsapiens-jaspar2016-PRDM1-MA0508.1,51,1810,1.0132099632432,0.935350893089226,1,PRDM1
Hsapiens-jaspar2018-PRDM1-MA0508.1,51,1810,1.0132099632432,0.935350893089226,1,PRDM1
Hsapiens-HOCOMOCOv11-secondary-A-HSF1_HUMAN.H11MO.1.A,33,1170,1.01314524100528,0.923528212804749,1,HSF1
Hsapiens-jolma2013-TEAD3,12,425,1.01297466644753,0.880182732514599,1,TEAD3
Hsapiens-SwissRegulon-NANOG.SwissRegulon,12,425,1.01297466644753,0.880182732514599,1,NANOG
Hsapiens-jaspar2022-LHX2-MA0700.2,14,496,1.01273627327106,0.88843462351588,1,LHX2
Hsapiens-SwissRegulon-NFYC.SwissRegulon,34,1206,1.01267509251399,0.924483181622216,1,NFYC
Hsapiens-HOCOMOCOv13-ZNF646.H13CORE.0.PSG.A,30,1064,1.01254033170742,0.920462780265197,1,ZNF646
Hsapiens-HOCOMOCOv13-SP9.H13CORE.1.S.C,26,922,1.01245007494551,0.915464266321252,1,SP9
Hsapiens-HOCOMOCOv10-ARNT2_HUMAN.H10MO.D,24,851,1.01242683170695,0.912475545371664,1,ARNT2
Hsapiens-HOCOMOCOv11-secondary-D-ARNT2_HUMAN.H11MO.0.D,24,851,1.01242683170695,0.912475545371664,1,ARNT2
Hsapiens-jaspar2024-HEY2-MA0649.2,7,248,1.01232187490256,0.845998130272973,1,HEY2
Hsapiens-HOCOMOCOv11-core-A-BCL6_HUMAN.H11MO.0.A,26,923,1.01120943748376,0.915541778268356,1,BCL6
Hsapiens-HOCOMOCOv11-core-A-ZEB1_HUMAN.H11MO.0.A,22,781,1.01098533338915,0.909166311227097,1,ZEB1
Hsapiens-jaspar2022-TFAP4::ETV1-MA1966.1,29,1030,1.01081972087561,0.919415863072538,1,TFAP4::ETV1
Hsapiens-cisbp_1.02-M6169_1.02,12,426,1.01046246028592,0.880444855252816,1,CEBPA
Hsapiens-SwissRegulon-CEBPA.SwissRegulon,12,426,1.01046246028592,0.880444855252816,1,CEBPA
Hsapiens-hPDI-DDX43,23,817,1.01035102513978,0.910971573303384,1,DDX43
Hsapiens-jolma2013-HEY2,8,284,1.01026700966098,0.855605970027528,1,HEY2
Hsapiens-SwissRegulon-HEY2.SwissRegulon,8,284,1.01026700966098,0.855605970027528,1,HEY2
Hsapiens-jolma2013-GMEB2,2,71,1.00998713520502,1,1,GMEB2
Hsapiens-SwissRegulon-GMEB2.SwissRegulon,2,71,1.00998713520502,1,1,GMEB2
Hsapiens-SwissRegulon-YBX1.SwissRegulon,17,604,1.00981215319558,0.898150718115209,1,YBX1
Hsapiens-jaspar2024-EBF3-MA1637.2,16,569,1.0087527468685,0.895403632902879,1,EBF3
Hsapiens-HOCOMOCOv13-HAND2.H13CORE.0.P.B,21,747,1.00869091759047,0.907450365523564,1,HAND2
Hsapiens-jaspar2016-HOXA10-MA0899.1,21,747,1.00869091759047,0.907450365523564,1,HOXA10
Hsapiens-jaspar2018-HOXA10-MA0899.1,21,747,1.00869091759047,0.907450365523564,1,HOXA10
Hsapiens-jaspar2022-HOXA10-MA0899.1,21,747,1.00869091759047,0.907450365523564,1,HOXA10
Hsapiens-jolma2013-HOXA10-2,21,747,1.00869091759047,0.907450365523564,1,HOXA10
Hsapiens-SwissRegulon-NFATC4.SwissRegulon,37,1317,1.00865525864808,0.927224419318497,1,NFATC4
Hsapiens-cisbp_1.02-M6148_1.02,32,1139,1.00845545883063,0.922808110460506,1,ARID3A
Hsapiens-HOCOMOCOv10-ARI3A_HUMAN.H10MO.S,32,1139,1.00845545883063,0.922808110460506,1,ARI3A
Hsapiens-jaspar2016-IRF7-MA0772.1,32,1139,1.00845545883063,0.922808110460506,1,IRF7
Hsapiens-jaspar2018-IRF7-MA0772.1,32,1139,1.00845545883063,0.922808110460506,1,IRF7
Hsapiens-jaspar2022-IRF7-MA0772.1,32,1139,1.00845545883063,0.922808110460506,1,IRF7
Hsapiens-jolma2013-IRF7,32,1139,1.00845545883063,0.922808110460506,1,IRF7
Hsapiens-hPDI-HOXB9,28,997,1.00784764770974,0.918396303905743,1,HOXB9
Hsapiens-jaspar2024-ALX3-MA0634.2,28,997,1.00784764770974,0.918396303905743,1,ALX3
Hsapiens-jaspar2024-BARX1-MA0875.2,28,997,1.00784764770974,0.918396303905743,1,BARX1
Hsapiens-jaspar2024-BSX-MA0876.2,28,997,1.00784764770974,0.918396303905743,1,BSX
Hsapiens-jaspar2024-DLX1-MA0879.3,28,997,1.00784764770974,0.918396303905743,1,DLX1
Hsapiens-jaspar2024-DLX6-MA0882.2,28,997,1.00784764770974,0.918396303905743,1,DLX6
Hsapiens-jaspar2024-EN1-MA0027.3,28,997,1.00784764770974,0.918396303905743,1,EN1
Hsapiens-jaspar2024-GBX2-MA0890.2,28,997,1.00784764770974,0.918396303905743,1,GBX2
Hsapiens-jaspar2024-HESX1-MA0894.2,28,997,1.00784764770974,0.918396303905743,1,HESX1
Hsapiens-jaspar2024-HOXB2-MA0902.3,28,997,1.00784764770974,0.918396303905743,1,HOXB2
Hsapiens-jaspar2024-ISX-MA0654.2,28,997,1.00784764770974,0.918396303905743,1,ISX
Hsapiens-jaspar2024-LBX2-MA0699.2,28,997,1.00784764770974,0.918396303905743,1,LBX2
Hsapiens-jaspar2024-LHX2-MA0700.3,28,997,1.00784764770974,0.918396303905743,1,LHX2
Hsapiens-jaspar2024-MIXL1-MA0662.2,28,997,1.00784764770974,0.918396303905743,1,MIXL1
Hsapiens-jaspar2024-MSX1-MA0666.3,28,997,1.00784764770974,0.918396303905743,1,MSX1
Hsapiens-jaspar2024-MSX2-MA0708.3,28,997,1.00784764770974,0.918396303905743,1,MSX2
Hsapiens-jaspar2024-NKX6-2-MA0675.2,28,997,1.00784764770974,0.918396303905743,1,NKX6-2
Hsapiens-jaspar2024-PRRX1-MA0716.2,28,997,1.00784764770974,0.918396303905743,1,PRRX1
Hsapiens-jaspar2024-RAX-MA0718.2,28,997,1.00784764770974,0.918396303905743,1,RAX
Hsapiens-jaspar2024-RAX2-MA0717.2,28,997,1.00784764770974,0.918396303905743,1,RAX2
Hsapiens-jaspar2024-SHOX-MA0630.2,28,997,1.00784764770974,0.918396303905743,1,SHOX
Hsapiens-jaspar2024-TLX2-MA1577.2,28,997,1.00784764770974,0.918396303905743,1,TLX2
Hsapiens-jaspar2024-UNCX-MA0721.2,28,997,1.00784764770974,0.918396303905743,1,UNCX
Hsapiens-jaspar2024-VAX2-MA0723.3,28,997,1.00784764770974,0.918396303905743,1,VAX2
Hsapiens-cisbp_1.02-M5571_1.02,15,534,1.00757159470712,0.892391872051987,1,ID4
Hsapiens-SwissRegulon-BRCA1.SwissRegulon,10,356,1.00739308680324,1,1,BRCA1
Hsapiens-hPDI-ADARB1,24,855,1.00712330339001,0.912846200938643,1,ADARB1
Hsapiens-hPDI-ESX1,175,6265,1.00677492180561,1,1,ESX1
Hsapiens-HOCOMOCOv11-secondary-B-OLIG2_HUMAN.H11MO.1.B,19,677,1.00674470197041,0.903389096137542,1,OLIG2
Hsapiens-jaspar2022-RXRB-MA1555.1,8,285,1.00659088104751,1,1,RXRB
Hsapiens-jaspar2024-RXRB-MA1555.1,8,285,1.00659088104751,1,1,RXRB
Hsapiens-jolma2013-ZNF306,8,285,1.00659088104751,1,1,ZNF306
Hsapiens-SwissRegulon-ZKSCAN3.SwissRegulon,8,285,1.00659088104751,1,1,ZKSCAN3
Hsapiens-SwissRegulon-ARID5B.SwissRegulon,17,606,1.00620576516883,1,1,ARID5B
Hsapiens-HOCOMOCOv10-FOXA2_HUMAN.H10MO.A,27,963,1.00589450746191,1,1,FOXA2
Hsapiens-jaspar2022-ZNF135-MA1587.1,48,1713,1.00585721063587,1,1,ZNF135
Hsapiens-jaspar2024-ZNF135-MA1587.1,48,1713,1.00585721063587,1,1,ZNF135
Hsapiens-HOCOMOCOv13-GRHL2.H13CORE.0.P.B,12,428,1.00547356599164,1,1,GRHL2
Hsapiens-SwissRegulon-HOXB1.SwissRegulon,9,321,1.00539649640358,1,1,HOXB1
Hsapiens-HOCOMOCOv13-THB.H13CORE.3.S.C,19,678,1.00512184259685,1,1,THB
Hsapiens-HOCOMOCOv11-secondary-C-ZN134_HUMAN.H11MO.1.C,16,571,1.004947474757,1,1,ZN134
Hsapiens-jaspar2024-HOXB13-MA0901.3,30,1071,1.00490147930885,1,1,HOXB13
Hsapiens-jaspar2024-FOXO1::ELF1-MA1953.2,24,857,1.00449022066774,1,1,FOXO1::ELF1
Hsapiens-jaspar2022-TLX2-MA1577.1,10,357,1.00443915921425,1,1,TLX2
Hsapiens-jolma2013-GCM1-2,10,357,1.00443915921425,1,1,GCM1
Hsapiens-SwissRegulon-GCM1.SwissRegulon,10,357,1.00443915921425,1,1,GCM1
Hsapiens-jaspar2022-FOS-MA1951.1,14,500,1.00409579563577,1,1,FOS
Hsapiens-hPDI-TSN,29,1036,1.0040956497512,1,1,TSN
Hsapiens-jolma2013-HOXC13,29,1036,1.0040956497512,1,1,HOXC13
Hsapiens-HOCOMOCOv13-ZN443.H13CORE.0.P.C,15,536,1.00354174265056,1,1,ZN443
Hsapiens-HOCOMOCOv13-PAX4.H13CORE.0.SM.B,19,679,1.00350379919251,1,1,PAX4
Hsapiens-hPDI-PITX1,81,2898,1.00323761535537,1,1,PITX1
Hsapiens-SwissRegulon-GFI1.SwissRegulon,20,715,1.00311538315962,1,1,GFI1
Hsapiens-jolma2013-ALX3,8,286,1.00294071439302,1,1,ALX3
Hsapiens-jolma2013-E2F4,8,286,1.00294071439302,1,1,E2F4
Hsapiens-HOCOMOCOv10-EGR3_HUMAN.H10MO.D,21,751,1.00276219978705,1,1,EGR3
Hsapiens-HOCOMOCOv11-secondary-D-EGR3_HUMAN.H11MO.0.D,21,751,1.00276219978705,1,1,EGR3
Hsapiens-HOCOMOCOv10-RFX5_HUMAN.H10MO.A,36,1288,1.00245414190377,1,1,RFX5
Hsapiens-HOCOMOCOv10-BRAC_HUMAN.H10MO.D,9,322,1.00214307885418,1,1,BRAC
Hsapiens-jaspar2016-BARX1-MA0875.1,9,322,1.00214307885418,1,1,BARX1
Hsapiens-jaspar2018-BARX1-MA0875.1,9,322,1.00214307885418,1,1,BARX1
Hsapiens-jaspar2022-BARX1-MA0875.1,9,322,1.00214307885418,1,1,BARX1
Hsapiens-jolma2013-BARX1-2,9,322,1.00214307885418,1,1,BARX1
Hsapiens-cisbp_1.02-M4629_1.02,14,501,1.00195741679612,1,1,NFE2
Hsapiens-jaspar2024-RHOXF1-MA0719.2,39,1396,1.00191391314431,1,1,RHOXF1
Hsapiens-jaspar2024-POU2F1-MA0785.2,19,680,1.00189055116234,1,1,POU2F1
Hsapiens-hPDI-TEAD1,15,537,1.00153816861786,1,1,TEAD1
Hsapiens-jaspar2022-ARGFX-MA1463.1,15,537,1.00153816861786,1,1,ARGFX
Hsapiens-HOCOMOCOv10-NFIC_HUMAN.H10MO.A,21,752,1.00128994573033,1,1,NFIC
Hsapiens-HOCOMOCOv10-HIC2_HUMAN.H10MO.D,11,394,1.00097422024694,1,1,HIC2
Hsapiens-HOCOMOCOv11-secondary-D-HIC2_HUMAN.H11MO.0.D,11,394,1.00097422024694,1,1,HIC2
Hsapiens-jaspar2018-VDR-MA0693.2,11,394,1.00097422024694,1,1,VDR
Hsapiens-HOCOMOCOv11-secondary-C-ZN770_HUMAN.H11MO.1.C,58,2078,1.00091455407103,1,1,ZN770
Hsapiens-cisbp_1.02-M4514_1.02,17,609,1.0008409456109,1,1,USF1
Hsapiens-HOCOMOCOv13-RFX1.H13CORE.0.PM.A,17,609,1.0008409456109,1,1,RFX1
Hsapiens-hPDI-C1orf176,21,753,0.999842866121936,1,1,EXO5
Hsapiens-hPDI-MSI2,21,753,0.999842866121936,1,1,MSI2
Hsapiens-jaspar2022-NR1I3-MA1534.1,14,502,0.999842866121936,1,1,NR1I3
Hsapiens-jaspar2024-CREM-MA0609.3,14,502,0.999842866121936,1,1,CREM
Hsapiens-HOCOMOCOv10-THA_HUMAN.H10MO.C,24,861,0.999260990933336,1,1,THA
Hsapiens-HOCOMOCOv11-core-C-THA_HUMAN.H11MO.0.C,24,861,0.999260990933336,1,1,THA
Hsapiens-cisbp_1.02-M4515_1.02,17,610,0.999064487787084,1,1,USF2
Hsapiens-JASPAR_CORE-NR2F1-MA0017.1,17,610,0.999064487787084,1,1,NR2F1
Hsapiens-JASPAR_2014-NR2F1-MA0017.1,17,610,0.999064487787084,1,1,NR2F1
Hsapiens-jaspar2016-NR2F1-MA0017.1,17,610,0.999064487787084,1,1,NR2F1
Hsapiens-jaspar2018-NR2F1-MA0017.1,17,610,0.999064487787084,1,1,NR2F1
Hsapiens-jolma2013-POU2F1-2,17,610,0.999064487787084,1,1,POU2F1
Hsapiens-SwissRegulon-NR2F1.SwissRegulon,17,610,0.999064487787084,1,1,NR2F1
Hsapiens-jaspar2022-DUXA-MA0884.2,9,323,0.998910000729383,1,1,DUXA
Hsapiens-jaspar2024-DUXA-MA0884.2,9,323,0.998910000729383,1,1,DUXA
Hsapiens-jolma2013-HOXD13-2,10,359,0.998581136576788,1,1,HOXD13
Hsapiens-jaspar2016-HIC2-MA0738.1,11,395,0.998308442383724,1,1,HIC2
Hsapiens-jaspar2018-HIC2-MA0738.1,11,395,0.998308442383724,1,1,HIC2
Hsapiens-jaspar2022-HIC2-MA0738.1,11,395,0.998308442383724,1,1,HIC2
Hsapiens-jolma2013-HIC2,11,395,0.998308442383724,1,1,HIC2
Hsapiens-SwissRegulon-HIC2.SwissRegulon,11,395,0.998308442383724,1,1,HIC2
Hsapiens-hPDI-HOXD3,24,862,0.997961289782074,1,1,HOXD3
Hsapiens-JASPAR_2014-CEBPA-MA0102.3,15,539,0.997553466119076,1,1,CEBPA
Hsapiens-jaspar2016-CEBPA-MA0102.3,15,539,0.997553466119076,1,1,CEBPA
Hsapiens-jaspar2018-CEBPA-MA0102.3,15,539,0.997553466119076,1,1,CEBPA
Hsapiens-jaspar2022-CEBPG-MA1636.1,15,539,0.997553466119076,1,1,CEBPG
Hsapiens-HOCOMOCOv10-FOXO1_HUMAN.H10MO.C,52,1868,0.997392834936764,1,1,FOXO1
Hsapiens-hPDI-EEF1D,17,611,0.997293845100676,1,1,EEF1D
Hsapiens-SwissRegulon-RXRA.SwissRegulon,29,1043,0.996349118368825,1,1,RXRA
Hsapiens-HOCOMOCOv11-core-A-ERG_HUMAN.H11MO.0.A,60,2157,0.996239775766886,1,1,ERG
Hsapiens-HOCOMOCOv11-secondary-B-NFAC1_HUMAN.H11MO.1.B,38,1367,0.995897469566594,1,1,NFAC1
Hsapiens-cisbp_1.02-M5317_1.02,6,216,0.995756687468537,1,1,CEBPE
Hsapiens-jaspar2016-CEBPE-MA0837.1,6,216,0.995756687468537,1,1,CEBPE
Hsapiens-jaspar2018-CEBPE-MA0837.1,6,216,0.995756687468537,1,1,CEBPE
Hsapiens-jolma2013-CEBPE,6,216,0.995756687468537,1,1,CEBPE
Hsapiens-SwissRegulon-CEBPE.SwissRegulon,6,216,0.995756687468537,1,1,CEBPE
Hsapiens-HOCOMOCOv13-NR1I3.H13CORE.2.M.C,7,252,0.995736950569777,1,1,NR1I3
Hsapiens-jaspar2022-SREBF2-MA0828.2,9,324,0.995696920466758,1,1,SREBF2
Hsapiens-jolma2013-LHX6-2,9,324,0.995696920466758,1,1,LHX6
Hsapiens-HOCOMOCOv13-OTX2.H13CORE.0.PSM.A,12,432,0.995635444642879,1,1,OTX2
Hsapiens-HOCOMOCOv11-core-C-ZN382_HUMAN.H11MO.0.C,12,432,0.995635444642879,1,1,ZN382
Hsapiens-SwissRegulon-LHX2.SwissRegulon,13,468,0.995614560190323,1,1,LHX2
Hsapiens-cisbp_1.02-M5302_1.02,14,504,0.995593474744134,1,1,BATF3
Hsapiens-hPDI-NME1,14,504,0.995593474744134,1,1,NME1
Hsapiens-jaspar2024-FOXA1-MA0148.5,16,576,0.995550689111574,1,1,FOXA1
Hsapiens-SwissRegulon-ZNF384.SwissRegulon,22,792,0.995417191994569,1,1,ZNF384
Hsapiens-HOCOMOCOv10-IKZF1_HUMAN.H10MO.C,45,1621,0.994050910699255,1,1,IKZF1
Hsapiens-HOCOMOCOv11-core-C-IKZF1_HUMAN.H11MO.0.C,45,1621,0.994050910699255,1,1,IKZF1
Hsapiens-SwissRegulon-IKZF1.SwissRegulon,45,1621,0.994050910699255,1,1,IKZF1
Hsapiens-SwissRegulon-HIVEP1.SwissRegulon,19,685,0.993895203780614,1,1,HIVEP1
Hsapiens-HOCOMOCOv13-CR3L4.H13CORE.0.M.C,14,505,0.993488963268202,1,1,CR3L4
Hsapiens-SwissRegulon-EOMES.SwissRegulon,13,469,0.993359352567712,1,1,EOMES
Hsapiens-HOCOMOCOv13-ZN248.H13CORE.0.P.B,12,433,0.993204370765544,1,1,ZN248
Hsapiens-SwissRegulon-HOXC13.SwissRegulon,12,433,0.993204370765544,1,1,HOXC13
Hsapiens-HOCOMOCOv13-ZN875.H13CORE.0.P.C,29,1046,0.993060857503444,1,1,ZN875
Hsapiens-HOCOMOCOv11-core-A-FOXA1_HUMAN.H11MO.0.A,29,1046,0.993060857503444,1,1,FOXA1
Hsapiens-HOCOMOCOv10-ISX_HUMAN.H10MO.D,22,794,0.992633052048052,1,1,ISX
Hsapiens-HOCOMOCOv11-secondary-D-ISX_HUMAN.H11MO.0.D,22,794,0.992633052048052,1,1,ISX
Hsapiens-cisbp_1.02-M3040_1.02,9,325,0.992503606148159,1,1,CEBPA
Hsapiens-jaspar2022-ZNF8-MA1718.1,9,325,0.992503606148159,1,1,ZNF8
Hsapiens-jaspar2022-ETV2::HOXB13-MA1943.1,9,325,0.992503606148159,1,1,ETV2::HOXB13
Hsapiens-jaspar2024-ZNF8-MA1718.1,9,325,0.992503606148159,1,1,ZNF8
Hsapiens-HOCOMOCOv11-secondary-C-ATF2_HUMAN.H11MO.2.C,18,650,0.992172837042404,1,1,ATF2
Hsapiens-jaspar2018-FOSL2::JUND(var.2)-MA1145.1,16,578,0.99183753939834,1,1,FOSL2::JUND(var.2)
Hsapiens-jaspar2022-FOSL2::JUND-MA1145.1,16,578,0.99183753939834,1,1,FOSL2::JUND
Hsapiens-jaspar2024-RFX4-MA0799.3,7,253,0.991673028746614,1,1,RFX4
Hsapiens-jolma2013-TBX1-5,7,253,0.991673028746614,1,1,TBX1
Hsapiens-jaspar2024-CDX2-MA0465.3,24,867,0.991507654054471,1,1,CDX2
Hsapiens-HOCOMOCOv13-ZN140.H13CORE.1.SM.B,14,506,0.991392764251085,1,1,ZN140
Hsapiens-jaspar2024-ATF2-MA1632.2,23,831,0.991383823498385,1,1,ATF2
Hsapiens-jolma2013-POU3F3-2,34,1228,0.991294271369873,1,1,POU3F3
Hsapiens-SwissRegulon-POU3F3.SwissRegulon,34,1228,0.991294271369873,1,1,POU3F3
Hsapiens-HOCOMOCOv11-core-C-PAX6_HUMAN.H11MO.0.C,13,470,0.991113735765085,1,1,PAX6
Hsapiens-jaspar2024-ZBTB12-MA1649.2,21,759,0.991092940948922,1,1,ZBTB12
Hsapiens-jaspar2022-SOX12-MA1561.1,6,217,0.991040503494084,1,1,SOX12
Hsapiens-HOCOMOCOv10-P53_HUMAN.H10MO.B,12,434,0.990784494089315,1,1,P53
Hsapiens-HOCOMOCOv10-GSC2_HUMAN.H10MO.D,19,687,0.990729620850696,1,1,GSC2
Hsapiens-HOCOMOCOv11-secondary-D-GSC2_HUMAN.H11MO.0.D,19,687,0.990729620850696,1,1,GSC2
Hsapiens-hPDI-HSF1,26,940,0.990524166628798,1,1,HSF1
Hsapiens-HOCOMOCOv13-ZNF41.H13CORE.1.P.C,18,651,0.990513397372961,1,1,ZNF41
Hsapiens-HOCOMOCOv11-core-A-BHE40_HUMAN.H11MO.0.A,10,362,0.989915714797409,1,1,BHE40
Hsapiens-jaspar2022-NRL-MA0842.2,10,362,0.989915714797409,1,1,NRL
Hsapiens-jaspar2022-NKX2-2-MA1645.1,15,543,0.989672093758022,1,1,NKX2-2
Hsapiens-HOCOMOCOv11-core-C-Z354A_HUMAN.H11MO.0.C,48,1735,0.989605438832241,1,1,Z354A
Hsapiens-jaspar2018-ASCL1-MA1100.1,27,977,0.989497874158852,1,1,ASCL1
Hsapiens-SwissRegulon-FOXC1.SwissRegulon,44,1591,0.989385730784058,1,1,FOXC1
Hsapiens-hPDI-CSNK2B,42,1519,0.989247643653925,1,1,CSNK2B
Hsapiens-jaspar2016-FOXL1-MA0033.2,13,471,0.988877648722355,1,1,FOXL1
Hsapiens-jaspar2016-FOXI1-MA0042.2,13,471,0.988877648722355,1,1,FOXI1
Hsapiens-jaspar2016-FOXD2-MA0847.1,13,471,0.988877648722355,1,1,FOXD2
Hsapiens-jaspar2016-FOXO4-MA0848.1,13,471,0.988877648722355,1,1,FOXO4
Hsapiens-jaspar2016-FOXO6-MA0849.1,13,471,0.988877648722355,1,1,FOXO6
Hsapiens-jaspar2016-FOXP3-MA0850.1,13,471,0.988877648722355,1,1,FOXP3
Hsapiens-jaspar2018-FOXI1-MA0042.2,13,471,0.988877648722355,1,1,FOXI1
Hsapiens-jaspar2018-FOXL1-MA0033.2,13,471,0.988877648722355,1,1,FOXL1
Hsapiens-jaspar2018-FOXD2-MA0847.1,13,471,0.988877648722355,1,1,FOXD2
Hsapiens-jaspar2018-FOXO4-MA0848.1,13,471,0.988877648722355,1,1,FOXO4
Hsapiens-jaspar2018-FOXO6-MA0849.1,13,471,0.988877648722355,1,1,FOXO6
Hsapiens-jaspar2018-FOXP3-MA0850.1,13,471,0.988877648722355,1,1,FOXP3
Hsapiens-jaspar2022-FOXI1-MA0042.2,13,471,0.988877648722355,1,1,FOXI1
Hsapiens-jaspar2022-FOXL1-MA0033.2,13,471,0.988877648722355,1,1,FOXL1
Hsapiens-jaspar2022-FOXO4-MA0848.1,13,471,0.988877648722355,1,1,FOXO4
Hsapiens-jaspar2022-FOXO6-MA0849.1,13,471,0.988877648722355,1,1,FOXO6
Hsapiens-jaspar2022-FOXP3-MA0850.1,13,471,0.988877648722355,1,1,FOXP3
Hsapiens-jaspar2024-FOXI1-MA0042.2,13,471,0.988877648722355,1,1,FOXI1
Hsapiens-jaspar2024-FOXL1-MA0033.2,13,471,0.988877648722355,1,1,FOXL1
Hsapiens-jaspar2024-FOXO4-MA0848.1,13,471,0.988877648722355,1,1,FOXO4
Hsapiens-jaspar2024-FOXO6-MA0849.1,13,471,0.988877648722355,1,1,FOXO6
Hsapiens-jaspar2024-FOXP3-MA0850.1,13,471,0.988877648722355,1,1,FOXP3
Hsapiens-jaspar2024-FOXP4-MA2117.1,13,471,0.988877648722355,1,1,FOXP4
Hsapiens-jaspar2024-E2F8-MA0865.3,13,471,0.988877648722355,1,1,E2F8
Hsapiens-jaspar2024-FOXA3-MA1683.2,13,471,0.988877648722355,1,1,FOXA3
Hsapiens-jaspar2024-FOXD1-MA0031.2,13,471,0.988877648722355,1,1,FOXD1
Hsapiens-jaspar2024-FOXK1-MA0852.3,13,471,0.988877648722355,1,1,FOXK1
Hsapiens-jaspar2024-FOXK2-MA1103.3,13,471,0.988877648722355,1,1,FOXK2
Hsapiens-jaspar2024-FOXP1-MA0481.4,13,471,0.988877648722355,1,1,FOXP1
Hsapiens-jolma2013-FOXD2-2,13,471,0.988877648722355,1,1,FOXD2
Hsapiens-jolma2013-FOXD3-2,13,471,0.988877648722355,1,1,FOXD3
Hsapiens-jolma2013-FOXI1,13,471,0.988877648722355,1,1,FOXI1
Hsapiens-jolma2013-FOXL1,13,471,0.988877648722355,1,1,FOXL1
Hsapiens-jolma2013-FOXO4-2,13,471,0.988877648722355,1,1,FOXO4
Hsapiens-jolma2013-FOXO6-2,13,471,0.988877648722355,1,1,FOXO6
Hsapiens-jolma2013-FOXP3,13,471,0.988877648722355,1,1,FOXP3
Hsapiens-SwissRegulon-FOXD2.SwissRegulon,13,471,0.988877648722355,1,1,FOXD2
Hsapiens-SwissRegulon-FOXG1.SwissRegulon,13,471,0.988877648722355,1,1,FOXG1
Hsapiens-SwissRegulon-FOXK1.SwissRegulon,13,471,0.988877648722355,1,1,FOXK1
Hsapiens-SwissRegulon-FOXO6.SwissRegulon,13,471,0.988877648722355,1,1,FOXO6
Hsapiens-SwissRegulon-FOXP3.SwissRegulon,13,471,0.988877648722355,1,1,FOXP3
Hsapiens-SwissRegulon-NFATC1.SwissRegulon,29,1050,0.988705629818808,1,1,NFATC1
Hsapiens-HOCOMOCOv13-TPRX1.H13CORE.0.PSGIB.A,8,290,0.988593041759128,1,1,TPRX1
Hsapiens-HOCOMOCOv11-core-A-SNAI2_HUMAN.H11MO.0.A,17,616,0.988526776266541,1,1,SNAI2
Hsapiens-jaspar2024-ASCL1-MA1631.2,17,616,0.988526776266541,1,1,ASCL1
Hsapiens-HOCOMOCOv11-secondary-D-ASCL2_HUMAN.H11MO.0.D,22,797,0.988482993343873,1,1,ASCL2
Hsapiens-jolma2013-ZBTB49,12,435,0.988375737425192,1,1,ZBTB49
Hsapiens-SwissRegulon-PAX6.SwissRegulon,12,435,0.988375737425192,1,1,PAX6
Hsapiens-SwissRegulon-ZBTB49.SwissRegulon,12,435,0.988375737425192,1,1,ZBTB49
Hsapiens-jaspar2022-PHOX2B-MA0681.2,50,1809,0.988275233275385,1,1,PHOX2B
Hsapiens-jaspar2016-REST-MA0138.1,25,906,0.987915895545913,1,1,REST
Hsapiens-jaspar2018-REST-MA0138.1,25,906,0.987915895545913,1,1,REST
Hsapiens-jaspar2022-THAP1-MA0597.2,25,906,0.987915895545913,1,1,THAP1
Hsapiens-HOCOMOCOv13-HMG20A.H13CORE.0.SB.A,11,399,0.987778929056234,1,1,HMG20A
Hsapiens-jaspar2022-NR1D2-MA1532.2,11,399,0.987778929056234,1,1,NR1D2
Hsapiens-jaspar2024-NR1D2-MA1532.2,11,399,0.987778929056234,1,1,NR1D2
Hsapiens-jaspar2024-TFAP4::ETV1-MA1966.2,24,870,0.987670997576193,1,1,TFAP4::ETV1
Hsapiens-jolma2013-E2F4-2,7,254,0.987641097900152,1,1,E2F4
Hsapiens-hPDI-DR-1,67,2423,0.987607455714195,1,1,NA
Hsapiens-HOCOMOCOv13-TBX20.H13CORE.2.SM.B,19,689,0.987582391686095,1,1,TBX20
Hsapiens-HOCOMOCOv13-ZNF10.H13CORE.0.P.C,28,1015,0.987416637476607,1,1,ZNF10
Hsapiens-HOCOMOCOv13-MAFK.H13CORE.0.PS.A,14,508,0.987225107331316,1,1,MAFK
Hsapiens-HOCOMOCOv10-ID4_HUMAN.H10MO.D,14,508,0.987225107331316,1,1,ID4
Hsapiens-HOCOMOCOv10-LHX4_HUMAN.H10MO.D,14,508,0.987225107331316,1,1,LHX4
Hsapiens-HOCOMOCOv11-secondary-D-ID4_HUMAN.H11MO.0.D,14,508,0.987225107331316,1,1,ID4
Hsapiens-HOCOMOCOv11-secondary-D-LHX4_HUMAN.H11MO.0.D,14,508,0.987225107331316,1,1,LHX4
Hsapiens-SwissRegulon-STAT4.SwissRegulon,27,979,0.987193701903828,1,1,STAT4
Hsapiens-cisbp_1.02-M5630_1.02,10,363,0.987059057151234,1,1,MGA
Hsapiens-jaspar2024-FIGLA-MA0820.2,81,2930,0.986008161367601,0.94387071037259,1,FIGLA
Hsapiens-jaspar2024-ZEB1-MA0103.4,81,2930,0.986008161367601,0.94387071037259,1,ZEB1
Hsapiens-HOCOMOCOv13-BATF.H13CORE.0.P.B,12,436,0.985978024291949,1,1,BATF
Hsapiens-hPDI-YWHAZ,65,2354,0.985782507615481,1,1,YWHAZ
Hsapiens-HOCOMOCOv10-TEF_HUMAN.H10MO.D,15,545,0.985774757002334,1,1,TEF
Hsapiens-HOCOMOCOv11-secondary-D-TEF_HUMAN.H11MO.0.D,15,545,0.985774757002334,1,1,TEF
Hsapiens-jaspar2016-POU4F2-MA0683.1,28,1017,0.985191072266376,1,1,POU4F2
Hsapiens-jaspar2018-POU4F2-MA0683.1,28,1017,0.985191072266376,1,1,POU4F2
Hsapiens-jaspar2022-POU4F2-MA0683.1,28,1017,0.985191072266376,1,1,POU4F2
Hsapiens-jolma2013-POU4F2-2,28,1017,0.985191072266376,1,1,POU4F2
Hsapiens-jaspar2024-ETV2::DRGX-MA1940.2,11,400,0.985179440439178,1,1,ETV2::DRGX
Hsapiens-cisbp_1.02-M5919_1.02,14,509,0.985153552261045,1,1,TFAP2B
Hsapiens-jaspar2016-TFAP2B(var.3)-MA0813.1,14,509,0.985153552261045,1,1,TFAP2B(var.3)
Hsapiens-jaspar2018-TFAP2B(var.3)-MA0813.1,14,509,0.985153552261045,1,1,TFAP2B(var.3)
Hsapiens-jaspar2022-TFAP2B-MA0813.1,14,509,0.985153552261045,1,1,TFAP2B
Hsapiens-jaspar2024-TFAP2B-MA0813.1,14,509,0.985153552261045,1,1,TFAP2B
Hsapiens-jolma2013-TFAP2B-3,14,509,0.985153552261045,1,1,TFAP2B
Hsapiens-SwissRegulon-TFAP2B.SwissRegulon,14,509,0.985153552261045,1,1,TFAP2B
Hsapiens-jaspar2022-TBX18-MA1565.1,24,872,0.985127859032175,1,1,TBX18
Hsapiens-SwissRegulon-FOXO1.SwissRegulon,17,618,0.985059629443566,1,1,FOXO1
Hsapiens-jolma2013-SOX7-2,20,727,0.98492533841082,1,1,SOX7
Hsapiens-jolma2013-PRDM1,35,1271,0.984866659752367,1,1,PRDM1
Hsapiens-HOCOMOCOv13-OLIG3.H13CORE.0.SM.B,5,182,0.984581772760361,1,1,OLIG3
Hsapiens-HOCOMOCOv13-ZSA5A.H13CORE.0.SM.B,19,691,0.984453357019099,1,1,ZSA5A
Hsapiens-jolma2013-HNF4A-2,13,473,0.984433822256568,1,1,HNF4A
Hsapiens-jolma2013-MGA-3,10,364,0.984218089207757,1,1,MGA
Hsapiens-HOCOMOCOv11-core-C-PRDM6_HUMAN.H11MO.0.C,76,2754,0.983825874935402,0.943062932010253,1,PRDM6
Hsapiens-HOCOMOCOv13-Z354A.H13CORE.0.P.B,38,1381,0.983707714062838,1,1,Z354A
Hsapiens-HOCOMOCOv13-ZNF551.H13CORE.0.PSG.A,12,437,0.983591278908042,1,1,ZNF551
Hsapiens-SwissRegulon-EBF1.SwissRegulon,17,619,0.983334449210408,1,1,EBF1
Hsapiens-jolma2013-DLX1,9,328,0.983040451618922,1,1,DLX1
Hsapiens-HOCOMOCOv13-ZN554.H13CORE.1.P.C,22,801,0.982997849230965,1,1,ZN554
Hsapiens-cisbp_1.02-M4480_1.02,16,583,0.982666023127222,1,1,USF1
Hsapiens-jolma2013-RARG-2,11,401,0.982592910939936,1,1,RARG
Hsapiens-hPDI-BAD,180,6475,0.982240571866155,0.930377706070012,1,BAD
Hsapiens-hPDI-RBM35B,25,911,0.981797571095839,1,1,ESRP2
Hsapiens-HOCOMOCOv13-MYBA.H13CORE.1.PS.A,8,292,0.981566614136942,1,1,MYBA
Hsapiens-jaspar2022-ZFP57-MA1583.1,8,292,0.981566614136942,1,1,ZFP57
Hsapiens-SwissRegulon-DLX2.SwissRegulon,8,292,0.981566614136942,1,1,DLX2
Hsapiens-HOCOMOCOv13-TAL1.H13CORE.1.P.B,33,1202,0.981526211501336,1,1,TAL1
Hsapiens-jolma2013-POU3F4-2,21,766,0.981082011911737,1,1,POU3F4
Hsapiens-SwissRegulon-POU3F4.SwissRegulon,21,766,0.981082011911737,1,1,POU3F4
Hsapiens-HOCOMOCOv11-secondary-B-PTF1A_HUMAN.H11MO.1.B,23,839,0.98082951847991,1,1,PTF1A
Hsapiens-jolma2013-HOXD11-2,23,839,0.98082951847991,1,1,HOXD11
Hsapiens-SwissRegulon-HOXD11.SwissRegulon,23,839,0.98082951847991,1,1,HOXD11
Hsapiens-SwissRegulon-FOXJ3.SwissRegulon,28,1021,0.98076600966118,1,1,FOXJ3
Hsapiens-jolma2013-ESRRA,13,475,0.980027394935007,1,1,ESRRA
Hsapiens-cisbp_1.02-M1925_1.02,15,548,0.979982049173998,1,1,CEBPA
Hsapiens-cisbp_1.02-M4573_1.02,15,548,0.979982049173998,1,1,MAFK
Hsapiens-SwissRegulon-USF1.SwissRegulon,15,548,0.979982049173998,1,1,USF1
Hsapiens-HOCOMOCOv13-GCR.H13CORE.1.S.B,9,329,0.979924404820304,1,1,GCR
Hsapiens-jaspar2016-RUNX3-MA0684.1,9,329,0.979924404820304,1,1,RUNX3
Hsapiens-jaspar2018-RUNX3-MA0684.1,9,329,0.979924404820304,1,1,RUNX3
Hsapiens-jolma2013-RUNX3-4,9,329,0.979924404820304,1,1,RUNX3
Hsapiens-jolma2013-POU2F3,19,694,0.97979357581795,1,1,POU2F3
Hsapiens-jaspar2022-HOXA6-MA1497.1,7,256,0.979671709999686,1,1,HOXA6
Hsapiens-jaspar2024-JUND-MA0492.2,20,731,0.978994535414405,1,1,JUND
Hsapiens-HOCOMOCOv13-ARI1A.H13CORE.0.P.C,31,1132,0.978841066946176,1,1,ARI1A
Hsapiens-jaspar2016-NR2F1-MA0017.2,21,768,0.978255209616359,1,1,NR2F1
Hsapiens-jaspar2018-NR2F1-MA0017.2,21,768,0.978255209616359,1,1,NR2F1
Hsapiens-jaspar2022-NR2F1-MA0017.2,21,768,0.978255209616359,1,1,NR2F1
Hsapiens-jolma2013-NR2F1-4,21,768,0.978255209616359,1,1,NR2F1
Hsapiens-HOCOMOCOv13-ZN276.H13CORE.0.SM.B,17,622,0.978192157553782,1,1,ZN276
Hsapiens-HOCOMOCOv13-MBD1.H13CORE.0.PSIB.A,8,293,0.978089361103991,1,1,MBD1
Hsapiens-jaspar2024-ZNF341-MA1655.2,8,293,0.978089361103991,1,1,ZNF341
Hsapiens-SwissRegulon-ZIC3.SwissRegulon,15,549,0.978065203928691,1,1,ZIC3
Hsapiens-HOCOMOCOv10-TLX1_HUMAN.H10MO.D,13,476,0.977838058701295,1,1,TLX1
Hsapiens-HOCOMOCOv11-secondary-D-TLX1_HUMAN.H11MO.0.D,13,476,0.977838058701295,1,1,TLX1
Hsapiens-jaspar2024-CEBPA-MA0102.5,13,476,0.977838058701295,1,1,CEBPA
Hsapiens-jolma2013-FOXO4-3,13,476,0.977838058701295,1,1,FOXO4
Hsapiens-HOCOMOCOv13-ZNF367.H13CORE.0.PSGI.A,28,1024,0.977469821720739,1,1,ZNF367
Hsapiens-SwissRegulon-NR2C1.SwissRegulon,14,513,0.976948038622773,1,1,NR2C1
Hsapiens-HOCOMOCOv11-core-A-NANOG_HUMAN.H11MO.0.A,26,952,0.976367039493651,1,1,NANOG
Hsapiens-SwissRegulon-NR2C2.SwissRegulon,25,916,0.97574586992638,1,1,NR2C2
Hsapiens-HOCOMOCOv13-AHRR.H13CORE.0.P.C,7,257,0.975733517954476,1,1,AHRR
Hsapiens-jaspar2018-NEUROD1-MA1109.1,13,477,0.975657896538518,1,1,NEUROD1
Hsapiens-jaspar2022-NEUROD1-MA1109.1,13,477,0.975657896538518,1,1,NEUROD1
Hsapiens-HOCOMOCOv10-SOX2_HUMAN.H10MO.B,23,843,0.975627330239124,1,1,SOX2
Hsapiens-HOCOMOCOv13-RORG.H13CORE.0.M.C,16,587,0.975441204527381,1,1,RORG
Hsapiens-HOCOMOCOv10-FOXO3_HUMAN.H10MO.B,34,1245,0.975288404630055,1,1,FOXO3
Hsapiens-SwissRegulon-ZFHX3.SwissRegulon,34,1245,0.975288404630055,1,1,ZFHX3
Hsapiens-SwissRegulon-ZBTB33.SwissRegulon,11,404,0.974910115214924,1,1,ZBTB33
Hsapiens-HOCOMOCOv13-TFAP4.H13CORE.0.PSM.A,15,551,0.974252369987389,1,1,TFAP4
Hsapiens-HOCOMOCOv10-MEOX1_HUMAN.H10MO.D,15,551,0.974252369987389,1,1,MEOX1
Hsapiens-HOCOMOCOv11-secondary-D-MEOX1_HUMAN.H11MO.0.D,15,551,0.974252369987389,1,1,MEOX1
Hsapiens-HOCOMOCOv13-ZNF407.H13CORE.0.PSGI.A,18,661,0.974194836809464,1,1,ZNF407
Hsapiens-HOCOMOCOv10-USF2_HUMAN.H10MO.A,18,661,0.974194836809464,1,1,USF2
Hsapiens-HOCOMOCOv11-core-A-TF65_HUMAN.H11MO.0.A,18,661,0.974194836809464,1,1,TF65
Hsapiens-HOCOMOCOv11-core-A-USF2_HUMAN.H11MO.0.A,18,661,0.974194836809464,1,1,USF2
Hsapiens-jaspar2024-DMRTA1-MA1707.2,12,441,0.974152483279829,1,1,DMRTA1
Hsapiens-jaspar2022-FOXD3-MA0041.2,44,1611,0.974030450647191,0.932612388861354,1,FOXD3
Hsapiens-HOCOMOCOv13-Z585B.H13CORE.0.P.C,49,1793,0.974026319301464,0.935130665946815,1,Z585B
Hsapiens-jolma2013-BARHL2,5,184,0.973630612259999,1,1,BARHL2
Hsapiens-hPDI-KIAA0907,171,6168,0.973594079326254,0.870645919049602,1,KIAA0907
Hsapiens-hPDI-SPATS2,171,6168,0.973594079326254,0.870645919049602,1,SPATS2
Hsapiens-HOCOMOCOv13-NKX32.H13CORE.1.S.B,13,478,0.973486850894372,1,1,NKX32
Hsapiens-jaspar2018-FOXK1-MA0852.2,17,625,0.97309918118873,1,1,FOXK1
Hsapiens-jaspar2022-FOXK1-MA0852.2,17,625,0.97309918118873,1,1,FOXK1
Hsapiens-HOCOMOCOv10-PO2F1_HUMAN.H10MO.B,23,845,0.973044666898817,1,1,PO2F1
Hsapiens-SwissRegulon-E2F7.SwissRegulon,23,845,0.973044666898817,1,1,E2F7
Hsapiens-HOCOMOCOv13-FOXM1.H13CORE.0.P.B,35,1284,0.972999076853231,1,1,FOXM1
Hsapiens-jolma2013-POU3F3-3,33,1211,0.972933263723295,1,1,POU3F3
Hsapiens-jaspar2022-FOXO1::ELF1-MA1953.1,24,882,0.972584771531593,1,1,FOXO1::ELF1
Hsapiens-HOCOMOCOv13-TBX19.H13CORE.1.SM.B,11,405,0.972374465000725,1,1,TBX19
Hsapiens-JASPAR_2014-BATF::JUN-MA0462.1,15,552,0.972356305761911,1,1,BATF::JUN
Hsapiens-jaspar2016-BATF::JUN-MA0462.1,15,552,0.972356305761911,1,1,BATF::JUN
Hsapiens-jaspar2018-BATF::JUN-MA0462.1,15,552,0.972356305761911,1,1,BATF::JUN
Hsapiens-HOCOMOCOv10-ONEC3_HUMAN.H10MO.D,30,1102,0.97223861346251,1,1,ONEC3
Hsapiens-HOCOMOCOv11-secondary-D-ONEC3_HUMAN.H11MO.0.D,30,1102,0.97223861346251,1,1,ONEC3
Hsapiens-HOCOMOCOv10-MAFG_HUMAN.H10MO.C,25,919,0.972146376353615,1,1,MAFG
Hsapiens-HOCOMOCOv13-NKX61.H13CORE.2.S.B,13,479,0.97132486469689,1,1,NKX61
Hsapiens-HOCOMOCOv10-TEAD1_HUMAN.H10MO.D,14,516,0.970877332160413,1,1,TEAD1
Hsapiens-jaspar2024-HNF4G-MA0484.3,14,516,0.970877332160413,1,1,HNF4G
Hsapiens-HOCOMOCOv13-SOX3.H13CORE.1.S.C,9,332,0.970688854377407,1,1,SOX3
Hsapiens-hPDI-TAF9,145,5252,0.970579633921823,0.82974513401755,1,TAF9
Hsapiens-jolma2013-FOXC2,15,553,0.970467093468541,1,1,FOXC2
Hsapiens-SwissRegulon-MSX2.SwissRegulon,10,369,0.970244132101294,1,1,MSX2
Hsapiens-SwissRegulon-RFX2.SwissRegulon,20,737,0.970218860673119,1,1,RFX2
Hsapiens-cisbp_1.02-M4080_1.02,11,406,0.969851300018284,1,1,USF1
Hsapiens-jaspar2024-TAL1::TCF3-MA0091.2,11,406,0.969851300018284,1,1,TAL1::TCF3
Hsapiens-jaspar2024-POU1F1-MA0784.3,26,958,0.969421100043983,1,1,POU1F1
Hsapiens-HOCOMOCOv13-DLX3.H13CORE.1.S.B,13,480,0.969171881349442,1,1,DLX3
Hsapiens-HOCOMOCOv11-core-A-MAFG_HUMAN.H11MO.0.A,13,480,0.969171881349442,1,1,MAFG
Hsapiens-jaspar2016-KLF14-MA0740.1,58,2128,0.969054694784428,0.878013047220928,1,KLF14
Hsapiens-jaspar2018-KLF14-MA0740.1,58,2128,0.969054694784428,0.878013047220928,1,KLF14
Hsapiens-jolma2013-KLF14,58,2128,0.969054694784428,0.878013047220928,1,KLF14
Hsapiens-SwissRegulon-KLF14.SwissRegulon,58,2128,0.969054694784428,0.878013047220928,1,KLF14
Hsapiens-cisbp_1.02-M6527_1.02,14,517,0.968869408750034,1,1,TWIST1
Hsapiens-SwissRegulon-TWIST1.SwissRegulon,14,517,0.968869408750034,1,1,TWIST1
Hsapiens-HOCOMOCOv10-SUH_HUMAN.H10MO.C,21,775,0.968476106184486,1,1,SUH
Hsapiens-hPDI-YWHAE,4,148,0.968389499276553,1,1,YWHAE
Hsapiens-jaspar2024-CEBPE-MA0837.3,4,148,0.968389499276553,1,1,CEBPE
Hsapiens-HOCOMOCOv11-core-A-USF1_HUMAN.H11MO.0.A,16,591,0.96831409563689,1,1,USF1
Hsapiens-HOCOMOCOv10-HXD8_HUMAN.H10MO.D,17,628,0.968054813757535,1,1,HXD8
Hsapiens-HOCOMOCOv11-secondary-D-HXD8_HUMAN.H11MO.0.D,17,628,0.968054813757535,1,1,HXD8
Hsapiens-jaspar2024-ZNF449-MA1656.2,17,628,0.968054813757535,1,1,ZNF449
Hsapiens-HOCOMOCOv13-GRHL1.H13CORE.1.PS.A,7,259,0.967948342747513,1,1,GRHL1
Hsapiens-jolma2013-THRB,7,259,0.967948342747513,1,1,THRB
Hsapiens-jaspar2024-ZNF770-MA2099.1,8,296,0.967798530283002,1,1,ZNF770
Hsapiens-HOCOMOCOv10-RARG_HUMAN.H10MO.C,24,886,0.967646632046685,1,1,RARG
Hsapiens-HOCOMOCOv11-secondary-D-RARG_HUMAN.H11MO.2.D,24,886,0.967646632046685,1,1,RARG
Hsapiens-HOCOMOCOv10-NFAC4_HUMAN.H10MO.C,35,1290,0.967601891328988,0.926530614336936,1,NFAC4
Hsapiens-HOCOMOCOv11-core-C-NFAC4_HUMAN.H11MO.0.C,35,1290,0.967601891328988,0.926530614336936,1,NFAC4
Hsapiens-jaspar2018-RARA::RXRG-MA1149.1,19,702,0.967561947936757,1,1,RARA::RXRG
Hsapiens-jaspar2022-RARA::RXRG-MA1149.1,19,702,0.967561947936757,1,1,RARA::RXRG
Hsapiens-HOCOMOCOv11-core-C-TBX3_HUMAN.H11MO.0.C,38,1400,0.96755133906604,0.928824040937864,1,TBX3
Hsapiens-HOCOMOCOv10-KLF12_HUMAN.H10MO.D,29,1070,0.967416106241642,1,1,KLF12
Hsapiens-cisbp_1.02-M5612_1.02,11,407,0.967340528274197,1,1,MAFK
Hsapiens-jolma2013-MAFK-4,11,407,0.967340528274197,1,1,MAFK
Hsapiens-SwissRegulon-NFIC.SwissRegulon,13,481,0.967027844725793,1,1,NFIC
Hsapiens-HOCOMOCOv13-SATB1.H13CORE.0.P.B,43,1584,0.966802341175694,0.932063616134779,1,SATB1
Hsapiens-HOCOMOCOv13-SRY.H13CORE.1.S.B,16,592,0.966547353575819,1,1,SRY
Hsapiens-HOCOMOCOv10-EVX2_HUMAN.H10MO.A,25,924,0.966199026864957,1,1,EVX2
Hsapiens-hPDI-SNRP70,20,740,0.965884309451312,1,1,SNRNP70
Hsapiens-HOCOMOCOv13-TCF21.H13CORE.0.PS.A,24,888,0.965194206167557,1,1,TCF21
Hsapiens-HOCOMOCOv13-THB.H13CORE.0.P.B,25,925,0.965017252380729,1,1,THB
Hsapiens-HOCOMOCOv13-BARH2.H13CORE.1.S.B,11,408,0.964842058676521,1,1,BARH2
Hsapiens-jaspar2016-JDP2(var.2)-MA0656.1,15,556,0.96484019865467,1,1,JDP2(var.2)
Hsapiens-jaspar2018-JDP2(var.2)-MA0656.1,15,556,0.96484019865467,1,1,JDP2(var.2)
Hsapiens-jaspar2022-JDP2-MA0656.1,15,556,0.96484019865467,1,1,JDP2
Hsapiens-jolma2013-JDP2-4,15,556,0.96484019865467,1,1,JDP2
Hsapiens-HOCOMOCOv13-GBX1.H13CORE.1.S.B,10,371,0.964759971963205,1,1,GBX1
Hsapiens-jaspar2016-NKX2-8-MA0673.1,9,334,0.96462396079117,1,1,NKX2-8
Hsapiens-jaspar2018-NKX2-8-MA0673.1,9,334,0.96462396079117,1,1,NKX2-8
Hsapiens-jaspar2022-NKX2-8-MA0673.1,9,334,0.96462396079117,1,1,NKX2-8
Hsapiens-jolma2013-NKX2-8-2,9,334,0.96462396079117,1,1,NKX2-8
Hsapiens-HOCOMOCOv13-ZNF827.H13CORE.0.SG.A,8,297,0.964414438834785,1,1,ZNF827
Hsapiens-jolma2013-RUNX3-2,8,297,0.964414438834785,1,1,RUNX3
Hsapiens-HOCOMOCOv10-SRF_HUMAN.H10MO.A,34,1257,0.964249286452004,0.925693346393667,1,SRF
Hsapiens-hPDI-H1FX,23,852,0.964100631400743,1,1,H1FX
Hsapiens-HOCOMOCOv13-ZF69B.H13CORE.0.P.C,36,1331,0.963812588097409,0.927341791969782,1,ZF69B
Hsapiens-cisbp_1.02-M5318_1.02,6,223,0.963631450038283,1,1,CEBPG
Hsapiens-HOCOMOCOv13-JRK.H13CORE.0.PSGB.A,6,223,0.963631450038283,1,1,JRK
Hsapiens-HOCOMOCOv13-VAX2.H13CORE.0.SM.B,6,223,0.963631450038283,1,1,VAX2
Hsapiens-jaspar2016-CEBPG-MA0838.1,6,223,0.963631450038283,1,1,CEBPG
Hsapiens-jaspar2018-CEBPG-MA0838.1,6,223,0.963631450038283,1,1,CEBPG
Hsapiens-jaspar2022-CEBPG-MA0838.1,6,223,0.963631450038283,1,1,CEBPG
Hsapiens-jaspar2024-CEBPG-MA0838.1,6,223,0.963631450038283,1,1,CEBPG
Hsapiens-jolma2013-TBX20-2,6,223,0.963631450038283,1,1,TBX20
Hsapiens-jolma2013-CEBPG,6,223,0.963631450038283,1,1,CEBPG
Hsapiens-HOCOMOCOv11-core-A-FOXM1_HUMAN.H11MO.0.A,29,1074,0.96325298901428,0.920825130769498,1,FOXM1
Hsapiens-HOCOMOCOv13-ZN135.H13CORE.0.P.C,45,1662,0.963246803192323,0.867343040754347,1,ZN135
Hsapiens-HOCOMOCOv13-RXRA.H13CORE.2.SM.B,16,594,0.963031699139249,1,1,RXRA
Hsapiens-HOCOMOCOv13-PAX2.H13CORE.0.SM.B,5,186,0.96291491408412,1,1,PAX2
Hsapiens-HOCOMOCOv13-P73.H13CORE.0.PS.A,12,446,0.962591951472218,1,1,P73
Hsapiens-JASPAR_CORE-PPARG-MA0066.1,11,409,0.962355801023758,1,1,PPARG
Hsapiens-JASPAR_2014-PPARG-MA0066.1,11,409,0.962355801023758,1,1,PPARG
Hsapiens-jaspar2016-PPARG-MA0066.1,11,409,0.962355801023758,1,1,PPARG
Hsapiens-jaspar2018-PPARG-MA0066.1,11,409,0.962355801023758,1,1,PPARG
Hsapiens-jaspar2022-PPARG-MA0066.1,11,409,0.962355801023758,1,1,PPARG
Hsapiens-SwissRegulon-SREBF1.SwissRegulon,11,409,0.962355801023758,1,1,SREBF1
Hsapiens-jaspar2024-ELF1-MA0473.4,41,1517,0.96191608635394,0.930918131296201,1,ELF1
Hsapiens-HOCOMOCOv13-ZBED2.H13CORE.0.PSGIB.A,9,335,0.961618661092983,1,1,ZBED2
Hsapiens-hPDI-FOSL1,21,780,0.961598315280905,1,1,FOSL1
Hsapiens-JASPAR_2014-EBF1-MA0154.2,22,817,0.961593382371301,1,1,EBF1
Hsapiens-jaspar2016-EBF1-MA0154.2,22,817,0.961593382371301,1,1,EBF1
Hsapiens-jaspar2018-EBF1-MA0154.2,22,817,0.961593382371301,1,1,EBF1
Hsapiens-cisbp_1.02-M5590_1.02,15,558,0.961122522273625,1,1,JDP2
Hsapiens-HOCOMOCOv10-GSC_HUMAN.H10MO.D,8,298,0.961053052788344,1,1,GSC
Hsapiens-HOCOMOCOv11-secondary-D-GSC_HUMAN.H11MO.0.D,8,298,0.961053052788344,1,1,GSC
Hsapiens-jaspar2024-ZNF157-MA2331.1,8,298,0.961053052788344,1,1,ZNF157
Hsapiens-SwissRegulon-KLF7.SwissRegulon,8,298,0.961053052788344,1,1,KLF7
Hsapiens-SwissRegulon-TAF1.SwissRegulon,32,1187,0.960863787708911,0.923899866795818,1,TAF1
Hsapiens-SwissRegulon-HSF2.SwissRegulon,12,447,0.960310863957048,1,1,HSF2
Hsapiens-cisbp_1.02-M4682_1.02,21,781,0.96023330693564,1,1,BACH1
Hsapiens-SwissRegulon-CUX2.SwissRegulon,11,410,0.959881665994008,1,1,CUX2
Hsapiens-jaspar2016-ZBTB18-MA0698.1,16,596,0.959539618282113,1,1,ZBTB18
Hsapiens-jaspar2018-ZBTB18-MA0698.1,16,596,0.959539618282113,1,1,ZBTB18
Hsapiens-jaspar2022-ZBTB18-MA0698.1,16,596,0.959539618282113,1,1,ZBTB18
Hsapiens-jolma2013-ZNF238-2,16,596,0.959539618282113,1,1,ZNF238
Hsapiens-jaspar2022-FOXD2-MA0847.3,33,1226,0.958890524530524,0.92485243627987,1,FOXD2
Hsapiens-jaspar2016-HOXB13-MA0901.1,21,782,0.958871783743473,1,1,HOXB13
Hsapiens-jaspar2018-HOXB13-MA0901.1,21,782,0.958871783743473,1,1,HOXB13
Hsapiens-jolma2013-HOXB13,21,782,0.958871783743473,1,1,HOXB13
Hsapiens-HOCOMOCOv13-HXC11.H13CORE.1.S.B,9,336,0.958631244075295,1,1,HXC11
Hsapiens-HOCOMOCOv10-MYB_HUMAN.H10MO.C,13,485,0.958540059137028,1,1,MYB
Hsapiens-HOCOMOCOv13-SPI1.H13CORE.1.S.B,37,1374,0.95850964982572,0.928196191675535,1,SPI1
Hsapiens-jolma2013-RARG-5,12,448,0.958039954566148,1,1,RARG
Hsapiens-HOCOMOCOv13-SP8.H13CORE.0.SM.B,23,857,0.957801301890473,0.912909857506934,1,SP8
Hsapiens-HOCOMOCOv11-core-B-FOXA3_HUMAN.H11MO.0.B,21,783,0.957513732359724,1,1,FOXA3
Hsapiens-hPDI-ESRRA,15,560,0.957431379649956,1,1,ESRRA
Hsapiens-cisbp_1.02-M5292_1.02,11,411,0.957419565134267,1,1,ATF4
Hsapiens-jaspar2016-ATF4-MA0833.1,11,411,0.957419565134267,1,1,ATF4
Hsapiens-jaspar2018-ATF4-MA0833.1,11,411,0.957419565134267,1,1,ATF4
Hsapiens-jolma2013-ATF4,11,411,0.957419565134267,1,1,ATF4
Hsapiens-SwissRegulon-ATF4.SwissRegulon,11,411,0.957419565134267,1,1,ATF4
Hsapiens-jaspar2024-TCF3-MA0522.4,29,1080,0.957065910867149,0.920836512385585,1,TCF3
Hsapiens-jaspar2024-SNAI1-MA1558.2,29,1080,0.957065910867149,0.920836512385585,1,SNAI1
Hsapiens-jaspar2024-TCF12-MA1648.2,29,1080,0.957065910867149,0.920836512385585,1,TCF12
Hsapiens-SwissRegulon-FOSL2.SwissRegulon,14,523,0.956983005495365,1,1,FOSL2
Hsapiens-HOCOMOCOv13-LBX2.H13CORE.0.S.B,10,374,0.95664366558864,1,1,LBX2
Hsapiens-HOCOMOCOv13-EMX2.H13CORE.0.S.B,7,262,0.956493381727523,1,1,EMX2
Hsapiens-jaspar2018-IRF4-MA1419.1,13,486,0.956439930364794,1,1,IRF4
Hsapiens-jaspar2022-IRF4-MA1419.1,13,486,0.956439930364794,1,1,IRF4
Hsapiens-jolma2013-IRF4,13,486,0.956439930364794,1,1,IRF4
Hsapiens-jaspar2022-SNAI1-MA1558.1,16,598,0.956070874601,1,1,SNAI1
Hsapiens-HOCOMOCOv11-core-C-SMCA1_HUMAN.H11MO.0.C,27,1007,0.955893345650814,0.918488026153159,1,SMCA1
Hsapiens-jaspar2024-ELF3-MA0640.3,41,1525,0.955678123744396,0.862795145806725,1,ELF3
Hsapiens-jolma2013-HOXB13-2,9,337,0.955661550596722,1,1,HOXB13
Hsapiens-jolma2013-NKX2-8,9,337,0.955661550596722,1,1,NKX2-8
Hsapiens-HOCOMOCOv13-MYBB.H13CORE.1.S.B,4,150,0.955234466394325,1,1,MYBB
Hsapiens-HOCOMOCOv13-ZBTB8A.H13CORE.0.PSGI.A,14,524,0.955028384656554,1,1,ZBTB8A
Hsapiens-HOCOMOCOv13-PO6F2.H13CORE.0.S.B,11,412,0.954969410849895,1,1,PO6F2
Hsapiens-HOCOMOCOv13-HXA1.H13CORE.0.SM.B,6,225,0.954819875119276,1,1,HXA1
Hsapiens-HOCOMOCOv13-SOX4.H13CORE.0.PSM.A,20,748,0.954495234865106,1,1,SOX4
Hsapiens-HOCOMOCOv11-core-A-HSF1_HUMAN.H11MO.0.A,20,748,0.954495234865106,1,1,HSF1
Hsapiens-HOCOMOCOv10-NR2C2_HUMAN.H10MO.A,25,934,0.954494860679176,0.915856397252491,1,NR2C2
Hsapiens-jaspar2024-FOXD3-MA0041.3,45,1675,0.953790366229096,0.867352467214242,1,FOXD3
Hsapiens-HOCOMOCOv13-ZNF35.H13CORE.1.P.C,27,1009,0.953723869660607,0.918505798031002,1,ZNF35
Hsapiens-HOCOMOCOv10-E2F4_HUMAN.H10MO.A,26,972,0.953546436423155,0.917221264986778,1,E2F4
Hsapiens-jolma2013-XBP1,12,450,0.953528398849163,1,1,XBP1
Hsapiens-hPDI-HDAC8,17,637,0.953206500949024,1,1,HDAC8
Hsapiens-jaspar2022-ZNF768-MA1731.1,29,1084,0.952979094973052,0.920890033529434,1,ZNF768
Hsapiens-jaspar2016-ESR1-MA0112.3,11,413,0.952531116394225,1,1,ESR1
Hsapiens-jaspar2018-ESR1-MA0112.3,11,413,0.952531116394225,1,1,ESR1
Hsapiens-jaspar2022-ESR1-MA0112.3,11,413,0.952531116394225,1,1,ESR1
Hsapiens-jolma2013-ESR1,11,413,0.952531116394225,1,1,ESR1
Hsapiens-jaspar2024-FOSL2::JUNB-MA1139.2,13,488,0.952265478581221,1,1,FOSL2::JUNB
Hsapiens-SwissRegulon-ZNF711.SwissRegulon,18,675,0.952160218127334,1,1,ZNF711
Hsapiens-JASPAR_2014-RFX5-MA0510.1,20,750,0.951685872693782,0.907634855365664,1,RFX5
Hsapiens-jaspar2016-RFX5-MA0510.1,20,750,0.951685872693782,0.907634855365664,1,RFX5
Hsapiens-jaspar2018-RFX5-MA0510.1,20,750,0.951685872693782,0.907634855365664,1,RFX5
Hsapiens-HOCOMOCOv10-SOX21_HUMAN.H10MO.D,17,638,0.951582520791399,1,1,SOX21
Hsapiens-HOCOMOCOv11-secondary-D-SOX21_HUMAN.H11MO.0.D,17,638,0.951582520791399,1,1,SOX21
Hsapiens-HOCOMOCOv13-FOXP2.H13CORE.0.P.B,12,451,0.951287618372252,1,1,FOXP2
Hsapiens-SwissRegulon-SMARCC1.SwissRegulon,16,601,0.950911006890953,1,1,SMARCC1
Hsapiens-HOCOMOCOv10-FOXB1_HUMAN.H10MO.D,24,900,0.950708007845719,0.914430713079292,1,FOXB1
Hsapiens-HOCOMOCOv11-secondary-D-FOXB1_HUMAN.H11MO.0.D,24,900,0.950708007845719,0.914430713079292,1,FOXB1
Hsapiens-HOCOMOCOv13-NR2F6.H13CORE.0.P.C,18,676,0.950621199688454,1,1,NR2F6
Hsapiens-jaspar2022-PKNOX1-MA0782.2,18,676,0.950621199688454,1,1,PKNOX1
Hsapiens-hPDI-HCFC2,32,1198,0.950491987704813,0.849415788755339,1,HCFC2
Hsapiens-SwissRegulon-HOXC11.SwissRegulon,27,1012,0.950485681786917,0.918551189004369,1,HOXC11
Hsapiens-cisbp_1.02-M3031_1.02,15,564,0.950127567120166,1,1,CEBPA
Hsapiens-jaspar2016-SOX8-MA0868.1,17,639,0.949963618218521,1,1,SOX8
Hsapiens-jaspar2018-SOX8-MA0868.1,17,639,0.949963618218521,1,1,SOX8
Hsapiens-jolma2013-SOX8,17,639,0.949963618218521,1,1,SOX8
Hsapiens-HOCOMOCOv10-VSX2_HUMAN.H10MO.D,9,339,0.949774707076434,1,1,VSX2
Hsapiens-HOCOMOCOv11-core-A-ANDR_HUMAN.H11MO.0.A,40,1496,0.949478188683712,0.861629105404428,1,ANDR
Hsapiens-HOCOMOCOv11-core-A-GATA3_HUMAN.H11MO.0.A,29,1088,0.948922211452644,0.920979959587557,1,GATA3
Hsapiens-HOCOMOCOv11-secondary-A-HNF1B_HUMAN.H11MO.1.A,28,1051,0.948648000608864,0.91981906035144,1,HNF1B
Hsapiens-JASPAR_2014-RUNX2-MA0511.1,22,827,0.948635388641799,0.911253429063625,1,RUNX2
Hsapiens-jaspar2016-RUNX2-MA0511.1,22,827,0.948635388641799,0.911253429063625,1,RUNX2
Hsapiens-jaspar2018-RUNX2-MA0511.1,22,827,0.948635388641799,0.911253429063625,1,RUNX2
Hsapiens-jaspar2016-TBX2-MA0688.1,15,565,0.948317760019502,1,1,TBX2
Hsapiens-jaspar2018-TBX2-MA0688.1,15,565,0.948317760019502,1,1,TBX2
Hsapiens-jaspar2022-TBX2-MA0688.1,15,565,0.948317760019502,1,1,TBX2
Hsapiens-jolma2013-TBX2-2,15,565,0.948317760019502,1,1,TBX2
Hsapiens-SwissRegulon-TBX2.SwissRegulon,15,565,0.948317760019502,1,1,TBX2
Hsapiens-jaspar2024-HOXA10-MA0899.2,21,790,0.948103476533199,0.909496031130059,1,HOXA10
Hsapiens-jaspar2016-MEOX1-MA0661.1,8,302,0.947830052956804,1,1,MEOX1
Hsapiens-jaspar2018-MEOX1-MA0661.1,8,302,0.947830052956804,1,1,MEOX1
Hsapiens-jaspar2022-MEOX1-MA0661.1,8,302,0.947830052956804,1,1,MEOX1
Hsapiens-jaspar2022-HOXB6-MA1500.1,8,302,0.947830052956804,1,1,HOXB6
Hsapiens-jaspar2024-TCF4-MA0830.3,8,302,0.947830052956804,1,1,TCF4
Hsapiens-jolma2013-MEOX1,8,302,0.947830052956804,1,1,MEOX1
Hsapiens-SwissRegulon-MEOX1.SwissRegulon,8,302,0.947830052956804,1,1,MEOX1
Hsapiens-HOCOMOCOv10-TFE2_HUMAN.H10MO.C,11,415,0.947689764160937,1,1,TFE2
Hsapiens-HOCOMOCOv13-NR2C2.H13CORE.1.PS.A,16,603,0.947499592428365,1,1,NR2C2
Hsapiens-HOCOMOCOv10-NFYA_HUMAN.H10MO.A,33,1239,0.94699367440474,0.851163146923249,1,NFYA
Hsapiens-HOCOMOCOv13-ZN100.H13CORE.0.P.B,19,716,0.946813442986127,0.905589399849288,1,ZN100
Hsapiens-jaspar2024-JDP2-MA0656.2,15,566,0.946514342900256,1,1,JDP2
Hsapiens-SwissRegulon-ALX4.SwissRegulon,21,792,0.945445332745762,0.909507556259701,1,ALX4
Hsapiens-SwissRegulon-POU3F2.SwissRegulon,23,867,0.945420151905482,0.912939108725812,1,POU3F2
Hsapiens-hPDI-OLIG1,14,529,0.945366052129942,1,1,OLIG1
Hsapiens-HOCOMOCOv11-core-C-ZNF8_HUMAN.H11MO.0.C,7,265,0.945297713762631,1,1,ZNF8
Hsapiens-jaspar2016-LHX6-MA0658.1,7,265,0.945297713762631,1,1,LHX6
Hsapiens-jaspar2018-LHX6-MA0658.1,7,265,0.945297713762631,1,1,LHX6
Hsapiens-jaspar2022-LHX6-MA0658.1,7,265,0.945297713762631,1,1,LHX6
Hsapiens-jaspar2022-HOXC11-MA0651.2,7,265,0.945297713762631,1,1,HOXC11
Hsapiens-jolma2013-TBX21-4,7,265,0.945297713762631,1,1,TBX21
Hsapiens-jolma2013-LHX6,7,265,0.945297713762631,1,1,LHX6
Hsapiens-cisbp_1.02-M5922_1.02,11,416,0.94528653703848,1,1,TFAP2C
Hsapiens-HOCOMOCOv13-ALX3.H13CORE.1.S.B,11,416,0.94528653703848,1,1,ALX3
Hsapiens-jaspar2016-TFAP2C(var.3)-MA0815.1,11,416,0.94528653703848,1,1,TFAP2C(var.3)
Hsapiens-jaspar2018-TFAP2C(var.3)-MA0815.1,11,416,0.94528653703848,1,1,TFAP2C(var.3)
Hsapiens-jaspar2022-TFAP2C-MA0815.1,11,416,0.94528653703848,1,1,TFAP2C
Hsapiens-jaspar2024-TFAP2C-MA0815.1,11,416,0.94528653703848,1,1,TFAP2C
Hsapiens-jolma2013-TFAP2C-3,11,416,0.94528653703848,1,1,TFAP2C
Hsapiens-SwissRegulon-CEBPB.SwissRegulon,11,416,0.94528653703848,1,1,CEBPB
Hsapiens-HOCOMOCOv13-FOXD3.H13CORE.1.S.B,30,1129,0.945245976413952,0.845555037074271,1,FOXD3
Hsapiens-jolma2013-FOXD3,24,905,0.944785205576006,0.914511987209151,1,FOXD3
Hsapiens-HOCOMOCOv13-TBXT.H13CORE.1.PSM.A,12,454,0.94462447396713,1,1,TBXT
Hsapiens-HOCOMOCOv10-PAX5_HUMAN.H10MO.S,31,1167,0.944610269573376,0.847516697116842,1,PAX5
Hsapiens-jaspar2024-IKZF1-MA1508.2,31,1167,0.944610269573376,0.847516697116842,1,IKZF1
Hsapiens-SwissRegulon-PAX5.SwissRegulon,31,1167,0.944610269573376,0.847516697116842,1,PAX5
Hsapiens-HOCOMOCOv13-ZN778.H13CORE.1.P.B,18,680,0.944510337619108,0.903397895947761,1,ZN778
Hsapiens-HOCOMOCOv10-THB_HUMAN.H10MO.C,21,793,0.944121280242848,0.909518473432308,1,THB
Hsapiens-HOCOMOCOv11-core-C-THB_HUMAN.H11MO.0.C,21,793,0.944121280242848,0.909518473432308,1,THB
Hsapiens-SwissRegulon-RFX5.SwissRegulon,16,605,0.94411071219545,1,1,RFX5
Hsapiens-jaspar2016-POU1F1-MA0784.1,27,1018,0.944066377040472,0.839052409872307,1,POU1F1
Hsapiens-jaspar2018-POU1F1-MA0784.1,27,1018,0.944066377040472,0.839052409872307,1,POU1F1
Hsapiens-jolma2013-POU1F1-2,27,1018,0.944066377040472,0.839052409872307,1,POU1F1
Hsapiens-cisbp_1.02-M5924_1.02,13,492,0.944018330054928,1,1,TFAP2C
Hsapiens-HOCOMOCOv10-NKX25_HUMAN.H10MO.C,13,492,0.944018330054928,1,1,NKX25
Hsapiens-hPDI-XRCC1,24,906,0.943608471089797,0.914536866168726,1,XRCC1
Hsapiens-jolma2013-SOX9-2,17,643,0.943538310219849,0.901030701567124,1,SOX9
Hsapiens-SwissRegulon-PBX2.SwissRegulon,17,643,0.943538310219849,0.901030701567124,1,PBX2
Hsapiens-hPDI-H2AFZ,20,756,0.943346837458959,0.907624341381613,1,H2AFZ
Hsapiens-HOCOMOCOv13-LHX1.H13CORE.1.M.C,3,114,0.942688511907205,1,1,LHX1
Hsapiens-HOCOMOCOv10-CREB5_HUMAN.H10MO.D,16,606,0.94242465272743,1,1,CREB5
Hsapiens-HOCOMOCOv11-secondary-D-CREB5_HUMAN.H11MO.0.D,16,606,0.94242465272743,1,1,CREB5
Hsapiens-jaspar2018-MITF-MA0620.2,12,455,0.942422941419951,1,1,MITF
Hsapiens-jaspar2022-TFAP4-MA1570.1,5,190,0.942160169041545,1,1,TFAP4
Hsapiens-jaspar2024-TFAP4-MA1570.1,5,190,0.942160169041545,1,1,TFAP4
Hsapiens-HOCOMOCOv11-core-A-FOXO1_HUMAN.H11MO.0.A,25,945,0.941905630845811,0.916060496842296,1,FOXO1
Hsapiens-hPDI-HP1BP3,28,1058,0.941414963191191,0.841302176800726,1,HP1BP3
Hsapiens-hPDI-MAGEA8,28,1058,0.941414963191191,0.841302176800726,1,MAGEA8
Hsapiens-jaspar2022-ZFP42-MA1651.1,28,1058,0.941414963191191,0.841302176800726,1,ZFP42
Hsapiens-jaspar2022-ZSCAN31-MA1722.1,8,304,0.941349005930734,1,1,ZSCAN31
Hsapiens-jaspar2024-ZBTB14-MA1650.2,9,342,0.941073496580829,1,1,ZBTB14
Hsapiens-HOCOMOCOv13-ZBTB24.H13CORE.0.SG.A,23,871,0.940547125052763,0.913036249806488,1,ZBTB24
Hsapiens-HOCOMOCOv13-NFAC2.H13CORE.1.PS.A,35,1321,0.940492445588437,0.85470192354117,1,NFAC2
Hsapiens-HOCOMOCOv13-ZN736.H13CORE.0.P.C,17,645,0.940355510216671,0.901013396453124,1,ZN736
Hsapiens-HOCOMOCOv10-RARA_HUMAN.H10MO.S,24,909,0.940093764696762,0.914628610700736,1,RARA
Hsapiens-HOCOMOCOv10-RARG_HUMAN.H10MO.S,24,909,0.940093764696762,0.914628610700736,1,RARG
Hsapiens-SwissRegulon-RARG.SwissRegulon,24,909,0.940093764696762,0.914628610700736,1,RARG
Hsapiens-HOCOMOCOv13-DMRT3.H13CORE.0.S.C,13,494,0.939944809728281,1,1,DMRT3
Hsapiens-HOCOMOCOv13-HSF1.H13CORE.0.PSM.A,13,494,0.939944809728281,1,1,HSF1
Hsapiens-hPDI-TULP1,22,835,0.938492035987663,0.911403771721495,1,TULP1
Hsapiens-jaspar2024-PPARD-MA1550.2,18,684,0.938470862939508,0.903401884991082,1,PPARD
Hsapiens-HOCOMOCOv10-P63_HUMAN.H10MO.A,12,457,0.938048765523383,1,1,P63
Hsapiens-HOCOMOCOv10-NFYB_HUMAN.H10MO.A,33,1249,0.938009826631647,0.851394760987059,1,NFYB
Hsapiens-HOCOMOCOv11-core-A-NFYB_HUMAN.H11MO.0.A,33,1249,0.938009826631647,0.851394760987059,1,NFYB
Hsapiens-jolma2013-FOXJ3,33,1249,0.938009826631647,0.851394760987059,1,FOXJ3
Hsapiens-HOCOMOCOv13-ZNF500.H13CORE.0.PSGI.A,7,267,0.937973671825105,1,1,ZNF500
Hsapiens-jolma2013-RFX2-2,13,495,0.937920386163996,1,1,RFX2
Hsapiens-HOCOMOCOv13-NFAT5.H13CORE.1.PS.A,20,760,0.937860518995165,0.907690518561191,1,NFAT5
Hsapiens-HOCOMOCOv11-secondary-C-ZNF85_HUMAN.H11MO.1.C,14,533,0.937766619292315,1,1,ZNF85
Hsapiens-jolma2013-FOXO1-2,14,533,0.937766619292315,1,1,FOXO1
Hsapiens-cisbp_1.02-M3447_1.02,6,229,0.93765836778269,1,1,XBP1
Hsapiens-HOCOMOCOv13-DPRX.H13CORE.0.SM.B,5,191,0.937107286583213,1,1,DPRX
Hsapiens-SwissRegulon-SIX1.SwissRegulon,5,191,0.937107286583213,1,1,SIX1
Hsapiens-HOCOMOCOv10-HTF4_HUMAN.H10MO.B,18,685,0.936972002075762,0.903413365802837,1,HTF4
Hsapiens-JASPAR_2014-FOXA1-MA0148.3,24,912,0.936602125595612,0.831262587061849,1,FOXA1
Hsapiens-jaspar2016-FOXA1-MA0148.3,24,912,0.936602125595612,0.831262587061849,1,FOXA1
Hsapiens-jaspar2018-FOXA1-MA0148.3,24,912,0.936602125595612,0.831262587061849,1,FOXA1
Hsapiens-HOCOMOCOv11-core-B-PKNX1_HUMAN.H11MO.0.B,20,761,0.936497937282847,0.907716120149711,1,PKNX1
Hsapiens-jaspar2018-PRDM1-MA0508.2,25,950,0.936279374314233,0.83397981895883,1,PRDM1
Hsapiens-HOCOMOCOv11-core-C-ZN140_HUMAN.H11MO.0.C,22,837,0.935986436167033,0.911473286430266,1,ZN140
Hsapiens-HOCOMOCOv13-PAX4.H13CORE.1.S.C,14,534,0.935884537706218,1,1,PAX4
Hsapiens-hPDI-MEIS3,11,420,0.935788017101724,1,1,MEIS3
Hsapiens-HOCOMOCOv13-THB.H13CORE.1.PSM.A,16,610,0.935735645016768,0.898417904517909,1,THB
Hsapiens-jolma2013-SRY-4,16,610,0.935735645016768,0.898417904517909,1,SRY
Hsapiens-HOCOMOCOv10-TYY2_HUMAN.H10MO.D,23,875,0.935718555411694,0.82837123796353,1,TYY2
Hsapiens-HOCOMOCOv11-secondary-D-TYY2_HUMAN.H11MO.0.D,23,875,0.935718555411694,0.82837123796353,1,TYY2
Hsapiens-HOCOMOCOv11-secondary-A-ZN335_HUMAN.H11MO.1.A,17,648,0.935618109675468,0.901021454823081,1,ZN335
Hsapiens-HOCOMOCOv10-TBP_HUMAN.H10MO.C,19,724,0.935316949942635,0.905663785271822,1,TBP
Hsapiens-SwissRegulon-FOXJ1.SwissRegulon,21,800,0.934945437529572,0.909690246879678,1,FOXJ1
Hsapiens-HOCOMOCOv13-ISL2.H13CORE.0.SM.B,7,268,0.934352633587788,1,1,ISL2
Hsapiens-jolma2013-E2F1-4,7,268,0.934352633587788,1,1,E2F1
Hsapiens-SwissRegulon-HOXA11.SwissRegulon,14,535,0.934009487058618,1,1,HOXA11
Hsapiens-SwissRegulon-TCF7.SwissRegulon,14,535,0.934009487058618,1,1,TCF7
Hsapiens-jaspar2024-THRB-MA1574.2,18,687,0.93398735519443,0.903448822618226,1,THRB
Hsapiens-cisbp_1.02-M6229_1.02,13,497,0.933895964114068,1,1,FOSL1
Hsapiens-jaspar2024-FOS-MA1951.2,13,497,0.933895964114068,1,1,FOS
Hsapiens-HOCOMOCOv13-ZNF275.H13CORE.0.SG.A,12,459,0.933712689122488,1,1,ZNF275
Hsapiens-HOCOMOCOv13-ZN302.H13CORE.0.P.B,22,839,0.933492758792838,0.911555414628307,1,ZN302
Hsapiens-HOCOMOCOv13-VDR.H13CORE.1.PS.A,10,383,0.933057346921004,1,1,VDR
Hsapiens-jaspar2024-MAFA-MA1521.2,10,383,0.933057346921004,1,1,MAFA
Hsapiens-HOCOMOCOv13-ZKSC8.H13CORE.1.P.B,18,688,0.932501531188807,0.903472772367562,1,ZKSC8
Hsapiens-HOCOMOCOv13-PITX1.H13CORE.1.S.B,16,612,0.932423900412185,0.898427195449837,1,PITX1
Hsapiens-jaspar2016-PPARG::RXRA-MA0065.1,15,574,0.932313039483503,0.895577889174307,1,PPARG::RXRA
Hsapiens-jaspar2018-PPARG::RXRA-MA0065.1,15,574,0.932313039483503,0.895577889174307,1,PPARG::RXRA
Hsapiens-HOCOMOCOv13-FOXO4.H13CORE.0.SM.B,14,536,0.932141428014314,0.8924670699052,1,FOXO4
Hsapiens-jaspar2018-SOX10-MA0442.2,23,878,0.932125937934584,0.828321465344411,1,SOX10
Hsapiens-jaspar2022-SOX10-MA0442.2,23,878,0.932125937934584,0.828321465344411,1,SOX10
Hsapiens-HOCOMOCOv13-ZEB2.H13CORE.0.P.B,13,498,0.931895867575788,1,1,ZEB2
Hsapiens-cisbp_1.02-M5510_1.02,8,307,0.931785722442084,1,1,HEY2
Hsapiens-jaspar2024-IRF4-MA1419.2,12,460,0.931558782995488,1,1,IRF4
Hsapiens-JASPAR_2014-NFKB1-MA0105.3,20,765,0.931083178860735,0.90785441416598,1,NFKB1
Hsapiens-jaspar2016-NFKB1-MA0105.3,20,765,0.931083178860735,0.90785441416598,1,NFKB1
Hsapiens-jaspar2018-NFKB1-MA0105.3,20,765,0.931083178860735,0.90785441416598,1,NFKB1
Hsapiens-HOCOMOCOv10-VDR_HUMAN.H10MO.S,18,689,0.931020014998174,0.903500851377544,1,VDR
Hsapiens-HOCOMOCOv13-ZNF623.H13CORE.0.PG.A,23,879,0.930933836434714,0.828316699662079,1,ZNF623
Hsapiens-HOCOMOCOv13-ZNF732.H13CORE.0.PSG.A,16,613,0.93077612444632,0.89843914923474,1,ZNF732
Hsapiens-SwissRegulon-TBX3.SwissRegulon,16,613,0.93077612444632,0.89843914923474,1,TBX3
Hsapiens-SwissRegulon-ZBTB3.SwissRegulon,25,955,0.930711873010888,0.834018745054549,1,ZBTB3
Hsapiens-cisbp_1.02-M6510_1.02,15,575,0.930565639597736,0.89557951859523,1,TEF
Hsapiens-HOCOMOCOv13-COT1.H13CORE.1.PSM.A,14,537,0.930280321530944,0.892456343470342,1,COT1
Hsapiens-jolma2013-HNF4A,9,346,0.929706520553025,1,1,HNF4A
Hsapiens-hPDI-TFE3,25,956,0.929605342302048,0.834042423692556,1,TFE3
Hsapiens-HOCOMOCOv13-NFIL3.H13CORE.1.S.B,12,461,0.929414216534544,1,1,NFIL3
Hsapiens-jaspar2024-SNAI3-MA1559.2,12,461,0.929414216534544,1,1,SNAI3
Hsapiens-HOCOMOCOv13-RXRA.H13CORE.0.PS.A,15,576,0.928824302215216,0.895586456316584,1,RXRA
Hsapiens-SwissRegulon-DLX3.SwissRegulon,11,423,0.928781964396071,1,1,DLX3
Hsapiens-HOCOMOCOv13-ZBTB2.H13CORE.0.SM.B,8,308,0.928639349123109,1,1,ZBTB2
Hsapiens-jaspar2022-GATA5-MA0766.2,8,308,0.928639349123109,1,1,GATA5
Hsapiens-jaspar2024-TEAD1-MA0090.4,14,538,0.928426128856262,0.892451461457481,1,TEAD1
Hsapiens-jaspar2024-POU2F3-MA0627.3,20,767,0.928396946048576,0.907944919939735,1,POU2F3
Hsapiens-HOCOMOCOv10-SHOX2_HUMAN.H10MO.D,27,1033,0.928343299583927,0.839250335108274,1,SHOX2
Hsapiens-HOCOMOCOv11-secondary-D-SHOX2_HUMAN.H11MO.0.D,27,1033,0.928343299583927,0.839250335108274,1,SHOX2
Hsapiens-jolma2013-TFAP2C-5,13,500,0.927919661281071,0.889007860287144,1,TFAP2C
Hsapiens-SwissRegulon-RELB.SwissRegulon,17,653,0.927819071986857,0.901124703805811,1,RELB
Hsapiens-HOCOMOCOv11-secondary-B-RFX1_HUMAN.H11MO.1.B,16,615,0.927496633602917,0.898477593076258,1,RFX1
Hsapiens-HOCOMOCOv11-core-C-ITF2_HUMAN.H11MO.0.C,24,920,0.927402146375807,0.831299410946426,1,ITF2
Hsapiens-cisbp_1.02-M3589_1.02,12,462,0.927278929115434,1,1,MYOD1
Hsapiens-HOCOMOCOv10-ERF_HUMAN.H10MO.D,7,270,0.927191005094883,1,1,ERF
Hsapiens-cisbp_1.02-M1875_1.02,9,347,0.92690571049375,1,1,HLF
Hsapiens-JASPAR_CORE-HLF-MA0043.1,9,347,0.92690571049375,1,1,HLF
Hsapiens-JASPAR_2014-HLF-MA0043.1,9,347,0.92690571049375,1,1,HLF
Hsapiens-jaspar2016-HLF-MA0043.1,9,347,0.92690571049375,1,1,HLF
Hsapiens-jaspar2018-HLF-MA0043.1,9,347,0.92690571049375,1,1,HLF
Hsapiens-HOCOMOCOv13-ZBT12.H13CORE.0.P.B,14,539,0.926578811525456,0.892452404773313,1,ZBT12
Hsapiens-HOCOMOCOv13-ZN547.H13CORE.0.P.B,11,424,0.926468635340093,1,1,ZN547
Hsapiens-HOCOMOCOv11-core-A-FOXH1_HUMAN.H11MO.0.A,11,424,0.926468635340093,1,1,FOXH1
Hsapiens-jaspar2022-MEIS2-MA1640.1,17,654,0.926273559566366,0.901158692495678,1,MEIS2
Hsapiens-HOCOMOCOv13-NGN2.H13CORE.1.SM.B,3,116,0.926200852849259,1,1,NGN2
Hsapiens-hPDI-MBTPS2,16,616,0.925864866603918,0.898504049138795,1,MBTPS2
Hsapiens-HOCOMOCOv10-PRDM4_HUMAN.H10MO.D,19,731,0.925463658438211,0.905931367644339,1,PRDM4
Hsapiens-HOCOMOCOv11-secondary-D-PRDM4_HUMAN.H11MO.0.D,19,731,0.925463658438211,0.905931367644339,1,PRDM4
Hsapiens-jaspar2016-VSX1-MA0725.1,10,386,0.92543956590022,1,1,VSX1
Hsapiens-jaspar2016-VSX2-MA0726.1,10,386,0.92543956590022,1,1,VSX2
Hsapiens-jaspar2018-VSX1-MA0725.1,10,386,0.92543956590022,1,1,VSX1
Hsapiens-jaspar2018-VSX2-MA0726.1,10,386,0.92543956590022,1,1,VSX2
Hsapiens-jaspar2022-VSX1-MA0725.1,10,386,0.92543956590022,1,1,VSX1
Hsapiens-jaspar2022-VSX2-MA0726.1,10,386,0.92543956590022,1,1,VSX2
Hsapiens-jolma2013-VSX1,10,386,0.92543956590022,1,1,VSX1
Hsapiens-jolma2013-VSX2,10,386,0.92543956590022,1,1,VSX2
Hsapiens-SwissRegulon-VSX2.SwissRegulon,10,386,0.92543956590022,1,1,VSX2
Hsapiens-HOCOMOCOv13-SNAI1.H13CORE.0.PSM.A,15,578,0.925359689151841,0.895616184662408,1,SNAI1
Hsapiens-cisbp_1.02-M5952_1.02,12,463,0.925152860637443,1,1,XBP1
Hsapiens-jolma2013-TEAD1-2,13,502,0.923975118940709,0.888988822610253,1,TEAD1
Hsapiens-SwissRegulon-JUND.SwissRegulon,13,502,0.923975118940709,0.888988822610253,1,JUND
Hsapiens-HOCOMOCOv13-FOXA1.H13CORE.0.P.B,23,885,0.923837678102728,0.828411466303882,1,FOXA1
Hsapiens-HOCOMOCOv13-ZSC29.H13CORE.1.M.C,4,155,0.923831882627153,1,1,ZSC29
Hsapiens-jaspar2024-MEIS2-MA1640.2,17,656,0.923196655599085,0.901239878050379,1,MEIS2
Hsapiens-HOCOMOCOv10-BMAL1_HUMAN.H10MO.C,12,464,0.923035951517713,1,1,BMAL1
Hsapiens-jaspar2024-RORA-MA0072.2,10,387,0.9229265411816,1,1,RORA
Hsapiens-HOCOMOCOv13-MYB.H13CORE.0.P.B,8,310,0.922407483006072,1,1,MYB
Hsapiens-HOCOMOCOv13-VENTX.H13CORE.0.SM.B,5,194,0.922261130943466,1,1,VENTX
Hsapiens-jolma2013-SOX10-2,13,503,0.922014603769,0.888988937996532,1,SOX10
Hsapiens-HOCOMOCOv11-core-B-PPARA_HUMAN.H11MO.0.B,25,963,0.921923798901018,0.83435507437532,1,PPARA
Hsapiens-HOCOMOCOv13-TBX6.H13CORE.0.PSM.A,14,542,0.921077731203918,0.892489983246538,1,TBX6
Hsapiens-jaspar2024-ATF3-MA0605.3,14,542,0.921077731203918,0.892489983246538,1,ATF3
Hsapiens-HOCOMOCOv11-secondary-D-NGN2_HUMAN.H11MO.0.D,16,619,0.921001170103294,0.89861213725821,1,NGN2
Hsapiens-jolma2013-CREB3,15,581,0.920207457711481,0.895700120943853,1,CREB3
Hsapiens-jolma2013-ESRRA-6,16,620,0.919390387850302,0.898657676311956,1,ESRRA
Hsapiens-hPDI-BARX1,12,466,0.918829375577624,0.885127153277541,1,BARX1
Hsapiens-hPDI-ZNF326,12,466,0.918829375577624,0.885127153277541,1,ZNF326
Hsapiens-hPDI-APEX2,9,350,0.91859927694896,1,1,APEX2
Hsapiens-jaspar2022-NR2C1-MA1535.1,9,350,0.91859927694896,1,1,NR2C1
Hsapiens-jolma2013-MEOX2-2,9,350,0.91859927694896,1,1,MEOX2
Hsapiens-cisbp_1.02-M5653_1.02,3,117,0.918168372429393,1,1,NEUROG2
Hsapiens-cisbp_1.02-M5931_1.02,13,505,0.918116852722905,0.889008319773906,1,TFEB
Hsapiens-cisbp_1.02-M5506_1.02,5,195,0.917413906021574,1,1,HES7
Hsapiens-jaspar2016-HES7-MA0822.1,5,195,0.917413906021574,1,1,HES7
Hsapiens-jaspar2018-HES7-MA0822.1,5,195,0.917413906021574,1,1,HES7
Hsapiens-jaspar2022-HES7-MA0822.1,5,195,0.917413906021574,1,1,HES7
Hsapiens-jaspar2024-HES7-MA0822.1,5,195,0.917413906021574,1,1,HES7
Hsapiens-jolma2013-HES7,5,195,0.917413906021574,1,1,HES7
Hsapiens-SwissRegulon-HES7.SwissRegulon,5,195,0.917413906021574,1,1,HES7
Hsapiens-HOCOMOCOv13-ZN329.H13CORE.0.P.C,17,660,0.917098732387966,0.901454581059896,1,ZN329
Hsapiens-HOCOMOCOv13-IRX5.H13CORE.1.SM.B,6,234,0.917031383455026,1,1,IRX5
Hsapiens-jaspar2024-ARNT2-MA1464.2,12,467,0.916739592131144,0.885126257232996,1,ARNT2
Hsapiens-jaspar2024-TFEB-MA0692.2,12,467,0.916739592131144,0.885126257232996,1,TFEB
Hsapiens-jolma2013-TBX1-2,8,312,0.91625549041175,1,1,TBX1
Hsapiens-HOCOMOCOv13-SOX21.H13CORE.0.S.B,16,622,0.916184347081462,0.898762898326666,1,SOX21
Hsapiens-JASPAR_CORE-TAL1::TCF3-MA0091.1,9,351,0.915862008956876,1,1,TAL1::TCF3
Hsapiens-JASPAR_2014-TAL1::TCF3-MA0091.1,9,351,0.915862008956876,1,1,TAL1::TCF3
Hsapiens-jaspar2016-TAL1::TCF3-MA0091.1,9,351,0.915862008956876,1,1,TAL1::TCF3
Hsapiens-jaspar2018-TAL1::TCF3-MA0091.1,9,351,0.915862008956876,1,1,TAL1::TCF3
Hsapiens-jaspar2022-TAL1::TCF3-MA0091.1,9,351,0.915862008956876,1,1,TAL1::TCF3
Hsapiens-jaspar2022-HOXD4-MA1507.1,9,351,0.915862008956876,1,1,HOXD4
Hsapiens-HOCOMOCOv11-core-A-TFE2_HUMAN.H11MO.0.A,23,892,0.915679217979624,0.828786368099737,1,TFE2
Hsapiens-jaspar2016-ZIC3-MA0697.1,14,545,0.915637171284291,0.892579222994008,1,ZIC3
Hsapiens-jaspar2018-ZIC3-MA0697.1,14,545,0.915637171284291,0.892579222994008,1,ZIC3
Hsapiens-jolma2013-ZIC3,14,545,0.915637171284291,0.892579222994008,1,ZIC3
Hsapiens-HOCOMOCOv13-MEIS2.H13CORE.0.P.C,10,390,0.915464761659365,1,1,MEIS2
Hsapiens-SwissRegulon-SOX8.SwissRegulon,10,390,0.915464761659365,1,1,SOX8
Hsapiens-jolma2013-SOX14-3,11,429,0.915063690133353,0.880796010194162,1,SOX14
Hsapiens-HOCOMOCOv13-ZSCAN2.H13CORE.0.PG.A,13,507,0.914249834755359,0.889053068458212,1,ZSCAN2
Hsapiens-HOCOMOCOv13-ZNF26.H13CORE.1.P.B,13,507,0.914249834755359,0.889053068458212,1,ZNF26
Hsapiens-HOCOMOCOv13-PRRX1.H13CORE.1.S.B,14,546,0.913836927938636,0.892620339856456,1,PRRX1
Hsapiens-hPDI-ZFP3,14,546,0.913836927938636,0.892620339856456,1,ZFP3
Hsapiens-HOCOMOCOv13-ZN260.H13CORE.0.P.C,15,585,0.913419950897566,0.895884597831772,1,ZN260
Hsapiens-HOCOMOCOv10-SCRT2_HUMAN.H10MO.D,9,352,0.91314028859771,1,1,SCRT2
Hsapiens-HOCOMOCOv11-secondary-D-SCRT2_HUMAN.H11MO.0.D,9,352,0.91314028859771,1,1,SCRT2
Hsapiens-jaspar2024-DBP-MA0639.2,6,235,0.913011294058221,1,1,DBP
Hsapiens-HOCOMOCOv13-MGAP.H13CORE.1.S.B,11,430,0.91281451482276,0.88078588774649,1,MGAP
Hsapiens-jolma2013-FOXO6,12,469,0.912586746448317,0.885145711701255,1,FOXO6
Hsapiens-jolma2013-PITX1-3,13,508,0.912327737286407,0.889084888962984,1,PITX1
Hsapiens-jaspar2024-CUX2-MA0755.2,4,157,0.911830804445797,1,1,CUX2
Hsapiens-HOCOMOCOv13-MYF6.H13CORE.0.SM.B,10,392,0.910553668586329,1,1,MYF6
Hsapiens-hPDI-ZNF503,14,548,0.910256138232347,0.892719477084072,1,ZNF503
Hsapiens-HOCOMOCOv10-USF1_HUMAN.H10MO.A,15,587,0.910060858783124,0.896007524191634,1,USF1
Hsapiens-HOCOMOCOv13-HXD13.H13CORE.1.SM.B,6,236,0.909025266217175,1,1,HXD13
Hsapiens-HOCOMOCOv13-HXD3.H13CORE.0.SM.B,6,236,0.909025266217175,1,1,HXD3
Hsapiens-jaspar2016-EMX2-MA0886.1,6,236,0.909025266217175,1,1,EMX2
Hsapiens-jaspar2018-EMX2-MA0886.1,6,236,0.909025266217175,1,1,EMX2
Hsapiens-jaspar2022-EMX2-MA0886.1,6,236,0.909025266217175,1,1,EMX2
Hsapiens-jolma2013-EMX2,6,236,0.909025266217175,1,1,EMX2
Hsapiens-HOCOMOCOv10-HXB6_HUMAN.H10MO.D,13,510,0.908506141709989,0.889167281422048,1,HXB6
Hsapiens-HOCOMOCOv11-secondary-D-HXB6_HUMAN.H11MO.0.D,13,510,0.908506141709989,0.889167281422048,1,HXB6
Hsapiens-HOCOMOCOv10-COT1_HUMAN.H10MO.B,15,588,0.908389874935529,0.896076573987737,1,COT1
Hsapiens-cisbp_1.02-M5509_1.02,5,197,0.907867060841097,1,1,HEY1
Hsapiens-jaspar2016-HES5-MA0821.1,5,197,0.907867060841097,1,1,HES5
Hsapiens-jaspar2016-HEY1-MA0823.1,5,197,0.907867060841097,1,1,HEY1
Hsapiens-jaspar2018-HES5-MA0821.1,5,197,0.907867060841097,1,1,HES5
Hsapiens-jaspar2018-HEY1-MA0823.1,5,197,0.907867060841097,1,1,HEY1
Hsapiens-jaspar2022-HEY1-MA0823.1,5,197,0.907867060841097,1,1,HEY1
Hsapiens-jaspar2024-HEY1-MA0823.1,5,197,0.907867060841097,1,1,HEY1
Hsapiens-jolma2013-E2F2-2,5,197,0.907867060841097,1,1,E2F2
Hsapiens-jolma2013-HES5,5,197,0.907867060841097,1,1,HES5
Hsapiens-jolma2013-HEY1,5,197,0.907867060841097,1,1,HEY1
Hsapiens-SwissRegulon-HES5.SwissRegulon,5,197,0.907867060841097,1,1,HES5
Hsapiens-SwissRegulon-HEY1.SwissRegulon,5,197,0.907867060841097,1,1,HEY1
Hsapiens-HOCOMOCOv10-NFIL3_HUMAN.H10MO.C,8,315,0.907173937219576,1,1,NFIL3
Hsapiens-cisbp_1.02-M6530_1.02,15,589,0.906724560479583,0.896150647343884,1,USF1
Hsapiens-HOCOMOCOv10-NKX22_HUMAN.H10MO.D,14,550,0.906701372519737,0.892840973477746,1,NKX22
Hsapiens-HOCOMOCOv11-secondary-A-VDR_HUMAN.H11MO.1.A,12,472,0.906423432067463,0.885227555487754,1,VDR
Hsapiens-jolma2013-LHX2-2,12,472,0.906423432067463,0.885227555487754,1,LHX2
Hsapiens-HOCOMOCOv13-PHX2A.H13CORE.1.SM.B,7,276,0.906328722361361,1,1,PHX2A
Hsapiens-HOCOMOCOv13-RLF.H13CORE.0.PSGI.A,11,433,0.906129294291704,0.880803222803191,1,RLF
Hsapiens-hPDI-ZC3H7A,11,433,0.906129294291704,0.880803222803191,1,ZC3H7A
Hsapiens-cisbp_1.02-M3089_1.02,14,551,0.904933660140207,0.89291003654758,1,CREB1
Hsapiens-HOCOMOCOv13-MITF.H13CORE.0.P.B,14,552,0.903172348046966,0.892984604196071,1,MITF
Hsapiens-HOCOMOCOv11-core-A-RUNX3_HUMAN.H11MO.0.A,14,552,0.903172348046966,0.892984604196071,1,RUNX3
Hsapiens-jolma2013-JDP2-2,14,552,0.903172348046966,0.892984604196071,1,JDP2
Hsapiens-cisbp_1.02-M5504_1.02,5,198,0.903165949940144,1,1,HES5
Hsapiens-cisbp_1.02-M3539_1.02,7,277,0.902939522152603,1,1,MAX
Hsapiens-jaspar2016-PDX1-MA0132.2,7,277,0.902939522152603,1,1,PDX1
Hsapiens-jaspar2018-PDX1-MA0132.2,7,277,0.902939522152603,1,1,PDX1
Hsapiens-jaspar2022-PDX1-MA0132.2,7,277,0.902939522152603,1,1,PDX1
Hsapiens-jaspar2024-SOX14-MA1562.2,7,277,0.902939522152603,1,1,SOX14
Hsapiens-jolma2013-PDX1-2,7,277,0.902939522152603,1,1,PDX1
Hsapiens-jolma2013-NEUROG2,3,119,0.902508352574326,1,1,NEUROG2
Hsapiens-SwissRegulon-NEUROG2.SwissRegulon,3,119,0.902508352574326,1,1,NEUROG2
Hsapiens-HOCOMOCOv13-ZN433.H13CORE.1.P.C,9,356,0.902406263866569,1,1,ZN433
Hsapiens-SwissRegulon-NKX2-4.SwissRegulon,11,435,0.901723685858488,0.880854174898745,1,NKX2-4
Hsapiens-jaspar2018-SIX2-MA1119.1,14,553,0.90141740153285,0.893064646542985,1,SIX2
Hsapiens-jaspar2022-SIX2-MA1119.1,14,553,0.90141740153285,0.893064646542985,1,SIX2
Hsapiens-jaspar2022-NKX2-4-MA2003.1,10,396,0.900880247753271,0.875861235685664,1,NKX2-4
Hsapiens-cisbp_1.02-M6162_1.02,12,475,0.900337930170336,0.885371808226627,1,ARNTL
Hsapiens-SwissRegulon-BARHL1.SwissRegulon,4,159,0.900131592508519,1,1,BARHL1
Hsapiens-SwissRegulon-TLX2.SwissRegulon,9,357,0.899760329790839,0.870223932238115,1,TLX2
Hsapiens-jaspar2024-MAF::NFE2-MA0501.2,13,515,0.89908193532373,0.889481227948616,1,MAF::NFE2
Hsapiens-jaspar2024-MAF-MA1520.2,8,318,0.898263687350422,1,1,MAF
Hsapiens-cisbp_1.02-M6368_1.02,8,319,0.895330836352287,1,1,NFIL3
Hsapiens-jolma2013-NFIX,8,319,0.895330836352287,1,1,NFIX
Hsapiens-jolma2013-TBX20-5,11,438,0.895190678672375,0.880988924171766,1,TBX20
Hsapiens-SwissRegulon-TBX20.SwissRegulon,11,438,0.895190678672375,0.880988924171766,1,TBX20
Hsapiens-SwissRegulon-ARNTL.SwissRegulon,12,478,0.894328776188945,0.885577508497259,1,ARNTL
Hsapiens-HOCOMOCOv13-ZN821.H13CORE.0.SM.B,10,399,0.893752416527271,0.875930444719253,1,ZN821
Hsapiens-HOCOMOCOv10-NKX23_HUMAN.H10MO.D,10,399,0.893752416527271,0.875930444719253,1,NKX23
Hsapiens-HOCOMOCOv11-secondary-D-NKX23_HUMAN.H11MO.0.D,10,399,0.893752416527271,0.875930444719253,1,NKX23
Hsapiens-hPDI-UBE2V1,11,439,0.893032842998319,0.881049227142673,1,UBE2V1
Hsapiens-cisbp_1.02-M4030_1.02,7,280,0.892917139168076,1,1,NFE2L1
Hsapiens-jaspar2022-HES2-MA0616.2,7,280,0.892917139168076,1,1,HES2
Hsapiens-jaspar2024-CREB3L4-MA1474.2,10,400,0.891400223354813,0.875971174053936,1,CREB3L4
Hsapiens-cisbp_1.02-M3083_1.02,11,440,0.890884811365465,0.881117150766375,1,CREB1
Hsapiens-HOCOMOCOv13-ZN430.H13CORE.0.P.C,11,440,0.890884811365465,0.881117150766375,1,ZN430
Hsapiens-HOCOMOCOv10-PAX4_HUMAN.H10MO.D,12,480,0.890364382366899,0.885748268013941,1,PAX4
Hsapiens-HOCOMOCOv11-secondary-D-PAX4_HUMAN.H11MO.0.D,12,480,0.890364382366899,0.885748268013941,1,PAX4
Hsapiens-SwissRegulon-NEUROD1.SwissRegulon,12,480,0.890364382366899,0.885748268013941,1,NEUROD1
Hsapiens-HOCOMOCOv13-DLX5.H13CORE.0.PSM.A,5,201,0.889343231535745,1,1,DLX5
Hsapiens-HOCOMOCOv10-ATF6A_HUMAN.H10MO.B,11,441,0.888746517101376,0.881192649694502,1,ATF6A
Hsapiens-HOCOMOCOv11-core-B-ATF6A_HUMAN.H11MO.0.B,11,441,0.888746517101376,0.881192649694502,1,ATF6A
Hsapiens-SwissRegulon-SIX6.SwissRegulon,4,161,0.888722999266939,1,1,SIX6
Hsapiens-jaspar2016-PKNOX1-MA0782.1,8,322,0.886641552671926,0.863637063192648,1,PKNOX1
Hsapiens-jaspar2018-PKNOX1-MA0782.1,8,322,0.886641552671926,0.863637063192648,1,PKNOX1
Hsapiens-jolma2013-PKNOX1,8,322,0.886641552671926,0.863637063192648,1,PKNOX1
Hsapiens-HOCOMOCOv13-ZNF23.H13CORE.0.P.C,12,482,0.886432871195447,0.885945547943392,1,ZNF23
Hsapiens-jaspar2016-TFEB-MA0692.1,12,482,0.886432871195447,0.885945547943392,1,TFEB
Hsapiens-jaspar2018-TFEB-MA0692.1,12,482,0.886432871195447,0.885945547943392,1,TFEB
Hsapiens-jaspar2022-TFEB-MA0692.1,12,482,0.886432871195447,0.885945547943392,1,TFEB
Hsapiens-jolma2013-TFEB,12,482,0.886432871195447,0.885945547943392,1,TFEB
Hsapiens-HOCOMOCOv13-PITX1.H13CORE.0.PSM.A,7,282,0.886353991050252,1,1,PITX1
Hsapiens-SwissRegulon-IRF6.SwissRegulon,5,202,0.884826882002757,1,1,IRF6
Hsapiens-HOCOMOCOv13-HSF5.H13CORE.1.S.C,4,162,0.883124321638559,1,1,HSF5
Hsapiens-jaspar2022-NR2F6-MA1539.1,7,283,0.883107195999815,1,1,NR2F6
Hsapiens-jaspar2024-NR2F6-MA1539.1,7,283,0.883107195999815,1,1,NR2F6
Hsapiens-HOCOMOCOv13-CLOCK.H13CORE.0.M.C,6,243,0.882041479632917,1,1,CLOCK
Hsapiens-SwissRegulon-VAX2.SwissRegulon,6,243,0.882041479632917,1,1,VAX2
Hsapiens-HOCOMOCOv13-ZN296.H13CORE.0.S.C,9,364,0.881645729979435,0.870326517695929,1,ZN296
Hsapiens-jaspar2024-MYF5-MA1641.2,9,364,0.881645729979435,0.870326517695929,1,MYF5
Hsapiens-HOCOMOCOv11-core-B-HNF6_HUMAN.H11MO.0.B,8,324,0.880938068824973,0.863632198190966,1,HNF6
Hsapiens-jaspar2016-DMRT3-MA0610.1,8,324,0.880938068824973,0.863632198190966,1,DMRT3
Hsapiens-jaspar2018-DMRT3-MA0610.1,8,324,0.880938068824973,0.863632198190966,1,DMRT3
Hsapiens-jaspar2022-DMRT3-MA0610.1,8,324,0.880938068824973,0.863632198190966,1,DMRT3
Hsapiens-jaspar2024-CEBPD-MA0836.3,8,324,0.880938068824973,0.863632198190966,1,CEBPD
Hsapiens-SwissRegulon-HOXB4.SwissRegulon,11,445,0.880289401250976,0.881569451598981,1,HOXB4
Hsapiens-jaspar2024-PAX5-MA0014.4,3,122,0.879980896001318,1,1,PAX5
Hsapiens-hPDI-ARNTL,6,244,0.878313015833388,1,1,ARNTL
Hsapiens-HOCOMOCOv13-MAFG.H13CORE.0.PSM.A,11,446,0.878198814617234,0.881682107253182,1,MAFG
Hsapiens-cisbp_1.02-M5927_1.02,9,366,0.876597358935014,0.87044668033825,1,TFAP4
Hsapiens-jaspar2016-TFAP4-MA0691.1,9,366,0.876597358935014,0.87044668033825,1,TFAP4
Hsapiens-jaspar2018-TFAP4-MA0691.1,9,366,0.876597358935014,0.87044668033825,1,TFAP4
Hsapiens-jaspar2022-TFAP4-MA0691.1,9,366,0.876597358935014,0.87044668033825,1,TFAP4
Hsapiens-jaspar2024-TFAP4-MA0691.1,9,366,0.876597358935014,0.87044668033825,1,TFAP4
Hsapiens-jolma2013-TFAP4-2,9,366,0.876597358935014,0.87044668033825,1,TFAP4
Hsapiens-HOCOMOCOv13-MEOX2.H13CORE.0.SM.B,5,204,0.875926994082254,1,1,MEOX2
Hsapiens-HOCOMOCOv10-CUX2_HUMAN.H10MO.D,5,204,0.875926994082254,1,1,CUX2
Hsapiens-jaspar2016-E2F3-MA0469.2,5,204,0.875926994082254,1,1,E2F3
Hsapiens-jaspar2018-E2F3-MA0469.2,5,204,0.875926994082254,1,1,E2F3
Hsapiens-jolma2013-E2F3-2,5,204,0.875926994082254,1,1,E2F3
Hsapiens-jolma2013-OTX2,8,326,0.875304547695817,0.863674905721103,1,OTX2
Hsapiens-hPDI-PTCD1,6,245,0.874614982522155,1,1,PTCD1
Hsapiens-hPDI-EBF1,10,408,0.872997618131834,0.876607454737256,1,EBF1
Hsapiens-SwissRegulon-PRDM14.SwissRegulon,8,327,0.872513622088807,0.863713914794561,1,PRDM14
Hsapiens-jolma2013-MYBL2-3,4,164,0.872131765349941,1,1,MYBL2
Hsapiens-jolma2013-GMEB2-3,4,164,0.872131765349941,1,1,GMEB2
Hsapiens-SwissRegulon-MYBL1.SwissRegulon,4,164,0.872131765349941,1,1,MYBL1
Hsapiens-HOCOMOCOv10-NGN2_HUMAN.H10MO.D,7,287,0.870346222043538,0.855861643786268,1,NGN2
Hsapiens-jaspar2016-LBX1-MA0618.1,9,369,0.869127379452487,0.87070073698769,1,LBX1
Hsapiens-jaspar2018-LBX1-MA0618.1,9,369,0.869127379452487,0.87070073698769,1,LBX1
Hsapiens-jaspar2022-LBX1-MA0618.1,9,369,0.869127379452487,0.87070073698769,1,LBX1
Hsapiens-SwissRegulon-IRX3.SwissRegulon,9,369,0.869127379452487,0.87070073698769,1,IRX3
Hsapiens-HOCOMOCOv13-CEBPE.H13CORE.1.SM.B,5,206,0.867199890429411,1,1,CEBPE
Hsapiens-HOCOMOCOv13-PDX1.H13CORE.1.PSM.A,5,206,0.867199890429411,1,1,PDX1
Hsapiens-jaspar2016-BARHL2-MA0635.1,4,165,0.866735404720118,1,1,BARHL2
Hsapiens-jaspar2018-BARHL2-MA0635.1,4,165,0.866735404720118,1,1,BARHL2
Hsapiens-jaspar2022-BARHL2-MA0635.1,4,165,0.866735404720118,1,1,BARHL2
Hsapiens-jaspar2022-CUX1-MA0754.2,4,165,0.866735404720118,1,1,CUX1
Hsapiens-jolma2013-BARHL2-4,4,165,0.866735404720118,1,1,BARHL2
Hsapiens-HOCOMOCOv13-MSX2.H13CORE.1.SM.B,9,370,0.866664296723265,0.870804829983561,1,MSX2
Hsapiens-SwissRegulon-NKX2-3.SwissRegulon,9,371,0.864214487921031,0.870918506910421,1,NKX2-3
Hsapiens-HOCOMOCOv10-PDX1_HUMAN.H10MO.C,7,289,0.864098172137567,0.855880055467459,1,PDX1
Hsapiens-jolma2013-TBX21-6,7,289,0.864098172137567,0.855880055467459,1,TBX21
Hsapiens-SwissRegulon-PDX1.SwissRegulon,7,289,0.864098172137567,0.855880055467459,1,PDX1
Hsapiens-jaspar2024-HOXA6-MA1497.2,6,248,0.863699785182736,1,1,HOXA6
Hsapiens-jaspar2024-HOXB6-MA1500.2,6,248,0.863699785182736,1,1,HOXB6
Hsapiens-HOCOMOCOv13-CEBPG.H13CORE.1.SM.B,5,207,0.862899567928917,1,1,CEBPG
Hsapiens-jaspar2022-PAX3-MA1546.1,4,166,0.861404050947809,1,1,PAX3
Hsapiens-jaspar2016-TGIF2-MA0797.1,7,290,0.861006457444068,0.855910286462532,1,TGIF2
Hsapiens-jaspar2018-TGIF2-MA0797.1,7,290,0.861006457444068,0.855910286462532,1,TGIF2
Hsapiens-jaspar2022-TGIF2-MA0797.1,7,290,0.861006457444068,0.855910286462532,1,TGIF2
Hsapiens-jaspar2024-TGIF2-MA0797.1,7,290,0.861006457444068,0.855910286462532,1,TGIF2
Hsapiens-jolma2013-TGIF2,7,290,0.861006457444068,0.855910286462532,1,TGIF2
Hsapiens-jaspar2024-ZBED2-MA1971.2,9,373,0.859354265166926,0.871174313990558,1,ZBED2
Hsapiens-HOCOMOCOv13-LHX8.H13CORE.0.S.B,8,332,0.858811119866404,0.864082329264075,1,LHX8
Hsapiens-HOCOMOCOv13-ZNF12.H13CORE.1.M.C,5,208,0.858640587833644,1,1,ZNF12
Hsapiens-SwissRegulon-GLIS2.SwissRegulon,5,208,0.858640587833644,1,1,GLIS2
Hsapiens-HOCOMOCOv13-PITX2.H13CORE.0.SM.B,7,291,0.857935986904927,0.855954401474812,1,PITX2
Hsapiens-jaspar2016-NKX2-3-MA0672.1,9,374,0.85694364060262,0.871316291067205,1,NKX2-3
Hsapiens-jaspar2018-NKX2-3-MA0672.1,9,374,0.85694364060262,0.871316291067205,1,NKX2-3
Hsapiens-jaspar2022-NKX2-3-MA0672.1,9,374,0.85694364060262,0.871316291067205,1,NKX2-3
Hsapiens-jolma2013-HMX3,9,374,0.85694364060262,0.871316291067205,1,HMX3
Hsapiens-jolma2013-NKX2-3-2,9,374,0.85694364060262,0.871316291067205,1,NKX2-3
Hsapiens-HOCOMOCOv13-MKX.H13CORE.0.PSGIB.A,4,167,0.856136536447308,1,1,MKX
Hsapiens-jolma2013-TBX21,4,167,0.856136536447308,1,1,TBX21
Hsapiens-jaspar2022-HOXD3-MA0912.2,8,334,0.85344496019938,0.864309011793947,1,HOXD3
Hsapiens-jaspar2024-HOXD3-MA0912.2,8,334,0.85344496019938,0.864309011793947,1,HOXD3
Hsapiens-HOCOMOCOv13-TF2L1.H13CORE.0.PSM.A,6,251,0.853045459299143,0.846497368895326,1,TF2L1
Hsapiens-jaspar2016-NR3C2-MA0727.1,5,210,0.850244292875728,1,1,NR3C2
Hsapiens-jaspar2018-NR3C2-MA0727.1,5,210,0.850244292875728,1,1,NR3C2
Hsapiens-jaspar2022-NR3C2-MA0727.1,5,210,0.850244292875728,1,1,NR3C2
Hsapiens-jolma2013-NR3C2,5,210,0.850244292875728,1,1,NR3C2
Hsapiens-SwissRegulon-NR3C2.SwissRegulon,5,210,0.850244292875728,1,1,NR3C2
Hsapiens-jolma2013-AR-2,5,211,0.846105825000606,1,1,AR
Hsapiens-hPDI-MYOD1,8,337,0.845515114571357,0.864731747963407,1,MYOD1
Hsapiens-HOCOMOCOv13-DMRT1.H13CORE.1.M.C,3,127,0.844799914451015,1,1,DMRT1
Hsapiens-HOCOMOCOv13-DRGX.H13CORE.0.S.B,8,338,0.842903106016126,0.864894332213518,1,DRGX
Hsapiens-HOCOMOCOv13-SIX6.H13CORE.0.SM.B,2,85,0.842154633249381,1,1,SIX6
Hsapiens-HOCOMOCOv10-DPRX_HUMAN.H10MO.D,5,212,0.842006392977994,1,1,DPRX
Hsapiens-HOCOMOCOv11-secondary-D-DPRX_HUMAN.H11MO.0.D,5,212,0.842006392977994,1,1,DPRX
Hsapiens-SwissRegulon-MITF.SwissRegulon,8,339,0.840306503545841,0.865067587122572,1,MITF
Hsapiens-hPDI-SEMA4A,7,297,0.839947276626053,0.856504671007912,1,SEMA4A
Hsapiens-jaspar2022-RFX4-MA0799.2,6,255,0.839229580950492,0.846599847859007,1,RFX4
Hsapiens-jolma2013-MYBL1,3,128,0.838093497917083,1,1,MYBL1
Hsapiens-jolma2013-HOXA13-2,7,299,0.834111439411188,0.856794157380111,1,HOXA13
Hsapiens-HOCOMOCOv13-HXB2.H13CORE.0.SM.B,5,214,0.833922447956208,1,1,HXB2
Hsapiens-HOCOMOCOv13-TLX3.H13CORE.0.SM.B,6,257,0.832482886827248,0.846751554801763,1,TLX3
Hsapiens-cisbp_1.02-M5505_1.02,4,172,0.830717587842062,1,1,HES5
Hsapiens-HOCOMOCOv13-CEBPD.H13CORE.1.SM.B,5,215,0.829936866132351,0.834911239162247,1,CEBPD
Hsapiens-HOCOMOCOv10-SOX13_HUMAN.H10MO.D,7,301,0.828353138084969,0.857135065965627,1,SOX13
Hsapiens-HOCOMOCOv11-secondary-D-SOX13_HUMAN.H11MO.0.D,7,301,0.828353138084969,0.857135065965627,1,SOX13
Hsapiens-jaspar2016-ONECUT1-MA0679.1,7,301,0.828353138084969,0.857135065965627,1,ONECUT1
Hsapiens-jaspar2018-ONECUT1-MA0679.1,7,301,0.828353138084969,0.857135065965627,1,ONECUT1
Hsapiens-jolma2013-ONECUT1-2,7,301,0.828353138084969,0.857135065965627,1,ONECUT1
Hsapiens-jolma2013-EOMES-2,4,173,0.825810090161492,1,1,EOMES
Hsapiens-HOCOMOCOv13-ZNF43.H13CORE.0.PSGI.A,7,302,0.825502582090032,0.857324485636936,1,ZNF43
Hsapiens-HOCOMOCOv13-SP140.H13CORE.0.PSGIB.A,6,260,0.822557426341092,0.847101393002952,1,SP140
Hsapiens-JASPAR_2014-TP53-MA0106.2,6,260,0.822557426341092,0.847101393002952,1,TP53
Hsapiens-jaspar2016-TP53-MA0106.2,6,260,0.822557426341092,0.847101393002952,1,TP53
Hsapiens-jaspar2018-TP53-MA0106.2,6,260,0.822557426341092,0.847101393002952,1,TP53
Hsapiens-SwissRegulon-RAX.SwissRegulon,6,261,0.819299635091764,0.847249989734569,1,RAX
Hsapiens-SwissRegulon-AR.SwissRegulon,4,175,0.816163329056919,1,1,AR
Hsapiens-jaspar2022-RARG-MA1553.1,6,262,0.816066707985926,0.847414309100129,1,RARG
Hsapiens-jolma2013-HSFY2-3,2,88,0.813137531443731,1,1,HSFY2
Hsapiens-jolma2013-HSFY2-2,3,132,0.812283832261605,1,1,HSFY2
Hsapiens-SwissRegulon-HSFY2.SwissRegulon,3,132,0.812283832261605,1,1,HSFY2
Hsapiens-HOCOMOCOv13-FOSB.H13CORE.1.M.C,6,264,0.809674316224186,0.847789447687855,1,FOSB
Hsapiens-HOCOMOCOv10-GRHL1_HUMAN.H10MO.D,4,177,0.806734544768401,1,1,GRHL1
Hsapiens-jolma2013-HES5-2,4,177,0.806734544768401,1,1,HES5
Hsapiens-jaspar2024-TCFL5-MA0632.3,3,133,0.806073958955738,1,1,TCFL5
Hsapiens-HOCOMOCOv13-ZNF208.H13CORE.0.SGI.A,5,222,0.803043011965212,0.83533186621354,1,ZNF208
Hsapiens-jaspar2022-HOXB8-MA1502.1,4,178,0.802099598176408,1,1,HOXB8
Hsapiens-jaspar2022-HOXD8-MA0910.2,4,178,0.802099598176408,1,1,HOXD8
Hsapiens-jaspar2024-PAX3-MA1546.2,4,178,0.802099598176408,1,1,PAX3
Hsapiens-HOCOMOCOv10-MUSC_HUMAN.H10MO.D,6,267,0.800265258347752,0.848465825316618,1,MUSC
Hsapiens-jaspar2016-E2F2-MA0864.1,5,223,0.799338840797761,0.835473986465739,1,E2F2
Hsapiens-jaspar2018-E2F2-MA0864.1,5,223,0.799338840797761,0.835473986465739,1,E2F2
Hsapiens-jolma2013-E2F2-3,5,223,0.799338840797761,0.835473986465739,1,E2F2
Hsapiens-jaspar2024-CEBPB-MA0466.4,3,135,0.793930174597964,1,1,CEBPB
Hsapiens-HOCOMOCOv13-DBP.H13CORE.0.SM.B,5,225,0.79202926161088,0.835817556109863,1,DBP
Hsapiens-HOCOMOCOv10-MYBA_HUMAN.H10MO.D,3,136,0.787992205828596,1,1,MYBA
Hsapiens-HOCOMOCOv13-IRF6.H13CORE.0.SM.B,5,229,0.777793081888685,0.836735447801461,1,IRF6
Hsapiens-HOCOMOCOv13-HSFY1.H13CORE.0.S.B,3,139,0.770690872725762,1,1,HSFY1
Hsapiens-jolma2013-MYBL2,2,93,0.768935421777944,1,1,MYBL2
Hsapiens-jaspar2016-T-MA0009.2,3,140,0.765088518149735,1,1,T
Hsapiens-jaspar2018-T-MA0009.2,3,140,0.765088518149735,1,1,T
Hsapiens-jaspar2022-TBXT-MA0009.2,3,140,0.765088518149735,1,1,TBXT
Hsapiens-jaspar2024-TBXT-MA0009.2,3,140,0.765088518149735,1,1,TBXT
Hsapiens-jolma2013-T,3,140,0.765088518149735,1,1,T
Hsapiens-jaspar2022-HES5-MA0821.2,3,141,0.75956562095842,1,1,HES5
Hsapiens-jaspar2024-HES5-MA0821.2,3,141,0.75956562095842,1,1,HES5
Hsapiens-SwissRegulon-PAX2.SwissRegulon,3,142,0.754120502683333,1,1,PAX2
Hsapiens-HOCOMOCOv13-NGN1.H13CORE.0.SM.B,2,95,0.752557247394423,1,1,NGN1
Hsapiens-HOCOMOCOv13-POGK.H13CORE.0.SI.A,2,101,0.707314211795691,1,1,POGK
Hsapiens-HOCOMOCOv13-IRX5.H13CORE.0.M.C,2,102,0.700291145345048,1,1,IRX5
Hsapiens-HOCOMOCOv13-BHE23.H13CORE.0.SM.B,2,107,0.667144732116931,1,1,BHE23
Hsapiens-jaspar2022-SMAD5-MA1557.1,2,107,0.667144732116931,1,1,SMAD5
Hsapiens-jaspar2024-SMAD5-MA1557.1,2,107,0.667144732116931,1,1,SMAD5
