tf,outcome,SNP,r2_exposure,r2_outcome,correct_direction
TCF7L1,ART,rs62165586,6.98384047103583e-05,8.18472107350065e-06,TRUE
TCF7L1,ART,rs11689554,6.44388481066635e-05,9.68395951941086e-06,TRUE
TCF7L1,ART,rs11674371,6.75444022110732e-05,9.72177761963952e-06,TRUE
TCF7L1,ART,rs723465,6.47802796438234e-05,9.78034011002876e-06,TRUE
TCF7L1,ART,rs62165588,6.99297674241935e-05,1.14540330632429e-05,TRUE
TCF7L1,ART,rs62165589,6.99297674241935e-05,1.14549745830138e-05,TRUE
TCF7L1,ART,rs75339461,0.000110293290374573,8.26621009421901e-06,TRUE
TCF7L1,ART,rs11675205,9.90730268271287e-05,8.7580301847407e-06,TRUE
TCF7L1,ART,rs11291124,0.000121120723702646,6.08707054405998e-06,TRUE
TCF7L1,ART,rs1012256,0.000121120723702646,6.15876951203814e-06,TRUE
TCF7L1,ART,rs6752527,0.000121679425900758,6.43704338386361e-06,TRUE
TCF7L1,ART,rs6719095,4.63137594436198e-05,2.22193584734338e-06,TRUE
TCF7L1,ART,rs62165594,8.64849326796885e-05,7.50692095530064e-06,TRUE
TCF7L1,ART,rs17763748,0.000117888606548005,7.99586959433192e-06,TRUE
TCF7L1,ART,rs62165595,8.64849326796885e-05,7.32420071464444e-06,TRUE
TCF7L1,ART,rs17763853,0.000117888606548005,8.0624634583731e-06,TRUE
TCF7L1,ART,rs7581133,8.64849326796885e-05,7.54728252538033e-06,TRUE
TCF7L1,ART,rs11684211,0.000117888606548005,7.86325781172637e-06,TRUE
TCF7L1,ART,rs79026474,0.000181622916403714,1.04402651570178e-05,TRUE
TCF7L1,ART,rs72840024,0.000112238239562808,7.48149053433517e-06,TRUE
TCF7L1,ART,rs11674662,9.21899441312106e-05,4.87486851217189e-06,TRUE
TCF7L1,ART,rs2366264,9.35429823215802e-05,5.91609736868278e-06,TRUE
TCF7L1,ART,rs1991738,9.35257445823647e-05,5.91033336965616e-06,TRUE
TCF7L1,ART,rs35687745,8.74381840274105e-05,5.90063246247323e-06,TRUE
TCF7L1,ART,rs11689667,0.000125629349112222,6.16890263853408e-06,TRUE
TCF7L1,ART,rs6547607,8.9780195943093e-05,5.94011004477208e-06,TRUE
TCF7L1,ART,rs883650,0.000127072684713053,6.5294690781357e-06,TRUE
TCF7L1,ART,rs883651,8.9780195943093e-05,6.23903438801871e-06,TRUE
TCF7L1,ART,rs908301,9.00065061552224e-05,6.23479932801407e-06,TRUE
TCF7L1,ART,rs882883,9.22240276777526e-05,6.27610568531597e-06,TRUE
TCF7L1,ART,rs1554109,9.22240276777526e-05,5.86973326571304e-06,TRUE
TCF7L1,ART,rs7340255,9.68666922572153e-05,6.02558117075136e-06,TRUE
TCF7L1,ART,rs11675489,0.000123239400198197,6.16009643909006e-06,TRUE
TCF7L1,ART,rs62162671,0.000110224062514037,4.75546863759166e-06,TRUE
TCF7L1,ART,rs11686782,9.65009798604465e-05,5.94595925848316e-06,TRUE
TCF7L1,ART,rs55654088,9.75852908559106e-05,6.44318787189463e-06,TRUE
TCF7L1,ART,rs7340132,8.98790769800605e-05,6.59879418197683e-06,TRUE
TCF7L1,ART,rs12714137,0.000218559992498244,9.23834117163356e-06,TRUE
TCF7L1,ART,rs12714138,5.10103586373218e-05,2.23611124691933e-05,TRUE
TCF7L1,ART,rs6745529,0.000129786300635524,6.46271249134237e-06,TRUE
TCF7L1,ART,rs4832151,8.60005183518672e-05,2.82814649817663e-05,TRUE
TCF7L1,ART,rs4346385,4.99955836272534e-05,2.32557916656521e-05,TRUE
TCF7L1,ART,rs6733190,0.000129786300635524,6.08556483054951e-06,TRUE
TCF7L1,ART,rs6736348,8.55621190401263e-05,2.84016552185632e-05,TRUE
TCF7L1,ART,rs6736366,5.11110473567307e-05,2.23476379612133e-05,TRUE
TCF7L1,ART,rs11126990,5.11110473567307e-05,2.37604194213831e-05,TRUE
TCF7L1,ART,rs4832153,9.65636792615285e-05,3.07746413442676e-05,TRUE
TCF7L1,ART,rs6547608,9.54443120090956e-05,3.16619393596794e-06,TRUE
TCF7L1,ART,rs34644194,9.64884005636186e-05,1.52177013803254e-06,TRUE
TCF7L1,ART,rs7601117,9.7518591102031e-05,1.6136284433942e-06,TRUE
TCF7L1,ART,rs7574856,4.29413904645414e-05,3.37744434309954e-07,TRUE
TCF7L1,ART,rs7574999,8.12024735330606e-05,1.9482101761661e-06,TRUE
TCF7L1,ART,rs6547609,5.28709388295123e-05,4.80101105704536e-06,TRUE
TCF7L1,ART,rs6719501,5.28709388295123e-05,4.89273810499461e-06,TRUE
TCF7L1,ART,rs62162679,0.000114759151952575,9.39302231892631e-06,TRUE
GATAD2A,ART,rs10402294,5.37836317506007e-06,4.93449974680461e-07,TRUE
GATAD2A,ART,rs111492783,1.66243832058049e-05,1.22123136530625e-08,TRUE
GATAD2A,ART,rs112219496,1.39395047154999e-05,9.66654675182022e-08,TRUE
GATAD2A,ART,rs111444407,1.39395047154999e-05,6.94131988402132e-08,TRUE
GATAD2A,ART,rs7253952,1.0095299062209e-05,2.31907165076239e-06,TRUE
GATAD2A,ART,rs4808931,9.17154845685342e-06,1.83993234046876e-06,TRUE
GATAD2A,ART,rs4808932,1.21179073018419e-05,4.43761393980266e-08,TRUE
GATAD2A,ART,rs8108777,1.21179073018419e-05,2.28807800721606e-08,TRUE
GATAD2A,ART,rs1064395,1.21179073018419e-05,1.0013720152837e-08,TRUE
GATAD2A,ART,rs10407933,1.18248670047045e-05,3.4771202041689e-08,TRUE
GATAD2A,ART,rs17216041,1.52299871236438e-05,1.83612746989915e-08,TRUE
GATAD2A,ART,rs56044734,1.40121568045141e-05,2.69118562139016e-07,TRUE
GATAD2A,ART,rs56278919,1.52299871236438e-05,7.38441751815864e-08,TRUE
GATAD2A,ART,rs55765017,1.52299871236438e-05,7.38441751815864e-08,TRUE
GATAD2A,ART,rs56144632,1.52299871236438e-05,7.38441751815864e-08,TRUE
GATAD2A,ART,rs2074295,9.78198883103957e-06,3.61230140828534e-06,TRUE
GATAD2A,ART,rs4808934,1.09986464190164e-05,1.53355392138797e-08,TRUE
GATAD2A,ART,rs7257875,1.16717467465255e-05,1.19120362529265e-08,TRUE
GATAD2A,ART,rs2074296,1.12609240304037e-05,5.87269111651823e-07,TRUE
GATAD2A,ART,rs8105094,1.13327238713698e-05,7.3991687763572e-07,TRUE
GATAD2A,ART,rs8105984,1.13327238713698e-05,7.48643558310718e-07,TRUE
GATAD2A,ART,rs72999053,1.50743181285093e-05,7.04888971822432e-08,TRUE
GATAD2A,ART,rs10426780,1.0312551253999e-05,7.67817626406391e-07,TRUE
GATAD2A,ART,rs72999059,1.52323868321451e-05,5.86113358111825e-08,TRUE
GATAD2A,ART,rs998732,1.50743181285093e-05,7.80211664954757e-08,TRUE
GATAD2A,ART,rs72999063,1.40040736971063e-05,2.98627998244592e-07,TRUE
GATAD2A,ART,rs2074299,1.06505147733509e-05,8.2859744080277e-07,TRUE
GATAD2A,ART,rs72999068,1.37986918323749e-05,8.65518967804323e-08,TRUE
GATAD2A,ART,rs2074300,1.07440610990614e-05,3.66201561770723e-07,TRUE
GATAD2A,ART,rs2074301,1.07440610990614e-05,3.66041070710057e-07,TRUE
GATAD2A,ART,rs2074303,1.05938210283681e-05,8.33853984559932e-07,TRUE
GATAD2A,ART,rs55822665,1.37986918323749e-05,8.63746658802156e-08,TRUE
GATAD2A,ART,rs10419245,1.05938210283681e-05,8.28802557642654e-07,TRUE
GATAD2A,ART,rs735273,1.08660632065296e-05,8.79023792489819e-07,TRUE
GATAD2A,ART,rs8103496,1.08660632065296e-05,8.79726707747454e-07,TRUE
GATAD2A,ART,rs11448733,1.426399042347e-05,1.19815902639364e-07,TRUE
GATAD2A,ART,rs11882123,1.08660632065296e-05,8.79884084500407e-07,TRUE
GATAD2A,ART,rs2017964,1.08013607075858e-05,8.9702365511292e-07,TRUE
GATAD2A,ART,rs2010506,1.52701002789078e-05,1.28375461141564e-07,TRUE
GATAD2A,ART,rs2074550,1.09133243357651e-05,5.48709596614162e-07,TRUE
GATAD2A,ART,rs11555053,1.41364372144357e-05,1.16963773735744e-07,TRUE
GATAD2A,ART,rs8101938,1.10124972002917e-05,8.97581183710082e-07,TRUE
GATAD2A,ART,rs2301784,1.10124972002917e-05,8.9696816224542e-07,TRUE
GATAD2A,ART,rs6511026,1.08660632065296e-05,8.97072588140033e-07,TRUE
GATAD2A,ART,rs6511027,1.40324570274405e-05,2.1424774588937e-07,TRUE
GATAD2A,ART,rs2269873,1.08660632065296e-05,8.79898467601943e-07,TRUE
GATAD2A,ART,rs144703713,9.68717589403583e-06,4.10092400189394e-07,TRUE
GATAD2A,ART,rs8113794,1.3993353188656e-05,8.30073065742746e-08,TRUE
GATAD2A,ART,rs8100713,1.35304216994868e-05,1.19940398124653e-07,TRUE
GATAD2A,ART,rs8100097,1.54032119031348e-05,3.91672437244339e-08,TRUE
GATAD2A,ART,rs10407952,1.0953014874417e-05,1.347948966132e-06,TRUE
GATAD2A,ART,rs56212061,1.43118028081285e-05,3.66961940185999e-07,TRUE
GATAD2A,ART,rs6511028,1.0953014874417e-05,1.30131705603147e-06,TRUE
GATAD2A,ART,rs7254748,1.0953014874417e-05,1.27918864059116e-06,TRUE
GATAD2A,ART,rs4808937,1.0953014874417e-05,1.27896861855957e-06,TRUE
GATAD2A,ART,rs4808938,1.0953014874417e-05,1.27750035727092e-06,TRUE
GATAD2A,ART,rs10409234,1.0953014874417e-05,1.27522679327632e-06,TRUE
GATAD2A,ART,rs2023882,1.0953014874417e-05,1.28453446637569e-06,TRUE
GATAD2A,ART,rs2023883,1.0647966269891e-05,8.21216930850192e-07,TRUE
GATAD2A,ART,rs11666553,9.95631752800084e-06,8.64178483073582e-07,TRUE
GATAD2A,ART,rs35534408,1.0953014874417e-05,1.24270731427977e-06,TRUE
GATAD2A,ART,rs4808939,1.10606191194595e-05,9.24430139027681e-07,TRUE
GATAD2A,ART,rs4808193,1.09700230914391e-05,1.29643240986108e-06,TRUE
GATAD2A,ART,rs4808941,1.09700230914391e-05,1.24024465012036e-06,TRUE
GATAD2A,ART,rs17751061,1.57377974168696e-05,3.01670151110859e-08,TRUE
GATAD2A,ART,rs2315022,1.10154772535422e-05,1.11304498257862e-06,TRUE
GATAD2A,ART,rs2315023,1.57995637975329e-05,4.07783962005527e-08,TRUE
GATAD2A,ART,rs2301786,1.0953014874417e-05,1.23823859006109e-06,TRUE
GATAD2A,ART,rs1010207,1.0953014874417e-05,1.22995775851468e-06,TRUE
GATAD2A,ART,rs76944848,1.57377974168696e-05,3.31794248722131e-08,TRUE
GATAD2A,ART,rs12983137,9.95631752800084e-06,9.05894028955423e-07,TRUE
GATAD2A,ART,rs113145184,1.57995637975329e-05,9.3993580645702e-09,TRUE
GATAD2A,ART,rs4808942,1.0953014874417e-05,1.20125578902125e-06,TRUE
GATAD2A,ART,rs1859287,1.01014338461439e-05,9.69438670491402e-07,TRUE
GATAD2A,ART,rs2285859,1.15331760381304e-05,1.0872893782764e-06,TRUE
GATAD2A,ART,rs3216939,1.07201656866608e-05,8.22567663687778e-07,TRUE
GATAD2A,ART,rs80146298,1.57377974168696e-05,3.20007372418847e-08,TRUE
GATAD2A,ART,rs2315025,1.0953014874417e-05,1.20974991097853e-06,TRUE
GATAD2A,ART,rs4808944,1.57995637975329e-05,4.16406715159736e-08,TRUE
GATAD2A,ART,rs8108647,1.0251612545423e-05,1.25218754859983e-06,TRUE
GATAD2A,ART,rs12976025,1.07201656866608e-05,8.33269872386257e-07,TRUE
GATAD2A,ART,rs111834969,1.57995637975329e-05,4.16406715159736e-08,TRUE
GATAD2A,ART,rs57436187,1.57995637975329e-05,4.16406715159736e-08,TRUE
GATAD2A,ART,rs12460764,1.11414729514225e-05,1.72717293633225e-06,TRUE
GATAD2A,ART,rs10402661,9.95631752800084e-06,9.27096000919634e-07,TRUE
GATAD2A,ART,rs7246748,1.11414729514225e-05,1.72717293633225e-06,TRUE
GATAD2A,ART,rs7254230,1.11414729514225e-05,1.72717293633225e-06,TRUE
GATAD2A,ART,rs4808194,1.0647966269891e-05,8.59234337335974e-07,TRUE
GATAD2A,ART,rs4239639,1.51988226719144e-05,2.46968220979395e-07,TRUE
GATAD2A,ART,rs3764567,1.20041334760878e-05,1.22932722514387e-06,TRUE
GATAD2A,ART,rs1009136,1.04222241492942e-05,1.7982534631787e-06,TRUE
GATAD2A,ART,rs67720221,1.12535365262398e-05,1.39804053544042e-06,TRUE
GATAD2A,ART,rs12985655,1.11414729514225e-05,1.37350918448467e-06,TRUE
GATAD2A,ART,rs1557723,1.3374348718819e-05,8.96941646393523e-08,TRUE
GATAD2A,ART,rs10640109,1.12201784039868e-05,1.00807280479965e-06,TRUE
GATAD2A,ART,rs8103197,1.11414729514225e-05,1.37350918448467e-06,TRUE
GATAD2A,ART,rs2011503,1.51988226719144e-05,1.01701687089728e-07,TRUE
GATAD2A,ART,rs11085259,1.06838842314641e-05,7.25990432368702e-07,TRUE
GATAD2A,ART,rs769267,1.20480376437173e-05,9.99065516244826e-07,TRUE
GATAD2A,ART,rs1989867,1.51988226719144e-05,8.96941646393523e-08,TRUE
GATAD2A,ART,rs756999,1.35555390317629e-05,8.96941646393523e-08,TRUE
GATAD2A,ART,rs757000,1.06838842314641e-05,8.59157992765737e-07,TRUE
GATAD2A,ART,rs757001,1.06838842314641e-05,8.59157992765737e-07,TRUE
GATAD2A,ART,rs2074089,1.14202181871859e-05,1.37806474312623e-06,TRUE
GATAD2A,ART,rs2074090,1.11414729514225e-05,1.37342945324428e-06,TRUE
GATAD2A,ART,rs2074091,1.10710499779913e-05,1.37342945324428e-06,TRUE
GATAD2A,ART,rs2965190,1.3436575860495e-05,8.97130301883095e-08,TRUE
GATAD2A,ART,rs2301668,1.06838842314641e-05,8.59157992765737e-07,TRUE
GATAD2A,ART,rs7250368,9.93784242156427e-06,9.33927451010928e-07,TRUE
GATAD2A,ART,rs2965191,1.11414729514225e-05,1.37348501660407e-06,TRUE
GATAD2A,ART,rs2301669,1.11414729514225e-05,1.37348501660407e-06,TRUE
GATAD2A,ART,rs2965193,1.07812707462452e-05,1.49169980160535e-06,TRUE
GATAD2A,ART,rs2905421,1.2325550841416e-05,1.54422925675199e-06,TRUE
GATAD2A,ART,rs968525,1.05901808853684e-05,9.20716481163562e-07,TRUE
GATAD2A,ART,rs10421505,8.48589445373861e-06,1.39047359485564e-06,TRUE
GATAD2A,ART,rs12982276,8.48589445373861e-06,1.39047359485564e-06,TRUE
GATAD2A,ART,rs2965194,1.51988226719144e-05,8.97130301883095e-08,TRUE
GATAD2A,ART,rs2905422,1.40980193314528e-05,7.24811925680092e-08,TRUE
GATAD2A,ART,rs12459854,1.11970217849586e-05,1.31618215210388e-06,TRUE
GATAD2A,ART,rs11085260,1.44289321170412e-05,1.02586746989992e-07,TRUE
GATAD2A,ART,rs11085261,1.00170785970786e-05,9.90425529206847e-07,TRUE
GATAD2A,ART,rs2965195,1.32679924167879e-05,8.90479757120001e-08,TRUE
GATAD2A,ART,rs9304960,1.06838842314641e-05,8.82633024501478e-07,TRUE
GATAD2A,ART,rs2301671,1.00170785970786e-05,9.58290885452794e-07,TRUE
GATAD2A,ART,rs2285626,1.56780210868483e-05,1.26223572830417e-05,TRUE
GATAD2A,ART,rs2285627,1.17713998505126e-05,5.67968396277153e-07,TRUE
GATAD2A,ART,rs15622,1.11414729514225e-05,1.39314448864509e-06,TRUE
GATAD2A,ART,rs10403731,1.00706963295548e-05,9.57936225885077e-07,TRUE
GATAD2A,ART,rs1985109,1.22314557254228e-05,3.20555619612877e-08,TRUE
GATAD2A,ART,rs2860494,1.32992699071889e-05,8.97767754224133e-08,TRUE
GATAD2A,ART,rs2965197,1.14918572527788e-05,1.41243655007097e-06,TRUE
GATAD2A,ART,rs10419672,9.71898895678213e-06,1.44509243224909e-06,TRUE
GATAD2A,ART,rs6511029,1.31368737281531e-05,2.84847259473769e-07,TRUE
GATAD2A,ART,rs6511030,1.11414729514225e-05,1.46733313863078e-06,TRUE
GATAD2A,ART,rs6511031,1.35555390317629e-05,8.98619279634831e-08,TRUE
GATAD2A,ART,rs6511032,1.13845225558837e-05,1.71143483151105e-06,TRUE
GATAD2A,ART,rs2905423,1.13845225558837e-05,1.71788938627211e-06,TRUE
GATAD2A,ART,rs2965198,1.1232011042693e-05,2.68568044743044e-06,TRUE
GATAD2A,ART,rs2905424,1.12431218641109e-05,2.68702435569722e-06,TRUE
GATAD2A,ART,rs2965199,1.12638762286016e-05,2.72879979014998e-06,TRUE
GATAD2A,ART,rs7258508,1.09224699120864e-05,2.89653181910005e-06,TRUE
GATAD2A,ART,rs2965200,1.13436081544035e-05,2.40490495342246e-06,TRUE
GATAD2A,ART,rs4808196,1.25654447286934e-05,1.99928148228477e-06,TRUE
GATAD2A,ART,rs8101499,1.22254089346779e-05,1.21873350402371e-06,TRUE
GATAD2A,ART,rs146758447,1.32729478918445e-05,7.78626849213174e-08,TRUE
GATAD2A,ART,rs2905426,1.19457707741137e-05,6.90549521639608e-07,TRUE
GATAD2A,ART,rs2905427,1.19457707741137e-05,6.57386636738709e-07,TRUE
GATAD2A,ART,rs2965201,1.50677990337953e-05,7.84152839345776e-08,TRUE
GATAD2A,ART,rs2074088,1.18238288166064e-05,1.40804803282327e-06,TRUE
GATAD2A,ART,rs2315279,1.18238288166064e-05,1.40954058362533e-06,TRUE
GATAD2A,ART,rs2315281,1.18238288166064e-05,1.40436391695426e-06,TRUE
GATAD2A,ART,rs2315282,1.27275588389335e-05,8.17206761228733e-08,TRUE
GATAD2A,ART,rs2315283,1.18238288166064e-05,1.38890435023051e-06,TRUE
GATAD2A,ART,rs34538000,1.18238288166064e-05,1.41111556359197e-06,TRUE
GATAD2A,ART,rs2965175,1.18238288166064e-05,1.41111556359197e-06,TRUE
GATAD2A,ART,rs2905430,1.18577722139287e-05,1.38153098401091e-06,TRUE
GATAD2A,ART,rs2905431,1.18577722139287e-05,1.47501617343418e-06,TRUE
GATAD2A,ART,rs2965178,1.27275588389335e-05,7.73687832252117e-08,TRUE
GATAD2A,ART,rs59148799,1.9512971498484e-05,1.88924850075891e-05,TRUE
GATAD2A,ART,rs2905432,1.20039015426839e-05,6.43055990404246e-07,TRUE
GATAD2A,ART,rs35418933,1.21254425921781e-05,1.39530344448891e-06,TRUE
GATAD2A,ART,rs12973258,1.31281439492337e-05,1.30763252836711e-06,TRUE
GATAD2A,ART,rs34169314,1.50195105899393e-05,7.8613147834314e-08,TRUE
GATAD2A,ART,rs2905433,1.50677990337953e-05,7.73687832252117e-08,TRUE
GATAD2A,ART,rs2905434,1.50677990337953e-05,7.73687832252117e-08,TRUE
GATAD2A,ART,rs2965180,1.21254425921781e-05,1.38980513558142e-06,TRUE
GATAD2A,ART,rs10406278,1.50677990337953e-05,7.73687832252117e-08,TRUE
GATAD2A,ART,rs2905435,1.21530470210803e-05,8.01736644847297e-07,TRUE
GATAD2A,ART,rs2965186,1.50677990337953e-05,9.48478060262683e-08,TRUE
GATAD2A,ART,rs10408875,2.08665423184493e-05,1.80565580207952e-05,TRUE
GATAD2A,ART,rs17288409,1.39176716978304e-05,1.86101416374137e-06,TRUE
GATAD2A,ART,rs10415849,2.08665423184493e-05,1.70321878584876e-05,TRUE
GATAD2A,ART,rs8111093,1.50677990337953e-05,7.73218705848078e-08,TRUE
GATAD2A,ART,rs56241616,2.08665423184493e-05,1.8097902532833e-05,TRUE
GATAD2A,ART,rs10424702,1.86372860059034e-05,9.84464106438515e-06,TRUE
GATAD2A,ART,rs34487417,1.50677990337953e-05,7.57850473492062e-08,TRUE
GATAD2A,ART,rs2965181,1.49748381294571e-05,8.01271366542434e-08,TRUE
GATAD2A,ART,rs2965179,1.50677990337953e-05,7.73218705848078e-08,TRUE
GATAD2A,ART,rs35455954,1.22850084570649e-05,1.25369760046013e-06,TRUE
GATAD2A,ART,rs56218506,1.50677990337953e-05,7.73218705848078e-08,TRUE
GATAD2A,ART,rs12983940,1.43668472657939e-05,1.19807597283361e-06,TRUE
GATAD2A,ART,rs2916068,1.24647953773787e-05,7.09338716388439e-07,TRUE
GATAD2A,ART,rs140702307,1.28848543223338e-05,2.12172708633832e-07,TRUE
GATAD2A,ART,rs4808950,1.39400741191167e-05,1.19586352703479e-06,TRUE
GATAD2A,ART,rs2965189,1.23297695399662e-05,7.09338716388439e-07,TRUE
GATAD2A,ART,rs2916069,1.23297695399662e-05,7.09338716388439e-07,TRUE
GATAD2A,ART,rs35494426,1.41076533075808e-05,7.66888965463913e-08,TRUE
GATAD2A,ART,rs138179252,1.50614474738335e-05,9.54307458043657e-08,TRUE
GATAD2A,ART,rs2060276,1.50614474738335e-05,9.54307458043657e-08,TRUE
GATAD2A,ART,rs2965188,1.22850084570649e-05,1.25316576879907e-06,TRUE
GATAD2A,ART,rs2916070,1.50677990337953e-05,6.19272665183233e-08,TRUE
GATAD2A,ART,rs2916072,1.50677990337953e-05,1.08900604999635e-07,TRUE
GATAD2A,ART,rs2965185,1.21122933448317e-05,1.02454423036852e-05,TRUE
GATAD2A,ART,rs544123450,1.19640816428836e-05,1.26124512170445e-08,TRUE
GATAD2A,ART,rs2916073,1.23297695399662e-05,5.72424969941364e-07,TRUE
GATAD2A,ART,rs1469713,1.23297695399662e-05,7.50973250595623e-07,TRUE
GATAD2A,ART,rs1469712,1.22850084570649e-05,1.29750623614473e-06,TRUE
GATAD2A,ART,rs2916074,1.23297695399662e-05,5.66622006514277e-07,TRUE
GATAD2A,ART,rs11668203,1.10506759677901e-05,5.39726671764822e-08,TRUE
GATAD2A,ART,rs11668386,2.73186572604208e-05,1.31437701148553e-05,TRUE
GATAD2A,ART,rs11669516,1.40255366452361e-05,1.01581067659782e-06,TRUE
GATAD2A,ART,rs4808198,1.22850084570649e-05,1.24819199038533e-06,TRUE
GATAD2A,ART,rs8182472,2.42675357044274e-05,1.80569044560462e-05,TRUE
GATAD2A,ART,rs111492959,1.41076533075808e-05,1.04536787209309e-07,TRUE
GATAD2A,ART,rs2060274,1.50677990337953e-05,7.22621297759705e-08,TRUE
GATAD2A,ART,rs4808199,1.40617172493898e-05,1.69228313562129e-06,TRUE
GATAD2A,ART,rs2965184,1.50677990337953e-05,9.99953344598032e-10,TRUE
GATAD2A,ART,rs2965183,1.23297695399662e-05,5.80833967985525e-07,TRUE
GATAD2A,ART,rs2916076,1.23297695399662e-05,5.90553157244493e-07,TRUE
GATAD2A,ART,rs34647936,1.40255366452361e-05,9.38450310598538e-07,TRUE
GATAD2A,ART,rs2965182,1.23297695399662e-05,6.56865031945527e-07,TRUE
GATAD2A,ART,rs79954596,2.07197413845381e-05,1.35240682797775e-05,TRUE
GATAD2A,ART,rs12975119,1.23297695399662e-05,5.84248889072914e-07,TRUE
GATAD2A,ART,rs4808955,1.36113306967948e-05,1.02039705178451e-06,TRUE
GATAD2A,ART,rs10408401,1.22850084570649e-05,1.08497984629314e-06,TRUE
GATAD2A,ART,rs80200208,1.50677990337953e-05,2.0853814248144e-08,TRUE
GATAD2A,ART,rs4808200,1.36113306967948e-05,1.01536719247417e-06,TRUE
GATAD2A,ART,rs34349730,1.35086438841651e-05,1.02039705178451e-06,TRUE
GATAD2A,ART,rs10410664,1.22850084570649e-05,1.09254254007075e-06,TRUE
GATAD2A,ART,rs60003758,1.39176716978304e-05,1.60197448223321e-06,TRUE
GATAD2A,ART,rs8105642,1.50677990337953e-05,7.20663347859383e-08,TRUE
GATAD2A,ART,rs8110250,1.48692162915626e-05,6.95523808929679e-08,TRUE
GATAD2A,ART,rs8110171,1.50677990337953e-05,7.20663347859383e-08,TRUE
GATAD2A,ART,rs34027746,1.23297695399662e-05,5.84350451886125e-07,TRUE
GATAD2A,ART,rs66540442,1.48584344282867e-05,5.34966834347731e-07,TRUE
GATAD2A,ART,rs10414830,1.22850084570649e-05,1.08618912666951e-06,TRUE
GATAD2A,ART,rs12972397,1.39176716978304e-05,1.65358267698947e-06,TRUE
GATAD2A,ART,rs1560687,1.50677990337953e-05,6.89333657732446e-08,TRUE
GATAD2A,ART,rs147292290,1.52683682831539e-05,7.14676032804542e-08,TRUE
GATAD2A,ART,rs147477831,1.23297695399662e-05,4.29056597312142e-10,TRUE
GATAD2A,ART,rs113980591,1.41076533075808e-05,8.96077930837002e-08,TRUE
GATAD2A,ART,rs113841472,1.50677990337953e-05,1.03047360269397e-07,TRUE
GATAD2A,ART,rs7256149,1.22487242125086e-05,1.08520316146862e-06,TRUE
GATAD2A,ART,rs4808957,1.22487242125086e-05,1.08520316146862e-06,TRUE
GATAD2A,ART,rs12977524,1.43117796014871e-05,1.55067746732295e-06,TRUE
GATAD2A,ART,rs4808202,1.22487242125086e-05,1.08516735208856e-06,TRUE
GATAD2A,ART,rs4808203,1.36817124059023e-05,1.02220331114726e-06,TRUE
GATAD2A,ART,rs75582668,1.50677990337953e-05,7.15172190906892e-08,TRUE
GATAD2A,ART,rs7250658,1.43117796014871e-05,1.82753213942584e-06,TRUE
GATAD2A,ART,rs4808958,1.48568697478743e-05,8.86656787578299e-10,TRUE
GATAD2A,ART,rs4808959,1.19576339369216e-05,1.23534235606856e-06,TRUE
GATAD2A,ART,rs28720066,2.08665423184493e-05,1.73073719735545e-05,TRUE
GATAD2A,ART,rs9917108,1.22487242125086e-05,1.0853719850755e-06,TRUE
GATAD2A,ART,rs2163805,1.43117796014871e-05,1.7895748563578e-06,TRUE
GATAD2A,ART,rs2163804,1.43117796014871e-05,1.7895748563578e-06,TRUE
GATAD2A,ART,rs1808653,1.22487242125086e-05,1.0854077978317e-06,TRUE
GATAD2A,ART,rs2099334,1.22487242125086e-05,1.08557152081257e-06,TRUE
GATAD2A,ART,rs754256,1.50677990337953e-05,7.14618259961657e-08,TRUE
GATAD2A,ART,rs754255,1.41685979693828e-05,1.57356343082984e-06,TRUE
GATAD2A,ART,rs10405625,1.22487242125086e-05,1.08557152081257e-06,TRUE
GATAD2A,ART,rs11404084,1.41685979693828e-05,1.57356343082984e-06,TRUE
GATAD2A,ART,rs4808962,1.50677990337953e-05,7.14618259961657e-08,TRUE
GATAD2A,ART,rs6511036,1.41757603738462e-05,1.75407146407578e-06,TRUE
GATAD2A,ART,rs73002960,2.76419276119863e-05,1.70650958905862e-05,TRUE
GATAD2A,ART,rs56280531,1.50677990337953e-05,7.14721217735422e-08,TRUE
GATAD2A,ART,rs1465695,1.42049668562275e-05,1.59590290437087e-06,TRUE
GATAD2A,ART,rs10401193,1.42049668562275e-05,1.58304810410201e-06,TRUE
GATAD2A,ART,rs10404728,1.42049668562275e-05,1.59590290437087e-06,TRUE
GATAD2A,ART,rs10419912,1.22487242125086e-05,9.45558473229351e-07,TRUE
GATAD2A,ART,rs2315610,1.22487242125086e-05,9.45625332861982e-07,TRUE
GATAD2A,ART,rs751856,1.22487242125086e-05,1.08658818129039e-06,TRUE
GATAD2A,ART,rs4808964,1.23702621436562e-05,7.61399310503339e-07,TRUE
GATAD2A,ART,rs11671253,1.50677990337953e-05,7.07210684866963e-08,TRUE
GATAD2A,ART,rs2288852,1.22251261988097e-05,1.12654504753453e-06,TRUE
GATAD2A,ART,rs1865034,1.22487242125086e-05,1.08644485639267e-06,TRUE
GATAD2A,ART,rs2099333,1.43117796014871e-05,1.7873834951723e-06,TRUE
GATAD2A,ART,rs2082421,1.20681665118999e-05,7.61279487409898e-07,TRUE
GATAD2A,ART,rs113249403,1.44873350830253e-05,6.410218895295e-08,TRUE
GATAD2A,ART,rs1047361,1.22487242125086e-05,1.08746201779356e-06,TRUE
GATAD2A,ART,rs6511038,1.22487242125086e-05,1.08655234917973e-06,TRUE
GATAD2A,ART,rs10402451,1.22487242125086e-05,1.19455326820494e-06,TRUE
GATAD2A,ART,rs3794990,1.22612902953227e-05,3.41831742655873e-07,TRUE
GATAD2A,ART,rs3794993,1.22487242125086e-05,1.07922422583165e-06,TRUE
GATAD2A,ART,rs892022,1.22291109306754e-05,7.62404723638518e-07,TRUE
GATAD2A,ART,rs892021,1.22487242125086e-05,1.08786768630478e-06,TRUE
GATAD2A,ART,rs57009615,2.07459159067599e-05,1.8735417241634e-05,TRUE
GATAD2A,ART,rs79370636,1.50677990337953e-05,6.8110752962637e-08,TRUE
GATAD2A,ART,rs78010159,1.50677990337953e-05,6.66804844502256e-08,TRUE
GATAD2A,ART,rs111762799,1.34499355361677e-05,6.61080709018203e-08,TRUE
GATAD2A,ART,rs3752151,1.22291109306754e-05,7.49326077463526e-07,TRUE
GATAD2A,ART,rs1063966,1.22072145331694e-05,1.09972689980719e-06,TRUE
GATAD2A,ART,rs1054284,1.22291109306754e-05,7.4227043018908e-07,TRUE
GATAD2A,ART,rs34667451,1.51884152415884e-05,6.61477203363521e-08,TRUE
GATAD2A,ART,rs6626,1.22487242125086e-05,1.09165717308617e-06,TRUE
GATAD2A,ART,rs10282,1.22487242125086e-05,1.05099860998817e-06,TRUE
GATAD2A,ART,rs6909,1.22487242125086e-05,1.0702085497523e-06,TRUE
GATAD2A,ART,rs34918704,1.50677990337953e-05,6.39054293567091e-08,TRUE
GATAD2A,ART,rs56273306,2.76419276119863e-05,1.70319128796425e-05,TRUE
GATAD2A,ART,rs10402627,1.22487242125086e-05,1.10300223526903e-06,TRUE
GATAD2A,ART,rs113365218,3.21878014437172e-05,1.36227488950471e-05,TRUE
GATAD2A,ART,rs11670687,1.50677990337953e-05,6.28141209417436e-08,TRUE
GATAD2A,ART,rs11085264,1.50677990337953e-05,5.94396743369452e-08,TRUE
GATAD2A,ART,rs7250893,1.22487242125086e-05,1.11136314865453e-06,TRUE
GATAD2A,ART,rs80007081,1.50677990337953e-05,5.45092443980573e-08,TRUE
GATAD2A,ART,rs17684164,1.50677990337953e-05,5.444959935481e-08,TRUE
GATAD2A,ART,rs77254326,1.50677990337953e-05,5.45769763534854e-08,TRUE
GATAD2A,ART,rs16996127,1.12022102986467e-05,1.34941176575151e-08,TRUE
GATAD2A,ART,rs56330647,1.50677990337953e-05,5.01972198706217e-08,TRUE
GATAD2A,ART,rs7252888,1.43117796014871e-05,1.72067607640938e-06,TRUE
GATAD2A,ART,rs7256028,1.12022102986467e-05,2.14649198350653e-08,TRUE
GATAD2A,ART,rs78883953,1.50677990337953e-05,3.75617783537512e-08,TRUE
GATAD2A,ART,rs138951922,1.50677990337953e-05,3.43538247673316e-08,TRUE
GATAD2A,ART,rs7250233,1.48601984768477e-05,3.22414904705616e-08,TRUE
GATAD2A,ART,rs4808965,1.22487242125086e-05,1.14712643101267e-06,TRUE
GATAD2A,ART,rs148001625,1.50677990337953e-05,2.92884189915618e-08,TRUE
GATAD2A,ART,rs76095338,1.50677990337953e-05,1.77247395533273e-08,TRUE
GATAD2A,ART,rs112361177,1.20183793163405e-05,1.18875261397162e-06,TRUE
GATAD2A,ART,rs142175758,1.41076533075808e-05,8.40933596213831e-09,TRUE
GATAD2A,ART,rs78176666,1.50677990337953e-05,6.25299437619515e-09,TRUE
GATAD2A,ART,rs111406321,1.50677990337953e-05,6.15324179901747e-09,TRUE
GATAD2A,ART,rs75453386,1.50677990337953e-05,5.24968846588663e-09,TRUE
GATAD2A,ART,rs75525243,1.50677990337953e-05,5.06134522480934e-09,TRUE
GATAD2A,ART,rs45631651,1.50677990337953e-05,5.056837504408e-09,TRUE
GATAD2A,ART,rs74950305,1.50677990337953e-05,5.01825497810107e-09,TRUE
GATAD2A,ART,rs4808967,1.24086474309841e-05,1.23717035367328e-06,TRUE
GATAD2A,ART,rs55927782,1.52732443153115e-05,3.61684428124037e-08,TRUE
GATAD2A,ART,rs56397647,1.99237726229941e-05,1.61678334830915e-05,TRUE
GATAD2A,ART,rs10422819,1.20845715091563e-05,1.12755714882895e-06,TRUE
GATAD2A,ART,rs8101219,1.50677990337953e-05,1.51982505951439e-10,TRUE
GATAD2A,ART,rs4808205,1.50677990337953e-05,1.77330685627608e-09,TRUE
GATAD2A,ART,rs4808206,1.50677990337953e-05,3.62311178140557e-09,TRUE
GATAD2A,ART,rs2304098,1.20845715091563e-05,1.13203328274748e-06,TRUE
GATAD2A,ART,rs4808969,1.50677990337953e-05,3.26611395057456e-09,TRUE
GATAD2A,ART,rs11669730,1.50677990337953e-05,3.17626597248744e-09,TRUE
GATAD2A,ART,rs11670775,1.52544323247545e-05,2.89786323802954e-09,TRUE
GATAD2A,ART,rs4808208,1.20845715091563e-05,1.10449795422443e-06,TRUE
GATAD2A,ART,rs4808970,1.50677990337953e-05,3.42465037510315e-09,TRUE
GATAD2A,ART,rs12981405,1.53754959213877e-05,7.93041758693879e-07,TRUE
GATAD2A,ART,rs76790018,1.50677990337953e-05,3.60012637733132e-09,TRUE
GATAD2A,ART,rs8102502,1.1394635102821e-05,2.09189100335034e-07,TRUE
GATAD2A,ART,rs77616520,1.50677990337953e-05,3.37229713629274e-09,TRUE
GATAD2A,ART,rs77427798,1.39110096563054e-05,3.37597187892118e-09,TRUE
GATAD2A,ART,rs34067609,1.50677990337953e-05,6.22387093851459e-10,TRUE
GATAD2A,ART,rs10664406,1.1394635102821e-05,2.89900873045503e-07,TRUE
GATAD2A,ART,rs45556231,1.50677990337953e-05,6.50556492935305e-10,TRUE
GATAD2A,ART,rs11669558,1.45325746153058e-05,4.65268941616931e-08,TRUE
GATAD2A,ART,rs61744761,1.47585375581412e-05,5.01139073034329e-08,TRUE
GATAD2A,ART,rs1036215,1.41937572126693e-05,2.06983421592704e-08,TRUE
GATAD2A,ART,rs10402308,1.06772732822365e-05,2.04020110196251e-06,TRUE
GATAD2A,ART,rs7245983,1.18426618366798e-05,6.48595706099806e-07,TRUE
GATAD2A,ART,rs8109130,4.35079915958172e-06,1.70404940254981e-06,TRUE
GATAD2A,ART,rs8113107,3.61004688740201e-06,2.98548262563568e-06,TRUE
GATAD2A,ART,rs7249692,7.7592013166004e-06,5.23764753143805e-07,TRUE
GATAD2A,ART,rs6511040,4.42154793185866e-06,1.85975632491896e-06,TRUE
GATAD2A,ART,rs55955356,4.60629687380616e-06,2.01280632652461e-06,TRUE
GATAD2A,ART,rs8108705,7.77126102447753e-06,5.33881605480545e-07,TRUE
GATAD2A,ART,rs2872970,4.30138157488562e-06,1.7978716763347e-06,TRUE
GATAD2A,ART,rs8113221,4.30138157488562e-06,1.82399542761642e-06,TRUE
GATAD2A,ART,rs6511041,4.39617668893876e-06,1.97876402370333e-06,TRUE
GATAD2A,ART,rs62137778,3.63418601840604e-06,2.28980345784293e-06,TRUE
GATAD2A,ART,rs34623015,4.43403068945154e-06,2.07173143424327e-06,TRUE
GATAD2A,ART,rs72374527,4.4715446966606e-06,1.95305394136754e-06,TRUE
GATAD2A,ART,rs7252981,7.72002239852633e-06,4.45418837516504e-07,TRUE
GATAD2A,ART,rs7245672,6.70522947751156e-06,8.29573482533377e-07,TRUE
GATAD2A,ART,rs8099944,3.95482571946288e-06,1.41429510756545e-06,TRUE
GATAD2A,ART,rs10416924,4.14439793841305e-06,1.56186276735726e-06,TRUE
GATAD2A,ART,rs8110266,3.75542023773548e-06,1.5104986531495e-06,TRUE
GATAD2A,ART,rs6511046,4.2016202334804e-06,2.09958971407219e-06,TRUE
GATAD2A,ART,rs1054685,4.51896577259709e-06,3.55327097081351e-06,TRUE
GATAD2A,ART,rs45458192,4.75851793070867e-06,3.52283055883886e-07,TRUE
GATAD2A,ART,rs7248885,4.90541196906856e-06,1.58294363879187e-06,TRUE
BCL6,ART,rs115132457,0.00166116099595548,7.17799210928965e-07,TRUE
BCL6,ART,rs115774657,0.00166116099595548,2.23763453876565e-06,TRUE
ZNF853,ART,rs147888555,0.000343946002095497,3.79801261989883e-07,TRUE
ZNF853,ART,rs117903679,0.000343946002095497,3.77593999936327e-07,TRUE
ZNF853,ART,rs116982470,0.000387828340501623,1.580417038953e-08,TRUE
ZNF853,ART,rs147028751,0.000387828340501623,1.41484762304213e-08,TRUE
PKNOX2,ART,rs7116245,0.000475203444011909,2.76251242188116e-07,TRUE
PKNOX2,ART,rs7116152,0.000469821333870086,2.94611181329634e-07,TRUE
PKNOX2,ART,rs7119150,0.000469821333870086,2.88060128191449e-07,TRUE
PKNOX2,ART,rs7119549,0.000469821333870086,2.64745454636425e-07,TRUE
PKNOX2,ART,rs7119377,0.000469821333870086,2.71773434890904e-07,TRUE
PKNOX2,ART,rs12146425,0.000469821333870086,2.71130063353639e-07,TRUE
PKNOX2,ART,rs12146636,0.000469821333870086,2.70657683166428e-07,TRUE
PKNOX2,ART,rs12146637,0.000469821333870086,2.71497534470325e-07,TRUE
PKNOX2,ART,rs12146563,0.000469821333870086,2.71489380964938e-07,TRUE
PKNOX2,ART,rs12146642,0.000469821333870086,4.08803704790576e-07,TRUE
ATF6,ART,rs12026445,6.63809203970321e-05,9.06852081761109e-08,TRUE
ATF6,ART,rs12025039,7.0915091876903e-05,1.80399183585838e-07,TRUE
ATF6,ART,rs35194821,4.86276577329347e-05,1.74578226664004e-07,TRUE
ATF6,ART,rs2271010,4.86276577329347e-05,1.79532232016767e-07,TRUE
ATF6,ART,rs16864153,4.86276577329347e-05,2.16218762548219e-07,TRUE
ATF6,ART,rs56371448,6.59115752809022e-05,6.37653036556307e-07,TRUE
ATF6,ART,rs4657099,6.59115752809022e-05,6.58035718919415e-07,TRUE
ATF6,ART,rs4657100,4.22838535137218e-05,2.37368149915497e-07,TRUE
ATF6,ART,rs6658423,4.51739582793273e-05,2.88496613038522e-07,TRUE
ATF6,ART,rs2089085,5.00803805948505e-05,2.93165236037101e-07,TRUE
ATF6,ART,rs12037266,5.00803805948505e-05,3.07521829469476e-07,TRUE
ATF6,ART,rs2340824,5.00803805948505e-05,3.07521829469476e-07,TRUE
ATF6,ART,rs6680543,5.00803805948505e-05,3.02740958289399e-07,TRUE
ATF6,ART,rs6669438,5.00803805948505e-05,3.02740958289399e-07,TRUE
ATF6,ART,rs2134692,4.51739582793273e-05,3.02740958289399e-07,TRUE
ATF6,ART,rs2271013,6.22934416158918e-05,6.79862153577e-07,TRUE
ATF6,ART,rs12040648,6.22934416158918e-05,7.78293068621659e-07,TRUE
ATF6,ART,rs16845827,4.21815707351382e-05,3.84764533073398e-07,TRUE
ATF6,ART,rs60035080,6.22934416158918e-05,7.76182172101233e-07,TRUE
ATF6,ART,rs12045333,4.51739582793273e-05,3.02740958289399e-07,TRUE
ATF6,ART,rs12045480,4.51739582793273e-05,3.02740958289399e-07,TRUE
ATF6,ART,rs10664443,4.51739582793273e-05,3.02740958289399e-07,TRUE
ATF6,ART,rs10917955,6.22934416158918e-05,7.66152034854379e-07,TRUE
ATF6,ART,rs16846931,4.51739582793273e-05,3.02740958289399e-07,TRUE
ATF6,ART,rs3738326,4.4819907920367e-05,1.75900629743081e-06,TRUE
ATF6,ART,rs16847602,4.51739582793273e-05,3.02740958289399e-07,TRUE
ATF6,ART,rs77472058,6.95276487555959e-05,7.76182172101233e-07,TRUE
ATF6,ART,rs4657109,4.50435033408515e-05,3.1909407229011e-07,TRUE
ATF6,ART,rs10918004,6.22934416158918e-05,8.02992443678093e-07,TRUE
ATF6,ART,rs16849738,5.02426692984808e-05,3.1830836729167e-07,TRUE
ATF6,ART,rs56310275,6.22934416158918e-05,8.01857231710058e-07,TRUE
ATF6,ART,rs10494358,7.11542649170688e-05,8.01857231710058e-07,TRUE
ATF6,ART,rs113097465,4.50756075720566e-05,3.18213579088747e-07,TRUE
ATF6,ART,rs12405269,4.50435033408515e-05,3.18249912898166e-07,TRUE
ATF6,ART,rs12405533,4.46285225801091e-05,3.18055630118212e-07,TRUE
ATF6,ART,rs16849963,4.51739582793273e-05,3.1792456225039e-07,TRUE
ATF6,ART,rs12405111,4.50435033408515e-05,3.1791982536338e-07,TRUE
ATF6,ART,rs12405964,4.50435033408515e-05,3.17804571989564e-07,TRUE
ATF6,ART,rs12405965,4.50435033408515e-05,3.17804571989564e-07,TRUE
ATF6,ART,rs6695284,6.22934416158918e-05,8.00477585096397e-07,TRUE
ATF6,ART,rs2089083,4.46285225801091e-05,3.17410026963292e-07,TRUE
ATF6,ART,rs12403862,6.22934416158918e-05,8.25197133478601e-07,TRUE
ATF6,ART,rs4657110,4.46285225801091e-05,3.98666663386615e-07,TRUE
ATF6,ART,rs12029110,4.51739582793273e-05,3.17524203759414e-07,TRUE
ATF6,ART,rs76771026,4.46285225801091e-05,3.17438999665341e-07,TRUE
ATF6,ART,rs75466595,4.34989005784992e-05,2.93962660192128e-07,TRUE
ATF6,ART,rs16851622,4.46285225801091e-05,3.16237894215163e-07,TRUE
ATF6,ART,rs12032355,6.22934416158918e-05,7.86209785189758e-07,TRUE
ATF6,ART,rs12032366,4.46285225801091e-05,3.16100904932608e-07,TRUE
ATF6,ART,rs12033716,4.50435033408515e-05,3.16100904932608e-07,TRUE
ATF6,ART,rs12029558,4.46285225801091e-05,3.16126096136818e-07,TRUE
ATF6,ART,rs12035541,4.42717222409223e-05,3.15696408761695e-07,TRUE
ATF6,ART,rs12030544,4.46285225801091e-05,3.15782952309567e-07,TRUE
ATF6,ART,rs12031400,6.22934416158918e-05,7.83442717055518e-07,TRUE
ATF6,ART,rs76179126,4.46285225801091e-05,3.1552021129599e-07,TRUE
ATF6,ART,rs12029924,4.46285225801091e-05,3.15259151951321e-07,TRUE
ATF6,ART,rs4657114,4.46285225801091e-05,3.19658494086902e-07,TRUE
ATF6,ART,rs2340715,4.46285225801091e-05,3.95306168365005e-07,TRUE
ATF6,ART,rs7534981,4.46285225801091e-05,3.14999178883255e-07,TRUE
ATF6,ART,rs7513303,4.46285225801091e-05,3.22600114879606e-07,TRUE
ATF6,ART,rs1354370,4.51739582793273e-05,4.58631810214739e-07,TRUE
ATF6,ART,rs78192567,4.46285225801091e-05,4.561464481512e-07,TRUE
ATF6,ART,rs7554111,4.46285225801091e-05,4.5614334392248e-07,TRUE
ATF6,ART,rs1006311,4.50435033408515e-05,4.56077134440057e-07,TRUE
ATF6,ART,rs10645413,4.46285225801091e-05,4.56071459565167e-07,TRUE
ATF6,ART,rs6672690,4.46285225801091e-05,4.56071459565167e-07,TRUE
ATF6,ART,rs1394068,6.92300081987183e-05,6.63177172361965e-07,TRUE
ATF6,ART,rs1394069,6.22934416158918e-05,9.37132816819605e-07,TRUE
ATF6,ART,rs55876359,4.46285225801091e-05,4.55504150370607e-07,TRUE
ATF6,ART,rs55832042,4.50435033408515e-05,4.55504150370607e-07,TRUE
ATF6,ART,rs6682575,4.50435033408515e-05,4.55504150370607e-07,TRUE
ATF6,ART,rs905596,4.46285225801091e-05,4.55517383562244e-07,TRUE
ATF6,ART,rs2340716,4.50435033408515e-05,4.27157890736765e-07,TRUE
ATF6,ART,rs16853714,4.46285225801091e-05,4.55517383562244e-07,TRUE
ATF6,ART,rs12407444,4.50435033408515e-05,4.55517383562244e-07,TRUE
ATF6,ART,rs76508876,4.46285225801091e-05,4.55517383562244e-07,TRUE
ATF6,ART,rs3817084,4.50435033408515e-05,4.55517383562244e-07,TRUE
ATF6,ART,rs12042546,4.50435033408515e-05,4.55517383562244e-07,TRUE
ATF6,ART,rs12044770,6.22934416158918e-05,9.36365637476358e-07,TRUE
ATF6,ART,rs12036441,6.22934416158918e-05,9.36365637476358e-07,TRUE
ATF6,ART,rs10918079,4.50435033408515e-05,4.24874292068658e-07,TRUE
ATF6,ART,rs12038469,4.50435033408515e-05,4.55517383562244e-07,TRUE
ATF6,ART,rs140091486,4.50435033408515e-05,4.55517383562244e-07,TRUE
ATF6,ART,rs75959317,4.46285225801091e-05,4.55517383562244e-07,TRUE
ATF6,ART,rs12409482,4.46285225801091e-05,4.55517383562244e-07,TRUE
ATF6,ART,rs12408365,4.46285225801091e-05,4.55517383562244e-07,TRUE
ATF6,ART,rs955852,6.22934416158918e-05,9.36365637476358e-07,TRUE
ATF6,ART,rs4657115,4.46285225801091e-05,4.34911521786691e-07,TRUE
ATF6,ART,rs77487627,4.46285225801091e-05,4.55517383562244e-07,TRUE
ATF6,ART,rs34527534,4.46285225801091e-05,4.55517383562244e-07,TRUE
ATF6,ART,rs12401299,4.14198629755135e-05,4.10057498009964e-07,TRUE
ATF6,ART,rs111567043,4.18333064157736e-05,4.10057498009964e-07,TRUE
ATF6,ART,rs112602134,4.14198629755135e-05,4.10057498009964e-07,TRUE
ATF6,ART,rs9729115,4.17123195146991e-05,4.10057498009964e-07,TRUE
ATF6,ART,rs9729669,4.18333064157736e-05,3.99984817112288e-07,TRUE
ATF6,ART,rs6670606,3.98467323060493e-05,4.12657442750701e-07,TRUE
ATF6,ART,rs12401450,4.08226152515467e-05,4.10057498009964e-07,TRUE
ATF6,ART,rs12401782,4.11857295901152e-05,4.10057498009964e-07,TRUE
ATF6,ART,rs7552420,4.33683629043237e-05,4.55517383562244e-07,TRUE
ATF6,ART,rs12022688,4.24528401287798e-05,4.55517383562244e-07,TRUE
ATF6,ART,rs10918103,4.30439385320029e-05,4.94026774994378e-07,TRUE
ATF6,ART,rs10918104,4.24528401287798e-05,4.5361624692926e-07,TRUE
ATF6,ART,rs16858058,4.27011318852571e-05,4.55517383562244e-07,TRUE
ATF6,ART,rs16858113,3.93626721899335e-05,4.10057498009964e-07,TRUE
ATF6,ART,rs12021822,3.97964247599396e-05,4.10057498009964e-07,TRUE
ATF6,ART,rs12023770,4.51739582793273e-05,4.55517383562244e-07,TRUE
ATF6,ART,rs12021568,4.46285225801091e-05,4.55517383562244e-07,TRUE
ATF6,ART,rs12022305,4.50435033408515e-05,4.55517383562244e-07,TRUE
ATF6,ART,rs12025560,7.11542649170688e-05,9.36365637476358e-07,TRUE
ATF6,ART,rs61174548,4.46285225801091e-05,4.55517383562244e-07,TRUE
ATF6,ART,rs957862,4.51739582793273e-05,3.82757672760019e-07,TRUE
ATF6,ART,rs1503816,4.46285225801091e-05,4.55517383562244e-07,TRUE
ATF6,ART,rs55828249,4.51739582793273e-05,4.55517383562244e-07,TRUE
ATF6,ART,rs12026254,4.51739582793273e-05,4.55517383562244e-07,TRUE
ATF6,ART,rs12028619,4.51739582793273e-05,4.55517383562244e-07,TRUE
ATF6,ART,rs7532457,6.22934416158918e-05,1.24873915640286e-06,TRUE
ATF6,ART,rs7542826,4.46285225801091e-05,6.74129424047916e-07,TRUE
ATF6,ART,rs10918124,4.50435033408515e-05,6.74129424047916e-07,TRUE
ATF6,ART,rs3820489,6.22934416158918e-05,1.24886997901659e-06,TRUE
ATF6,ART,rs4147177,4.46285225801091e-05,6.74376186881581e-07,TRUE
ATF6,ART,rs12030395,5.00998743339806e-05,6.74376186881581e-07,TRUE
ATF6,ART,rs7513427,4.46285225801091e-05,6.74376186881581e-07,TRUE
ATF6,ART,rs7523416,6.22934416158918e-05,1.24908600344664e-06,TRUE
ATF6,ART,rs12032568,4.50435033408515e-05,6.74376186881581e-07,TRUE
ATF6,ART,rs78671576,4.51739582793273e-05,6.74376186881581e-07,TRUE
ATF6,ART,rs2341469,4.35065620894472e-05,5.05136371897479e-07,TRUE
ATF6,ART,rs6687850,6.22934416158918e-05,1.24908600344664e-06,TRUE
ATF6,ART,rs6427634,6.22934416158918e-05,1.24909513165082e-06,TRUE
ATF6,ART,rs6427635,4.30303898813692e-05,6.74383106116465e-07,TRUE
ATF6,ART,rs6427636,4.50435033408515e-05,7.0381737649113e-07,TRUE
ATF6,ART,rs6427637,4.46285225801091e-05,7.40669163216727e-07,TRUE
ATF6,ART,rs71744277,4.39770397537593e-05,6.74537644944241e-07,TRUE
ATF6,ART,rs4657117,6.84684058734245e-05,1.24936595021383e-06,TRUE
ATF6,ART,rs12036425,4.36716948878382e-05,6.74537644944241e-07,TRUE
ATF6,ART,rs4625257,4.36716948878382e-05,6.74537644944241e-07,TRUE
ATF6,ART,rs12033967,4.39770397537593e-05,6.74281627562339e-07,TRUE
ATF6,ART,rs2341473,4.36716948878382e-05,4.55759395817197e-07,TRUE
ATF6,ART,rs4278352,4.37228490622605e-05,6.74304690199613e-07,TRUE
ATF6,ART,rs4657118,6.00470419155298e-05,1.24965505859828e-06,TRUE
ATF6,ART,rs7412625,4.41435553168995e-05,6.74590699668665e-07,TRUE
ATF6,ART,rs4233379,4.41435553168995e-05,6.74590699668665e-07,TRUE
ATF6,ART,rs4657120,6.00470419155298e-05,1.24965505859828e-06,TRUE
ATF6,ART,rs74530405,6.00470419155298e-05,1.24965505859828e-06,TRUE
ATF6,ART,rs7530408,4.39770397537593e-05,6.74403864034092e-07,TRUE
ATF6,ART,rs55741033,4.35111465783242e-05,6.74403864034092e-07,TRUE
ATF6,ART,rs2341476,4.36716948878382e-05,6.74403864034092e-07,TRUE
ATF6,ART,rs2341477,6.84684058734245e-05,1.23889188650521e-06,TRUE
ATF6,ART,rs7519012,4.41435553168995e-05,6.73941275729334e-07,TRUE
ATF6,ART,rs12040523,6.00470419155298e-05,1.27992650845962e-06,TRUE
ATF6,ART,rs56085642,5.85671649533163e-05,1.30079230583255e-06,TRUE
ATF6,ART,rs10753679,1.34550549721073e-05,1.09295990214267e-06,TRUE
ATF6,ART,rs5778241,1.33443110874113e-05,1.29775524278855e-06,TRUE
ATF6,ART,rs2341480,1.26579047790073e-05,7.40622703713582e-07,TRUE
ATF6,ART,rs201657381,1.33443110874113e-05,1.09569078940771e-06,TRUE
ATF6,ART,rs10800109,1.15189554297909e-05,7.40221184220249e-07,TRUE
ATF6,ART,rs12043145,4.62973758956547e-05,3.43028430831219e-07,TRUE
ATF6,ART,rs10918214,1.36138081541245e-05,1.0896265941147e-06,TRUE
ATF6,ART,rs10918215,1.33876887112205e-05,1.08937364089306e-06,TRUE
ATF6,ART,rs34703467,1.33576360262392e-05,1.41556223409424e-06,TRUE
ATF6,ART,rs7516104,1.15189554297909e-05,8.30017903228119e-07,TRUE
ATF6,ART,rs7514053,1.35702975060838e-05,1.4156132709477e-06,TRUE
ATF6,ART,rs12410839,4.62973758956547e-05,3.43085870175751e-07,TRUE
ATF6,ART,rs4570397,1.36138081541245e-05,1.25179529015246e-06,TRUE
ATF6,ART,rs2341481,1.33876887112205e-05,1.13270015995269e-06,TRUE
ATF6,ART,rs7511775,4.90436854440685e-05,2.49917906620142e-07,TRUE
ATF6,ART,rs16827987,1.1577288766954e-05,8.29593865773799e-07,TRUE
ATF6,ART,rs10918224,1.36138081541245e-05,1.19718831151886e-06,TRUE
ATF6,ART,rs10918225,1.36138081541245e-05,1.19718831151886e-06,TRUE
ATF6,ART,rs10753685,1.33876887112205e-05,1.19718831151886e-06,TRUE
ATF6,ART,rs10753686,1.36138081541245e-05,1.19718831151886e-06,TRUE
ATF6,ART,rs10918227,1.36138081541245e-05,1.08755035962555e-06,TRUE
ATF6,ART,rs12142836,1.33876887112205e-05,1.19718831151886e-06,TRUE
ATF6,ART,rs10737517,1.1577288766954e-05,7.69838070097736e-07,TRUE
ATF6,ART,rs4657125,1.36138081541245e-05,1.19709561629428e-06,TRUE
ATF6,ART,rs4657126,1.36138081541245e-05,1.19709561629428e-06,TRUE
ATF6,ART,rs4656337,4.62973758956547e-05,2.78479042371226e-07,TRUE
ATF6,ART,rs10159039,1.36138081541245e-05,1.08720363157786e-06,TRUE
ATF6,ART,rs4657127,1.1577288766954e-05,8.29077428724018e-07,TRUE
ATF6,ART,rs12048680,4.97754378872028e-05,3.47283024468837e-07,TRUE
ATF6,ART,rs10800137,1.31978031386946e-05,1.08720363157786e-06,TRUE
ATF6,ART,rs10733046,1.33876887112205e-05,1.19680382471854e-06,TRUE
ATF6,ART,rs10800151,7.68628577863988e-06,8.3671989336438e-06,FALSE
ATF6,ART,rs10918270,7.68628577863988e-06,7.62417457086276e-06,TRUE
ATF6,ART,rs12562272,1.36138081541245e-05,1.41476353540655e-06,TRUE
ATF6,ART,rs12096504,1.33876887112205e-05,1.19709561629428e-06,TRUE
ATF6,ART,rs10918279,1.1577288766954e-05,8.29303811612815e-07,TRUE
ATF6,ART,rs10800157,1.33811197368223e-05,1.40431396211876e-06,TRUE
ATF6,ART,rs57269872,6.5286884072712e-05,9.83194142223621e-07,TRUE
ATF6,ART,rs2341470,1.30437766286079e-05,1.28177216294976e-06,TRUE
ATF6,ART,rs2341471,7.91884789121606e-06,8.27173148097134e-06,FALSE
ATF6,ART,rs9283413,1.37738180687621e-05,1.22582011737371e-06,TRUE
ATF6,ART,rs9287066,1.35544473670028e-05,1.2258645390049e-06,TRUE
ATF6,ART,rs7514226,1.32839082085287e-05,1.23401939609474e-06,TRUE
ATF6,ART,rs6695574,1.37738180687621e-05,1.44623684841079e-06,TRUE
ATF6,ART,rs9482,1.35544473670028e-05,1.43613445229148e-06,TRUE
ATF6,ART,rs13401,1.35544473670028e-05,1.47739785648224e-06,TRUE
ATF6,ART,rs1136046,4.90436854440685e-05,1.34356573409368e-07,TRUE
ATF6,ART,rs2499854,7.78894184063111e-06,2.75561168580435e-06,TRUE
ATF6,ART,rs2490442,1.37565566095379e-05,2.37318471939162e-06,TRUE
ATF6,ART,rs2499852,1.3586533441965e-05,2.3827612790873e-06,TRUE
ATF6,ART,rs2499850,1.3586533441965e-05,2.39028020032374e-06,TRUE
ATF6,ART,rs3795649,7.74803863693418e-06,8.54913183107939e-06,FALSE
ATF6,ART,rs2499848,1.37565566095379e-05,2.38994105241186e-06,TRUE
ATF6,ART,rs10737521,7.74803863693418e-06,8.2230848022173e-06,FALSE
ATF6,ART,rs2499847,1.3586533441965e-05,2.44633350271201e-06,TRUE
ATF6,ART,rs2499846,1.37565566095379e-05,2.55004760562563e-06,TRUE
ATF6,ART,rs12404636,5.44929632460308e-05,2.77682696218698e-07,TRUE
ATF6,ART,rs9783050,6.76015990915972e-06,8.88070290390648e-06,FALSE
ATF6,ART,rs9783069,6.88820532301189e-06,8.87554026593616e-06,FALSE
ATF6,ART,rs12404798,4.1573810429393e-05,4.31167007653418e-07,TRUE
TCF7L1,KNEE,rs62165586,6.98384047103583e-05,4.73836568254417e-06,TRUE
TCF7L1,KNEE,rs11689554,6.44388481066635e-05,5.36305736696843e-06,TRUE
TCF7L1,KNEE,rs11674371,6.75444022110732e-05,5.35051205965672e-06,TRUE
TCF7L1,KNEE,rs723465,6.47802796438234e-05,5.29956807021536e-06,TRUE
TCF7L1,KNEE,rs62165588,6.99297674241935e-05,5.01910232567904e-06,TRUE
TCF7L1,KNEE,rs62165589,6.99297674241935e-05,5.019372409336e-06,TRUE
TCF7L1,KNEE,rs75339461,0.000110293290374573,7.01627466738675e-06,TRUE
TCF7L1,KNEE,rs11675205,9.90730268271287e-05,6.07493915264606e-06,TRUE
TCF7L1,KNEE,rs11291124,0.000121120723702646,4.10054382034419e-06,TRUE
TCF7L1,KNEE,rs1012256,0.000121120723702646,3.83215993231372e-06,TRUE
TCF7L1,KNEE,rs6752527,0.000121679425900758,4.2891700746644e-06,TRUE
TCF7L1,KNEE,rs6719095,4.63137594436198e-05,5.16684633511768e-08,TRUE
TCF7L1,KNEE,rs62165594,8.64849326796885e-05,3.21389017340221e-06,TRUE
TCF7L1,KNEE,rs17763748,0.000117888606548005,6.96839934755417e-06,TRUE
TCF7L1,KNEE,rs62165595,8.64849326796885e-05,3.2751247055021e-06,TRUE
TCF7L1,KNEE,rs17763853,0.000117888606548005,7.03040494784618e-06,TRUE
TCF7L1,KNEE,rs7581133,8.64849326796885e-05,3.31928623022311e-06,TRUE
TCF7L1,KNEE,rs11684211,0.000117888606548005,6.76465208919465e-06,TRUE
TCF7L1,KNEE,rs79026474,0.000181622916403714,2.90483656298494e-05,TRUE
TCF7L1,KNEE,rs72840024,0.000112238239562808,6.42084920059866e-06,TRUE
TCF7L1,KNEE,rs11674662,9.21899441312106e-05,5.09820313420032e-06,TRUE
TCF7L1,KNEE,rs2366264,9.35429823215802e-05,6.32024220680707e-06,TRUE
TCF7L1,KNEE,rs1991738,9.35257445823647e-05,6.32227553499102e-06,TRUE
TCF7L1,KNEE,rs35687745,8.74381840274105e-05,6.32146405737876e-06,TRUE
TCF7L1,KNEE,rs11689667,0.000125629349112222,1.11098813958491e-05,TRUE
TCF7L1,KNEE,rs6547607,8.9780195943093e-05,6.34927796795773e-06,TRUE
TCF7L1,KNEE,rs883650,0.000127072684713053,1.14950388086287e-05,TRUE
TCF7L1,KNEE,rs883651,8.9780195943093e-05,6.53112764623984e-06,TRUE
TCF7L1,KNEE,rs908301,9.00065061552224e-05,6.49912465933051e-06,TRUE
TCF7L1,KNEE,rs882883,9.22240276777526e-05,6.56466352618777e-06,TRUE
TCF7L1,KNEE,rs1554109,9.22240276777526e-05,6.10640019307669e-06,TRUE
TCF7L1,KNEE,rs7340255,9.68666922572153e-05,6.25062653142385e-06,TRUE
TCF7L1,KNEE,rs11675489,0.000123239400198197,1.08457236871586e-05,TRUE
TCF7L1,KNEE,rs62162671,0.000110224062514037,6.73705761453607e-06,TRUE
TCF7L1,KNEE,rs11686782,9.65009798604465e-05,6.18541264154881e-06,TRUE
TCF7L1,KNEE,rs55654088,9.75852908559106e-05,4.43988167403329e-06,TRUE
TCF7L1,KNEE,rs7340132,8.98790769800605e-05,4.65382194810627e-06,TRUE
TCF7L1,KNEE,rs12714137,0.000218559992498244,2.28570676682847e-05,TRUE
TCF7L1,KNEE,rs12714138,5.10103586373218e-05,3.87561125347609e-05,TRUE
TCF7L1,KNEE,rs6745529,0.000129786300635524,1.14084087081763e-05,TRUE
TCF7L1,KNEE,rs4832151,8.60005183518672e-05,3.06702061156353e-05,TRUE
TCF7L1,KNEE,rs4346385,4.99955836272534e-05,3.94171479562745e-05,TRUE
TCF7L1,KNEE,rs6733190,0.000129786300635524,1.11971880258399e-05,TRUE
TCF7L1,KNEE,rs6736348,8.55621190401263e-05,3.06748984090421e-05,TRUE
TCF7L1,KNEE,rs6736366,5.11110473567307e-05,3.86419376375389e-05,TRUE
TCF7L1,KNEE,rs11126990,5.11110473567307e-05,3.96365597851867e-05,TRUE
TCF7L1,KNEE,rs4832153,9.65636792615285e-05,3.29940982069303e-05,TRUE
TCF7L1,KNEE,rs6547608,9.54443120090956e-05,1.50173233800901e-05,TRUE
TCF7L1,KNEE,rs34644194,9.64884005636186e-05,1.03558729128478e-05,TRUE
TCF7L1,KNEE,rs7601117,9.7518591102031e-05,1.03896525310744e-05,TRUE
TCF7L1,KNEE,rs7574856,4.29413904645414e-05,3.14112712982975e-06,TRUE
TCF7L1,KNEE,rs7574999,8.12024735330606e-05,2.42290581357309e-07,TRUE
TCF7L1,KNEE,rs6547609,5.28709388295123e-05,3.79977835479506e-06,TRUE
TCF7L1,KNEE,rs6719501,5.28709388295123e-05,3.79416210689639e-06,TRUE
TCF7L1,KNEE,rs62162679,0.000114759151952575,1.23889714246967e-05,TRUE
GATAD2A,KNEE,rs10402294,5.37836317506007e-06,1.64453547329189e-06,TRUE
GATAD2A,KNEE,rs111492783,1.66243832058049e-05,9.62474716643706e-08,TRUE
GATAD2A,KNEE,rs112219496,1.39395047154999e-05,5.07135236974871e-08,TRUE
GATAD2A,KNEE,rs111444407,1.39395047154999e-05,2.96254687006634e-08,TRUE
GATAD2A,KNEE,rs7253952,1.0095299062209e-05,6.62437774454641e-07,TRUE
GATAD2A,KNEE,rs4808931,9.17154845685342e-06,2.49860310864204e-07,TRUE
GATAD2A,KNEE,rs4808932,1.21179073018419e-05,2.5104274958085e-07,TRUE
GATAD2A,KNEE,rs8108777,1.21179073018419e-05,3.0294116195142e-07,TRUE
GATAD2A,KNEE,rs1064395,1.21179073018419e-05,3.67422916497994e-07,TRUE
GATAD2A,KNEE,rs10407933,1.18248670047045e-05,2.95227638679356e-07,TRUE
GATAD2A,KNEE,rs17216041,1.52299871236438e-05,6.24404443239386e-07,TRUE
GATAD2A,KNEE,rs56044734,1.40121568045141e-05,9.32190005978771e-07,TRUE
GATAD2A,KNEE,rs56278919,1.52299871236438e-05,7.47299486100579e-07,TRUE
GATAD2A,KNEE,rs55765017,1.52299871236438e-05,7.47299486100579e-07,TRUE
GATAD2A,KNEE,rs56144632,1.52299871236438e-05,7.47299486100579e-07,TRUE
GATAD2A,KNEE,rs2074295,9.78198883103957e-06,8.7826609132854e-07,TRUE
GATAD2A,KNEE,rs4808934,1.09986464190164e-05,6.65633734637401e-07,TRUE
GATAD2A,KNEE,rs7257875,1.16717467465255e-05,6.28852134907355e-07,TRUE
GATAD2A,KNEE,rs2074296,1.12609240304037e-05,9.37424715948769e-07,TRUE
GATAD2A,KNEE,rs8105094,1.13327238713698e-05,2.45044560175874e-07,TRUE
GATAD2A,KNEE,rs8105984,1.13327238713698e-05,2.47009822663951e-07,TRUE
GATAD2A,KNEE,rs72999053,1.50743181285093e-05,7.59271395069277e-07,TRUE
GATAD2A,KNEE,rs10426780,1.0312551253999e-05,1.10735221746878e-06,TRUE
GATAD2A,KNEE,rs72999059,1.52323868321451e-05,7.72816890621397e-07,TRUE
GATAD2A,KNEE,rs998732,1.50743181285093e-05,8.05162575304147e-07,TRUE
GATAD2A,KNEE,rs72999063,1.40040736971063e-05,1.03657503176405e-06,TRUE
GATAD2A,KNEE,rs2074299,1.06505147733509e-05,1.15017189952699e-06,TRUE
GATAD2A,KNEE,rs72999068,1.37986918323749e-05,8.36961778113182e-07,TRUE
GATAD2A,KNEE,rs2074300,1.07440610990614e-05,1.82006475879065e-07,TRUE
GATAD2A,KNEE,rs2074301,1.07440610990614e-05,1.85467950905045e-07,TRUE
GATAD2A,KNEE,rs2074303,1.05938210283681e-05,1.16051211216523e-06,TRUE
GATAD2A,KNEE,rs55822665,1.37986918323749e-05,8.35832227576508e-07,TRUE
GATAD2A,KNEE,rs10419245,1.05938210283681e-05,1.14866662621383e-06,TRUE
GATAD2A,KNEE,rs735273,1.08660632065296e-05,1.13299501852482e-06,TRUE
GATAD2A,KNEE,rs8103496,1.08660632065296e-05,1.09975838489966e-06,TRUE
GATAD2A,KNEE,rs11448733,1.426399042347e-05,8.10436048705093e-07,TRUE
GATAD2A,KNEE,rs11882123,1.08660632065296e-05,1.09994170176766e-06,TRUE
GATAD2A,KNEE,rs2017964,1.08013607075858e-05,1.12753865567468e-06,TRUE
GATAD2A,KNEE,rs2010506,1.52701002789078e-05,8.05866693603162e-07,TRUE
GATAD2A,KNEE,rs2074550,1.09133243357651e-05,4.81816408376419e-07,TRUE
GATAD2A,KNEE,rs11555053,1.41364372144357e-05,8.16253039155297e-07,TRUE
GATAD2A,KNEE,rs8101938,1.10124972002917e-05,1.12878389388285e-06,TRUE
GATAD2A,KNEE,rs2301784,1.10124972002917e-05,1.12885022048643e-06,TRUE
GATAD2A,KNEE,rs6511026,1.08660632065296e-05,1.12910381842056e-06,TRUE
GATAD2A,KNEE,rs6511027,1.40324570274405e-05,8.09424897764766e-07,TRUE
GATAD2A,KNEE,rs2269873,1.08660632065296e-05,1.13557050421273e-06,TRUE
GATAD2A,KNEE,rs144703713,9.68717589403583e-06,2.07350898243552e-07,TRUE
GATAD2A,KNEE,rs8113794,1.3993353188656e-05,6.43954780005395e-07,TRUE
GATAD2A,KNEE,rs8100713,1.35304216994868e-05,6.80215612148525e-07,TRUE
GATAD2A,KNEE,rs8100097,1.54032119031348e-05,4.86194050387703e-07,TRUE
GATAD2A,KNEE,rs10407952,1.0953014874417e-05,1.42487454101772e-06,TRUE
GATAD2A,KNEE,rs56212061,1.43118028081285e-05,5.31041703077092e-07,TRUE
GATAD2A,KNEE,rs6511028,1.0953014874417e-05,1.42346351355738e-06,TRUE
GATAD2A,KNEE,rs7254748,1.0953014874417e-05,1.42134147475969e-06,TRUE
GATAD2A,KNEE,rs4808937,1.0953014874417e-05,1.42191996846762e-06,TRUE
GATAD2A,KNEE,rs4808938,1.0953014874417e-05,1.42295768713744e-06,TRUE
GATAD2A,KNEE,rs10409234,1.0953014874417e-05,1.42159962183859e-06,TRUE
GATAD2A,KNEE,rs2023882,1.0953014874417e-05,1.42714812664051e-06,TRUE
GATAD2A,KNEE,rs2023883,1.0647966269891e-05,5.21082328592939e-07,TRUE
GATAD2A,KNEE,rs11666553,9.95631752800084e-06,5.31903499833712e-07,TRUE
GATAD2A,KNEE,rs35534408,1.0953014874417e-05,1.41593102423484e-06,TRUE
GATAD2A,KNEE,rs4808939,1.10606191194595e-05,1.3016851651004e-06,TRUE
GATAD2A,KNEE,rs4808193,1.09700230914391e-05,1.46812299681648e-06,TRUE
GATAD2A,KNEE,rs4808941,1.09700230914391e-05,1.41501145416236e-06,TRUE
GATAD2A,KNEE,rs17751061,1.57377974168696e-05,5.03863473262983e-07,TRUE
GATAD2A,KNEE,rs2315022,1.10154772535422e-05,1.36319612583831e-06,TRUE
GATAD2A,KNEE,rs2315023,1.57995637975329e-05,5.53240954227478e-07,TRUE
GATAD2A,KNEE,rs2301786,1.0953014874417e-05,1.41383603090057e-06,TRUE
GATAD2A,KNEE,rs1010207,1.0953014874417e-05,1.40177400511483e-06,TRUE
GATAD2A,KNEE,rs76944848,1.57377974168696e-05,5.6637632695109e-07,TRUE
GATAD2A,KNEE,rs12983137,9.95631752800084e-06,5.5791977891626e-07,TRUE
GATAD2A,KNEE,rs113145184,1.57995637975329e-05,4.37634250666837e-07,TRUE
GATAD2A,KNEE,rs4808942,1.0953014874417e-05,1.359124856316e-06,TRUE
GATAD2A,KNEE,rs1859287,1.01014338461439e-05,5.80427565016606e-07,TRUE
GATAD2A,KNEE,rs2285859,1.15331760381304e-05,1.26603012494008e-06,TRUE
GATAD2A,KNEE,rs3216939,1.07201656866608e-05,5.3136078262657e-07,TRUE
GATAD2A,KNEE,rs80146298,1.57377974168696e-05,5.44661534652143e-07,TRUE
GATAD2A,KNEE,rs2315025,1.0953014874417e-05,1.37084656092409e-06,TRUE
GATAD2A,KNEE,rs4808944,1.57995637975329e-05,4.84368438816063e-07,TRUE
GATAD2A,KNEE,rs8108647,1.0251612545423e-05,6.71770547845054e-07,TRUE
GATAD2A,KNEE,rs12976025,1.07201656866608e-05,5.43321025245883e-07,TRUE
GATAD2A,KNEE,rs111834969,1.57995637975329e-05,4.84368438816063e-07,TRUE
GATAD2A,KNEE,rs57436187,1.57995637975329e-05,4.84368438816063e-07,TRUE
GATAD2A,KNEE,rs12460764,1.11414729514225e-05,2.3216656356794e-06,TRUE
GATAD2A,KNEE,rs10402661,9.95631752800084e-06,5.62859514604501e-07,TRUE
GATAD2A,KNEE,rs7246748,1.11414729514225e-05,2.3216656356794e-06,TRUE
GATAD2A,KNEE,rs7254230,1.11414729514225e-05,2.3216656356794e-06,TRUE
GATAD2A,KNEE,rs4808194,1.0647966269891e-05,5.50991893646039e-07,TRUE
GATAD2A,KNEE,rs4239639,1.51988226719144e-05,1.3821194064891e-06,TRUE
GATAD2A,KNEE,rs3764567,1.20041334760878e-05,2.09506031283619e-06,TRUE
GATAD2A,KNEE,rs1009136,1.04222241492942e-05,2.40379239834008e-06,TRUE
GATAD2A,KNEE,rs67720221,1.12535365262398e-05,2.59644578906337e-06,TRUE
GATAD2A,KNEE,rs12985655,1.11414729514225e-05,2.25521851583969e-06,TRUE
GATAD2A,KNEE,rs1557723,1.3374348718819e-05,1.30504111349689e-06,TRUE
GATAD2A,KNEE,rs10640109,1.12201784039868e-05,2.06570776109717e-06,TRUE
GATAD2A,KNEE,rs8103197,1.11414729514225e-05,2.25521851583969e-06,TRUE
GATAD2A,KNEE,rs2011503,1.51988226719144e-05,1.37562253658894e-06,TRUE
GATAD2A,KNEE,rs11085259,1.06838842314641e-05,4.14594330120445e-07,TRUE
GATAD2A,KNEE,rs769267,1.20480376437173e-05,1.70677147297753e-06,TRUE
GATAD2A,KNEE,rs1989867,1.51988226719144e-05,1.30504111349689e-06,TRUE
GATAD2A,KNEE,rs756999,1.35555390317629e-05,1.30504111349689e-06,TRUE
GATAD2A,KNEE,rs757000,1.06838842314641e-05,5.5094137894844e-07,TRUE
GATAD2A,KNEE,rs757001,1.06838842314641e-05,5.5094137894844e-07,TRUE
GATAD2A,KNEE,rs2074089,1.14202181871859e-05,2.27889369714737e-06,TRUE
GATAD2A,KNEE,rs2074090,1.11414729514225e-05,2.25513614952595e-06,TRUE
GATAD2A,KNEE,rs2074091,1.10710499779913e-05,2.25513614952595e-06,TRUE
GATAD2A,KNEE,rs2965190,1.3436575860495e-05,1.3050931666524e-06,TRUE
GATAD2A,KNEE,rs2301668,1.06838842314641e-05,5.5094137894844e-07,TRUE
GATAD2A,KNEE,rs7250368,9.93784242156427e-06,5.67068017262653e-07,TRUE
GATAD2A,KNEE,rs2965191,1.11414729514225e-05,2.25518683631025e-06,TRUE
GATAD2A,KNEE,rs2301669,1.11414729514225e-05,2.25518683631025e-06,TRUE
GATAD2A,KNEE,rs2965193,1.07812707462452e-05,2.35778521824342e-06,TRUE
GATAD2A,KNEE,rs2905421,1.2325550841416e-05,2.41648902740562e-06,TRUE
GATAD2A,KNEE,rs968525,1.05901808853684e-05,5.61226575446636e-07,TRUE
GATAD2A,KNEE,rs10421505,8.48589445373861e-06,6.95448480149063e-07,TRUE
GATAD2A,KNEE,rs12982276,8.48589445373861e-06,6.95448480149063e-07,TRUE
GATAD2A,KNEE,rs2965194,1.51988226719144e-05,1.3050931666524e-06,TRUE
GATAD2A,KNEE,rs2905422,1.40980193314528e-05,1.37582620899917e-06,TRUE
GATAD2A,KNEE,rs12459854,1.11970217849586e-05,2.3262924402286e-06,TRUE
GATAD2A,KNEE,rs11085260,1.44289321170412e-05,1.35007243534812e-06,TRUE
GATAD2A,KNEE,rs11085261,1.00170785970786e-05,5.89121195544461e-07,TRUE
GATAD2A,KNEE,rs2965195,1.32679924167879e-05,1.30372626844047e-06,TRUE
GATAD2A,KNEE,rs9304960,1.06838842314641e-05,5.52066101447749e-07,TRUE
GATAD2A,KNEE,rs2301671,1.00170785970786e-05,5.68206708985318e-07,TRUE
GATAD2A,KNEE,rs2285626,1.56780210868483e-05,6.83819639420571e-06,TRUE
GATAD2A,KNEE,rs2285627,1.17713998505126e-05,1.50557312259966e-06,TRUE
GATAD2A,KNEE,rs15622,1.11414729514225e-05,2.2682801638752e-06,TRUE
GATAD2A,KNEE,rs10403731,1.00706963295548e-05,5.68184806505874e-07,TRUE
GATAD2A,KNEE,rs1985109,1.22314557254228e-05,3.61498101085761e-07,TRUE
GATAD2A,KNEE,rs2860494,1.32992699071889e-05,1.30349387397277e-06,TRUE
GATAD2A,KNEE,rs2965197,1.14918572527788e-05,2.27638465448032e-06,TRUE
GATAD2A,KNEE,rs10419672,9.71898895678213e-06,7.19772393438408e-07,TRUE
GATAD2A,KNEE,rs6511029,1.31368737281531e-05,1.52899240103865e-06,TRUE
GATAD2A,KNEE,rs6511030,1.11414729514225e-05,2.3273084604525e-06,TRUE
GATAD2A,KNEE,rs6511031,1.35555390317629e-05,1.3054679800161e-06,TRUE
GATAD2A,KNEE,rs6511032,1.13845225558837e-05,2.45856470379126e-06,TRUE
GATAD2A,KNEE,rs2905423,1.13845225558837e-05,2.48159644648778e-06,TRUE
GATAD2A,KNEE,rs2965198,1.1232011042693e-05,3.37261402470768e-06,TRUE
GATAD2A,KNEE,rs2905424,1.12431218641109e-05,3.39354887642171e-06,TRUE
GATAD2A,KNEE,rs2965199,1.12638762286016e-05,3.50476039554573e-06,TRUE
GATAD2A,KNEE,rs7258508,1.09224699120864e-05,1.85676073951482e-06,TRUE
GATAD2A,KNEE,rs2965200,1.13436081544035e-05,2.6287814466284e-06,TRUE
GATAD2A,KNEE,rs4808196,1.25654447286934e-05,7.31004868034533e-07,TRUE
GATAD2A,KNEE,rs8101499,1.22254089346779e-05,1.40759436908624e-06,TRUE
GATAD2A,KNEE,rs146758447,1.32729478918445e-05,3.42100414945507e-07,TRUE
GATAD2A,KNEE,rs2905426,1.19457707741137e-05,1.17260985653511e-06,TRUE
GATAD2A,KNEE,rs2905427,1.19457707741137e-05,9.75812396534265e-07,TRUE
GATAD2A,KNEE,rs2965201,1.50677990337953e-05,3.48081357751493e-07,TRUE
GATAD2A,KNEE,rs2074088,1.18238288166064e-05,1.36602002262821e-06,TRUE
GATAD2A,KNEE,rs2315279,1.18238288166064e-05,1.35737335435413e-06,TRUE
GATAD2A,KNEE,rs2315281,1.18238288166064e-05,1.37204723740381e-06,TRUE
GATAD2A,KNEE,rs2315282,1.27275588389335e-05,3.36513452000609e-07,TRUE
GATAD2A,KNEE,rs2315283,1.18238288166064e-05,1.35678503480508e-06,TRUE
GATAD2A,KNEE,rs34538000,1.18238288166064e-05,1.31693930422501e-06,TRUE
GATAD2A,KNEE,rs2965175,1.18238288166064e-05,1.31693930422501e-06,TRUE
GATAD2A,KNEE,rs2905430,1.18577722139287e-05,1.27176276773474e-06,TRUE
GATAD2A,KNEE,rs2905431,1.18577722139287e-05,1.39814721374778e-06,TRUE
GATAD2A,KNEE,rs2965178,1.27275588389335e-05,3.49413725349111e-07,TRUE
GATAD2A,KNEE,rs59148799,1.9512971498484e-05,1.15288600424266e-05,TRUE
GATAD2A,KNEE,rs2905432,1.20039015426839e-05,8.96825776724934e-07,TRUE
GATAD2A,KNEE,rs35418933,1.21254425921781e-05,1.27745004845661e-06,TRUE
GATAD2A,KNEE,rs12973258,1.31281439492337e-05,4.17004301146328e-07,TRUE
GATAD2A,KNEE,rs34169314,1.50195105899393e-05,3.56147125746447e-07,TRUE
GATAD2A,KNEE,rs2905433,1.50677990337953e-05,3.49413725349111e-07,TRUE
GATAD2A,KNEE,rs2905434,1.50677990337953e-05,3.49413725349111e-07,TRUE
GATAD2A,KNEE,rs2965180,1.21254425921781e-05,1.28948615061522e-06,TRUE
GATAD2A,KNEE,rs10406278,1.50677990337953e-05,3.49413725349111e-07,TRUE
GATAD2A,KNEE,rs2905435,1.21530470210803e-05,1.01028763065441e-06,TRUE
GATAD2A,KNEE,rs2965186,1.50677990337953e-05,3.4154948668838e-07,TRUE
GATAD2A,KNEE,rs10408875,2.08665423184493e-05,1.09080741798241e-05,TRUE
GATAD2A,KNEE,rs17288409,1.39176716978304e-05,5.14330586368347e-07,TRUE
GATAD2A,KNEE,rs10415849,2.08665423184493e-05,1.08997473231487e-05,TRUE
GATAD2A,KNEE,rs8111093,1.50677990337953e-05,3.49605970719493e-07,TRUE
GATAD2A,KNEE,rs56241616,2.08665423184493e-05,1.09921405072319e-05,TRUE
GATAD2A,KNEE,rs10424702,1.86372860059034e-05,7.76260539897391e-06,TRUE
GATAD2A,KNEE,rs34487417,1.50677990337953e-05,3.52306053255336e-07,TRUE
GATAD2A,KNEE,rs2965181,1.49748381294571e-05,3.49898001522807e-07,TRUE
GATAD2A,KNEE,rs2965179,1.50677990337953e-05,3.49605970719493e-07,TRUE
GATAD2A,KNEE,rs35455954,1.22850084570649e-05,1.17780455088574e-06,TRUE
GATAD2A,KNEE,rs56218506,1.50677990337953e-05,3.49605970719493e-07,TRUE
GATAD2A,KNEE,rs12983940,1.43668472657939e-05,3.66142923218582e-07,TRUE
GATAD2A,KNEE,rs2916068,1.24647953773787e-05,9.32055495940658e-07,TRUE
GATAD2A,KNEE,rs140702307,1.28848543223338e-05,6.08194869842695e-07,TRUE
GATAD2A,KNEE,rs4808950,1.39400741191167e-05,3.705186675368e-07,TRUE
GATAD2A,KNEE,rs2965189,1.23297695399662e-05,9.32055495940658e-07,TRUE
GATAD2A,KNEE,rs2916069,1.23297695399662e-05,9.32055495940658e-07,TRUE
GATAD2A,KNEE,rs35494426,1.41076533075808e-05,3.44695776273934e-07,TRUE
GATAD2A,KNEE,rs138179252,1.50614474738335e-05,3.91710516481356e-07,TRUE
GATAD2A,KNEE,rs2060276,1.50614474738335e-05,3.91710516481356e-07,TRUE
GATAD2A,KNEE,rs2965188,1.22850084570649e-05,1.19395865115054e-06,TRUE
GATAD2A,KNEE,rs2916070,1.50677990337953e-05,3.05582379680819e-07,TRUE
GATAD2A,KNEE,rs2916072,1.50677990337953e-05,3.06364806746629e-07,TRUE
GATAD2A,KNEE,rs2965185,1.21122933448317e-05,8.35205015854399e-06,TRUE
GATAD2A,KNEE,rs544123450,1.19640816428836e-05,3.02747254634854e-07,TRUE
GATAD2A,KNEE,rs2916073,1.23297695399662e-05,7.6854479533999e-07,TRUE
GATAD2A,KNEE,rs1469713,1.23297695399662e-05,9.64528184217196e-07,TRUE
GATAD2A,KNEE,rs1469712,1.22850084570649e-05,1.21936231033755e-06,TRUE
GATAD2A,KNEE,rs2916074,1.23297695399662e-05,6.92254327959932e-07,TRUE
GATAD2A,KNEE,rs11668203,1.10506759677901e-05,4.2063285365991e-07,TRUE
GATAD2A,KNEE,rs11668386,2.73186572604208e-05,8.61152705703544e-06,TRUE
GATAD2A,KNEE,rs11669516,1.40255366452361e-05,3.00133947177901e-07,TRUE
GATAD2A,KNEE,rs4808198,1.22850084570649e-05,1.18929745157303e-06,TRUE
GATAD2A,KNEE,rs8182472,2.42675357044274e-05,1.09503865400996e-05,TRUE
GATAD2A,KNEE,rs111492959,1.41076533075808e-05,2.91484041881385e-07,TRUE
GATAD2A,KNEE,rs2060274,1.50677990337953e-05,3.53373452743741e-07,TRUE
GATAD2A,KNEE,rs4808199,1.40617172493898e-05,3.55989585234097e-07,TRUE
GATAD2A,KNEE,rs2965184,1.50677990337953e-05,7.2253782914887e-07,TRUE
GATAD2A,KNEE,rs2965183,1.23297695399662e-05,7.65918045144093e-07,TRUE
GATAD2A,KNEE,rs2916076,1.23297695399662e-05,7.98950853723814e-07,TRUE
GATAD2A,KNEE,rs34647936,1.40255366452361e-05,2.30553250685807e-07,TRUE
GATAD2A,KNEE,rs2965182,1.23297695399662e-05,8.42664346849788e-07,TRUE
GATAD2A,KNEE,rs79954596,2.07197413845381e-05,8.87003702505111e-06,TRUE
GATAD2A,KNEE,rs12975119,1.23297695399662e-05,7.8233431604064e-07,TRUE
GATAD2A,KNEE,rs4808955,1.36113306967948e-05,9.91358786612706e-07,TRUE
GATAD2A,KNEE,rs10408401,1.22850084570649e-05,1.00832907841223e-06,TRUE
GATAD2A,KNEE,rs80200208,1.50677990337953e-05,4.28630344515409e-07,TRUE
GATAD2A,KNEE,rs4808200,1.36113306967948e-05,9.90826616228694e-07,TRUE
GATAD2A,KNEE,rs34349730,1.35086438841651e-05,9.91358786612706e-07,TRUE
GATAD2A,KNEE,rs10410664,1.22850084570649e-05,1.01614639508998e-06,TRUE
GATAD2A,KNEE,rs60003758,1.39176716978304e-05,3.77794899291862e-07,TRUE
GATAD2A,KNEE,rs8105642,1.50677990337953e-05,3.53839706406122e-07,TRUE
GATAD2A,KNEE,rs8110250,1.48692162915626e-05,3.6165106695596e-07,TRUE
GATAD2A,KNEE,rs8110171,1.50677990337953e-05,3.53839706406122e-07,TRUE
GATAD2A,KNEE,rs34027746,1.23297695399662e-05,7.82513679214745e-07,TRUE
GATAD2A,KNEE,rs66540442,1.48584344282867e-05,2.03082383346338e-07,TRUE
GATAD2A,KNEE,rs10414830,1.22850084570649e-05,1.02437932834139e-06,TRUE
GATAD2A,KNEE,rs12972397,1.39176716978304e-05,4.58772477807562e-07,TRUE
GATAD2A,KNEE,rs1560687,1.50677990337953e-05,3.55240311750379e-07,TRUE
GATAD2A,KNEE,rs147292290,1.52683682831539e-05,3.55283785595468e-07,TRUE
GATAD2A,KNEE,rs147477831,1.23297695399662e-05,3.54002551244981e-08,TRUE
GATAD2A,KNEE,rs113980591,1.41076533075808e-05,4.02957565955482e-07,TRUE
GATAD2A,KNEE,rs113841472,1.50677990337953e-05,3.4135533040154e-07,TRUE
GATAD2A,KNEE,rs7256149,1.22487242125086e-05,1.00991289084916e-06,TRUE
GATAD2A,KNEE,rs4808957,1.22487242125086e-05,1.00991289084916e-06,TRUE
GATAD2A,KNEE,rs12977524,1.43117796014871e-05,4.42035273431291e-07,TRUE
GATAD2A,KNEE,rs4808202,1.22487242125086e-05,1.00989146624603e-06,TRUE
GATAD2A,KNEE,rs4808203,1.36817124059023e-05,9.7957928995592e-07,TRUE
GATAD2A,KNEE,rs75582668,1.50677990337953e-05,3.55176917161048e-07,TRUE
GATAD2A,KNEE,rs7250658,1.43117796014871e-05,4.18707073470533e-07,TRUE
GATAD2A,KNEE,rs4808958,1.48568697478743e-05,2.69509569527354e-07,TRUE
GATAD2A,KNEE,rs4808959,1.19576339369216e-05,1.41716824648858e-06,TRUE
GATAD2A,KNEE,rs28720066,2.08665423184493e-05,1.03143518155845e-05,TRUE
GATAD2A,KNEE,rs9917108,1.22487242125086e-05,1.01008858116688e-06,TRUE
GATAD2A,KNEE,rs2163805,1.43117796014871e-05,4.20625757694646e-07,TRUE
GATAD2A,KNEE,rs2163804,1.43117796014871e-05,4.20625757694646e-07,TRUE
GATAD2A,KNEE,rs1808653,1.22487242125086e-05,1.01012714937949e-06,TRUE
GATAD2A,KNEE,rs2099334,1.22487242125086e-05,1.01037571774527e-06,TRUE
GATAD2A,KNEE,rs754256,1.50677990337953e-05,3.55376176348215e-07,TRUE
GATAD2A,KNEE,rs754255,1.41685979693828e-05,3.43448498334761e-07,TRUE
GATAD2A,KNEE,rs10405625,1.22487242125086e-05,1.01037571774527e-06,TRUE
GATAD2A,KNEE,rs11404084,1.41685979693828e-05,3.43448498334761e-07,TRUE
GATAD2A,KNEE,rs4808962,1.50677990337953e-05,3.55376176348215e-07,TRUE
GATAD2A,KNEE,rs6511036,1.41757603738462e-05,3.70667358852142e-07,TRUE
GATAD2A,KNEE,rs73002960,2.76419276119863e-05,1.01303645526673e-05,TRUE
GATAD2A,KNEE,rs56280531,1.50677990337953e-05,3.55358059567652e-07,TRUE
GATAD2A,KNEE,rs1465695,1.42049668562275e-05,3.75524678065932e-07,TRUE
GATAD2A,KNEE,rs10401193,1.42049668562275e-05,3.83546394252587e-07,TRUE
GATAD2A,KNEE,rs10404728,1.42049668562275e-05,3.75524678065932e-07,TRUE
GATAD2A,KNEE,rs10419912,1.22487242125086e-05,8.70620116026726e-07,TRUE
GATAD2A,KNEE,rs2315610,1.22487242125086e-05,8.70624094832302e-07,TRUE
GATAD2A,KNEE,rs751856,1.22487242125086e-05,1.01290233715209e-06,TRUE
GATAD2A,KNEE,rs4808964,1.23702621436562e-05,8.74996063109996e-07,TRUE
GATAD2A,KNEE,rs11671253,1.50677990337953e-05,3.57264659463369e-07,TRUE
GATAD2A,KNEE,rs2288852,1.22251261988097e-05,1.04157439115279e-06,TRUE
GATAD2A,KNEE,rs1865034,1.22487242125086e-05,1.01278647634441e-06,TRUE
GATAD2A,KNEE,rs2099333,1.43117796014871e-05,4.20599655320911e-07,TRUE
GATAD2A,KNEE,rs2082421,1.20681665118999e-05,8.74888520531384e-07,TRUE
GATAD2A,KNEE,rs113249403,1.44873350830253e-05,3.45699110860493e-07,TRUE
GATAD2A,KNEE,rs1047361,1.22487242125086e-05,1.0135933484276e-06,TRUE
GATAD2A,KNEE,rs6511038,1.22487242125086e-05,1.01273927569298e-06,TRUE
GATAD2A,KNEE,rs10402451,1.22487242125086e-05,1.13238833719861e-06,TRUE
GATAD2A,KNEE,rs3794990,1.22612902953227e-05,1.48608502479126e-07,TRUE
GATAD2A,KNEE,rs3794993,1.22487242125086e-05,1.01117990046545e-06,TRUE
GATAD2A,KNEE,rs892022,1.22291109306754e-05,8.75879726298067e-07,TRUE
GATAD2A,KNEE,rs892021,1.22487242125086e-05,1.01390849281361e-06,TRUE
GATAD2A,KNEE,rs57009615,2.07459159067599e-05,9.77989743861141e-06,TRUE
GATAD2A,KNEE,rs79370636,1.50677990337953e-05,3.5992276819936e-07,TRUE
GATAD2A,KNEE,rs78010159,1.50677990337953e-05,3.61640981040143e-07,TRUE
GATAD2A,KNEE,rs111762799,1.34499355361677e-05,3.23517523217154e-07,TRUE
GATAD2A,KNEE,rs3752151,1.22291109306754e-05,8.35043975849818e-07,TRUE
GATAD2A,KNEE,rs1063966,1.22072145331694e-05,1.02582955467361e-06,TRUE
GATAD2A,KNEE,rs1054284,1.22291109306754e-05,8.27261152764321e-07,TRUE
GATAD2A,KNEE,rs34667451,1.51884152415884e-05,3.62544887636235e-07,TRUE
GATAD2A,KNEE,rs6626,1.22487242125086e-05,1.01607124581915e-06,TRUE
GATAD2A,KNEE,rs10282,1.22487242125086e-05,1.15243227033512e-06,TRUE
GATAD2A,KNEE,rs6909,1.22487242125086e-05,1.17652874840628e-06,TRUE
GATAD2A,KNEE,rs34918704,1.50677990337953e-05,3.65057609565228e-07,TRUE
GATAD2A,KNEE,rs56273306,2.76419276119863e-05,1.01440269026019e-05,TRUE
GATAD2A,KNEE,rs10402627,1.22487242125086e-05,1.03710855253966e-06,TRUE
GATAD2A,KNEE,rs113365218,3.21878014437172e-05,5.78248081343088e-06,TRUE
GATAD2A,KNEE,rs11670687,1.50677990337953e-05,3.64506254715695e-07,TRUE
GATAD2A,KNEE,rs11085264,1.50677990337953e-05,3.72006261475418e-07,TRUE
GATAD2A,KNEE,rs7250893,1.22487242125086e-05,1.04260858501091e-06,TRUE
GATAD2A,KNEE,rs80007081,1.50677990337953e-05,3.76446566275168e-07,TRUE
GATAD2A,KNEE,rs17684164,1.50677990337953e-05,3.76605047461022e-07,TRUE
GATAD2A,KNEE,rs77254326,1.50677990337953e-05,3.76217293728295e-07,TRUE
GATAD2A,KNEE,rs16996127,1.12022102986467e-05,5.32277235829973e-07,TRUE
GATAD2A,KNEE,rs56330647,1.50677990337953e-05,3.82301806412774e-07,TRUE
GATAD2A,KNEE,rs7252888,1.43117796014871e-05,3.93920121356277e-07,TRUE
GATAD2A,KNEE,rs7256028,1.12022102986467e-05,4.54388973157004e-07,TRUE
GATAD2A,KNEE,rs78883953,1.50677990337953e-05,3.68757380840253e-07,TRUE
GATAD2A,KNEE,rs138951922,1.50677990337953e-05,3.73485393009098e-07,TRUE
GATAD2A,KNEE,rs7250233,1.48601984768477e-05,3.75932910583479e-07,TRUE
GATAD2A,KNEE,rs4808965,1.22487242125086e-05,1.02794340989322e-06,TRUE
GATAD2A,KNEE,rs148001625,1.50677990337953e-05,3.53664951441932e-07,TRUE
GATAD2A,KNEE,rs76095338,1.50677990337953e-05,4.05877498787382e-07,TRUE
GATAD2A,KNEE,rs112361177,1.20183793163405e-05,1.02470850852385e-06,TRUE
GATAD2A,KNEE,rs142175758,1.41076533075808e-05,4.33558171903744e-07,TRUE
GATAD2A,KNEE,rs78176666,1.50677990337953e-05,4.49427746537208e-07,TRUE
GATAD2A,KNEE,rs111406321,1.50677990337953e-05,4.4163242181976e-07,TRUE
GATAD2A,KNEE,rs75453386,1.50677990337953e-05,4.4447307283067e-07,TRUE
GATAD2A,KNEE,rs75525243,1.50677990337953e-05,4.4577749176058e-07,TRUE
GATAD2A,KNEE,rs45631651,1.50677990337953e-05,4.45247784888163e-07,TRUE
GATAD2A,KNEE,rs74950305,1.50677990337953e-05,4.44840064349079e-07,TRUE
GATAD2A,KNEE,rs4808967,1.24086474309841e-05,1.00974516953704e-06,TRUE
GATAD2A,KNEE,rs55927782,1.52732443153115e-05,2.52223825848805e-07,TRUE
GATAD2A,KNEE,rs56397647,1.99237726229941e-05,9.87535728168181e-06,TRUE
GATAD2A,KNEE,rs10422819,1.20845715091563e-05,9.67732299210155e-07,TRUE
GATAD2A,KNEE,rs8101219,1.50677990337953e-05,4.68703896282122e-07,TRUE
GATAD2A,KNEE,rs4808205,1.50677990337953e-05,4.25211547477193e-07,TRUE
GATAD2A,KNEE,rs4808206,1.50677990337953e-05,4.60108641967018e-07,TRUE
GATAD2A,KNEE,rs2304098,1.20845715091563e-05,9.42447338913327e-07,TRUE
GATAD2A,KNEE,rs4808969,1.50677990337953e-05,4.525521455258e-07,TRUE
GATAD2A,KNEE,rs11669730,1.50677990337953e-05,4.57390624299952e-07,TRUE
GATAD2A,KNEE,rs11670775,1.52544323247545e-05,4.52595097230166e-07,TRUE
GATAD2A,KNEE,rs4808208,1.20845715091563e-05,9.01580691174929e-07,TRUE
GATAD2A,KNEE,rs4808970,1.50677990337953e-05,4.47249432466267e-07,TRUE
GATAD2A,KNEE,rs12981405,1.53754959213877e-05,2.09174390954407e-07,TRUE
GATAD2A,KNEE,rs76790018,1.50677990337953e-05,4.62005060155039e-07,TRUE
GATAD2A,KNEE,rs8102502,1.1394635102821e-05,6.25384435651582e-07,TRUE
GATAD2A,KNEE,rs77616520,1.50677990337953e-05,4.46432461110921e-07,TRUE
GATAD2A,KNEE,rs77427798,1.39110096563054e-05,4.4619076459419e-07,TRUE
GATAD2A,KNEE,rs34067609,1.50677990337953e-05,4.51990633603291e-07,TRUE
GATAD2A,KNEE,rs10664406,1.1394635102821e-05,6.3250731395732e-07,TRUE
GATAD2A,KNEE,rs45556231,1.50677990337953e-05,4.52176863914531e-07,TRUE
GATAD2A,KNEE,rs11669558,1.45325746153058e-05,4.42760721184873e-07,TRUE
GATAD2A,KNEE,rs61744761,1.47585375581412e-05,5.12876356851405e-07,TRUE
GATAD2A,KNEE,rs1036215,1.41937572126693e-05,4.62689684199901e-07,TRUE
GATAD2A,KNEE,rs10402308,1.06772732822365e-05,1.23039919719491e-06,TRUE
GATAD2A,KNEE,rs7245983,1.18426618366798e-05,9.37606535360219e-07,TRUE
GATAD2A,KNEE,rs8109130,4.35079915958172e-06,2.01095795568583e-06,TRUE
GATAD2A,KNEE,rs8113107,3.61004688740201e-06,2.68901012466873e-06,TRUE
GATAD2A,KNEE,rs7249692,7.7592013166004e-06,6.63119865679299e-07,TRUE
GATAD2A,KNEE,rs6511040,4.42154793185866e-06,2.15134609723214e-06,TRUE
GATAD2A,KNEE,rs55955356,4.60629687380616e-06,2.19713473685189e-06,TRUE
GATAD2A,KNEE,rs8108705,7.77126102447753e-06,8.02628903869026e-07,TRUE
GATAD2A,KNEE,rs2872970,4.30138157488562e-06,2.04684213929999e-06,TRUE
GATAD2A,KNEE,rs8113221,4.30138157488562e-06,2.04805765587924e-06,TRUE
GATAD2A,KNEE,rs6511041,4.39617668893876e-06,2.22464597971391e-06,TRUE
GATAD2A,KNEE,rs62137778,3.63418601840604e-06,2.2572171766339e-06,TRUE
GATAD2A,KNEE,rs34623015,4.43403068945154e-06,2.23109102064674e-06,TRUE
GATAD2A,KNEE,rs72374527,4.4715446966606e-06,2.22013489162972e-06,TRUE
GATAD2A,KNEE,rs7252981,7.72002239852633e-06,6.24588719197841e-07,TRUE
GATAD2A,KNEE,rs7245672,6.70522947751156e-06,1.18130515451169e-06,TRUE
GATAD2A,KNEE,rs8099944,3.95482571946288e-06,2.00993252850235e-06,TRUE
GATAD2A,KNEE,rs10416924,4.14439793841305e-06,1.93651167290202e-06,TRUE
GATAD2A,KNEE,rs8110266,3.75542023773548e-06,2.05349370290039e-06,TRUE
GATAD2A,KNEE,rs6511046,4.2016202334804e-06,1.77536554860113e-06,TRUE
GATAD2A,KNEE,rs1054685,4.51896577259709e-06,2.60592408762715e-06,TRUE
GATAD2A,KNEE,rs45458192,4.75851793070867e-06,3.24172823319794e-07,TRUE
GATAD2A,KNEE,rs7248885,4.90541196906856e-06,9.48720697677243e-07,TRUE
BCL6,KNEE,rs115132457,0.00166116099595548,2.12348744388145e-06,TRUE
BCL6,KNEE,rs115774657,0.00166116099595548,3.9808991438402e-06,TRUE
ZNF853,KNEE,rs147888555,0.000343946002095497,1.10681490854429e-06,TRUE
ZNF853,KNEE,rs117903679,0.000343946002095497,1.11271048911676e-06,TRUE
ZNF853,KNEE,rs116982470,0.000387828340501623,3.12528461176155e-07,TRUE
ZNF853,KNEE,rs147028751,0.000387828340501623,3.19439111573134e-07,TRUE
PKNOX2,KNEE,rs7116245,0.000475203444011909,4.19681515248301e-06,TRUE
PKNOX2,KNEE,rs7116152,0.000469821333870086,4.3651204231559e-06,TRUE
PKNOX2,KNEE,rs7119150,0.000469821333870086,4.25197135095548e-06,TRUE
PKNOX2,KNEE,rs7119549,0.000469821333870086,4.16392855390696e-06,TRUE
PKNOX2,KNEE,rs7119377,0.000469821333870086,4.17682669869085e-06,TRUE
PKNOX2,KNEE,rs12146425,0.000469821333870086,4.17582196656404e-06,TRUE
PKNOX2,KNEE,rs12146636,0.000469821333870086,4.17374336606473e-06,TRUE
PKNOX2,KNEE,rs12146637,0.000469821333870086,4.17743329426656e-06,TRUE
PKNOX2,KNEE,rs12146563,0.000469821333870086,4.1773639857342e-06,TRUE
PKNOX2,KNEE,rs12146642,0.000469821333870086,5.31119355346089e-06,TRUE
ATF6,KNEE,rs12026445,6.63809203970321e-05,1.33585087819121e-07,TRUE
ATF6,KNEE,rs12025039,7.0915091876903e-05,2.52041891703968e-07,TRUE
ATF6,KNEE,rs35194821,4.86276577329347e-05,3.57310735413847e-07,TRUE
ATF6,KNEE,rs2271010,4.86276577329347e-05,3.62641437321933e-07,TRUE
ATF6,KNEE,rs16864153,4.86276577329347e-05,4.02106079727557e-07,TRUE
ATF6,KNEE,rs56371448,6.59115752809022e-05,1.05238270476757e-06,TRUE
ATF6,KNEE,rs4657099,6.59115752809022e-05,1.06635011768564e-06,TRUE
ATF6,KNEE,rs4657100,4.22838535137218e-05,4.22468825519303e-07,TRUE
ATF6,KNEE,rs6658423,4.51739582793273e-05,5.91663502490669e-07,TRUE
ATF6,KNEE,rs2089085,5.00803805948505e-05,5.98498388354569e-07,TRUE
ATF6,KNEE,rs12037266,5.00803805948505e-05,6.19547158928479e-07,TRUE
ATF6,KNEE,rs2340824,5.00803805948505e-05,6.19547158928479e-07,TRUE
ATF6,KNEE,rs6680543,5.00803805948505e-05,6.12594110725289e-07,TRUE
ATF6,KNEE,rs6669438,5.00803805948505e-05,6.12594110725289e-07,TRUE
ATF6,KNEE,rs2134692,4.51739582793273e-05,6.12594110725289e-07,TRUE
ATF6,KNEE,rs2271013,6.22934416158918e-05,1.14044187699766e-06,TRUE
ATF6,KNEE,rs12040648,6.22934416158918e-05,1.40524411470788e-06,TRUE
ATF6,KNEE,rs16845827,4.21815707351382e-05,6.84899602617287e-07,TRUE
ATF6,KNEE,rs60035080,6.22934416158918e-05,1.37901323195481e-06,TRUE
ATF6,KNEE,rs12045333,4.51739582793273e-05,6.12594110725289e-07,TRUE
ATF6,KNEE,rs12045480,4.51739582793273e-05,6.12594110725289e-07,TRUE
ATF6,KNEE,rs10664443,4.51739582793273e-05,6.12594110725289e-07,TRUE
ATF6,KNEE,rs10917955,6.22934416158918e-05,1.36529675465192e-06,TRUE
ATF6,KNEE,rs16846931,4.51739582793273e-05,6.12594110725289e-07,TRUE
ATF6,KNEE,rs3738326,4.4819907920367e-05,1.1286617478765e-06,TRUE
ATF6,KNEE,rs16847602,4.51739582793273e-05,6.12594110725289e-07,TRUE
ATF6,KNEE,rs77472058,6.95276487555959e-05,1.37901323195481e-06,TRUE
ATF6,KNEE,rs4657109,4.50435033408515e-05,6.36922943263243e-07,TRUE
ATF6,KNEE,rs10918004,6.22934416158918e-05,1.41642634376403e-06,TRUE
ATF6,KNEE,rs16849738,5.02426692984808e-05,6.35421854061004e-07,TRUE
ATF6,KNEE,rs56310275,6.22934416158918e-05,1.41441119715489e-06,TRUE
ATF6,KNEE,rs10494358,7.11542649170688e-05,1.41441119715489e-06,TRUE
ATF6,KNEE,rs113097465,4.50756075720566e-05,6.3522055234547e-07,TRUE
ATF6,KNEE,rs12405269,4.50435033408515e-05,6.35259261737085e-07,TRUE
ATF6,KNEE,rs12405533,4.46285225801091e-05,6.3489930991432e-07,TRUE
ATF6,KNEE,rs16849963,4.51739582793273e-05,6.34657464119483e-07,TRUE
ATF6,KNEE,rs12405111,4.50435033408515e-05,6.34651660386523e-07,TRUE
ATF6,KNEE,rs12405964,4.50435033408515e-05,6.34401906535447e-07,TRUE
ATF6,KNEE,rs12405965,4.50435033408515e-05,6.34401906535447e-07,TRUE
ATF6,KNEE,rs6695284,6.22934416158918e-05,1.41186632799758e-06,TRUE
ATF6,KNEE,rs2089083,4.46285225801091e-05,6.33624593592117e-07,TRUE
ATF6,KNEE,rs12403862,6.22934416158918e-05,1.42722612373964e-06,TRUE
ATF6,KNEE,rs4657110,4.46285225801091e-05,7.06943631762847e-07,TRUE
ATF6,KNEE,rs12029110,4.51739582793273e-05,6.28936056530409e-07,TRUE
ATF6,KNEE,rs76771026,4.46285225801091e-05,6.27946555729965e-07,TRUE
ATF6,KNEE,rs75466595,4.34989005784992e-05,6.0272147872257e-07,TRUE
ATF6,KNEE,rs16851622,4.46285225801091e-05,6.21420838852816e-07,TRUE
ATF6,KNEE,rs12032355,6.22934416158918e-05,1.39174871788061e-06,TRUE
ATF6,KNEE,rs12032366,4.46285225801091e-05,6.20737615960185e-07,TRUE
ATF6,KNEE,rs12033716,4.50435033408515e-05,6.20737615960185e-07,TRUE
ATF6,KNEE,rs12029558,4.46285225801091e-05,6.20762488632193e-07,TRUE
ATF6,KNEE,rs12035541,4.42717222409223e-05,6.18953824651e-07,TRUE
ATF6,KNEE,rs12030544,4.46285225801091e-05,6.18953824651e-07,TRUE
ATF6,KNEE,rs12031400,6.22934416158918e-05,1.38778281945312e-06,TRUE
ATF6,KNEE,rs76179126,4.46285225801091e-05,6.17258109963328e-07,TRUE
ATF6,KNEE,rs12029924,4.46285225801091e-05,6.16209206735254e-07,TRUE
ATF6,KNEE,rs4657114,4.46285225801091e-05,6.20981906694446e-07,TRUE
ATF6,KNEE,rs2340715,4.46285225801091e-05,6.90656845183213e-07,TRUE
ATF6,KNEE,rs7534981,4.46285225801091e-05,6.14801266595493e-07,TRUE
ATF6,KNEE,rs7513303,4.46285225801091e-05,6.22758355186964e-07,TRUE
ATF6,KNEE,rs1354370,4.51739582793273e-05,7.79015718582111e-07,TRUE
ATF6,KNEE,rs78192567,4.46285225801091e-05,7.7569920221772e-07,TRUE
ATF6,KNEE,rs7554111,4.46285225801091e-05,7.75519506426466e-07,TRUE
ATF6,KNEE,rs1006311,4.50435033408515e-05,7.75453195381182e-07,TRUE
ATF6,KNEE,rs10645413,4.46285225801091e-05,7.75446778333708e-07,TRUE
ATF6,KNEE,rs6672690,4.46285225801091e-05,7.75446778333708e-07,TRUE
ATF6,KNEE,rs1394068,6.92300081987183e-05,1.27907291708317e-06,TRUE
ATF6,KNEE,rs1394069,6.22934416158918e-05,1.59271763656699e-06,TRUE
ATF6,KNEE,rs55876359,4.46285225801091e-05,7.75371914741698e-07,TRUE
ATF6,KNEE,rs55832042,4.50435033408515e-05,7.75371914741698e-07,TRUE
ATF6,KNEE,rs6682575,4.50435033408515e-05,7.75371914741698e-07,TRUE
ATF6,KNEE,rs905596,4.46285225801091e-05,7.75386887170986e-07,TRUE
ATF6,KNEE,rs2340716,4.50435033408515e-05,6.90736353927459e-07,TRUE
ATF6,KNEE,rs16853714,4.46285225801091e-05,7.75386887170986e-07,TRUE
ATF6,KNEE,rs12407444,4.50435033408515e-05,7.75386887170986e-07,TRUE
ATF6,KNEE,rs76508876,4.46285225801091e-05,7.75386887170986e-07,TRUE
ATF6,KNEE,rs3817084,4.50435033408515e-05,7.75386887170986e-07,TRUE
ATF6,KNEE,rs12042546,4.50435033408515e-05,7.75386887170986e-07,TRUE
ATF6,KNEE,rs12044770,6.22934416158918e-05,1.59268123476735e-06,TRUE
ATF6,KNEE,rs12036441,6.22934416158918e-05,1.59268123476735e-06,TRUE
ATF6,KNEE,rs10918079,4.50435033408515e-05,7.26503108544218e-07,TRUE
ATF6,KNEE,rs12038469,4.50435033408515e-05,7.75386887170986e-07,TRUE
ATF6,KNEE,rs140091486,4.50435033408515e-05,7.75386887170986e-07,TRUE
ATF6,KNEE,rs75959317,4.46285225801091e-05,7.75386887170986e-07,TRUE
ATF6,KNEE,rs12409482,4.46285225801091e-05,7.75386887170986e-07,TRUE
ATF6,KNEE,rs12408365,4.46285225801091e-05,7.75386887170986e-07,TRUE
ATF6,KNEE,rs955852,6.22934416158918e-05,1.59268123476735e-06,TRUE
ATF6,KNEE,rs4657115,4.46285225801091e-05,7.6867880539072e-07,TRUE
ATF6,KNEE,rs77487627,4.46285225801091e-05,7.75386887170986e-07,TRUE
ATF6,KNEE,rs34527534,4.46285225801091e-05,7.75386887170986e-07,TRUE
ATF6,KNEE,rs12401299,4.14198629755135e-05,6.75390056478093e-07,TRUE
ATF6,KNEE,rs111567043,4.18333064157736e-05,6.75390056478093e-07,TRUE
ATF6,KNEE,rs112602134,4.14198629755135e-05,6.75390056478093e-07,TRUE
ATF6,KNEE,rs9729115,4.17123195146991e-05,6.75390056478093e-07,TRUE
ATF6,KNEE,rs9729669,4.18333064157736e-05,6.67797798585913e-07,TRUE
ATF6,KNEE,rs6670606,3.98467323060493e-05,6.79435941637038e-07,TRUE
ATF6,KNEE,rs12401450,4.08226152515467e-05,6.75390056478093e-07,TRUE
ATF6,KNEE,rs12401782,4.11857295901152e-05,6.75390056478093e-07,TRUE
ATF6,KNEE,rs7552420,4.33683629043237e-05,7.75386887170986e-07,TRUE
ATF6,KNEE,rs12022688,4.24528401287798e-05,7.75386887170986e-07,TRUE
ATF6,KNEE,rs10918103,4.30439385320029e-05,7.67625633588646e-07,TRUE
ATF6,KNEE,rs10918104,4.24528401287798e-05,7.60060848989205e-07,TRUE
ATF6,KNEE,rs16858058,4.27011318852571e-05,7.75386887170986e-07,TRUE
ATF6,KNEE,rs16858113,3.93626721899335e-05,6.75390056478093e-07,TRUE
ATF6,KNEE,rs12021822,3.97964247599396e-05,6.75390056478093e-07,TRUE
ATF6,KNEE,rs12023770,4.51739582793273e-05,7.75386887170986e-07,TRUE
ATF6,KNEE,rs12021568,4.46285225801091e-05,7.75386887170986e-07,TRUE
ATF6,KNEE,rs12022305,4.50435033408515e-05,7.75386887170986e-07,TRUE
ATF6,KNEE,rs12025560,7.11542649170688e-05,1.59268123476735e-06,TRUE
ATF6,KNEE,rs61174548,4.46285225801091e-05,7.75386887170986e-07,TRUE
ATF6,KNEE,rs957862,4.51739582793273e-05,6.82605766106945e-07,TRUE
ATF6,KNEE,rs1503816,4.46285225801091e-05,7.75386887170986e-07,TRUE
ATF6,KNEE,rs55828249,4.51739582793273e-05,7.75386887170986e-07,TRUE
ATF6,KNEE,rs12026254,4.51739582793273e-05,7.75386887170986e-07,TRUE
ATF6,KNEE,rs12028619,4.51739582793273e-05,7.75386887170986e-07,TRUE
ATF6,KNEE,rs7532457,6.22934416158918e-05,1.92507723226659e-06,TRUE
ATF6,KNEE,rs7542826,4.46285225801091e-05,1.00668900542751e-06,TRUE
ATF6,KNEE,rs10918124,4.50435033408515e-05,1.00668900542751e-06,TRUE
ATF6,KNEE,rs3820489,6.22934416158918e-05,1.92524097424675e-06,TRUE
ATF6,KNEE,rs4147177,4.46285225801091e-05,1.0069578364829e-06,TRUE
ATF6,KNEE,rs12030395,5.00998743339806e-05,1.0069578364829e-06,TRUE
ATF6,KNEE,rs7513427,4.46285225801091e-05,1.0069578364829e-06,TRUE
ATF6,KNEE,rs7523416,6.22934416158918e-05,1.92547022471746e-06,TRUE
ATF6,KNEE,rs12032568,4.50435033408515e-05,1.0069578364829e-06,TRUE
ATF6,KNEE,rs78671576,4.51739582793273e-05,1.0069578364829e-06,TRUE
ATF6,KNEE,rs2341469,4.35065620894472e-05,1.43614448719388e-06,TRUE
ATF6,KNEE,rs6687850,6.22934416158918e-05,1.92547022471746e-06,TRUE
ATF6,KNEE,rs6427634,6.22934416158918e-05,1.92547022471746e-06,TRUE
ATF6,KNEE,rs6427635,4.30303898813692e-05,1.0069602805662e-06,TRUE
ATF6,KNEE,rs6427636,4.50435033408515e-05,9.9152272330681e-07,TRUE
ATF6,KNEE,rs6427637,4.46285225801091e-05,1.10229178877543e-06,TRUE
ATF6,KNEE,rs71744277,4.39770397537593e-05,1.0072218146181e-06,TRUE
ATF6,KNEE,rs4657117,6.84684058734245e-05,1.92589601180129e-06,TRUE
ATF6,KNEE,rs12036425,4.36716948878382e-05,1.0072218146181e-06,TRUE
ATF6,KNEE,rs4625257,4.36716948878382e-05,1.0072218146181e-06,TRUE
ATF6,KNEE,rs12033967,4.39770397537593e-05,1.00708248851326e-06,TRUE
ATF6,KNEE,rs2341473,4.36716948878382e-05,7.75872500016481e-07,TRUE
ATF6,KNEE,rs4278352,4.37228490622605e-05,1.00708982122589e-06,TRUE
ATF6,KNEE,rs4657118,6.00470419155298e-05,1.92648564085961e-06,TRUE
ATF6,KNEE,rs7412625,4.41435553168995e-05,1.00744671216973e-06,TRUE
ATF6,KNEE,rs4233379,4.41435553168995e-05,1.00744671216973e-06,TRUE
ATF6,KNEE,rs4657120,6.00470419155298e-05,1.92648564085961e-06,TRUE
ATF6,KNEE,rs74530405,6.00470419155298e-05,1.92648564085961e-06,TRUE
ATF6,KNEE,rs7530408,4.39770397537593e-05,1.00729514801775e-06,TRUE
ATF6,KNEE,rs55741033,4.35111465783242e-05,1.00729514801775e-06,TRUE
ATF6,KNEE,rs2341476,4.36716948878382e-05,1.00729514801775e-06,TRUE
ATF6,KNEE,rs2341477,6.84684058734245e-05,1.91729608395507e-06,TRUE
ATF6,KNEE,rs7519012,4.41435553168995e-05,1.00998915009047e-06,TRUE
ATF6,KNEE,rs12040523,6.00470419155298e-05,1.97385345512287e-06,TRUE
ATF6,KNEE,rs56085642,5.85671649533163e-05,2.00355418512472e-06,TRUE
ATF6,KNEE,rs10753679,1.34550549721073e-05,3.09366166145673e-06,TRUE
ATF6,KNEE,rs5778241,1.33443110874113e-05,3.38386258086223e-06,TRUE
ATF6,KNEE,rs2341480,1.26579047790073e-05,2.30711183776906e-06,TRUE
ATF6,KNEE,rs201657381,1.33443110874113e-05,3.11113743685483e-06,TRUE
ATF6,KNEE,rs10800109,1.15189554297909e-05,2.30665071813737e-06,TRUE
ATF6,KNEE,rs12043145,4.62973758956547e-05,4.45669869813695e-07,TRUE
ATF6,KNEE,rs10918214,1.36138081541245e-05,3.09046587200106e-06,TRUE
ATF6,KNEE,rs10918215,1.33876887112205e-05,3.09023501328657e-06,TRUE
ATF6,KNEE,rs34703467,1.33576360262392e-05,3.46363330987571e-06,TRUE
ATF6,KNEE,rs7516104,1.15189554297909e-05,2.37210388758751e-06,TRUE
ATF6,KNEE,rs7514053,1.35702975060838e-05,3.51384242795796e-06,TRUE
ATF6,KNEE,rs12410839,4.62973758956547e-05,4.44777261728943e-07,TRUE
ATF6,KNEE,rs4570397,1.36138081541245e-05,3.08995493688834e-06,TRUE
ATF6,KNEE,rs2341481,1.33876887112205e-05,3.09773437922643e-06,TRUE
ATF6,KNEE,rs7511775,4.90436854440685e-05,3.54764252510148e-07,TRUE
ATF6,KNEE,rs16827987,1.1577288766954e-05,2.37167733016904e-06,TRUE
ATF6,KNEE,rs10918224,1.36138081541245e-05,3.16528116800625e-06,TRUE
ATF6,KNEE,rs10918225,1.36138081541245e-05,3.16528116800625e-06,TRUE
ATF6,KNEE,rs10753685,1.33876887112205e-05,3.16528116800625e-06,TRUE
ATF6,KNEE,rs10753686,1.36138081541245e-05,3.16528116800625e-06,TRUE
ATF6,KNEE,rs10918227,1.36138081541245e-05,3.0863820475792e-06,TRUE
ATF6,KNEE,rs12142836,1.33876887112205e-05,3.16528116800625e-06,TRUE
ATF6,KNEE,rs10737517,1.1577288766954e-05,2.33273939922849e-06,TRUE
ATF6,KNEE,rs4657125,1.36138081541245e-05,3.16513659130167e-06,TRUE
ATF6,KNEE,rs4657126,1.36138081541245e-05,3.16513659130167e-06,TRUE
ATF6,KNEE,rs4656337,4.62973758956547e-05,4.17799180272592e-07,TRUE
ATF6,KNEE,rs10159039,1.36138081541245e-05,3.08760606886425e-06,TRUE
ATF6,KNEE,rs4657127,1.1577288766954e-05,2.41222671272869e-06,TRUE
ATF6,KNEE,rs12048680,4.97754378872028e-05,4.49836188354734e-07,TRUE
ATF6,KNEE,rs10800137,1.31978031386946e-05,3.08760606886425e-06,TRUE
ATF6,KNEE,rs10733046,1.33876887112205e-05,3.21198142542564e-06,TRUE
ATF6,KNEE,rs10800151,7.68628577863988e-06,6.54888875896813e-06,TRUE
ATF6,KNEE,rs10918270,7.68628577863988e-06,5.52231548616081e-06,TRUE
ATF6,KNEE,rs12562272,1.36138081541245e-05,3.46341432111731e-06,TRUE
ATF6,KNEE,rs12096504,1.33876887112205e-05,3.16513659130167e-06,TRUE
ATF6,KNEE,rs10918279,1.1577288766954e-05,2.37126360636585e-06,TRUE
ATF6,KNEE,rs10800157,1.33811197368223e-05,3.4446782666573e-06,TRUE
ATF6,KNEE,rs57269872,6.5286884072712e-05,1.66191009149313e-06,TRUE
ATF6,KNEE,rs2341470,1.30437766286079e-05,2.73794109292716e-06,TRUE
ATF6,KNEE,rs2341471,7.91884789121606e-06,6.4873394372837e-06,TRUE
ATF6,KNEE,rs9283413,1.37738180687621e-05,3.2850610292858e-06,TRUE
ATF6,KNEE,rs9287066,1.35544473670028e-05,3.28513816244088e-06,TRUE
ATF6,KNEE,rs7514226,1.32839082085287e-05,3.2841850517932e-06,TRUE
ATF6,KNEE,rs6695574,1.37738180687621e-05,3.58885337205797e-06,TRUE
ATF6,KNEE,rs9482,1.35544473670028e-05,3.55453871835972e-06,TRUE
ATF6,KNEE,rs13401,1.35544473670028e-05,3.62282628724513e-06,TRUE
ATF6,KNEE,rs1136046,4.90436854440685e-05,2.33043599707821e-07,TRUE
ATF6,KNEE,rs2499854,7.78894184063111e-06,5.19949845495482e-06,TRUE
ATF6,KNEE,rs2490442,1.37565566095379e-05,5.2264737707019e-06,TRUE
ATF6,KNEE,rs2499852,1.3586533441965e-05,5.24086615214676e-06,TRUE
ATF6,KNEE,rs2499850,1.3586533441965e-05,5.24969141810951e-06,TRUE
ATF6,KNEE,rs3795649,7.74803863693418e-06,6.55468209257618e-06,TRUE
ATF6,KNEE,rs2499848,1.37565566095379e-05,5.2510768627057e-06,TRUE
ATF6,KNEE,rs10737521,7.74803863693418e-06,5.82397077919531e-06,TRUE
ATF6,KNEE,rs2499847,1.3586533441965e-05,5.30263421795308e-06,TRUE
ATF6,KNEE,rs2499846,1.37565566095379e-05,5.41461731480331e-06,TRUE
ATF6,KNEE,rs12404636,5.44929632460308e-05,6.46060190715874e-07,TRUE
ATF6,KNEE,rs9783050,6.76015990915972e-06,4.997808856252e-06,TRUE
ATF6,KNEE,rs9783069,6.88820532301189e-06,5.01322529500651e-06,TRUE
ATF6,KNEE,rs12404798,4.1573810429393e-05,6.91193511430782e-08,TRUE
TCF7L1,COX,rs62165586,6.98384047103583e-05,3.49629882949358e-07,TRUE
TCF7L1,COX,rs11689554,6.44388481066635e-05,5.75726963834697e-07,TRUE
TCF7L1,COX,rs11674371,6.75444022110732e-05,6.02801638094461e-07,TRUE
TCF7L1,COX,rs723465,6.47802796438234e-05,6.47907898291701e-07,TRUE
TCF7L1,COX,rs62165588,6.99297674241935e-05,2.27338371743603e-06,TRUE
TCF7L1,COX,rs62165589,6.99297674241935e-05,2.27391602830841e-06,TRUE
TCF7L1,COX,rs75339461,0.000110293290374573,6.81733023896033e-08,TRUE
TCF7L1,COX,rs11675205,9.90730268271287e-05,1.90751582919814e-08,TRUE
TCF7L1,COX,rs11291124,0.000121120723702646,1.68173348232674e-08,TRUE
TCF7L1,COX,rs1012256,0.000121120723702646,1.27436841036775e-09,TRUE
TCF7L1,COX,rs6752527,0.000121679425900758,9.2827902518911e-09,TRUE
TCF7L1,COX,rs6719095,4.63137594436198e-05,3.09837726364036e-07,TRUE
TCF7L1,COX,rs62165594,8.64849326796885e-05,6.42631616589628e-07,TRUE
TCF7L1,COX,rs17763748,0.000117888606548005,8.46340759823283e-07,TRUE
TCF7L1,COX,rs62165595,8.64849326796885e-05,5.84926721036745e-07,TRUE
TCF7L1,COX,rs17763853,0.000117888606548005,8.81481771383484e-07,TRUE
TCF7L1,COX,rs7581133,8.64849326796885e-05,6.46092667502169e-07,TRUE
TCF7L1,COX,rs11684211,0.000117888606548005,8.86055273926238e-07,TRUE
TCF7L1,COX,rs79026474,0.000181622916403714,2.64778691559351e-06,TRUE
TCF7L1,COX,rs72840024,0.000112238239562808,8.10226483574948e-07,TRUE
TCF7L1,COX,rs11674662,9.21899441312106e-05,1.2114529464564e-08,TRUE
TCF7L1,COX,rs2366264,9.35429823215802e-05,3.75470519466486e-07,TRUE
TCF7L1,COX,rs1991738,9.35257445823647e-05,3.75521708034073e-07,TRUE
TCF7L1,COX,rs35687745,8.74381840274105e-05,3.80316874175908e-07,TRUE
TCF7L1,COX,rs11689667,0.000125629349112222,2.38069060038706e-07,TRUE
TCF7L1,COX,rs6547607,8.9780195943093e-05,3.74202747429484e-07,TRUE
TCF7L1,COX,rs883650,0.000127072684713053,2.65099172378999e-07,TRUE
TCF7L1,COX,rs883651,8.9780195943093e-05,3.91857450042847e-07,TRUE
TCF7L1,COX,rs908301,9.00065061552224e-05,3.83824535618642e-07,TRUE
TCF7L1,COX,rs882883,9.22240276777526e-05,3.86126014083204e-07,TRUE
TCF7L1,COX,rs1554109,9.22240276777526e-05,4.17253380876237e-07,TRUE
TCF7L1,COX,rs7340255,9.68666922572153e-05,4.70233558246549e-07,TRUE
TCF7L1,COX,rs11675489,0.000123239400198197,3.3013149298306e-07,TRUE
TCF7L1,COX,rs62162671,0.000110224062514037,4.10055748498484e-09,TRUE
TCF7L1,COX,rs11686782,9.65009798604465e-05,4.72020450617285e-07,TRUE
TCF7L1,COX,rs55654088,9.75852908559106e-05,1.00886058877654e-08,TRUE
TCF7L1,COX,rs7340132,8.98790769800605e-05,2.91453074262831e-09,TRUE
TCF7L1,COX,rs12714137,0.000218559992498244,3.22189535714784e-06,TRUE
TCF7L1,COX,rs12714138,5.10103586373218e-05,1.06736697289152e-05,TRUE
TCF7L1,COX,rs6745529,0.000129786300635524,2.14696935680722e-07,TRUE
TCF7L1,COX,rs4832151,8.60005183518672e-05,1.63124069034955e-05,TRUE
TCF7L1,COX,rs4346385,4.99955836272534e-05,1.09100768718385e-05,TRUE
TCF7L1,COX,rs6733190,0.000129786300635524,2.26553429589038e-07,TRUE
TCF7L1,COX,rs6736348,8.55621190401263e-05,1.62865207582269e-05,TRUE
TCF7L1,COX,rs6736366,5.11110473567307e-05,1.08812258191096e-05,TRUE
TCF7L1,COX,rs11126990,5.11110473567307e-05,1.13772680310388e-05,TRUE
TCF7L1,COX,rs4832153,9.65636792615285e-05,1.81125220518254e-05,TRUE
TCF7L1,COX,rs6547608,9.54443120090956e-05,2.81221465223213e-06,TRUE
TCF7L1,COX,rs34644194,9.64884005636186e-05,4.29573022325098e-06,TRUE
TCF7L1,COX,rs7601117,9.7518591102031e-05,4.21990052392245e-06,TRUE
TCF7L1,COX,rs7574856,4.29413904645414e-05,1.55209227600254e-06,TRUE
TCF7L1,COX,rs7574999,8.12024735330606e-05,1.62131694492945e-08,TRUE
TCF7L1,COX,rs6547609,5.28709388295123e-05,1.4784873473405e-06,TRUE
TCF7L1,COX,rs6719501,5.28709388295123e-05,1.68919767530617e-06,TRUE
TCF7L1,COX,rs62162679,0.000114759151952575,7.05162527120471e-07,TRUE
GATAD2A,COX,rs10402294,5.37836317506007e-06,5.5159878383531e-06,FALSE
GATAD2A,COX,rs111492783,1.66243832058049e-05,5.15203079367861e-06,TRUE
GATAD2A,COX,rs112219496,1.39395047154999e-05,3.80945603249893e-06,TRUE
GATAD2A,COX,rs111444407,1.39395047154999e-05,4.23070890442472e-06,TRUE
GATAD2A,COX,rs7253952,1.0095299062209e-05,2.16406175142767e-07,TRUE
GATAD2A,COX,rs4808931,9.17154845685342e-06,4.92000256016943e-07,TRUE
GATAD2A,COX,rs4808932,1.21179073018419e-05,5.19590365016937e-06,TRUE
GATAD2A,COX,rs8108777,1.21179073018419e-05,5.19201783932611e-06,TRUE
GATAD2A,COX,rs1064395,1.21179073018419e-05,5.27754803392775e-06,TRUE
GATAD2A,COX,rs10407933,1.18248670047045e-05,4.32204733120037e-06,TRUE
GATAD2A,COX,rs17216041,1.52299871236438e-05,3.22114358292893e-06,TRUE
GATAD2A,COX,rs56044734,1.40121568045141e-05,6.00207636523024e-06,TRUE
GATAD2A,COX,rs56278919,1.52299871236438e-05,3.86634627736126e-06,TRUE
GATAD2A,COX,rs55765017,1.52299871236438e-05,3.86634627736126e-06,TRUE
GATAD2A,COX,rs56144632,1.52299871236438e-05,3.86634627736126e-06,TRUE
GATAD2A,COX,rs2074295,9.78198883103957e-06,4.81373318504264e-07,TRUE
GATAD2A,COX,rs4808934,1.09986464190164e-05,5.0563679486279e-06,TRUE
GATAD2A,COX,rs7257875,1.16717467465255e-05,4.94315417957051e-06,TRUE
GATAD2A,COX,rs2074296,1.12609240304037e-05,4.4492004933624e-06,TRUE
GATAD2A,COX,rs8105094,1.13327238713698e-05,9.52386100776502e-07,TRUE
GATAD2A,COX,rs8105984,1.13327238713698e-05,9.72056875865096e-07,TRUE
GATAD2A,COX,rs72999053,1.50743181285093e-05,3.98756374410054e-06,TRUE
GATAD2A,COX,rs10426780,1.0312551253999e-05,5.13627986100896e-06,TRUE
GATAD2A,COX,rs72999059,1.52323868321451e-05,3.27504980846629e-06,TRUE
GATAD2A,COX,rs998732,1.50743181285093e-05,3.53422920602205e-06,TRUE
GATAD2A,COX,rs72999063,1.40040736971063e-05,5.47016782909163e-06,TRUE
GATAD2A,COX,rs2074299,1.06505147733509e-05,5.15996397095617e-06,TRUE
GATAD2A,COX,rs72999068,1.37986918323749e-05,3.50815742971171e-06,TRUE
GATAD2A,COX,rs2074300,1.07440610990614e-05,5.5103732013558e-07,TRUE
GATAD2A,COX,rs2074301,1.07440610990614e-05,5.55952324836529e-07,TRUE
GATAD2A,COX,rs2074303,1.05938210283681e-05,5.15922145380066e-06,TRUE
GATAD2A,COX,rs55822665,1.37986918323749e-05,3.5106849502802e-06,TRUE
GATAD2A,COX,rs10419245,1.05938210283681e-05,5.16360307730551e-06,TRUE
GATAD2A,COX,rs735273,1.08660632065296e-05,5.58213561126059e-06,TRUE
GATAD2A,COX,rs8103496,1.08660632065296e-05,5.69004081472108e-06,TRUE
GATAD2A,COX,rs11448733,1.426399042347e-05,4.11260257661397e-06,TRUE
GATAD2A,COX,rs11882123,1.08660632065296e-05,5.69019675556332e-06,TRUE
GATAD2A,COX,rs2017964,1.08013607075858e-05,5.66465101771712e-06,TRUE
GATAD2A,COX,rs2010506,1.52701002789078e-05,4.17572609390882e-06,TRUE
GATAD2A,COX,rs2074550,1.09133243357651e-05,6.06532958131023e-06,TRUE
GATAD2A,COX,rs11555053,1.41364372144357e-05,4.1590817225699e-06,TRUE
GATAD2A,COX,rs8101938,1.10124972002917e-05,5.66659607812508e-06,TRUE
GATAD2A,COX,rs2301784,1.10124972002917e-05,5.66682950781029e-06,TRUE
GATAD2A,COX,rs6511026,1.08660632065296e-05,5.66636265324764e-06,TRUE
GATAD2A,COX,rs6511027,1.40324570274405e-05,5.41480476775096e-06,TRUE
GATAD2A,COX,rs2269873,1.08660632065296e-05,5.58367106555966e-06,TRUE
GATAD2A,COX,rs144703713,9.68717589403583e-06,5.93482083140675e-07,TRUE
GATAD2A,COX,rs8113794,1.3993353188656e-05,4.12845699159447e-06,TRUE
GATAD2A,COX,rs8100713,1.35304216994868e-05,4.47928447266208e-06,TRUE
GATAD2A,COX,rs8100097,1.54032119031348e-05,4.33524561615931e-06,TRUE
GATAD2A,COX,rs10407952,1.0953014874417e-05,6.59555126997818e-06,TRUE
GATAD2A,COX,rs56212061,1.43118028081285e-05,5.65683390051352e-06,TRUE
GATAD2A,COX,rs6511028,1.0953014874417e-05,6.50782996202764e-06,TRUE
GATAD2A,COX,rs7254748,1.0953014874417e-05,6.47077730594851e-06,TRUE
GATAD2A,COX,rs4808937,1.0953014874417e-05,6.47002816869742e-06,TRUE
GATAD2A,COX,rs4808938,1.0953014874417e-05,6.46482664261737e-06,TRUE
GATAD2A,COX,rs10409234,1.0953014874417e-05,6.46220562719279e-06,TRUE
GATAD2A,COX,rs2023882,1.0953014874417e-05,6.50177958641115e-06,TRUE
GATAD2A,COX,rs2023883,1.0647966269891e-05,8.09666229201963e-07,TRUE
GATAD2A,COX,rs11666553,9.95631752800084e-06,8.05260936711474e-07,TRUE
GATAD2A,COX,rs35534408,1.0953014874417e-05,6.38078890239341e-06,TRUE
GATAD2A,COX,rs4808939,1.10606191194595e-05,4.88964488767086e-06,TRUE
GATAD2A,COX,rs4808193,1.09700230914391e-05,6.43809773979825e-06,TRUE
GATAD2A,COX,rs4808941,1.09700230914391e-05,6.3430636419222e-06,TRUE
GATAD2A,COX,rs17751061,1.57377974168696e-05,3.7580417701912e-06,TRUE
GATAD2A,COX,rs2315022,1.10154772535422e-05,6.10918765557435e-06,TRUE
GATAD2A,COX,rs2315023,1.57995637975329e-05,4.07246195943472e-06,TRUE
GATAD2A,COX,rs2301786,1.0953014874417e-05,6.31017641803942e-06,TRUE
GATAD2A,COX,rs1010207,1.0953014874417e-05,6.29784976848961e-06,TRUE
GATAD2A,COX,rs76944848,1.57377974168696e-05,3.87599240690942e-06,TRUE
GATAD2A,COX,rs12983137,9.95631752800084e-06,8.37077973115461e-07,TRUE
GATAD2A,COX,rs113145184,1.57995637975329e-05,3.28322352960104e-06,TRUE
GATAD2A,COX,rs4808942,1.0953014874417e-05,6.28234806147869e-06,TRUE
GATAD2A,COX,rs1859287,1.01014338461439e-05,9.41517121900886e-07,TRUE
GATAD2A,COX,rs2285859,1.15331760381304e-05,6.01686933014138e-06,TRUE
GATAD2A,COX,rs3216939,1.07201656866608e-05,7.90524878370106e-07,TRUE
GATAD2A,COX,rs80146298,1.57377974168696e-05,3.91059304541843e-06,TRUE
GATAD2A,COX,rs2315025,1.0953014874417e-05,6.26937582218064e-06,TRUE
GATAD2A,COX,rs4808944,1.57995637975329e-05,4.15153314603338e-06,TRUE
GATAD2A,COX,rs8108647,1.0251612545423e-05,1.67567256279546e-06,TRUE
GATAD2A,COX,rs12976025,1.07201656866608e-05,7.85646881200116e-07,TRUE
GATAD2A,COX,rs111834969,1.57995637975329e-05,4.15153314603338e-06,TRUE
GATAD2A,COX,rs57436187,1.57995637975329e-05,4.15153314603338e-06,TRUE
GATAD2A,COX,rs12460764,1.11414729514225e-05,6.63739556957713e-06,TRUE
GATAD2A,COX,rs10402661,9.95631752800084e-06,8.92620174230439e-07,TRUE
GATAD2A,COX,rs7246748,1.11414729514225e-05,6.63739556957713e-06,TRUE
GATAD2A,COX,rs7254230,1.11414729514225e-05,6.63739556957713e-06,TRUE
GATAD2A,COX,rs4808194,1.0647966269891e-05,8.43893939340872e-07,TRUE
GATAD2A,COX,rs4239639,1.51988226719144e-05,4.27896867164415e-06,TRUE
GATAD2A,COX,rs3764567,1.20041334760878e-05,4.97737360092508e-06,TRUE
GATAD2A,COX,rs1009136,1.04222241492942e-05,6.91308351759925e-06,TRUE
GATAD2A,COX,rs67720221,1.12535365262398e-05,4.65707958942097e-06,TRUE
GATAD2A,COX,rs12985655,1.11414729514225e-05,5.78799250224562e-06,TRUE
GATAD2A,COX,rs1557723,1.3374348718819e-05,3.34202420326549e-06,TRUE
GATAD2A,COX,rs10640109,1.12201784039868e-05,4.37204718015154e-06,TRUE
GATAD2A,COX,rs8103197,1.11414729514225e-05,5.78799250224562e-06,TRUE
GATAD2A,COX,rs2011503,1.51988226719144e-05,3.33540933222582e-06,TRUE
GATAD2A,COX,rs11085259,1.06838842314641e-05,8.32704052804221e-07,TRUE
GATAD2A,COX,rs769267,1.20480376437173e-05,5.07167171087176e-06,TRUE
GATAD2A,COX,rs1989867,1.51988226719144e-05,3.34202420326549e-06,TRUE
GATAD2A,COX,rs756999,1.35555390317629e-05,3.34202420326549e-06,TRUE
GATAD2A,COX,rs757000,1.06838842314641e-05,8.43842360566204e-07,TRUE
GATAD2A,COX,rs757001,1.06838842314641e-05,8.43842360566204e-07,TRUE
GATAD2A,COX,rs2074089,1.14202181871859e-05,5.79715324409194e-06,TRUE
GATAD2A,COX,rs2074090,1.11414729514225e-05,5.7879127637396e-06,TRUE
GATAD2A,COX,rs2074091,1.10710499779913e-05,5.7879127637396e-06,TRUE
GATAD2A,COX,rs2965190,1.3436575860495e-05,3.34219874940072e-06,TRUE
GATAD2A,COX,rs2301668,1.06838842314641e-05,8.43842360566204e-07,TRUE
GATAD2A,COX,rs7250368,9.93784242156427e-06,8.97001931183592e-07,TRUE
GATAD2A,COX,rs2965191,1.11414729514225e-05,5.78807224130089e-06,TRUE
GATAD2A,COX,rs2301669,1.11414729514225e-05,5.78807224130089e-06,TRUE
GATAD2A,COX,rs2965193,1.07812707462452e-05,6.05310803403755e-06,TRUE
GATAD2A,COX,rs2905421,1.2325550841416e-05,6.15025352254368e-06,TRUE
GATAD2A,COX,rs968525,1.05901808853684e-05,8.994404328309e-07,TRUE
GATAD2A,COX,rs10421505,8.48589445373861e-06,1.83889606055115e-06,TRUE
GATAD2A,COX,rs12982276,8.48589445373861e-06,1.83889606055115e-06,TRUE
GATAD2A,COX,rs2965194,1.51988226719144e-05,3.34219874940072e-06,TRUE
GATAD2A,COX,rs2905422,1.40980193314528e-05,3.06861988026239e-06,TRUE
GATAD2A,COX,rs12459854,1.11970217849586e-05,5.57470457533871e-06,TRUE
GATAD2A,COX,rs11085260,1.44289321170412e-05,3.83339181760051e-06,TRUE
GATAD2A,COX,rs11085261,1.00170785970786e-05,9.52834232948433e-07,TRUE
GATAD2A,COX,rs2965195,1.32679924167879e-05,3.35102260549819e-06,TRUE
GATAD2A,COX,rs9304960,1.06838842314641e-05,8.81193498305084e-07,TRUE
GATAD2A,COX,rs2301671,1.00170785970786e-05,9.35479659944038e-07,TRUE
GATAD2A,COX,rs2285626,1.56780210868483e-05,7.76161721081859e-06,TRUE
GATAD2A,COX,rs2285627,1.17713998505126e-05,3.59405424385155e-06,TRUE
GATAD2A,COX,rs15622,1.11414729514225e-05,5.86300724899742e-06,TRUE
GATAD2A,COX,rs10403731,1.00706963295548e-05,9.36641325054159e-07,TRUE
GATAD2A,COX,rs1985109,1.22314557254228e-05,3.14675330369202e-06,TRUE
GATAD2A,COX,rs2860494,1.32992699071889e-05,3.34512307472676e-06,TRUE
GATAD2A,COX,rs2965197,1.14918572527788e-05,5.86517423928715e-06,TRUE
GATAD2A,COX,rs10419672,9.71898895678213e-06,1.86697768680169e-06,TRUE
GATAD2A,COX,rs6511029,1.31368737281531e-05,5.10815979555366e-06,TRUE
GATAD2A,COX,rs6511030,1.11414729514225e-05,5.93278409149044e-06,TRUE
GATAD2A,COX,rs6511031,1.35555390317629e-05,3.34346434519096e-06,TRUE
GATAD2A,COX,rs6511032,1.13845225558837e-05,5.91186178096578e-06,TRUE
GATAD2A,COX,rs2905423,1.13845225558837e-05,5.93539618956834e-06,TRUE
GATAD2A,COX,rs2965198,1.1232011042693e-05,5.40780656424336e-06,TRUE
GATAD2A,COX,rs2905424,1.12431218641109e-05,5.61382017153753e-06,TRUE
GATAD2A,COX,rs2965199,1.12638762286016e-05,5.75913020559277e-06,TRUE
GATAD2A,COX,rs7258508,1.09224699120864e-05,9.34317331192057e-07,TRUE
GATAD2A,COX,rs2965200,1.13436081544035e-05,7.80082703491212e-06,TRUE
GATAD2A,COX,rs4808196,1.25654447286934e-05,2.02000160077311e-06,TRUE
GATAD2A,COX,rs8101499,1.22254089346779e-05,7.67745297826606e-06,TRUE
GATAD2A,COX,rs146758447,1.32729478918445e-05,3.35557102371386e-06,TRUE
GATAD2A,COX,rs2905426,1.19457707741137e-05,5.91025112999557e-06,TRUE
GATAD2A,COX,rs2905427,1.19457707741137e-05,6.95913626961228e-06,TRUE
GATAD2A,COX,rs2965201,1.50677990337953e-05,3.36938262435911e-06,TRUE
GATAD2A,COX,rs2074088,1.18238288166064e-05,7.84436988872658e-06,TRUE
GATAD2A,COX,rs2315279,1.18238288166064e-05,7.90547816376395e-06,TRUE
GATAD2A,COX,rs2315281,1.18238288166064e-05,7.88328243645904e-06,TRUE
GATAD2A,COX,rs2315282,1.27275588389335e-05,3.41719976948291e-06,TRUE
GATAD2A,COX,rs2315283,1.18238288166064e-05,7.88409581961287e-06,TRUE
GATAD2A,COX,rs34538000,1.18238288166064e-05,8.00938504577485e-06,TRUE
GATAD2A,COX,rs2965175,1.18238288166064e-05,8.00938504577485e-06,TRUE
GATAD2A,COX,rs2905430,1.18577722139287e-05,7.87743665196636e-06,TRUE
GATAD2A,COX,rs2905431,1.18577722139287e-05,7.9565056989732e-06,TRUE
GATAD2A,COX,rs2965178,1.27275588389335e-05,3.36163012064637e-06,TRUE
GATAD2A,COX,rs59148799,1.9512971498484e-05,6.4012969450189e-06,TRUE
GATAD2A,COX,rs2905432,1.20039015426839e-05,6.96203072696259e-06,TRUE
GATAD2A,COX,rs35418933,1.21254425921781e-05,7.93060150818388e-06,TRUE
GATAD2A,COX,rs12973258,1.31281439492337e-05,1.42612737123077e-06,TRUE
GATAD2A,COX,rs34169314,1.50195105899393e-05,3.1693408482148e-06,TRUE
GATAD2A,COX,rs2905433,1.50677990337953e-05,3.36163012064637e-06,TRUE
GATAD2A,COX,rs2905434,1.50677990337953e-05,3.36163012064637e-06,TRUE
GATAD2A,COX,rs2965180,1.21254425921781e-05,7.85656170741348e-06,TRUE
GATAD2A,COX,rs10406278,1.50677990337953e-05,3.36163012064637e-06,TRUE
GATAD2A,COX,rs2905435,1.21530470210803e-05,6.57709335786373e-06,TRUE
GATAD2A,COX,rs2965186,1.50677990337953e-05,3.06647483475086e-06,TRUE
GATAD2A,COX,rs10408875,2.08665423184493e-05,6.05561412110087e-06,TRUE
GATAD2A,COX,rs17288409,1.39176716978304e-05,1.8818040932767e-06,TRUE
GATAD2A,COX,rs10415849,2.08665423184493e-05,5.09948432540781e-06,TRUE
GATAD2A,COX,rs8111093,1.50677990337953e-05,3.36245807400659e-06,TRUE
GATAD2A,COX,rs56241616,2.08665423184493e-05,6.14416461982308e-06,TRUE
GATAD2A,COX,rs10424702,1.86372860059034e-05,3.59202115866519e-06,TRUE
GATAD2A,COX,rs34487417,1.50677990337953e-05,3.36468328313412e-06,TRUE
GATAD2A,COX,rs2965181,1.49748381294571e-05,3.33148804967311e-06,TRUE
GATAD2A,COX,rs2965179,1.50677990337953e-05,3.36245807400659e-06,TRUE
GATAD2A,COX,rs35455954,1.22850084570649e-05,7.66774475497559e-06,TRUE
GATAD2A,COX,rs56218506,1.50677990337953e-05,3.36245807400659e-06,TRUE
GATAD2A,COX,rs12983940,1.43668472657939e-05,1.31657516445105e-06,TRUE
GATAD2A,COX,rs2916068,1.24647953773787e-05,6.42732190884998e-06,TRUE
GATAD2A,COX,rs140702307,1.28848543223338e-05,5.5939519457031e-06,TRUE
GATAD2A,COX,rs4808950,1.39400741191167e-05,1.3218580850366e-06,TRUE
GATAD2A,COX,rs2965189,1.23297695399662e-05,6.42732190884998e-06,TRUE
GATAD2A,COX,rs2916069,1.23297695399662e-05,6.42732190884998e-06,TRUE
GATAD2A,COX,rs35494426,1.41076533075808e-05,3.35308657541483e-06,TRUE
GATAD2A,COX,rs138179252,1.50614474738335e-05,3.09231099635814e-06,TRUE
GATAD2A,COX,rs2060276,1.50614474738335e-05,3.09231099635814e-06,TRUE
GATAD2A,COX,rs2965188,1.22850084570649e-05,7.70495145214159e-06,TRUE
GATAD2A,COX,rs2916070,1.50677990337953e-05,3.49650866043544e-06,TRUE
GATAD2A,COX,rs2916072,1.50677990337953e-05,3.07570632181624e-06,TRUE
GATAD2A,COX,rs2965185,1.21122933448317e-05,1.50125291306372e-05,FALSE
GATAD2A,COX,rs544123450,1.19640816428836e-05,3.83244486264357e-06,TRUE
GATAD2A,COX,rs2916073,1.23297695399662e-05,6.36323988017789e-06,TRUE
GATAD2A,COX,rs1469713,1.23297695399662e-05,6.59789214439258e-06,TRUE
GATAD2A,COX,rs1469712,1.22850084570649e-05,7.6963689639105e-06,TRUE
GATAD2A,COX,rs2916074,1.23297695399662e-05,6.50479329305872e-06,TRUE
GATAD2A,COX,rs11668203,1.10506759677901e-05,3.48479171671106e-06,TRUE
GATAD2A,COX,rs11668386,2.73186572604208e-05,5.33695238919792e-06,TRUE
GATAD2A,COX,rs11669516,1.40255366452361e-05,1.15120452191124e-06,TRUE
GATAD2A,COX,rs4808198,1.22850084570649e-05,7.58959298611376e-06,TRUE
GATAD2A,COX,rs8182472,2.42675357044274e-05,6.11008637324403e-06,TRUE
GATAD2A,COX,rs111492959,1.41076533075808e-05,3.26879239900357e-06,TRUE
GATAD2A,COX,rs2060274,1.50677990337953e-05,3.3492153099646e-06,TRUE
GATAD2A,COX,rs4808199,1.40617172493898e-05,1.75120158539562e-06,TRUE
GATAD2A,COX,rs2965184,1.50677990337953e-05,4.72167244927673e-06,TRUE
GATAD2A,COX,rs2965183,1.23297695399662e-05,6.07773350761383e-06,TRUE
GATAD2A,COX,rs2916076,1.23297695399662e-05,6.15469364365913e-06,TRUE
GATAD2A,COX,rs34647936,1.40255366452361e-05,1.21752040984211e-06,TRUE
GATAD2A,COX,rs2965182,1.23297695399662e-05,6.48477837471142e-06,TRUE
GATAD2A,COX,rs79954596,2.07197413845381e-05,4.07679648258738e-06,TRUE
GATAD2A,COX,rs12975119,1.23297695399662e-05,6.06294962244272e-06,TRUE
GATAD2A,COX,rs4808955,1.36113306967948e-05,7.14845228497613e-06,TRUE
GATAD2A,COX,rs10408401,1.22850084570649e-05,7.26852130121654e-06,TRUE
GATAD2A,COX,rs80200208,1.50677990337953e-05,3.94014757416626e-06,TRUE
GATAD2A,COX,rs4808200,1.36113306967948e-05,7.15038378842832e-06,TRUE
GATAD2A,COX,rs34349730,1.35086438841651e-05,7.14845228497613e-06,TRUE
GATAD2A,COX,rs10410664,1.22850084570649e-05,7.24035519022335e-06,TRUE
GATAD2A,COX,rs60003758,1.39176716978304e-05,1.67254877144258e-06,TRUE
GATAD2A,COX,rs8105642,1.50677990337953e-05,3.3496957377572e-06,TRUE
GATAD2A,COX,rs8110250,1.48692162915626e-05,3.35582005240464e-06,TRUE
GATAD2A,COX,rs8110171,1.50677990337953e-05,3.3496957377572e-06,TRUE
GATAD2A,COX,rs34027746,1.23297695399662e-05,6.06286698908342e-06,TRUE
GATAD2A,COX,rs66540442,1.48584344282867e-05,4.04660986241321e-07,TRUE
GATAD2A,COX,rs10414830,1.22850084570649e-05,7.20815072273411e-06,TRUE
GATAD2A,COX,rs12972397,1.39176716978304e-05,2.01660340629127e-06,TRUE
GATAD2A,COX,rs1560687,1.50677990337953e-05,3.38701173862466e-06,TRUE
GATAD2A,COX,rs147292290,1.52683682831539e-05,3.35218242177174e-06,TRUE
GATAD2A,COX,rs147477831,1.23297695399662e-05,2.03301927555184e-06,TRUE
GATAD2A,COX,rs113980591,1.41076533075808e-05,3.09143599836732e-06,TRUE
GATAD2A,COX,rs113841472,1.50677990337953e-05,2.90508980935254e-06,TRUE
GATAD2A,COX,rs7256149,1.22487242125086e-05,7.26720438752553e-06,TRUE
GATAD2A,COX,rs4808957,1.22487242125086e-05,7.26720438752553e-06,TRUE
GATAD2A,COX,rs12977524,1.43117796014871e-05,1.29371011863478e-06,TRUE
GATAD2A,COX,rs4808202,1.22487242125086e-05,7.26711410365875e-06,TRUE
GATAD2A,COX,rs4808203,1.36817124059023e-05,7.17374861689758e-06,TRUE
GATAD2A,COX,rs75582668,1.50677990337953e-05,3.35200765316098e-06,TRUE
GATAD2A,COX,rs7250658,1.43117796014871e-05,1.9374327305717e-06,TRUE
GATAD2A,COX,rs4808958,1.48568697478743e-05,4.58247351826117e-06,TRUE
GATAD2A,COX,rs4808959,1.19576339369216e-05,7.45370648977861e-06,TRUE
GATAD2A,COX,rs28720066,2.08665423184493e-05,5.78040044551352e-06,TRUE
GATAD2A,COX,rs9917108,1.22487242125086e-05,7.26747524249074e-06,TRUE
GATAD2A,COX,rs2163805,1.43117796014871e-05,1.84271749789988e-06,TRUE
GATAD2A,COX,rs2163804,1.43117796014871e-05,1.84271749789988e-06,TRUE
GATAD2A,COX,rs1808653,1.22487242125086e-05,7.26747524249074e-06,TRUE
GATAD2A,COX,rs2099334,1.22487242125086e-05,7.26747524249074e-06,TRUE
GATAD2A,COX,rs754256,1.50677990337953e-05,3.35200765316098e-06,TRUE
GATAD2A,COX,rs754255,1.41685979693828e-05,1.65055423979894e-06,TRUE
GATAD2A,COX,rs10405625,1.22487242125086e-05,7.26747524249074e-06,TRUE
GATAD2A,COX,rs11404084,1.41685979693828e-05,1.65055423979894e-06,TRUE
GATAD2A,COX,rs4808962,1.50677990337953e-05,3.35200765316098e-06,TRUE
GATAD2A,COX,rs6511036,1.41757603738462e-05,1.8112482266987e-06,TRUE
GATAD2A,COX,rs73002960,2.76419276119863e-05,5.66919421104793e-06,TRUE
GATAD2A,COX,rs56280531,1.50677990337953e-05,3.35196396172015e-06,TRUE
GATAD2A,COX,rs1465695,1.42049668562275e-05,1.67745285686787e-06,TRUE
GATAD2A,COX,rs10401193,1.42049668562275e-05,1.61685900232025e-06,TRUE
GATAD2A,COX,rs10404728,1.42049668562275e-05,1.67745285686787e-06,TRUE
GATAD2A,COX,rs10419912,1.22487242125086e-05,7.02942993628274e-06,TRUE
GATAD2A,COX,rs2315610,1.22487242125086e-05,7.02964666891479e-06,TRUE
GATAD2A,COX,rs751856,1.22487242125086e-05,7.26774610250324e-06,TRUE
GATAD2A,COX,rs4808964,1.23702621436562e-05,5.69208298469412e-06,TRUE
GATAD2A,COX,rs11671253,1.50677990337953e-05,3.35458595216847e-06,TRUE
GATAD2A,COX,rs2288852,1.22251261988097e-05,7.33248196821231e-06,TRUE
GATAD2A,COX,rs1865034,1.22487242125086e-05,7.26738495694153e-06,TRUE
GATAD2A,COX,rs2099333,1.43117796014871e-05,1.84084101367458e-06,TRUE
GATAD2A,COX,rs2082421,1.20681665118999e-05,5.69176380055867e-06,TRUE
GATAD2A,COX,rs113249403,1.44873350830253e-05,3.28860515174556e-06,TRUE
GATAD2A,COX,rs1047361,1.22487242125086e-05,7.27108712432385e-06,TRUE
GATAD2A,COX,rs6511038,1.22487242125086e-05,7.26828783767012e-06,TRUE
GATAD2A,COX,rs10402451,1.22487242125086e-05,7.51995847562633e-06,TRUE
GATAD2A,COX,rs3794990,1.22612902953227e-05,1.15290740416313e-05,TRUE
GATAD2A,COX,rs3794993,1.22487242125086e-05,7.26263807965294e-06,TRUE
GATAD2A,COX,rs892022,1.22291109306754e-05,5.6812990718957e-06,TRUE
GATAD2A,COX,rs892021,1.22487242125086e-05,7.2560357570166e-06,TRUE
GATAD2A,COX,rs57009615,2.07459159067599e-05,8.00213009637483e-06,TRUE
GATAD2A,COX,rs79370636,1.50677990337953e-05,3.35360422881805e-06,TRUE
GATAD2A,COX,rs78010159,1.50677990337953e-05,3.35648566914662e-06,TRUE
GATAD2A,COX,rs111762799,1.34499355361677e-05,3.4907792970753e-06,TRUE
GATAD2A,COX,rs3752151,1.22291109306754e-05,5.62615664253335e-06,TRUE
GATAD2A,COX,rs1063966,1.22072145331694e-05,7.19475536803751e-06,TRUE
GATAD2A,COX,rs1054284,1.22291109306754e-05,5.63576122574134e-06,TRUE
GATAD2A,COX,rs34667451,1.51884152415884e-05,3.35543312295541e-06,TRUE
GATAD2A,COX,rs6626,1.22487242125086e-05,7.25073666031117e-06,TRUE
GATAD2A,COX,rs10282,1.22487242125086e-05,6.81252795949047e-06,TRUE
GATAD2A,COX,rs6909,1.22487242125086e-05,6.796802014466e-06,TRUE
GATAD2A,COX,rs34918704,1.50677990337953e-05,3.35620642573267e-06,TRUE
GATAD2A,COX,rs56273306,2.76419276119863e-05,5.64232065924686e-06,TRUE
GATAD2A,COX,rs10402627,1.22487242125086e-05,7.16571878274384e-06,TRUE
GATAD2A,COX,rs113365218,3.21878014437172e-05,6.83971149042498e-06,TRUE
GATAD2A,COX,rs11670687,1.50677990337953e-05,3.35965399306905e-06,TRUE
GATAD2A,COX,rs11085264,1.50677990337953e-05,3.36630878273088e-06,TRUE
GATAD2A,COX,rs7250893,1.22487242125086e-05,7.13800682712473e-06,TRUE
GATAD2A,COX,rs80007081,1.50677990337953e-05,3.35477054217437e-06,TRUE
GATAD2A,COX,rs17684164,1.50677990337953e-05,3.35546981911624e-06,TRUE
GATAD2A,COX,rs77254326,1.50677990337953e-05,3.35446463142688e-06,TRUE
GATAD2A,COX,rs16996127,1.12022102986467e-05,3.74595567944604e-06,TRUE
GATAD2A,COX,rs56330647,1.50677990337953e-05,3.3675737123223e-06,TRUE
GATAD2A,COX,rs7252888,1.43117796014871e-05,1.71649096989791e-06,TRUE
GATAD2A,COX,rs7256028,1.12022102986467e-05,3.70565401290185e-06,TRUE
GATAD2A,COX,rs78883953,1.50677990337953e-05,3.4289332621857e-06,TRUE
GATAD2A,COX,rs138951922,1.50677990337953e-05,3.42553573940423e-06,TRUE
GATAD2A,COX,rs7250233,1.48601984768477e-05,3.4288567004028e-06,TRUE
GATAD2A,COX,rs4808965,1.22487242125086e-05,7.04379940205728e-06,TRUE
GATAD2A,COX,rs148001625,1.50677990337953e-05,3.28807440579424e-06,TRUE
GATAD2A,COX,rs76095338,1.50677990337953e-05,3.43249950512708e-06,TRUE
GATAD2A,COX,rs112361177,1.20183793163405e-05,6.61439450844351e-06,TRUE
GATAD2A,COX,rs142175758,1.41076533075808e-05,3.43537670611106e-06,TRUE
GATAD2A,COX,rs78176666,1.50677990337953e-05,3.48582093346322e-06,TRUE
GATAD2A,COX,rs111406321,1.50677990337953e-05,3.4382009513427e-06,TRUE
GATAD2A,COX,rs75453386,1.50677990337953e-05,3.44342757706275e-06,TRUE
GATAD2A,COX,rs75525243,1.50677990337953e-05,3.44280724159535e-06,TRUE
GATAD2A,COX,rs45631651,1.50677990337953e-05,3.44356051336176e-06,TRUE
GATAD2A,COX,rs74950305,1.50677990337953e-05,3.44311335484452e-06,TRUE
GATAD2A,COX,rs4808967,1.24086474309841e-05,6.63889428292913e-06,TRUE
GATAD2A,COX,rs55927782,1.52732443153115e-05,3.72484536711486e-06,TRUE
GATAD2A,COX,rs56397647,1.99237726229941e-05,5.09774626362724e-06,TRUE
GATAD2A,COX,rs10422819,1.20845715091563e-05,6.74020994277753e-06,TRUE
GATAD2A,COX,rs8101219,1.50677990337953e-05,3.77297371443969e-06,TRUE
GATAD2A,COX,rs4808205,1.50677990337953e-05,3.71872161427783e-06,TRUE
GATAD2A,COX,rs4808206,1.50677990337953e-05,3.49539622945821e-06,TRUE
GATAD2A,COX,rs2304098,1.20845715091563e-05,6.39130848773388e-06,TRUE
GATAD2A,COX,rs4808969,1.50677990337953e-05,3.53332956446155e-06,TRUE
GATAD2A,COX,rs11669730,1.50677990337953e-05,3.59057607967468e-06,TRUE
GATAD2A,COX,rs11670775,1.52544323247545e-05,3.54155213559777e-06,TRUE
GATAD2A,COX,rs4808208,1.20845715091563e-05,6.38237974054799e-06,TRUE
GATAD2A,COX,rs4808970,1.50677990337953e-05,3.52801695073269e-06,TRUE
GATAD2A,COX,rs12981405,1.53754959213877e-05,4.51259688371563e-07,TRUE
GATAD2A,COX,rs76790018,1.50677990337953e-05,3.47928948909413e-06,TRUE
GATAD2A,COX,rs8102502,1.1394635102821e-05,7.31998876265345e-06,TRUE
GATAD2A,COX,rs77616520,1.50677990337953e-05,3.53107177293294e-06,TRUE
GATAD2A,COX,rs77427798,1.39110096563054e-05,3.53161016727577e-06,TRUE
GATAD2A,COX,rs34067609,1.50677990337953e-05,3.82052746928915e-06,TRUE
GATAD2A,COX,rs10664406,1.1394635102821e-05,7.72385446203235e-06,TRUE
GATAD2A,COX,rs45556231,1.50677990337953e-05,3.82342752706102e-06,TRUE
GATAD2A,COX,rs11669558,1.45325746153058e-05,5.68383058575265e-06,TRUE
GATAD2A,COX,rs61744761,1.47585375581412e-05,4.94151368487836e-06,TRUE
GATAD2A,COX,rs1036215,1.41937572126693e-05,4.7911420976063e-06,TRUE
GATAD2A,COX,rs10402308,1.06772732822365e-05,3.18442231397773e-06,TRUE
GATAD2A,COX,rs7245983,1.18426618366798e-05,6.03260278380356e-06,TRUE
GATAD2A,COX,rs8109130,4.35079915958172e-06,1.98860248171045e-06,TRUE
GATAD2A,COX,rs8113107,3.61004688740201e-06,4.66933328946816e-07,TRUE
GATAD2A,COX,rs7249692,7.7592013166004e-06,8.73284173142417e-06,FALSE
GATAD2A,COX,rs6511040,4.42154793185866e-06,1.64221675145915e-06,TRUE
GATAD2A,COX,rs55955356,4.60629687380616e-06,1.62886952614809e-06,TRUE
GATAD2A,COX,rs8108705,7.77126102447753e-06,9.11222284854809e-06,FALSE
GATAD2A,COX,rs2872970,4.30138157488562e-06,1.63740275010114e-06,TRUE
GATAD2A,COX,rs8113221,4.30138157488562e-06,1.60275531104501e-06,TRUE
GATAD2A,COX,rs6511041,4.39617668893876e-06,1.56223712265066e-06,TRUE
GATAD2A,COX,rs62137778,3.63418601840604e-06,5.8218238408834e-07,TRUE
GATAD2A,COX,rs34623015,4.43403068945154e-06,1.35048965012317e-06,TRUE
GATAD2A,COX,rs72374527,4.4715446966606e-06,1.57360589616063e-06,TRUE
GATAD2A,COX,rs7252981,7.72002239852633e-06,9.09210202802629e-06,FALSE
GATAD2A,COX,rs7245672,6.70522947751156e-06,1.16352758553921e-05,FALSE
GATAD2A,COX,rs8099944,3.95482571946288e-06,2.12321131517363e-06,TRUE
GATAD2A,COX,rs10416924,4.14439793841305e-06,1.54205567064215e-06,TRUE
GATAD2A,COX,rs8110266,3.75542023773548e-06,2.0112313331341e-06,TRUE
GATAD2A,COX,rs6511046,4.2016202334804e-06,1.31522508096825e-06,TRUE
GATAD2A,COX,rs1054685,4.51896577259709e-06,6.64775802202648e-07,TRUE
GATAD2A,COX,rs45458192,4.75851793070867e-06,3.08887249521207e-06,TRUE
GATAD2A,COX,rs7248885,4.90541196906856e-06,1.4297191832083e-06,TRUE
BCL6,COX,rs115132457,0.00166116099595548,2.51469697315169e-08,TRUE
BCL6,COX,rs115774657,0.00166116099595548,2.51671207402054e-07,TRUE
ZNF853,COX,rs147888555,0.000343946002095497,2.85419392267831e-06,TRUE
ZNF853,COX,rs117903679,0.000343946002095497,2.87165837984421e-06,TRUE
ZNF853,COX,rs116982470,0.000387828340501623,1.51937520323529e-08,TRUE
ZNF853,COX,rs147028751,0.000387828340501623,1.64820060206142e-08,TRUE
PKNOX2,COX,rs7116245,0.000475203444011909,2.01635193577039e-06,TRUE
PKNOX2,COX,rs7116152,0.000469821333870086,2.06373483864247e-06,TRUE
PKNOX2,COX,rs7119150,0.000469821333870086,1.98860179389928e-06,TRUE
PKNOX2,COX,rs7119549,0.000469821333870086,2.01106656655369e-06,TRUE
PKNOX2,COX,rs7119377,0.000469821333870086,1.97981588136222e-06,TRUE
PKNOX2,COX,rs12146425,0.000469821333870086,1.97636908197972e-06,TRUE
PKNOX2,COX,rs12146636,0.000469821333870086,1.97524577493387e-06,TRUE
PKNOX2,COX,rs12146637,0.000469821333870086,1.97696830963534e-06,TRUE
PKNOX2,COX,rs12146563,0.000469821333870086,1.9769308552459e-06,TRUE
PKNOX2,COX,rs12146642,0.000469821333870086,2.51770389787489e-06,TRUE
ATF6,COX,rs12026445,6.63809203970321e-05,2.11654624126539e-06,TRUE
ATF6,COX,rs12025039,7.0915091876903e-05,1.4860478401184e-06,TRUE
ATF6,COX,rs35194821,4.86276577329347e-05,2.04260752938627e-06,TRUE
ATF6,COX,rs2271010,4.86276577329347e-05,2.02184862366313e-06,TRUE
ATF6,COX,rs16864153,4.86276577329347e-05,1.9490395426692e-06,TRUE
ATF6,COX,rs56371448,6.59115752809022e-05,1.40414848273842e-06,TRUE
ATF6,COX,rs4657099,6.59115752809022e-05,1.40551596348941e-06,TRUE
ATF6,COX,rs4657100,4.22838535137218e-05,1.90780511834464e-06,TRUE
ATF6,COX,rs6658423,4.51739582793273e-05,1.78280763118266e-06,TRUE
ATF6,COX,rs2089085,5.00803805948505e-05,1.77445198142819e-06,TRUE
ATF6,COX,rs12037266,5.00803805948505e-05,1.74182588704168e-06,TRUE
ATF6,COX,rs2340824,5.00803805948505e-05,1.74182588704168e-06,TRUE
ATF6,COX,rs6680543,5.00803805948505e-05,1.7501053776069e-06,TRUE
ATF6,COX,rs6669438,5.00803805948505e-05,1.7501053776069e-06,TRUE
ATF6,COX,rs2134692,4.51739582793273e-05,1.7501053776069e-06,TRUE
ATF6,COX,rs2271013,6.22934416158918e-05,1.36843384764299e-06,TRUE
ATF6,COX,rs12040648,6.22934416158918e-05,1.24687764775715e-06,TRUE
ATF6,COX,rs16845827,4.21815707351382e-05,1.42062832434656e-06,TRUE
ATF6,COX,rs60035080,6.22934416158918e-05,1.22574068217223e-06,TRUE
ATF6,COX,rs12045333,4.51739582793273e-05,1.7501053776069e-06,TRUE
ATF6,COX,rs12045480,4.51739582793273e-05,1.7501053776069e-06,TRUE
ATF6,COX,rs10664443,4.51739582793273e-05,1.7501053776069e-06,TRUE
ATF6,COX,rs10917955,6.22934416158918e-05,1.23485165079434e-06,TRUE
ATF6,COX,rs16846931,4.51739582793273e-05,1.7501053776069e-06,TRUE
ATF6,COX,rs3738326,4.4819907920367e-05,9.6484437367637e-07,TRUE
ATF6,COX,rs16847602,4.51739582793273e-05,1.7501053776069e-06,TRUE
ATF6,COX,rs77472058,6.95276487555959e-05,1.22574068217223e-06,TRUE
ATF6,COX,rs4657109,4.50435033408515e-05,1.68494687093976e-06,TRUE
ATF6,COX,rs10918004,6.22934416158918e-05,1.16954523592871e-06,TRUE
ATF6,COX,rs16849738,5.02426692984808e-05,1.68487240842312e-06,TRUE
ATF6,COX,rs56310275,6.22934416158918e-05,1.16952520031534e-06,TRUE
ATF6,COX,rs10494358,7.11542649170688e-05,1.16952520031534e-06,TRUE
ATF6,COX,rs113097465,4.50756075720566e-05,1.68484758794987e-06,TRUE
ATF6,COX,rs12405269,4.50435033408515e-05,1.68482276765945e-06,TRUE
ATF6,COX,rs12405533,4.46285225801091e-05,1.68482276765945e-06,TRUE
ATF6,COX,rs16849963,4.51739582793273e-05,1.68482276765945e-06,TRUE
ATF6,COX,rs12405111,4.50435033408515e-05,1.68482276765945e-06,TRUE
ATF6,COX,rs12405964,4.50435033408515e-05,1.68469866894965e-06,TRUE
ATF6,COX,rs12405965,4.50435033408515e-05,1.68469866894965e-06,TRUE
ATF6,COX,rs6695284,6.22934416158918e-05,1.16940499023909e-06,TRUE
ATF6,COX,rs2089083,4.46285225801091e-05,1.68464903074547e-06,TRUE
ATF6,COX,rs12403862,6.22934416158918e-05,1.14275980330238e-06,TRUE
ATF6,COX,rs4657110,4.46285225801091e-05,1.71050959739876e-06,TRUE
ATF6,COX,rs12029110,4.51739582793273e-05,1.67467367455793e-06,TRUE
ATF6,COX,rs76771026,4.46285225801091e-05,1.67346138649089e-06,TRUE
ATF6,COX,rs75466595,4.34989005784992e-05,1.75148608776836e-06,TRUE
ATF6,COX,rs16851622,4.46285225801091e-05,1.6663015500957e-06,TRUE
ATF6,COX,rs12032355,6.22934416158918e-05,1.18768725074816e-06,TRUE
ATF6,COX,rs12032366,4.46285225801091e-05,1.66548711121987e-06,TRUE
ATF6,COX,rs12033716,4.50435033408515e-05,1.66548711121987e-06,TRUE
ATF6,COX,rs12029558,4.46285225801091e-05,1.66546243436178e-06,TRUE
ATF6,COX,rs12035541,4.42717222409223e-05,1.66383416592926e-06,TRUE
ATF6,COX,rs12030544,4.46285225801091e-05,1.66336556960888e-06,TRUE
ATF6,COX,rs12031400,6.22934416158918e-05,1.19110189564651e-06,TRUE
ATF6,COX,rs76179126,4.46285225801091e-05,1.66163377031052e-06,TRUE
ATF6,COX,rs12029924,4.46285225801091e-05,1.6609683267746e-06,TRUE
ATF6,COX,rs4657114,4.46285225801091e-05,1.67361088245521e-06,TRUE
ATF6,COX,rs2340715,4.46285225801091e-05,1.69363168898671e-06,TRUE
ATF6,COX,rs7534981,4.46285225801091e-05,1.65860338465972e-06,TRUE
ATF6,COX,rs7513303,4.46285225801091e-05,1.64727574545839e-06,TRUE
ATF6,COX,rs1354370,4.51739582793273e-05,1.46156441008465e-06,TRUE
ATF6,COX,rs78192567,4.46285225801091e-05,1.46056362648109e-06,TRUE
ATF6,COX,rs7554111,4.46285225801091e-05,1.46004846032323e-06,TRUE
ATF6,COX,rs1006311,4.50435033408515e-05,1.46009468223927e-06,TRUE
ATF6,COX,rs10645413,4.46285225801091e-05,1.46009468223927e-06,TRUE
ATF6,COX,rs6672690,4.46285225801091e-05,1.46009468223927e-06,TRUE
ATF6,COX,rs1394068,6.92300081987183e-05,2.03779784675904e-06,TRUE
ATF6,COX,rs1394069,6.22934416158918e-05,1.06862574515505e-06,TRUE
ATF6,COX,rs55876359,4.46285225801091e-05,1.46011779347165e-06,TRUE
ATF6,COX,rs55832042,4.50435033408515e-05,1.46011779347165e-06,TRUE
ATF6,COX,rs6682575,4.50435033408515e-05,1.46011779347165e-06,TRUE
ATF6,COX,rs905596,4.46285225801091e-05,1.46009468223927e-06,TRUE
ATF6,COX,rs2340716,4.50435033408515e-05,1.3903229466263e-06,TRUE
ATF6,COX,rs16853714,4.46285225801091e-05,1.46009468223927e-06,TRUE
ATF6,COX,rs12407444,4.50435033408515e-05,1.46009468223927e-06,TRUE
ATF6,COX,rs76508876,4.46285225801091e-05,1.46009468223927e-06,TRUE
ATF6,COX,rs3817084,4.50435033408515e-05,1.46009468223927e-06,TRUE
ATF6,COX,rs12042546,4.50435033408515e-05,1.46009468223927e-06,TRUE
ATF6,COX,rs12044770,6.22934416158918e-05,1.06860658825434e-06,TRUE
ATF6,COX,rs12036441,6.22934416158918e-05,1.06860658825434e-06,TRUE
ATF6,COX,rs10918079,4.50435033408515e-05,1.48410160163014e-06,TRUE
ATF6,COX,rs12038469,4.50435033408515e-05,1.46009468223927e-06,TRUE
ATF6,COX,rs140091486,4.50435033408515e-05,1.46009468223927e-06,TRUE
ATF6,COX,rs75959317,4.46285225801091e-05,1.46009468223927e-06,TRUE
ATF6,COX,rs12409482,4.46285225801091e-05,1.46009468223927e-06,TRUE
ATF6,COX,rs12408365,4.46285225801091e-05,1.46009468223927e-06,TRUE
ATF6,COX,rs955852,6.22934416158918e-05,1.06860658825434e-06,TRUE
ATF6,COX,rs4657115,4.46285225801091e-05,1.52888996907527e-06,TRUE
ATF6,COX,rs77487627,4.46285225801091e-05,1.46009468223927e-06,TRUE
ATF6,COX,rs34527534,4.46285225801091e-05,1.46009468223927e-06,TRUE
ATF6,COX,rs12401299,4.14198629755135e-05,1.39909414446266e-06,TRUE
ATF6,COX,rs111567043,4.18333064157736e-05,1.39909414446266e-06,TRUE
ATF6,COX,rs112602134,4.14198629755135e-05,1.39909414446266e-06,TRUE
ATF6,COX,rs9729115,4.17123195146991e-05,1.39909414446266e-06,TRUE
ATF6,COX,rs9729669,4.18333064157736e-05,1.42226918196929e-06,TRUE
ATF6,COX,rs6670606,3.98467323060493e-05,1.39775989799783e-06,TRUE
ATF6,COX,rs12401450,4.08226152515467e-05,1.39909414446266e-06,TRUE
ATF6,COX,rs12401782,4.11857295901152e-05,1.39909414446266e-06,TRUE
ATF6,COX,rs7552420,4.33683629043237e-05,1.46009468223927e-06,TRUE
ATF6,COX,rs12022688,4.24528401287798e-05,1.46009468223927e-06,TRUE
ATF6,COX,rs10918103,4.30439385320029e-05,1.34020383349239e-06,TRUE
ATF6,COX,rs10918104,4.24528401287798e-05,1.44809878061596e-06,TRUE
ATF6,COX,rs16858058,4.27011318852571e-05,1.46009468223927e-06,TRUE
ATF6,COX,rs16858113,3.93626721899335e-05,1.39909414446266e-06,TRUE
ATF6,COX,rs12021822,3.97964247599396e-05,1.39909414446266e-06,TRUE
ATF6,COX,rs12023770,4.51739582793273e-05,1.46009468223927e-06,TRUE
ATF6,COX,rs12021568,4.46285225801091e-05,1.46009468223927e-06,TRUE
ATF6,COX,rs12022305,4.50435033408515e-05,1.46009468223927e-06,TRUE
ATF6,COX,rs12025560,7.11542649170688e-05,1.06860658825434e-06,TRUE
ATF6,COX,rs61174548,4.46285225801091e-05,1.46009468223927e-06,TRUE
ATF6,COX,rs957862,4.51739582793273e-05,1.53957584617102e-06,TRUE
ATF6,COX,rs1503816,4.46285225801091e-05,1.46009468223927e-06,TRUE
ATF6,COX,rs55828249,4.51739582793273e-05,1.46009468223927e-06,TRUE
ATF6,COX,rs12026254,4.51739582793273e-05,1.46009468223927e-06,TRUE
ATF6,COX,rs12028619,4.51739582793273e-05,1.46009468223927e-06,TRUE
ATF6,COX,rs7532457,6.22934416158918e-05,9.16973000898753e-07,TRUE
ATF6,COX,rs7542826,4.46285225801091e-05,1.28646615885524e-06,TRUE
ATF6,COX,rs10918124,4.50435033408515e-05,1.28646615885524e-06,TRUE
ATF6,COX,rs3820489,6.22934416158918e-05,9.16919610703173e-07,TRUE
ATF6,COX,rs4147177,4.46285225801091e-05,1.2862051553553e-06,TRUE
ATF6,COX,rs12030395,5.00998743339806e-05,1.2862051553553e-06,TRUE
ATF6,COX,rs7513427,4.46285225801091e-05,1.2862051553553e-06,TRUE
ATF6,COX,rs7523416,6.22934416158918e-05,9.16759449442512e-07,TRUE
ATF6,COX,rs12032568,4.50435033408515e-05,1.2862051553553e-06,TRUE
ATF6,COX,rs78671576,4.51739582793273e-05,1.2862051553553e-06,TRUE
ATF6,COX,rs2341469,4.35065620894472e-05,1.3537630246641e-06,TRUE
ATF6,COX,rs6687850,6.22934416158918e-05,9.16759449442512e-07,TRUE
ATF6,COX,rs6427634,6.22934416158918e-05,9.16759449442512e-07,TRUE
ATF6,COX,rs6427635,4.30303898813692e-05,1.2862051553553e-06,TRUE
ATF6,COX,rs6427636,4.50435033408515e-05,1.13165602319815e-06,TRUE
ATF6,COX,rs6427637,4.46285225801091e-05,1.20460690157625e-06,TRUE
ATF6,COX,rs71744277,4.39770397537593e-05,1.2862051553553e-06,TRUE
ATF6,COX,rs4657117,6.84684058734245e-05,9.16723859951011e-07,TRUE
ATF6,COX,rs12036425,4.36716948878382e-05,1.2862051553553e-06,TRUE
ATF6,COX,rs4625257,4.36716948878382e-05,1.2862051553553e-06,TRUE
ATF6,COX,rs12033967,4.39770397537593e-05,1.28631390359564e-06,TRUE
ATF6,COX,rs2341473,4.36716948878382e-05,1.45981736171744e-06,TRUE
ATF6,COX,rs4278352,4.37228490622605e-05,1.28627040374785e-06,TRUE
ATF6,COX,rs4657118,6.00470419155298e-05,9.16261259426195e-07,TRUE
ATF6,COX,rs7412625,4.41435553168995e-05,1.28585719187876e-06,TRUE
ATF6,COX,rs4233379,4.41435553168995e-05,1.28585719187876e-06,TRUE
ATF6,COX,rs4657120,6.00470419155298e-05,9.16261259426195e-07,TRUE
ATF6,COX,rs74530405,6.00470419155298e-05,9.16261259426195e-07,TRUE
ATF6,COX,rs7530408,4.39770397537593e-05,1.286451648807e-06,TRUE
ATF6,COX,rs55741033,4.35111465783242e-05,1.286451648807e-06,TRUE
ATF6,COX,rs2341476,4.36716948878382e-05,1.286451648807e-06,TRUE
ATF6,COX,rs2341477,6.84684058734245e-05,9.20034351125535e-07,TRUE
ATF6,COX,rs7519012,4.41435553168995e-05,1.28394426411213e-06,TRUE
ATF6,COX,rs12040523,6.00470419155298e-05,9.0119016964677e-07,TRUE
ATF6,COX,rs56085642,5.85671649533163e-05,8.8691113098633e-07,TRUE
ATF6,COX,rs10753679,1.34550549721073e-05,1.99438533728931e-07,TRUE
ATF6,COX,rs5778241,1.33443110874113e-05,1.61921251375046e-07,TRUE
ATF6,COX,rs2341480,1.26579047790073e-05,3.11714358204684e-07,TRUE
ATF6,COX,rs201657381,1.33443110874113e-05,1.97172314551579e-07,TRUE
ATF6,COX,rs10800109,1.15189554297909e-05,3.1217256452021e-07,TRUE
ATF6,COX,rs12043145,4.62973758956547e-05,4.86257422458991e-06,TRUE
ATF6,COX,rs10918214,1.36138081541245e-05,2.01877562370327e-07,TRUE
ATF6,COX,rs10918215,1.33876887112205e-05,2.02098955249e-07,TRUE
ATF6,COX,rs34703467,1.33576360262392e-05,1.52527696448118e-07,TRUE
ATF6,COX,rs7516104,1.15189554297909e-05,2.99139026505844e-07,TRUE
ATF6,COX,rs7514053,1.35702975060838e-05,1.39343216658695e-07,TRUE
ATF6,COX,rs12410839,4.62973758956547e-05,4.85938203498226e-06,TRUE
ATF6,COX,rs4570397,1.36138081541245e-05,2.14960065214371e-07,TRUE
ATF6,COX,rs2341481,1.33876887112205e-05,2.02077383918374e-07,TRUE
ATF6,COX,rs7511775,4.90436854440685e-05,4.79039597862315e-06,TRUE
ATF6,COX,rs16827987,1.1577288766954e-05,2.99828621011291e-07,TRUE
ATF6,COX,rs10918224,1.36138081541245e-05,1.91609493229106e-07,TRUE
ATF6,COX,rs10918225,1.36138081541245e-05,1.91609493229106e-07,TRUE
ATF6,COX,rs10753685,1.33876887112205e-05,1.91609493229106e-07,TRUE
ATF6,COX,rs10753686,1.36138081541245e-05,1.91609493229106e-07,TRUE
ATF6,COX,rs10918227,1.36138081541245e-05,2.03181282100558e-07,TRUE
ATF6,COX,rs12142836,1.33876887112205e-05,1.91609493229106e-07,TRUE
ATF6,COX,rs10737517,1.1577288766954e-05,3.15001656451248e-07,TRUE
ATF6,COX,rs4657125,1.36138081541245e-05,1.91626788752741e-07,TRUE
ATF6,COX,rs4657126,1.36138081541245e-05,1.91626788752741e-07,TRUE
ATF6,COX,rs4656337,4.62973758956547e-05,4.99621479546564e-06,TRUE
ATF6,COX,rs10159039,1.36138081541245e-05,2.03890469691636e-07,TRUE
ATF6,COX,rs4657127,1.1577288766954e-05,2.81069450100739e-07,TRUE
ATF6,COX,rs12048680,4.97754378872028e-05,4.84914006836514e-06,TRUE
ATF6,COX,rs10800137,1.31978031386946e-05,2.03890469691636e-07,TRUE
ATF6,COX,rs10733046,1.33876887112205e-05,1.76732608308202e-07,TRUE
ATF6,COX,rs10800151,7.68628577863988e-06,3.18807254227229e-06,TRUE
ATF6,COX,rs10918270,7.68628577863988e-06,4.06071735376917e-06,TRUE
ATF6,COX,rs12562272,1.36138081541245e-05,1.53311871583966e-07,TRUE
ATF6,COX,rs12096504,1.33876887112205e-05,1.91626788752741e-07,TRUE
ATF6,COX,rs10918279,1.1577288766954e-05,2.99935925934941e-07,TRUE
ATF6,COX,rs10800157,1.33811197368223e-05,1.54485031954637e-07,TRUE
ATF6,COX,rs57269872,6.5286884072712e-05,1.03297035034348e-06,TRUE
ATF6,COX,rs2341470,1.30437766286079e-05,1.56496676037384e-07,TRUE
ATF6,COX,rs2341471,7.91884789121606e-06,3.0302209235267e-06,TRUE
ATF6,COX,rs9283413,1.37738180687621e-05,2.16117861835955e-07,TRUE
ATF6,COX,rs9287066,1.35544473670028e-05,2.16112211660068e-07,TRUE
ATF6,COX,rs7514226,1.32839082085287e-05,2.10664654975431e-07,TRUE
ATF6,COX,rs6695574,1.37738180687621e-05,1.75330525492778e-07,TRUE
ATF6,COX,rs9482,1.35544473670028e-05,1.83633669160759e-07,TRUE
ATF6,COX,rs13401,1.35544473670028e-05,1.74342937258548e-07,TRUE
ATF6,COX,rs1136046,4.90436854440685e-05,5.10892742660474e-06,TRUE
ATF6,COX,rs2499854,7.78894184063111e-06,9.31132698762588e-08,TRUE
ATF6,COX,rs2490442,1.37565566095379e-05,1.33119762151777e-06,TRUE
ATF6,COX,rs2499852,1.3586533441965e-05,1.32668698640968e-06,TRUE
ATF6,COX,rs2499850,1.3586533441965e-05,1.32246610823442e-06,TRUE
ATF6,COX,rs3795649,7.74803863693418e-06,3.52481301441223e-06,TRUE
ATF6,COX,rs2499848,1.37565566095379e-05,1.32265948369857e-06,TRUE
ATF6,COX,rs10737521,7.74803863693418e-06,4.32894655223146e-06,TRUE
ATF6,COX,rs2499847,1.3586533441965e-05,1.28984445635138e-06,TRUE
ATF6,COX,rs2499846,1.37565566095379e-05,1.2337765508515e-06,TRUE
ATF6,COX,rs12404636,5.44929632460308e-05,4.04485418520984e-07,TRUE
ATF6,COX,rs9783050,6.76015990915972e-06,8.6044725115948e-06,FALSE
ATF6,COX,rs9783069,6.88820532301189e-06,8.61812027439346e-06,FALSE
ATF6,COX,rs12404798,4.1573810429393e-05,1.04200940002772e-07,TRUE
